NEB log file generated by ORCA
All quantities are given in atomic units. Unless stated otherwise. 
iteration       : 0
climbing        : no
zoom on         : no
nim             : 10
barrier         :   0.21008858 (image:  4) 
distance        :   0.00000000    5.11327586   10.22704493   15.34399050   20.46281569   25.58214639   30.69951867   35.81540790   40.93070869   46.04569174 
energy          : -2537.14379937  -2537.09780949  -2537.01195242  -2536.95015307  -2536.93371079  -2536.96004145  -2537.01678777  -2537.08221845  -2537.14260229  -2537.17942821 
max(|Fr_perp|)   :   0.00000000    0.02939741    0.04301198    0.05408756    0.05914525    0.05257381    0.05801091    0.05715419    0.03249226    0.00000000 
Fr_paral         :   0.00000000   -0.01316694   -0.01184837   -0.00559565    0.00013985    0.00652995    0.00942533    0.00941639    0.00792256    0.00000000 
max(|Fsp_paral|) :   0.00000000    0.03314399    0.04530351    0.00722168    0.00000871    0.01262229    0.03582606    0.03205150    0.03108147    0.00000000 
max(|Fsp_perp|)  :   0.00000000    0.00000000    0.00000000    0.00000000    0.00000000    0.00000000    0.00000000    0.00000000    0.00000000    0.00000000 
max(|FNEB|)      :   0.00000000    0.03800619    0.03962469    0.05259870    0.05920762    0.05517640    0.05159098    0.04191519    0.03747070    0.00000000 
max(|Force|)     :   0.00009241    0.03172050    0.04386663    0.05445461    0.05920309    0.05268705    0.05850644    0.05816245    0.03252488    0.00035406 
ksp              :   0.02970196    0.06647906    0.09295168    0.10000000    0.10000000    0.08872609    0.06441763    0.03638703    0.01051639 
max(|step|)      :   0.00000000    0.06419139    0.06692499    0.08883773    0.10000000    0.09319139    0.08713572    0.07079358    0.06328695    0.00000000 
angle (deg.)     :    14.4126  23.7998  18.9547  16.1747  13.1807  12.7011  13.0052  12.1655 
>
iteration       : 1
climbing        : no
zoom on         : no
nim             : 10
barrier         :   0.18756426 (image:  4) 
distance        :   0.00000000    5.41846819   10.41289708   15.35404596   20.41024752   25.42872302   30.42225796   35.49183099   40.60762505   45.93426521 
energy          : -2537.14379937  -2537.10340045  -2537.02300653  -2536.96570497  -2536.95623511  -2536.98669264  -2537.04102380  -2537.09989823  -2537.14801423  -2537.17942821 
max(|Fr_perp|)   :   0.00000000    0.02930353    0.03463854    0.02520845    0.03200514    0.04371751    0.05568631    0.05149750    0.02393525    0.00000000 
Fr_paral         :   0.00000000   -0.01315404   -0.01303015   -0.00476809    0.00088449    0.00745043    0.01044672    0.00857579    0.00675395    0.00000000 
max(|Fsp_paral|) :   0.00000000    0.03298933    0.04539482    0.00676978    0.00073112    0.01641389    0.03561043    0.03156684    0.02482440    0.00000000 
max(|Fsp_perp|)  :   0.00000000    0.00000000    0.00000000    0.00000000    0.00000000    0.00000000    0.00000000    0.00000000    0.00000000    0.00000000 
max(|FNEB|)      :   0.00000000    0.03353151    0.03897564    0.02728668    0.03217747    0.04042289    0.04866736    0.03674287    0.02839524    0.00000000 
max(|Force|)     :   0.00009241    0.03080492    0.03752142    0.02491664    0.03196473    0.04404274    0.05626978    0.05238996    0.02514995    0.00035406 
ksp              :   0.02938484    0.06796070    0.09545603    0.10000000    0.10000000    0.08538540    0.05931537    0.03106533    0.01000000 
max(|step|)      :   0.00000000    0.06719600    0.07725223    0.06804632    0.06620181    0.08305635    0.10000000    0.07827950    0.06569553    0.00063329 
angle (deg.)     :    14.1738  22.2201  18.6895  16.1328  12.6700  12.0413  12.5760  12.1196 
>
iteration       : 2
climbing        : no
zoom on         : no
nim             : 10
barrier         :   0.17974920 (image:  4) 
distance        :   0.00000000    5.77809997   10.64213437   15.37986202   20.36197269   25.24726263   30.11429929   35.13577766   40.28358661   45.83759362 
energy          : -2537.14379937  -2537.10698084  -2537.02885244  -2536.97069886  -2536.96405017  -2537.00027073  -2537.05782960  -2537.11307630  -2537.15115721  -2537.17942821 
max(|Fr_perp|)   :   0.00000000    0.02707285    0.03337103    0.02443955    0.03966696    0.04516054    0.05410487    0.04347975    0.01768562    0.00000000 
Fr_paral         :   0.00000000   -0.01333308   -0.01515682   -0.00474642    0.00155095    0.00890322    0.01160885    0.00782609    0.00593430    0.00000000 
max(|Fsp_paral|) :   0.00000000    0.03135517    0.04593993    0.00802860    0.00189575    0.01953532    0.03676654    0.03007534    0.01764939    0.00000000 
max(|Fsp_perp|)  :   0.00000000    0.00000000    0.00000000    0.00000000    0.00000000    0.00000000    0.00000000    0.00000000    0.00000000    0.00000000 
max(|FNEB|)      :   0.00000000    0.03144058    0.03778481    0.02696445    0.03938914    0.04102843    0.04606975    0.03412454    0.01861449    0.00000000 
max(|Force|)     :   0.00009241    0.02856583    0.03874883    0.02480677    0.03999013    0.04569568    0.05480444    0.04427201    0.01867070    0.00035406 
ksp              :   0.02843347    0.06754507    0.09665755    0.10000000    0.10000000    0.08186833    0.05305161    0.02538707    0.01000000 
max(|step|)      :   0.00000000    0.06824561    0.08201654    0.05852963    0.08549892    0.08905720    0.10000000    0.07407147    0.04040501    0.00000000 
angle (deg.)     :    14.2757  20.8072  18.4613  16.0594  12.0951  11.5717  12.4089  12.4142 
>
iteration       : 3
climbing        : no
zoom on         : no
nim             : 10
barrier         :   0.16871574 (image:  4) 
distance        :   0.00000000    6.12994043   10.89628852   15.43428097   20.30857063   25.01481750   29.78161052   34.78642692   40.05395384   45.76541141 
energy          : -2537.14379937  -2537.10911431  -2537.03328155  -2536.97605295  -2536.97508363  -2537.01841343  -2537.07723937  -2537.12225481  -2537.15275242  -2537.17942821 
max(|Fr_perp|)   :   0.00000000    0.02609530    0.03550963    0.02414005    0.03455462    0.05356812    0.05880602    0.03624057    0.01351468    0.00000000 
Fr_paral         :   0.00000000   -0.01330641   -0.01725423   -0.00447530    0.00346844    0.01110430    0.01083513    0.00583438    0.00534406    0.00000000 
max(|Fsp_paral|) :   0.00000000    0.03046929    0.04523654    0.00750020    0.00346905    0.02258230    0.03816018    0.02526588    0.01315439    0.00000000 
max(|Fsp_perp|)  :   0.00000000    0.00000000    0.00000000    0.00000000    0.00000000    0.00000000    0.00000000    0.00000000    0.00000000    0.00000000 
max(|FNEB|)      :   0.00000000    0.03170616    0.03638494    0.02251589    0.03427388    0.04761467    0.04978432    0.02715532    0.01393468    0.00000000 
max(|Force|)     :   0.00009241    0.02872896    0.04186618    0.02451495    0.03484106    0.05420302    0.05951053    0.03678937    0.01432296    0.00035406 
ksp              :   0.02850245    0.06895481    0.09948293    0.10000000    0.10000000    0.07688608    0.04550587    0.02149276    0.01000000 
max(|step|)      :   0.00000000    0.06122152    0.07701617    0.04457850    0.06400916    0.08963444    0.10000000    0.06418936    0.03617365    0.00170808 
angle (deg.)     :    14.6223  19.6510  18.2979  16.0013  11.5992  11.1975  12.3912  12.7319 
>
iteration       : 4
climbing        : no
zoom on         : no
nim             : 10
barrier         :   0.16606173 (image:  3) 
distance        :   0.00000000    6.46677255   11.14601077   15.49594069   20.26496080   24.79312131   29.46947261   34.48131852   39.86611705   45.71723483 
energy          : -2537.14379937  -2537.10959456  -2537.03536308  -2536.97773763  -2536.97957987  -2537.02923232  -2537.08975787  -2537.12674609  -2537.15361308  -2537.17942821 
max(|Fr_perp|)   :   0.00000000    0.02376604    0.03534571    0.02947020    0.04235905    0.05869241    0.05428530    0.02435467    0.01245034    0.00000000 
Fr_paral         :   0.00000000   -0.01316762   -0.01898267   -0.00442661    0.00467298    0.01295602    0.01022723    0.00448082    0.00518647    0.00000000 
max(|Fsp_paral|) :   0.00000000    0.02805086    0.04329138    0.00935789    0.00623405    0.02405665    0.03801182    0.02057321    0.01056101    0.00000000 
max(|Fsp_perp|)  :   0.00000000    0.00000000    0.00000000    0.00000000    0.00000000    0.00000000    0.00000000    0.00000000    0.00000000    0.00000000 
max(|FNEB|)      :   0.00000000    0.03178099    0.03407411    0.02690573    0.04426873    0.05146768    0.04469278    0.02443115    0.01253050    0.00000000 
max(|Force|)     :   0.00009241    0.02646345    0.04260976    0.02980938    0.04212608    0.05954141    0.05499916    0.02475021    0.01247477    0.00035406 
ksp              :   0.02853924    0.06876956    0.10000000    0.10000000    0.09901407    0.07211662    0.03930550    0.01924707    0.01000000 
max(|step|)      :   0.00000000    0.06174941    0.06620486    0.05227694    0.08601269    0.10000000    0.08683659    0.04746891    0.02434634    0.00000000 
angle (deg.)     :    15.0141  19.0012  18.1509  15.8277  11.2993  10.9177  12.6508  12.9460 
>
iteration       : 5
climbing        : no
zoom on         : no
nim             : 10
barrier         :   0.16239742 (image:  3) 
distance        :   0.00000000    6.73350308   11.35978306   15.56957007   20.20337896   24.56690574   29.18026449   34.27863948   39.75058283   45.68692182 
energy          : -2537.14379937  -2537.10932817  -2537.03742354  -2536.98140195  -2536.99147139  -2537.04844624  -2537.10100294  -2537.12911657  -2537.15459828  -2537.17942821 
max(|Fr_perp|)   :   0.00000000    0.02777133    0.03190325    0.03233059    0.04976911    0.05265427    0.04109954    0.02428532    0.01066620    0.00000000 
Fr_paral         :   0.00000000   -0.01264073   -0.01977076   -0.00330412    0.00672267    0.01377989    0.00910249    0.00381960    0.00515569    0.00000000 
max(|Fsp_paral|) :   0.00000000    0.02562111    0.04042201    0.01079078    0.01179324    0.02622597    0.03143118    0.01620357    0.00931087    0.00000000 
max(|Fsp_perp|)  :   0.00000000    0.00000000    0.00000000    0.00000000    0.00000000    0.00000000    0.00000000    0.00000000    0.00000000    0.00000000 
max(|FNEB|)      :   0.00000000    0.03557983    0.03334841    0.03510815    0.05155825    0.05614277    0.04343235    0.02785710    0.01582461    0.00000000 
max(|Force|)     :   0.00009241    0.02874772    0.03973963    0.03211415    0.04953501    0.05367242    0.04170554    0.02464432    0.01092854    0.00035406 
ksp              :   0.02910380    0.06895306    0.10000000    0.10000000    0.09441956    0.06284432    0.03371761    0.01813715    0.01000000 
max(|step|)      :   0.00000000    0.05090414    0.06664615    0.02913817    0.07729991    0.10000000    0.08282917    0.03923796    0.02147485    0.00064190 
angle (deg.)     :    15.4883  18.6071  18.0992  15.5623  11.2417  10.8272  12.9501  13.1550 
>
iteration       : 6
climbing        : no
zoom on         : no
nim             : 10
barrier         :   0.16172862 (image:  3) 
distance        :   0.00000000    7.00743097   11.58261173   15.65543276   20.12621512   24.32426424   28.90192925   34.09545513   39.64864057   45.67240450 
energy          : -2537.14379937  -2537.10788252  -2537.03705194  -2536.98207075  -2536.99536281  -2537.05697603  -2537.10515983  -2537.12979057  -2537.15527373  -2537.17942821 
max(|Fr_perp|)   :   0.00000000    0.02999952    0.03207633    0.03582586    0.05247407    0.06414151    0.04476798    0.02957618    0.01694487    0.00000000 
Fr_paral         :   0.00000000   -0.01266660   -0.02023115   -0.00280690    0.00769177    0.01433368    0.00770431    0.00365653    0.00519792    0.00000000 
max(|Fsp_paral|) :   0.00000000    0.02273866    0.03695430    0.01091784    0.01407708    0.02585850    0.02706359    0.01458642    0.00899361    0.00000000 
max(|Fsp_perp|)  :   0.00000000    0.00000000    0.00000000    0.00000000    0.00000000    0.00000000    0.00000000    0.00000000    0.00000000    0.00000000 
max(|FNEB|)      :   0.00000000    0.03579576    0.03733452    0.03648614    0.04963347    0.05770858    0.04385236    0.02919743    0.01679703    0.00000000 
max(|Force|)     :   0.00009241    0.03106213    0.03771278    0.03600899    0.05301056    0.06504315    0.04564853    0.02968192    0.01701387    0.00035406 
ksp              :   0.02999002    0.06940471    0.10000000    0.10000000    0.09262132    0.05834945    0.03152193    0.01780277    0.01000000 
max(|step|)      :   0.00000000    0.06202850    0.06469492    0.06322482    0.08600710    0.10000000    0.07598934    0.05059460    0.02910664    0.00000000 
angle (deg.)     :    15.8251  18.5736  18.2458  15.0907  11.3330  10.8264  13.1241  13.2432 
>
iteration       : 7
climbing        : no
zoom on         : no
nim             : 10
barrier         :   0.15874571 (image:  3) 
distance        :   0.00000000    7.19465895   11.73971092   15.72572321   20.02876215   24.10951113   28.71940396   33.98077956   39.57601320   45.66575397 
energy          : -2537.14379937  -2537.10800750  -2537.03961686  -2536.98505366  -2537.00595051  -2537.07429745  -2537.11152083  -2537.13148159  -2537.15621666  -2537.17942821 
max(|Fr_perp|)   :   0.00000000    0.03249883    0.03000216    0.03223155    0.04276551    0.05187070    0.03735937    0.02676472    0.00993771    0.00000000 
Fr_paral         :   0.00000000   -0.01288188   -0.02134511   -0.00180960    0.01163580    0.01607983    0.00493317    0.00286800    0.00507144    0.00000000 
max(|Fsp_paral|) :   0.00000000    0.02044876    0.03597325    0.00950189    0.01774250    0.02780154    0.02051383    0.01211703    0.00792829    0.00000000 
max(|Fsp_perp|)  :   0.00000000    0.00000000    0.00000000    0.00000000    0.00000000    0.00000000    0.00000000    0.00000000    0.00000000    0.00000000 
max(|FNEB|)      :   0.00000000    0.03982412    0.03091770    0.03553569    0.04775708    0.05718760    0.04501141    0.03150933    0.01422279    0.00000000 
max(|Force|)     :   0.00009241    0.03151554    0.03906835    0.03204295    0.04387048    0.05323222    0.03731416    0.02651213    0.01023308    0.00035406 
ksp              :   0.03029200    0.06906569    0.10000000    0.10000000    0.08815264    0.04940373    0.02830014    0.01698350    0.01000000 
max(|step|)      :   0.00000000    0.04439298    0.05373346    0.03462102    0.08804176    0.08622657    0.05098805    0.03117692    0.01897857    0.00106759 
angle (deg.)     :    16.3377  18.8651  18.4554  14.5151  11.8251  10.8839  13.3333  13.3608 
>
iteration       : 8
climbing        : no
zoom on         : no
nim             : 10
barrier         :   0.15692221 (image:  3) 
distance        :   0.00000000    7.42005408   11.93771358   15.81377089   19.90169839   23.83880006   28.53363700   33.86413267   39.50478967   45.67339489 
energy          : -2537.14379937  -2537.10715209  -2537.03881049  -2536.98687716  -2537.01344198  -2537.08135032  -2537.11304049  -2537.13253716  -2537.15699110  -2537.17942821 
max(|Fr_perp|)   :   0.00000000    0.02623548    0.03397698    0.03013627    0.04606527    0.04920274    0.03553847    0.02559888    0.01450155    0.00000000 
Fr_paral         :   0.00000000   -0.01315858   -0.02155511   -0.00057320    0.01483683    0.01413516    0.00403004    0.00275184    0.00510682    0.00000000 
max(|Fsp_paral|) :   0.00000000    0.01873966    0.03111093    0.00692676    0.01994128    0.02472987    0.01744325    0.01227317    0.00721775    0.00000000 
max(|Fsp_perp|)  :   0.00000000    0.00000000    0.00000000    0.00000000    0.00000000    0.00000000    0.00000000    0.00000000    0.00000000    0.00000000 
max(|FNEB|)      :   0.00000000    0.03263079    0.03844463    0.03250528    0.04522856    0.06157396    0.04135824    0.02581748    0.01451334    0.00000000 
max(|Force|)     :   0.00009241    0.02526873    0.03776068    0.03007218    0.04623065    0.04996871    0.03597750    0.02558785    0.01449961    0.00035406 
ksp              :   0.03101841    0.07021454    0.10000000    0.10000000    0.08476421    0.04581657    0.02764122    0.01645925    0.01000000 
max(|step|)      :   0.00000000    0.04655042    0.05351139    0.03712543    0.10000000    0.08287368    0.04560701    0.03142835    0.01956396    0.00084065 
angle (deg.)     :    16.9062  19.5431  18.7471  13.9868  12.4001  10.9634  13.5171  13.5299 
>
iteration       : 9
climbing        : no
zoom on         : no
nim             : 10
barrier         :   0.15455492 (image:  3) 
distance        :   0.00000000    7.65504965   12.13695214   15.90143529   19.76573191   23.57394614   28.35770196   33.74703750   39.44296775   45.69431620 
energy          : -2537.14379937  -2537.10595970  -2537.03965358  -2536.98924445  -2537.02411206  -2537.09028771  -2537.11457496  -2537.13324986  -2537.15791422  -2537.17942821 
max(|Fr_perp|)   :   0.00000000    0.03388416    0.02884382    0.03233758    0.04945701    0.04144370    0.04045570    0.02779610    0.01456734    0.00000000 
Fr_paral         :   0.00000000   -0.01308433   -0.02180356    0.00100783    0.01968981    0.01139487    0.00308761    0.00266682    0.00508343    0.00000000 
max(|Fsp_paral|) :   0.00000000    0.01551294    0.02762200    0.00358780    0.02347991    0.02189566    0.01303107    0.01210995    0.00681177    0.00000000 
max(|Fsp_perp|)  :   0.00000000    0.00000000    0.00000000    0.00000000    0.00000000    0.00000000    0.00000000    0.00000000    0.00000000    0.00000000 
max(|FNEB|)      :   0.00000000    0.03938619    0.03264111    0.03351794    0.04894996    0.05233562    0.04555987    0.03257217    0.01461432    0.00000000 
max(|Force|)     :   0.00009241    0.03304059    0.03573115    0.03244728    0.05126443    0.04134185    0.04035455    0.02768555    0.01460326    0.00035406 
ksp              :   0.03203869    0.07064516    0.10000000    0.10000000    0.07971890    0.04118777    0.02703888    0.01615210    0.01000000 
max(|step|)      :   0.00000000    0.06549935    0.05428225    0.05574044    0.08140393    0.08703429    0.07576619    0.05416761    0.02430366    0.00000000 
angle (deg.)     :    17.3047  20.2245  18.9653  13.9735  12.2487  11.0341  13.5254  13.6387 
>
iteration       : 10
climbing        : no
zoom on         : no
nim             : 10
barrier         :   0.15110194 (image:  3) 
distance        :   0.00000000    7.77772360   12.24822171   15.93442781   19.64891747   23.41950621   28.29813752   33.67999286   39.41203065   45.71241079 
energy          : -2537.14379937  -2537.10622816  -2537.04145842  -2536.99269743  -2537.03813371  -2537.09808060  -2537.11782293  -2537.13485508  -2537.15883679  -2537.17942821 
max(|Fr_perp|)   :   0.00000000    0.03396188    0.02230168    0.03229337    0.04879672    0.04860387    0.04752550    0.03075244    0.01312333    0.00000000 
Fr_paral         :   0.00000000   -0.01237609   -0.02132324    0.00210385    0.02404673    0.01028341    0.00316409    0.00282762    0.00509556    0.00000000 
max(|Fsp_paral|) :   0.00000000    0.01432946    0.02450177    0.00110208    0.02883463    0.01905224    0.01119405    0.01111492    0.00573110    0.00000000 
max(|Fsp_perp|)  :   0.00000000    0.00000000    0.00000000    0.00000000    0.00000000    0.00000000    0.00000000    0.00000000    0.00000000    0.00000000 
max(|FNEB|)      :   0.00000000    0.03315058    0.02285271    0.03227259    0.05151871    0.05230098    0.04339802    0.02906856    0.01630176    0.00000000 
max(|Force|)     :   0.00009241    0.03486290    0.03246453    0.03227791    0.05472866    0.04819672    0.04781865    0.03100916    0.01247167    0.00035406 
ksp              :   0.03237833    0.07095676    0.10000000    0.10000000    0.07293704    0.03723121    0.02547220    0.01532744    0.01000000 
max(|step|)      :   0.00000000    0.02350889    0.02463964    0.02624937    0.07231420    0.03742005    0.01758754    0.01935186    0.01373633    0.00035196 
angle (deg.)     :    17.6571  20.9610  19.2288  14.4315  12.1922  11.1409  13.5481  13.7603 
>
iteration       : 11
climbing        : no
zoom on         : no
nim             : 10
barrier         :   0.14859540 (image:  3) 
distance        :   0.00000000    7.89171829   12.34876224   15.95941975   19.52204678   23.28426660   28.25139037   33.62505504   39.39338455   45.73791841 
energy          : -2537.14379937  -2537.10637208  -2537.04135593  -2536.99520397  -2537.04690209  -2537.10172901  -2537.11989110  -2537.13595705  -2537.15948577  -2537.17942821 
max(|Fr_perp|)   :   0.00000000    0.02564517    0.02109930    0.02420467    0.04474768    0.03337542    0.03594393    0.02183654    0.01160704    0.00000000 
Fr_paral         :   0.00000000   -0.01255809   -0.02120481    0.00365250    0.02570369    0.00947970    0.00305782    0.00270182    0.00512086    0.00000000 
max(|Fsp_paral|) :   0.00000000    0.01395136    0.01963735    0.00199174    0.03082228    0.01659744    0.01112902    0.01049174    0.00498036    0.00000000 
max(|Fsp_perp|)  :   0.00000000    0.00000000    0.00000000    0.00000000    0.00000000    0.00000000    0.00000000    0.00000000    0.00000000    0.00000000 
max(|FNEB|)      :   0.00000000    0.02673708    0.02168835    0.02421186    0.03722161    0.03168305    0.03178230    0.02259686    0.01150774    0.00000000 
max(|Force|)     :   0.00009241    0.02657611    0.03112356    0.02419921    0.05284474    0.03392059    0.03622869    0.02207883    0.01163055    0.00035406 
ksp              :   0.03266865    0.07204707    0.10000000    0.10000000    0.06868792    0.03548081    0.02448056    0.01474987    0.01000000 
max(|step|)      :   0.00000000    0.03347077    0.03424951    0.03734073    0.10000000    0.05205856    0.02557586    0.02635267    0.01996864    0.00039959 
angle (deg.)     :    18.1615  22.2527  19.7374  15.8679  12.2926  11.3043  13.6046  13.9604 
>
iteration       : 12
climbing        : no
zoom on         : no
nim             : 10
barrier         :   0.14538130 (image:  3) 
distance        :   0.00000000    8.05708901   12.48413694   15.99038540   19.33983171   23.11086867   28.19539921   33.56053080   39.38307130   45.78904320 
energy          : -2537.14379937  -2537.10642562  -2537.04205496  -2536.99841807  -2537.05711897  -2537.10519703  -2537.12231674  -2537.13732147  -2537.16045555  -2537.17942821 
max(|Fr_perp|)   :   0.00000000    0.01804465    0.01876810    0.01916332    0.03908250    0.03966566    0.02437057    0.01830290    0.01123057    0.00000000 
Fr_paral         :   0.00000000   -0.01258529   -0.02124196    0.00558331    0.02729884    0.00807821    0.00296768    0.00258235    0.00511230    0.00000000 
max(|Fsp_paral|) :   0.00000000    0.01243559    0.01413598    0.00703018    0.03216156    0.01347731    0.01167416    0.00981089    0.00402831    0.00000000 
max(|Fsp_perp|)  :   0.00000000    0.00000000    0.00000000    0.00000000    0.00000000    0.00000000    0.00000000    0.00000000    0.00000000    0.00000000 
max(|FNEB|)      :   0.00000000    0.02014280    0.01808158    0.01921270    0.03157565    0.03595438    0.02427906    0.01811844    0.01119216    0.00000000 
max(|Force|)     :   0.00009241    0.01906580    0.02968578    0.01927575    0.04720330    0.04024217    0.02474958    0.01839556    0.01129980    0.00035406 
ksp              :   0.03313809    0.07298622    0.10000000    0.10000000    0.06367789    0.03391474    0.02331137    0.01401565    0.01000000 
max(|step|)      :   0.00000000    0.04184569    0.03756361    0.03991346    0.06559689    0.07469349    0.05043857    0.03764019    0.02325117    0.00000000 
angle (deg.)     :    18.4859  23.5057  20.4815  17.1715  12.3997  11.3766  13.6997  14.1620 
>
iteration       : 13
climbing        : no
zoom on         : no
nim             : 10
barrier         :   0.14322226 (image:  3) 
distance        :   0.00000000    8.17860584   12.55764708   15.97830880   19.16817507   23.01353920   28.14582134   33.51766546   39.39083311   45.83504782 
energy          : -2537.14379937  -2537.10591106  -2537.04298463  -2537.00057711  -2537.06186513  -2537.10683366  -2537.12253076  -2537.13762764  -2537.16124995  -2537.17942821 
max(|Fr_perp|)   :   0.00000000    0.02875630    0.02166815    0.02514448    0.03481282    0.03249628    0.03859025    0.02446748    0.00886818    0.00000000 
Fr_paral         :   0.00000000   -0.01272259   -0.02225500    0.00757840    0.03022192    0.00685426    0.00234066    0.00237228    0.00503058    0.00000000 
max(|Fsp_paral|) :   0.00000000    0.00988790    0.01112987    0.01087176    0.02937553    0.01297939    0.01105571    0.00992141    0.00390917    0.00000000 
max(|Fsp_perp|)  :   0.00000000    0.00000000    0.00000000    0.00000000    0.00000000    0.00000000    0.00000000    0.00000000    0.00000000    0.00000000 
max(|FNEB|)      :   0.00000000    0.03206512    0.02273963    0.02531424    0.03725253    0.03714359    0.04283666    0.02818992    0.01020140    0.00000000 
max(|Force|)     :   0.00009241    0.02781454    0.03050572    0.02550536    0.04556775    0.03275601    0.03836951    0.02426680    0.00909174    0.00035406 
ksp              :   0.03380879    0.07335137    0.10000000    0.10000000    0.06148698    0.03322903    0.02336507    0.01387828    0.01000000 
max(|step|)      :   0.00000000    0.02582547    0.02233653    0.03978033    0.05750423    0.03331079    0.02285506    0.02146283    0.01793929    0.00059751 
angle (deg.)     :    18.8565  25.0048  21.3802  18.9748  12.5041  11.4324  13.7953  14.3745 
>
iteration       : 14
climbing        : no
zoom on         : no
nim             : 10
barrier         :   0.14018395 (image:  3) 
distance        :   0.00000000    8.29610811   12.63130842   15.96389957   19.00917814   22.92638745   28.10867838   33.48367624   39.41084256   45.89511224 
energy          : -2537.14379937  -2537.10610622  -2537.04357235  -2537.00361542  -2537.06690156  -2537.10887261  -2537.12417066  -2537.13863081  -2537.16205211  -2537.17942821 
max(|Fr_perp|)   :   0.00000000    0.01795643    0.02139025    0.02116820    0.03399259    0.02645513    0.02436526    0.02026974    0.01100262    0.00000000 
Fr_paral         :   0.00000000   -0.01269820   -0.02213553    0.00926190    0.03091120    0.00602733    0.00222465    0.00226878    0.00502905    0.00000000 
max(|Fsp_paral|) :   0.00000000    0.00853047    0.00607333    0.01426189    0.02688174    0.01259291    0.01136566    0.00959273    0.00322173    0.00000000 
max(|Fsp_perp|)  :   0.00000000    0.00000000    0.00000000    0.00000000    0.00000000    0.00000000    0.00000000    0.00000000    0.00000000    0.00000000 
max(|FNEB|)      :   0.00000000    0.02073269    0.02193225    0.02166428    0.03002879    0.02845515    0.02621991    0.02044343    0.01103501    0.00000000 
max(|Force|)     :   0.00009241    0.01704281    0.02945708    0.02100828    0.04090314    0.02639623    0.02435440    0.02026047    0.01099106    0.00035406 
ksp              :   0.03419951    0.07434711    0.10000000    0.10000000    0.05936944    0.03242345    0.02260190    0.01331829    0.01000000 
max(|step|)      :   0.00000000    0.04472071    0.03626926    0.07102160    0.10000000    0.05511723    0.03993087    0.03689244    0.03239430    0.00070723 
angle (deg.)     :    19.5149  28.0388  23.4976  22.7807  12.6779  11.5051  13.9887  14.7992 
>
iteration       : 15
climbing        : no
zoom on         : no
nim             : 10
barrier         :   0.13470231 (image:  3) 
distance        :   0.00000000    8.49548579   12.74623068   15.93510947   18.76340128   22.79445277   28.06034016   33.44657627   39.47468669   46.02617880 
energy          : -2537.14379937  -2537.10613624  -2537.04583059  -2537.00909706  -2537.07509056  -2537.11159449  -2537.12608941  -2537.14011566  -2537.16355939  -2537.17942821 
max(|Fr_perp|)   :   0.00000000    0.01969215    0.01747939    0.02392183    0.03758550    0.02648238    0.02755907    0.01717740    0.00904738    0.00000000 
Fr_paral         :   0.00000000   -0.01231834   -0.02143847    0.01202182    0.03183751    0.00478503    0.00219369    0.00222791    0.00492313    0.00000000 
max(|Fsp_paral|) :   0.00000000    0.00483543    0.00110995    0.01949265    0.02316282    0.01138130    0.01167618    0.00959102    0.00219542    0.00000000 
max(|Fsp_perp|)  :   0.00000000    0.00000000    0.00000000    0.00000000    0.00000000    0.00000000    0.00000000    0.00000000    0.00000000    0.00000000 
max(|FNEB|)      :   0.00000000    0.02142258    0.01774141    0.02444260    0.03184111    0.02993961    0.03223847    0.02030798    0.00911986    0.00000000 
max(|Force|)     :   0.00009241    0.01892094    0.02661486    0.02375454    0.04078691    0.02632448    0.02754753    0.01723589    0.00907552    0.00035406 
ksp              :   0.03516730    0.07545723    0.10000000    0.10000000    0.05592554    0.03153713    0.02184789    0.01246770    0.01000000 
max(|step|)      :   0.00000000    0.03832275    0.03173753    0.04372526    0.05696041    0.05355882    0.05767124    0.03632886    0.01631447    0.00000000 
angle (deg.)     :    19.7562  29.4238  24.9009  24.0743  12.5079  11.4708  14.0577  14.9937 
>
iteration       : 16
climbing        : no
zoom on         : no
nim             : 10
barrier         :   0.13230262 (image:  3) 
distance        :   0.00000000    8.54196997   12.76442985   15.89845870   18.69710641   22.74862936   28.03427036   33.42791307   39.51128013   46.08235536 
energy          : -2537.14379937  -2537.10655872  -2537.04755663  -2537.01149675  -2537.07965092  -2537.11396178  -2537.12698666  -2537.14072480  -2537.16425423  -2537.17942821 
max(|Fr_perp|)   :   0.00000000    0.02346070    0.01301256    0.02214831    0.03381695    0.02899196    0.03346966    0.01945554    0.00849031    0.00000000 
Fr_paral         :   0.00000000   -0.01165321   -0.02013643    0.01184831    0.03340595    0.00488678    0.00245210    0.00245927    0.00495016    0.00000000 
max(|Fsp_paral|) :   0.00000000    0.00368213    0.00320860    0.01865751    0.02556124    0.01090396    0.01066526    0.00950606    0.00178373    0.00000000 
max(|Fsp_perp|)  :   0.00000000    0.00000000    0.00000000    0.00000000    0.00000000    0.00000000    0.00000000    0.00000000    0.00000000    0.00000000 
max(|FNEB|)      :   0.00000000    0.02226621    0.01472755    0.02318360    0.03023427    0.02862185    0.03127051    0.02109578    0.00947396    0.00000000 
max(|Force|)     :   0.00009241    0.02428664    0.02378824    0.02200694    0.03775282    0.02951152    0.03369264    0.01967319    0.00864079    0.00035406 
ksp              :   0.03533327    0.07546995    0.10000000    0.10000000    0.05363754    0.03029728    0.02143699    0.01209150    0.01000000 
max(|step|)      :   0.00000000    0.01179690    0.02670415    0.04211419    0.05201781    0.02418696    0.01952694    0.01749116    0.01420035    0.00030277 
angle (deg.)     :    19.9702  30.8204  26.4643  25.4767  12.4623  11.4714  14.1308  15.2045 
>
iteration       : 17
climbing        : no
zoom on         : no
nim             : 10
barrier         :   0.12999462 (image:  3) 
distance        :   0.00000000    8.58349260   12.77841895   15.86399510   18.62672824   22.70693099   28.01512072   33.41387304   39.55468317   46.14407034 
energy          : -2537.14379937  -2537.10709567  -2537.04853110  -2537.01380475  -2537.08232428  -2537.11480509  -2537.12786055  -2537.14132589  -2537.16484231  -2537.17942821 
max(|Fr_perp|)   :   0.00000000    0.01743868    0.01532879    0.02126961    0.03210277    0.02536166    0.02439440    0.01489505    0.00937108    0.00000000 
Fr_paral         :   0.00000000   -0.01147043   -0.01943423    0.01270024    0.03468411    0.00477585    0.00254209    0.00242961    0.00491688    0.00000000 
max(|Fsp_paral|) :   0.00000000    0.00317679    0.00629942    0.01846920    0.02557645    0.01038775    0.01097568    0.00941620    0.00136875    0.00000000 
max(|Fsp_perp|)  :   0.00000000    0.00000000    0.00000000    0.00000000    0.00000000    0.00000000    0.00000000    0.00000000    0.00000000    0.00000000 
max(|FNEB|)      :   0.00000000    0.01637843    0.01653632    0.02158234    0.02380216    0.02251479    0.02557857    0.01681983    0.00933549    0.00000000 
max(|Force|)     :   0.00009241    0.01826689    0.02238305    0.02146333    0.03676043    0.02560966    0.02462581    0.01490901    0.00940010    0.00035406 
ksp              :   0.03541131    0.07595768    0.10000000    0.10000000    0.05256144    0.03007379    0.02103502    0.01171248    0.01000000 
max(|step|)      :   0.00000000    0.02368113    0.05572690    0.08279658    0.10000000    0.04412768    0.03815107    0.03380111    0.02788153    0.00051240 
angle (deg.)     :    20.3794  33.7653  29.9236  28.6151  12.4923  11.4904  14.2938  15.6420 
>
iteration       : 18
climbing        : no
zoom on         : no
nim             : 10
barrier         :   0.12581757 (image:  3) 
distance        :   0.00000000    8.66365924   12.80044735   15.80375766   18.50186202   22.64422339   27.99305695   33.40489153   39.66285053   46.28692280 
energy          : -2537.14379937  -2537.10794937  -2537.05086669  -2537.01798180  -2537.08630519  -2537.11522025  -2537.12907768  -2537.14231876  -2537.16598959  -2537.17942821 
max(|Fr_perp|)   :   0.00000000    0.01074678    0.01801609    0.02024196    0.03445775    0.03527802    0.01892882    0.01513795    0.01000929    0.00000000 
Fr_paral         :   0.00000000   -0.01089697   -0.01810642    0.01369257    0.03606947    0.00443672    0.00271952    0.00240923    0.00480842    0.00000000 
max(|Fsp_paral|) :   0.00000000    0.00159414    0.01051472    0.01839598    0.02456431    0.00915801    0.01221288    0.00949271    0.00067833    0.00000000 
max(|Fsp_perp|)  :   0.00000000    0.00000000    0.00000000    0.00000000    0.00000000    0.00000000    0.00000000    0.00000000    0.00000000    0.00000000 
max(|FNEB|)      :   0.00000000    0.01085095    0.01844920    0.02038027    0.02837430    0.03300825    0.01902627    0.01497277    0.01003814    0.00000000 
max(|Force|)     :   0.00009241    0.01154163    0.01979477    0.02103384    0.03847313    0.03565034    0.01904864    0.01523452    0.01008800    0.00035406 
ksp              :   0.03564621    0.07647926    0.10000000    0.10000000    0.05114270    0.03046160    0.02054147    0.01106377    0.01000000 
max(|step|)      :   0.00000000    0.02314591    0.03935356    0.04347268    0.06052456    0.07040915    0.04058449    0.03193806    0.02141213    0.00000000 
angle (deg.)     :    20.4538  35.3386  31.6539  30.1503  12.6802  11.5044  14.4113  15.9183 
>
iteration       : 19
climbing        : no
zoom on         : no
nim             : 10
barrier         :   0.12339390 (image:  3) 
distance        :   0.00000000    8.68781579   12.78909186   15.77082959   18.42388075   22.61811119   27.96286467   33.39464646   39.73299646   46.36747855 
energy          : -2537.14379937  -2537.10834848  -2537.05275072  -2537.02040547  -2537.08857333  -2537.11647016  -2537.12929686  -2537.14258402  -2537.16662196  -2537.17942821 
max(|Fr_perp|)   :   0.00000000    0.01735250    0.01631880    0.02299226    0.03033089    0.02098253    0.02642159    0.01490104    0.00791393    0.00000000 
Fr_paral         :   0.00000000   -0.01058799   -0.01947792    0.01503251    0.03786923    0.00399877    0.00223191    0.00221743    0.00467977    0.00000000 
max(|Fsp_paral|) :   0.00000000    0.00038216    0.01017016    0.02033999    0.02360461    0.00947694    0.01137601    0.00967656    0.00060014    0.00000000 
max(|Fsp_perp|)  :   0.00000000    0.00000000    0.00000000    0.00000000    0.00000000    0.00000000    0.00000000    0.00000000    0.00000000    0.00000000 
max(|FNEB|)      :   0.00000000    0.01748737    0.01829274    0.02305318    0.02475424    0.02630842    0.03087702    0.01827415    0.00806005    0.00000000 
max(|Force|)     :   0.00009241    0.01658213    0.02115699    0.02296439    0.03715965    0.02077761    0.02621534    0.01489126    0.00794688    0.00035406 
ksp              :   0.03585687    0.07640829    0.10000000    0.10000000    0.05028030    0.02993315    0.02057772    0.01088644    0.01000000 
max(|step|)      :   0.00000000    0.01650732    0.04367657    0.05146782    0.04700066    0.02577108    0.02500571    0.02210607    0.01661469    0.00055770 
angle (deg.)     :    20.5434  37.1431  33.6305  31.9585  12.8707  11.5075  14.5346  16.2173 
>
iteration       : 20
climbing        : no
zoom on         : no
nim             : 10
barrier         :   0.12097861 (image:  3) 
distance        :   0.00000000    8.70861070   12.77927114   15.73612113   18.34885151   22.59614904   27.94218710   33.39036252   39.81922329   46.46499887 
energy          : -2537.14379937  -2537.10904777  -2537.05452259  -2537.02282076  -2537.08956692  -2537.11633588  -2537.12995988  -2537.14312576  -2537.16726791  -2537.17942821 
max(|Fr_perp|)   :   0.00000000    0.01044346    0.01753364    0.02403143    0.03038476    0.02420623    0.02040375    0.01635205    0.00903387    0.00000000 
Fr_paral         :   0.00000000   -0.01017445   -0.01936939    0.01518856    0.03795192    0.00379079    0.00228723    0.00217676    0.00459265    0.00000000 
max(|Fsp_paral|) :   0.00000000    0.00023744    0.01051623    0.02186763    0.02106179    0.00945770    0.01225625    0.00974676    0.00023725    0.00000000 
max(|Fsp_perp|)  :   0.00000000    0.00000000    0.00000000    0.00000000    0.00000000    0.00000000    0.00000000    0.00000000    0.00000000    0.00000000 
max(|FNEB|)      :   0.00000000    0.01050667    0.01947733    0.02392481    0.02593582    0.02632727    0.02060766    0.01653192    0.00903904    0.00000000 
max(|Force|)     :   0.00009241    0.01106260    0.02067589    0.02407850    0.03782522    0.02416184    0.02039480    0.01634296    0.00901129    0.00035406 
ksp              :   0.03585287    0.07641596    0.10000000    0.10000000    0.05034532    0.03043100    0.02029566    0.01050112    0.01000000 
max(|step|)      :   0.00000000    0.03204817    0.08316284    0.10000000    0.09081925    0.04904811    0.05067755    0.04165640    0.03167256    0.00088241 
angle (deg.)     :    20.7164  40.7116  37.6347  35.5502  13.2238  11.5123  14.7875  16.8020 
>
iteration       : 21
climbing        : no
zoom on         : no
nim             : 10
barrier         :   0.11679562 (image:  3) 
distance        :   0.00000000    8.74398426   12.76113750   15.67679283   18.23252802   22.57225006   27.91588344   33.40053745   40.00596805   46.67171042 
energy          : -2537.14379937  -2537.11012028  -2537.05825664  -2537.02700375  -2537.09132659  -2537.11561853  -2537.13061343  -2537.14398504  -2537.16847899  -2537.17942821 
max(|Fr_perp|)   :   0.00000000    0.01056707    0.01717504    0.02385445    0.03581238    0.02924656    0.02008095    0.01566423    0.00891495    0.00000000 
Fr_paral         :   0.00000000   -0.00935515   -0.01925096    0.01469983    0.03782684    0.00343276    0.00248876    0.00217423    0.00436104    0.00000000 
max(|Fsp_paral|) :   0.00000000    0.00194336    0.00953367    0.02393309    0.01689667    0.00904649    0.01375710    0.01009943    0.00013498    0.00000000 
max(|Fsp_perp|)  :   0.00000000    0.00000000    0.00000000    0.00000000    0.00000000    0.00000000    0.00000000    0.00000000    0.00000000    0.00000000 
max(|FNEB|)      :   0.00000000    0.01076123    0.01897985    0.02342174    0.03125212    0.03192755    0.02038516    0.01591857    0.00895730    0.00000000 
max(|Force|)     :   0.00009241    0.01076060    0.01974041    0.02403294    0.04068031    0.02915429    0.02016376    0.01572779    0.00893635    0.00035406 
ksp              :   0.03595479    0.07592179    0.10000000    0.10000000    0.05045588    0.03173822    0.02017206    0.01000000    0.01000000 
max(|step|)      :   0.00000000    0.02665225    0.04700725    0.05800843    0.07740188    0.07907471    0.05048776    0.03942539    0.02218448    0.00000000 
angle (deg.)     :    20.7209  42.3681  39.6724  37.2791  13.1972  11.4029  14.9159  17.0936 
>
iteration       : 22
climbing        : no
zoom on         : no
nim             : 10
barrier         :   0.11515146 (image:  3) 
distance        :   0.00000000    8.73013326   12.75532740   15.62992625   18.20293035   22.55085916   27.86928350   33.38626023   40.09936055   46.76841165 
energy          : -2537.14379937  -2537.11059324  -2537.05998018  -2537.02864791  -2537.09476334  -2537.11783996  -2537.13039478  -2537.14395749  -2537.16896552  -2537.17942821 
max(|Fr_perp|)   :   0.00000000    0.01382930    0.02399664    0.01974246    0.02864198    0.03227354    0.02754423    0.02179047    0.01354841    0.00000000 
Fr_paral         :   0.00000000   -0.00893890   -0.01837726    0.01351089    0.03751982    0.00387720    0.00288742    0.00251742    0.00436589    0.00000000 
max(|Fsp_paral|) :   0.00000000    0.00206136    0.01186556    0.02043975    0.02201200    0.00903868    0.01110838    0.01040756    0.00009880    0.00000000 
max(|Fsp_perp|)  :   0.00000000    0.00000000    0.00000000    0.00000000    0.00000000    0.00000000    0.00000000    0.00000000    0.00000000    0.00000000 
max(|FNEB|)      :   0.00000000    0.01354982    0.02380073    0.01908364    0.02690313    0.03168581    0.02724096    0.02151237    0.01354486    0.00000000 
max(|Force|)     :   0.00009241    0.01356353    0.02377828    0.02003760    0.03582805    0.03232002    0.02756243    0.02180574    0.01358360    0.00035406 
ksp              :   0.03595323    0.07551134    0.10000000    0.10000000    0.04832554    0.03028934    0.02047675    0.01000000    0.01000000 
max(|step|)      :   0.00000000    0.01387262    0.03169759    0.04274924    0.03704580    0.02799109    0.02412407    0.02003971    0.01309031    0.00021178 
angle (deg.)     :    20.6994  43.7754  41.3058  38.4776  13.3166  11.4145  15.0047  17.3366 
>
iteration       : 23
climbing        : no
zoom on         : no
nim             : 10
barrier         :   0.11358221 (image:  3) 
distance        :   0.00000000    8.71794022   12.74708642   15.59821946   18.16745334   22.53095201   27.84197671   33.37376767   40.17597447   46.84901063 
energy          : -2537.14379937  -2537.11155922  -2537.06239112  -2537.03021716  -2537.09611518  -2537.11867917  -2537.13191182  -2537.14482358  -2537.16954050  -2537.17942821 
max(|Fr_perp|)   :   0.00000000    0.00968082    0.01767765    0.01815060    0.02970266    0.02640373    0.01479776    0.01199299    0.00918314    0.00000000 
Fr_paral         :   0.00000000   -0.00857253   -0.02003796    0.01301482    0.03829130    0.00393193    0.00293847    0.00238719    0.00424664    0.00000000 
max(|Fsp_paral|) :   0.00000000    0.00201557    0.01095925    0.01933427    0.02282459    0.00914332    0.01181785    0.00895147    0.00028928    0.00000000 
max(|Fsp_perp|)  :   0.00000000    0.00000000    0.00000000    0.00000000    0.00000000    0.00000000    0.00000000    0.00000000    0.00000000    0.00000000 
max(|FNEB|)      :   0.00000000    0.00952487    0.01754985    0.01744537    0.02426160    0.02398445    0.01688241    0.01176880    0.00917326    0.00000000 
max(|Force|)     :   0.00009241    0.00954293    0.01846557    0.01847619    0.03536892    0.02659520    0.01481664    0.01200657    0.00921563    0.00035406 
ksp              :   0.03554637    0.07450607    0.10000000    0.10000000    0.04778388    0.02990468    0.01941943    0.01000000    0.01000000 
max(|step|)      :   0.00000000    0.03183897    0.07463334    0.10000000    0.08560317    0.05357849    0.05869124    0.04651447    0.03147583    0.00035459 
angle (deg.)     :    20.6984  47.3199  45.2388  41.3321  13.6686  11.4703  15.2573  17.9065 
>
iteration       : 24
climbing        : no
zoom on         : no
nim             : 10
barrier         :   0.11066137 (image:  3) 
distance        :   0.00000000    8.68896944   12.73174790   15.53588962   18.09579569   22.49867148   27.78941051   33.37048647   40.37705001   47.06132186 
energy          : -2537.14379937  -2537.11298210  -2537.06699663  -2537.03313800  -2537.09719595  -2537.11780874  -2537.13263399  -2537.14559267  -2537.17058840  -2537.17942821 
max(|Fr_perp|)   :   0.00000000    0.00595496    0.00937525    0.01499905    0.02866311    0.03382000    0.01286985    0.00628726    0.00609237    0.00000000 
Fr_paral         :   0.00000000   -0.00786200   -0.02324277    0.01131817    0.03933105    0.00373959    0.00307423    0.00232806    0.00400912    0.00000000 
max(|Fsp_paral|) :   0.00000000    0.00243986    0.00930127    0.01720459    0.02173000    0.00893792    0.01329567    0.00829378    0.00071968    0.00000000 
max(|Fsp_perp|)  :   0.00000000    0.00000000    0.00000000    0.00000000    0.00000000    0.00000000    0.00000000    0.00000000    0.00000000    0.00000000 
max(|FNEB|)      :   0.00000000    0.00617120    0.01265372    0.01424817    0.03138628    0.03191477    0.01660524    0.00817044    0.00571291    0.00000000 
max(|Force|)     :   0.00009241    0.00610538    0.02057493    0.01534147    0.03424481    0.03417172    0.01317965    0.00641527    0.00656422    0.00035406 
ksp              :   0.03506425    0.07246517    0.10000000    0.10000000    0.04792012    0.03116449    0.01908636    0.01000000    0.01000000 
max(|step|)      :   0.00000000    0.01612917    0.03307203    0.03723932    0.08203187    0.08341313    0.04339981    0.02135445    0.01493138    0.00000000 
angle (deg.)     :    20.6574  49.0123  46.6635  42.4043  14.0444  11.5190  15.4418  18.1468 
>
iteration       : 25
climbing        : no
zoom on         : no
nim             : 10
barrier         :   0.10922983 (image:  3) 
distance        :   0.00000000    8.66582921   12.73078564   15.51830519   18.04107254   22.47245832   27.73230786   33.37031187   40.46142849   47.15873811 
energy          : -2537.14379937  -2537.11348972  -2537.06902827  -2537.03456954  -2537.09750001  -2537.11929461  -2537.13295038  -2537.14587606  -2537.17096597  -2537.17942821 
max(|Fr_perp|)   :   0.00000000    0.01107431    0.00985806    0.01764028    0.02682725    0.02276653    0.01551741    0.00790786    0.00546861    0.00000000 
Fr_paral         :   0.00000000   -0.00765682   -0.02459016    0.01133317    0.04260975    0.00335442    0.00268988    0.00220636    0.00389051    0.00000000 
max(|Fsp_paral|) :   0.00000000    0.00249196    0.00918279    0.01888720    0.01925752    0.01080957    0.01187124    0.00815897    0.00087752    0.00000000 
max(|Fsp_perp|)  :   0.00000000    0.00000000    0.00000000    0.00000000    0.00000000    0.00000000    0.00000000    0.00000000    0.00000000    0.00000000 
max(|FNEB|)      :   0.00000000    0.01195608    0.01285927    0.01681181    0.02699772    0.02234443    0.01782846    0.01129562    0.00500344    0.00000000 
max(|Force|)     :   0.00009241    0.01163724    0.02198966    0.01799491    0.03630554    0.02288486    0.01570445    0.00810479    0.00592816    0.00035406 
ksp              :   0.03497366    0.07160771    0.10000000    0.10000000    0.04814839    0.03019072    0.01893903    0.01000000    0.01000000 
max(|step|)      :   0.00000000    0.01922114    0.04362402    0.05297993    0.05341615    0.03556235    0.04131264    0.02664722    0.01836234    0.00076470 
angle (deg.)     :    20.6482  51.2798  48.5101  44.0548  14.4574  11.5963  15.6645  18.4606 
>
iteration       : 26
climbing        : no
zoom on         : no
nim             : 10
barrier         :   0.10793574 (image:  3) 
distance        :   0.00000000    8.63491289   12.73146642   15.49609787   17.98454670   22.43367264   27.67692238   33.37943714   40.57917003   47.29475808 
energy          : -2537.14379937  -2537.11437328  -2537.07155430  -2537.03586363  -2537.09573825  -2537.11690928  -2537.13292157  -2537.14624448  -2537.17143516  -2537.17942821 
max(|Fr_perp|)   :   0.00000000    0.00707095    0.00970345    0.01817452    0.03689929    0.03478068    0.01538524    0.00653968    0.00490802    0.00000000 
Fr_paral         :   0.00000000   -0.00754359   -0.02528276    0.01118646    0.04409738    0.00300411    0.00301103    0.00218530    0.00375050    0.00000000 
max(|Fsp_paral|) :   0.00000000    0.00217333    0.00845104    0.01996332    0.01324097    0.01079064    0.01389324    0.00836297    0.00107664    0.00000000 
max(|Fsp_perp|)  :   0.00000000    0.00000000    0.00000000    0.00000000    0.00000000    0.00000000    0.00000000    0.00000000    0.00000000    0.00000000 
max(|FNEB|)      :   0.00000000    0.00692842    0.01123554    0.01731489    0.03293201    0.03928142    0.01586601    0.00942137    0.00433448    0.00000000 
max(|Force|)     :   0.00009241    0.00696832    0.02172804    0.01852271    0.04361357    0.03452457    0.01559585    0.00665873    0.00535233    0.00035406 
ksp              :   0.03453634    0.07024007    0.10000000    0.10000000    0.05007478    0.03242175    0.01907023    0.01000000    0.01000000 
max(|step|)      :   0.00000000    0.03527161    0.07967558    0.10000000    0.08911097    0.06576216    0.08030475    0.05107433    0.03348986    0.00082216 
angle (deg.)     :    20.7666  55.6366  52.0545  47.4368  15.2157  11.7902  16.0904  19.0428 
>
iteration       : 27
climbing        : no
zoom on         : no
nim             : 10
barrier         :   0.10594249 (image:  3) 
distance        :   0.00000000    8.57937840   12.73722045   15.46770837   17.91860935   22.39337274   27.59352936   33.42747112   40.83092603   47.58231027 
energy          : -2537.14379937  -2537.11567774  -2537.07622699  -2537.03785688  -2537.09325590  -2537.11286306  -2537.13241587  -2537.14672814  -2537.17219670  -2537.17942821 
max(|Fr_perp|)   :   0.00000000    0.00614657    0.00857001    0.01796983    0.04744784    0.04847947    0.01651189    0.00907897    0.00396842    0.00000000 
Fr_paral         :   0.00000000   -0.00720312   -0.02580787    0.01015673    0.04675050    0.00233894    0.00355302    0.00220489    0.00346316    0.00000000 
max(|Fsp_paral|) :   0.00000000    0.00216756    0.00544485    0.02063986    0.00428034    0.01038597    0.01659335    0.00928461    0.00144491    0.00000000 
max(|Fsp_perp|)  :   0.00000000    0.00000000    0.00000000    0.00000000    0.00000000    0.00000000    0.00000000    0.00000000    0.00000000    0.00000000 
max(|FNEB|)      :   0.00000000    0.00666005    0.00843453    0.01831579    0.04628988    0.05296184    0.02159252    0.01051210    0.00339585    0.00000000 
max(|Force|)     :   0.00009241    0.00629821    0.02049212    0.01826577    0.05477739    0.04841498    0.01651936    0.00913141    0.00437679    0.00035406 
ksp              :   0.03389007    0.06740490    0.10000000    0.10000000    0.05297122    0.03632003    0.01967915    0.01000000    0.01000000 
max(|step|)      :   0.00000000    0.01257518    0.01592568    0.03458299    0.08740232    0.10000000    0.04076995    0.01984845    0.00641188    0.00000000 
angle (deg.)     :    20.8480  56.6055  53.1149  48.8443  14.9907  11.7132  16.2033  19.1701 
>
iteration       : 28
climbing        : no
zoom on         : no
nim             : 10
barrier         :   0.10444598 (image:  3) 
distance        :   0.00000000    8.56415838   12.74317910   15.44753112   17.94502445   22.38501046   27.53151324   33.42738552   40.89294686   47.65908045 
energy          : -2537.14379937  -2537.11609606  -2537.07769540  -2537.03935339  -2537.10184460  -2537.12189033  -2537.13389772  -2537.14704681  -2537.17236735  -2537.17942821 
max(|Fr_perp|)   :   0.00000000    0.00823577    0.00725106    0.01480938    0.02000524    0.01568496    0.00936866    0.00602662    0.00431446    0.00000000 
Fr_paral         :   0.00000000   -0.00700069   -0.02586645    0.00980852    0.04734461    0.00333096    0.00302470    0.00227007    0.00348587    0.00000000 
max(|Fsp_paral|) :   0.00000000    0.00211416    0.00707514    0.01540099    0.02376096    0.01229217    0.00874730    0.00788415    0.00154776    0.00000000 
max(|Fsp_perp|)  :   0.00000000    0.00000000    0.00000000    0.00000000    0.00000000    0.00000000    0.00000000    0.00000000    0.00000000    0.00000000 
max(|FNEB|)      :   0.00000000    0.00900224    0.00812963    0.01390515    0.02057363    0.01864294    0.01302159    0.00932295    0.00389580    0.00000000 
max(|Force|)     :   0.00009241    0.00875925    0.01970208    0.01526188    0.03617230    0.01550992    0.00965352    0.00591684    0.00472773    0.00035406 
ksp              :   0.03387165    0.06696109    0.10000000    0.10000000    0.04615198    0.02887879    0.01853214    0.01000000    0.01000000 
max(|step|)      :   0.00000000    0.01525116    0.02600127    0.05164150    0.05837296    0.08149519    0.03869364    0.02756080    0.01128985    0.00116412 
angle (deg.)     :    20.9793  58.3485  54.7675  50.2387  15.2002  11.9220  16.3372  19.3987 
>
iteration       : 29
climbing        : no
zoom on         : no
nim             : 10
barrier         :   0.10367697 (image:  3) 
distance        :   0.00000000    8.53740837   12.75127694   15.42826594   17.91188437   22.32557382   27.47784696   33.42290103   40.98559508   47.77919354 
energy          : -2537.14379937  -2537.11670116  -2537.07957513  -2537.04012240  -2537.09880255  -2537.11833643  -2537.13347336  -2537.14719794  -2537.17260014  -2537.17942821 
max(|Fr_perp|)   :   0.00000000    0.00519616    0.00718213    0.01198350    0.03285010    0.04707719    0.01176635    0.00545267    0.00425031    0.00000000 
Fr_paral         :   0.00000000   -0.00696944   -0.02615919    0.00835531    0.04638616    0.00374767    0.00338949    0.00231056    0.00340416    0.00000000 
max(|Fsp_paral|) :   0.00000000    0.00187459    0.00702920    0.01441586    0.01696135    0.01168419    0.01159828    0.00845468    0.00169874    0.00000000 
max(|Fsp_perp|)  :   0.00000000    0.00000000    0.00000000    0.00000000    0.00000000    0.00000000    0.00000000    0.00000000    0.00000000    0.00000000 
max(|FNEB|)      :   0.00000000    0.00542128    0.00889580    0.01406432    0.03022068    0.04480598    0.01497651    0.00931617    0.00348493    0.00000000 
max(|Force|)     :   0.00009241    0.00518369    0.01937256    0.01234545    0.03831759    0.04724366    0.01172544    0.00547303    0.00465333    0.00035406 
ksp              :   0.03352344    0.06575184    0.10000000    0.10000000    0.04906088    0.03210389    0.01896381    0.01000000    0.01000000 
max(|step|)      :   0.00000000    0.02920604    0.05217955    0.10000000    0.08590805    0.07226182    0.07701010    0.05239243    0.02194793    0.00079116 
angle (deg.)     :    21.3417  61.8255  57.7564  53.0108  15.8344  12.3704  16.6327  19.8370 
>
iteration       : 30
climbing        : no
zoom on         : no
nim             : 10
barrier         :   0.10253966 (image:  3) 
distance        :   0.00000000    8.48748675   12.76953613   15.40627088   17.87861330   22.23849327   27.38461882   33.43751063   41.19189233   48.04058766 
energy          : -2537.14379937  -2537.11776039  -2537.08323727  -2537.04125971  -2537.09364208  -2537.10823467  -2537.13246557  -2537.14744953  -2537.17300559  -2537.17942821 
max(|Fr_perp|)   :   0.00000000    0.00796975    0.00739022    0.01603199    0.05264982    0.09600314    0.02166111    0.00836396    0.00373176    0.00000000 
Fr_paral         :   0.00000000   -0.00681828   -0.02544049    0.00554434    0.04606647    0.00297415    0.00415957    0.00240423    0.00324223    0.00000000 
max(|Fsp_paral|) :   0.00000000    0.00171014    0.00501241    0.01225798    0.00622943    0.00567197    0.01991786    0.00985321    0.00199361    0.00000000 
max(|Fsp_perp|)  :   0.00000000    0.00000000    0.00000000    0.00000000    0.00000000    0.00000000    0.00000000    0.00000000    0.00000000    0.00000000 
max(|FNEB|)      :   0.00000000    0.00736363    0.00851098    0.01391859    0.05315732    0.09560966    0.02272166    0.01106094    0.00362593    0.00000000 
max(|Force|)     :   0.00009241    0.00748758    0.01817053    0.01679266    0.05849844    0.09662395    0.02187863    0.00836900    0.00411615    0.00035406 
ksp              :   0.03285472    0.06315574    0.10000000    0.10000000    0.05406677    0.04131644    0.01995588    0.01000000    0.01000000 
max(|step|)      :   0.00000000    0.00770176    0.00890180    0.01455772    0.05559827    0.10000000    0.02376503    0.01156886    0.00379243    0.00000000 
angle (deg.)     :    21.4139  62.1818  57.9686  53.4505  15.9409  12.2602  16.7374  19.8972 
>
iteration       : 31
climbing        : no
zoom on         : no
nim             : 10
barrier         :   0.10143125 (image:  3) 
distance        :   0.00000000    8.48098808   12.77210239   15.40439164   17.88598526   22.25122720   27.32380322   33.42720556   41.21640849   48.07575399 
energy          : -2537.14379937  -2537.11802266  -2537.08393731  -2537.04236812  -2537.10115239  -2537.12251370  -2537.13394164  -2537.14769636  -2537.17307179  -2537.17942821 
max(|Fr_perp|)   :   0.00000000    0.00379606    0.00675010    0.01022695    0.01198349    0.01977581    0.00904184    0.00528656    0.00332700    0.00000000 
Fr_paral         :   0.00000000   -0.00680136   -0.02543402    0.00704605    0.05200732    0.00333437    0.00306736    0.00231665    0.00320625    0.00000000 
max(|Fsp_paral|) :   0.00000000    0.00161352    0.00561920    0.01133431    0.02150678    0.01520195    0.00697522    0.00832222    0.00204569    0.00000000 
max(|Fsp_perp|)  :   0.00000000    0.00000000    0.00000000    0.00000000    0.00000000    0.00000000    0.00000000    0.00000000    0.00000000    0.00000000 
max(|FNEB|)      :   0.00000000    0.00372693    0.00832798    0.01212153    0.01996222    0.01498300    0.00705212    0.00763022    0.00252403    0.00000000 
max(|Force|)     :   0.00009241    0.00373690    0.01814160    0.01057168    0.03607603    0.02003231    0.00929877    0.00541638    0.00370575    0.00035406 
ksp              :   0.03287169    0.06311563    0.10000000    0.10000000    0.04784069    0.02888679    0.01874676    0.01000000    0.01000000 
max(|step|)      :   0.00000000    0.00623055    0.01379915    0.02023854    0.03421372    0.03788267    0.01448469    0.01326873    0.00418591    0.00030461 
angle (deg.)     :    21.5334  62.7761  58.2469  53.7357  16.1814  12.4146  16.7963  19.9869 
>
iteration       : 32
climbing        : no
zoom on         : no
nim             : 10
barrier         :   0.10075207 (image:  3) 
distance        :   0.00000000    8.47130930   12.77566577   15.40317991   17.85809363   22.20211512   27.29659765   33.40794972   41.24300239   48.11949295 
energy          : -2537.14379937  -2537.11827677  -2537.08473270  -2537.04304730  -2537.10008795  -2537.12255039  -2537.13417454  -2537.14779558  -2537.17314088  -2537.17942821 
max(|Fr_perp|)   :   0.00000000    0.00370165    0.00675900    0.01151630    0.01363178    0.01408220    0.00787782    0.00539066    0.00300124    0.00000000 
Fr_paral         :   0.00000000   -0.00679687   -0.02505522    0.00761765    0.05447779    0.00313291    0.00308800    0.00227726    0.00314755    0.00000000 
max(|Fsp_paral|) :   0.00000000    0.00155922    0.00544426    0.01300359    0.01796728    0.01615895    0.00735937    0.00804445    0.00210733    0.00000000 
max(|Fsp_perp|)  :   0.00000000    0.00000000    0.00000000    0.00000000    0.00000000    0.00000000    0.00000000    0.00000000    0.00000000    0.00000000 
max(|FNEB|)      :   0.00000000    0.00363039    0.00782349    0.01374860    0.01921778    0.01697430    0.00745362    0.00789015    0.00246886    0.00000000 
max(|Force|)     :   0.00009241    0.00363870    0.01773561    0.01188612    0.03488721    0.01418828    0.00823620    0.00551774    0.00337290    0.00035406 
ksp              :   0.03279888    0.06276319    0.10000000    0.10000000    0.04904662    0.02898133    0.01859769    0.01000000    0.01000000 
max(|step|)      :   0.00000000    0.02427893    0.05218076    0.08549774    0.10000000    0.09599246    0.06147331    0.05320362    0.01599288    0.00071200 
angle (deg.)     :    22.0763  65.1500  59.6079  55.4722  17.2470  13.0197  17.0621  20.3226 
>
iteration       : 33
climbing        : no
zoom on         : no
nim             : 10
barrier         :   0.09998344 (image:  3) 
distance        :   0.00000000    8.43452509   12.79121124   15.39729697   17.78995097   22.03217820   27.20772473   33.36770518   41.37817771   48.32291076 
energy          : -2537.14379937  -2537.11914272  -2537.08732335  -2537.04381593  -2537.09192014  -2537.11528767  -2537.13285586  -2537.14784489  -2537.17335182  -2537.17942821 
max(|Fr_perp|)   :   0.00000000    0.00348194    0.00646443    0.01476220    0.04180366    0.03963407    0.01792879    0.00891114    0.00293369    0.00000000 
Fr_paral         :   0.00000000   -0.00673674   -0.02287335    0.00752396    0.05863569    0.00170427    0.00389955    0.00233651    0.00300191    0.00000000 
max(|Fsp_paral|) :   0.00000000    0.00130619    0.00320239    0.01605925    0.00078433    0.01448367    0.01331289    0.00962120    0.00233650    0.00000000 
max(|Fsp_perp|)  :   0.00000000    0.00000000    0.00000000    0.00000000    0.00000000    0.00000000    0.00000000    0.00000000    0.00000000    0.00000000 
max(|FNEB|)      :   0.00000000    0.00399621    0.00544221    0.01586841    0.04216500    0.04348673    0.02248593    0.01021701    0.00308083    0.00000000 
max(|Force|)     :   0.00009241    0.00401406    0.01565222    0.01472115    0.05282379    0.03962312    0.01770758    0.00897186    0.00295143    0.00035406 
ksp              :   0.03219432    0.06083654    0.10000000    0.10000000    0.05672872    0.03570177    0.01985825    0.01000000    0.01000000 
max(|step|)      :   0.00000000    0.00918950    0.01251464    0.03649023    0.09696062    0.10000000    0.05170758    0.02349455    0.00708454    0.00000000 
angle (deg.)     :    22.3120  65.8064  60.7713  56.9224  16.8963  13.0844  17.1712  20.4243 
>
iteration       : 34
climbing        : no
zoom on         : no
nim             : 10
barrier         :   0.09860677 (image:  3) 
distance        :   0.00000000    8.42452576   12.79675855   15.38102646   17.83413786   21.99878784   27.15283565   33.35952185   41.44018002   48.41135408 
energy          : -2537.14379937  -2537.11944218  -2537.08821382  -2537.04519260  -2537.09865392  -2537.12267619  -2537.13390045  -2537.14799545  -2537.17341851  -2537.17942821 
max(|Fr_perp|)   :   0.00000000    0.00660233    0.00600787    0.01126394    0.01183068    0.01026044    0.00967563    0.00543110    0.00301568    0.00000000 
Fr_paral         :   0.00000000   -0.00671320   -0.02216931    0.00676400    0.05625600    0.00330447    0.00331524    0.00233844    0.00300728    0.00000000 
max(|Fsp_paral|) :   0.00000000    0.00120115    0.00508344    0.00986444    0.01819524    0.01645726    0.00691909    0.00850155    0.00242928    0.00000000 
max(|Fsp_perp|)  :   0.00000000    0.00000000    0.00000000    0.00000000    0.00000000    0.00000000    0.00000000    0.00000000    0.00000000    0.00000000 
max(|FNEB|)      :   0.00000000    0.00614620    0.00562273    0.01128320    0.01679156    0.01605253    0.01288084    0.01014301    0.00441451    0.00000000 
max(|Force|)     :   0.00009241    0.00609114    0.01492194    0.01161068    0.03474472    0.01043258    0.00935131    0.00516688    0.00306804    0.00035406 
ksp              :   0.03223120    0.06073383    0.10000000    0.10000000    0.05120498    0.02927947    0.01903491    0.01000000    0.01000000 
max(|step|)      :   0.00000000    0.01211793    0.01932875    0.04604087    0.04896265    0.07174403    0.03305996    0.02977367    0.00977836    0.00114361 
angle (deg.)     :    22.6580  66.7903  61.9767  57.9149  17.1030  13.4599  17.2831  20.5756 
>
iteration       : 35
climbing        : no
zoom on         : no
nim             : 10
barrier         :   0.09783842 (image:  3) 
distance        :   0.00000000    8.41036170   12.80286599   15.37454051   17.82982902   21.89657144   27.10467202   33.32975828   41.50759174   48.52049117 
energy          : -2537.14379937  -2537.11987437  -2537.08935061  -2537.04596095  -2537.09633193  -2537.11940998  -2537.13342356  -2537.14800283  -2537.17348792  -2537.17942821 
max(|Fr_perp|)   :   0.00000000    0.00616133    0.00558227    0.00995571    0.02446526    0.03691240    0.01314882    0.00704815    0.00374602    0.00000000 
Fr_paral         :   0.00000000   -0.00666687   -0.02101896    0.00474874    0.05523860    0.00349582    0.00363897    0.00244957    0.00302307    0.00000000 
max(|Fsp_paral|) :   0.00000000    0.00105198    0.00476650    0.00870230    0.01544114    0.01350237    0.00988295    0.00908385    0.00254655    0.00000000 
max(|Fsp_perp|)  :   0.00000000    0.00000000    0.00000000    0.00000000    0.00000000    0.00000000    0.00000000    0.00000000    0.00000000    0.00000000 
max(|FNEB|)      :   0.00000000    0.00654699    0.00519530    0.01059541    0.02678696    0.03453297    0.01222600    0.00996397    0.00506668    0.00000000 
max(|Force|)     :   0.00009241    0.00664918    0.01408431    0.01001244    0.03718605    0.03708107    0.01323158    0.00686909    0.00340330    0.00035406 
ksp              :   0.03200823    0.06008654    0.10000000    0.10000000    0.05366454    0.03243541    0.01954454    0.01000000    0.01000000 
max(|step|)      :   0.00000000    0.02649972    0.04281334    0.10000000    0.09927161    0.08911948    0.07732000    0.06568541    0.01992421    0.00186519 
angle (deg.)     :    23.4747  68.9867  64.5068  59.9287  18.1154  14.2630  17.5840  20.9106 
>
iteration       : 36
climbing        : no
zoom on         : no
nim             : 10
barrier         :   0.09669989 (image:  3) 
distance        :   0.00000000    8.38055761   12.81797254   15.37190860   17.83185824   21.70173248   27.00031394   33.27949994   41.67612527   48.78305656 
energy          : -2537.14379937  -2537.12069370  -2537.09168228  -2537.04709948  -2537.09163840  -2537.11079271  -2537.13221935  -2537.14794669  -2537.17361755  -2537.17942821 
max(|Fr_perp|)   :   0.00000000    0.01215628    0.00657578    0.02040657    0.03627927    0.07696286    0.02398751    0.01057728    0.00570243    0.00000000 
Fr_paral         :   0.00000000   -0.00656183   -0.01781458    0.00112403    0.05512996    0.00208433    0.00423159    0.00257290    0.00295781    0.00000000 
max(|Fsp_paral|) :   0.00000000    0.00089059    0.00287182    0.00693998    0.01091840    0.00306771    0.01753681    0.01059887    0.00280965    0.00000000 
max(|Fsp_perp|)  :   0.00000000    0.00000000    0.00000000    0.00000000    0.00000000    0.00000000    0.00000000    0.00000000    0.00000000    0.00000000 
max(|FNEB|)      :   0.00000000    0.01253236    0.00638747    0.01904845    0.04117853    0.07666768    0.02211594    0.01394060    0.00717727    0.00000000 
max(|Force|)     :   0.00009241    0.01268355    0.01207194    0.02062282    0.04274573    0.07739996    0.02418449    0.01046278    0.00540443    0.00035406 
ksp              :   0.03150528    0.05850412    0.10000000    0.10000000    0.05857171    0.04081643    0.02078741    0.01000000    0.01000000 
max(|step|)      :   0.00000000    0.01631357    0.00831467    0.02479566    0.05360274    0.09979953    0.02878867    0.01814670    0.00934277    0.00000000 
angle (deg.)     :    23.6073  69.1600  64.5003  59.9068  18.5359  14.1159  17.7133  20.9666 
>
iteration       : 37
climbing        : no
zoom on         : no
nim             : 10
barrier         :   0.09521842 (image:  3) 
distance        :   0.00000000    8.37746543   12.81916809   15.37171651   17.82137228   21.71303244   26.91319797   33.24258131   41.68216599   48.80689721 
energy          : -2537.14379937  -2537.12095249  -2537.09212608  -2537.04858095  -2537.09517139  -2537.12346943  -2537.13354631  -2537.14813899  -2537.17365326  -2537.17942821 
max(|Fr_perp|)   :   0.00000000    0.00724593    0.00470672    0.00812318    0.01258355    0.00992992    0.00865506    0.00741246    0.00388305    0.00000000 
Fr_paral         :   0.00000000   -0.00662653   -0.01768281    0.00287441    0.05997480    0.00272277    0.00332734    0.00242768    0.00285444    0.00000000 
max(|Fsp_paral|) :   0.00000000    0.00067227    0.00413661    0.00764108    0.01557584    0.01936132    0.00557697    0.00914764    0.00286292    0.00000000 
max(|Fsp_perp|)  :   0.00000000    0.00000000    0.00000000    0.00000000    0.00000000    0.00000000    0.00000000    0.00000000    0.00000000    0.00000000 
max(|FNEB|)      :   0.00000000    0.00699852    0.00483416    0.01127401    0.01887358    0.01599863    0.01135938    0.01194245    0.00553839    0.00000000 
max(|Force|)     :   0.00009241    0.00675334    0.01194056    0.00858253    0.03952959    0.00996548    0.00832538    0.00758304    0.00378986    0.00035406 
ksp              :   0.03159476    0.05884135    0.10000000    0.10000000    0.05596294    0.02921577    0.01969114    0.01000000    0.01000000 
max(|step|)      :   0.00000000    0.00481702    0.00778735    0.01757914    0.02739147    0.03146896    0.01440960    0.01512571    0.00562772    0.00017810 
angle (deg.)     :    23.7665  69.3929  64.4873  59.8235  18.9079  14.2809  17.7691  21.0226 
>
iteration       : 38
climbing        : no
zoom on         : no
nim             : 10
barrier         :   0.09451106 (image:  3) 
distance        :   0.00000000    8.37504754   12.81981139   15.37277719   17.80160962   21.65628240   26.87598464   33.20420538   41.68834496   48.83504357 
energy          : -2537.14379937  -2537.12116045  -2537.09255216  -2537.04928830  -2537.09409452  -2537.12311122  -2537.13368898  -2537.14821047  -2537.17367812  -2537.17942821 
max(|Fr_perp|)   :   0.00000000    0.00294602    0.00468097    0.00902425    0.01001400    0.01902337    0.00682905    0.00467686    0.00213248    0.00000000 
Fr_paral         :   0.00000000   -0.00662136   -0.01727111    0.00334418    0.06222610    0.00231724    0.00341921    0.00244795    0.00285685    0.00000000 
max(|Fsp_paral|) :   0.00000000    0.00059726    0.00408130    0.00922435    0.01269567    0.01955013    0.00627202    0.00894959    0.00291031    0.00000000 
max(|Fsp_perp|)  :   0.00000000    0.00000000    0.00000000    0.00000000    0.00000000    0.00000000    0.00000000    0.00000000    0.00000000    0.00000000 
max(|FNEB|)      :   0.00000000    0.00288981    0.00486622    0.01243845    0.01532946    0.02447070    0.00647661    0.00845919    0.00316509    0.00000000 
max(|Force|)     :   0.00009241    0.00343569    0.01141632    0.00918594    0.03540805    0.01883202    0.00734669    0.00482649    0.00245068    0.00035406 
ksp              :   0.03155835    0.05880115    0.10000000    0.10000000    0.05733241    0.02970069    0.01962781    0.01000000    0.01000000 
max(|step|)      :   0.00000000    0.01901076    0.03149197    0.07347484    0.10000000    0.09968884    0.05489434    0.05628225    0.01993120    0.00088104 
angle (deg.)     :    24.4216  70.3660  64.9858  59.9413  20.5322  14.9400  18.0143  21.2392 
>
iteration       : 39
climbing        : no
zoom on         : no
nim             : 10
barrier         :   0.09387216 (image:  3) 
distance        :   0.00000000    8.36682108   12.82293768   15.37710886   17.74754386   21.44816752   26.75193004   33.08162785   41.73980450   48.97479680 
energy          : -2537.14379937  -2537.12171851  -2537.09395695  -2537.04992721  -2537.08582396  -2537.11829279  -2537.13233907  -2537.14802253  -2537.17369764  -2537.17942821 
max(|Fr_perp|)   :   0.00000000    0.00375051    0.00482857    0.01545923    0.03570471    0.05224901    0.02055551    0.00758507    0.00293645    0.00000000 
Fr_paral         :   0.00000000   -0.00658333   -0.01534398    0.00327392    0.06572769    0.00070602    0.00409900    0.00253548    0.00281228    0.00000000 
max(|Fsp_paral|) :   0.00000000    0.00067739    0.00136080    0.01358731    0.00342727    0.01844365    0.00999929    0.01051570    0.00308956    0.00000000 
max(|Fsp_perp|)  :   0.00000000    0.00000000    0.00000000    0.00000000    0.00000000    0.00000000    0.00000000    0.00000000    0.00000000    0.00000000 
max(|FNEB|)      :   0.00000000    0.00401864    0.00473561    0.01559739    0.03701380    0.05816928    0.02433029    0.01049028    0.00452241    0.00000000 
max(|Force|)     :   0.00009241    0.00425570    0.00918595    0.01548961    0.04956954    0.05239885    0.02033588    0.00765137    0.00271641    0.00035406 
ksp              :   0.03116913    0.05778411    0.10000000    0.10000000    0.06560852    0.03449101    0.02099480    0.01000000    0.01000000 
max(|step|)      :   0.00000000    0.00690852    0.00814109    0.02681380    0.06363118    0.10000000    0.04182670    0.01803405    0.00777456    0.00000000 
angle (deg.)     :    24.6192  70.5165  66.0786  60.6493  20.1693  15.0698  18.0706  21.2921 
>
iteration       : 40
climbing        : no
zoom on         : no
nim             : 10
barrier         :   0.09228813 (image:  3) 
distance        :   0.00000000    8.36476446   12.82483882   15.36489164   17.78072791   21.40473308   26.71935824   33.05606502   41.76762122   49.02794805 
energy          : -2537.14379937  -2537.12190179  -2537.09438575  -2537.05151124  -2537.09066496  -2537.12375604  -2537.13338074  -2537.14809519  -2537.17371054  -2537.17942821 
max(|Fr_perp|)   :   0.00000000    0.00454412    0.00444181    0.00994101    0.01108032    0.02132278    0.00599350    0.00569842    0.00309890    0.00000000 
Fr_paral         :   0.00000000   -0.00661283   -0.01514549    0.00268171    0.06395939    0.00262835    0.00358932    0.00249704    0.00280482    0.00000000 
max(|Fsp_paral|) :   0.00000000    0.00056730    0.00357285    0.00914498    0.01033042    0.02112208    0.00581280    0.00921896    0.00314769    0.00000000 
max(|Fsp_perp|)  :   0.00000000    0.00000000    0.00000000    0.00000000    0.00000000    0.00000000    0.00000000    0.00000000    0.00000000    0.00000000 
max(|FNEB|)      :   0.00000000    0.00434271    0.00464187    0.01219574    0.01432033    0.02581437    0.00847236    0.01071089    0.00492442    0.00000000 
max(|Force|)     :   0.00009241    0.00429879    0.00917740    0.01005670    0.03707750    0.02114657    0.00612218    0.00574914    0.00283094    0.00035406 
ksp              :   0.03135466    0.05818849    0.10000000    0.10000000    0.06181704    0.02954639    0.02016032    0.01000000    0.01000000 
max(|step|)      :   0.00000000    0.01121617    0.01879218    0.05301811    0.06565068    0.09653018    0.03997495    0.03589131    0.01283202    0.00157819 
angle (deg.)     :    25.0533  70.9435  67.6764  61.3390  20.3698  15.5813  18.1814  21.4075 
>
iteration       : 41
climbing        : no
zoom on         : no
nim             : 10
barrier         :   0.09137586 (image:  3) 
distance        :   0.00000000    8.36144928   12.82698533   15.35488500   17.80795213   21.26375174   26.67799427   32.99588163   41.81712097   49.13656084 
energy          : -2537.14379937  -2537.12224290  -2537.09506406  -2537.05242351  -2537.08873191  -2537.11926708  -2537.13245936  -2537.14793733  -2537.17370254  -2537.17942821 
max(|Fr_perp|)   :   0.00000000    0.00275543    0.00585755    0.01116377    0.02376056    0.05427457    0.01671171    0.00628977    0.00239405    0.00000000 
Fr_paral         :   0.00000000   -0.00663102   -0.01417226    0.00028055    0.05938390    0.00318853    0.00402747    0.00265335    0.00287282    0.00000000 
max(|Fsp_paral|) :   0.00000000    0.00044431    0.00393293    0.00542706    0.01345140    0.01221699    0.01003172    0.01032492    0.00325182    0.00000000 
max(|Fsp_perp|)  :   0.00000000    0.00000000    0.00000000    0.00000000    0.00000000    0.00000000    0.00000000    0.00000000    0.00000000    0.00000000 
max(|FNEB|)      :   0.00000000    0.00270328    0.00549848    0.01107002    0.02955594    0.05244552    0.01555736    0.00997347    0.00403311    0.00000000 
max(|Force|)     :   0.00009241    0.00363724    0.00860589    0.01116728    0.04331017    0.05443207    0.01680247    0.00625273    0.00259722    0.00035406 
ksp              :   0.03123189    0.05800149    0.10000000    0.10000000    0.06423831    0.03416291    0.02116926    0.01000000    0.01000000 
max(|step|)      :   0.00000000    0.01704129    0.02851499    0.07658840    0.07244351    0.07750174    0.05491886    0.05829596    0.01982524    0.00172411 
angle (deg.)     :    25.7263  71.6230  69.6288  61.8840  21.5477  16.1922  18.4317  21.5903 
>
iteration       : 42
climbing        : no
zoom on         : no
nim             : 10
barrier         :   0.09074427 (image:  3) 
distance        :   0.00000000    8.35780722   12.83025947   15.35304664   17.83944438   21.09480102   26.58114960   32.89705237   41.89477215   49.30672247 
energy          : -2537.14379937  -2537.12274239  -2537.09610817  -2537.05305509  -2537.08576243  -2537.11735275  -2537.13139449  -2537.14771103  -2537.17368916  -2537.17942821 
max(|Fr_perp|)   :   0.00000000    0.00292939    0.00799528    0.02159275    0.03252189    0.06111299    0.02321017    0.00800721    0.00298835    0.00000000 
Fr_paral         :   0.00000000   -0.00665015   -0.01259103   -0.00199514    0.05726163    0.00299618    0.00424323    0.00276088    0.00285891    0.00000000 
max(|Fsp_paral|) :   0.00000000    0.00039058    0.00243152    0.00259344    0.01638897    0.00738020    0.01112236    0.01151564    0.00342506    0.00000000 
max(|Fsp_perp|)  :   0.00000000    0.00000000    0.00000000    0.00000000    0.00000000    0.00000000    0.00000000    0.00000000    0.00000000    0.00000000 
max(|FNEB|)      :   0.00000000    0.00294629    0.00775197    0.02098368    0.03980545    0.06005656    0.02187925    0.01089419    0.00384164    0.00000000 
max(|Force|)     :   0.00009241    0.00362013    0.00761196    0.02125881    0.04876512    0.06126253    0.02360960    0.00796472    0.00298399    0.00035406 
ksp              :   0.03088427    0.05730004    0.10000000    0.10000000    0.06756092    0.03622971    0.02230314    0.01000000    0.01000000 
max(|step|)      :   0.00000000    0.02241700    0.03720542    0.10000000    0.08910677    0.09607625    0.07596714    0.07966847    0.02722197    0.00194450 
angle (deg.)     :    26.6555  72.4584  71.9152  62.0851  23.8307  16.9153  18.8142  21.8295 
>
iteration       : 43
climbing        : no
zoom on         : no
nim             : 10
barrier         :   0.08940619 (image:  3) 
distance        :   0.00000000    8.35388498   12.83742627   15.35885625   17.88194600   20.90661991   26.44676890   32.76638359   42.00800327   49.54434379 
energy          : -2537.14379937  -2537.12339742  -2537.09737991  -2537.05439318  -2537.08203863  -2537.11785162  -2537.13051022  -2537.14739638  -2537.17366342  -2537.17942821 
max(|Fr_perp|)   :   0.00000000    0.00348709    0.00931119    0.02865136    0.03931860    0.06500762    0.02762719    0.00913672    0.00349724    0.00000000 
Fr_paral         :   0.00000000   -0.00665349   -0.01085397   -0.00354855    0.05498760    0.00363936    0.00426064    0.00287988    0.00287027    0.00000000 
max(|Fsp_paral|) :   0.00000000    0.00016485    0.00124747    0.00010219    0.01925141    0.00669347    0.01021216    0.01249528    0.00367132    0.00000000 
max(|Fsp_perp|)  :   0.00000000    0.00000000    0.00000000    0.00000000    0.00000000    0.00000000    0.00000000    0.00000000    0.00000000    0.00000000 
max(|FNEB|)      :   0.00000000    0.00349756    0.00919509    0.02882265    0.04825153    0.06454816    0.02432341    0.01217808    0.00400389    0.00000000 
max(|Force|)     :   0.00009241    0.00359277    0.00863461    0.02816023    0.05277598    0.06544836    0.02811196    0.00911833    0.00350425    0.00035406 
ksp              :   0.03053407    0.05672087    0.10000000    0.10000000    0.07218541    0.03618707    0.02338928    0.01000000    0.01000000 
max(|step|)      :   0.00000000    0.00541853    0.01424532    0.04465295    0.07475276    0.10000000    0.03768258    0.01886666    0.00620294    0.00000000 
angle (deg.)     :    26.8241  72.4517  71.1823  60.7883  24.7926  16.9123  18.8882  21.8788 
>
iteration       : 44
climbing        : no
zoom on         : no
nim             : 10
barrier         :   0.08587013 (image:  3) 
distance        :   0.00000000    8.35596494   12.83816041   15.36358983   17.83568793   20.87032874   26.35989277   32.67495689   41.97424688   49.53763315 
energy          : -2537.14379937  -2537.12356799  -2537.09790801  -2537.05792924  -2537.08542058  -2537.12641271  -2537.13258762  -2537.14755028  -2537.17367798  -2537.17942821 
max(|Fr_perp|)   :   0.00000000    0.00237018    0.00333401    0.00926719    0.01506447    0.01042092    0.00742433    0.00432209    0.00216355    0.00000000 
Fr_paral         :   0.00000000   -0.00659410   -0.01115303   -0.00202281    0.06205084    0.00389173    0.00344602    0.00277221    0.00281779    0.00000000 
max(|Fsp_paral|) :   0.00000000    0.00007212    0.00449394    0.00376951    0.01823714    0.02283440    0.00341821    0.00999608    0.00373503    0.00000000 
max(|Fsp_perp|)  :   0.00000000    0.00000000    0.00000000    0.00000000    0.00000000    0.00000000    0.00000000    0.00000000    0.00000000    0.00000000 
max(|FNEB|)      :   0.00000000    0.00235995    0.00461153    0.00984184    0.02310261    0.02176588    0.00437495    0.00959787    0.00408591    0.00000000 
max(|Force|)     :   0.00009241    0.00354536    0.00648963    0.00925592    0.04429652    0.01058053    0.00809466    0.00452626    0.00248189    0.00035406 
ksp              :   0.03120439    0.05809848    0.10000000    0.10000000    0.07118648    0.02822285    0.02175097    0.01000000    0.01000000 
max(|step|)      :   0.00000000    0.00584059    0.00960208    0.03205641    0.05713455    0.04132893    0.02171370    0.02491756    0.00998931    0.00026666 
angle (deg.)     :    27.0577  72.6142  70.6621  59.3763  25.9954  17.2033  18.9391  21.9393 
>
iteration       : 45
climbing        : no
zoom on         : no
nim             : 10
barrier         :   0.08204092 (image:  3) 
distance        :   0.00000000    8.35988722   12.83622877   15.37663499   17.78669389   20.76284589   26.31192810   32.57755570   41.94721956   49.55349305 
energy          : -2537.14379937  -2537.12371831  -2537.09833926  -2537.06175845  -2537.08156689  -2537.12570468  -2537.13240352  -2537.14741105  -2537.17364886  -2537.17942821 
max(|Fr_perp|)   :   0.00000000    0.00229462    0.00351295    0.01455463    0.01518969    0.02427637    0.00965223    0.00428733    0.00200299    0.00000000 
Fr_paral         :   0.00000000   -0.00658301   -0.01034394   -0.01827316    0.06520623    0.00373102    0.00361906    0.00276720    0.00280864    0.00000000 
max(|Fsp_paral|) :   0.00000000    0.00005214    0.00785622    0.00921893    0.00485351    0.02546721    0.00488826    0.01064836    0.00379090    0.00000000 
max(|Fsp_perp|)  :   0.00000000    0.00000000    0.00000000    0.00000000    0.00000000    0.00000000    0.00000000    0.00000000    0.00000000    0.00000000 
max(|FNEB|)      :   0.00000000    0.00230214    0.00742530    0.01861668    0.01337077    0.02950197    0.01165992    0.01030902    0.00406789    0.00000000 
max(|Force|)     :   0.00009241    0.00360361    0.00539050    0.02024915    0.03816428    0.02398668    0.00935753    0.00449059    0.00232141    0.00035406 
ksp              :   0.03202920    0.05987035    0.10000000    0.10000000    0.07826987    0.02985011    0.02250140    0.01000000    0.01000000 
max(|step|)      :   0.00000000    0.01372224    0.02795384    0.05732788    0.10000000    0.08553043    0.03977774    0.06040455    0.02262733    0.00113078 
angle (deg.)     :    27.5782  73.0020  71.2410  57.8105  28.6624  17.8603  19.0949  22.0791 
>
iteration       : 46
climbing        : no
zoom on         : no
nim             : 10
barrier         :   0.08151587 (image:  3) 
distance        :   0.00000000    8.37033263   12.82821382   15.42727962   17.76989238   20.58696964   26.27305350   32.43111663   41.97175694   49.67956277 
energy          : -2537.14379937  -2537.12402197  -2537.09915460  -2537.06228350  -2537.07012498  -2537.12331802  -2537.13107118  -2537.14695408  -2537.17356418  -2537.17942821 
max(|Fr_perp|)   :   0.00000000    0.00284451    0.00685212    0.02598906    0.04207105    0.03909707    0.02185866    0.00832300    0.00325840    0.00000000 
Fr_paral         :   0.00000000   -0.00658657   -0.00750809   -0.01783116    0.06442438    0.00367392    0.00405824    0.00281826    0.00279955    0.00000000 
max(|Fsp_paral|) :   0.00000000    0.00047924    0.00236577    0.01742524    0.01430300    0.02815215    0.00774767    0.01185496    0.00393197    0.00000000 
max(|Fsp_perp|)  :   0.00000000    0.00000000    0.00000000    0.00000000    0.00000000    0.00000000    0.00000000    0.00000000    0.00000000    0.00000000 
max(|FNEB|)      :   0.00000000    0.00283314    0.00719829    0.02573955    0.04725317    0.04568136    0.02493111    0.01149110    0.00420858    0.00000000 
max(|Force|)     :   0.00009241    0.00375228    0.00743139    0.02583531    0.05745437    0.03891060    0.02161154    0.00840350    0.00328032    0.00035406 
ksp              :   0.03183093    0.05928113    0.10000000    0.10000000    0.09137815    0.03263200    0.02405935    0.01000000    0.01000000 
max(|step|)      :   0.00000000    0.00599567    0.01523345    0.05447157    0.10000000    0.09667363    0.05276070    0.02431816    0.00890644    0.00000000 
angle (deg.)     :    27.7965  72.9195  74.0518  59.1615  27.6112  18.1134  19.1442  22.1253 
>
iteration       : 47
climbing        : no
zoom on         : no
nim             : 10
barrier         :   0.07643275 (image:  3) 
distance        :   0.00000000    8.37054271   12.82680972   15.42655626   17.88271444   20.54567399   26.29409812   32.42029349   42.03082655   49.77782009 
energy          : -2537.14379937  -2537.12422803  -2537.09971915  -2537.06736662  -2537.08013850  -2537.12668532  -2537.13247095  -2537.14697866  -2537.17355292  -2537.17942821 
max(|Fr_perp|)   :   0.00000000    0.00233215    0.00354083    0.00993711    0.00991112    0.01265977    0.00597249    0.00383682    0.00213413    0.00000000 
Fr_paral         :   0.00000000   -0.00660910   -0.00742752   -0.01885037    0.06227010    0.00692749    0.00380413    0.00284935    0.00286842    0.00000000 
max(|Fsp_paral|) :   0.00000000    0.00016491    0.00843116    0.00977342    0.01132750    0.02184936    0.00641292    0.01052313    0.00399346    0.00000000 
max(|Fsp_perp|)  :   0.00000000    0.00000000    0.00000000    0.00000000    0.00000000    0.00000000    0.00000000    0.00000000    0.00000000    0.00000000 
max(|FNEB|)      :   0.00000000    0.00249706    0.00703154    0.01525164    0.01474849    0.01528112    0.00596233    0.01006751    0.00433698    0.00000000 
max(|Force|)     :   0.00009241    0.00379771    0.00395470    0.01691406    0.03840663    0.01320639    0.00630284    0.00405536    0.00246171    0.00035406 
ksp              :   0.03304536    0.06190471    0.10000000    0.10000000    0.08496104    0.03015189    0.02333928    0.01000000    0.01000000 
max(|step|)      :   0.00000000    0.00952611    0.01899286    0.06440698    0.04776947    0.06820007    0.02353049    0.03875917    0.01532913    0.00110390 
angle (deg.)     :    28.0839  73.2118  76.5224  59.2365  28.4582  18.5528  19.2699  22.2061 
>
iteration       : 48
climbing        : no
zoom on         : no
nim             : 10
barrier         :   0.07356922 (image:  3) 
distance        :   0.00000000    8.37441482   12.81589836   15.46544029   17.97999133   20.48134009   26.32360339   32.39182841   42.11017136   49.92700383 
energy          : -2537.14379937  -2537.12445838  -2537.10036318  -2537.07023015  -2537.07879842  -2537.12526397  -2537.13198232  -2537.14671741  -2537.17349181  -2537.17942821 
max(|Fr_perp|)   :   0.00000000    0.00226518    0.00422721    0.01400409    0.01705081    0.03497603    0.01618029    0.00397547    0.00227315    0.00000000 
Fr_paral         :   0.00000000   -0.00662513   -0.00499478   -0.01955832    0.05907920    0.00798467    0.00394338    0.00292661    0.00290672    0.00000000 
max(|Fsp_paral|) :   0.00000000    0.00032659    0.00794197    0.00878109    0.01562677    0.01427483    0.00923109    0.01148055    0.00406847    0.00000000 
max(|Fsp_perp|)  :   0.00000000    0.00000000    0.00000000    0.00000000    0.00000000    0.00000000    0.00000000    0.00000000    0.00000000    0.00000000 
max(|FNEB|)      :   0.00000000    0.00259177    0.00813947    0.01175833    0.02064675    0.03283973    0.01536429    0.01114387    0.00446619    0.00000000 
max(|Force|)     :   0.00009241    0.00374215    0.00493592    0.01354110    0.04399952    0.03549262    0.01625602    0.00420798    0.00260627    0.00035406 
ksp              :   0.03366056    0.06313712    0.10000000    0.10000000    0.08951811    0.03267505    0.02445624    0.01000000    0.01000000 
max(|step|)      :   0.00000000    0.01599021    0.03203153    0.10000000    0.07230449    0.09574388    0.04314360    0.06678966    0.02552994    0.00214838 
angle (deg.)     :    28.5883  73.7780  80.2237  58.6762  30.8613  19.1482  19.5338  22.3443 
>
iteration       : 49
climbing        : no
zoom on         : no
nim             : 10
barrier         :   0.07157672 (image:  3) 
distance        :   0.00000000    8.38006009   12.79862001   15.53821606   18.13860299   20.41385656   26.36449199   32.34886924   42.25416684   50.18845830 
energy          : -2537.14379937  -2537.12484838  -2537.10124321  -2537.07222265  -2537.07568867  -2537.12397138  -2537.13121409  -2537.14626723  -2537.17338890  -2537.17942821 
max(|Fr_perp|)   :   0.00000000    0.00221410    0.00613471    0.02769424    0.02627293    0.03673264    0.01906185    0.00436418    0.00239674    0.00000000 
Fr_paral         :   0.00000000   -0.00662804   -0.00170306   -0.01429029    0.05458288    0.00979174    0.00399294    0.00303270    0.00295385    0.00000000 
max(|Fsp_paral|) :   0.00000000    0.00064550    0.00319928    0.00822529    0.02317182    0.00445517    0.01205592    0.01239799    0.00420667    0.00000000 
max(|Fsp_perp|)  :   0.00000000    0.00000000    0.00000000    0.00000000    0.00000000    0.00000000    0.00000000    0.00000000    0.00000000    0.00000000 
max(|FNEB|)      :   0.00000000    0.00279190    0.00589518    0.02550283    0.03359800    0.03632364    0.02029992    0.01226901    0.00462352    0.00000000 
max(|Force|)     :   0.00009241    0.00363723    0.00602840    0.02544087    0.04832368    0.03756729    0.01923269    0.00450231    0.00273603    0.00035406 
ksp              :   0.03382332    0.06349849    0.10000000    0.10000000    0.09562741    0.03495926    0.02582946    0.01000000    0.01000000 
max(|step|)      :   0.00000000    0.00768618    0.01622961    0.07021002    0.09249623    0.10000000    0.05588625    0.03377693    0.01272869    0.00000000 
angle (deg.)     :    28.8334  73.7766  79.7421  55.2228  33.7678  18.9854  19.7011  22.4157 
>
iteration       : 50
climbing        : no
zoom on         : no
nim             : 10
barrier         :   0.07120327 (image:  4) 
distance        :   0.00000000    8.37901055   12.79332327   15.54093907   18.06858519   20.39446292   26.24177423   32.21865640   42.21916281   50.20845368 
energy          : -2537.14379937  -2537.12507567  -2537.10183009  -2537.07583336  -2537.07259610  -2537.12553691  -2537.13152122  -2537.14609692  -2537.17334772  -2537.17942821 
max(|Fr_perp|)   :   0.00000000    0.00207306    0.00337503    0.01178115    0.01008851    0.03133515    0.01477438    0.00432364    0.00208492    0.00000000 
Fr_paral         :   0.00000000   -0.00653368   -0.00333633   -0.01061426    0.06056958    0.00789035    0.00378265    0.00299929    0.00291670    0.00000000 
max(|Fsp_paral|) :   0.00000000    0.00085527    0.00697617    0.00613496    0.01165656    0.01835204    0.00918333    0.01168517    0.00428802    0.00000000 
max(|Fsp_perp|)  :   0.00000000    0.00000000    0.00000000    0.00000000    0.00000000    0.00000000    0.00000000    0.00000000    0.00000000    0.00000000 
max(|FNEB|)      :   0.00000000    0.00292833    0.00583441    0.01323474    0.01881546    0.03527488    0.01523106    0.01141006    0.00461684    0.00000000 
max(|Force|)     :   0.00009241    0.00355306    0.00360083    0.01321583    0.03510896    0.03054089    0.01473217    0.00458176    0.00242337    0.00035406 
ksp              :   0.03366651    0.06304862    0.09590815    0.10000000    0.10000000    0.03308351    0.02551942    0.01000000    0.01000000 
max(|step|)      :   0.00000000    0.01067483    0.01696492    0.04367084    0.06872483    0.03537482    0.03707521    0.04413494    0.01697132    0.00056690 
angle (deg.)     :    29.1364  74.0510  80.0826  52.8768  36.3931  18.9632  19.9019  22.5037 
>
iteration       : 51
climbing        : no
zoom on         : no
nim             : 10
barrier         :   0.07812686 (image:  4) 
distance        :   0.00000000    8.37580431   12.78241824   15.57145604   18.04321915   20.37401982   26.15462875   32.10303836   42.22585317   50.29061500 
energy          : -2537.14379937  -2537.12534973  -2537.10228379  -2537.07628632  -2537.06567251  -2537.12567172  -2537.13089357  -2537.14575677  -2537.17327254  -2537.17942821 
max(|Fr_perp|)   :   0.00000000    0.00226471    0.00415767    0.01850257    0.02457856    0.03431434    0.01788512    0.00407154    0.00200162    0.00000000 
Fr_paral         :   0.00000000   -0.00649117   -0.00264881   -0.00622656    0.05745496    0.00795939    0.00396984    0.00302117    0.00292835    0.00000000 
max(|Fsp_paral|) :   0.00000000    0.00158815    0.00457703    0.00137415    0.00838566    0.02636428    0.00691492    0.01034290    0.00438117    0.00000000 
max(|Fsp_perp|)  :   0.00000000    0.00000000    0.00000000    0.00000000    0.00000000    0.00000000    0.00000000    0.00000000    0.00000000    0.00000000 
max(|FNEB|)      :   0.00000000    0.00365055    0.00498006    0.01851313    0.03208058    0.03868770    0.02036443    0.01000846    0.00470917    0.00000000 
max(|Force|)     :   0.00009241    0.00354327    0.00437531    0.01847488    0.04362892    0.03367634    0.01756347    0.00434113    0.00234354    0.00035406 
ksp              :   0.03125348    0.05782481    0.08777318    0.10000000    0.10000000    0.03088255    0.02486713    0.01000000    0.01000000 
max(|step|)      :   0.00000000    0.01849096    0.02716416    0.04640948    0.10000000    0.06728796    0.04923077    0.06989913    0.02708908    0.00201637 
angle (deg.)     :    29.6841  74.4440  80.8790  49.9648  40.0913  19.1032  20.2427  22.6391 
>
iteration       : 52
climbing        : no
zoom on         : no
nim             : 10
barrier         :   0.08668132 (image:  4) 
distance        :   0.00000000    8.36635048   12.76782055   15.62666730   18.00574773   20.32541005   26.03737649   31.93311174   42.24626055   50.43506083 
energy          : -2537.14379937  -2537.12583596  -2537.10295868  -2537.07626595  -2537.05711805  -2537.12617920  -2537.13028777  -2537.14525492  -2537.17315019  -2537.17942821 
max(|Fr_perp|)   :   0.00000000    0.00261008    0.00513827    0.03131247    0.03473588    0.02839088    0.01884016    0.00462496    0.00196436    0.00000000 
Fr_paral         :   0.00000000   -0.00641595   -0.00195796   -0.00036536    0.04853528    0.00994938    0.00393091    0.00303966    0.00296249    0.00000000 
max(|Fsp_paral|) :   0.00000000    0.00209133    0.00072947    0.00513100    0.00359441    0.03598924    0.00459923    0.00847928    0.00451100    0.00000000 
max(|Fsp_perp|)  :   0.00000000    0.00000000    0.00000000    0.00000000    0.00000000    0.00000000    0.00000000    0.00000000    0.00000000    0.00000000 
max(|FNEB|)      :   0.00000000    0.00407480    0.00529174    0.03165067    0.03845120    0.03373544    0.02058647    0.00822949    0.00483372    0.00000000 
max(|Force|)     :   0.00009241    0.00346409    0.00532609    0.03143364    0.04525240    0.02779682    0.01859965    0.00442244    0.00231045    0.00035406 
ksp              :   0.02864456    0.05238914    0.08011391    0.10000000    0.10000000    0.02829803    0.02403088    0.01000000    0.01000000 
max(|step|)      :   0.00000000    0.01059732    0.01376222    0.08231388    0.10000000    0.08773572    0.05353922    0.02140243    0.01257106    0.00000000 
angle (deg.)     :    30.0024  74.2310  82.1806  50.7849  39.4115  19.6480  20.3210  22.6715 
>
iteration       : 53
climbing        : no
zoom on         : no
nim             : 10
barrier         :   0.08183387 (image:  4) 
distance        :   0.00000000    8.35110324   12.76838390   15.63979651   17.99800472   20.17864077   25.99666240   31.84770191   42.20404511   50.44837551 
energy          : -2537.14379937  -2537.12614742  -2537.10338770  -2537.07997522  -2537.06196550  -2537.12536359  -2537.13102430  -2537.14518709  -2537.17309553  -2537.17942821 
max(|Fr_perp|)   :   0.00000000    0.00189635    0.00325627    0.01266350    0.01065530    0.02693447    0.01536055    0.00394755    0.00226729    0.00000000 
Fr_paral         :   0.00000000   -0.00641434   -0.00202909   -0.00818499    0.04384595    0.01571966    0.00363854    0.00309209    0.00303716    0.00000000 
max(|Fsp_paral|) :   0.00000000    0.00119647    0.00482302    0.00298767    0.01022802    0.02309585    0.00845169    0.00816348    0.00448008    0.00000000 
max(|Fsp_perp|)  :   0.00000000    0.00000000    0.00000000    0.00000000    0.00000000    0.00000000    0.00000000    0.00000000    0.00000000    0.00000000 
max(|FNEB|)      :   0.00000000    0.00309282    0.00427774    0.01273752    0.01396414    0.02541820    0.01226076    0.00811576    0.00490285    0.00000000 
max(|Force|)     :   0.00009241    0.00338983    0.00310260    0.01255442    0.02931922    0.02750306    0.01567892    0.00425005    0.00262600    0.00035406 
ksp              :   0.02941342    0.05444431    0.08019310    0.10000000    0.10000000    0.03027547    0.02404989    0.01000000    0.01000000 
max(|step|)      :   0.00000000    0.01253122    0.01361820    0.04448875    0.06837891    0.08123100    0.02205990    0.02955664    0.01739381    0.00056507 
angle (deg.)     :    30.3664  74.2351  82.3778  51.0572  40.1189  20.1802  20.5217  22.7235 
>
iteration       : 54
climbing        : no
zoom on         : no
nim             : 10
barrier         :   0.08376029 (image:  4) 
distance        :   0.00000000    8.33749642   12.76383645   15.67216795   17.98216699   20.04859595   25.94214643   31.76541905   42.17965607   50.50119767 
energy          : -2537.14379937  -2537.12647796  -2537.10368085  -2537.07970683  -2537.06003907  -2537.12348954  -2537.13072414  -2537.14499826  -2537.17301039  -2537.17942821 
max(|Fr_perp|)   :   0.00000000    0.00179322    0.00384202    0.02260102    0.01820161    0.03513653    0.01942662    0.00418506    0.00237536    0.00000000 
Fr_paral         :   0.00000000   -0.00639250   -0.00093126   -0.01193618    0.03876855    0.01874133    0.00365751    0.00312563    0.00307361    0.00000000 
max(|Fsp_paral|) :   0.00000000    0.00081813    0.00269632    0.00088502    0.01376614    0.01098246    0.01172039    0.00786504    0.00443332    0.00000000 
max(|Fsp_perp|)  :   0.00000000    0.00000000    0.00000000    0.00000000    0.00000000    0.00000000    0.00000000    0.00000000    0.00000000    0.00000000 
max(|FNEB|)      :   0.00000000    0.00260332    0.00491253    0.02286513    0.02135153    0.03361852    0.01847687    0.00791328    0.00492093    0.00000000 
max(|Force|)     :   0.00009241    0.00328795    0.00381643    0.02066490    0.03473352    0.03662653    0.01949974    0.00450087    0.00274011    0.00035406 
ksp              :   0.02861176    0.05310714    0.07886710    0.10000000    0.10000000    0.03182280    0.02404927    0.01000000    0.01000000 
max(|step|)      :   0.00000000    0.01813431    0.02019648    0.03288988    0.08760245    0.10000000    0.03442686    0.04519871    0.02662634    0.00091610 
angle (deg.)     :    30.9246  74.2184  82.3176  50.7450  42.1535  20.8352  20.8742  22.8068 
>
iteration       : 55
climbing        : no
zoom on         : no
nim             : 10
barrier         :   0.08645304 (image:  4) 
distance        :   0.00000000    8.31997868   12.75796245   15.71602819   17.94803883   19.88925613   25.84921216   31.65331686   42.15469479   50.59443571 
energy          : -2537.14379937  -2537.12696469  -2537.10415979  -2537.07857069  -2537.05734633  -2537.12161476  -2537.13048266  -2537.14473788  -2537.17288420  -2537.17942821 
max(|Fr_perp|)   :   0.00000000    0.00194980    0.00510514    0.03996300    0.02015754    0.03499908    0.02066988    0.00443799    0.00242933    0.00000000 
Fr_paral         :   0.00000000   -0.00632313   -0.00041761   -0.01455806    0.03244330    0.02239087    0.00352667    0.00314265    0.00311067    0.00000000 
max(|Fsp_paral|) :   0.00000000    0.00035687    0.00142708    0.00398676    0.01610300    0.00193770    0.01508282    0.00730044    0.00435924    0.00000000 
max(|Fsp_perp|)  :   0.00000000    0.00000000    0.00000000    0.00000000    0.00000000    0.00000000    0.00000000    0.00000000    0.00000000    0.00000000 
max(|FNEB|)      :   0.00000000    0.00197741    0.00494817    0.03886244    0.02546747    0.03548483    0.01958565    0.00755167    0.00484402    0.00000000 
max(|Force|)     :   0.00009241    0.00312971    0.00514320    0.03758565    0.03602216    0.03707451    0.02087704    0.00477173    0.00280487    0.00035406 
ksp              :   0.02752315    0.05126134    0.07792419    0.10000000    0.10000000    0.03311304    0.02386658    0.01000000    0.01000000 
max(|step|)      :   0.00000000    0.00508822    0.01273254    0.10000000    0.06553235    0.09130880    0.05039739    0.01943179    0.01246453    0.00000000 
angle (deg.)     :    31.1856  73.9240  81.1972  47.8829  44.3920  20.5578  21.1299  22.8504 
>
iteration       : 56
climbing        : no
zoom on         : no
nim             : 10
barrier         :   0.08549426 (image:  4) 
distance        :   0.00000000    8.32188198   12.75959074   15.69987065   17.88506054   19.89716570   25.73154335   31.59670936   42.13028262   50.62387576 
energy          : -2537.14379937  -2537.12712735  -2537.10446506  -2537.08232770  -2537.05830511  -2537.12254758  -2537.13016660  -2537.14466543  -2537.17283553  -2537.17942821 
max(|Fr_perp|)   :   0.00000000    0.00197079    0.00678957    0.02052765    0.01764291    0.04734080    0.02457272    0.00415042    0.00220471    0.00000000 
Fr_paral         :   0.00000000   -0.00626328   -0.00277183   -0.01141276    0.03364669    0.01705718    0.00358790    0.00311717    0.00308916    0.00000000 
max(|Fsp_paral|) :   0.00000000    0.00027552    0.00404852    0.00061099    0.00999072    0.00737081    0.01165714    0.00812235    0.00431111    0.00000000 
max(|Fsp_perp|)  :   0.00000000    0.00000000    0.00000000    0.00000000    0.00000000    0.00000000    0.00000000    0.00000000    0.00000000    0.00000000 
max(|FNEB|)      :   0.00000000    0.00198146    0.00693903    0.02069181    0.01421565    0.04877791    0.02522343    0.00832632    0.00467891    0.00000000 
max(|Force|)     :   0.00009241    0.00319073    0.00682223    0.02215213    0.02430532    0.04733609    0.02452201    0.00448996    0.00257597    0.00035406 
ksp              :   0.02755067    0.05140731    0.07471136    0.10000000    0.10000000    0.03237181    0.02435124    0.01000000    0.01000000 
max(|step|)      :   0.00000000    0.00553999    0.00786521    0.04496882    0.05368692    0.04556620    0.03610212    0.02250823    0.01317714    0.00053283 
angle (deg.)     :    31.4352  73.8475  80.4770  46.4283  46.2918  20.3966  21.3721  22.9037 
>
iteration       : 57
climbing        : no
zoom on         : no
nim             : 10
barrier         :   0.08740882 (image:  4) 
distance        :   0.00000000    8.32438234   12.75755663   15.70682131   17.85389648   19.92156636   25.64650110   31.55700887   42.13152952   50.68421312 
energy          : -2537.14379937  -2537.12727767  -2537.10468445  -2537.08222840  -2537.05639055  -2537.12507479  -2537.13019421  -2537.14451897  -2537.17277552  -2537.17942821 
max(|Fr_perp|)   :   0.00000000    0.00224026    0.00282002    0.02255089    0.01319036    0.01349135    0.01053499    0.00386559    0.00210622    0.00000000 
Fr_paral         :   0.00000000   -0.00625087   -0.00268059   -0.00777926    0.03186337    0.01447239    0.00359684    0.00311640    0.00308018    0.00000000 
max(|Fsp_paral|) :   0.00000000    0.00048125    0.00308252    0.00094105    0.00466799    0.02325023    0.00644636    0.00779156    0.00426910    0.00000000 
max(|Fsp_perp|)  :   0.00000000    0.00000000    0.00000000    0.00000000    0.00000000    0.00000000    0.00000000    0.00000000    0.00000000    0.00000000 
max(|FNEB|)      :   0.00000000    0.00226252    0.00339873    0.02277747    0.01735272    0.01945543    0.01058626    0.00786241    0.00464368    0.00000000 
max(|Force|)     :   0.00009241    0.00327263    0.00306201    0.02355391    0.02134949    0.01525899    0.01052782    0.00421567    0.00247821    0.00035406 
ksp              :   0.02701147    0.05027445    0.07339621    0.10000000    0.10000000    0.02927966    0.02400848    0.01000000    0.01000000 
max(|step|)      :   0.00000000    0.01065304    0.01524885    0.03064043    0.05721781    0.04360274    0.03980131    0.04066827    0.02363833    0.00136146 
angle (deg.)     :    31.8948  73.7490  80.0950  45.1735  48.5460  20.4869  21.7294  23.0019 
>
iteration       : 58
climbing        : no
zoom on         : no
nim             : 10
barrier         :   0.08984083 (image:  4) 
distance        :   0.00000000    8.32771401   12.75359274   15.72757307   17.83050587   19.91811755   25.53484453   31.48199956   42.13139074   50.79143465 
energy          : -2537.14379937  -2537.12757142  -2537.10508777  -2537.08250787  -2537.05395854  -2537.12533245  -2537.12991915  -2537.14426645  -2537.17266938  -2537.17942821 
max(|Fr_perp|)   :   0.00000000    0.00214141    0.00317074    0.03091951    0.02554781    0.01465918    0.01344258    0.00359104    0.00208271    0.00000000 
Fr_paral         :   0.00000000   -0.00623678   -0.00250552   -0.00418224    0.02628118    0.01425663    0.00351540    0.00316174    0.00309441    0.00000000 
max(|Fsp_paral|) :   0.00000000    0.00068232    0.00172448    0.00111016    0.00091198    0.02922282    0.00450363    0.00762424    0.00419350    0.00000000 
max(|Fsp_perp|)  :   0.00000000    0.00000000    0.00000000    0.00000000    0.00000000    0.00000000    0.00000000    0.00000000    0.00000000    0.00000000 
max(|FNEB|)      :   0.00000000    0.00251335    0.00321123    0.03085526    0.02645979    0.02784669    0.01493791    0.00768108    0.00456476    0.00000000 
max(|Force|)     :   0.00009241    0.00337114    0.00319929    0.03078839    0.02793102    0.01399911    0.01314906    0.00396524    0.00245944    0.00035406 
ksp              :   0.02625670    0.04878018    0.07140009    0.10000000    0.10000000    0.02849964    0.02390481    0.01000000    0.01000000 
max(|step|)      :   0.00000000    0.02072233    0.02867881    0.05482102    0.10000000    0.08619547    0.07137347    0.07656636    0.04390252    0.00351756 
angle (deg.)     :    32.7968  73.5518  80.1464  43.6554  52.3071  20.9262  22.4053  23.1944 
>
iteration       : 59
climbing        : no
zoom on         : no
nim             : 10
barrier         :   0.09183034 (image:  4) 
distance        :   0.00000000    8.33308478   12.74875724   15.77050625   17.80991601   19.91217492   25.35453587   31.35686866   42.14951488   51.01224373 
energy          : -2537.14379937  -2537.12812429  -2537.10581294  -2537.08419794  -2537.05196903  -2537.12426074  -2537.12948304  -2537.14378461  -2537.17246898  -2537.17942821 
max(|Fr_perp|)   :   0.00000000    0.00191162    0.00646909    0.03401590    0.03357779    0.03465286    0.01691713    0.00334537    0.00207770    0.00000000 
Fr_paral         :   0.00000000   -0.00617776   -0.00234422    0.00044619    0.01453191    0.01492852    0.00327733    0.00322392    0.00311261    0.00000000 
max(|Fsp_paral|) :   0.00000000    0.00071285    0.00086940    0.00149770    0.00373911    0.03193486    0.00369502    0.00761373    0.00408736    0.00000000 
max(|Fsp_perp|)  :   0.00000000    0.00000000    0.00000000    0.00000000    0.00000000    0.00000000    0.00000000    0.00000000    0.00000000    0.00000000 
max(|FNEB|)      :   0.00000000    0.00256291    0.00655054    0.03405650    0.03035864    0.03482786    0.01823963    0.00768775    0.00446229    0.00000000 
max(|Force|)     :   0.00009241    0.00341824    0.00655923    0.03419171    0.03241593    0.03636648    0.01677143    0.00376085    0.00245637    0.00035406 
ksp              :   0.02535802    0.04721868    0.06841737    0.10000000    0.10000000    0.02916185    0.02403367    0.01001423    0.01000000 
max(|step|)      :   0.00000000    0.00564890    0.01443801    0.07506377    0.06691333    0.07676392    0.04020189    0.01694454    0.00983532    0.00000000 
angle (deg.)     :    33.0109  73.4134  81.9604  44.3887  51.7606  21.3446  22.4733  23.2450 
>
iteration       : 60
climbing        : no
zoom on         : no
nim             : 10
barrier         :   0.08745368 (image:  4) 
distance        :   0.00000000    8.33229611   12.74898530   15.77917665   17.85047073   19.84082042   25.33553153   31.29364448   42.12079507   51.02713726 
energy          : -2537.14379937  -2537.12826247  -2537.10596997  -2537.08786169  -2537.05634569  -2537.12134191  -2537.12936210  -2537.14366106  -2537.17242813  -2537.17942821 
max(|Fr_perp|)   :   0.00000000    0.00166908    0.00983962    0.01698156    0.01279892    0.05303511    0.02388675    0.00388824    0.00221500    0.00000000 
Fr_paral         :   0.00000000   -0.00615992   -0.00270208   -0.00598549    0.01327570    0.02134379    0.00317616    0.00330844    0.00316266    0.00000000 
max(|Fsp_paral|) :   0.00000000    0.00011171    0.00566314    0.00119649    0.00472079    0.01114288    0.00895451    0.00804796    0.00435640    0.00000000 
max(|Fsp_perp|)  :   0.00000000    0.00000000    0.00000000    0.00000000    0.00000000    0.00000000    0.00000000    0.00000000    0.00000000    0.00000000 
max(|FNEB|)      :   0.00000000    0.00178080    0.00989756    0.01661534    0.01108895    0.05519122    0.02440327    0.00835150    0.00467622    0.00000000 
max(|Force|)     :   0.00009241    0.00324033    0.00985339    0.01789856    0.01560343    0.05540942    0.02384880    0.00432251    0.00260697    0.00035406 
ksp              :   0.02598927    0.04893085    0.06756637    0.10000000    0.10000000    0.03311133    0.02485763    0.01014234    0.01000000 
max(|step|)      :   0.00000000    0.00350930    0.00686919    0.02844249    0.02821072    0.03303497    0.01658017    0.01347186    0.00760284    0.00021415 
angle (deg.)     :    33.1381  73.4562  82.5137  44.5732  51.9731  21.5396  22.5520  23.2824 
>
iteration       : 61
climbing        : no
zoom on         : no
nim             : 10
barrier         :   0.08713555 (image:  4) 
distance        :   0.00000000    8.33364933   12.74640074   15.79488324   17.87176262   19.82298506   25.32063272   31.26053630   42.11472234   51.05539664 
energy          : -2537.14379937  -2537.12834554  -2537.10619236  -2537.08849392  -2537.05666382  -2537.12333861  -2537.13005662  -2537.14356067  -2537.17239340  -2537.17942821 
max(|Fr_perp|)   :   0.00000000    0.00158983    0.00213637    0.01099586    0.00760451    0.01470031    0.00836566    0.00407945    0.00226940    0.00000000 
Fr_paral         :   0.00000000   -0.00614983   -0.00187009   -0.00815445    0.01144316    0.02540573    0.00288878    0.00331294    0.00317615    0.00000000 
max(|Fsp_paral|) :   0.00000000    0.00021067    0.00544963    0.00154083    0.00721672    0.01592662    0.00735926    0.00681672    0.00457640    0.00000000 
max(|Fsp_perp|)  :   0.00000000    0.00000000    0.00000000    0.00000000    0.00000000    0.00000000    0.00000000    0.00000000    0.00000000    0.00000000 
max(|FNEB|)      :   0.00000000    0.00180051    0.00456599    0.01101835    0.01160615    0.01300571    0.00888819    0.00704252    0.00497478    0.00000000 
max(|Force|)     :   0.00009241    0.00316284    0.00225347    0.01093599    0.01065013    0.02098841    0.00831067    0.00451934    0.00266415    0.00035406 
ksp              :   0.02596185    0.04884329    0.06712353    0.10000000    0.10000000    0.03113337    0.02419452    0.01024655    0.01000000 
max(|step|)      :   0.00000000    0.01054464    0.01586518    0.05377189    0.07206556    0.09356748    0.03053927    0.03887456    0.02372787    0.00108548 
angle (deg.)     :    33.5260  73.6271  83.7269  45.1905  53.0856  22.2556  22.8056  23.3837 
>
iteration       : 62
climbing        : no
zoom on         : no
nim             : 10
barrier         :   0.08834823 (image:  4) 
distance        :   0.00000000    8.33767024   12.73827352   15.84472543   17.92874545   19.76350859   25.28918672   31.17676666   42.10089908   51.14907284 
energy          : -2537.14379937  -2537.12859377  -2537.10645962  -2537.08730608  -2537.05545114  -2537.12041753  -2537.12998135  -2537.14325327  -2537.17227559  -2537.17942821 
max(|Fr_perp|)   :   0.00000000    0.00151852    0.00574614    0.03071853    0.01522849    0.02212015    0.01520842    0.00448644    0.00238366    0.00000000 
Fr_paral         :   0.00000000   -0.00609225   -0.00020597   -0.01116807    0.00499371    0.03079929    0.00273884    0.00334221    0.00323071    0.00000000 
max(|Fsp_paral|) :   0.00000000    0.00029161    0.00078323    0.00072215    0.01383848    0.00236111    0.01261652    0.00551452    0.00520196    0.00000000 
max(|Fsp_perp|)  :   0.00000000    0.00000000    0.00000000    0.00000000    0.00000000    0.00000000    0.00000000    0.00000000    0.00000000    0.00000000 
max(|FNEB|)      :   0.00000000    0.00165577    0.00571049    0.03044601    0.02390999    0.02246800    0.01434905    0.00573103    0.00567130    0.00000000 
max(|Force|)     :   0.00009241    0.00293541    0.00574142    0.02860099    0.01800094    0.02622047    0.01526058    0.00494445    0.00278864    0.00035406 
ksp              :   0.02548988    0.04803786    0.06754950    0.10000000    0.10000000    0.03381899    0.02407637    0.01055631    0.01000000 
max(|step|)      :   0.00000000    0.01708731    0.02457771    0.04175652    0.10000000    0.09675910    0.05270450    0.06337052    0.04179637    0.00176397 
angle (deg.)     :    34.2271  73.7216  84.9105  45.3847  56.7692  23.1070  23.3436  23.5334 
>
iteration       : 63
climbing        : no
zoom on         : no
nim             : 10
barrier         :   0.08981464 (image:  4) 
distance        :   0.00000000    8.34519345   12.72958555   15.91182396   17.98645548   19.74318984   25.21752676   31.07969614   42.10381066   51.34148889 
energy          : -2537.14379937  -2537.12900553  -2537.10695802  -2537.08719999  -2537.05398473  -2537.11616170  -2537.12960889  -2537.14279391  -2537.17205330  -2537.17942821 
max(|Fr_perp|)   :   0.00000000    0.00160659    0.00776497    0.04491257    0.02009405    0.04857049    0.02401465    0.00473286    0.00247502    0.00000000 
Fr_paral         :   0.00000000   -0.00595614    0.00060678   -0.01257329   -0.00506151    0.03204638    0.00274896    0.00333042    0.00332162    0.00000000 
max(|Fsp_paral|) :   0.00000000    0.00038243    0.00340382    0.00240141    0.01715596    0.02245880    0.01877177    0.00426239    0.00605038    0.00000000 
max(|Fsp_perp|)  :   0.00000000    0.00000000    0.00000000    0.00000000    0.00000000    0.00000000    0.00000000    0.00000000    0.00000000    0.00000000 
max(|FNEB|)      :   0.00000000    0.00155316    0.00798409    0.04410169    0.03041086    0.05154924    0.02259966    0.00456066    0.00653486    0.00000000 
max(|Force|)     :   0.00009241    0.00262836    0.00784275    0.04255548    0.01769127    0.05164954    0.02422792    0.00521974    0.00289805    0.00035406 
ksp              :   0.02482201    0.04691292    0.06673781    0.10000000    0.10000000    0.03773651    0.02422554    0.01100750    0.01000000 
max(|step|)      :   0.00000000    0.00301297    0.01548828    0.08555255    0.05899381    0.10000000    0.04384092    0.00884720    0.01267693    0.00000000 
angle (deg.)     :    34.4190  73.4322  83.7585  42.1951  58.5697  22.7178  23.5556  23.5221 
>
iteration       : 64
climbing        : no
zoom on         : no
nim             : 10
barrier         :   0.08632898 (image:  4) 
distance        :   0.00000000    8.34652216   12.73312696   15.89557790   17.91933228   19.78119230   25.11730749   31.05964588   42.06770903   51.36108360 
energy          : -2537.14379937  -2537.12910206  -2537.10711339  -2537.09203844  -2537.05747039  -2537.11962058  -2537.12943158  -2537.14278031  -2537.17196125  -2537.17942821 
max(|Fr_perp|)   :   0.00000000    0.00151802    0.01145464    0.01174808    0.01355203    0.05088520    0.02502343    0.00425162    0.00237809    0.00000000 
Fr_paral         :   0.00000000   -0.00590944   -0.00165149   -0.01160642   -0.00543163    0.02423512    0.00272507    0.00332656    0.00337210    0.00000000 
max(|Fsp_paral|) :   0.00000000    0.00007461    0.00477951    0.00004654    0.00904716    0.00119861    0.01116846    0.00546778    0.00602230    0.00000000 
max(|Fsp_perp|)  :   0.00000000    0.00000000    0.00000000    0.00000000    0.00000000    0.00000000    0.00000000    0.00000000    0.00000000    0.00000000 
max(|FNEB|)      :   0.00000000    0.00150999    0.01148480    0.01174874    0.01968030    0.05111316    0.02558673    0.00593493    0.00637179    0.00000000 
max(|Force|)     :   0.00009241    0.00273268    0.01145996    0.01167088    0.01460125    0.05416900    0.02498450    0.00474558    0.00280856    0.00035406 
ksp              :   0.02532229    0.04824600    0.06396200    0.10000000    0.10000000    0.03520696    0.02497876    0.01106239    0.01000000 
max(|step|)      :   0.00000000    0.00241225    0.00752095    0.02910533    0.04140237    0.03794832    0.02119619    0.00942747    0.01105638    0.00032030 
angle (deg.)     :    34.5422  73.4238  82.8711  40.5154  59.6706  22.5827  23.7040  23.5194 
>
iteration       : 65
climbing        : no
zoom on         : no
nim             : 10
barrier         :   0.08475075 (image:  4) 
distance        :   0.00000000    8.34927655   12.73151350   15.90098473   17.89262379   19.80821261   25.06183372   31.04466199   42.04442046   51.38802599 
energy          : -2537.14379937  -2537.12916972  -2537.10735238  -2537.09234542  -2537.05904861  -2537.12308616  -2537.13005745  -2537.14274517  -2537.17187933  -2537.17942821 
max(|Fr_perp|)   :   0.00000000    0.00160698    0.00189631    0.01181228    0.00925143    0.01564400    0.00741065    0.00398001    0.00235725    0.00000000 
Fr_paral         :   0.00000000   -0.00590433   -0.00147463   -0.01008482   -0.00589052    0.02215006    0.00254190    0.00331952    0.00338592    0.00000000 
max(|Fsp_paral|) :   0.00000000    0.00006059    0.00436929    0.00261059    0.00427852    0.01648795    0.00584922    0.00507249    0.00602637    0.00000000 
max(|Fsp_perp|)  :   0.00000000    0.00000000    0.00000000    0.00000000    0.00000000    0.00000000    0.00000000    0.00000000    0.00000000    0.00000000 
max(|FNEB|)      :   0.00000000    0.00160023    0.00333112    0.01274178    0.01224239    0.01422139    0.00773306    0.00539710    0.00650419    0.00000000 
max(|Force|)     :   0.00009241    0.00283460    0.00205355    0.01345293    0.01144344    0.01894155    0.00737155    0.00448067    0.00279083    0.00035406 
ksp              :   0.02553577    0.04870442    0.06464088    0.10000000    0.10000000    0.03199614    0.02459305    0.01111949    0.01000000 
max(|step|)      :   0.00000000    0.00539805    0.00876478    0.02605138    0.06628845    0.03010836    0.03042245    0.01929512    0.02329953    0.00105905 
angle (deg.)     :    34.7890  73.4583  81.6696  38.6946  61.0202  22.6704  23.9554  23.5185 
>
iteration       : 66
climbing        : no
zoom on         : no
nim             : 10
barrier         :   0.08340747 (image:  4) 
distance        :   0.00000000    8.35562845   12.72667058   15.91919351   17.88251774   19.82706375   24.99077382   31.01317179   41.99398131   51.44351747 
energy          : -2537.14379937  -2537.12930396  -2537.10755847  -2537.09254810  -2537.06039190  -2537.12357889  -2537.13007051  -2537.14264004  -2537.17170300  -2537.17942821 
max(|Fr_perp|)   :   0.00000000    0.00154935    0.00292110    0.01676463    0.00730389    0.00958913    0.00575276    0.00369960    0.00233439    0.00000000 
Fr_paral         :   0.00000000   -0.00590314   -0.00128853   -0.00756480   -0.00748780    0.02221044    0.00240412    0.00334111    0.00344463    0.00000000 
max(|Fsp_paral|) :   0.00000000    0.00010490    0.00315397    0.00570468    0.00107188    0.02068533    0.00414248    0.00525944    0.00605644    0.00000000 
max(|Fsp_perp|)  :   0.00000000    0.00000000    0.00000000    0.00000000    0.00000000    0.00000000    0.00000000    0.00000000    0.00000000    0.00000000 
max(|FNEB|)      :   0.00000000    0.00153691    0.00304753    0.01645439    0.00760444    0.02107495    0.00654661    0.00556613    0.00657166    0.00000000 
max(|Force|)     :   0.00009241    0.00299506    0.00293511    0.01657141    0.00972641    0.01484751    0.00579205    0.00421691    0.00277822    0.00035406 
ksp              :   0.02564113    0.04910538    0.06530218    0.10000000    0.10000000    0.03181870    0.02481399    0.01125096    0.01000000 
max(|step|)      :   0.00000000    0.00993710    0.01627735    0.04092766    0.10000000    0.03629640    0.05176297    0.03660082    0.04307545    0.00274526 
angle (deg.)     :    35.2599  73.4897  80.5585  37.6787  63.2646  22.9916  24.4027  23.5344 
>
iteration       : 67
climbing        : no
zoom on         : no
nim             : 10
barrier         :   0.08315056 (image:  4) 
distance        :   0.00000000    8.36834071   12.71849832   15.95414228   17.90465658   19.88810192   24.90731684   30.98476826   41.93435310   51.58208955 
energy          : -2537.14379937  -2537.12954375  -2537.10788842  -2537.09340942  -2537.06064881  -2537.12301809  -2537.12999330  -2537.14241993  -2537.17137138  -2537.17942821 
max(|Fr_perp|)   :   0.00000000    0.00160024    0.00800448    0.02073128    0.02354022    0.02670453    0.01437171    0.00346295    0.00236175    0.00000000 
Fr_paral         :   0.00000000   -0.00589328   -0.00099059   -0.00381278   -0.01219979    0.02356180    0.00218387    0.00338310    0.00352802    0.00000000 
max(|Fsp_paral|) :   0.00000000    0.00005969    0.00191109    0.00679383    0.00188218    0.02337195    0.00323176    0.00517787    0.00610855    0.00000000 
max(|Fsp_perp|)  :   0.00000000    0.00000000    0.00000000    0.00000000    0.00000000    0.00000000    0.00000000    0.00000000    0.00000000    0.00000000 
max(|FNEB|)      :   0.00000000    0.00165832    0.00814845    0.02030542    0.02334558    0.02742254    0.01432179    0.00541910    0.00674042    0.00000000 
max(|Force|)     :   0.00009241    0.00318778    0.00811015    0.02069264    0.03072397    0.02944600    0.01455863    0.00400973    0.00282183    0.00035406 
ksp              :   0.02542660    0.04886233    0.06454564    0.10000000    0.10000000    0.03250214    0.02494708    0.01149266    0.01000000 
max(|step|)      :   0.00000000    0.00403695    0.01983629    0.04943080    0.05683167    0.06675647    0.03486447    0.01319207    0.01640863    0.00000000 
angle (deg.)     :    35.4333  73.3964  82.5441  39.4275  63.1311  23.3937  24.5059  23.5521 
>
iteration       : 68
climbing        : no
zoom on         : no
nim             : 10
barrier         :   0.08020098 (image:  4) 
distance        :   0.00000000    8.37254247   12.71630122   15.96643547   17.97069820   19.87699770   24.92227858   30.96911707   41.90832654   51.62740737 
energy          : -2537.14379937  -2537.12962971  -2537.10786299  -2537.09585878  -2537.06359839  -2537.11965769  -2537.12967559  -2537.14230658  -2537.17125086  -2537.17942821 
max(|Fr_perp|)   :   0.00000000    0.00140178    0.01465335    0.00588036    0.00751920    0.05009608    0.02605696    0.00571677    0.00354292    0.00000000 
Fr_paral         :   0.00000000   -0.00586316   -0.00145389   -0.00754709   -0.01246640    0.02913086    0.00225685    0.00342342    0.00360950    0.00000000 
max(|Fsp_paral|) :   0.00000000    0.00047441    0.00585506    0.00316112    0.00556114    0.00239378    0.00894610    0.00573323    0.00634727    0.00000000 
max(|Fsp_perp|)  :   0.00000000    0.00000000    0.00000000    0.00000000    0.00000000    0.00000000    0.00000000    0.00000000    0.00000000    0.00000000 
max(|FNEB|)      :   0.00000000    0.00128331    0.01459834    0.00713695    0.01102591    0.05055666    0.02645503    0.00683475    0.00663050    0.00000000 
max(|Force|)     :   0.00009241    0.00298912    0.01464625    0.00724967    0.01254165    0.05271232    0.02602782    0.00559458    0.00322944    0.00035406 
ksp              :   0.02590092    0.05032712    0.06379801    0.10000000    0.10000000    0.03709132    0.02584943    0.01167518    0.01000000 
max(|step|)      :   0.00000000    0.00228989    0.00751144    0.02212815    0.02919461    0.02417130    0.01512463    0.01041027    0.01183320    0.00031747 
angle (deg.)     :    35.5348  73.4359  83.4363  40.5462  63.4665  23.5948  24.5969  23.5655 
>
iteration       : 69
climbing        : no
zoom on         : no
nim             : 10
barrier         :   0.07946367 (image:  4) 
distance        :   0.00000000    8.37704211   12.71261922   15.98191107   18.00928052   19.89842357   24.93440082   30.97210317   41.90513775   51.67753363 
energy          : -2537.14379937  -2537.12968023  -2537.10816379  -2537.09627351  -2537.06433570  -2537.12119048  -2537.13039745  -2537.14227097  -2537.17116744  -2537.17942821 
max(|Fr_perp|)   :   0.00000000    0.00132199    0.00573156    0.00986741    0.00618239    0.02060461    0.01229761    0.00413597    0.00252059    0.00000000 
Fr_paral         :   0.00000000   -0.00585793   -0.00086998   -0.00848899   -0.01345023    0.03292965    0.00195060    0.00342648    0.00361338    0.00000000 
max(|Fsp_paral|) :   0.00000000    0.00016626    0.00505283    0.00259922    0.00770231    0.00666769    0.00801222    0.00475516    0.00634426    0.00000000 
max(|Fsp_perp|)  :   0.00000000    0.00000000    0.00000000    0.00000000    0.00000000    0.00000000    0.00000000    0.00000000    0.00000000    0.00000000 
max(|FNEB|)      :   0.00000000    0.00118973    0.00574293    0.00986847    0.01153214    0.01927228    0.01263747    0.00520090    0.00679447    0.00000000 
max(|Force|)     :   0.00009241    0.00291184    0.00573259    0.00986892    0.01136799    0.02527701    0.01227331    0.00470192    0.00299477    0.00035406 
ksp              :   0.02599123    0.05036060    0.06382745    0.10000000    0.10000000    0.03560667    0.02517892    0.01173105    0.01000000 
max(|step|)      :   0.00000000    0.00900146    0.01826702    0.05728045    0.10000000    0.09520525    0.03767384    0.03701163    0.04507120    0.00180045 
angle (deg.)     :    35.9399  73.5962  86.2896  45.4609  64.9684  24.4998  24.9552  23.6155 
>
iteration       : 70
climbing        : no
zoom on         : no
nim             : 10
barrier         :   0.07887118 (image:  4) 
distance        :   0.00000000    8.39229643   12.70000559   16.04220611   18.15264326   19.98576911   24.99923103   31.01042160   41.90955371   51.88465024 
energy          : -2537.14379937  -2537.12987589  -2537.10845097  -2537.09569654  -2537.06492819  -2537.11836149  -2537.13074761  -2537.14201817  -2537.17082852  -2537.17942821 
max(|Fr_perp|)   :   0.00000000    0.00120547    0.00594569    0.02882335    0.01134762    0.01629422    0.01070574    0.00462727    0.00263305    0.00000000 
Fr_paral         :   0.00000000   -0.00579476    0.00060170   -0.00884563   -0.01774607    0.03978044    0.00158966    0.00340542    0.00366277    0.00000000 
max(|Fsp_paral|) :   0.00000000    0.00011744    0.00007074    0.00225582    0.01462694    0.00887696    0.01416693    0.00367178    0.00650764    0.00000000 
max(|Fsp_perp|)  :   0.00000000    0.00000000    0.00000000    0.00000000    0.00000000    0.00000000    0.00000000    0.00000000    0.00000000    0.00000000 
max(|FNEB|)      :   0.00000000    0.00123839    0.00601937    0.02772548    0.02303602    0.01771124    0.01278100    0.00419804    0.00709610    0.00000000 
max(|Force|)     :   0.00009241    0.00262669    0.00602547    0.02710130    0.01867615    0.02981868    0.01084033    0.00521163    0.00311942    0.00035406 
ksp              :   0.02588556    0.05033113    0.06491079    0.10000000    0.10000000    0.03903963    0.02489391    0.01203242    0.01000000 
max(|step|)      :   0.00000000    0.00443668    0.02156513    0.09932992    0.08252938    0.06345267    0.04578951    0.01503998    0.02542266    0.00000000 
angle (deg.)     :    36.2050  73.3875  85.2904  44.2313  66.9083  24.4265  25.2353  23.6181 
>
iteration       : 71
climbing        : no
zoom on         : no
nim             : 10
barrier         :   0.07474663 (image:  4) 
distance        :   0.00000000    8.39770590   12.70000379   16.04594971   18.09385859   20.06444578   24.92830490   31.03258543   41.88534702   51.97251151 
energy          : -2537.14379937  -2537.12999558  -2537.10814545  -2537.09809606  -2537.06905274  -2537.11981709  -2537.13003539  -2537.14186103  -2537.17061593  -2537.17942821 
max(|Fr_perp|)   :   0.00000000    0.00142962    0.02189292    0.01742239    0.00822222    0.04256619    0.02929453    0.00985795    0.00587168    0.00000000 
Fr_paral         :   0.00000000   -0.00571337   -0.00128594   -0.00623933   -0.01656184    0.02953825    0.00186634    0.00339107    0.00375504    0.00000000 
max(|Fsp_paral|) :   0.00000000    0.00115050    0.00539569    0.00504391    0.00415769    0.00555258    0.00809930    0.00558395    0.00683603    0.00000000 
max(|Fsp_perp|)  :   0.00000000    0.00000000    0.00000000    0.00000000    0.00000000    0.00000000    0.00000000    0.00000000    0.00000000    0.00000000 
max(|FNEB|)      :   0.00000000    0.00139792    0.02168537    0.01958263    0.00949537    0.04359987    0.02969114    0.01080133    0.00866247    0.00000000 
max(|Force|)     :   0.00009241    0.00274047    0.02186658    0.01847576    0.01325990    0.04541972    0.02926700    0.00974511    0.00555397    0.00035406 
ksp              :   0.02662070    0.05292974    0.06502988    0.10000000    0.10000000    0.03887629    0.02657276    0.01233389    0.01000000 
max(|step|)      :   0.00000000    0.00430867    0.01911151    0.03791507    0.06207027    0.04636767    0.03494911    0.01730304    0.02424143    0.00095394 
angle (deg.)     :    36.4063  73.3882  84.8233  44.6562  68.2018  24.5490  25.4738  23.6311 
>
iteration       : 72
climbing        : no
zoom on         : no
nim             : 10
barrier         :   0.07263191 (image:  4) 
distance        :   0.00000000    8.40841200   12.69481529   16.06516199   18.09798626   20.15844855   24.91006940   31.06751856   41.88510633   52.08575128 
energy          : -2537.14379937  -2537.13007057  -2537.10882942  -2537.09640569  -2537.07116746  -2537.12268638  -2537.13096553  -2537.14187815  -2537.17043272  -2537.17942821 
max(|Fr_perp|)   :   0.00000000    0.00143244    0.00409405    0.02659893    0.00678009    0.00821644    0.00709706    0.00347098    0.00244135    0.00000000 
Fr_paral         :   0.00000000   -0.00574646   -0.00090732   -0.00237651   -0.01553335    0.02488040    0.00154360    0.00341373    0.00372829    0.00000000 
max(|Fsp_paral|) :   0.00000000    0.00041039    0.00162106    0.01131782    0.00145915    0.02333428    0.00367156    0.00500051    0.00660799    0.00000000 
max(|Fsp_perp|)  :   0.00000000    0.00000000    0.00000000    0.00000000    0.00000000    0.00000000    0.00000000    0.00000000    0.00000000    0.00000000 
max(|FNEB|)      :   0.00000000    0.00136787    0.00401558    0.03093897    0.00667214    0.02452631    0.00830666    0.00526365    0.00725907    0.00000000 
max(|Force|)     :   0.00009241    0.00293612    0.00411755    0.02696274    0.01387380    0.01577372    0.00694564    0.00408445    0.00294357    0.00035406 
ksp              :   0.02701170    0.05333214    0.06872668    0.10000000    0.10000000    0.03616163    0.02590273    0.01238063    0.01000000 
max(|step|)      :   0.00000000    0.00591622    0.00781164    0.03304936    0.06443688    0.02504935    0.03949783    0.02380857    0.03382443    0.00161324 
angle (deg.)     :    36.7314  73.1848  85.0172  46.3407  69.0275  24.9329  25.7712  23.6624 
>
iteration       : 73
climbing        : no
zoom on         : no
nim             : 10
barrier         :   0.07085935 (image:  4) 
distance        :   0.00000000    8.42234896   12.69200647   16.08161907   18.15332241   20.26618758   24.91272822   31.11101312   41.88226495   52.23920088 
energy          : -2537.14379937  -2537.13017931  -2537.10889402  -2537.09728765  -2537.07294002  -2537.12225240  -2537.13096267  -2537.14170677  -2537.17015239  -2537.17942821 
max(|Fr_perp|)   :   0.00000000    0.00147424    0.01213205    0.02868208    0.01312346    0.02117073    0.01516629    0.00475707    0.00259851    0.00000000 
Fr_paral         :   0.00000000   -0.00576217   -0.00083688   -0.00078127   -0.01446322    0.02450217    0.00138949    0.00346247    0.00376906    0.00000000 
max(|Fsp_paral|) :   0.00000000    0.00057874    0.00116550    0.01067781    0.00215769    0.02511655    0.00317308    0.00517985    0.00677374    0.00000000 
max(|Fsp_perp|)  :   0.00000000    0.00000000    0.00000000    0.00000000    0.00000000    0.00000000    0.00000000    0.00000000    0.00000000    0.00000000 
max(|FNEB|)      :   0.00000000    0.00121801    0.01207488    0.03125678    0.01196202    0.02783543    0.01499011    0.00730698    0.00754993    0.00000000 
max(|Force|)     :   0.00009241    0.00308925    0.01215429    0.02863913    0.02070502    0.02380055    0.01518941    0.00453284    0.00297341    0.00035406 
ksp              :   0.02729914    0.05433404    0.06907554    0.10000000    0.10000000    0.03736728    0.02630417    0.01265785    0.01000000 
max(|step|)      :   0.00000000    0.01011222    0.01379878    0.05487163    0.10000000    0.03664235    0.06612211    0.04039935    0.05689165    0.00379504 
angle (deg.)     :    37.2735  72.9254  85.7317  50.0159  70.1972  25.7338  26.2657  23.7343 
>
iteration       : 74
climbing        : no
zoom on         : no
nim             : 10
barrier         :   0.06935782 (image:  4) 
distance        :   0.00000000    8.44750989   12.68647804   16.11804954   18.26980507   20.46972446   24.94604996   31.20764130   41.90252095   52.52531979 
energy          : -2537.14379937  -2537.13034778  -2537.10900844  -2537.09934223  -2537.07444155  -2537.12132451  -2537.13109586  -2537.14140412  -2537.16967205  -2537.17942821 
max(|Fr_perp|)   :   0.00000000    0.00166204    0.01869281    0.02932617    0.02314821    0.03456888    0.02449535    0.00739262    0.00406710    0.00000000 
Fr_paral         :   0.00000000   -0.00578947   -0.00072100    0.00032059   -0.01211684    0.02498422    0.00116772    0.00352903    0.00382457    0.00000000 
max(|Fsp_paral|) :   0.00000000    0.00053150    0.00077803    0.00654415    0.00246942    0.02878528    0.00288030    0.00497516    0.00700458    0.00000000 
max(|Fsp_perp|)  :   0.00000000    0.00000000    0.00000000    0.00000000    0.00000000    0.00000000    0.00000000    0.00000000    0.00000000    0.00000000 
max(|FNEB|)      :   0.00000000    0.00123738    0.01890079    0.02966041    0.02069282    0.03482458    0.02452810    0.00975824    0.00828294    0.00000000 
max(|Force|)     :   0.00009241    0.00330942    0.01888193    0.02944560    0.02947555    0.03735867    0.02471335    0.00757969    0.00363834    0.00035406 
ksp              :   0.02745212    0.05514858    0.06771210    0.10000000    0.10000000    0.03918238    0.02649885    0.01310991    0.01000000 
max(|step|)      :   0.00000000    0.00246739    0.03768891    0.05914401    0.04126228    0.06944156    0.04890999    0.01945830    0.01651650    0.00000000 
angle (deg.)     :    37.4023  72.8148  87.1293  51.4222  69.0425  26.0698  26.3473  23.7557 
>
iteration       : 75
climbing        : no
zoom on         : no
nim             : 10
barrier         :   0.06702120 (image:  4) 
distance        :   0.00000000    8.45426772   12.68544240   16.12561897   18.33080753   20.44663215   24.94177061   31.17477153   41.85102241   52.54111016 
energy          : -2537.14379937  -2537.13038362  -2537.10866648  -2537.10384652  -2537.07677817  -2537.11870469  -2537.13101793  -2537.14118045  -2537.16951808  -2537.17942821 
max(|Fr_perp|)   :   0.00000000    0.00165310    0.02724429    0.01311631    0.01361974    0.04365360    0.03131706    0.01345459    0.00801228    0.00000000 
Fr_paral         :   0.00000000   -0.00575336   -0.00134529   -0.00537963   -0.01174652    0.03546585    0.00142512    0.00355475    0.00399556    0.00000000 
max(|Fsp_paral|) :   0.00000000    0.00145031    0.01273494    0.00054386    0.00462543    0.00999720    0.00856791    0.00487148    0.00770925    0.00000000 
max(|Fsp_perp|)  :   0.00000000    0.00000000    0.00000000    0.00000000    0.00000000    0.00000000    0.00000000    0.00000000    0.00000000    0.00000000 
max(|FNEB|)      :   0.00000000    0.00179261    0.02675366    0.01283696    0.01824517    0.04563025    0.03171908    0.01418676    0.01104783    0.00000000 
max(|Force|)     :   0.00009241    0.00308089    0.02721554    0.01408703    0.01969968    0.04563875    0.03129594    0.01335049    0.00768806    0.00035406 
ksp              :   0.02801546    0.05717851    0.06365103    0.10000000    0.10000000    0.04369861    0.02716366    0.01351683    0.01000000 
max(|step|)      :   0.00000000    0.00173237    0.01193705    0.02676563    0.02628811    0.02618504    0.01580273    0.00873910    0.01040441    0.00020407 
angle (deg.)     :    37.4295  72.9974  87.6034  52.1758  68.6654  26.2768  26.4211  23.7629 
>
iteration       : 76
climbing        : no
zoom on         : no
nim             : 10
barrier         :   0.06616166 (image:  4) 
distance        :   0.00000000    8.46097722   12.67901037   16.14459252   18.36080700   20.45248768   24.94092030   31.16810703   41.82856996   52.56766531 
energy          : -2537.14379937  -2537.13039477  -2537.10951009  -2537.10457454  -2537.07763771  -2537.11927691  -2537.13200033  -2537.14136286  -2537.16945712  -2537.17942821 
max(|Fr_perp|)   :   0.00000000    0.00137506    0.01004970    0.00393234    0.01016048    0.01892702    0.01470042    0.00426460    0.00331006    0.00000000 
Fr_paral         :   0.00000000   -0.00578502   -0.00070000   -0.00687516   -0.01176461    0.03996266    0.00114497    0.00356166    0.00397000    0.00000000 
max(|Fsp_paral|) :   0.00000000    0.00001017    0.01073737    0.00068684    0.00634884    0.00971779    0.01038075    0.00397487    0.00712181    0.00000000 
max(|Fsp_perp|)  :   0.00000000    0.00000000    0.00000000    0.00000000    0.00000000    0.00000000    0.00000000    0.00000000    0.00000000    0.00000000 
max(|FNEB|)      :   0.00000000    0.00136489    0.00997792    0.00461126    0.01650932    0.02059649    0.01486323    0.00534671    0.00746752    0.00000000 
max(|Force|)     :   0.00009241    0.00302700    0.01004089    0.00453379    0.01615818    0.02555482    0.01469466    0.00474453    0.00317075    0.00035406 
ksp              :   0.02823433    0.05664386    0.06335771    0.10000000    0.10000000    0.04335801    0.02605029    0.01331439    0.01000000 
max(|step|)      :   0.00000000    0.00589991    0.03426528    0.07099482    0.09792549    0.10000000    0.03612441    0.02590058    0.04066144    0.00124726 
angle (deg.)     :    37.6175  73.6959  89.1969  55.0467  67.4383  27.1476  26.7398  23.8070 
>
iteration       : 77
climbing        : no
zoom on         : no
nim             : 10
barrier         :   0.06460688 (image:  4) 
distance        :   0.00000000    8.47739161   12.65869780   16.22077179   18.46984300   20.48597358   24.93440308   31.16781832   41.76167047   52.68675721 
energy          : -2537.14379937  -2537.13048932  -2537.10963909  -2537.10259384  -2537.07919249  -2537.11488350  -2537.13253092  -2537.14118563  -2537.16910143  -2537.17942821 
max(|Fr_perp|)   :   0.00000000    0.00106163    0.00923026    0.03415910    0.00688370    0.01061538    0.00938911    0.00468392    0.00273761    0.00000000 
Fr_paral         :   0.00000000   -0.00570608    0.00176757   -0.00767761   -0.01232327    0.04816927    0.00073358    0.00346036    0.00398451    0.00000000 
max(|Fsp_paral|) :   0.00000000    0.00033089    0.00031728    0.00510571    0.01121546    0.01526778    0.02145383    0.00315198    0.00728257    0.00000000 
max(|Fsp_perp|)  :   0.00000000    0.00000000    0.00000000    0.00000000    0.00000000    0.00000000    0.00000000    0.00000000    0.00000000    0.00000000 
max(|FNEB|)      :   0.00000000    0.00133867    0.00932238    0.03098627    0.01320691    0.01347962    0.01992046    0.00585377    0.00809122    0.00000000 
max(|Force|)     :   0.00009241    0.00264208    0.00933290    0.03265689    0.01023208    0.03148464    0.00948478    0.00538058    0.00325812    0.00035406 
ksp              :   0.02854002    0.05758736    0.06743730    0.10000000    0.10000000    0.05030100    0.02569944    0.01364191    0.01000000 
max(|step|)      :   0.00000000    0.00432019    0.03008553    0.10000000    0.04262182    0.04350193    0.06428804    0.01889150    0.02611229    0.00000000 
angle (deg.)     :    37.8406  73.5373  89.5955  54.1588  68.9448  26.8928  27.0324  23.8196 
>
iteration       : 78
climbing        : no
zoom on         : no
nim             : 10
barrier         :   0.06272750 (image:  4) 
distance        :   0.00000000    8.48037907   12.65810051   16.22819811   18.46850618   20.62703139   24.87567350   31.25108266   41.78141292   52.81980334 
energy          : -2537.14379937  -2537.13059005  -2537.10876445  -2537.10559039  -2537.08107187  -2537.11871169  -2537.13219482  -2537.14081529  -2537.16881925  -2537.17942821 
max(|Fr_perp|)   :   0.00000000    0.00211572    0.02798760    0.01736870    0.00549802    0.02440843    0.02262631    0.01640112    0.01046706    0.00000000 
Fr_paral         :   0.00000000   -0.00559352   -0.00040198   -0.00503185   -0.01076538    0.03857575    0.00112986    0.00349734    0.00412081    0.00000000 
max(|Fsp_paral|) :   0.00000000    0.00180033    0.01134997    0.00265396    0.00396621    0.01401075    0.00837439    0.00404522    0.00827134    0.00000000 
max(|Fsp_perp|)  :   0.00000000    0.00000000    0.00000000    0.00000000    0.00000000    0.00000000    0.00000000    0.00000000    0.00000000    0.00000000 
max(|FNEB|)      :   0.00000000    0.00222034    0.02741164    0.01863734    0.00766453    0.02562512    0.02266879    0.01691857    0.01363846    0.00000000 
max(|Force|)     :   0.00009241    0.00264798    0.02797623    0.01823277    0.00857149    0.02971636    0.02262443    0.01630839    0.01014038    0.00035406 
ksp              :   0.02895243    0.06026730    0.06482137    0.10000000    0.10000000    0.04599523    0.02664994    0.01428149    0.01000000 
max(|step|)      :   0.00000000    0.00359713    0.02653650    0.03285972    0.03404874    0.02915378    0.04393494    0.01887920    0.02509657    0.00075277 
angle (deg.)     :    37.9447  73.8191  89.8887  54.0504  69.4034  27.1148  27.2896  23.8227 
>
iteration       : 79
climbing        : no
zoom on         : no
nim             : 10
barrier         :   0.06154164 (image:  4) 
distance        :   0.00000000    8.49226799   12.64681897   16.26194419   18.50454007   20.72099788   24.84991511   31.31003964   41.77534837   52.93407045 
energy          : -2537.14379937  -2537.13063278  -2537.10996053  -2537.10433818  -2537.08225773  -2537.12054049  -2537.13297469  -2537.14109267  -2537.16863690  -2537.17942821 
max(|Fr_perp|)   :   0.00000000    0.00121222    0.00905184    0.02487202    0.00637758    0.00520382    0.00786122    0.00666144    0.00398143    0.00000000 
Fr_paral         :   0.00000000   -0.00566201    0.00019586   -0.00202364   -0.00984804    0.03529558    0.00093666    0.00351560    0.00401723    0.00000000 
max(|Fsp_paral|) :   0.00000000    0.00037577    0.00132022    0.00750739    0.00121972    0.02728225    0.00485614    0.00440205    0.00713685    0.00000000 
max(|Fsp_perp|)  :   0.00000000    0.00000000    0.00000000    0.00000000    0.00000000    0.00000000    0.00000000    0.00000000    0.00000000    0.00000000 
max(|FNEB|)      :   0.00000000    0.00158800    0.00912197    0.02813907    0.00670503    0.02900042    0.00869671    0.00850590    0.00819836    0.00000000 
max(|Force|)     :   0.00009241    0.00284654    0.00904602    0.02519426    0.00913109    0.02240719    0.00780858    0.00674337    0.00349028    0.00035406 
ksp              :   0.02925515    0.05948674    0.06770901    0.10000000    0.10000000    0.04401435    0.02583027    0.01395835    0.01000000 
max(|step|)      :   0.00000000    0.00481365    0.01425970    0.02845358    0.04454409    0.03062452    0.05523382    0.01820441    0.03731550    0.00135807 
angle (deg.)     :    38.1785  74.0183  90.6131  54.2225  69.2963  27.7151  27.6283  23.8550 
>
iteration       : 80
climbing        : no
zoom on         : no
nim             : 10
barrier         :   0.06000493 (image:  4) 
distance        :   0.00000000    8.50440015   12.63674356   16.30438014   18.57806723   20.82218579   24.82027928   31.37471833   41.75194586   53.08368889 
energy          : -2537.14379937  -2537.13072356  -2537.10965061  -2537.10435708  -2537.08379444  -2537.11984129  -2537.13311772  -2537.14090732  -2537.16827756  -2537.17942821 
max(|Fr_perp|)   :   0.00000000    0.00149840    0.01857113    0.02775984    0.00686051    0.01619709    0.01572870    0.01026253    0.00614704    0.00000000 
Fr_paral         :   0.00000000   -0.00562659    0.00067245   -0.00007112   -0.00891501    0.03492089    0.00090942    0.00354837    0.00402717    0.00000000 
max(|Fsp_paral|) :   0.00000000    0.00033201    0.00037625    0.00968228    0.00134216    0.02777211    0.00433723    0.00473350    0.00734970    0.00000000 
max(|Fsp_perp|)  :   0.00000000    0.00000000    0.00000000    0.00000000    0.00000000    0.00000000    0.00000000    0.00000000    0.00000000    0.00000000 
max(|FNEB|)      :   0.00000000    0.00157303    0.01854985    0.03096019    0.00721828    0.03087446    0.01548855    0.01172297    0.01047357    0.00000000 
max(|Force|)     :   0.00009241    0.00292686    0.01854979    0.02775557    0.00954027    0.02068964    0.01574538    0.01033916    0.00565580    0.00035406 
ksp              :   0.02961210    0.06121894    0.06915857    0.10000000    0.10000000    0.04593417    0.02602116    0.01433772    0.01000000 
max(|step|)      :   0.00000000    0.00897129    0.02513935    0.05088772    0.08181521    0.05809551    0.10000000    0.03303428    0.06788237    0.00325524 
angle (deg.)     :    38.6166  74.4030  91.9939  54.7150  69.0939  29.1045  28.2266  23.9408 
>
iteration       : 81
climbing        : no
zoom on         : no
nim             : 10
barrier         :   0.05756553 (image:  4) 
distance        :   0.00000000    8.52821314   12.61931675   16.38693822   18.72719286   21.02282851   24.79062855   31.51636142   41.73332934   53.38174720 
energy          : -2537.14379937  -2537.13087340  -2537.10905781  -2537.10427557  -2537.08623384  -2537.11821387  -2537.13331379  -2537.14059466  -2537.16762528  -2537.17942821 
max(|Fr_perp|)   :   0.00000000    0.00235663    0.02874199    0.03477275    0.00796353    0.02737668    0.02640023    0.01416347    0.00857841    0.00000000 
Fr_paral         :   0.00000000   -0.00557136    0.00126951    0.00324859   -0.00708944    0.03431721    0.00101985    0.00361294    0.00402928    0.00000000 
max(|Fsp_paral|) :   0.00000000    0.00165480    0.00416149    0.01358841    0.00194250    0.02778234    0.00367546    0.00550156    0.00768092    0.00000000 
max(|Fsp_perp|)  :   0.00000000    0.00000000    0.00000000    0.00000000    0.00000000    0.00000000    0.00000000    0.00000000    0.00000000    0.00000000 
max(|FNEB|)      :   0.00000000    0.00276208    0.02870486    0.03574970    0.00830132    0.03262302    0.02636692    0.01538836    0.01314613    0.00000000 
max(|Force|)     :   0.00009241    0.00306814    0.02892082    0.03511823    0.00943147    0.03144212    0.02659676    0.01435508    0.00816459    0.00035406 
ksp              :   0.03020718    0.06435173    0.07183275    0.10000000    0.10000000    0.05001782    0.02641563    0.01501975    0.01000000 
max(|step|)      :   0.00000000    0.00436461    0.04535905    0.05649123    0.01311764    0.05155049    0.04166467    0.02431649    0.02077334    0.00000000 
angle (deg.)     :    38.7012  74.1204  92.9718  54.8425  67.9675  29.4459  28.2752  23.9665 
>
iteration       : 82
climbing        : no
zoom on         : no
nim             : 10
barrier         :   0.05651452 (image:  4) 
distance        :   0.00000000    8.53800392   12.61992847   16.38562911   18.77801731   21.01328259   24.79621278   31.50368087   41.69818382   53.40433237 
energy          : -2537.14379937  -2537.13086372  -2537.10914312  -2537.10922308  -2537.08728485  -2537.11682735  -2537.13400192  -2537.14049458  -2537.16748678  -2537.17942821 
max(|Fr_perp|)   :   0.00000000    0.00244156    0.02948153    0.02197062    0.00704491    0.02063201    0.02074877    0.01642800    0.01112998    0.00000000 
Fr_paral         :   0.00000000   -0.00561694   -0.00007816   -0.00144721   -0.00767664    0.04112688    0.00141267    0.00372374    0.00426907    0.00000000 
max(|Fsp_paral|) :   0.00000000    0.00142188    0.01168932    0.00227474    0.00711289    0.01572239    0.01005534    0.00367473    0.00801251    0.00000000 
max(|Fsp_perp|)  :   0.00000000    0.00000000    0.00000000    0.00000000    0.00000000    0.00000000    0.00000000    0.00000000    0.00000000    0.00000000 
max(|FNEB|)      :   0.00000000    0.00230499    0.02892863    0.02303932    0.01278416    0.02371134    0.02051546    0.01677106    0.01405710    0.00000000 
max(|Force|)     :   0.00009241    0.00301332    0.02947943    0.02221812    0.00914645    0.02622947    0.02076030    0.01634880    0.01080571    0.00035406 
ksp              :   0.03060017    0.06519045    0.06519045    0.10000000    0.10000000    0.05295324    0.02560254    0.01526292    0.01000000 
max(|step|)      :   0.00000000    0.00157538    0.01203264    0.03376273    0.01385382    0.02802037    0.00985132    0.00808367    0.00968491    0.00019854 
angle (deg.)     :    38.7222  74.2347  93.2994  54.9114  67.4278  29.6961  28.3519  23.9770 
>
iteration       : 83
climbing        : no
zoom on         : no
nim             : 10
barrier         :   0.05590818 (image:  4) 
distance        :   0.00000000    8.54516591   12.61443158   16.40081226   18.80154786   21.01272711   24.79046551   31.50325800   41.67373800   53.42653484 
energy          : -2537.14379937  -2537.13086538  -2537.11032936  -2537.11066255  -2537.08789118  -2537.11616582  -2537.13446929  -2537.14082842  -2537.16746229  -2537.17942821 
max(|Fr_perp|)   :   0.00000000    0.00131910    0.01381813    0.01028305    0.00668331    0.01394976    0.01438612    0.00661544    0.00511221    0.00000000 
Fr_paral         :   0.00000000   -0.00567941    0.00010868   -0.00315653   -0.00805807    0.04409125    0.00135191    0.00371528    0.00422205    0.00000000 
max(|Fsp_paral|) :   0.00000000    0.00100810    0.01022303    0.00064949    0.00865172    0.01037433    0.01354974    0.00402310    0.00682482    0.00000000 
max(|Fsp_perp|)  :   0.00000000    0.00000000    0.00000000    0.00000000    0.00000000    0.00000000    0.00000000    0.00000000    0.00000000    0.00000000 
max(|FNEB|)      :   0.00000000    0.00232720    0.01338286    0.01061743    0.01386185    0.01517174    0.01399653    0.00697234    0.00760565    0.00000000 
max(|Force|)     :   0.00009241    0.00298961    0.01382074    0.01086999    0.00888799    0.02793102    0.01440003    0.00654012    0.00479142    0.00035406 
ksp              :   0.03082090    0.06387943    0.06387943    0.10000000    0.10000000    0.05448400    0.02501939    0.01478258    0.01000000 
max(|step|)      :   0.00000000    0.00743434    0.02758994    0.10000000    0.06504423    0.09877676    0.04628529    0.02123112    0.03929659    0.00126315 
angle (deg.)     :    38.9519  74.7868  94.4313  55.2176  65.8061  30.7182  28.6813  24.0721 
>
iteration       : 84
climbing        : no
zoom on         : no
nim             : 10
barrier         :   0.05388213 (image:  4) 
distance        :   0.00000000    8.55436269   12.59770227   16.47466170   18.88062233   21.03580118   24.74924917   31.51549611   41.60274191   53.53997446 
energy          : -2537.14379937  -2537.13099141  -2537.11058043  -2537.10901437  -2537.08991724  -2537.11190818  -2537.13512902  -2537.14076988  -2537.16713487  -2537.17942821 
max(|Fr_perp|)   :   0.00000000    0.00093765    0.01516019    0.03504368    0.00561324    0.00904637    0.00676789    0.00465737    0.00264837    0.00000000 
Fr_paral         :   0.00000000   -0.00551339    0.00213052   -0.00428780   -0.00926367    0.04945629    0.00121323    0.00360382    0.00415294    0.00000000 
max(|Fsp_paral|) :   0.00000000    0.00110385    0.00034033    0.00800549    0.01105135    0.01321343    0.02622454    0.00320180    0.00677526    0.00000000 
max(|Fsp_perp|)  :   0.00000000    0.00000000    0.00000000    0.00000000    0.00000000    0.00000000    0.00000000    0.00000000    0.00000000    0.00000000 
max(|FNEB|)      :   0.00000000    0.00188989    0.01534240    0.03003549    0.01474028    0.01154632    0.02451843    0.00416905    0.00744311    0.00000000 
max(|Force|)     :   0.00009241    0.00241317    0.01529518    0.03428090    0.00776598    0.03194296    0.00685770    0.00549747    0.00326161    0.00035406 
ksp              :   0.03139179    0.06548944    0.06814490    0.10000000    0.10000000    0.06328650    0.02448315    0.01506050    0.01000000 
max(|step|)      :   0.00000000    0.00629219    0.05108091    0.10000000    0.04907619    0.03844225    0.08163152    0.01388042    0.02478106    0.00000000 
angle (deg.)     :    39.1904  74.6798  95.4836  54.4018  67.4762  30.5026  28.9923  24.1241 
>
iteration       : 85
climbing        : no
zoom on         : no
nim             : 10
barrier         :   0.05213119 (image:  4) 
distance        :   0.00000000    8.55045174   12.59879141   16.49367600   18.91050962   21.20449514   24.69630232   31.62915455   41.65373438   53.69986438 
energy          : -2537.14379937  -2537.13112829  -2537.10875759  -2537.11156937  -2537.09166818  -2537.11557530  -2537.13497129  -2537.14058034  -2537.16688800  -2537.17942821 
max(|Fr_perp|)   :   0.00000000    0.00229717    0.04398753    0.01973723    0.00686985    0.02282971    0.01517973    0.01100643    0.00945433    0.00000000 
Fr_paral         :   0.00000000   -0.00536234    0.00034194   -0.00044997   -0.00809828    0.04328290    0.00199825    0.00368689    0.00425243    0.00000000 
max(|Fsp_paral|) :   0.00000000    0.00380691    0.00594953    0.01293634    0.00535885    0.01648695    0.01106718    0.00456198    0.00739639    0.00000000 
max(|Fsp_perp|)  :   0.00000000    0.00000000    0.00000000    0.00000000    0.00000000    0.00000000    0.00000000    0.00000000    0.00000000    0.00000000 
max(|FNEB|)      :   0.00000000    0.00309140    0.04359123    0.02634524    0.00855249    0.02175299    0.01470667    0.01133832    0.01209455    0.00000000 
max(|Force|)     :   0.00009241    0.00259283    0.04400005    0.01982762    0.00672625    0.02808884    0.01521117    0.01094215    0.00913802    0.00035406 
ksp              :   0.03187553    0.07049660    0.07049660    0.10000000    0.10000000    0.05872641    0.02524092    0.01555737    0.01000000 
max(|step|)      :   0.00000000    0.00407823    0.03923181    0.05881785    0.04513363    0.02269220    0.06400463    0.01660868    0.02628557    0.00098988 
angle (deg.)     :    39.3173  74.7561  96.6207  54.1571  67.9697  30.8510  29.2856  24.1849 
>
iteration       : 86
climbing        : no
zoom on         : no
nim             : 10
barrier         :   0.05067060 (image:  4) 
distance        :   0.00000000    8.56701533   12.58682805   16.51520659   18.98057609   21.34124385   24.67387606   31.73120066   41.68829957   53.86204154 
energy          : -2537.14379937  -2537.13114084  -2537.11094832  -2537.10914327  -2537.09312877  -2537.11717658  -2537.13535099  -2537.14071685  -2537.16671077  -2537.17942821 
max(|Fr_perp|)   :   0.00000000    0.00105356    0.00822561    0.03162803    0.00721683    0.00495975    0.00949722    0.00452817    0.00376199    0.00000000 
Fr_paral         :   0.00000000   -0.00551813    0.00056631    0.00360181   -0.00767709    0.04093462    0.00220023    0.00373575    0.00412881    0.00000000 
max(|Fsp_paral|) :   0.00000000    0.00105161    0.00363520    0.01300944    0.00413969    0.03049834    0.00531482    0.00547843    0.00674349    0.00000000 
max(|Fsp_perp|)  :   0.00000000    0.00000000    0.00000000    0.00000000    0.00000000    0.00000000    0.00000000    0.00000000    0.00000000    0.00000000 
max(|FNEB|)      :   0.00000000    0.00210517    0.00809732    0.03713917    0.00764134    0.03330007    0.00958622    0.00634222    0.00767457    0.00000000 
max(|Force|)     :   0.00009241    0.00269387    0.00821416    0.03105366    0.00736055    0.02484859    0.00948366    0.00454622    0.00326263    0.00035406 
ksp              :   0.03248379    0.06834932    0.07155540    0.10000000    0.10000000    0.05728681    0.02500582    0.01547510    0.01000000 
max(|step|)      :   0.00000000    0.00617269    0.02063773    0.07957516    0.07617646    0.05031674    0.10000000    0.02359000    0.04811209    0.00230181 
angle (deg.)     :    39.6970  74.6546  98.9640  54.0641  67.6145  32.0378  29.7432  24.3225 
>
iteration       : 87
climbing        : no
zoom on         : no
nim             : 10
barrier         :   0.04813255 (image:  4) 
distance        :   0.00000000    8.58305747   12.57838737   16.56334886   19.13541992   21.55034326   24.66420356   31.89943926   41.74509554   54.14671610 
energy          : -2537.14379937  -2537.13124881  -2537.10982221  -2537.10707224  -2537.09566682  -2537.11594955  -2537.13549795  -2537.14053753  -2537.16628403  -2537.17942821 
max(|Fr_perp|)   :   0.00000000    0.00179455    0.03846407    0.03873689    0.00714208    0.01671885    0.01066616    0.00731419    0.00602742    0.00000000 
Fr_paral         :   0.00000000   -0.00548625    0.00126484    0.00861435   -0.00720298    0.04084017    0.00288346    0.00388730    0.00408964    0.00000000 
max(|Fsp_paral|) :   0.00000000    0.00201684    0.01138196    0.02153438    0.00564548    0.03234565    0.00324638    0.00659438    0.00720222    0.00000000 
max(|Fsp_perp|)  :   0.00000000    0.00000000    0.00000000    0.00000000    0.00000000    0.00000000    0.00000000    0.00000000    0.00000000    0.00000000 
max(|FNEB|)      :   0.00000000    0.00223662    0.03857117    0.04744551    0.00833655    0.03665316    0.01052587    0.00935457    0.01023884    0.00000000 
max(|Force|)     :   0.00009241    0.00287426    0.03885715    0.03746060    0.00758421    0.02414037    0.01082193    0.00742785    0.00558734    0.00035406 
ksp              :   0.03346517    0.07357892    0.07872946    0.10000000    0.10000000    0.06206294    0.02552955    0.01610204    0.01000000 
max(|step|)      :   0.00000000    0.00438778    0.07566858    0.09307817    0.01635458    0.07190583    0.02064957    0.01835171    0.02008647    0.00000000 
angle (deg.)     :    39.8507  74.0757  100.4805  54.2368  65.7646  32.7135  29.7683  24.3701 
>
iteration       : 88
climbing        : no
zoom on         : no
nim             : 10
barrier         :   0.04700978 (image:  4) 
distance        :   0.00000000    8.59665902   12.58568520   16.56155265   19.21786565   21.56150486   24.71044055   31.91584509   41.74182688   54.21066332 
energy          : -2537.14379937  -2537.13121432  -2537.10744093  -2537.11365570  -2537.09678959  -2537.11194045  -2537.13580613  -2537.14028348  -2537.16609145  -2537.17942821 
max(|Fr_perp|)   :   0.00000000    0.00269446    0.05897575    0.02242106    0.00621765    0.02765525    0.01451274    0.01284400    0.01102259    0.00000000 
Fr_paral         :   0.00000000   -0.00549409   -0.00000915    0.00459009   -0.00714802    0.04653699    0.00321361    0.00398056    0.00430575    0.00000000 
max(|Fsp_paral|) :   0.00000000    0.00737005    0.00055616    0.02047348    0.01358485    0.00721188    0.01647142    0.00450573    0.00829004    0.00000000 
max(|Fsp_perp|)  :   0.00000000    0.00000000    0.00000000    0.00000000    0.00000000    0.00000000    0.00000000    0.00000000    0.00000000    0.00000000 
max(|FNEB|)      :   0.00000000    0.00615352    0.05893041    0.03383995    0.01546681    0.02719710    0.01399851    0.01308949    0.01388064    0.00000000 
max(|Force|)     :   0.00009241    0.00299468    0.05897535    0.02139091    0.00625468    0.02962775    0.01461155    0.01278946    0.01071271    0.00035406 
ksp              :   0.03409402    0.07960805    0.07960805    0.10000000    0.10000000    0.07099375    0.02530302    0.01673116    0.01000000 
max(|step|)      :   0.00000000    0.00662242    0.01511280    0.08129775    0.02257676    0.04750848    0.01600457    0.00934978    0.01516977    0.00058548 
angle (deg.)     :    39.8996  73.7659  101.3760  54.4088  64.7106  33.2573  29.8519  24.4037 
>
iteration       : 89
climbing        : no
zoom on         : no
nim             : 10
barrier         :   0.04611857 (image:  4) 
distance        :   0.00000000    8.62324115   12.58320764   16.54453187   19.26500297   21.58704460   24.73046472   31.94011762   41.73505243   54.27689242 
energy          : -2537.14379937  -2537.13109329  -2537.10933407  -2537.11484768  -2537.09768080  -2537.10999003  -2537.13609888  -2537.14042312  -2537.16599851  -2537.17942821 
max(|Fr_perp|)   :   0.00000000    0.00167048    0.04348300    0.01077707    0.00598833    0.01896526    0.01260713    0.00728624    0.00667455    0.00000000 
Fr_paral         :   0.00000000   -0.00576602   -0.00008601    0.00343618   -0.00683365    0.04881047    0.00313451    0.00395646    0.00430998    0.00000000 
max(|Fsp_paral|) :   0.00000000    0.00178198    0.00005605    0.01359665    0.01815051    0.00439268    0.02408224    0.00452358    0.00773784    0.00000000 
max(|Fsp_perp|)  :   0.00000000    0.00000000    0.00000000    0.00000000    0.00000000    0.00000000    0.00000000    0.00000000    0.00000000    0.00000000 
max(|FNEB|)      :   0.00000000    0.00197194    0.04348716    0.01466138    0.01972843    0.01928073    0.02039317    0.00798523    0.00932981    0.00000000 
max(|Force|)     :   0.00009241    0.00322504    0.04347960    0.01070416    0.00619744    0.03057209    0.01271963    0.00723476    0.00636581    0.00035406 
ksp              :   0.03479581    0.07725875    0.07725875    0.10000000    0.10000000    0.07597865    0.02502743    0.01658872    0.01000000 
max(|step|)      :   0.00000000    0.00521246    0.02337741    0.10000000    0.05801078    0.05957831    0.04892369    0.01655106    0.02999017    0.00140555 
angle (deg.)     :    40.1839  73.2477  103.2371  54.7085  63.7187  34.0699  30.0559  24.4847 
>
iteration       : 90
climbing        : no
zoom on         : no
nim             : 10
barrier         :   0.04443393 (image:  4) 
distance        :   0.00000000    8.64802191   12.58837320   16.54375745   19.34429802   21.69896030   24.76480269   32.02709495   41.76189099   54.44745493 
energy          : -2537.14379937  -2537.13104841  -2537.11114244  -2537.11247375  -2537.09936544  -2537.10800163  -2537.13638881  -2537.14033984  -2537.16572144  -2537.17942821 
max(|Fr_perp|)   :   0.00000000    0.00173498    0.01750509    0.03198914    0.00661926    0.00954025    0.00727087    0.00593341    0.00554870    0.00000000 
Fr_paral         :   0.00000000   -0.00581132    0.00031487    0.00336388   -0.00507594    0.04991140    0.00326064    0.00392132    0.00433844    0.00000000 
max(|Fsp_paral|) :   0.00000000    0.00297129    0.00065282    0.00787949    0.01995995    0.01139453    0.03056925    0.00409392    0.00808414    0.00000000 
max(|Fsp_perp|)  :   0.00000000    0.00000000    0.00000000    0.00000000    0.00000000    0.00000000    0.00000000    0.00000000    0.00000000    0.00000000 
max(|FNEB|)      :   0.00000000    0.00431419    0.01771960    0.02917847    0.02051728    0.01094939    0.02711129    0.00666130    0.00833560    0.00000000 
max(|Force|)     :   0.00009241    0.00311560    0.01769853    0.03295059    0.00603324    0.03208250    0.00744744    0.00595190    0.00528695    0.00035406 
ksp              :   0.03582525    0.07615546    0.07615546    0.10000000    0.10000000    0.08252565    0.02500947    0.01700922    0.01000000 
max(|step|)      :   0.00000000    0.01386344    0.05694103    0.09376350    0.06593124    0.03518531    0.08712074    0.02140573    0.02678602    0.00000000 
angle (deg.)     :    40.5917  73.2485  103.9431  54.4537  65.4891  33.8870  30.3543  24.5163 
>
iteration       : 91
climbing        : no
zoom on         : no
nim             : 10
barrier         :   0.04279539 (image:  4) 
distance        :   0.00000000    8.63050168   12.59889883   16.57387957   19.32180476   21.86140360   24.70716108   32.12376402   41.78562658   54.59513469 
energy          : -2537.14379937  -2537.13125861  -2537.10747476  -2537.11461401  -2537.10100398  -2537.11099779  -2537.13570413  -2537.13968544  -2537.16527397  -2537.17942821 
max(|Fr_perp|)   :   0.00000000    0.00524574    0.06913404    0.01756027    0.00898094    0.03059425    0.01379246    0.01865066    0.01426012    0.00000000 
Fr_paral         :   0.00000000   -0.00522778    0.00166815    0.00613990   -0.00165646    0.04548866    0.00437780    0.00368162    0.00420398    0.00000000 
max(|Fsp_paral|) :   0.00000000    0.00886816    0.00030088    0.02692544    0.00900243    0.01883492    0.01019053    0.00528873    0.01087829    0.00000000 
max(|Fsp_perp|)  :   0.00000000    0.00000000    0.00000000    0.00000000    0.00000000    0.00000000    0.00000000    0.00000000    0.00000000    0.00000000 
max(|FNEB|)      :   0.00000000    0.00817181    0.06911771    0.03051403    0.00814183    0.03235029    0.01344010    0.01847840    0.02048568    0.00000000 
max(|Force|)     :   0.00009241    0.00481592    0.06908615    0.01853451    0.00875372    0.02836293    0.01394603    0.01868203    0.01408496    0.00035406 
ksp              :   0.03637360    0.08639175    0.08639175    0.10000000    0.10000000    0.07898272    0.02702454    0.01865171    0.01000000 
max(|step|)      :   0.00000000    0.00345344    0.03851099    0.05751750    0.04634459    0.01874986    0.05504371    0.01279042    0.02702115    0.00083216 
angle (deg.)     :    40.7165  73.2537  104.2419  54.3887  65.9480  34.2135  30.5564  24.5330 
>
iteration       : 92
climbing        : no
zoom on         : no
nim             : 10
barrier         :   0.04176689 (image:  4) 
distance        :   0.00000000    8.64463194   12.59627699   16.55254403   19.30674427   21.94247874   24.65728226   32.16922799   41.75413236   54.68800175 
energy          : -2537.14379937  -2537.13128416  -2537.11139528  -2537.11125785  -2537.10203248  -2537.11279949  -2537.13567234  -2537.14022335  -2537.16514871  -2537.17942821 
max(|Fr_perp|)   :   0.00000000    0.00149352    0.01338259    0.03198555    0.00980183    0.01025999    0.01001175    0.00789500    0.00589366    0.00000000 
Fr_paral         :   0.00000000   -0.00550202    0.00036672    0.00884451   -0.00068101    0.04466698    0.00477109    0.00385287    0.00432240    0.00000000 
max(|Fsp_paral|) :   0.00000000    0.00127293    0.00090186    0.01535950    0.00417703    0.03520786    0.00076356    0.00981390    0.00842987    0.00000000 
max(|Fsp_perp|)  :   0.00000000    0.00000000    0.00000000    0.00000000    0.00000000    0.00000000    0.00000000    0.00000000    0.00000000    0.00000000 
max(|FNEB|)      :   0.00000000    0.00201331    0.01330698    0.03826389    0.00819985    0.03753241    0.00994953    0.01056603    0.01071122    0.00000000 
max(|Force|)     :   0.00009241    0.00243416    0.01336460    0.03260529    0.00970974    0.02622765    0.01017452    0.00792681    0.00537783    0.00035406 
ksp              :   0.03696798    0.07982488    0.08012101    0.10000000    0.10000000    0.07679906    0.02751226    0.01770567    0.01000000 
max(|step|)      :   0.00000000    0.00978327    0.02540810    0.08975212    0.06613379    0.05532007    0.07789956    0.02585443    0.04811385    0.00201722 
angle (deg.)     :    41.1581  73.3146  105.8566  54.2810  64.7359  35.6181  30.7525  24.6381 
>
iteration       : 93
climbing        : no
zoom on         : no
nim             : 10
barrier         :   0.04003241 (image:  4) 
distance        :   0.00000000    8.64436573   12.60226924   16.58977852   19.38753065   22.08765253   24.66572685   32.26023384   41.74280382   54.90029399 
energy          : -2537.14379937  -2537.13146072  -2537.11143060  -2537.10913559  -2537.10376696  -2537.11077032  -2537.13569471  -2537.13996900  -2537.16463265  -2537.17942821 
max(|Fr_perp|)   :   0.00000000    0.00174601    0.01808809    0.04312704    0.00878763    0.01509175    0.00961489    0.00965955    0.00819697    0.00000000 
Fr_paral         :   0.00000000   -0.00527866    0.00030075    0.01152685    0.00076136    0.04646943    0.00571092    0.00424178    0.00445902    0.00000000 
max(|Fsp_paral|) :   0.00000000    0.00042285    0.01346994    0.02650138    0.00344291    0.03315628    0.00126239    0.01021610    0.00938231    0.00000000 
max(|Fsp_perp|)  :   0.00000000    0.00000000    0.00000000    0.00000000    0.00000000    0.00000000    0.00000000    0.00000000    0.00000000    0.00000000 
max(|FNEB|)      :   0.00000000    0.00165718    0.01857173    0.05528757    0.00743634    0.03712700    0.00947442    0.01246675    0.01126009    0.00000000 
max(|Force|)     :   0.00009241    0.00208960    0.01809441    0.04114854    0.00889300    0.02659092    0.01060131    0.00962567    0.00789283    0.00035406 
ksp              :   0.03773949    0.08277076    0.08793036    0.10000000    0.10000000    0.08425519    0.02822071    0.01861134    0.01000000 
max(|step|)      :   0.00000000    0.01114279    0.02632302    0.10000000    0.07445249    0.06072904    0.08773402    0.02874628    0.05344925    0.00278821 
angle (deg.)     :    41.6707  73.4419  107.6293  54.3546  63.2373  37.6100  30.9759  24.7783 
>
iteration       : 94
climbing        : no
zoom on         : no
nim             : 10
barrier         :   0.03888842 (image:  4) 
distance        :   0.00000000    8.64361294   12.61030931   16.64484818   19.49720414   22.27616280   24.70723878   32.39798264   41.76680484   55.17457474 
energy          : -2537.14379937  -2537.13161632  -2537.10841627  -2537.10553662  -2537.10491095  -2537.10693229  -2537.13489493  -2537.13840187  -2537.16373940  -2537.17942821 
max(|Fr_perp|)   :   0.00000000    0.00509940    0.04596003    0.05614632    0.00966492    0.03773032    0.02061613    0.02955320    0.02212609    0.00000000 
Fr_paral         :   0.00000000   -0.00482331    0.00156597    0.01501207    0.00023698    0.04674755    0.00700097    0.00446080    0.00463087    0.00000000 
max(|Fsp_paral|) :   0.00000000    0.01082368    0.01923296    0.04318518    0.00275058    0.02834766    0.00171814    0.00672107    0.01609798    0.00000000 
max(|Fsp_perp|)  :   0.00000000    0.00000000    0.00000000    0.00000000    0.00000000    0.00000000    0.00000000    0.00000000    0.00000000    0.00000000 
max(|FNEB|)      :   0.00000000    0.01083807    0.04700743    0.07476924    0.00856665    0.03631340    0.02097020    0.02993086    0.02736640    0.00000000 
max(|Force|)     :   0.00009241    0.00541496    0.04622335    0.05374763    0.00971506    0.03950426    0.02118967    0.02971050    0.02195255    0.00035406 
ksp              :   0.03819233    0.09197291    0.09860031    0.10000000    0.10000000    0.09533853    0.03062854    0.02253285    0.01000000 
max(|step|)      :   0.00000000    0.01449536    0.06287001    0.10000000    0.01145745    0.04856730    0.02804656    0.04003099    0.03660115    0.00000000 
angle (deg.)     :    41.6853  73.0330  109.4978  53.7409  61.8337  38.2763  30.9954  24.7128 
>
iteration       : 95
climbing        : no
zoom on         : no
nim             : 10
barrier         :   0.03792255 (image:  4) 
distance        :   0.00000000    8.67997300   12.60980439   16.65582048   19.64736188   22.35937916   24.83521040   32.49579182   41.79353152   55.30020206 
energy          : -2537.14379937  -2537.13141039  -2537.11021095  -2537.11127846  -2537.10587682  -2537.10588670  -2537.13581339  -2537.13876566  -2537.16352685  -2537.17942821 
max(|Fr_perp|)   :   0.00000000    0.00485885    0.03291748    0.03273448    0.00537429    0.02068075    0.01333853    0.02329176    0.01608923    0.00000000 
Fr_paral         :   0.00000000   -0.00538057    0.00111863    0.01219243    0.00724805    0.04887931    0.00663320    0.00407114    0.00454617    0.00000000 
max(|Fsp_paral|) :   0.00000000    0.00330449    0.00598288    0.02604422    0.01701985    0.01443350    0.01214453    0.00485090    0.01440472    0.00000000 
max(|Fsp_perp|)  :   0.00000000    0.00000000    0.00000000    0.00000000    0.00000000    0.00000000    0.00000000    0.00000000    0.00000000    0.00000000 
max(|FNEB|)      :   0.00000000    0.00565656    0.03278784    0.04649537    0.01460167    0.02197247    0.01211141    0.02322357    0.02421468    0.00000000 
max(|Force|)     :   0.00009241    0.00445202    0.03290356    0.03010597    0.00741373    0.02876262    0.01369066    0.02330741    0.01594760    0.00035406 
ksp              :   0.03940225    0.08971400    0.08971400    0.10000000    0.10000000    0.09997655    0.02895280    0.02194628    0.01000000 
max(|step|)      :   0.00000000    0.00886319    0.01784940    0.09236899    0.01170137    0.03930582    0.01052084    0.00901151    0.02405390    0.00054971 
angle (deg.)     :    41.7393  72.8402  110.8867  53.8510  60.7520  38.8754  31.0434  24.6657 
>
iteration       : 96
climbing        : no
zoom on         : no
nim             : 10
barrier         :   0.03960748 (image:  5) 
distance        :   0.00000000    8.70595578   12.61050575   16.66216911   19.75847550   22.44623730   24.93775575   32.59261765   41.80502111   55.42380749 
energy          : -2537.14379937  -2537.13128641  -2537.11115766  -2537.11365433  -2537.10633057  -2537.10419189  -2537.13610687  -2537.13942015  -2537.16332146  -2537.17942821 
max(|Fr_perp|)   :   0.00000000    0.00248454    0.02422289    0.01328316    0.00493104    0.01840992    0.01426722    0.01492073    0.00983290    0.00000000 
Fr_paral         :   0.00000000   -0.00575381    0.00039233    0.01069823    0.00741764    0.04883049    0.00647164    0.00402250    0.00471065    0.00000000 
max(|Fsp_paral|) :   0.00000000    0.00186897    0.00693021    0.01900993    0.01559403    0.01206572    0.01881446    0.00725095    0.00994393    0.00000000 
max(|Fsp_perp|)  :   0.00000000    0.00000000    0.00000000    0.00000000    0.00000000    0.00000000    0.00000000    0.00000000    0.00000000    0.00000000 
max(|FNEB|)      :   0.00000000    0.00331301    0.02366265    0.02235194    0.01267357    0.01954392    0.01392856    0.01567094    0.01544040    0.00000000 
max(|Force|)     :   0.00009241    0.00325296    0.02420514    0.01730521    0.00740256    0.02753480    0.01463554    0.01493865    0.00932923    0.00035406 
ksp              :   0.03843317    0.08417171    0.08417171    0.09514030    0.10000000    0.10000000    0.02747965    0.01995088    0.01000000 
max(|step|)      :   0.00000000    0.00324582    0.03744371    0.10000000    0.02333479    0.06489749    0.03928960    0.01910648    0.03629237    0.00169553 
angle (deg.)     :    42.1910  72.4433  112.5185  54.0076  59.7270  39.8391  31.0695  24.7531 
>
iteration       : 97
climbing        : no
zoom on         : no
nim             : 10
barrier         :   0.04211355 (image:  5) 
distance        :   0.00000000    8.71443299   12.63427581   16.65421679   19.88953102   22.55095100   25.02443061   32.68075995   41.81177438   55.60146309 
energy          : -2537.14379937  -2537.13132455  -2537.11184941  -2537.11251555  -2537.10691343  -2537.10168582  -2537.13627348  -2537.13931849  -2537.16291243  -2537.17942821 
max(|Fr_perp|)   :   0.00000000    0.00441334    0.02067053    0.01313063    0.00488423    0.00736662    0.00487479    0.01303413    0.01061075    0.00000000 
Fr_paral         :   0.00000000   -0.00559702    0.00028141    0.00973178    0.00806358    0.04866001    0.00686277    0.00418028    0.00449101    0.00000000 
max(|Fsp_paral|) :   0.00000000    0.00398123    0.00444128    0.01090514    0.01263569    0.01160468    0.02389108    0.00572310    0.00857003    0.00000000 
max(|Fsp_perp|)  :   0.00000000    0.00000000    0.00000000    0.00000000    0.00000000    0.00000000    0.00000000    0.00000000    0.00000000    0.00000000 
max(|FNEB|)      :   0.00000000    0.00512058    0.02087534    0.01398064    0.00923541    0.01253595    0.01903275    0.01388679    0.01556894    0.00000000 
max(|Force|)     :   0.00009241    0.00405597    0.02094963    0.01555042    0.00818175    0.02905705    0.00831254    0.01321393    0.01030331    0.00035406 
ksp              :   0.03666452    0.07830900    0.07830900    0.08883536    0.10000000    0.10000000    0.02608326    0.01959542    0.01000000 
max(|step|)      :   0.00000000    0.01394500    0.05685032    0.03807382    0.02515102    0.03413945    0.05183235    0.03781824    0.04239927    0.00000000 
angle (deg.)     :    42.6001  72.4076  113.2764  54.2401  59.8350  40.2418  31.2207  24.8334 
>
iteration       : 98
climbing        : no
zoom on         : no
nim             : 10
barrier         :   0.04344670 (image:  5) 
distance        :   0.00000000    8.69381812   12.65222453   16.68683946   19.94809403   22.62230839   25.03383500   32.74776919   41.82127479   55.72145362 
energy          : -2537.14379937  -2537.13142536  -2537.10942171  -2537.11290560  -2537.10711866  -2537.10035267  -2537.13565507  -2537.13709620  -2537.16199399  -2537.17942821 
max(|Fr_perp|)   :   0.00000000    0.01197485    0.04912680    0.00807205    0.00504048    0.01493479    0.00867545    0.03795445    0.03246807    0.00000000 
Fr_paral         :   0.00000000   -0.00490455    0.00082112    0.01107140    0.01061781    0.04834810    0.00778445    0.00389888    0.00494261    0.00000000 
max(|Fsp_paral|) :   0.00000000    0.00373161    0.00339419    0.01820078    0.00763920    0.01617512    0.01718194    0.00263896    0.01625769    0.00000000 
max(|Fsp_perp|)  :   0.00000000    0.00000000    0.00000000    0.00000000    0.00000000    0.00000000    0.00000000    0.00000000    0.00000000    0.00000000 
max(|FNEB|)      :   0.00000000    0.01131969    0.04929865    0.01739604    0.00533116    0.01807049    0.01484277    0.03788681    0.03744824    0.00000000 
max(|Force|)     :   0.00009241    0.01224970    0.04914960    0.01187581    0.01092506    0.02787521    0.01015620    0.03792653    0.03215137    0.00035406 
ksp              :   0.03563281    0.08121346    0.08121346    0.08598423    0.10000000    0.10000000    0.02687095    0.02388563    0.01000000 
max(|step|)      :   0.00000000    0.00878076    0.01083688    0.04303275    0.02234124    0.04045805    0.04953710    0.00868941    0.03014789    0.00104171 
angle (deg.)     :    42.9548  72.4301  113.7926  54.4172  59.8437  40.8258  31.4533  24.8516 
>
iteration       : 99
climbing        : no
zoom on         : no
nim             : 10
barrier         :   0.04506806 (image:  5) 
distance        :   0.00000000    8.68446766   12.66630639   16.69727789   19.99374561   22.67159577   25.03186935   32.82256545   41.78950423   55.83306150 
energy          : -2537.14379937  -2537.13152639  -2537.10809425  -2537.11202176  -2537.10729670  -2537.09873130  -2537.13512937  -2537.13668867  -2537.16147822  -2537.17942821 
max(|Fr_perp|)   :   0.00000000    0.01335808    0.05908476    0.01775756    0.00564845    0.01958141    0.01018747    0.04078413    0.03523017    0.00000000 
Fr_paral         :   0.00000000   -0.00452945    0.00137890    0.01049056    0.01256860    0.04795030    0.00869973    0.00358910    0.00505053    0.00000000 
max(|Fsp_paral|) :   0.00000000    0.00771172    0.00217889    0.02201106    0.00317766    0.01950308    0.01195217    0.00119076    0.01602254    0.00000000 
max(|Fsp_perp|)  :   0.00000000    0.00000000    0.00000000    0.00000000    0.00000000    0.00000000    0.00000000    0.00000000    0.00000000    0.00000000 
max(|FNEB|)      :   0.00000000    0.01207672    0.05920009    0.02822738    0.00527880    0.02222378    0.01435182    0.04075599    0.04008963    0.00000000 
max(|Force|)     :   0.00009241    0.01359949    0.05912457    0.01854979    0.01294197    0.02672664    0.01142058    0.04076011    0.03490962    0.00035406 
ksp              :   0.03450889    0.08130240    0.08130240    0.08289507    0.10000000    0.10000000    0.02731381    0.02419992    0.01000000 
max(|step|)      :   0.00000000    0.00821825    0.02018662    0.08407426    0.03579485    0.10000000    0.09330805    0.02232237    0.06482867    0.00255678 
angle (deg.)     :    43.5436  72.5702  114.2783  54.5394  59.6564  42.5172  31.8448  24.9510 
>
iteration       : 100
climbing        : no
zoom on         : no
nim             : 10
barrier         :   0.04881566 (image:  5) 
distance        :   0.00000000    8.68611439   12.68478728   16.67821277   20.04317661   22.69957949   24.99134560   32.91220852   41.66934958   56.02095983 
energy          : -2537.14379937  -2537.13169358  -2537.10785828  -2537.11006609  -2537.10776732  -2537.09498371  -2537.13433833  -2537.13596734  -2537.16056244  -2537.17942821 
max(|Fr_perp|)   :   0.00000000    0.01348654    0.06212034    0.02813946    0.00663012    0.01981372    0.01064703    0.04598607    0.03852048    0.00000000 
Fr_paral         :   0.00000000   -0.00436455    0.00211999    0.01071842    0.01436901    0.04681747    0.01027068    0.00335822    0.00501032    0.00000000 
max(|Fsp_paral|) :   0.00000000    0.00795296    0.00022242    0.02163342    0.00471331    0.02215604    0.00625456    0.00074034    0.01495032    0.00000000 
max(|Fsp_perp|)  :   0.00000000    0.00000000    0.00000000    0.00000000    0.00000000    0.00000000    0.00000000    0.00000000    0.00000000    0.00000000 
max(|FNEB|)      :   0.00000000    0.01230117    0.06242788    0.03630064    0.01136414    0.02622618    0.01272092    0.04636698    0.04322148    0.00000000 
max(|Force|)     :   0.00009241    0.01380928    0.06248862    0.02633633    0.01469697    0.02662935    0.01297593    0.04633174    0.03849377    0.00035406 
ksp              :   0.03232355    0.07636238    0.07636238    0.07643636    0.10000000    0.10000000    0.02745260    0.02454055    0.01000000 
max(|step|)      :   0.00000000    0.01292799    0.06560893    0.03815035    0.01194320    0.02756255    0.01336912    0.04872964    0.04542385    0.00000000 
angle (deg.)     :    43.4702  72.6803  113.7805  54.1471  59.5078  42.9300  31.9226  24.8965 
>
iteration       : 101
climbing        : no
zoom on         : no
nim             : 10
barrier         :   0.04954583 (image:  5) 
distance        :   0.00000000    8.70579962   12.67537924   16.63267263   20.00946659   22.62407776   24.94462482   32.87846700   41.56454092   55.98921314 
energy          : -2537.14379937  -2537.13174974  -2537.11235344  -2537.11136746  -2537.10824693  -2537.09425354  -2537.13481375  -2537.13873645  -2537.16120667  -2537.17942821 
max(|Fr_perp|)   :   0.00000000    0.00630788    0.01600694    0.01501579    0.00499121    0.00776944    0.00629046    0.02134031    0.01643215    0.00000000 
Fr_paral         :   0.00000000   -0.00512047    0.00085203    0.00969764    0.01164892    0.04646972    0.01007780    0.00360310    0.00450270    0.00000000 
max(|Fsp_paral|) :   0.00000000    0.00361547    0.00351256    0.00824080    0.00532998    0.01784475    0.01250400    0.01219917    0.00470702    0.00000000 
max(|Fsp_perp|)  :   0.00000000    0.00000000    0.00000000    0.00000000    0.00000000    0.00000000    0.00000000    0.00000000    0.00000000    0.00000000 
max(|FNEB|)      :   0.00000000    0.00550059    0.01599130    0.01963330    0.01032120    0.02142297    0.00897972    0.02250392    0.01904951    0.00000000 
max(|Force|)     :   0.00009241    0.00593773    0.01600481    0.01428066    0.01144772    0.02604612    0.01171804    0.02134326    0.01629165    0.00035406 
ksp              :   0.03188816    0.06712153    0.06891256    0.07458100    0.10000000    0.10000000    0.02632237    0.01919679    0.01000000 
max(|step|)      :   0.00000000    0.00233321    0.00398617    0.01844189    0.00871329    0.01842181    0.00701984    0.01075917    0.01010770    0.00001267 
angle (deg.)     :    43.5511  72.6931  113.9063  53.8386  59.5296  43.1644  31.8816  24.9550 
>
iteration       : 102
climbing        : no
zoom on         : no
nim             : 10
barrier         :   0.05020862 (image:  5) 
distance        :   0.00000000    8.70341035   12.67771872   16.63749831   20.02968815   22.61556321   24.94781326   32.86965738   41.55718111   56.00729900 
energy          : -2537.14379937  -2537.13182100  -2537.11253058  -2537.11179082  -2537.10854180  -2537.09359075  -2537.13488789  -2537.13940669  -2537.16139396  -2537.17942821 
max(|Fr_perp|)   :   0.00000000    0.00282258    0.01231608    0.00811520    0.00482078    0.00796055    0.00590130    0.00978181    0.00768283    0.00000000 
Fr_paral         :   0.00000000   -0.00511821    0.00073147    0.00926978    0.00994218    0.04598153    0.01000540    0.00403353    0.00443472    0.00000000 
max(|Fsp_paral|) :   0.00000000    0.00369572    0.00240172    0.00728361    0.00565296    0.01537505    0.01488379    0.01464688    0.00225534    0.00000000 
max(|Fsp_perp|)  :   0.00000000    0.00000000    0.00000000    0.00000000    0.00000000    0.00000000    0.00000000    0.00000000    0.00000000    0.00000000 
max(|FNEB|)      :   0.00000000    0.00394041    0.01230301    0.01229492    0.00967542    0.01860649    0.01029478    0.01300933    0.00893758    0.00000000 
max(|Force|)     :   0.00009241    0.00249468    0.01231385    0.01009013    0.00948995    0.02548720    0.01132382    0.00978905    0.00716662    0.00035406 
ksp              :   0.03147148    0.06604996    0.06737600    0.07319993    0.10000000    0.10000000    0.02597401    0.01787398    0.01000000 
max(|step|)      :   0.00000000    0.01071274    0.01276997    0.08665881    0.04937509    0.10000000    0.04520045    0.03986861    0.03253595    0.00166951 
angle (deg.)     :    44.0244  72.8457  114.6366  52.1614  60.2208  44.3976  31.6263  25.3747 
>
iteration       : 103
climbing        : no
zoom on         : no
nim             : 10
barrier         :   0.05357369 (image:  5) 
distance        :   0.00000000    8.68778838   12.69124482   16.67385430   20.15730290   22.58844204   24.97187106   32.80684960   41.56319537   56.13081201 
energy          : -2537.14379937  -2537.13202462  -2537.11273567  -2537.11087750  -2537.10956116  -2537.09022568  -2537.13486715  -2537.13791589  -2537.16113453  -2537.17942821 
max(|Fr_perp|)   :   0.00000000    0.00618820    0.00825511    0.02789110    0.00406608    0.00844751    0.00474661    0.02494951    0.01850315    0.00000000 
Fr_paral         :   0.00000000   -0.00477905    0.00055896    0.00887535    0.00163735    0.04308038    0.00954146    0.00540228    0.00410147    0.00000000 
max(|Fsp_paral|) :   0.00000000    0.00318092    0.00621615    0.00971422    0.00413511    0.00287745    0.02369127    0.00625565    0.00602756    0.00000000 
max(|Fsp_perp|)  :   0.00000000    0.00000000    0.00000000    0.00000000    0.00000000    0.00000000    0.00000000    0.00000000    0.00000000    0.00000000 
max(|FNEB|)      :   0.00000000    0.00691191    0.00877501    0.02528459    0.00505424    0.00764805    0.01943381    0.02538458    0.02046884    0.00000000 
max(|Force|)     :   0.00009241    0.00658179    0.00837004    0.03026048    0.00401302    0.02427731    0.00959736    0.02527106    0.01849808    0.00035406 
ksp              :   0.02978188    0.06218443    0.06533030    0.06751642    0.10000000    0.10000000    0.02500257    0.01993160    0.01000000 
max(|step|)      :   0.00000000    0.01072424    0.01361495    0.03923052    0.00784195    0.01186640    0.03015269    0.03938566    0.03175859    0.00000000 
angle (deg.)     :    44.2335  72.7575  115.1784  51.8896  61.0444  44.3658  31.7916  25.4025 
>
iteration       : 104
climbing        : no
zoom on         : no
nim             : 10
barrier         :   0.05298769 (image:  5) 
distance        :   0.00000000    8.67869593   12.70047915   16.69527999   20.22471970   22.64588383   24.99059500   32.84855736   41.59471552   56.20777052 
energy          : -2537.14379937  -2537.13211952  -2537.11279764  -2537.11230947  -2537.10981083  -2537.09081168  -2537.13452231  -2537.13763704  -2537.16100502  -2537.17942821 
max(|Fr_perp|)   :   0.00000000    0.00659339    0.00719145    0.00551239    0.00405763    0.00819500    0.00551199    0.02640253    0.01856000    0.00000000 
Fr_paral         :   0.00000000   -0.00468671    0.00031873    0.00913883    0.00141217    0.04322996    0.01042797    0.00443075    0.00420492    0.00000000 
max(|Fsp_paral|) :   0.00000000    0.00227076    0.00089852    0.00567817    0.00159820    0.00458943    0.01789018    0.00690066    0.00685659    0.00000000 
max(|Fsp_perp|)  :   0.00000000    0.00000000    0.00000000    0.00000000    0.00000000    0.00000000    0.00000000    0.00000000    0.00000000    0.00000000 
max(|FNEB|)      :   0.00000000    0.00611598    0.00712630    0.00752398    0.00395100    0.00820899    0.01266306    0.02641332    0.02227450    0.00000000 
max(|Force|)     :   0.00009241    0.00627219    0.00717864    0.00701502    0.00400855    0.02431717    0.01104390    0.02640049    0.01881542    0.00035406 
ksp              :   0.02983831    0.06265667    0.06348584    0.06772980    0.10000000    0.10000000    0.02575715    0.02046677    0.01000000 
max(|step|)      :   0.00000000    0.00433486    0.00512934    0.02135961    0.00653601    0.01339313    0.02654363    0.00893520    0.01102216    0.00040415 
angle (deg.)     :    44.4130  72.7662  115.6329  51.7379  61.8355  44.4034  31.9143  25.4537 
>
iteration       : 105
climbing        : no
zoom on         : no
nim             : 10
barrier         :   0.05250173 (image:  5) 
distance        :   0.00000000    8.67053948   12.70717715   16.71923033   20.28664060   22.69907756   25.01309944   32.88769650   41.61898822   56.28413725 
energy          : -2537.14379937  -2537.13222673  -2537.11285531  -2537.11227148  -2537.11003873  -2537.09129764  -2537.13423897  -2537.13816959  -2537.16104603  -2537.17942821 
max(|Fr_perp|)   :   0.00000000    0.00504582    0.00682842    0.01124007    0.00401006    0.00793727    0.00586135    0.02084091    0.01427976    0.00000000 
Fr_paral         :   0.00000000   -0.00462858    0.00041058    0.00969665    0.00139264    0.04329510    0.01098257    0.00409167    0.00437851    0.00000000 
max(|Fsp_paral|) :   0.00000000    0.00137832    0.00136557    0.00578381    0.00046022    0.00589979    0.01316172    0.01075860    0.00519474    0.00000000 
max(|Fsp_perp|)  :   0.00000000    0.00000000    0.00000000    0.00000000    0.00000000    0.00000000    0.00000000    0.00000000    0.00000000    0.00000000 
max(|FNEB|)      :   0.00000000    0.00475774    0.00672241    0.01351528    0.00404148    0.00852223    0.00914956    0.02133775    0.01713640    0.00000000 
max(|Force|)     :   0.00009241    0.00473002    0.00681077    0.01456045    0.00396084    0.02425700    0.01198591    0.02084058    0.01415926    0.00035406 
ksp              :   0.02983816    0.06304521    0.06404603    0.06787347    0.10000000    0.10000000    0.02638872    0.01965073    0.01000000 
max(|step|)      :   0.00000000    0.01576351    0.02441130    0.06530376    0.03075599    0.06360926    0.10000000    0.04594408    0.04457738    0.00315319 
angle (deg.)     :    45.1902  72.8114  117.6307  51.5905  65.2535  44.9677  32.2059  25.8354 
>
iteration       : 106
climbing        : no
zoom on         : no
nim             : 10
barrier         :   0.05082020 (image:  5) 
distance        :   0.00000000    8.64110616   12.73557333   16.82644444   20.56053307   22.94534472   25.16140255   33.03778526   41.77263087   56.65334297 
energy          : -2537.14379937  -2537.13260003  -2537.11310167  -2537.11031290  -2537.11085925  -2537.09297917  -2537.13323909  -2537.13850782  -2537.16092553  -2537.17942821 
max(|Fr_perp|)   :   0.00000000    0.00134527    0.00270511    0.03434713    0.00376708    0.00669112    0.00732358    0.00573716    0.00482565    0.00000000 
Fr_paral         :   0.00000000   -0.00432131    0.00064372    0.01253397    0.00223472    0.04316890    0.01227748    0.00350552    0.00457668    0.00000000 
max(|Fsp_paral|) :   0.00000000    0.00188768    0.01109214    0.01011180    0.00995480    0.01001747    0.00250508    0.01732682    0.00423430    0.00000000 
max(|Fsp_perp|)  :   0.00000000    0.00000000    0.00000000    0.00000000    0.00000000    0.00000000    0.00000000    0.00000000    0.00000000    0.00000000 
max(|FNEB|)      :   0.00000000    0.00248844    0.01096881    0.04028286    0.01021231    0.01207556    0.00986458    0.01258536    0.00615814    0.00000000 
max(|Force|)     :   0.00009241    0.00176646    0.00270420    0.03155278    0.00368935    0.02361013    0.01419922    0.00581339    0.00497267    0.00035406 
ksp              :   0.02983452    0.06436793    0.06935170    0.06935170    0.10000000    0.10000000    0.02871027    0.01937168    0.01000000 
max(|step|)      :   0.00000000    0.00617742    0.02722946    0.10000000    0.02535151    0.02997691    0.02448827    0.03124247    0.01528724    0.00000000 
angle (deg.)     :    45.4125  72.4487  118.1530  52.2944  65.3395  45.7669  31.7977  26.0919 
>
iteration       : 107
climbing        : no
zoom on         : no
nim             : 10
barrier         :   0.05146073 (image:  5) 
distance        :   0.00000000    8.65318604   12.74511673   16.80902975   20.56959776   22.97906718   25.26745694   33.00876616   41.81501169   56.74982019 
energy          : -2537.14379937  -2537.13257203  -2537.11319255  -2537.11318511  -2537.11095412  -2537.09233863  -2537.13410235  -2537.13788485  -2537.16088560  -2537.17942821 
max(|Fr_perp|)   :   0.00000000    0.00317405    0.00389056    0.00588006    0.00381907    0.00638382    0.00452605    0.01046728    0.00901143    0.00000000 
Fr_paral         :   0.00000000   -0.00440865    0.00035870    0.00879139    0.00562750    0.04264272    0.01057169    0.00534238    0.00399473    0.00000000 
max(|Fsp_paral|) :   0.00000000    0.00115844    0.00094011    0.00177647    0.00624536    0.00715763    0.01137928    0.00894092    0.00617134    0.00000000 
max(|Fsp_perp|)  :   0.00000000    0.00000000    0.00000000    0.00000000    0.00000000    0.00000000    0.00000000    0.00000000    0.00000000    0.00000000 
max(|FNEB|)      :   0.00000000    0.00294461    0.00382085    0.00657296    0.00597758    0.00985106    0.00820691    0.01298369    0.01069738    0.00000000 
max(|Force|)     :   0.00009241    0.00346206    0.00390503    0.00797316    0.00551145    0.02251485    0.01049924    0.01045711    0.00878547    0.00035406 
ksp              :   0.02963556    0.06352846    0.06354147    0.06744326    0.10000000    0.10000000    0.02695917    0.02034393    0.01000000 
max(|step|)      :   0.00000000    0.00834776    0.01537678    0.06069701    0.03662663    0.05136850    0.02551118    0.04804866    0.02870402    0.00119096 
angle (deg.)     :    45.6367  72.4334  118.6528  53.1106  66.3404  46.7341  31.6216  26.3738 
>
iteration       : 108
climbing        : no
zoom on         : no
nim             : 10
barrier         :   0.05221726 (image:  5) 
distance        :   0.00000000    8.67217092   12.74753149   16.82387205   20.58917118   23.03873594   25.38489850   32.99588709   41.85318056   56.91580848 
energy          : -2537.14379937  -2537.13251958  -2537.11330887  -2537.11179222  -2537.11090927  -2537.09158210  -2537.13451652  -2537.13678644  -2537.16057367  -2537.17942821 
max(|Fr_perp|)   :   0.00000000    0.00569497    0.00510233    0.03701540    0.00481470    0.00591954    0.00598164    0.01827404    0.01478563    0.00000000 
Fr_paral         :   0.00000000   -0.00470837    0.00035512    0.00841240    0.00974909    0.04166835    0.00932263    0.00569270    0.00394010    0.00000000 
max(|Fsp_paral|) :   0.00000000    0.00013171    0.00577554    0.00555314    0.00291572    0.00602513    0.02101975    0.00068057    0.00927381    0.00000000 
max(|Fsp_perp|)  :   0.00000000    0.00000000    0.00000000    0.00000000    0.00000000    0.00000000    0.00000000    0.00000000    0.00000000    0.00000000 
max(|FNEB|)      :   0.00000000    0.00566844    0.00525151    0.03334250    0.00437233    0.00928039    0.01861613    0.01827622    0.01979323    0.00000000 
max(|Force|)     :   0.00009241    0.00538093    0.00509055    0.03914051    0.00944051    0.02102441    0.00773826    0.01826851    0.01500491    0.00035406 
ksp              :   0.02944148    0.06255245    0.06516650    0.06668832    0.10000000    0.10000000    0.02599963    0.02208726    0.01000000 
max(|step|)      :   0.00000000    0.01328378    0.03604280    0.06624752    0.06512604    0.10000000    0.05967664    0.06996853    0.05857511    0.00349501 
angle (deg.)     :    46.1729  72.2627  119.8005  54.5782  68.6133  48.3116  31.5754  26.8493 
>
iteration       : 109
climbing        : no
zoom on         : no
nim             : 10
barrier         :   0.05335421 (image:  5) 
distance        :   0.00000000    8.70568332   12.75892585   16.86184155   20.65460669   23.18476364   25.61377138   33.03730165   41.93398409   57.27085939 
energy          : -2537.14379937  -2537.13242352  -2537.11348551  -2537.10885654  -2537.11028111  -2537.09044515  -2537.13488001  -2537.13517398  -2537.15987693  -2537.17942821 
max(|Fr_perp|)   :   0.00000000    0.00842428    0.00924698    0.06627124    0.00962085    0.00499922    0.00806175    0.02759137    0.02156270    0.00000000 
Fr_paral         :   0.00000000   -0.00522031    0.00047102    0.01121595    0.01527056    0.03954318    0.00778551    0.00549312    0.00421234    0.00000000 
max(|Fsp_paral|) :   0.00000000    0.00211255    0.01876771    0.00855627    0.00391092    0.00569467    0.03321269    0.00999425    0.01337480    0.00000000 
max(|Fsp_perp|)  :   0.00000000    0.00000000    0.00000000    0.00000000    0.00000000    0.00000000    0.00000000    0.00000000    0.00000000    0.00000000 
max(|FNEB|)      :   0.00000000    0.00806771    0.01832196    0.06090210    0.00607759    0.00983166    0.03309435    0.02770068    0.02847792    0.00000000 
max(|Force|)     :   0.00009241    0.00814121    0.00930765    0.06961623    0.01585705    0.01878511    0.00790181    0.02777169    0.02194642    0.00035406 
ksp              :   0.02919142    0.06113755    0.06903811    0.06903811    0.10000000    0.10000000    0.02504569    0.02459395    0.01000000 
max(|step|)      :   0.00000000    0.01324701    0.03008429    0.10000000    0.00997928    0.01614338    0.05434024    0.04548396    0.04676016    0.00000000 
angle (deg.)     :    46.5528  71.6454  120.1121  53.9913  69.5342  48.0291  32.0825  26.7074 
>
iteration       : 110
climbing        : no
zoom on         : no
nim             : 10
barrier         :   0.05334177 (image:  5) 
distance        :   0.00000000    8.70077613   12.78120333   16.84246179   20.65089521   23.18661393   25.55129668   33.09854739   41.84810241   57.28512761 
energy          : -2537.14379937  -2537.13248439  -2537.11359574  -2537.11485650  -2537.11074751  -2537.09045760  -2537.13433664  -2537.13535188  -2537.15937759  -2537.17942821 
max(|Fr_perp|)   :   0.00000000    0.01020097    0.01048090    0.01039367    0.00622877    0.00511275    0.00962135    0.03236229    0.02875819    0.00000000 
Fr_paral         :   0.00000000   -0.00500551    0.00034204    0.00995161    0.01381868    0.03922316    0.01069465    0.00409235    0.00468280    0.00000000 
max(|Fsp_paral|) :   0.00000000    0.00147136    0.00061524    0.00116289    0.00141678    0.00949620    0.02361115    0.00501425    0.01185283    0.00000000 
max(|Fsp_perp|)  :   0.00000000    0.00000000    0.00000000    0.00000000    0.00000000    0.00000000    0.00000000    0.00000000    0.00000000    0.00000000 
max(|FNEB|)      :   0.00000000    0.01047350    0.01042616    0.01140124    0.00755103    0.01360412    0.01991330    0.03231889    0.03179856    0.00000000 
max(|Force|)     :   0.00009241    0.01051319    0.01049693    0.01386375    0.01211205    0.01834527    0.00993310    0.03235135    0.02851201    0.00035406 
ksp              :   0.02909100    0.06096056    0.06096056    0.06576619    0.10000000    0.10000000    0.02596584    0.02425289    0.01000000 
max(|step|)      :   0.00000000    0.00631249    0.00879523    0.02933960    0.01157852    0.02012706    0.04048372    0.01853034    0.02277742    0.00052014 
angle (deg.)     :    46.7650  71.5027  120.1552  53.6204  70.0930  47.9790  32.4796  26.5933 
>
iteration       : 111
climbing        : no
zoom on         : no
nim             : 10
barrier         :   0.05371194 (image:  5) 
distance        :   0.00000000    8.69727922   12.79094516   16.84290024   20.65212036   23.17523928   25.49767971   33.14094387   41.76463797   57.29665731 
energy          : -2537.14379937  -2537.13263422  -2537.11372756  -2537.11418898  -2537.11115172  -2537.09008743  -2537.13382642  -2537.13748566  -2537.15970619  -2537.17942821 
max(|Fr_perp|)   :   0.00000000    0.00237447    0.00449327    0.02233680    0.00422474    0.00518397    0.00512889    0.00631345    0.00586913    0.00000000 
Fr_paral         :   0.00000000   -0.00485394    0.00031641    0.00986253    0.01157462    0.03862053    0.01232843    0.00361491    0.00452671    0.00000000 
max(|Fsp_paral|) :   0.00000000    0.00083668    0.00133561    0.00070331    0.00264717    0.01105904    0.01642699    0.00833919    0.00454065    0.00000000 
max(|Fsp_perp|)  :   0.00000000    0.00000000    0.00000000    0.00000000    0.00000000    0.00000000    0.00000000    0.00000000    0.00000000    0.00000000 
max(|FNEB|)      :   0.00000000    0.00253252    0.00437583    0.02191835    0.00639071    0.01547731    0.01129810    0.00927842    0.00703767    0.00000000 
max(|Force|)     :   0.00009241    0.00268449    0.00450802    0.02349564    0.00877319    0.01801636    0.01233935    0.00631193    0.00563031    0.00035406 
ksp              :   0.02870839    0.06038848    0.06038848    0.06470457    0.10000000    0.10000000    0.02671073    0.02057928    0.01000000 
max(|step|)      :   0.00000000    0.00532106    0.00711623    0.01532919    0.01695550    0.03668106    0.04382668    0.01112884    0.01955812    0.00059746 
angle (deg.)     :    47.0007  71.4964  120.1279  53.2158  70.5388  48.1662  32.7188  26.6340 
>
iteration       : 112
climbing        : no
zoom on         : no
nim             : 10
barrier         :   0.05461014 (image:  5) 
distance        :   0.00000000    8.69424461   12.79925968   16.85128239   20.66108419   23.14832322   25.43748732   33.13408745   41.68875881   57.31328736 
energy          : -2537.14379937  -2537.13271385  -2537.11381983  -2537.11507110  -2537.11163905  -2537.08918923  -2537.13321636  -2537.13759342  -2537.15953635  -2537.17942821 
max(|Fr_perp|)   :   0.00000000    0.00207815    0.00269584    0.01942575    0.00396314    0.00522214    0.00574006    0.00489987    0.00477839    0.00000000 
Fr_paral         :   0.00000000   -0.00466910    0.00040953    0.01005308    0.00859056    0.03731171    0.01339389    0.00373072    0.00429501    0.00000000 
max(|Fsp_paral|) :   0.00000000    0.00064933    0.00165460    0.00027953    0.00390545    0.01082638    0.01045433    0.01207680    0.00344166    0.00000000 
max(|Fsp_perp|)  :   0.00000000    0.00000000    0.00000000    0.00000000    0.00000000    0.00000000    0.00000000    0.00000000    0.00000000    0.00000000 
max(|FNEB|)      :   0.00000000    0.00195465    0.00284035    0.01959438    0.00691375    0.01598080    0.00713449    0.00853294    0.00663979    0.00000000 
max(|Force|)     :   0.00009241    0.00193618    0.00267704    0.01997346    0.00686462    0.01749872    0.01356668    0.00589183    0.00430241    0.00035406 
ksp              :   0.02826944    0.05940765    0.05940765    0.06300168    0.10000000    0.10000000    0.02744128    0.02022769    0.01000000 
max(|step|)      :   0.00000000    0.01231501    0.01222050    0.03934729    0.04048621    0.10000000    0.09563956    0.02392137    0.04959895    0.00195895 
angle (deg.)     :    47.5662  71.6251  120.0444  52.4187  71.6065  49.0106  33.2274  26.7986 
>
iteration       : 113
climbing        : no
zoom on         : no
nim             : 10
barrier         :   0.05660964 (image:  5) 
distance        :   0.00000000    8.68692005   12.81692470   16.87410178   20.70162924   23.08983931   25.32703017   33.11761975   41.52225875   57.38453284 
energy          : -2537.14379937  -2537.13289457  -2537.11400408  -2537.11702514  -2537.11228209  -2537.08718973  -2537.13203690  -2537.13725644  -2537.15897444  -2537.17942821 
max(|Fr_perp|)   :   0.00000000    0.00357060    0.00313867    0.00748401    0.00498645    0.00680538    0.00648589    0.01496064    0.01196901    0.00000000 
Fr_paral         :   0.00000000   -0.00423960    0.00077304    0.00952119    0.00272928    0.03348672    0.01520200    0.00414407    0.00404584    0.00000000 
max(|Fsp_paral|) :   0.00000000    0.00018565    0.00213653    0.00099648    0.00379385    0.00802073    0.00006103    0.01688346    0.00266773    0.00000000 
max(|Fsp_perp|)  :   0.00000000    0.00000000    0.00000000    0.00000000    0.00000000    0.00000000    0.00000000    0.00000000    0.00000000    0.00000000 
max(|FNEB|)      :   0.00000000    0.00359447    0.00337600    0.00815840    0.00540341    0.01485146    0.00649481    0.01759238    0.01359149    0.00000000 
max(|Force|)     :   0.00009241    0.00335629    0.00314226    0.00913483    0.00443038    0.01561552    0.01503088    0.01518925    0.01186127    0.00035406 
ksp              :   0.02733825    0.05737178    0.05737178    0.06011263    0.10000000    0.10000000    0.02870911    0.02042392    0.01000000 
max(|step|)      :   0.00000000    0.00912529    0.00857065    0.02071173    0.01371765    0.03770340    0.01648838    0.04466177    0.03450472    0.00000000 
angle (deg.)     :    47.6249  71.8949  119.9292  52.4269  71.3971  49.6866  32.9465  27.0618 
>
iteration       : 114
climbing        : no
zoom on         : no
nim             : 10
barrier         :   0.05693231 (image:  5) 
distance        :   0.00000000    8.68770082   12.81166328   16.87864451   20.72703161   23.07295210   25.36414456   33.03928844   41.52566194   57.42420152 
energy          : -2537.14379937  -2537.13288222  -2537.11405816  -2537.11761619  -2537.11272881  -2537.08686706  -2537.13274511  -2537.13455235  -2537.15833417  -2537.17942821 
max(|Fr_perp|)   :   0.00000000    0.00891926    0.00386941    0.00453175    0.00320431    0.00660023    0.01062828    0.03912784    0.03214604    0.00000000 
Fr_paral         :   0.00000000   -0.00433441    0.00069599    0.00972656    0.00300503    0.03158434    0.01293291    0.00463786    0.00442046    0.00000000 
max(|Fsp_paral|) :   0.00000000    0.00057594    0.00164423    0.00155305    0.00306957    0.00292818    0.01121174    0.00063295    0.01019644    0.00000000 
max(|Fsp_perp|)  :   0.00000000    0.00000000    0.00000000    0.00000000    0.00000000    0.00000000    0.00000000    0.00000000    0.00000000    0.00000000 
max(|FNEB|)      :   0.00000000    0.00902236    0.00371211    0.00442955    0.00435889    0.00952841    0.01142858    0.03913236    0.03463579    0.00000000 
max(|Force|)     :   0.00009241    0.00918530    0.00390311    0.00667414    0.00307142    0.01400651    0.01157495    0.03911711    0.03192562    0.00035406 
ksp              :   0.02725809    0.05701564    0.05701564    0.05911710    0.10000000    0.10000000    0.02747485    0.02461792    0.01000000 
max(|step|)      :   0.00000000    0.00368307    0.00259099    0.00464807    0.00556706    0.01379118    0.00588843    0.01815539    0.01562218    0.00012518 
angle (deg.)     :    47.6603  72.0114  119.8672  52.4015  71.4929  49.8776  32.9706  27.0923 
>
iteration       : 115
climbing        : no
zoom on         : no
nim             : 10
barrier         :   0.05688507 (image:  5) 
distance        :   0.00000000    8.68769327   12.80991008   16.88024859   20.73780947   23.07127007   25.37169794   33.03243592   41.50788693   57.44398144 
energy          : -2537.14379937  -2537.13295475  -2537.11409391  -2537.11777900  -2537.11288328  -2537.08691430  -2537.13294321  -2537.13680498  -2537.15893644  -2537.17942821 
max(|Fr_perp|)   :   0.00000000    0.00406817    0.00226095    0.00564469    0.00318351    0.00642396    0.00502315    0.01503333    0.01354351    0.00000000 
Fr_paral         :   0.00000000   -0.00436914    0.00066643    0.00978446    0.00312816    0.03093672    0.01255771    0.00503888    0.00428030    0.00000000 
max(|Fsp_paral|) :   0.00000000    0.00033569    0.00149191    0.00165752    0.00262878    0.00176701    0.01349108    0.00959257    0.00391277    0.00000000 
max(|Fsp_perp|)  :   0.00000000    0.00000000    0.00000000    0.00000000    0.00000000    0.00000000    0.00000000    0.00000000    0.00000000    0.00000000 
max(|FNEB|)      :   0.00000000    0.00412917    0.00211843    0.00466282    0.00378968    0.00819098    0.01041146    0.01726170    0.01450245    0.00000000 
max(|Force|)     :   0.00009241    0.00434036    0.00229307    0.00777170    0.00304544    0.01376946    0.01083147    0.01503194    0.01332955    0.00035406 
ksp              :   0.02715768    0.05699812    0.05699812    0.05891350    0.10000000    0.10000000    0.02717594    0.02106609    0.01000000 
max(|step|)      :   0.00000000    0.00905441    0.01662353    0.03003875    0.03563538    0.09021624    0.03616697    0.07177177    0.04412200    0.00218818 
angle (deg.)     :    47.8832  72.7663  119.4904  52.3497  72.2451  51.1661  32.8823  27.5175 
>
iteration       : 116
climbing        : no
zoom on         : no
nim             : 10
barrier         :   0.05657324 (image:  5) 
distance        :   0.00000000    8.68872655   12.79828461   16.89172008   20.80957127   23.06407870   25.43551113   32.93113359   41.46122773   57.57951188 
energy          : -2537.14379937  -2537.13304068  -2537.11420170  -2537.11831580  -2537.11357167  -2537.08722613  -2537.13342101  -2537.13438752  -2537.15820520  -2537.17942821 
max(|Fr_perp|)   :   0.00000000    0.00698151    0.00397281    0.01687558    0.00303018    0.00654102    0.00954733    0.03105841    0.02522121    0.00000000 
Fr_paral         :   0.00000000   -0.00445929    0.00054894    0.01036866    0.00403807    0.02658313    0.00832132    0.00498443    0.00428691    0.00000000 
max(|Fsp_paral|) :   0.00000000    0.00034387    0.00045693    0.00232095    0.00090342    0.00625449    0.02437572    0.00463378    0.01049281    0.00000000 
max(|Fsp_perp|)  :   0.00000000    0.00000000    0.00000000    0.00000000    0.00000000    0.00000000    0.00000000    0.00000000    0.00000000    0.00000000 
max(|FNEB|)      :   0.00000000    0.00691733    0.00401698    0.01563342    0.00325793    0.00779642    0.02460158    0.03099207    0.02954141    0.00000000 
max(|Force|)     :   0.00009241    0.00669606    0.00394646    0.01898817    0.00419996    0.01209705    0.00921402    0.03103530    0.02543031    0.00035406 
ksp              :   0.02711555    0.05708569    0.05708569    0.05808797    0.10000000    0.10000000    0.02651050    0.02497291    0.01000000 
max(|step|)      :   0.00000000    0.00652617    0.01705159    0.03472889    0.03354704    0.08676969    0.04711344    0.04224598    0.05173067    0.00228786 
angle (deg.)     :    48.1522  73.5682  119.0798  52.3451  73.9500  52.1647  33.1148  27.8386 
>
iteration       : 117
climbing        : no
zoom on         : no
nim             : 10
barrier         :   0.05522307 (image:  5) 
distance        :   0.00000000    8.68975649   12.78772430   16.90386901   20.88342222   23.08779876   25.49801003   32.89873110   41.38004726   57.74519088 
energy          : -2537.14379937  -2537.13315137  -2537.11431792  -2537.11919307  -2537.11392946  -2537.08857630  -2537.13361434  -2537.13340017  -2537.15759194  -2537.17942821 
max(|Fr_perp|)   :   0.00000000    0.00770224    0.00570667    0.01760123    0.00759758    0.00765740    0.00982959    0.03581676    0.02792958    0.00000000 
Fr_paral         :   0.00000000   -0.00454460    0.00060963    0.01076587    0.00497273    0.02295809    0.00582812    0.00429184    0.00450269    0.00000000 
max(|Fsp_paral|) :   0.00000000    0.00006197    0.00051310    0.00214746    0.00551415    0.01085660    0.02689397    0.00944859    0.01306200    0.00000000 
max(|Fsp_perp|)  :   0.00000000    0.00000000    0.00000000    0.00000000    0.00000000    0.00000000    0.00000000    0.00000000    0.00000000    0.00000000 
max(|FNEB|)      :   0.00000000    0.00771371    0.00565805    0.01653984    0.00945015    0.00986783    0.02833207    0.03566497    0.03313699    0.00000000 
max(|Force|)     :   0.00009241    0.00741326    0.00567858    0.01971364    0.00905390    0.01056247    0.00986807    0.03579439    0.02814214    0.00035406 
ksp              :   0.02735362    0.05804751    0.05804751    0.05868060    0.10000000    0.10000000    0.02694814    0.02694814    0.01000000 
max(|step|)      :   0.00000000    0.00805693    0.01980257    0.04410098    0.03318144    0.10000000    0.06094783    0.04802191    0.06714674    0.00404063 
angle (deg.)     :    48.5057  74.5359  118.6136  52.5637  76.7139  53.2208  33.4782  28.2378 
>
iteration       : 118
climbing        : no
zoom on         : no
nim             : 10
barrier         :   0.05270508 (image:  5) 
distance        :   0.00000000    8.69268095   12.77617064   16.92044642   20.96777563   23.14909541   25.59496246   32.89718272   41.29387715   57.98002973 
energy          : -2537.14379937  -2537.13328232  -2537.11448229  -2537.12037538  -2537.11408094  -2537.09109429  -2537.13392056  -2537.13300448  -2537.15692034  -2537.17942821 
max(|Fr_perp|)   :   0.00000000    0.00821102    0.00613327    0.01664403    0.01269567    0.00845060    0.01081951    0.03596245    0.02911356    0.00000000 
Fr_paral         :   0.00000000   -0.00461659    0.00074510    0.01109797    0.00595285    0.01981467    0.00399920    0.00371207    0.00457450    0.00000000 
max(|Fsp_paral|) :   0.00000000    0.00075794    0.00172665    0.00119961    0.01175553    0.01339871    0.02382528    0.01006479    0.01449838    0.00000000 
max(|Fsp_perp|)  :   0.00000000    0.00000000    0.00000000    0.00000000    0.00000000    0.00000000    0.00000000    0.00000000    0.00000000    0.00000000 
max(|FNEB|)      :   0.00000000    0.00842404    0.00600129    0.01612453    0.01621269    0.01083670    0.02560446    0.03608817    0.03501905    0.00000000 
max(|Force|)     :   0.00009241    0.00799444    0.00612791    0.01889265    0.01420841    0.00903771    0.01098972    0.03620842    0.02955846    0.00035406 
ksp              :   0.02795807    0.06005523    0.06005523    0.06074430    0.10000000    0.10000000    0.02851642    0.02851642    0.01000000 
max(|step|)      :   0.00000000    0.01393314    0.00992598    0.02666954    0.02681535    0.01792361    0.04234909    0.05968885    0.05792057    0.00000000 
angle (deg.)     :    48.5765  74.5416  118.5770  52.6133  78.2836  52.5760  33.8045  28.0959 
>
iteration       : 119
climbing        : no
zoom on         : no
nim             : 10
barrier         :   0.05062281 (image:  5) 
distance        :   0.00000000    8.69677020   12.77823545   16.91597377   20.93362607   23.20947776   25.58295488   32.97880845   41.21421168   58.01078164 
energy          : -2537.14379937  -2537.13328022  -2537.11460950  -2537.12153052  -2537.11468491  -2537.09317656  -2537.13409181  -2537.13282961  -2537.15629502  -2537.17942821 
max(|Fr_perp|)   :   0.00000000    0.01039692    0.00338877    0.00527575    0.00926191    0.00791512    0.01305986    0.04385417    0.03761092    0.00000000 
Fr_paral         :   0.00000000   -0.00456021    0.00098121    0.01058798    0.00578883    0.02167130    0.00967639    0.00313797    0.00479530    0.00000000 
max(|Fsp_paral|) :   0.00000000    0.00103955    0.00162295    0.00333520    0.00873335    0.00478375    0.01242374    0.00803472    0.01503356    0.00000000 
max(|Fsp_perp|)  :   0.00000000    0.00000000    0.00000000    0.00000000    0.00000000    0.00000000    0.00000000    0.00000000    0.00000000    0.00000000 
max(|FNEB|)      :   0.00000000    0.01021887    0.00357724    0.00588508    0.01137062    0.00745301    0.01385326    0.04377194    0.04089742    0.00000000 
max(|Force|)     :   0.00009241    0.01066639    0.00344187    0.00554184    0.01068014    0.00979902    0.01266454    0.04384376    0.03740079    0.00035406 
ksp              :   0.02870151    0.06189535    0.06189535    0.06176127    0.10000000    0.10000000    0.02950264    0.02950264    0.01000000 
max(|step|)      :   0.00000000    0.00251558    0.00269807    0.01160154    0.01787664    0.01082751    0.02256728    0.01673235    0.02044053    0.00062416 
angle (deg.)     :    48.6321  74.5622  118.5225  52.7338  79.2441  52.3502  34.0552  27.9702 
>
iteration       : 120
climbing        : no
zoom on         : no
nim             : 10
barrier         :   0.04944825 (image:  5) 
distance        :   0.00000000    8.70049906   12.77959255   16.90953967   20.90878218   23.24429640   25.58174966   33.04193579   41.15075301   58.03843100 
energy          : -2537.14379937  -2537.13333589  -2537.11465201  -2537.12165180  -2537.11490256  -2537.09435112  -2537.13400832  -2537.13523235  -2537.15669408  -2537.17942821 
max(|Fr_perp|)   :   0.00000000    0.00684165    0.00222161    0.00612999    0.00695680    0.00728744    0.00830811    0.02733091    0.02366186    0.00000000 
Fr_paral         :   0.00000000   -0.00451531    0.00105072    0.01043766    0.00583195    0.02264665    0.01233097    0.00342967    0.00463199    0.00000000 
max(|Fsp_paral|) :   0.00000000    0.00155149    0.00149216    0.00428843    0.00713923    0.00009267    0.01712848    0.00000669    0.00775134    0.00000000 
max(|Fsp_perp|)  :   0.00000000    0.00000000    0.00000000    0.00000000    0.00000000    0.00000000    0.00000000    0.00000000    0.00000000    0.00000000 
max(|FNEB|)      :   0.00000000    0.00657313    0.00210205    0.00789500    0.00858983    0.00727933    0.01390279    0.02733089    0.02536414    0.00000000 
max(|Force|)     :   0.00009241    0.00711178    0.00218243    0.00861202    0.00834989    0.01021704    0.01128752    0.02733335    0.02345785    0.00035406 
ksp              :   0.02904441    0.06305066    0.06305066    0.06259464    0.10000000    0.10000000    0.02782054    0.02559271    0.01000000 
max(|step|)      :   0.00000000    0.00613710    0.00603158    0.02253898    0.03838051    0.02703398    0.06764119    0.02330695    0.03252100    0.00158213 
angle (deg.)     :    48.7546  74.6646  118.2988  53.2375  80.9060  51.9376  34.5329  27.9443 
>
iteration       : 121
climbing        : no
zoom on         : no
nim             : 10
barrier         :   0.04740928 (image:  5) 
distance        :   0.00000000    8.71470167   12.78034194   16.88085657   20.84383371   23.29294182   25.54021721   33.10146963   41.04987061   58.08731813 
energy          : -2537.14379937  -2537.13334441  -2537.11473692  -2537.12184633  -2537.11502105  -2537.09639009  -2537.13306538  -2537.13696834  -2537.15679835  -2537.17942821 
max(|Fr_perp|)   :   0.00000000    0.00225234    0.00243347    0.00466165    0.00303854    0.00593203    0.00745821    0.00542123    0.00498891    0.00000000 
Fr_paral         :   0.00000000   -0.00448505    0.00102913    0.01058547    0.00614367    0.02404725    0.01568612    0.00400754    0.00409119    0.00000000 
max(|Fsp_paral|) :   0.00000000    0.00168376    0.00105221    0.00475320    0.00480148    0.00906404    0.00323253    0.01622733    0.00244207    0.00000000 
max(|Fsp_perp|)  :   0.00000000    0.00000000    0.00000000    0.00000000    0.00000000    0.00000000    0.00000000    0.00000000    0.00000000    0.00000000 
max(|FNEB|)      :   0.00000000    0.00255073    0.00230866    0.00657220    0.00583366    0.01499607    0.00812288    0.01231546    0.00627581    0.00000000 
max(|Force|)     :   0.00009241    0.00200181    0.00237696    0.00649487    0.00356850    0.01097217    0.01511190    0.00529167    0.00455674    0.00035406 
ksp              :   0.02984731    0.06517106    0.06517106    0.06463169    0.10000000    0.10000000    0.03037701    0.02296777    0.01000000 
max(|step|)      :   0.00000000    0.00392296    0.00493892    0.02091994    0.02823392    0.02718583    0.02254066    0.01643063    0.02264950    0.00099163 
angle (deg.)     :    48.8571  74.7856  118.0896  53.7967  81.4734  52.3216  34.6311  28.0560 
>
iteration       : 122
climbing        : no
zoom on         : no
nim             : 10
barrier         :   0.04648052 (image:  5) 
distance        :   0.00000000    8.72789211   12.77992098   16.85334317   20.79360255   23.30421915   25.54602526   33.09959868   40.98964750   58.13552994 
energy          : -2537.14379937  -2537.13331128  -2537.11481616  -2537.12198859  -2537.11490451  -2537.09731885  -2537.13316635  -2537.13658687  -2537.15649983  -2537.17942821 
max(|Fr_perp|)   :   0.00000000    0.00280792    0.00169140    0.00323437    0.00310951    0.00800685    0.00674996    0.01390692    0.01098362    0.00000000 
Fr_paral         :   0.00000000   -0.00452616    0.00100110    0.01078521    0.00660061    0.02432000    0.01569697    0.00451538    0.00395622    0.00000000 
max(|Fsp_paral|) :   0.00000000    0.00118176    0.00065156    0.00399012    0.00378170    0.01146017    0.00449482    0.01454737    0.00352658    0.00000000 
max(|Fsp_perp|)  :   0.00000000    0.00000000    0.00000000    0.00000000    0.00000000    0.00000000    0.00000000    0.00000000    0.00000000    0.00000000 
max(|FNEB|)      :   0.00000000    0.00301607    0.00161397    0.00582136    0.00458854    0.01946701    0.00884398    0.01588426    0.01283695    0.00000000 
max(|Force|)     :   0.00009241    0.00253044    0.00163660    0.00594272    0.00469926    0.01250864    0.01461453    0.01388142    0.01075506    0.00035406 
ksp              :   0.03030803    0.06612006    0.06612006    0.06594898    0.10000000    0.10000000    0.03058867    0.02396553    0.01000000 
max(|step|)      :   0.00000000    0.01328637    0.01679628    0.07455215    0.10000000    0.09867017    0.07944492    0.04625185    0.08425401    0.00552670 
angle (deg.)     :    49.2479  75.2559  117.3625  56.3847  83.2761  53.9709  35.0773  28.4631 
>
iteration       : 123
climbing        : no
zoom on         : no
nim             : 10
barrier         :   0.04374334 (image:  5) 
distance        :   0.00000000    8.77360919   12.77934892   16.76354907   20.63819513   23.37610014   25.61524792   33.15648611   40.80914005   58.36111279 
energy          : -2537.14379937  -2537.13318663  -2537.11507784  -2537.12213655  -2537.11329509  -2537.10005603  -2537.13358035  -2537.13519437  -2537.15536574  -2537.17942821 
max(|Fr_perp|)   :   0.00000000    0.00369103    0.00117975    0.00672439    0.00941467    0.01188562    0.00666081    0.02724897    0.01989759    0.00000000 
Fr_paral         :   0.00000000   -0.00465057    0.00095530    0.01077413    0.00953890    0.02587361    0.01563063    0.00573204    0.00354484    0.00000000 
max(|Fsp_paral|) :   0.00000000    0.00089394    0.00067490    0.00235579    0.00356750    0.01940949    0.00669380    0.00760497    0.00736572    0.00000000 
max(|Fsp_perp|)  :   0.00000000    0.00000000    0.00000000    0.00000000    0.00000000    0.00000000    0.00000000    0.00000000    0.00000000    0.00000000 
max(|FNEB|)      :   0.00000000    0.00359257    0.00128927    0.00755982    0.01063965    0.02842784    0.00935853    0.02773323    0.02345282    0.00000000 
max(|Force|)     :   0.00009241    0.00346524    0.00111182    0.00838187    0.01064247    0.01714776    0.01297795    0.02749158    0.02028473    0.00035406 
ksp              :   0.03183979    0.06910274    0.06910274    0.07277782    0.10000000    0.10000000    0.03103967    0.02778465    0.01000000 
max(|step|)      :   0.00000000    0.00604237    0.00216844    0.01271489    0.01789488    0.04781291    0.01574016    0.04664465    0.03944541    0.00000000 
angle (deg.)     :    49.3292  75.2997  117.4055  56.6601  81.4425  55.0763  35.1732  28.4923 
>
iteration       : 124
climbing        : no
zoom on         : no
nim             : 10
barrier         :   0.04497907 (image:  5) 
distance        :   0.00000000    8.77238447   12.77912314   16.77583091   20.63925892   23.31515939   25.62002719   33.12653440   40.75296797   58.36258034 
energy          : -2537.14379937  -2537.13323157  -2537.11511537  -2537.12273911  -2537.11379920  -2537.09882030  -2537.13433805  -2537.13483885  -2537.15504453  -2537.17942821 
max(|Fr_perp|)   :   0.00000000    0.00460505    0.00105326    0.00344553    0.00671503    0.01065709    0.00792264    0.03391543    0.02693893    0.00000000 
Fr_paral         :   0.00000000   -0.00469673    0.00095969    0.01059275    0.00943851    0.02339882    0.01387216    0.00424378    0.00422790    0.00000000 
max(|Fsp_paral|) :   0.00000000    0.00112050    0.00030491    0.00044466    0.00128138    0.01438939    0.00891899    0.00147040    0.00732630    0.00000000 
max(|Fsp_perp|)  :   0.00000000    0.00000000    0.00000000    0.00000000    0.00000000    0.00000000    0.00000000    0.00000000    0.00000000    0.00000000 
max(|FNEB|)      :   0.00000000    0.00479175    0.00110696    0.00358605    0.00606994    0.02339786    0.00827730    0.03390388    0.02842802    0.00000000 
max(|Force|)     :   0.00009241    0.00488021    0.00097702    0.00579635    0.00989167    0.01383736    0.01086965    0.03392717    0.02676834    0.00035406 
ksp              :   0.03114543    0.06739468    0.06739468    0.07002826    0.10000000    0.10000000    0.02893143    0.02792938    0.01000000 
max(|step|)      :   0.00000000    0.00245282    0.00144046    0.00644212    0.00979945    0.03132015    0.00502202    0.01164622    0.01063964    0.00031564 
angle (deg.)     :    49.3950  75.3438  117.4173  56.8100  80.4559  55.7040  35.2929  28.4907 
>
iteration       : 125
climbing        : no
zoom on         : no
nim             : 10
barrier         :   0.04569165 (image:  5) 
distance        :   0.00000000    8.77127961   12.77953670   16.78285756   20.64254207   23.27867361   25.61303092   33.11560280   40.71199737   58.36492217 
energy          : -2537.14379937  -2537.13327765  -2537.11513855  -2537.12298076  -2537.11403258  -2537.09810772  -2537.13460422  -2537.13639733  -2537.15536996  -2537.17942821 
max(|Fr_perp|)   :   0.00000000    0.00274965    0.00102458    0.00319765    0.00619865    0.00941007    0.00474164    0.01851013    0.01537398    0.00000000 
Fr_paral         :   0.00000000   -0.00469142    0.00098147    0.01053176    0.00930448    0.02195145    0.01340101    0.00404233    0.00430930    0.00000000 
max(|Fsp_paral|) :   0.00000000    0.00110133    0.00014748    0.00043281    0.00055625    0.01164143    0.01519784    0.00852073    0.00202079    0.00000000 
max(|Fsp_perp|)  :   0.00000000    0.00000000    0.00000000    0.00000000    0.00000000    0.00000000    0.00000000    0.00000000    0.00000000    0.00000000 
max(|FNEB|)      :   0.00000000    0.00293409    0.00105077    0.00328266    0.00577090    0.01992106    0.01398451    0.02039678    0.01578572    0.00000000 
max(|Force|)     :   0.00009241    0.00302590    0.00094623    0.00556412    0.00929290    0.01204848    0.01025548    0.01852738    0.01519986    0.00035406 
ksp              :   0.03072491    0.06645394    0.06645394    0.06863240    0.10000000    0.10000000    0.02811191    0.02457998    0.01000000 
max(|step|)      :   0.00000000    0.00758285    0.00490438    0.01831824    0.02758294    0.10000000    0.02092015    0.03142254    0.02198755    0.00163571 
angle (deg.)     :    49.6284  75.5135  117.4176  57.2741  77.7942  57.5537  35.5153  28.6641 
>
iteration       : 126
climbing        : no
zoom on         : no
nim             : 10
barrier         :   0.04769849 (image:  5) 
distance        :   0.00000000    8.76742905   12.78164900   16.80353029   20.65748397   23.16994141   25.57959667   33.04279144   40.62546511   58.37727274 
energy          : -2537.14379937  -2537.13339030  -2537.11521071  -2537.12353483  -2537.11444085  -2537.09610088  -2537.13496008  -2537.13680766  -2537.15538989  -2537.17942821 
max(|Fr_perp|)   :   0.00000000    0.00114070    0.00096053    0.00589172    0.00444995    0.00795555    0.00325890    0.00702883    0.00599125    0.00000000 
Fr_paral         :   0.00000000   -0.00462870    0.00104005    0.01034470    0.00867896    0.01840175    0.01330434    0.00320604    0.00435808    0.00000000 
max(|Fsp_paral|) :   0.00000000    0.00112344    0.00021694    0.00200878    0.00034691    0.00389130    0.02875719    0.00816787    0.00031147    0.00000000 
max(|Fsp_perp|)  :   0.00000000    0.00000000    0.00000000    0.00000000    0.00000000    0.00000000    0.00000000    0.00000000    0.00000000    0.00000000 
max(|FNEB|)      :   0.00000000    0.00172270    0.00092089    0.00602046    0.00420715    0.00893969    0.02807616    0.00946126    0.00595036    0.00000000 
max(|Force|)     :   0.00009241    0.00222676    0.00089088    0.00856952    0.00721976    0.00965233    0.00982317    0.00704560    0.00593245    0.00035406 
ksp              :   0.02964045    0.06394120    0.06394120    0.06539724    0.10000000    0.10000000    0.02666684    0.02320192    0.01000000 
max(|step|)      :   0.00000000    0.00613580    0.00327999    0.02144330    0.01498478    0.03184086    0.10000000    0.03369855    0.02119363    0.00000000 
angle (deg.)     :    49.8373  75.6963  117.2240  57.2778  77.1466  57.2017  35.5488  29.0125 
>
iteration       : 127
climbing        : no
zoom on         : no
nim             : 10
barrier         :   0.04744523 (image:  5) 
distance        :   0.00000000    8.76358900   12.78624400   16.80409436   20.67015867   23.15716881   25.44930523   32.92949642   40.58724426   58.34512099 
energy          : -2537.14379937  -2537.13346240  -2537.11527823  -2537.12383625  -2537.11480959  -2537.09635414  -2537.13302192  -2537.13526663  -2537.15510857  -2537.17942821 
max(|Fr_perp|)   :   0.00000000    0.00470797    0.00106031    0.00500058    0.00303509    0.00665195    0.00875522    0.02644406    0.02518613    0.00000000 
Fr_paral         :   0.00000000   -0.00444740    0.00099567    0.01067710    0.00810108    0.01757460    0.02103589    0.00464243    0.00372803    0.00000000 
max(|Fsp_paral|) :   0.00000000    0.00056928    0.00013652    0.00253422    0.00108975    0.00721367    0.00102484    0.00992671    0.00451674    0.00000000 
max(|Fsp_perp|)  :   0.00000000    0.00000000    0.00000000    0.00000000    0.00000000    0.00000000    0.00000000    0.00000000    0.00000000    0.00000000 
max(|FNEB|)      :   0.00000000    0.00480123    0.00108499    0.00496003    0.00319918    0.01000934    0.00878941    0.02833774    0.02608626    0.00000000 
max(|Force|)     :   0.00009241    0.00496492    0.00098049    0.00690166    0.00554501    0.00777122    0.01585058    0.02646865    0.02503989    0.00035406 
ksp              :   0.02960845    0.06410244    0.06410244    0.06499142    0.10000000    0.10000000    0.03044401    0.02618595    0.01000000 
max(|step|)      :   0.00000000    0.00465929    0.00337682    0.01550931    0.01207981    0.02958648    0.06479188    0.02591889    0.01384283    0.00082525 
angle (deg.)     :    50.0227  75.8744  117.0559  57.3570  76.0829  57.5117  35.6333  29.2638 
>
iteration       : 128
climbing        : no
zoom on         : no
nim             : 10
barrier         :   0.04754595 (image:  5) 
distance        :   0.00000000    8.76097600   12.78944032   16.80397869   20.68231115   23.13880178   25.36900761   32.84277917   40.55214594   58.33809243 
energy          : -2537.14379937  -2537.13355048  -2537.11533469  -2537.12391013  -2537.11500054  -2537.09625342  -2537.13184239  -2537.13630319  -2537.15570385  -2537.17942821 
max(|Fr_perp|)   :   0.00000000    0.00189013    0.00110584    0.00861706    0.00377194    0.00544226    0.00970119    0.00943874    0.00867560    0.00000000 
Fr_paral         :   0.00000000   -0.00429871    0.00099803    0.01088898    0.00769269    0.01671451    0.02419407    0.00592070    0.00328819    0.00000000 
max(|Fsp_paral|) :   0.00000000    0.00008200    0.00039343    0.00254409    0.00192094    0.00824279    0.01442388    0.02134617    0.00169039    0.00000000 
max(|Fsp_perp|)  :   0.00000000    0.00000000    0.00000000    0.00000000    0.00000000    0.00000000    0.00000000    0.00000000    0.00000000    0.00000000 
max(|FNEB|)      :   0.00000000    0.00190362    0.00117650    0.00784667    0.00436915    0.01109978    0.01539738    0.02159385    0.00901081    0.00000000 
max(|Force|)     :   0.00009241    0.00213993    0.00102658    0.01053061    0.00420863    0.00777892    0.01769137    0.01007342    0.00854782    0.00035406 
ksp              :   0.02940017    0.06388095    0.06388095    0.06451346    0.10000000    0.10000000    0.03263343    0.02418957    0.01000000 
max(|step|)      :   0.00000000    0.00725568    0.00557077    0.02523660    0.01898437    0.04774650    0.10000000    0.03631693    0.01488451    0.00165201 
angle (deg.)     :    50.3198  76.1654  116.7998  57.5700  74.2612  58.3454  35.7640  29.7004 
>
iteration       : 129
climbing        : no
zoom on         : no
nim             : 10
barrier         :   0.04794328 (image:  5) 
distance        :   0.00000000    8.75706062   12.79438707   16.80442146   20.70392715   23.11363087   25.25839312   32.70810341   40.51951603   58.34503138 
energy          : -2537.14379937  -2537.13366369  -2537.11541864  -2537.12384413  -2537.11513402  -2537.09585609  -2537.12990097  -2537.13545383  -2537.15582631  -2537.17942821 
max(|Fr_perp|)   :   0.00000000    0.00085579    0.00129036    0.01390694    0.00507101    0.00605792    0.01151889    0.01684952    0.00688743    0.00000000 
Fr_paral         :   0.00000000   -0.00405890    0.00101242    0.01119785    0.00730223    0.01554710    0.02800823    0.00726695    0.00265687    0.00000000 
max(|Fsp_paral|) :   0.00000000    0.00045257    0.00076185    0.00200485    0.00326906    0.00945407    0.03771982    0.02618989    0.00434565    0.00000000 
max(|Fsp_perp|)  :   0.00000000    0.00000000    0.00000000    0.00000000    0.00000000    0.00000000    0.00000000    0.00000000    0.00000000    0.00000000 
max(|FNEB|)      :   0.00000000    0.00121755    0.00140873    0.01313047    0.00610484    0.01237895    0.03768627    0.02984852    0.00920202    0.00000000 
max(|Force|)     :   0.00009241    0.00125649    0.00122256    0.01594487    0.00414417    0.01034059    0.01927835    0.01766554    0.00668835    0.00035406 
ksp              :   0.02902698    0.06327712    0.06327712    0.06381408    0.10000000    0.10000000    0.03612800    0.02567993    0.01000000 
max(|step|)      :   0.00000000    0.00323075    0.00373805    0.03484152    0.01619910    0.03284737    0.10000000    0.07920265    0.02441744    0.00000000 
angle (deg.)     :    50.3728  76.2952  116.7625  57.8905  71.6475  61.0697  35.5294  29.8846 
>
