NEB log file generated by ORCA
All quantities are given in atomic units. Unless stated otherwise. 
iteration       : 0
climbing        : no
zoom on         : no
nim             : 7
barrier         :   0.25120736 (image:  3) 
distance        :   0.00000000    4.91615513    9.83281541   14.74987132   19.66383815   24.57520687   29.48483672 
energy          : -2464.51768787  -2464.47266786  -2464.39541575  -2464.26648051  -2464.35792031  -2464.44787893  -2464.53043685 
max(|Fr_perp|)   :   0.00000000    0.06086117    0.07030713    0.06026538    0.03667617    0.08310033    0.00000000 
Fr_paral         :   0.00000000   -0.01066624   -0.02050754    0.01873679    0.01916576    0.02304106    0.00000000 
max(|Fsp_paral|) :   0.00000000    0.02587899    0.08106151    0.00009385    0.05645426    0.06171469    0.00000000 
max(|Fsp_perp|)  :   0.00000000    0.00000000    0.00000000    0.00000000    0.00000000    0.00000000    0.00000000 
max(|FNEB|)      :   0.00000000    0.06301860    0.08404322    0.06034123    0.04345181    0.10321816    0.00000000 
max(|Force|)     :   0.00011174    0.06129787    0.07068355    0.06129125    0.03770587    0.08017553    0.00016898 
ksp              :   0.02613413    0.05380906    0.10000000    0.10000000    0.06723426    0.03501592 
max(|step|)      :   0.00000000    0.06105379    0.08142290    0.05845989    0.04209706    0.10000000    0.00000000 
angle (deg.)     :    12.8638  23.4732  25.6573  17.6717  14.7939 
>
iteration       : 1
climbing        : no
zoom on         : no
nim             : 7
barrier         :   0.23319394 (image:  3) 
distance        :   0.00000000    5.03832893   10.02459125   14.72532226   19.48576297   24.39868580   29.45495882 
energy          : -2464.51768787  -2464.48143790  -2464.40673155  -2464.28449394  -2464.36364655  -2464.46044864  -2464.53043685 
max(|Fr_perp|)   :   0.00000000    0.04968400    0.06211277    0.04810795    0.02869250    0.08189604    0.00000000 
Fr_paral         :   0.00000000   -0.01008047   -0.02606524    0.01790554    0.01868877    0.02683988    0.00000000 
max(|Fsp_paral|) :   0.00000000    0.02731283    0.07525956    0.00191733    0.04767150    0.07138508    0.00000000 
max(|Fsp_perp|)  :   0.00000000    0.00000000    0.00000000    0.00000000    0.00000000    0.00000000    0.00000000 
max(|FNEB|)      :   0.00000000    0.05879493    0.07850526    0.04802999    0.03793993    0.10209544    0.00000000 
max(|Force|)     :   0.00011174    0.05004813    0.06265361    0.04787419    0.02840251    0.07886638    0.00016898 
ksp              :   0.02399049    0.05282302    0.10000000    0.10000000    0.06945146    0.03209119 
max(|step|)      :   0.00000000    0.05878740    0.07866817    0.04890919    0.03802310    0.10000000    0.00158490 
angle (deg.)     :    12.9492  23.4649  26.5189  17.0116  14.8775 
>
iteration       : 2
climbing        : no
zoom on         : no
nim             : 7
barrier         :   0.22168768 (image:  3) 
distance        :   0.00000000    5.16930835   10.21266512   14.71623778   19.33700431   24.21958740   29.44471928 
energy          : -2464.51768787  -2464.48725094  -2464.41403926  -2464.29600019  -2464.36703846  -2464.47193023  -2464.53043685 
max(|Fr_perp|)   :   0.00000000    0.03818601    0.05385938    0.04285043    0.03026970    0.08020270    0.00000000 
Fr_paral         :   0.00000000   -0.00961990   -0.02985959    0.01721966    0.01778797    0.03031314    0.00000000 
max(|Fsp_paral|) :   0.00000000    0.02844844    0.07000097    0.00378750    0.04086181    0.08096042    0.00000000 
max(|Fsp_perp|)  :   0.00000000    0.00000000    0.00000000    0.00000000    0.00000000    0.00000000    0.00000000 
max(|FNEB|)      :   0.00000000    0.05233655    0.07180654    0.04265957    0.03327550    0.09964284    0.00000000 
max(|Force|)     :   0.00011174    0.03853001    0.05489980    0.04256537    0.02995688    0.08012551    0.00016898 
ksp              :   0.02235890    0.05208051    0.10000000    0.10000000    0.07115620    0.02858460 
max(|step|)      :   0.00000000    0.05252415    0.07206392    0.04281248    0.03339477    0.10000000    0.00000000 
angle (deg.)     :    13.1048  23.7761  27.2856  16.5579  15.3068 
>
iteration       : 3
climbing        : no
zoom on         : no
nim             : 7
barrier         :   0.21134766 (image:  3) 
distance        :   0.00000000    5.31134269   10.38957525   14.72238936   19.21957689   24.02080811   29.44853855 
energy          : -2464.51768787  -2464.49037086  -2464.42015718  -2464.30634021  -2464.37034705  -2464.48183166  -2464.53043685 
max(|Fr_perp|)   :   0.00000000    0.02848187    0.05005942    0.04183450    0.03156981    0.07682122    0.00000000 
Fr_paral         :   0.00000000   -0.00913460   -0.03170554    0.01653536    0.01644719    0.03282453    0.00000000 
max(|Fsp_paral|) :   0.00000000    0.02876815    0.06577279    0.00533133    0.03605475    0.08906762    0.00000000 
max(|Fsp_perp|)  :   0.00000000    0.00000000    0.00000000    0.00000000    0.00000000    0.00000000    0.00000000 
max(|FNEB|)      :   0.00000000    0.04479781    0.06470668    0.04095668    0.03352740    0.09440876    0.00000000 
max(|Force|)     :   0.00011174    0.02875403    0.05361359    0.04095145    0.03124932    0.08013790    0.00016898 
ksp              :   0.02163264    0.05153234    0.10000000    0.10000000    0.07274342    0.02526896 
max(|step|)      :   0.00000000    0.04623900    0.06807609    0.04442150    0.03657021    0.10000000    0.00165089 
angle (deg.)     :    13.3360  24.2701  28.0154  16.1869  16.0224 
>
iteration       : 4
climbing        : no
zoom on         : no
nim             : 7
barrier         :   0.20118873 (image:  3) 
distance        :   0.00000000    5.46527696   10.56305220   14.73863545   19.11502742   23.78895619   29.45863429 
energy          : -2464.51768787  -2464.49176654  -2464.42502032  -2464.31649914  -2464.37381479  -2464.48963348  -2464.53043685 
max(|Fr_perp|)   :   0.00000000    0.02127412    0.04712721    0.04349687    0.03290792    0.07015951    0.00000000 
Fr_paral         :   0.00000000   -0.00878340   -0.03396261    0.01593454    0.01528042    0.03412831    0.00000000 
max(|Fsp_paral|) :   0.00000000    0.02878328    0.06113137    0.00654831    0.03255765    0.09490009    0.00000000 
max(|Fsp_perp|)  :   0.00000000    0.00000000    0.00000000    0.00000000    0.00000000    0.00000000    0.00000000 
max(|FNEB|)      :   0.00000000    0.03798815    0.05748032    0.04240860    0.03487139    0.08503830    0.00000000 
max(|Force|)     :   0.00011174    0.02267621    0.05099336    0.04263239    0.03257152    0.07680930    0.00016898 
ksp              :   0.02159512    0.05145358    0.10000000    0.10000000    0.07435637    0.02255475 
max(|step|)      :   0.00000000    0.04467181    0.06759345    0.04986999    0.04100669    0.10000000    0.00000000 
angle (deg.)     :    13.6190  25.0323  28.8912  15.8719  16.9848 
>
iteration       : 5
climbing        : no
zoom on         : no
nim             : 7
barrier         :   0.19055130 (image:  3) 
distance        :   0.00000000    5.63087693   10.74234554   14.76522824   19.01543211   23.53970913   29.47933067 
energy          : -2464.51768787  -2464.49233343  -2464.42907087  -2464.32713658  -2464.37759632  -2464.49536078  -2464.53043685 
max(|Fr_perp|)   :   0.00000000    0.01618571    0.04263111    0.04488708    0.03430614    0.06036434    0.00000000 
Fr_paral         :   0.00000000   -0.00857606   -0.03515901    0.01525838    0.01381548    0.03378358    0.00000000 
max(|Fsp_paral|) :   0.00000000    0.02875516    0.05564649    0.00745319    0.02926201    0.09902189    0.00000000 
max(|Fsp_perp|)  :   0.00000000    0.00000000    0.00000000    0.00000000    0.00000000    0.00000000    0.00000000 
max(|FNEB|)      :   0.00000000    0.03124984    0.04892945    0.04364586    0.03627782    0.07191675    0.00000000 
max(|Force|)     :   0.00011174    0.01747916    0.04664338    0.04405394    0.03396741    0.07019987    0.00016898 
ksp              :   0.02197525    0.05185503    0.10000000    0.10000000    0.07616717    0.02054539 
max(|step|)      :   0.00000000    0.04510596    0.06428722    0.07747812    0.06544569    0.10000000    0.00209610 
angle (deg.)     :    14.0098  26.2521  29.8410  15.5144  17.7287 
>
iteration       : 6
climbing        : no
zoom on         : no
nim             : 7
barrier         :   0.17227122 (image:  3) 
distance        :   0.00000000    5.86218372   10.94060288   14.81684146   18.91028404   23.15803668   29.50065121 
energy          : -2464.51768787  -2464.49169986  -2464.43134116  -2464.34541665  -2464.38329621  -2464.49475450  -2464.53043685 
max(|Fr_perp|)   :   0.00000000    0.01560628    0.03659936    0.04449114    0.03610334    0.05651444    0.00000000 
Fr_paral         :   0.00000000   -0.00853030   -0.03763624    0.00695681    0.01207998    0.03521628    0.00000000 
max(|Fsp_paral|) :   0.00000000    0.02974440    0.04521256    0.00720639    0.02516411    0.09238291    0.00000000 
max(|Fsp_perp|)  :   0.00000000    0.00000000    0.00000000    0.00000000    0.00000000    0.00000000    0.00000000 
max(|FNEB|)      :   0.00000000    0.03154153    0.03837493    0.04332502    0.03804995    0.06424989    0.00000000 
max(|Force|)     :   0.00011174    0.01681484    0.04070764    0.04411619    0.03575661    0.06857644    0.00016898 
ksp              :   0.02357549    0.05511002    0.10000000    0.10000000    0.08020853    0.02198308 
max(|step|)      :   0.00000000    0.04909196    0.05972762    0.06743205    0.05922182    0.10000000    0.00000000 
angle (deg.)     :    14.2766  27.4490  30.7366  15.6280  19.1951 
>
iteration       : 7
climbing        : no
zoom on         : no
nim             : 7
barrier         :   0.16266756 (image:  3) 
distance        :   0.00000000    6.07844458   11.11664429   14.86545899   18.82176137   22.86723339   29.54195663 
energy          : -2464.51768787  -2464.49137871  -2464.43388815  -2464.35502031  -2464.38881720  -2464.49733088  -2464.53043685 
max(|Fr_perp|)   :   0.00000000    0.01049810    0.02870391    0.04448988    0.03756297    0.04528737    0.00000000 
Fr_paral         :   0.00000000   -0.00860687   -0.03476931    0.00776731    0.01000118    0.03313841    0.00000000 
max(|Fsp_paral|) :   0.00000000    0.02879937    0.03928230    0.00690208    0.02459416    0.08888524    0.00000000 
max(|Fsp_perp|)  :   0.00000000    0.00000000    0.00000000    0.00000000    0.00000000    0.00000000    0.00000000 
max(|FNEB|)      :   0.00000000    0.02587118    0.02838867    0.04336486    0.03966063    0.04906457    0.00000000 
max(|Force|)     :   0.00011174    0.01163969    0.03234909    0.04406873    0.03724858    0.05985367    0.00016898 
ksp              :   0.02455622    0.05636434    0.10000000    0.10000000    0.08130101    0.02126303 
max(|step|)      :   0.00000000    0.04974359    0.05903505    0.08183239    0.07417345    0.10000000    0.00215764 
angle (deg.)     :    14.6036  28.9292  32.0109  15.7504  20.8929 
>
iteration       : 8
climbing        : no
zoom on         : no
nim             : 7
barrier         :   0.15139593 (image:  3) 
distance        :   0.00000000    6.33342653   11.30727749   14.92616078   18.72021561   22.53767954   29.59438335 
energy          : -2464.51768787  -2464.49057511  -2464.43510575  -2464.36629194  -2464.39568503  -2464.49775355  -2464.53043685 
max(|Fr_perp|)   :   0.00000000    0.01069715    0.01833129    0.04212527    0.03890681    0.03637649    0.00000000 
Fr_paral         :   0.00000000   -0.00889896   -0.03677345    0.00966993    0.00848935    0.03102402    0.00000000 
max(|Fsp_paral|) :   0.00000000    0.02806046    0.03029546    0.00582991    0.02386589    0.07941803    0.00000000 
max(|Fsp_perp|)  :   0.00000000    0.00000000    0.00000000    0.00000000    0.00000000    0.00000000    0.00000000 
max(|FNEB|)      :   0.00000000    0.02485584    0.01889546    0.04117810    0.04114376    0.04305557    0.00000000 
max(|Force|)     :   0.00011174    0.01166652    0.03074885    0.04160572    0.03860781    0.05169790    0.00016898 
ksp              :   0.02611440    0.05908632    0.10000000    0.10000000    0.08252469    0.02184712 
max(|step|)      :   0.00000000    0.05772967    0.04388621    0.09563945    0.09555968    0.10000000    0.00000000 
angle (deg.)     :    14.9183  31.2479  33.7896  15.9049  22.5291 
>
iteration       : 9
climbing        : no
zoom on         : no
nim             : 7
barrier         :   0.13869906 (image:  3) 
distance        :   0.00000000    6.62972818   11.48775901   15.00735316   18.61832367   22.21863992   29.66872753 
energy          : -2464.51768787  -2464.48955919  -2464.43561565  -2464.37898882  -2464.40419075  -2464.49610559  -2464.53043685 
max(|Fr_perp|)   :   0.00000000    0.01073368    0.01705376    0.03531896    0.03933069    0.03450845    0.00000000 
Fr_paral         :   0.00000000   -0.00894687   -0.03634484    0.01351526    0.00642035    0.03239332    0.00000000 
max(|Fsp_paral|) :   0.00000000    0.02676965    0.02061355    0.00303582    0.02235355    0.06262665    0.00000000 
max(|Fsp_perp|)  :   0.00000000    0.00000000    0.00000000    0.00000000    0.00000000    0.00000000    0.00000000 
max(|FNEB|)      :   0.00000000    0.02335629    0.01228659    0.03484737    0.04152279    0.03052336    0.00000000 
max(|Force|)     :   0.00011174    0.01173762    0.03009338    0.03462144    0.03909589    0.05109357    0.00016898 
ksp              :   0.02825234    0.06325559    0.10000000    0.10000000    0.08364680    0.02400446 
max(|step|)      :   0.00000000    0.05297990    0.04551373    0.07111291    0.10000000    0.06453392    0.00164137 
angle (deg.)     :    14.8205  34.1248  36.2504  16.4716  24.4997 
>
iteration       : 10
climbing        : no
zoom on         : no
nim             : 7
barrier         :   0.12792874 (image:  3) 
distance        :   0.00000000    6.89879943   11.57791342   15.06783658   18.55198783   22.07555746   29.77366831 
energy          : -2464.51768787  -2464.48862120  -2464.43540275  -2464.38975913  -2464.41298682  -2464.49737261  -2464.53043685 
max(|Fr_perp|)   :   0.00000000    0.01078844    0.04010588    0.02847395    0.03737854    0.02606733    0.00000000 
Fr_paral         :   0.00000000   -0.00906728   -0.03984559    0.01645389    0.00516860    0.02752978    0.00000000 
max(|Fsp_paral|) :   0.00000000    0.02415226    0.01493286    0.00019297    0.02009319    0.05719701    0.00000000 
max(|Fsp_perp|)  :   0.00000000    0.00000000    0.00000000    0.00000000    0.00000000    0.00000000    0.00000000 
max(|FNEB|)      :   0.00000000    0.02124369    0.03842888    0.02851616    0.03897265    0.03114732    0.00000000 
max(|Force|)     :   0.00011174    0.01188715    0.04270197    0.02823378    0.03723097    0.04066996    0.00016898 
ksp              :   0.03044423    0.06789739    0.10000000    0.10000000    0.08365656    0.02428773 
max(|step|)      :   0.00000000    0.05450923    0.09860474    0.07316967    0.10000000    0.07992098    0.00000000 
angle (deg.)     :    15.2311  37.7834  39.2854  17.2898  26.0334 
>
iteration       : 11
climbing        : no
zoom on         : no
nim             : 7
barrier         :   0.11900511 (image:  3) 
distance        :   0.00000000    7.17545928   11.69923885   15.15104483   18.51634559   21.91644086   29.90767633 
energy          : -2464.51768787  -2464.48778038  -2464.42924569  -2464.39868276  -2464.42126559  -2464.49566740  -2464.53043685 
max(|Fr_perp|)   :   0.00000000    0.01049446    0.10471266    0.04042919    0.03157890    0.02802309    0.00000000 
Fr_paral         :   0.00000000   -0.00899787   -0.02469966    0.01906526    0.00432744    0.03177388    0.00000000 
max(|Fsp_paral|) :   0.00000000    0.02595100    0.00130035    0.00296709    0.02050062    0.03767551    0.00000000 
max(|Fsp_perp|)  :   0.00000000    0.00000000    0.00000000    0.00000000    0.00000000    0.00000000    0.00000000 
max(|FNEB|)      :   0.00000000    0.02220446    0.10448424    0.04078608    0.03281680    0.02233193    0.00000000 
max(|Force|)     :   0.00011174    0.01152145    0.10257201    0.03964262    0.03148077    0.04538578    0.00016898 
ksp              :   0.03261814    0.07688618    0.10000000    0.10000000    0.08292128    0.02665342 
max(|step|)      :   0.00000000    0.05754650    0.02765839    0.06898171    0.10000000    0.06781964    0.00188981 
angle (deg.)     :    15.4350  41.4171  42.6271  18.7825  27.9846 
>
iteration       : 12
climbing        : no
zoom on         : no
nim             : 7
barrier         :   0.11262792 (image:  3) 
distance        :   0.00000000    7.46862394   11.79674770   15.24029982   18.48929592   21.79381372   30.06877274 
energy          : -2464.51768787  -2464.48674627  -2464.42795225  -2464.40505995  -2464.42778026  -2464.49453502  -2464.53043685 
max(|Fr_perp|)   :   0.00000000    0.01024324    0.11908552    0.06199389    0.01935199    0.02683006    0.00000000 
Fr_paral         :   0.00000000   -0.00901283   -0.02057678    0.02069465    0.00445831    0.03340476    0.00000000 
max(|Fsp_paral|) :   0.00000000    0.02195266    0.00492270    0.00735147    0.02051064    0.01947336    0.00000000 
max(|Fsp_perp|)  :   0.00000000    0.00000000    0.00000000    0.00000000    0.00000000    0.00000000    0.00000000 
max(|FNEB|)      :   0.00000000    0.01887760    0.11904584    0.06310110    0.02982014    0.02304509    0.00000000 
max(|Force|)     :   0.00011174    0.01127154    0.11812643    0.06146954    0.01929980    0.04568213    0.00016898 
ksp              :   0.03471726    0.08181082    0.10000000    0.10000000    0.08182694    0.02850099 
max(|step|)      :   0.00000000    0.01568383    0.09890531    0.05242547    0.02477508    0.01914625    0.00000000 
angle (deg.)     :    15.1066  42.0954  43.3119  19.2739  28.6753 
>
iteration       : 13
climbing        : no
zoom on         : no
nim             : 7
barrier         :   0.10753169 (image:  3) 
distance        :   0.00000000    7.54758733   11.79144152   15.23972298   18.46714648   21.79159674   30.10894302 
energy          : -2464.51768787  -2464.48671776  -2464.44242933  -2464.41015618  -2464.42939750  -2464.49598057  -2464.53043685 
max(|Fr_perp|)   :   0.00000000    0.01027462    0.02236119    0.02226039    0.01722429    0.02217834    0.00000000 
Fr_paral         :   0.00000000   -0.00860904   -0.03512092    0.01740727    0.00442642    0.02914132    0.00000000 
max(|Fsp_paral|) :   0.00000000    0.00895594    0.01791707    0.00741992    0.01652883    0.02540991    0.00000000 
max(|Fsp_perp|)  :   0.00000000    0.00000000    0.00000000    0.00000000    0.00000000    0.00000000    0.00000000 
max(|FNEB|)      :   0.00000000    0.00910981    0.02442633    0.02233337    0.02565067    0.01509255    0.00000000 
max(|Force|)     :   0.00011174    0.01123869    0.02468121    0.02471929    0.01717909    0.03877261    0.00016898 
ksp              :   0.03592083    0.07298858    0.10000000    0.10000000    0.08389574    0.02816820 
max(|step|)      :   0.00000000    0.01165640    0.01263380    0.02363316    0.02797972    0.01758325    0.00017119 
angle (deg.)     :    15.2561  43.0163  44.4510  19.7761  29.3765 
>
iteration       : 14
climbing        : no
zoom on         : no
nim             : 7
barrier         :   0.10536209 (image:  3) 
distance        :   0.00000000    7.60190443   11.82677431   15.24359155   18.45433292   21.78694599   30.16267046 
energy          : -2464.51768787  -2464.48684891  -2464.44214877  -2464.41232578  -2464.43087737  -2464.49672991  -2464.53043685 
max(|Fr_perp|)   :   0.00000000    0.00987921    0.02988021    0.02142139    0.01475061    0.01844701    0.00000000 
Fr_paral         :   0.00000000   -0.00859657   -0.03784832    0.01782102    0.00437306    0.02573925    0.00000000 
max(|Fsp_paral|) :   0.00000000    0.00894891    0.01382964    0.00704688    0.01534280    0.02693225    0.00000000 
max(|Fsp_perp|)  :   0.00000000    0.00000000    0.00000000    0.00000000    0.00000000    0.00000000    0.00000000 
max(|FNEB|)      :   0.00000000    0.00908708    0.02930124    0.02127760    0.02436705    0.01242708    0.00000000 
max(|Force|)     :   0.00011174    0.01085596    0.03192647    0.02403127    0.01542718    0.03327549    0.00016898 
ksp              :   0.03634256    0.07452529    0.10000000    0.10000000    0.08415329    0.02790223 
max(|step|)      :   0.00000000    0.04421829    0.02579407    0.08424842    0.10000000    0.04995808    0.00161221 
angle (deg.)     :    15.7468  46.9656  48.8359  21.3243  31.4895 
>
iteration       : 15
climbing        : no
zoom on         : no
nim             : 7
barrier         :   0.09789566 (image:  3) 
distance        :   0.00000000    7.80930277   11.93814251   15.28494334   18.44050367   21.79013236   30.37875951 
energy          : -2464.51768787  -2464.48720052  -2464.44210315  -2464.41979221  -2464.43555297  -2464.49788139  -2464.53043685 
max(|Fr_perp|)   :   0.00000000    0.00853387    0.04492299    0.02504292    0.01355276    0.01065817    0.00000000 
Fr_paral         :   0.00000000   -0.00831512   -0.04303363    0.01914231    0.00384609    0.01824817    0.00000000 
max(|Fsp_paral|) :   0.00000000    0.00729729    0.00337345    0.00694411    0.01106314    0.02635431    0.00000000 
max(|Fsp_perp|)  :   0.00000000    0.00000000    0.00000000    0.00000000    0.00000000    0.00000000    0.00000000 
max(|FNEB|)      :   0.00000000    0.00771086    0.04498578    0.02431522    0.01991517    0.01573014    0.00000000 
max(|Force|)     :   0.00011174    0.01047276    0.04722687    0.02612974    0.01433499    0.02150996    0.00016898 
ksp              :   0.03802352    0.07951936    0.10000000    0.10000000    0.08550088    0.02820505 
max(|step|)      :   0.00000000    0.01621521    0.09460078    0.05113257    0.04187969    0.03307898    0.00000000 
angle (deg.)     :    16.1709  49.5462  51.0969  21.3365  31.8036 
>
iteration       : 16
climbing        : no
zoom on         : no
nim             : 7
barrier         :   0.09446912 (image:  3) 
distance        :   0.00000000    7.87987627   11.99013114   15.32551281   18.48114141   21.80550300   30.49074175 
energy          : -2464.51768787  -2464.48761570  -2464.43979912  -2464.42321875  -2464.43772375  -2464.49750018  -2464.53043685 
max(|Fr_perp|)   :   0.00000000    0.00814425    0.08005968    0.03161052    0.01459532    0.01691713    0.00000000 
Fr_paral         :   0.00000000   -0.00816470   -0.02774416    0.02043764    0.00332938    0.02653456    0.00000000 
max(|Fsp_paral|) :   0.00000000    0.00970062    0.00675177    0.00700435    0.01101324    0.01970319    0.00000000 
max(|Fsp_perp|)  :   0.00000000    0.00000000    0.00000000    0.00000000    0.00000000    0.00000000    0.00000000 
max(|FNEB|)      :   0.00000000    0.00934095    0.07917199    0.03235072    0.02027292    0.01028534    0.00000000 
max(|Force|)     :   0.00011174    0.00950752    0.07809910    0.03076892    0.01527125    0.03295202    0.00016898 
ksp              :   0.03864953    0.08420401    0.10000000    0.10000000    0.08618120    0.02923265 
max(|step|)      :   0.00000000    0.01167437    0.02172222    0.02683504    0.02755849    0.01343924    0.00019970 
angle (deg.)     :    16.1855  51.0152  52.4667  21.5806  32.2390 
>
iteration       : 17
climbing        : no
zoom on         : no
nim             : 7
barrier         :   0.09208197 (image:  3) 
distance        :   0.00000000    7.93238375   12.00665915   15.34817481   18.50380102   21.81976436   30.56605496 
energy          : -2464.51768787  -2464.48782533  -2464.44474461  -2464.42560590  -2464.43909918  -2464.49747895  -2464.53043685 
max(|Fr_perp|)   :   0.00000000    0.00790456    0.04725764    0.02767746    0.01432975    0.01760289    0.00000000 
Fr_paral         :   0.00000000   -0.00803106   -0.03069965    0.01882942    0.00303920    0.02790915    0.00000000 
max(|Fsp_paral|) :   0.00000000    0.00476598    0.00159006    0.00689399    0.01048884    0.01686998    0.00000000 
max(|Fsp_perp|)  :   0.00000000    0.00000000    0.00000000    0.00000000    0.00000000    0.00000000    0.00000000 
max(|FNEB|)      :   0.00000000    0.00562839    0.04744248    0.02845449    0.01987247    0.01244758    0.00000000 
max(|Force|)     :   0.00011174    0.00925512    0.04532577    0.02689038    0.01494421    0.03463396    0.00016898 
ksp              :   0.03918736    0.08129402    0.10000000    0.10000000    0.08681181    0.02975200 
max(|step|)      :   0.00000000    0.03501217    0.03469041    0.09932986    0.10000000    0.04810554    0.00139751 
angle (deg.)     :    16.6580  56.1224  57.6690  22.7694  34.0835 
>
iteration       : 18
climbing        : no
zoom on         : no
nim             : 7
barrier         :   0.08394543 (image:  3) 
distance        :   0.00000000    8.08270685   12.09290996   15.44363460   18.60298422   21.90159291   30.86463748 
energy          : -2464.51768787  -2464.48883914  -2464.45002296  -2464.43374245  -2464.44376571  -2464.49772418  -2464.53043685 
max(|Fr_perp|)   :   0.00000000    0.00673863    0.01425067    0.01535201    0.01344189    0.01745991    0.00000000 
Fr_paral         :   0.00000000   -0.00752991   -0.03302440    0.01712504    0.00191569    0.02985626    0.00000000 
max(|Fsp_paral|) :   0.00000000    0.00005326    0.00223555    0.00699780    0.00814523    0.00812031    0.00000000 
max(|Fsp_perp|)  :   0.00000000    0.00000000    0.00000000    0.00000000    0.00000000    0.00000000    0.00000000 
max(|FNEB|)      :   0.00000000    0.00671803    0.01429432    0.02088083    0.01786523    0.01572490    0.00000000 
max(|Force|)     :   0.00011174    0.00831621    0.02203083    0.01965599    0.01383101    0.03641374    0.00016898 
ksp              :   0.04092632    0.08254309    0.10000000    0.10000000    0.08924462    0.03141158 
max(|step|)      :   0.00000000    0.02207919    0.04697910    0.06862604    0.05871513    0.05168078    0.00000000 
angle (deg.)     :    16.9881  58.4224  60.6262  24.3882  36.2448 
>
iteration       : 19
climbing        : no
zoom on         : no
nim             : 7
barrier         :   0.08102311 (image:  3) 
distance        :   0.00000000    8.09302535   12.13376929   15.48131544   18.66555794   22.01013166   31.06614299 
energy          : -2464.51768787  -2464.48992307  -2464.44840438  -2464.43666476  -2464.44615013  -2464.49933875  -2464.53043685 
max(|Fr_perp|)   :   0.00000000    0.00753490    0.04276984    0.03494292    0.01135810    0.01221361    0.00000000 
Fr_paral         :   0.00000000   -0.00728343   -0.04520350    0.01970655    0.00156003    0.00864179    0.00000000 
max(|Fsp_paral|) :   0.00000000    0.00487884    0.00927943    0.00656521    0.00726376    0.01565777    0.00000000 
max(|Fsp_perp|)  :   0.00000000    0.00000000    0.00000000    0.00000000    0.00000000    0.00000000    0.00000000 
max(|FNEB|)      :   0.00000000    0.00622315    0.04334180    0.03417790    0.01700711    0.01424095    0.00000000 
max(|Force|)     :   0.00011174    0.00923881    0.04432479    0.03586610    0.01166465    0.01148596    0.00016898 
ksp              :   0.04084098    0.08695969    0.10000000    0.10000000    0.08946370    0.03038210 
max(|step|)      :   0.00000000    0.01911166    0.02076828    0.06696245    0.05888201    0.02239780    0.00057040 
angle (deg.)     :    17.2641  61.1568  63.5131  25.5573  37.6960 
>
iteration       : 20
climbing        : no
zoom on         : no
nim             : 7
barrier         :   0.07715008 (image:  3) 
distance        :   0.00000000    8.12431318   12.16856457   15.54008103   18.75046655   22.12983315   31.27275453 
energy          : -2464.51768787  -2464.49083467  -2464.45149960  -2464.44053779  -2464.44857980  -2464.49945500  -2464.53043685 
max(|Fr_perp|)   :   0.00000000    0.00801739    0.03084492    0.03275410    0.01076771    0.02284141    0.00000000 
Fr_paral         :   0.00000000   -0.00700166   -0.04504901    0.01882224    0.00105349   -0.00194088    0.00000000 
max(|Fsp_paral|) :   0.00000000    0.00395281    0.00873219    0.00637476    0.00559108    0.01349378    0.00000000 
max(|Fsp_perp|)  :   0.00000000    0.00000000    0.00000000    0.00000000    0.00000000    0.00000000    0.00000000 
max(|FNEB|)      :   0.00000000    0.00564452    0.03065664    0.03198839    0.01559324    0.02534619    0.00000000 
max(|Force|)     :   0.00011174    0.00964875    0.03167272    0.03364855    0.01097292    0.02308046    0.00016898 
ksp              :   0.04132581    0.08721242    0.10000000    0.10000000    0.09061854    0.03126970 
max(|step|)      :   0.00000000    0.03038386    0.03187679    0.10000000    0.08774347    0.03265719    0.00108402 
angle (deg.)     :    17.7112  65.2558  67.8388  26.8779  39.0996 
>
iteration       : 21
climbing        : no
zoom on         : no
nim             : 7
barrier         :   0.07094479 (image:  3) 
distance        :   0.00000000    8.16839014   12.22067198   15.64358156   18.90504800   22.33681211   31.58408454 
energy          : -2464.51768787  -2464.49216191  -2464.45419751  -2464.44674308  -2464.45214691  -2464.50096081  -2464.53043685 
max(|Fr_perp|)   :   0.00000000    0.00767805    0.03266572    0.02215820    0.01030239    0.01623330    0.00000000 
Fr_paral         :   0.00000000   -0.00658307   -0.04551252    0.01795488    0.00025645    0.00235813    0.00000000 
max(|Fsp_paral|) :   0.00000000    0.00485374    0.01393567    0.00647510    0.00247138    0.02090834    0.00000000 
max(|Fsp_perp|)  :   0.00000000    0.00000000    0.00000000    0.00000000    0.00000000    0.00000000    0.00000000 
max(|FNEB|)      :   0.00000000    0.00505518    0.03377055    0.02162326    0.01276065    0.02190019    0.00000000 
max(|Force|)     :   0.00011174    0.00921024    0.03438498    0.02321220    0.01030647    0.01613594    0.00016898 
ksp              :   0.04237467    0.09058316    0.10000000    0.10000000    0.09312993    0.03122445 
max(|step|)      :   0.00000000    0.00795138    0.05311829    0.03401160    0.02007145    0.03444720    0.00000000 
angle (deg.)     :    17.6901  66.8689  68.8161  26.9753  38.8522 
>
iteration       : 22
climbing        : no
zoom on         : no
nim             : 7
barrier         :   0.06919752 (image:  3) 
distance        :   0.00000000    8.20367470   12.22064778   15.68908339   18.98170219   22.38488830   31.66434532 
energy          : -2464.51768787  -2464.49234315  -2464.45617491  -2464.44849035  -2464.45308168  -2464.50099602  -2464.53043685 
max(|Fr_perp|)   :   0.00000000    0.00701923    0.03506251    0.01591693    0.01103949    0.01038594    0.00000000 
Fr_paral         :   0.00000000   -0.00658600   -0.02954978    0.01576070    0.00001340    0.02257677    0.00000000 
max(|Fsp_paral|) :   0.00000000    0.00211287    0.00828389    0.00662948    0.00345918    0.01749478    0.00000000 
max(|Fsp_perp|)  :   0.00000000    0.00000000    0.00000000    0.00000000    0.00000000    0.00000000    0.00000000 
max(|FNEB|)      :   0.00000000    0.00490637    0.03444048    0.01743891    0.01379228    0.00710885    0.00000000 
max(|Force|)     :   0.00011174    0.00855069    0.03381255    0.01664794    0.01104207    0.02572711    0.00016898 
ksp              :   0.04296397    0.09000527    0.10000000    0.10000000    0.09402841    0.03170983 
max(|step|)      :   0.00000000    0.00547991    0.01675424    0.02258512    0.01805465    0.01772914    0.00008436 
angle (deg.)     :    17.6225  67.9800  69.6781  27.3468  39.0659 
>
iteration       : 23
climbing        : no
zoom on         : no
nim             : 7
barrier         :   0.06810658 (image:  3) 
distance        :   0.00000000    8.22504219   12.21880369   15.71992773   19.03785370   22.42267516   31.73886597 
energy          : -2464.51768787  -2464.49254250  -2464.45819874  -2464.44958129  -2464.45381252  -2464.50042448  -2464.53043685 
max(|Fr_perp|)   :   0.00000000    0.00669337    0.01995863    0.01647190    0.01087804    0.01498121    0.00000000 
Fr_paral         :   0.00000000   -0.00652361   -0.02841411    0.01395689   -0.00016416    0.02816148    0.00000000 
max(|Fsp_paral|) :   0.00000000    0.00038623    0.00213350    0.00645079    0.00455009    0.00947421    0.00000000 
max(|Fsp_perp|)  :   0.00000000    0.00000000    0.00000000    0.00000000    0.00000000    0.00000000    0.00000000 
max(|FNEB|)      :   0.00000000    0.00707960    0.01981355    0.01837293    0.01483363    0.01338350    0.00000000 
max(|Force|)     :   0.00011174    0.00821128    0.01886931    0.01658510    0.01084647    0.03262648    0.00016898 
ksp              :   0.04322856    0.08861241    0.10000000    0.10000000    0.09440860    0.03281286 
max(|step|)      :   0.00000000    0.03112378    0.05003432    0.10000000    0.08076648    0.03518454    0.00066211 
angle (deg.)     :    17.6651  71.9835  73.3816  29.2645  40.7280 
>
iteration       : 24
climbing        : no
zoom on         : no
nim             : 7
barrier         :   0.06326635 (image:  3) 
distance        :   0.00000000    8.27975448   12.22511225   15.84000816   19.25641391   22.61529435   32.07495255 
energy          : -2464.51768787  -2464.49359761  -2464.46226280  -2464.45442153  -2464.45677564  -2464.49968639  -2464.53043685 
max(|Fr_perp|)   :   0.00000000    0.00636146    0.01089273    0.01355904    0.00997289    0.02066195    0.00000000 
Fr_paral         :   0.00000000   -0.00617142   -0.02492933    0.00928679   -0.00091346    0.03393431    0.00000000 
max(|Fsp_paral|) :   0.00000000    0.00371926    0.00620335    0.00654670    0.00623489    0.00877196    0.00000000 
max(|Fsp_perp|)  :   0.00000000    0.00000000    0.00000000    0.00000000    0.00000000    0.00000000    0.00000000 
max(|FNEB|)      :   0.00000000    0.00932241    0.01331492    0.02013005    0.01621879    0.02396080    0.00000000 
max(|Force|)     :   0.00011174    0.00702927    0.01620151    0.01511055    0.01030652    0.03907053    0.00016898 
ksp              :   0.04426838    0.08883454    0.10000000    0.10000000    0.09664132    0.03563980 
max(|step|)      :   0.00000000    0.03890693    0.05556959    0.08401244    0.06768883    0.10000000    0.00000000 
angle (deg.)     :    18.2340  72.9784  76.2518  31.0967  43.6739 
>
iteration       : 25
climbing        : no
zoom on         : no
nim             : 7
barrier         :   0.06002854 (image:  3) 
distance        :   0.00000000    8.22582274   12.24616830   15.86620084   19.32124406   22.82897226   32.33162391 
energy          : -2464.51768787  -2464.49482683  -2464.46141893  -2464.45765933  -2464.45858711  -2464.49917649  -2464.53043685 
max(|Fr_perp|)   :   0.00000000    0.00679047    0.01623889    0.01282361    0.01053669    0.05080385    0.00000000 
Fr_paral         :   0.00000000   -0.00580807   -0.04032053    0.00774004   -0.00101615   -0.03029268    0.00000000 
max(|Fsp_paral|) :   0.00000000    0.00346397    0.00981216    0.00559263    0.00014300    0.00926753    0.00000000 
max(|Fsp_perp|)  :   0.00000000    0.00000000    0.00000000    0.00000000    0.00000000    0.00000000    0.00000000 
max(|FNEB|)      :   0.00000000    0.00387429    0.01614330    0.01337303    0.01039370    0.04892750    0.00000000 
max(|Force|)     :   0.00011174    0.00811648    0.02286136    0.01411493    0.01091001    0.05522086    0.00016898 
ksp              :   0.04427526    0.09436329    0.10000000    0.10000000    0.09860900    0.03775388 
max(|step|)      :   0.00000000    0.01652244    0.02105956    0.04331128    0.03442187    0.03093601    0.00016558 
angle (deg.)     :    18.3734  74.1538  77.8320  31.3424  43.8576 
>
iteration       : 26
climbing        : no
zoom on         : no
nim             : 7
barrier         :   0.05798172 (image:  4) 
distance        :   0.00000000    8.22917270   12.25136838   15.91231197   19.40690599   22.98830686   32.46133412 
energy          : -2464.51768787  -2464.49533848  -2464.46246016  -2464.45990129  -2464.45970615  -2464.50170692  -2464.53043685 
max(|Fr_perp|)   :   0.00000000    0.00683730    0.01044955    0.01349916    0.01050457    0.03913631    0.00000000 
Fr_paral         :   0.00000000   -0.00574933   -0.04096839    0.00191602   -0.00125344   -0.01990041    0.00000000 
max(|Fsp_paral|) :   0.00000000    0.00391817    0.01129271    0.00567899    0.00319199    0.02052016    0.00000000 
max(|Fsp_perp|)  :   0.00000000    0.00000000    0.00000000    0.00000000    0.00000000    0.00000000    0.00000000 
max(|FNEB|)      :   0.00000000    0.00406493    0.01250501    0.01122430    0.01001083    0.04299421    0.00000000 
max(|Force|)     :   0.00011174    0.00814280    0.02429834    0.01385209    0.01096548    0.04183739    0.00016898 
ksp              :   0.04469103    0.09572520    0.09969710    0.10000000    0.10000000    0.03480585 
max(|step|)      :   0.00000000    0.03746331    0.05148037    0.10000000    0.07665141    0.09872726    0.00053917 
angle (deg.)     :    18.6249  77.0894  81.5059  32.1374  44.0328 
>
iteration       : 27
climbing        : no
zoom on         : no
nim             : 7
barrier         :   0.05553014 (image:  4) 
distance        :   0.00000000    8.25583769   12.26039342   16.05896500   19.66423743   23.32706139   32.78125529 
energy          : -2464.51768787  -2464.49640644  -2464.46503317  -2464.46479856  -2464.46215773  -2464.50430298  -2464.53043685 
max(|Fr_perp|)   :   0.00000000    0.00650773    0.00760832    0.01502186    0.00985159    0.01499526    0.00000000 
Fr_paral         :   0.00000000   -0.00562504   -0.03639098    0.00104221   -0.00221059    0.02476154    0.00000000 
max(|Fsp_paral|) :   0.00000000    0.00325928    0.01017333    0.00113448    0.00219052    0.04839581    0.00000000 
max(|Fsp_perp|)  :   0.00000000    0.00000000    0.00000000    0.00000000    0.00000000    0.00000000    0.00000000 
max(|FNEB|)      :   0.00000000    0.00375354    0.01462905    0.01448305    0.00944238    0.03808078    0.00000000 
max(|Force|)     :   0.00011174    0.00776912    0.02484259    0.01522134    0.01070631    0.02831790    0.00016898 
ksp              :   0.04449077    0.09535399    0.09573167    0.10000000    0.10000000    0.03167948 
max(|step|)      :   0.00000000    0.00985678    0.03841583    0.03803242    0.02479566    0.10000000    0.00000000 
angle (deg.)     :    18.4805  78.0482  82.0293  33.4481  44.7650 
>
iteration       : 28
climbing        : no
zoom on         : no
nim             : 7
barrier         :   0.05479388 (image:  4) 
distance        :   0.00000000    8.29759446   12.25204496   16.14145973   19.77158685   23.26495580   32.87942040 
energy          : -2464.51768787  -2464.49659706  -2464.46677813  -2464.46648393  -2464.46289399  -2464.50146345  -2464.53043685 
max(|Fr_perp|)   :   0.00000000    0.00599252    0.01392433    0.01554114    0.00930191    0.02458804    0.00000000 
Fr_paral         :   0.00000000   -0.00559144   -0.02777329    0.00038072   -0.00269261    0.03510720    0.00000000 
max(|Fsp_paral|) :   0.00000000    0.00004607    0.00236887    0.00107105    0.00538648    0.00223089    0.00000000 
max(|Fsp_perp|)  :   0.00000000    0.00000000    0.00000000    0.00000000    0.00000000    0.00000000    0.00000000 
max(|FNEB|)      :   0.00000000    0.00603859    0.01380978    0.01535906    0.01468839    0.02495762    0.00000000 
max(|Force|)     :   0.00011174    0.00724853    0.01888363    0.01556428    0.01036245    0.04052843    0.00016898 
ksp              :   0.04464206    0.09362024    0.09410347    0.10000000    0.10000000    0.03664892 
max(|step|)      :   0.00000000    0.01634609    0.02713761    0.04197391    0.03941298    0.05961169    0.00024237 
angle (deg.)     :    18.4462  78.7458  82.7729  35.0271  46.4458 
>
iteration       : 29
climbing        : no
zoom on         : no
nim             : 7
barrier         :   0.05366477 (image:  4) 
distance        :   0.00000000    8.32333984   12.24384426   16.22226326   19.84635009   23.29608284   33.02839976 
energy          : -2464.51768787  -2464.49701670  -2464.46856182  -2464.46890426  -2464.46402310  -2464.50190487  -2464.53043685 
max(|Fr_perp|)   :   0.00000000    0.00581099    0.00979563    0.01186529    0.00913517    0.00737337    0.00000000 
Fr_paral         :   0.00000000   -0.00551355   -0.02666777    0.00075521   -0.00302722    0.02326548    0.00000000 
max(|Fsp_paral|) :   0.00000000    0.00214239    0.00300344    0.00180166    0.00707210    0.00749932    0.00000000 
max(|Fsp_perp|)  :   0.00000000    0.00000000    0.00000000    0.00000000    0.00000000    0.00000000    0.00000000 
max(|FNEB|)      :   0.00000000    0.00760469    0.00978370    0.01105066    0.01620727    0.01487269    0.00000000 
max(|Force|)     :   0.00011174    0.00669638    0.01660977    0.01200365    0.01036306    0.02489509    0.00016898 
ksp              :   0.04466717    0.09238821    0.09238821    0.10000000    0.10000000    0.03646931 
max(|step|)      :   0.00000000    0.04191306    0.05927141    0.08671131    0.09425483    0.08803351    0.00100168 
angle (deg.)     :    18.6549  79.6654  84.4057  37.9651  49.5365 
>
iteration       : 30
climbing        : no
zoom on         : no
nim             : 7
barrier         :   0.05148503 (image:  4) 
distance        :   0.00000000    8.34131795   12.23633546   16.35973190   19.95681815   23.41357953   33.32599844 
energy          : -2464.51768787  -2464.49805332  -2464.47067823  -2464.47295222  -2464.46620284  -2464.50030758  -2464.53043685 
max(|Fr_perp|)   :   0.00000000    0.00608287    0.01002782    0.01051341    0.00865517    0.03038817    0.00000000 
Fr_paral         :   0.00000000   -0.00523747   -0.02515475    0.00335051   -0.00373657   -0.00886627    0.00000000 
max(|Fsp_paral|) :   0.00000000    0.00235872    0.01179811    0.00636488    0.00603804    0.04242600    0.00000000 
max(|Fsp_perp|)  :   0.00000000    0.00000000    0.00000000    0.00000000    0.00000000    0.00000000    0.00000000 
max(|FNEB|)      :   0.00000000    0.00717253    0.01322225    0.01554023    0.01469321    0.03775634    0.00000000 
max(|Force|)     :   0.00011174    0.00661720    0.01733385    0.01127415    0.01026298    0.03192446    0.00016898 
ksp              :   0.04432279    0.09217666    0.09217666    0.10000000    0.10000000    0.04038216 
max(|step|)      :   0.00000000    0.03473361    0.04519402    0.06366720    0.07585489    0.06518633    0.00046866 
angle (deg.)     :    19.0343  80.2079  85.9001  39.4169  51.1232 
>
iteration       : 31
climbing        : no
zoom on         : no
nim             : 7
barrier         :   0.04986808 (image:  4) 
distance        :   0.00000000    8.33944824   12.24486945   16.41112119   20.02041046   23.61659106   33.53986537 
energy          : -2464.51768787  -2464.49891174  -2464.47084541  -2464.47549513  -2464.46781980  -2464.49966060  -2464.53043685 
max(|Fr_perp|)   :   0.00000000    0.00592831    0.01479531    0.00837030    0.00824443    0.05455087    0.00000000 
Fr_paral         :   0.00000000   -0.00511841   -0.03445690    0.00518776   -0.00416134   -0.03612067    0.00000000 
max(|Fsp_paral|) :   0.00000000    0.00070227    0.01381962    0.01288270    0.00058543    0.04910028    0.00000000 
max(|Fsp_perp|)  :   0.00000000    0.00000000    0.00000000    0.00000000    0.00000000    0.00000000    0.00000000 
max(|FNEB|)      :   0.00000000    0.00559086    0.01414627    0.01666396    0.00882986    0.04381183    0.00000000 
max(|Force|)     :   0.00011174    0.00646342    0.02100662    0.00970286    0.01010288    0.06076050    0.00016898 
ksp              :   0.04388644    0.09453949    0.09453949    0.10000000    0.10000000    0.04253493 
max(|step|)      :   0.00000000    0.03972959    0.05121725    0.07788199    0.08634954    0.10000000    0.00051636 
angle (deg.)     :    19.6109  80.8144  87.6637  40.6525  52.5294 
>
iteration       : 32
climbing        : no
zoom on         : no
nim             : 7
barrier         :   0.04895712 (image:  2) 
distance        :   0.00000000    8.33603511   12.26327826   16.45045058   20.09176519   23.89603070   33.78062190 
energy          : -2464.51768787  -2464.49981392  -2464.46873075  -2464.47789152  -2464.46946481  -2464.49854545  -2464.53043685 
max(|Fr_perp|)   :   0.00000000    0.00605898    0.03338479    0.00761717    0.00879884    0.07887540    0.00000000 
Fr_paral         :   0.00000000   -0.00503555   -0.04651896    0.00749248   -0.00463388   -0.06369429    0.00000000 
max(|Fsp_paral|) :   0.00000000    0.00758446    0.01446399    0.02893860    0.00747751    0.05708949    0.00000000 
max(|Fsp_perp|)  :   0.00000000    0.00000000    0.00000000    0.00000000    0.00000000    0.00000000    0.00000000 
max(|FNEB|)      :   0.00000000    0.00738934    0.03425054    0.02850611    0.00915313    0.06750795    0.00000000 
max(|Force|)     :   0.00011174    0.00636889    0.03494762    0.00778434    0.00978276    0.08937179    0.00016898 
ksp              :   0.04284656    0.10000000    0.10000000    0.09862061    0.09862061    0.04525470 
max(|step|)      :   0.00000000    0.01094588    0.05073557    0.04222630    0.01355860    0.10000000    0.00000000 
angle (deg.)     :    19.8816  81.6000  87.7651  40.3119  51.9922 
>
iteration       : 33
climbing        : no
zoom on         : no
nim             : 7
barrier         :   0.04951191 (image:  2) 
distance        :   0.00000000    8.38820637   12.29392490   16.38756777   20.12159285   24.02366657   33.78212073 
energy          : -2464.51768787  -2464.49973671  -2464.46817596  -2464.47730567  -2464.46965532  -2464.50594443  -2464.53043685 
max(|Fr_perp|)   :   0.00000000    0.00524028    0.03510501    0.01336056    0.00920059    0.02859266    0.00000000 
Fr_paral         :   0.00000000   -0.00517229   -0.03511616    0.01600287   -0.00423228   -0.01397620    0.00000000 
max(|Fsp_paral|) :   0.00000000    0.00699262    0.01047513    0.02281509    0.00710297    0.05800692    0.00000000 
max(|Fsp_perp|)  :   0.00000000    0.00000000    0.00000000    0.00000000    0.00000000    0.00000000    0.00000000 
max(|FNEB|)      :   0.00000000    0.00708321    0.03546277    0.01804367    0.01016065    0.06552297    0.00000000 
max(|Force|)     :   0.00011174    0.00631941    0.03443650    0.01497753    0.00982955    0.03042823    0.00016898 
ksp              :   0.04263063    0.10000000    0.10000000    0.09731090    0.09731090    0.03134658 
max(|step|)      :   0.00000000    0.01053214    0.02229131    0.03238956    0.01125720    0.07270283    0.00026237 
angle (deg.)     :    20.0313  82.2947  88.0561  40.4043  51.4852 
>
iteration       : 34
climbing        : no
zoom on         : no
nim             : 7
barrier         :   0.04931024 (image:  2) 
distance        :   0.00000000    8.43846140   12.31673191   16.33521371   20.15826393   24.02114363   33.76617087 
energy          : -2464.51768787  -2464.49966969  -2464.46837763  -2464.47670297  -2464.46986796  -2464.50618494  -2464.53043685 
max(|Fr_perp|)   :   0.00000000    0.00555792    0.01395621    0.00996811    0.00813170    0.01849368    0.00000000 
Fr_paral         :   0.00000000   -0.00528641   -0.03865910    0.01976784   -0.00400417    0.02658644    0.00000000 
max(|Fsp_paral|) :   0.00000000    0.00546961    0.00783943    0.01490099    0.00163301    0.05773232    0.00000000 
max(|Fsp_perp|)  :   0.00000000    0.00000000    0.00000000    0.00000000    0.00000000    0.00000000    0.00000000 
max(|FNEB|)      :   0.00000000    0.00562821    0.01362353    0.01505309    0.00649869    0.04864935    0.00000000 
max(|Force|)     :   0.00011174    0.00667294    0.02491182    0.01854412    0.00981932    0.02989959    0.00016898 
ksp              :   0.04288640    0.10000000    0.10000000    0.09727988    0.09727988    0.03099491 
max(|step|)      :   0.00000000    0.01991173    0.03070404    0.05069566    0.02056376    0.09094876    0.00053997 
angle (deg.)     :    20.4207  83.6243  89.0347  41.2691  51.4280 
>
iteration       : 35
climbing        : no
zoom on         : no
nim             : 7
barrier         :   0.05061899 (image:  2) 
distance        :   0.00000000    8.53290764   12.36082446   16.26611561   20.23778373   23.98748160   33.79785077 
energy          : -2464.51768787  -2464.49956318  -2464.46706889  -2464.47580484  -2464.47035854  -2464.50081384  -2464.53043685 
max(|Fr_perp|)   :   0.00000000    0.00572129    0.00659311    0.01027824    0.00823356    0.04411165    0.00000000 
Fr_paral         :   0.00000000   -0.00551157   -0.04045445    0.02498601   -0.00382706    0.04716243    0.00000000 
max(|Fsp_paral|) :   0.00000000    0.00468967    0.00434460    0.00873749    0.00859394    0.03097343    0.00000000 
max(|Fsp_perp|)  :   0.00000000    0.00000000    0.00000000    0.00000000    0.00000000    0.00000000    0.00000000 
max(|FNEB|)      :   0.00000000    0.00501375    0.00648750    0.01265107    0.01682750    0.04906693    0.00000000 
max(|Force|)     :   0.00011174    0.00687082    0.02301083    0.02086457    0.00980732    0.05517396    0.00016898 
ksp              :   0.04222550    0.10000000    0.10000000    0.09415103    0.09415103    0.04000184 
max(|step|)      :   0.00000000    0.01514312    0.01831629    0.03803534    0.02533387    0.02831915    0.00013322 
angle (deg.)     :    20.7029  84.5529  89.8773  42.0893  52.1570 
>
iteration       : 36
climbing        : no
zoom on         : no
nim             : 7
barrier         :   0.05179455 (image:  2) 
distance        :   0.00000000    8.60449984   12.39048094   16.23089967   20.27839819   24.04795333   33.88386130 
energy          : -2464.51768787  -2464.49948990  -2464.46589332  -2464.47529886  -2464.47083725  -2464.50318522  -2464.53043685 
max(|Fr_perp|)   :   0.00000000    0.00559045    0.01414290    0.00940252    0.00843649    0.03367725    0.00000000 
Fr_paral         :   0.00000000   -0.00564818   -0.04348185    0.02755605   -0.00351720    0.04076706    0.00000000 
max(|Fsp_paral|) :   0.00000000    0.00423184    0.00306529    0.00769110    0.00997918    0.00131057    0.00000000 
max(|Fsp_perp|)  :   0.00000000    0.00000000    0.00000000    0.00000000    0.00000000    0.00000000    0.00000000 
max(|FNEB|)      :   0.00000000    0.00464693    0.01406625    0.01088281    0.01841568    0.03386887    0.00000000 
max(|Force|)     :   0.00011174    0.00675832    0.02447992    0.02047495    0.00981798    0.04628422    0.00016898 
ksp              :   0.04162143    0.10000000    0.10000000    0.09140926    0.09140926    0.03520032 
max(|step|)      :   0.00000000    0.04006732    0.04859786    0.10000000    0.06735938    0.05339164    0.00119806 
angle (deg.)     :    21.6122  87.2099  92.3792  44.1623  53.7479 
>
iteration       : 37
climbing        : no
zoom on         : no
nim             : 7
barrier         :   0.05546909 (image:  2) 
distance        :   0.00000000    8.79434646   12.47341475   16.15234225   20.40208969   24.19243273   34.11089364 
energy          : -2464.51768787  -2464.49927801  -2464.46221878  -2464.47309347  -2464.47206636  -2464.50466449  -2464.53043685 
max(|Fr_perp|)   :   0.00000000    0.00531698    0.03050692    0.01214145    0.00886307    0.01300444    0.00000000 
Fr_paral         :   0.00000000   -0.00602273   -0.04636494    0.03393788   -0.00267305    0.02650584    0.00000000 
max(|Fsp_paral|) :   0.00000000    0.00360086    0.00000484    0.00618400    0.01300061    0.00770519    0.00000000 
max(|Fsp_perp|)  :   0.00000000    0.00000000    0.00000000    0.00000000    0.00000000    0.00000000    0.00000000 
max(|FNEB|)      :   0.00000000    0.00410599    0.03088372    0.01229002    0.02188676    0.01177894    0.00000000 
max(|Force|)     :   0.00011174    0.00653166    0.03158079    0.02164763    0.00976572    0.02830512    0.00016898 
ksp              :   0.03984938    0.10000000    0.10000000    0.08397382    0.08397382    0.03112710 
max(|step|)      :   0.00000000    0.00604573    0.04547376    0.01809605    0.03222646    0.01734352    0.00000000 
angle (deg.)     :    21.7917  87.2271  92.0969  44.1629  53.7045 
>
iteration       : 38
climbing        : no
zoom on         : no
nim             : 7
barrier         :   0.05477275 (image:  2) 
distance        :   0.00000000    8.82240150   12.48033605   16.14584848   20.34176632   24.17091213   34.11354850 
energy          : -2464.51768787  -2464.49931508  -2464.46291512  -2464.47284176  -2464.47246922  -2464.50526870  -2464.53043685 
max(|Fr_perp|)   :   0.00000000    0.00522195    0.03289154    0.01049423    0.00894172    0.00760835    0.00000000 
Fr_paral         :   0.00000000   -0.00590397   -0.03722517    0.03746518   -0.00246741    0.02286593    0.00000000 
max(|Fsp_paral|) :   0.00000000    0.00231864    0.00043250    0.00718010    0.01006868    0.01647804    0.00000000 
max(|Fsp_perp|)  :   0.00000000    0.00000000    0.00000000    0.00000000    0.00000000    0.00000000    0.00000000 
max(|FNEB|)      :   0.00000000    0.00469935    0.03290803    0.01083333    0.01901040    0.01158139    0.00000000 
max(|Force|)     :   0.00011174    0.00640634    0.03208156    0.02442042    0.00974522    0.02329466    0.00016898 
ksp              :   0.04018931    0.10000000    0.10000000    0.08430117    0.08430117    0.03040660 
max(|step|)      :   0.00000000    0.00416572    0.01129935    0.01220206    0.02475905    0.01110603    0.00011459 
angle (deg.)     :    21.8648  87.1415  91.8305  44.2085  53.6463 
>
iteration       : 39
climbing        : no
zoom on         : no
nim             : 7
barrier         :   0.05403721 (image:  2) 
distance        :   0.00000000    8.84144124   12.48346270   16.13463598   20.28927807   24.13835679   34.10476474 
energy          : -2464.51768787  -2464.49937260  -2464.46365066  -2464.47257009  -2464.47279967  -2464.50517926  -2464.53043685 
max(|Fr_perp|)   :   0.00000000    0.00513490    0.02012238    0.00656534    0.00895142    0.00630454    0.00000000 
Fr_paral         :   0.00000000   -0.00585171   -0.03862804    0.03803233   -0.00226640    0.02234569    0.00000000 
max(|Fsp_paral|) :   0.00000000    0.00125170    0.00052357    0.00635863    0.00874146    0.01525259    0.00000000 
max(|Fsp_perp|)  :   0.00000000    0.00000000    0.00000000    0.00000000    0.00000000    0.00000000    0.00000000 
max(|FNEB|)      :   0.00000000    0.00400558    0.02013938    0.00977238    0.01769288    0.01082020    0.00000000 
max(|Force|)     :   0.00011174    0.00630500    0.02335338    0.02469234    0.00967214    0.02240986    0.00016898 
ksp              :   0.04050443    0.10000000    0.10000000    0.08514451    0.08476216    0.03083333 
max(|step|)      :   0.00000000    0.01929889    0.03750752    0.04919671    0.10000000    0.04234525    0.00084646 
angle (deg.)     :    22.3103  86.5651  90.4903  44.5633  53.5131 
>
iteration       : 40
climbing        : no
zoom on         : no
nim             : 7
barrier         :   0.05292216 (image:  2) 
distance        :   0.00000000    8.90124097   12.49721122   16.09011273   20.07570755   24.00077175   34.06668970 
energy          : -2464.51768787  -2464.49971594  -2464.46476571  -2464.47131980  -2464.47406880  -2464.50428989  -2464.53043685 
max(|Fr_perp|)   :   0.00000000    0.00485477    0.00717886    0.00468981    0.00859156    0.00767357    0.00000000 
Fr_paral         :   0.00000000   -0.00564244   -0.04053468    0.03974898   -0.00196408    0.02059768    0.00000000 
max(|Fsp_paral|) :   0.00000000    0.00030775    0.00018282    0.00294804    0.00732159    0.00028492    0.00000000 
max(|Fsp_perp|)  :   0.00000000    0.00000000    0.00000000    0.00000000    0.00000000    0.00000000    0.00000000 
max(|FNEB|)      :   0.00000000    0.00502149    0.00720237    0.00601715    0.01594764    0.00779072    0.00000000 
max(|Force|)     :   0.00011174    0.00580390    0.02351436    0.02568821    0.00920189    0.02024948    0.00016898 
ksp              :   0.04056445    0.10000000    0.10000000    0.08884466    0.08417886    0.03279360 
max(|step|)      :   0.00000000    0.01713967    0.02458359    0.02053812    0.05443348    0.02659176    0.00000000 
angle (deg.)     :    22.6216  86.0150  89.6682  44.8462  53.7069 
>
iteration       : 41
climbing        : no
zoom on         : no
nim             : 7
barrier         :   0.05289277 (image:  2) 
distance        :   0.00000000    8.90507674   12.49792468   16.07315640   19.96968609   23.97799732   34.07121712 
energy          : -2464.51768787  -2464.50010815  -2464.46479510  -2464.47114976  -2464.47476008  -2464.50460885  -2464.53043685 
max(|Fr_perp|)   :   0.00000000    0.00481196    0.01886682    0.00865022    0.00864042    0.00901868    0.00000000 
Fr_paral         :   0.00000000   -0.00554408   -0.04265914    0.03573680   -0.00181674    0.01199284    0.00000000 
max(|Fsp_paral|) :   0.00000000    0.00080557    0.00101827    0.00566572    0.00449315    0.00587990    0.00000000 
max(|Fsp_perp|)  :   0.00000000    0.00000000    0.00000000    0.00000000    0.00000000    0.00000000    0.00000000 
max(|FNEB|)      :   0.00000000    0.00437280    0.01888163    0.00869437    0.01313357    0.00956593    0.00000000 
max(|Force|)     :   0.00011174    0.00568913    0.02427299    0.02196483    0.00919746    0.01152432    0.00016898 
ksp              :   0.03991288    0.10000000    0.10000000    0.08918720    0.08304403    0.03225469 
max(|step|)      :   0.00000000    0.02735208    0.04101653    0.03321021    0.08570865    0.01920444    0.00063600 
angle (deg.)     :    23.1598  85.2129  88.1181  45.4165  53.9136 
>
iteration       : 42
climbing        : no
zoom on         : no
nim             : 7
barrier         :   0.05168997 (image:  2) 
distance        :   0.00000000    8.91967592   12.49911206   16.04063437   19.80589788   23.93039846   34.06749792 
energy          : -2464.51768787  -2464.50068868  -2464.46599791  -2464.47035386  -2464.47589739  -2464.50432384  -2464.53043685 
max(|Fr_perp|)   :   0.00000000    0.00477167    0.00892856    0.00677291    0.00837388    0.01555401    0.00000000 
Fr_paral         :   0.00000000   -0.00537778   -0.03889341    0.03481987   -0.00170260    0.00802109    0.00000000 
max(|Fsp_paral|) :   0.00000000    0.00100466    0.00219825    0.00352693    0.00198051    0.00330314    0.00000000 
max(|Fsp_perp|)  :   0.00000000    0.00000000    0.00000000    0.00000000    0.00000000    0.00000000    0.00000000 
max(|FNEB|)      :   0.00000000    0.00422328    0.00891131    0.00682126    0.01035439    0.01586929    0.00000000 
max(|Force|)     :   0.00011174    0.00541354    0.02325310    0.02092825    0.00888394    0.01507978    0.00016898 
ksp              :   0.03959816    0.10000000    0.10000000    0.09241562    0.08276350    0.03326880 
max(|step|)      :   0.00000000    0.03371113    0.05176960    0.03560854    0.10000000    0.01661747    0.00066028 
angle (deg.)     :    23.7142  84.2428  86.2112  46.2871  54.1949 
>
iteration       : 43
climbing        : no
zoom on         : no
nim             : 7
barrier         :   0.05044748 (image:  2) 
distance        :   0.00000000    8.94234661   12.49384320   16.00472888   19.62999518   23.88805467   34.07033226 
energy          : -2464.51768787  -2464.50135313  -2464.46724039  -2464.46956305  -2464.47722913  -2464.50486891  -2464.53043685 
max(|Fr_perp|)   :   0.00000000    0.00478175    0.01149598    0.00901483    0.00773081    0.01078281    0.00000000 
Fr_paral         :   0.00000000   -0.00516578   -0.03729847    0.03444997   -0.00164644    0.00986479    0.00000000 
max(|Fsp_paral|) :   0.00000000    0.00110313    0.00233981    0.00209881    0.00069946    0.01210940    0.00000000 
max(|Fsp_perp|)  :   0.00000000    0.00000000    0.00000000    0.00000000    0.00000000    0.00000000    0.00000000 
max(|FNEB|)      :   0.00000000    0.00417057    0.01181395    0.00921864    0.00701969    0.01206418    0.00000000 
max(|Force|)     :   0.00011174    0.00539437    0.02206779    0.02032595    0.00820193    0.01023903    0.00016898 
ksp              :   0.03913583    0.10000000    0.10000000    0.09583711    0.08216509    0.03287915 
max(|step|)      :   0.00000000    0.00840522    0.02380942    0.01857894    0.01414724    0.02431374    0.00000000 
angle (deg.)     :    23.7452  84.0766  85.7002  46.7299  54.3026 
>
iteration       : 44
climbing        : no
zoom on         : no
nim             : 7
barrier         :   0.05003903 (image:  2) 
distance        :   0.00000000    8.95616133   12.48338063   15.99466322   19.62014225   23.85946286   34.06250384 
energy          : -2464.51768787  -2464.50147608  -2464.46764884  -2464.46951055  -2464.47749409  -2464.50485341  -2464.53043685 
max(|Fr_perp|)   :   0.00000000    0.00468121    0.01725341    0.01000136    0.00775982    0.00762326    0.00000000 
Fr_paral         :   0.00000000   -0.00516399   -0.03404025    0.03947157   -0.00177030    0.02299960    0.00000000 
max(|Fsp_paral|) :   0.00000000    0.00043221    0.00092107    0.00041282    0.00044522    0.00911558    0.00000000 
max(|Fsp_perp|)  :   0.00000000    0.00000000    0.00000000    0.00000000    0.00000000    0.00000000    0.00000000 
max(|FNEB|)      :   0.00000000    0.00444133    0.01722704    0.01001078    0.00820504    0.00600435    0.00000000 
max(|Force|)     :   0.00011174    0.00529672    0.02117401    0.02350237    0.00827016    0.02306059    0.00016898 
ksp              :   0.03915846    0.10000000    0.10000000    0.09665154    0.08229237    0.03308402 
max(|step|)      :   0.00000000    0.00767428    0.01250335    0.00871782    0.01357159    0.01343595    0.00009138 
angle (deg.)     :    23.7555  83.8498  85.3355  47.1698  54.5320 
>
iteration       : 45
climbing        : no
zoom on         : no
nim             : 7
barrier         :   0.04935338 (image:  2) 
distance        :   0.00000000    8.96576670   12.47396898   15.98614223   19.60899551   23.83776187   34.06412078 
energy          : -2464.51768787  -2464.50159826  -2464.46833449  -2464.46955614  -2464.47775267  -2464.50439665  -2464.53043685 
max(|Fr_perp|)   :   0.00000000    0.00463730    0.00771082    0.00549205    0.00778797    0.01103258    0.00000000 
Fr_paral         :   0.00000000   -0.00514596   -0.03577012    0.04026190   -0.00175440    0.02686192    0.00000000 
max(|Fsp_paral|) :   0.00000000    0.00040874    0.00022894    0.00171823    0.00113677    0.00009839    0.00000000 
max(|Fsp_perp|)  :   0.00000000    0.00000000    0.00000000    0.00000000    0.00000000    0.00000000    0.00000000 
max(|FNEB|)      :   0.00000000    0.00486526    0.00771460    0.00545995    0.00892474    0.01101505    0.00000000 
max(|Force|)     :   0.00011174    0.00525478    0.02158675    0.02439133    0.00829082    0.02709240    0.00016898 
ksp              :   0.03934075    0.10000000    0.10000000    0.09777221    0.08282516    0.03423765 
max(|step|)      :   0.00000000    0.02666900    0.04142664    0.02360869    0.04749546    0.01924189    0.00017307 
angle (deg.)     :    23.9433  82.9681  84.3224  48.6166  55.5793 
>
iteration       : 46
climbing        : no
zoom on         : no
nim             : 7
barrier         :   0.04822548 (image:  2) 
distance        :   0.00000000    8.98587082   12.44519267   15.96591824   19.57183779   23.80666424   34.10051671 
energy          : -2464.51768787  -2464.50205405  -2464.46946239  -2464.46991527  -2464.47855821  -2464.50410935  -2464.53043685 
max(|Fr_perp|)   :   0.00000000    0.00461618    0.01095573    0.00889121    0.00769953    0.00810172    0.00000000 
Fr_paral         :   0.00000000   -0.00501980   -0.03948751    0.03967843   -0.00176758    0.02398705    0.00000000 
max(|Fsp_paral|) :   0.00000000    0.00132265    0.00353145    0.00314043    0.00167326    0.00994228    0.00000000 
max(|Fsp_perp|)  :   0.00000000    0.00000000    0.00000000    0.00000000    0.00000000    0.00000000    0.00000000 
max(|FNEB|)      :   0.00000000    0.00536348    0.01090539    0.00890915    0.00937279    0.01412612    0.00000000 
max(|Force|)     :   0.00011174    0.00523099    0.02386652    0.02448451    0.00819682    0.02373991    0.00016898 
ksp              :   0.03917636    0.10000000    0.10000000    0.09915482    0.08302509    0.03534069 
max(|step|)      :   0.00000000    0.04843951    0.07338156    0.04278765    0.08561462    0.03131822    0.00035420 
angle (deg.)     :    24.5357  81.2186  82.6071  51.0574  57.4315 
>
iteration       : 47
climbing        : no
zoom on         : no
nim             : 7
barrier         :   0.04712970 (image:  2) 
distance        :   0.00000000    9.01364124   12.39922630   15.92751318   19.50026884   23.77591458   34.17419875 
energy          : -2464.51768787  -2464.50286234  -2464.47055817  -2464.47079722  -2464.47990977  -2464.50377314  -2464.53043685 
max(|Fr_perp|)   :   0.00000000    0.00466291    0.02115058    0.01170655    0.00714775    0.01000004    0.00000000 
Fr_paral         :   0.00000000   -0.00477223   -0.04337900    0.03870920   -0.00186700    0.01439633    0.00000000 
max(|Fsp_paral|) :   0.00000000    0.00149788    0.00821026    0.00161862    0.00120606    0.02401878    0.00000000 
max(|Fsp_perp|)  :   0.00000000    0.00000000    0.00000000    0.00000000    0.00000000    0.00000000    0.00000000 
max(|FNEB|)      :   0.00000000    0.00552031    0.02101980    0.01170551    0.00835380    0.02554838    0.00000000 
max(|Force|)     :   0.00011174    0.00526775    0.02644549    0.02404404    0.00765550    0.01342231    0.00016898 
ksp              :   0.03831120    0.10000000    0.10000000    0.09954350    0.08214197    0.03657191 
max(|step|)      :   0.00000000    0.05852042    0.08561458    0.05107418    0.10000000    0.02559804    0.00051777 
angle (deg.)     :    25.6010  78.8586  80.5087  53.8072  59.5886 
>
iteration       : 48
climbing        : no
zoom on         : no
nim             : 7
barrier         :   0.04671026 (image:  2) 
distance        :   0.00000000    9.04587688   12.35514355   15.86329840   19.40508586   23.77817359   34.26444974 
energy          : -2464.51768787  -2464.50376241  -2464.47097761  -2464.47134225  -2464.48138405  -2464.50381145  -2464.53043685 
max(|Fr_perp|)   :   0.00000000    0.00459348    0.02500880    0.02199418    0.00613976    0.01831269    0.00000000 
Fr_paral         :   0.00000000   -0.00452139   -0.04717170    0.03657720   -0.00205630   -0.00100375    0.00000000 
max(|Fsp_paral|) :   0.00000000    0.00050678    0.01143212    0.00053274    0.00056843    0.02993164    0.00000000 
max(|Fsp_perp|)  :   0.00000000    0.00000000    0.00000000    0.00000000    0.00000000    0.00000000    0.00000000 
max(|FNEB|)      :   0.00000000    0.00488788    0.02518869    0.02234758    0.00669672    0.02805968    0.00000000 
max(|Force|)     :   0.00011174    0.00519223    0.02850247    0.02213703    0.00667462    0.01844832    0.00016898 
ksp              :   0.03682728    0.10000000    0.10000000    0.09930566    0.07993812    0.03675464 
max(|step|)      :   0.00000000    0.00782318    0.04031518    0.03576792    0.01071828    0.04491029    0.00000000 
angle (deg.)     :    26.1580  78.2929  80.3087  53.8439  59.7990 
>
iteration       : 49
climbing        : no
zoom on         : no
nim             : 7
barrier         :   0.04779077 (image:  2) 
distance        :   0.00000000    9.04544129   12.36168321   15.84115472   19.38019378   23.82324061   34.27375621 
energy          : -2464.51768787  -2464.50388167  -2464.46989710  -2464.47149174  -2464.48154261  -2464.50505154  -2464.53043685 
max(|Fr_perp|)   :   0.00000000    0.00433441    0.02659674    0.02297238    0.00676644    0.02130578    0.00000000 
Fr_paral         :   0.00000000   -0.00455280   -0.04043904    0.03991790   -0.00213987   -0.00556011    0.00000000 
max(|Fsp_paral|) :   0.00000000    0.00140465    0.00942785    0.00268128    0.00097606    0.00529031    0.00000000 
max(|Fsp_perp|)  :   0.00000000    0.00000000    0.00000000    0.00000000    0.00000000    0.00000000    0.00000000 
max(|FNEB|)      :   0.00000000    0.00354811    0.02677337    0.02310775    0.00664667    0.02029975    0.00000000 
max(|Force|)     :   0.00011174    0.00493217    0.02615914    0.02504342    0.00683785    0.02218948    0.00016898 
ksp              :   0.03599996    0.10000000    0.10000000    0.09699697    0.07806908    0.03379684 
max(|step|)      :   0.00000000    0.00456727    0.01392741    0.01041641    0.00659436    0.01988203    0.00001120 
angle (deg.)     :    26.4255  77.9082  80.1759  53.9202  59.8578 
>
iteration       : 50
climbing        : no
zoom on         : no
nim             : 7
barrier         :   0.04792041 (image:  2) 
distance        :   0.00000000    9.05058088   12.36496981   15.82230418   19.36484788   23.83342736   34.26812777 
energy          : -2464.51768787  -2464.50393580  -2464.46976746  -2464.47180498  -2464.48167601  -2464.50583626  -2464.53043685 
max(|Fr_perp|)   :   0.00000000    0.00425686    0.01152653    0.01178071    0.00627264    0.01472716    0.00000000 
Fr_paral         :   0.00000000   -0.00462280   -0.04347914    0.03855472   -0.00204095    0.00051339    0.00000000 
max(|Fsp_paral|) :   0.00000000    0.00170455    0.00827642    0.00289133    0.00170026    0.00860878    0.00000000 
max(|Fsp_perp|)  :   0.00000000    0.00000000    0.00000000    0.00000000    0.00000000    0.00000000    0.00000000 
max(|FNEB|)      :   0.00000000    0.00331467    0.01160925    0.01189906    0.00466306    0.01631353    0.00000000 
max(|Force|)     :   0.00011174    0.00486390    0.02530693    0.02284750    0.00680102    0.01464813    0.00016898 
ksp              :   0.03582797    0.10000000    0.10000000    0.09617330    0.07763439    0.03225868 
max(|step|)      :   0.00000000    0.01226170    0.03377809    0.01830359    0.01719381    0.05134958    0.00024675 
angle (deg.)     :    27.2003  76.9653  79.7565  54.3000  59.9879 
>
iteration       : 51
climbing        : no
zoom on         : no
nim             : 7
barrier         :   0.04972247 (image:  2) 
distance        :   0.00000000    9.07047858   12.37695976   15.77221465   19.33283456   23.82407678   34.24303745 
energy          : -2464.51768787  -2464.50406081  -2464.46796540  -2464.47167704  -2464.48197215  -2464.50627710  -2464.53043685 
max(|Fr_perp|)   :   0.00000000    0.00399775    0.00521981    0.00799433    0.00615551    0.00850256    0.00000000 
Fr_paral         :   0.00000000   -0.00475165   -0.04710426    0.03675058   -0.00202116    0.02190059    0.00000000 
max(|Fsp_paral|) :   0.00000000    0.00398624    0.00517130    0.00423704    0.00086298    0.01325502    0.00000000 
max(|Fsp_perp|)  :   0.00000000    0.00000000    0.00000000    0.00000000    0.00000000    0.00000000    0.00000000 
max(|FNEB|)      :   0.00000000    0.00359405    0.00664214    0.00787606    0.00535553    0.00966212    0.00000000 
max(|Force|)     :   0.00011174    0.00462243    0.02642435    0.02137422    0.00667417    0.02187894    0.00016898 
ksp              :   0.03466563    0.10000000    0.10000000    0.09328176    0.07464712    0.03065404 
max(|step|)      :   0.00000000    0.00775332    0.02325821    0.01148638    0.01517607    0.01286256    0.00013324 
angle (deg.)     :    27.7360  76.4063  79.3629  54.7520  60.2512 
>
iteration       : 52
climbing        : no
zoom on         : no
nim             : 7
barrier         :   0.05106730 (image:  2) 
distance        :   0.00000000    9.10179864   12.38774529   15.73465117   19.30804597   23.80456716   34.23231268 
energy          : -2464.51768787  -2464.50408348  -2464.46662057  -2464.47129768  -2464.48221412  -2464.50592927  -2464.53043685 
max(|Fr_perp|)   :   0.00000000    0.00389783    0.01005717    0.00748254    0.00603470    0.01428306    0.00000000 
Fr_paral         :   0.00000000   -0.00493344   -0.04838072    0.03835305   -0.00202303    0.02709415    0.00000000 
max(|Fsp_paral|) :   0.00000000    0.00487672    0.00355810    0.00390411    0.00050373    0.00477176    0.00000000 
max(|Fsp_perp|)  :   0.00000000    0.00000000    0.00000000    0.00000000    0.00000000    0.00000000    0.00000000 
max(|FNEB|)      :   0.00000000    0.00465563    0.01005658    0.00738377    0.00649430    0.01348098    0.00000000 
max(|Force|)     :   0.00011174    0.00454747    0.02679493    0.02250486    0.00654990    0.02768480    0.00016898 
ksp              :   0.03397612    0.10000000    0.10000000    0.09175716    0.07251825    0.03072312 
max(|step|)      :   0.00000000    0.03423925    0.10000000    0.05210434    0.07215178    0.03198524    0.00022938 
angle (deg.)     :    30.2405  74.1080  77.6072  56.7498  61.5966 
>
iteration       : 53
climbing        : no
zoom on         : no
nim             : 7
barrier         :   0.05685073 (image:  2) 
distance        :   0.00000000    9.25652009   12.44446468   15.58427360   19.20453318   23.75566661   34.22297808 
energy          : -2464.51768787  -2464.50406236  -2464.46083714  -2464.46928663  -2464.48329517  -2464.50478559  -2464.53043685 
max(|Fr_perp|)   :   0.00000000    0.00358384    0.01750820    0.00685691    0.00544476    0.02443256    0.00000000 
Fr_paral         :   0.00000000   -0.00584878   -0.05012590    0.04462245   -0.00198575    0.03554536    0.00000000 
max(|Fsp_paral|) :   0.00000000    0.00743519    0.00279398    0.00027522    0.00586346    0.02162641    0.00000000 
max(|Fsp_perp|)  :   0.00000000    0.00000000    0.00000000    0.00000000    0.00000000    0.00000000    0.00000000 
max(|FNEB|)      :   0.00000000    0.00777862    0.01774537    0.00697865    0.01042837    0.02919086    0.00000000 
max(|Force|)     :   0.00011174    0.00522649    0.02791208    0.02713794    0.00593015    0.03758854    0.00016898 
ksp              :   0.03156205    0.10000000    0.10000000    0.08660422    0.06443311    0.03047428 
max(|step|)      :   0.00000000    0.01676853    0.03825403    0.01504402    0.02248064    0.06292732    0.00000000 
angle (deg.)     :    30.2289  74.3045  77.7169  56.8175  62.0743 
>
iteration       : 54
climbing        : no
zoom on         : no
nim             : 7
barrier         :   0.05668117 (image:  2) 
distance        :   0.00000000    9.31226024   12.44800733   15.60002740   19.18242547   23.82659841   34.29499102 
energy          : -2464.51768787  -2464.50389503  -2464.46100670  -2464.46940291  -2464.48353005  -2464.50706272  -2464.53043685 
max(|Fr_perp|)   :   0.00000000    0.00361888    0.03451577    0.01152555    0.00588892    0.01372115    0.00000000 
Fr_paral         :   0.00000000   -0.00591513   -0.04372794    0.04434056   -0.00175962    0.00018069    0.00000000 
max(|Fsp_paral|) :   0.00000000    0.00465061    0.00095205    0.00269474    0.00356035    0.01435792    0.00000000 
max(|Fsp_perp|)  :   0.00000000    0.00000000    0.00000000    0.00000000    0.00000000    0.00000000    0.00000000 
max(|FNEB|)      :   0.00000000    0.00422342    0.03457131    0.01153962    0.00877111    0.01643266    0.00000000 
max(|Force|)     :   0.00011174    0.00440165    0.03302318    0.02701457    0.00623100    0.01369474    0.00016898 
ksp              :   0.03190067    0.10000000    0.10000000    0.08666826    0.06423677    0.02687092 
max(|step|)      :   0.00000000    0.00547744    0.02391681    0.00760456    0.00982950    0.00539520    0.00000029 
angle (deg.)     :    30.2092  74.2507  77.7391  56.7962  61.9822 
>
iteration       : 55
climbing        : no
zoom on         : no
nim             : 7
barrier         :   0.05553006 (image:  2) 
distance        :   0.00000000    9.33294959   12.44988428   15.59889230   19.16956585   23.82219328   34.29463878 
energy          : -2464.51768787  -2464.50384965  -2464.46215781  -2464.46945082  -2464.48366861  -2464.50722827  -2464.53043685 
max(|Fr_perp|)   :   0.00000000    0.00363929    0.00410210    0.00389163    0.00580446    0.00927437    0.00000000 
Fr_paral         :   0.00000000   -0.00592585   -0.04745441    0.04315774   -0.00158644    0.00481602    0.00000000 
max(|Fsp_paral|) :   0.00000000    0.00256275    0.00187375    0.00002233    0.00347986    0.01752278    0.00000000 
max(|Fsp_perp|)  :   0.00000000    0.00000000    0.00000000    0.00000000    0.00000000    0.00000000    0.00000000 
max(|FNEB|)      :   0.00000000    0.00244144    0.00418343    0.00389117    0.00867998    0.01859231    0.00000000 
max(|Force|)     :   0.00011174    0.00442427    0.02717212    0.02591462    0.00619087    0.00857657    0.00016898 
ksp              :   0.03242821    0.10000000    0.10000000    0.08817990    0.06513651    0.02695234 
max(|step|)      :   0.00000000    0.00768151    0.01370361    0.00795978    0.01877166    0.01692789    0.00011991 
angle (deg.)     :    30.3214  74.1875  77.8103  56.7595  61.7904 
>
iteration       : 56
climbing        : no
zoom on         : no
nim             : 7
barrier         :   0.05550997 (image:  2) 
distance        :   0.00000000    9.36434994   12.45793083   15.60386933   19.15133734   23.81131908   34.29673833 
energy          : -2464.51768787  -2464.50381346  -2464.46217790  -2464.46950892  -2464.48387877  -2464.50714160  -2464.53043685 
max(|Fr_perp|)   :   0.00000000    0.00368616    0.00986715    0.00523283    0.00573976    0.00250253    0.00000000 
Fr_paral         :   0.00000000   -0.00588394   -0.04917187    0.04170916   -0.00145531    0.01393866    0.00000000 
max(|Fsp_paral|) :   0.00000000    0.00145191    0.00305659    0.00114574    0.00313449    0.01506019    0.00000000 
max(|Fsp_perp|)  :   0.00000000    0.00000000    0.00000000    0.00000000    0.00000000    0.00000000    0.00000000 
max(|FNEB|)      :   0.00000000    0.00301465    0.00975492    0.00521183    0.00829200    0.01394272    0.00000000 
max(|Force|)     :   0.00011174    0.00446647    0.02700212    0.02479065    0.00609211    0.01284756    0.00016898 
ksp              :   0.03249500    0.10000000    0.10000000    0.08811399    0.06481573    0.02709900 
max(|step|)      :   0.00000000    0.02035838    0.02234783    0.02410165    0.05602737    0.04062845    0.00040313 
angle (deg.)     :    30.8150  74.0616  77.8581  56.7968  61.4267 
>
iteration       : 57
climbing        : no
zoom on         : no
nim             : 7
barrier         :   0.05592908 (image:  2) 
distance        :   0.00000000    9.45295141   12.48820735   15.61457767   19.09556071   23.78336338   34.31417150 
energy          : -2464.51768787  -2464.50371798  -2464.46175879  -2464.46934994  -2464.48449336  -2464.50596105  -2464.53043685 
max(|Fr_perp|)   :   0.00000000    0.00376984    0.02440014    0.00782302    0.00545642    0.01190823    0.00000000 
Fr_paral         :   0.00000000   -0.00576191   -0.05076501    0.04011193   -0.00117364    0.02640882    0.00000000 
max(|Fsp_paral|) :   0.00000000    0.00104126    0.00530788    0.00401512    0.00252939    0.00566809    0.00000000 
max(|Fsp_perp|)  :   0.00000000    0.00000000    0.00000000    0.00000000    0.00000000    0.00000000    0.00000000 
max(|FNEB|)      :   0.00000000    0.00423616    0.02423585    0.00778271    0.00742697    0.01286268    0.00000000 
max(|Force|)     :   0.00011174    0.00453599    0.02841456    0.02333018    0.00573524    0.02654145    0.00016898 
ksp              :   0.03248008    0.10000000    0.10000000    0.08778447    0.06341597    0.02887058 
max(|step|)      :   0.00000000    0.01872300    0.02960776    0.02859829    0.06520104    0.01247342    0.00066150 
angle (deg.)     :    31.6418  73.9191  77.6463  57.0205  61.3803 
>
iteration       : 58
climbing        : no
zoom on         : no
nim             : 7
barrier         :   0.05630350 (image:  2) 
distance        :   0.00000000    9.54099054   12.53355114   15.61733673   19.02606699   23.79100975   34.36100531 
energy          : -2464.51768787  -2464.50370281  -2464.46138437  -2464.46866908  -2464.48521041  -2464.50586563  -2464.53043685 
max(|Fr_perp|)   :   0.00000000    0.00377574    0.02382506    0.00890398    0.00507919    0.00917494    0.00000000 
Fr_paral         :   0.00000000   -0.00564673   -0.05035963    0.04028922   -0.00093377    0.02345451    0.00000000 
max(|Fsp_paral|) :   0.00000000    0.00291887    0.00529427    0.00408396    0.00193677    0.00874725    0.00000000 
max(|Fsp_perp|)  :   0.00000000    0.00000000    0.00000000    0.00000000    0.00000000    0.00000000    0.00000000 
max(|FNEB|)      :   0.00000000    0.00503372    0.02366749    0.00886495    0.00650770    0.01247664    0.00000000 
max(|Force|)     :   0.00011174    0.00452813    0.02835801    0.02299255    0.00529570    0.02340293    0.00016898 
ksp              :   0.03235484    0.10000000    0.10000000    0.08835554    0.06191456    0.02889762 
max(|step|)      :   0.00000000    0.03687171    0.04918592    0.04527913    0.10000000    0.01784061    0.00087543 
angle (deg.)     :    33.2693  73.6229  76.9447  57.5065  61.3134 
>
iteration       : 59
climbing        : no
zoom on         : no
nim             : 7
barrier         :   0.05714581 (image:  2) 
distance        :   0.00000000    9.63671607   12.61324495   15.61778211   18.92503651   23.81924880   34.43585780 
energy          : -2464.51768787  -2464.50401694  -2464.46054206  -2464.46736955  -2464.48637076  -2464.50582074  -2464.53043685 
max(|Fr_perp|)   :   0.00000000    0.00364296    0.02086335    0.01173428    0.00504341    0.01287791    0.00000000 
Fr_paral         :   0.00000000   -0.00540667   -0.04932038    0.04375414   -0.00071143    0.02788839    0.00000000 
max(|Fsp_paral|) :   0.00000000    0.00201259    0.00159489    0.00301518    0.00158366    0.01219912    0.00000000 
max(|Fsp_perp|)  :   0.00000000    0.00000000    0.00000000    0.00000000    0.00000000    0.00000000    0.00000000 
max(|FNEB|)      :   0.00000000    0.00446633    0.02126190    0.01206224    0.00611623    0.01697941    0.00000000 
max(|Force|)     :   0.00011174    0.00436479    0.02762755    0.02465125    0.00520108    0.02823341    0.00016898 
ksp              :   0.03152702    0.10000000    0.10000000    0.08922651    0.05930853    0.02871710 
max(|step|)      :   0.00000000    0.00562327    0.02676951    0.01518680    0.00770056    0.02137769    0.00000000 
angle (deg.)     :    33.4776  73.6560  76.7296  57.7133  61.5848 
>
iteration       : 60
climbing        : no
zoom on         : no
nim             : 7
barrier         :   0.05692310 (image:  2) 
distance        :   0.00000000    9.63303917   12.62134456   15.61604909   18.91920450   23.84282748   34.46253204 
energy          : -2464.51768787  -2464.50413929  -2464.46076477  -2464.46724951  -2464.48647688  -2464.50671129  -2464.53043685 
max(|Fr_perp|)   :   0.00000000    0.00356005    0.01107860    0.00628414    0.00508562    0.00336959    0.00000000 
Fr_paral         :   0.00000000   -0.00559173   -0.04552792    0.04253508   -0.00070698    0.01534195    0.00000000 
max(|Fsp_paral|) :   0.00000000    0.00126266    0.00036818    0.00169907    0.00141097    0.00142536    0.00000000 
max(|Fsp_perp|)  :   0.00000000    0.00000000    0.00000000    0.00000000    0.00000000    0.00000000    0.00000000 
max(|FNEB|)      :   0.00000000    0.00407362    0.01107180    0.00623782    0.00602634    0.00333730    0.00000000 
max(|Force|)     :   0.00011174    0.00430538    0.02556478    0.02382266    0.00524226    0.01441128    0.00016898 
ksp              :   0.03142139    0.10000000    0.10000000    0.08974711    0.05934709    0.02735485 
max(|step|)      :   0.00000000    0.00397921    0.00647944    0.00313151    0.00580776    0.00372979    0.00001031 
angle (deg.)     :    33.5588  73.6301  76.6091  57.8166  61.6564 
>
iteration       : 61
climbing        : no
zoom on         : no
nim             : 7
barrier         :   0.05677796 (image:  2) 
distance        :   0.00000000    9.63190136   12.62431597   15.61474185   18.91439929   23.84710805   34.47074845 
energy          : -2464.51768787  -2464.50421780  -2464.46090991  -2464.46719470  -2464.48655775  -2464.50677696  -2464.53043685 
max(|Fr_perp|)   :   0.00000000    0.00352587    0.00376820    0.00328686    0.00509112    0.00227743    0.00000000 
Fr_paral         :   0.00000000   -0.00559295   -0.04619934    0.04338497   -0.00073814    0.01349015    0.00000000 
max(|Fsp_paral|) :   0.00000000    0.00089749    0.00011432    0.00109458    0.00145356    0.00231019    0.00000000 
max(|Fsp_perp|)  :   0.00000000    0.00000000    0.00000000    0.00000000    0.00000000    0.00000000    0.00000000 
max(|FNEB|)      :   0.00000000    0.00389061    0.00377048    0.00326401    0.00605491    0.00228813    0.00000000 
max(|Force|)     :   0.00011174    0.00427171    0.02564107    0.02440163    0.00525421    0.01240899    0.00016898 
ksp              :   0.03135171    0.10000000    0.10000000    0.09003783    0.05934504    0.02729512 
max(|step|)      :   0.00000000    0.01850821    0.01608368    0.01495955    0.02780292    0.01463364    0.00025427 
angle (deg.)     :    33.9583  73.5418  76.0900  58.2826  61.9372 
>
iteration       : 62
climbing        : no
zoom on         : no
nim             : 7
barrier         :   0.05663056 (image:  2) 
distance        :   0.00000000    9.62916720   12.63810401   15.61355528   18.89659278   23.86918660   34.51088890 
energy          : -2464.51768787  -2464.50453639  -2464.46105731  -2464.46685631  -2464.48693797  -2464.50684012  -2464.53043685 
max(|Fr_perp|)   :   0.00000000    0.00339657    0.00870830    0.00529411    0.00506198    0.00662013    0.00000000 
Fr_paral         :   0.00000000   -0.00557161   -0.04683163    0.04550785   -0.00086970    0.00843771    0.00000000 
max(|Fsp_paral|) :   0.00000000    0.00110270    0.00191889    0.00028071    0.00179653    0.00239337    0.00000000 
max(|Fsp_perp|)  :   0.00000000    0.00000000    0.00000000    0.00000000    0.00000000    0.00000000    0.00000000 
max(|FNEB|)      :   0.00000000    0.00294996    0.00866236    0.00528694    0.00622028    0.00702785    0.00000000 
max(|Force|)     :   0.00011174    0.00414088    0.02572319    0.02602303    0.00525154    0.00696398    0.00016898 
ksp              :   0.03090096    0.10000000    0.10000000    0.09078395    0.05886922    0.02723977 
max(|step|)      :   0.00000000    0.03199185    0.02935135    0.02742315    0.05130376    0.01868821    0.00037684 
angle (deg.)     :    34.6078  73.4059  75.2423  59.0695  62.3461 
>
iteration       : 63
climbing        : no
zoom on         : no
nim             : 7
barrier         :   0.05625612 (image:  2) 
distance        :   0.00000000    9.63500323   12.65896505   15.61797755   18.86959893   23.91474215   34.58545253 
energy          : -2464.51768787  -2464.50498912  -2464.46143175  -2464.46637382  -2464.48762106  -2464.50681475  -2464.53043685 
max(|Fr_perp|)   :   0.00000000    0.00323945    0.01804533    0.00915230    0.00484326    0.00861973    0.00000000 
Fr_paral         :   0.00000000   -0.00552174   -0.04649753    0.04740328   -0.00106310    0.00576601    0.00000000 
max(|Fsp_paral|) :   0.00000000    0.00342792    0.00369943    0.00197147    0.00219633    0.00067615    0.00000000 
max(|Fsp_perp|)  :   0.00000000    0.00000000    0.00000000    0.00000000    0.00000000    0.00000000    0.00000000 
max(|FNEB|)      :   0.00000000    0.00349333    0.01793820    0.00910188    0.00618566    0.00873369    0.00000000 
max(|Force|)     :   0.00011174    0.00397929    0.02533413    0.02757060    0.00506899    0.00780450    0.00016898 
ksp              :   0.03031579    0.10000000    0.10000000    0.09209355    0.05810166    0.02739510 
max(|step|)      :   0.00000000    0.05950155    0.05681818    0.05372995    0.10000000    0.02563139    0.00066816 
angle (deg.)     :    35.7467  73.1306  73.7747  60.5478  63.0791 
>
iteration       : 64
climbing        : no
zoom on         : no
nim             : 7
barrier         :   0.05510027 (image:  2) 
distance        :   0.00000000    9.66296383   12.69312598   15.63735859   18.82739781   24.01986418   34.74253374 
energy          : -2464.51768787  -2464.50565556  -2464.46258760  -2464.46575189  -2464.48891096  -2464.50679253  -2464.53043685 
max(|Fr_perp|)   :   0.00000000    0.00528656    0.02644222    0.01256264    0.00395646    0.01109959    0.00000000 
Fr_paral         :   0.00000000   -0.00525439   -0.04518709    0.04924269   -0.00137955    0.00328554    0.00000000 
max(|Fsp_paral|) :   0.00000000    0.00559429    0.00478947    0.00438141    0.00239953    0.00190775    0.00000000 
max(|Fsp_perp|)  :   0.00000000    0.00000000    0.00000000    0.00000000    0.00000000    0.00000000    0.00000000 
max(|FNEB|)      :   0.00000000    0.00633995    0.02667509    0.01297749    0.00527487    0.01108522    0.00000000 
max(|Force|)     :   0.00011174    0.00518042    0.02594151    0.02875124    0.00423050    0.01105743    0.00016898 
ksp              :   0.02964258    0.10000000    0.10000000    0.09480432    0.05697673    0.02780411 
max(|step|)      :   0.00000000    0.00822852    0.03462115    0.01684327    0.00684617    0.01438732    0.00000000 
angle (deg.)     :    35.6677  73.0385  73.9489  60.5377  63.0377 
>
iteration       : 65
climbing        : no
zoom on         : no
nim             : 7
barrier         :   0.05395607 (image:  2) 
distance        :   0.00000000    9.68341152   12.68434004   15.64991344   18.83160843   24.03799984   34.75709168 
energy          : -2464.51768787  -2464.50565459  -2464.46373180  -2464.46641766  -2464.48901515  -2464.50746211  -2464.53043685 
max(|Fr_perp|)   :   0.00000000    0.00337336    0.01618249    0.01123173    0.00426917    0.00666393    0.00000000 
Fr_paral         :   0.00000000   -0.00538322   -0.04167393    0.04477454   -0.00118111    0.01010721    0.00000000 
max(|Fsp_paral|) :   0.00000000    0.00301499    0.00198113    0.00404711    0.00104681    0.00926017    0.00000000 
max(|Fsp_perp|)  :   0.00000000    0.00000000    0.00000000    0.00000000    0.00000000    0.00000000    0.00000000 
max(|FNEB|)      :   0.00000000    0.00406780    0.01610514    0.01136717    0.00483914    0.00910187    0.00000000 
max(|Force|)     :   0.00011174    0.00508326    0.02498462    0.02511437    0.00450568    0.00863276    0.00016898 
ksp              :   0.03007180    0.10000000    0.10000000    0.09551994    0.05782678    0.02705682 
max(|step|)      :   0.00000000    0.00501982    0.00696204    0.00553908    0.00534717    0.00866895    0.00001352 
angle (deg.)     :    35.6124  72.8909  74.0618  60.5669  63.0099 
>
iteration       : 66
climbing        : no
zoom on         : no
nim             : 7
barrier         :   0.05344404 (image:  2) 
distance        :   0.00000000    9.69547024   12.67793039   15.65658414   18.83290140   24.03894169   34.76238311 
energy          : -2464.51768787  -2464.50566772  -2464.46424383  -2464.46691270  -2464.48909615  -2464.50752858  -2464.53043685 
max(|Fr_perp|)   :   0.00000000    0.00304844    0.00948458    0.00633164    0.00436337    0.00401742    0.00000000 
Fr_paral         :   0.00000000   -0.00523007   -0.04287608    0.04424908   -0.00112200    0.01499286    0.00000000 
max(|Fsp_paral|) :   0.00000000    0.00171268    0.00021331    0.00302074    0.00023280    0.01008301    0.00000000 
max(|Fsp_perp|)  :   0.00000000    0.00000000    0.00000000    0.00000000    0.00000000    0.00000000    0.00000000 
max(|FNEB|)      :   0.00000000    0.00237083    0.00947640    0.00642964    0.00448967    0.00865928    0.00000000 
max(|Force|)     :   0.00011174    0.00395566    0.02484854    0.02475217    0.00458748    0.01399033    0.00016898 
ksp              :   0.03024199    0.10000000    0.10000000    0.09550562    0.05814858    0.02710829 
max(|step|)      :   0.00000000    0.01344797    0.01784990    0.01791835    0.02195281    0.03293183    0.00013181 
angle (deg.)     :    35.6457  72.2399  74.3602  60.9052  63.0650 
>
iteration       : 67
climbing        : no
zoom on         : no
nim             : 7
barrier         :   0.05268445 (image:  2) 
distance        :   0.00000000    9.73320286   12.66157921   15.67581415   18.84015787   24.03146707   34.78772194 
energy          : -2464.51768787  -2464.50567487  -2464.46500342  -2464.46837578  -2464.48942607  -2464.50674782  -2464.53043685 
max(|Fr_perp|)   :   0.00000000    0.00312110    0.00580865    0.00314275    0.00443372    0.01204166    0.00000000 
Fr_paral         :   0.00000000   -0.00468200   -0.04694304    0.04216789   -0.00108140    0.02513147    0.00000000 
max(|Fsp_paral|) :   0.00000000    0.00146272    0.00483350    0.00177219    0.00160530    0.00506241    0.00000000 
max(|Fsp_perp|)  :   0.00000000    0.00000000    0.00000000    0.00000000    0.00000000    0.00000000    0.00000000 
max(|FNEB|)      :   0.00000000    0.00369019    0.00620528    0.00311396    0.00418971    0.01284625    0.00000000 
max(|Force|)     :   0.00011174    0.00375018    0.02647570    0.02330906    0.00464726    0.02533100    0.00016898 
ksp              :   0.03052162    0.10000000    0.10000000    0.09423906    0.05827919    0.02868872 
max(|step|)      :   0.00000000    0.00760348    0.00941145    0.00855547    0.01089058    0.01465205    0.00001974 
angle (deg.)     :    35.8988  71.8979  74.2436  61.2523  63.3641 
>
iteration       : 68
climbing        : no
zoom on         : no
nim             : 7
barrier         :   0.05296525 (image:  2) 
distance        :   0.00000000    9.74186597   12.66444428   15.67219221   18.83974127   24.04582053   34.81443912 
energy          : -2464.51768787  -2464.50572326  -2464.46472262  -2464.46858160  -2464.48959707  -2464.50709549  -2464.53043685 
max(|Fr_perp|)   :   0.00000000    0.00362716    0.00668845    0.00615283    0.00427283    0.00431428    0.00000000 
Fr_paral         :   0.00000000   -0.00444093   -0.04794573    0.04295149   -0.00115303    0.01791198    0.00000000 
max(|Fsp_paral|) :   0.00000000    0.00112163    0.00480725    0.00263794    0.00169642    0.00079622    0.00000000 
max(|Fsp_perp|)  :   0.00000000    0.00000000    0.00000000    0.00000000    0.00000000    0.00000000    0.00000000 
max(|FNEB|)      :   0.00000000    0.00356207    0.00655745    0.00623733    0.00424368    0.00433418    0.00000000 
max(|Force|)     :   0.00011174    0.00372585    0.02695950    0.02375362    0.00449889    0.01728819    0.00016898 
ksp              :   0.03033060    0.10000000    0.10000000    0.09344272    0.05773266    0.02799886 
max(|step|)      :   0.00000000    0.03355835    0.04061979    0.03727234    0.04610645    0.03534315    0.00074503 
angle (deg.)     :    37.1035  70.5852  73.5799  62.7362  64.4721 
>
iteration       : 69
climbing        : no
zoom on         : no
nim             : 7
barrier         :   0.05445515 (image:  2) 
distance        :   0.00000000    9.77694605   12.68591795   15.64876124   18.83977392   24.09642708   34.91440432 
energy          : -2464.51768787  -2464.50599661  -2464.46323273  -2464.46905427  -2464.49030760  -2464.50678507  -2464.53043685 
max(|Fr_perp|)   :   0.00000000    0.00301341    0.00604052    0.00611743    0.00355298    0.01863979    0.00000000 
Fr_paral         :   0.00000000   -0.00418826   -0.05053767    0.04472452   -0.00148805   -0.00294695    0.00000000 
max(|Fsp_paral|) :   0.00000000    0.00151948    0.00306683    0.00434225    0.00076846    0.01069010    0.00000000 
max(|Fsp_perp|)  :   0.00000000    0.00000000    0.00000000    0.00000000    0.00000000    0.00000000    0.00000000 
max(|FNEB|)      :   0.00000000    0.00265056    0.00664500    0.00626718    0.00316522    0.01682808    0.00000000 
max(|Force|)     :   0.00011174    0.00356714    0.02795653    0.02604697    0.00383534    0.01906114    0.00016898 
ksp              :   0.02932258    0.10000000    0.10000000    0.09037853    0.05525237    0.02801945 
max(|step|)      :   0.00000000    0.04901654    0.05934543    0.05513599    0.06640489    0.05075372    0.00079070 
angle (deg.)     :    38.9933  69.0160  72.3822  64.7995  66.0648 
>
iteration       : 70
climbing        : no
zoom on         : no
nim             : 7
barrier         :   0.05693414 (image:  2) 
distance        :   0.00000000    9.83076404   12.73252379   15.60901025   18.84444417   24.21670191   35.07696272 
energy          : -2464.51768787  -2464.50633686  -2464.46075373  -2464.46887470  -2464.49126519  -2464.50490498  -2464.53043685 
max(|Fr_perp|)   :   0.00000000    0.00371077    0.00491933    0.00610577    0.00290080    0.04911464    0.00000000 
Fr_paral         :   0.00000000   -0.00415254   -0.05128953    0.04772409   -0.00200693   -0.03381458    0.00000000 
max(|Fsp_paral|) :   0.00000000    0.00583577    0.00144833    0.00310019    0.00150196    0.04231626    0.00000000 
max(|Fsp_perp|)  :   0.00000000    0.00000000    0.00000000    0.00000000    0.00000000    0.00000000    0.00000000 
max(|FNEB|)      :   0.00000000    0.00636353    0.00483861    0.00764584    0.00338199    0.04339520    0.00000000 
max(|Force|)     :   0.00011174    0.00361038    0.02755480    0.02954644    0.00314866    0.05405145    0.00016898 
ksp              :   0.02794339    0.10000000    0.10000000    0.08716258    0.05176828    0.03020686 
max(|step|)      :   0.00000000    0.07411398    0.08979089    0.08371629    0.10000000    0.09459313    0.00078417 
angle (deg.)     :    41.9559  67.0001  70.4270  67.7379  68.4053 
>
iteration       : 71
climbing        : no
zoom on         : no
nim             : 7
barrier         :   0.06168602 (image:  2) 
distance        :   0.00000000    9.91434351   12.81852771   15.55805851   18.86781227   24.44670448   35.35538288 
energy          : -2464.51768787  -2464.50665102  -2464.45600185  -2464.46791639  -2464.49249497  -2464.49708356  -2464.53043685 
max(|Fr_perp|)   :   0.00000000    0.01102135    0.02562783    0.01134780    0.00404236    0.10716922    0.00000000 
Fr_paral         :   0.00000000   -0.00437109   -0.05101156    0.05187817   -0.00304779   -0.09442256    0.00000000 
max(|Fsp_paral|) :   0.00000000    0.01265567    0.00948846    0.00029937    0.00501842    0.15017044    0.00000000 
max(|Fsp_perp|)  :   0.00000000    0.00000000    0.00000000    0.00000000    0.00000000    0.00000000    0.00000000 
max(|FNEB|)      :   0.00000000    0.01196718    0.02511724    0.01152381    0.00568635    0.12722226    0.00000000 
max(|Force|)     :   0.00011174    0.01095400    0.02805236    0.03456173    0.00444466    0.12115029    0.00016898 
ksp              :   0.02610164    0.10000000    0.10000000    0.08260885    0.04675156    0.04009481 
max(|step|)      :   0.00000000    0.00940652    0.01974280    0.00905801    0.00446962    0.10000000    0.00000000 
angle (deg.)     :    41.7246  67.1985  70.6446  67.4597  68.6750 
>
iteration       : 72
climbing        : no
zoom on         : no
nim             : 7
barrier         :   0.06036478 (image:  2) 
distance        :   0.00000000    9.93390219   12.80901862   15.56180063   18.86670545   24.59083897   35.41990188 
energy          : -2464.51768787  -2464.50668189  -2464.45732309  -2464.46829303  -2464.49259034  -2464.50187911  -2464.53043685 
max(|Fr_perp|)   :   0.00000000    0.00277404    0.00644864    0.00748540    0.00331436    0.08937406    0.00000000 
Fr_paral         :   0.00000000   -0.00514307   -0.05179762    0.04961474   -0.00267581   -0.07379231    0.00000000 
max(|Fsp_paral|) :   0.00000000    0.01004923    0.00704211    0.00063362    0.00201300    0.07800712    0.00000000 
max(|Fsp_perp|)  :   0.00000000    0.00000000    0.00000000    0.00000000    0.00000000    0.00000000    0.00000000 
max(|FNEB|)      :   0.00000000    0.00919538    0.00921891    0.00715361    0.00396493    0.09085049    0.00000000 
max(|Force|)     :   0.00011174    0.00466597    0.02713606    0.03090879    0.00366213    0.09911578    0.00016898 
ksp              :   0.02640921    0.10000000    0.10000000    0.08364452    0.04741880    0.03356985 
max(|step|)      :   0.00000000    0.01069346    0.01064996    0.00716497    0.00418675    0.10000000    0.00068986 
angle (deg.)     :    41.5579  67.4661  70.8976  67.2232  68.6824 
>
iteration       : 73
climbing        : no
zoom on         : no
nim             : 7
barrier         :   0.05956703 (image:  2) 
distance        :   0.00000000    9.95721240   12.80357897   15.57271376   18.87862433   24.69165552   35.45787683 
energy          : -2464.51768787  -2464.50656296  -2464.45812084  -2464.46865169  -2464.49266725  -2464.51054125  -2464.53043685 
max(|Fr_perp|)   :   0.00000000    0.00567151    0.01132321    0.00473651    0.00276104    0.02551388    0.00000000 
Fr_paral         :   0.00000000   -0.00520742   -0.04997484    0.04773545   -0.00246992   -0.01231553    0.00000000 
max(|Fsp_paral|) :   0.00000000    0.00706358    0.00441550    0.00056731    0.00005877    0.04502112    0.00000000 
max(|Fsp_perp|)  :   0.00000000    0.00000000    0.00000000    0.00000000    0.00000000    0.00000000    0.00000000 
max(|FNEB|)      :   0.00000000    0.00625641    0.01124492    0.00446806    0.00277907    0.05151917    0.00000000 
max(|Force|)     :   0.00011174    0.00561062    0.02708667    0.02822900    0.00308619    0.02743376    0.00016898 
ksp              :   0.02680607    0.10000000    0.10000000    0.08408045    0.04779847    0.02083768 
max(|step|)      :   0.00000000    0.01214385    0.02182667    0.00867261    0.00539424    0.10000000    0.00000000 
angle (deg.)     :    41.3216  67.8050  71.2825  67.2121  68.0430 
>
iteration       : 74
climbing        : no
zoom on         : no
nim             : 7
barrier         :   0.05869543 (image:  2) 
distance        :   0.00000000    9.98682829   12.79778252   15.58556497   18.89763739   24.61358727   35.40457889 
energy          : -2464.51768787  -2464.50638767  -2464.45899244  -2464.46893349  -2464.49276272  -2464.50905526  -2464.53043685 
max(|Fr_perp|)   :   0.00000000    0.00813455    0.01155840    0.00309699    0.00252629    0.02479072    0.00000000 
Fr_paral         :   0.00000000   -0.00600141   -0.05053258    0.04514082   -0.00231353    0.03086448    0.00000000 
max(|Fsp_paral|) :   0.00000000    0.00326801    0.00132740    0.00105755    0.00207633    0.02087407    0.00000000 
max(|Fsp_perp|)  :   0.00000000    0.00000000    0.00000000    0.00000000    0.00000000    0.00000000    0.00000000 
max(|FNEB|)      :   0.00000000    0.00753668    0.01161498    0.00310665    0.00336396    0.02865654    0.00000000 
max(|Force|)     :   0.00011174    0.00857292    0.02681283    0.02481936    0.00290587    0.03506941    0.00016898 
ksp              :   0.02732704    0.10000000    0.10000000    0.08475700    0.04821871    0.02323672 
max(|step|)      :   0.00000000    0.00894243    0.00915852    0.00606127    0.00530150    0.05050422    0.00020634 
angle (deg.)     :    41.2604  68.0765  71.5794  67.2886  67.7804 
>
iteration       : 75
climbing        : no
zoom on         : no
nim             : 7
barrier         :   0.05799220 (image:  2) 
distance        :   0.00000000   10.00776468   12.80028671   15.60117680   18.91116512   24.56943693   35.39026213 
energy          : -2464.51768787  -2464.50639039  -2464.45969568  -2464.46915443  -2464.49286263  -2464.50794956  -2464.53043685 
max(|Fr_perp|)   :   0.00000000    0.00188361    0.00251434    0.00292872    0.00286775    0.02966615    0.00000000 
Fr_paral         :   0.00000000   -0.00568405   -0.04900689    0.04406196   -0.00212715    0.03533489    0.00000000 
max(|Fsp_paral|) :   0.00000000    0.00148502    0.00047803    0.00125986    0.00319417    0.00238026    0.00000000 
max(|Fsp_perp|)  :   0.00000000    0.00000000    0.00000000    0.00000000    0.00000000    0.00000000    0.00000000 
max(|FNEB|)      :   0.00000000    0.00143357    0.00249230    0.00294109    0.00414601    0.02936358    0.00000000 
max(|Force|)     :   0.00011174    0.00406310    0.02612377    0.02401949    0.00321498    0.03999472    0.00016898 
ksp              :   0.02753293    0.10000000    0.10000000    0.08532065    0.04852711    0.02511322 
max(|step|)      :   0.00000000    0.01384487    0.01408160    0.01585723    0.01758997    0.08227388    0.00101072 
angle (deg.)     :    41.2237  68.6101  72.3259  67.4938  67.5883 
>
iteration       : 76
climbing        : no
zoom on         : no
nim             : 7
barrier         :   0.05729571 (image:  2) 
distance        :   0.00000000   10.04984097   12.81418010   15.63814404   18.92691594   24.52324535   35.40456175 
energy          : -2464.51768787  -2464.50622327  -2464.46039217  -2464.46971296  -2464.49314809  -2464.50875566  -2464.53043685 
max(|Fr_perp|)   :   0.00000000    0.00676511    0.00789096    0.00337357    0.00316329    0.01291761    0.00000000 
Fr_paral         :   0.00000000   -0.00582572   -0.04849995    0.04170813   -0.00169243    0.02347373    0.00000000 
max(|Fsp_paral|) :   0.00000000    0.00203845    0.00339158    0.00089996    0.00370286    0.00859889    0.00000000 
max(|Fsp_perp|)  :   0.00000000    0.00000000    0.00000000    0.00000000    0.00000000    0.00000000    0.00000000 
max(|FNEB|)      :   0.00000000    0.00690241    0.00774820    0.00335503    0.00461973    0.01250645    0.00000000 
max(|Force|)     :   0.00011174    0.00692357    0.02614727    0.02234227    0.00343594    0.02463884    0.00016898 
ksp              :   0.02800859    0.10000000    0.10000000    0.08535892    0.04854704    0.02403071 
max(|step|)      :   0.00000000    0.01177126    0.01900940    0.02372116    0.03022352    0.10000000    0.00164587 
angle (deg.)     :    41.5454  69.1588  73.0273  67.7143  67.2296 
>
iteration       : 77
climbing        : no
zoom on         : no
nim             : 7
barrier         :   0.05719028 (image:  2) 
distance        :   0.00000000   10.08825488   12.85513463   15.68184488   18.92632644   24.44404304   35.41046696 
energy          : -2464.51768787  -2464.50623781  -2464.46049760  -2464.47011824  -2464.49359218  -2464.50735133  -2464.53043685 
max(|Fr_perp|)   :   0.00000000    0.00748301    0.00246085    0.00384490    0.00293889    0.00537715    0.00000000 
Fr_paral         :   0.00000000   -0.00481902   -0.04768200    0.04255533   -0.00123068    0.01503954    0.00000000 
max(|Fsp_paral|) :   0.00000000    0.00248717    0.00334901    0.00390704    0.00443322    0.02013354    0.00000000 
max(|Fsp_perp|)  :   0.00000000    0.00000000    0.00000000    0.00000000    0.00000000    0.00000000    0.00000000 
max(|FNEB|)      :   0.00000000    0.00728700    0.00446131    0.00450131    0.00465523    0.02091138    0.00000000 
max(|Force|)     :   0.00011174    0.00738360    0.02591365    0.02272795    0.00313369    0.01359846    0.00016898 
ksp              :   0.02802973    0.10000000    0.10000000    0.08485845    0.04792614    0.02628813 
max(|step|)      :   0.00000000    0.02454299    0.01502592    0.01516064    0.01567904    0.07043061    0.00000000 
angle (deg.)     :    41.8924  69.2803  72.6063  67.6927  67.5195 
>
iteration       : 78
climbing        : no
zoom on         : no
nim             : 7
barrier         :   0.05804020 (image:  2) 
distance        :   0.00000000   10.07890689   12.88461524   15.66859863   18.88273094   24.50923216   35.45281682 
energy          : -2464.51768787  -2464.50584221  -2464.45964767  -2464.46907280  -2464.49380099  -2464.50790963  -2464.53043685 
max(|Fr_perp|)   :   0.00000000    0.02175591    0.00683597    0.01105229    0.00285641    0.02237349    0.00000000 
Fr_paral         :   0.00000000   -0.00576353   -0.04917042    0.04457745   -0.00121655   -0.00703167    0.00000000 
max(|Fsp_paral|) :   0.00000000    0.00220749    0.00122710    0.00210181    0.00401108    0.00904006    0.00000000 
max(|Fsp_perp|)  :   0.00000000    0.00000000    0.00000000    0.00000000    0.00000000    0.00000000    0.00000000 
max(|FNEB|)      :   0.00000000    0.02211740    0.00688384    0.01101219    0.00437850    0.02100609    0.00000000 
max(|Force|)     :   0.00011174    0.02214518    0.02646126    0.02407196    0.00304600    0.02327230    0.00016898 
ksp              :   0.02836847    0.10000000    0.10000000    0.08538494    0.04704019    0.02516262 
max(|step|)      :   0.00000000    0.00959429    0.01008568    0.01168992    0.01436472    0.05116302    0.00013927 
angle (deg.)     :    42.1874  69.3954  72.2642  67.6258  67.6552 
>
iteration       : 79
climbing        : no
zoom on         : no
nim             : 7
barrier         :   0.05844373 (image:  2) 
distance        :   0.00000000   10.07112703   12.90961276   15.66427205   18.85108528   24.56712569   35.48728864 
energy          : -2464.51768787  -2464.50628325  -2464.45924415  -2464.46824947  -2464.49398721  -2464.50835166  -2464.53043685 
max(|Fr_perp|)   :   0.00000000    0.01658740    0.00518710    0.00833331    0.00279467    0.02830224    0.00000000 
Fr_paral         :   0.00000000   -0.00540921   -0.04926532    0.04729277   -0.00114930   -0.01376166    0.00000000 
max(|Fsp_paral|) :   0.00000000    0.00259463    0.00471791    0.00051760    0.00358260    0.00035488    0.00000000 
max(|Fsp_perp|)  :   0.00000000    0.00000000    0.00000000    0.00000000    0.00000000    0.00000000    0.00000000 
max(|FNEB|)      :   0.00000000    0.01616927    0.00539155    0.00835851    0.00413575    0.02825051    0.00000000 
max(|Force|)     :   0.00011174    0.01694851    0.02636590    0.02645613    0.00297173    0.02999394    0.00016898 
ksp              :   0.02756247    0.10000000    0.10000000    0.08613232    0.04649767    0.02437724 
max(|step|)      :   0.00000000    0.01809180    0.02169083    0.02415060    0.03905135    0.10000000    0.00078298 
angle (deg.)     :    42.6263  69.9067  71.5528  67.4358  67.7712 
>
iteration       : 80
climbing        : no
zoom on         : no
nim             : 7
barrier         :   0.05845603 (image:  2) 
distance        :   0.00000000   10.07757810   12.95488685   15.66299800   18.77925334   24.70479145   35.56543458 
energy          : -2464.51768787  -2464.50674198  -2464.45923184  -2464.46629533  -2464.49447220  -2464.51063353  -2464.53043685 
max(|Fr_perp|)   :   0.00000000    0.00765742    0.00433910    0.00643326    0.00260658    0.00788632    0.00000000 
Fr_paral         :   0.00000000   -0.00512726   -0.04829303    0.05101569   -0.00089588    0.00242451    0.00000000 
max(|Fsp_paral|) :   0.00000000    0.00712157    0.00934491    0.00360252    0.00280268    0.03716349    0.00000000 
max(|Fsp_perp|)  :   0.00000000    0.00000000    0.00000000    0.00000000    0.00000000    0.00000000    0.00000000 
max(|FNEB|)      :   0.00000000    0.00738663    0.00852712    0.00682614    0.00360374    0.03864674    0.00000000 
max(|Force|)     :   0.00011174    0.00813828    0.02586556    0.02977968    0.00273806    0.00792950    0.00016898 
ksp              :   0.02685026    0.10000000    0.10000000    0.08912024    0.04573532    0.02086131 
max(|step|)      :   0.00000000    0.01911321    0.02206426    0.01766291    0.00932481    0.10000000    0.00000000 
angle (deg.)     :    42.1866  70.1511  71.9405  67.3923  67.0762 
>
iteration       : 81
climbing        : no
zoom on         : no
nim             : 7
barrier         :   0.05627135 (image:  2) 
distance        :   0.00000000   10.11507415   12.92724454   15.69692452   18.79681774   24.62493865   35.52554196 
energy          : -2464.51768787  -2464.50639247  -2464.46141652  -2464.46746127  -2464.49460876  -2464.50831780  -2464.53043685 
max(|Fr_perp|)   :   0.00000000    0.01451623    0.00528200    0.00905382    0.00293274    0.02573866    0.00000000 
Fr_paral         :   0.00000000   -0.00438641   -0.04541920    0.04722774   -0.00056785    0.03255554    0.00000000 
max(|Fsp_paral|) :   0.00000000    0.00110770    0.00234904    0.00160582    0.00277850    0.00087298    0.00000000 
max(|Fsp_perp|)  :   0.00000000    0.00000000    0.00000000    0.00000000    0.00000000    0.00000000    0.00000000 
max(|FNEB|)      :   0.00000000    0.01431882    0.00516932    0.00910526    0.00390696    0.02563358    0.00000000 
max(|Force|)     :   0.00011174    0.01419198    0.02498839    0.02563897    0.00301647    0.03579200    0.00016898 
ksp              :   0.02806579    0.10000000    0.10000000    0.09033208    0.04691256    0.02498642 
max(|step|)      :   0.00000000    0.01476963    0.00977735    0.00789022    0.00757322    0.02791193    0.00002141 
angle (deg.)     :    42.0359  70.2336  72.0973  67.4927  66.9765 
>
iteration       : 82
climbing        : no
zoom on         : no
nim             : 7
barrier         :   0.05533336 (image:  2) 
distance        :   0.00000000   10.12546961   12.91730728   15.71397327   18.80058452   24.60766872   35.53232042 
energy          : -2464.51768787  -2464.50661947  -2464.46235452  -2464.46800091  -2464.49471239  -2464.50877595  -2464.53043685 
max(|Fr_perp|)   :   0.00000000    0.00398553    0.00288443    0.00267057    0.00297988    0.01911378    0.00000000 
Fr_paral         :   0.00000000   -0.00506894   -0.04544775    0.04451559   -0.00051643    0.02769990    0.00000000 
max(|Fsp_paral|) :   0.00000000    0.00180288    0.00026651    0.00034109    0.00221231    0.00625346    0.00000000 
max(|Fsp_perp|)  :   0.00000000    0.00000000    0.00000000    0.00000000    0.00000000    0.00000000    0.00000000 
max(|FNEB|)      :   0.00000000    0.00411350    0.00288228    0.00267669    0.00374599    0.01833335    0.00000000 
max(|Force|)     :   0.00011174    0.00413439    0.02511716    0.02367657    0.00305547    0.02969564    0.00016898 
ksp              :   0.02800281    0.10000000    0.10000000    0.09081610    0.04736974    0.02449529 
max(|step|)      :   0.00000000    0.00779452    0.01719914    0.01322888    0.01823503    0.06434696    0.00075181 
angle (deg.)     :    41.8382  70.2904  72.3066  67.7539  66.7396 
>
iteration       : 83
climbing        : no
zoom on         : no
nim             : 7
barrier         :   0.05369711 (image:  2) 
distance        :   0.00000000   10.14618361   12.90104114   15.74765527   18.80318041   24.55654004   35.54033565 
energy          : -2464.51768787  -2464.50649202  -2464.46399076  -2464.46874916  -2464.49495656  -2464.50826035  -2464.53043685 
max(|Fr_perp|)   :   0.00000000    0.01079969    0.00566227    0.00638356    0.00297224    0.00572664    0.00000000 
Fr_paral         :   0.00000000   -0.00482701   -0.04503568    0.04108007   -0.00042587    0.01788687    0.00000000 
max(|Fsp_paral|) :   0.00000000    0.00676230    0.00504602    0.00183643    0.00189816    0.00558505    0.00000000 
max(|Fsp_perp|)  :   0.00000000    0.00000000    0.00000000    0.00000000    0.00000000    0.00000000    0.00000000 
max(|FNEB|)      :   0.00000000    0.01121630    0.00548695    0.00634231    0.00361239    0.00831061    0.00000000 
max(|Force|)     :   0.00011174    0.01092254    0.02521179    0.02134264    0.00303349    0.01771949    0.00016898 
ksp              :   0.02876501    0.10000000    0.10000000    0.09202460    0.04809923    0.02580117 
max(|step|)      :   0.00000000    0.01825609    0.01040544    0.01030017    0.01316987    0.02917378    0.00021543 
angle (deg.)     :    42.2521  69.9050  71.9069  67.9485  66.8939 
>
iteration       : 84
climbing        : no
zoom on         : no
nim             : 7
barrier         :   0.05419191 (image:  2) 
distance        :   0.00000000   10.12174695   12.91821112   15.74584690   18.77905420   24.56492600   35.56041962 
energy          : -2464.51768787  -2464.50684906  -2464.46349597  -2464.46883825  -2464.49513976  -2464.50835379  -2464.53043685 
max(|Fr_perp|)   :   0.00000000    0.00290438    0.00288872    0.00403118    0.00277583    0.01333421    0.00000000 
Fr_paral         :   0.00000000   -0.00369111   -0.04625248    0.04459897   -0.00051613    0.00188372    0.00000000 
max(|Fsp_paral|) :   0.00000000    0.00156858    0.00172189    0.00335680    0.00080330    0.00493529    0.00000000 
max(|Fsp_perp|)  :   0.00000000    0.00000000    0.00000000    0.00000000    0.00000000    0.00000000    0.00000000 
max(|FNEB|)      :   0.00000000    0.00328456    0.00287533    0.00414556    0.00304385    0.01264690    0.00000000 
max(|Force|)     :   0.00011174    0.00326166    0.02564859    0.02361840    0.00284916    0.01311406    0.00016898 
ksp              :   0.02800072    0.10000000    0.10000000    0.09112772    0.04744711    0.02550171 
max(|step|)      :   0.00000000    0.01331491    0.01313316    0.01333661    0.00457543    0.02996132    0.00030043 
angle (deg.)     :    42.5975  69.6877  71.3720  68.0300  67.0490 
>
iteration       : 85
climbing        : no
zoom on         : no
nim             : 7
barrier         :   0.05519435 (image:  2) 
distance        :   0.00000000   10.10178652   12.93579816   15.72372415   18.75670633   24.59038648   35.56675665 
energy          : -2464.51768787  -2464.50694140  -2464.46249352  -2464.46809149  -2464.49521213  -2464.50904007  -2464.53043685 
max(|Fr_perp|)   :   0.00000000    0.00700278    0.00290067    0.00370663    0.00264968    0.00994208    0.00000000 
Fr_paral         :   0.00000000   -0.00347789   -0.04739643    0.04803431   -0.00070912    0.00468176    0.00000000 
max(|Fsp_paral|) :   0.00000000    0.00224090    0.00254890    0.00167888    0.00147870    0.00636429    0.00000000 
max(|Fsp_perp|)  :   0.00000000    0.00000000    0.00000000    0.00000000    0.00000000    0.00000000    0.00000000 
max(|FNEB|)      :   0.00000000    0.00738804    0.00292285    0.00376620    0.00314093    0.01079878    0.00000000 
max(|Force|)     :   0.00011174    0.00675315    0.02592478    0.02673188    0.00274985    0.00941381    0.00016898 
ksp              :   0.02752321    0.10000000    0.10000000    0.09087194    0.04664898    0.02410111 
max(|step|)      :   0.00000000    0.00789332    0.01217186    0.01112098    0.01395060    0.01634455    0.00005060 
angle (deg.)     :    42.7206  69.6886  70.9597  68.2184  66.9497 
>
iteration       : 86
climbing        : no
zoom on         : no
nim             : 7
barrier         :   0.05494531 (image:  2) 
distance        :   0.00000000   10.10186100   12.93882389   15.71842970   18.73882504   24.58052438   35.56721179 
energy          : -2464.51768787  -2464.50707717  -2464.46274256  -2464.46769392  -2464.49541301  -2464.50901615  -2464.53043685 
max(|Fr_perp|)   :   0.00000000    0.00332837    0.00293391    0.00280274    0.00261326    0.00336022    0.00000000 
Fr_paral         :   0.00000000   -0.00408819   -0.04714183    0.04852496   -0.00070187    0.01491994    0.00000000 
max(|Fsp_paral|) :   0.00000000    0.00296190    0.00316102    0.00022052    0.00256361    0.00471568    0.00000000 
max(|Fsp_perp|)  :   0.00000000    0.00000000    0.00000000    0.00000000    0.00000000    0.00000000    0.00000000 
max(|FNEB|)      :   0.00000000    0.00283897    0.00295433    0.00277351    0.00344454    0.00332311    0.00000000 
max(|Force|)     :   0.00011174    0.00360998    0.02575255    0.02688952    0.00271073    0.01388195    0.00016898 
ksp              :   0.02738025    0.10000000    0.10000000    0.09188971    0.04648605    0.02420421 
max(|step|)      :   0.00000000    0.02757137    0.04544109    0.04152278    0.05324943    0.05853651    0.00046661 
angle (deg.)     :    43.0135  69.6551  69.8398  68.9621  66.5900 
>
iteration       : 87
climbing        : no
zoom on         : no
nim             : 7
barrier         :   0.05323672 (image:  2) 
distance        :   0.00000000   10.11470862   12.93909279   15.72326633   18.68558215   24.53744851   35.58599716 
energy          : -2464.51768787  -2464.50670048  -2464.46445115  -2464.46705099  -2464.49615376  -2464.50729164  -2464.53043685 
max(|Fr_perp|)   :   0.00000000    0.02176244    0.00316971    0.00683964    0.00266496    0.01953610    0.00000000 
Fr_paral         :   0.00000000   -0.00483533   -0.04607922    0.04774010   -0.00055792    0.03027226    0.00000000 
max(|Fsp_paral|) :   0.00000000    0.00273556    0.00218577    0.00254273    0.00513076    0.02764206    0.00000000 
max(|Fsp_perp|)  :   0.00000000    0.00000000    0.00000000    0.00000000    0.00000000    0.00000000    0.00000000 
max(|FNEB|)      :   0.00000000    0.02219370    0.00309123    0.00691121    0.00427331    0.03438137    0.00000000 
max(|Force|)     :   0.00011174    0.02207896    0.02529465    0.02562490    0.00274194    0.03200869    0.00016898 
ksp              :   0.02857488    0.10000000    0.10000000    0.09560481    0.04640476    0.02757549 
max(|step|)      :   0.00000000    0.01351858    0.01964268    0.01788481    0.02300133    0.01498265    0.00022592 
angle (deg.)     :    43.2762  69.4950  69.3007  69.2848  66.6661 
>
iteration       : 88
climbing        : no
zoom on         : no
nim             : 7
barrier         :   0.05281370 (image:  2) 
distance        :   0.00000000   10.10802088   12.94593008   15.72609736   18.65929875   24.56134605   35.62183469 
energy          : -2464.51768787  -2464.50712686  -2464.46487418  -2464.46677576  -2464.49646627  -2464.50786578  -2464.53043685 
max(|Fr_perp|)   :   0.00000000    0.01610641    0.00326940    0.00613504    0.00275069    0.01401542    0.00000000 
Fr_paral         :   0.00000000   -0.00437169   -0.04599138    0.04848931   -0.00048942    0.02542641    0.00000000 
max(|Fsp_paral|) :   0.00000000    0.00033104    0.00312417    0.00307982    0.00504427    0.01941149    0.00000000 
max(|Fsp_perp|)  :   0.00000000    0.00000000    0.00000000    0.00000000    0.00000000    0.00000000    0.00000000 
max(|FNEB|)      :   0.00000000    0.01605331    0.00346134    0.00622575    0.00432107    0.02463576    0.00000000 
max(|Force|)     :   0.00011174    0.01639800    0.02522117    0.02611015    0.00281838    0.02643194    0.00016898 
ksp              :   0.02799706    0.10000000    0.10000000    0.09675950    0.04616381    0.02673787 
max(|step|)      :   0.00000000    0.05535609    0.08613868    0.07832539    0.10000000    0.02732377    0.00100109 
angle (deg.)     :    44.1600  69.0446  67.1691  70.7552  66.7205 
>
iteration       : 89
climbing        : no
zoom on         : no
nim             : 7
barrier         :   0.05168096 (image:  3) 
distance        :   0.00000000   10.10477114   12.96034720   15.74905007   18.55722380   24.63308556   35.76137485 
energy          : -2464.51768787  -2464.50779412  -2464.46738615  -2464.46600691  -2464.49774315  -2464.50842315  -2464.53043685 
max(|Fr_perp|)   :   0.00000000    0.00693988    0.00291373    0.00430217    0.00339672    0.00445139    0.00000000 
Fr_paral         :   0.00000000   -0.00316004   -0.04457910    0.04965142   -0.00007713    0.01487833    0.00000000 
max(|Fsp_paral|) :   0.00000000    0.00143196    0.00011899    0.00102968    0.00416035    0.01596733    0.00000000 
max(|Fsp_perp|)  :   0.00000000    0.00000000    0.00000000    0.00000000    0.00000000    0.00000000    0.00000000 
max(|FNEB|)      :   0.00000000    0.00697927    0.00291885    0.00440768    0.00466650    0.01787009    0.00000000 
max(|Force|)     :   0.00011174    0.00743628    0.02456921    0.02685604    0.00341737    0.01436838    0.00016898 
ksp              :   0.02723566    0.09759076    0.10000000    0.10000000    0.04473200    0.02615415 
max(|step|)      :   0.00000000    0.01946195    0.00813931    0.01229098    0.01301271    0.04983142    0.00000000 
angle (deg.)     :    44.1759  68.6277  67.3212  70.6777  66.9154 
>
iteration       : 90
climbing        : no
zoom on         : no
nim             : 7
barrier         :   0.05126976 (image:  3) 
distance        :   0.00000000   10.11325718   12.94852872   15.74263985   18.53282496   24.67640892   35.79116810 
energy          : -2464.51768787  -2464.50748051  -2464.46747925  -2464.46641812  -2464.49784975  -2464.50882746  -2464.53043685 
max(|Fr_perp|)   :   0.00000000    0.01744197    0.00256990    0.00312514    0.00355942    0.01642758    0.00000000 
Fr_paral         :   0.00000000   -0.00153724   -0.04612203    0.04894961    0.00014780   -0.00092952    0.00000000 
max(|Fsp_paral|) :   0.00000000    0.00171756    0.00062420    0.00021083    0.00169128    0.00717299    0.00000000 
max(|Fsp_perp|)  :   0.00000000    0.00000000    0.00000000    0.00000000    0.00000000    0.00000000    0.00000000 
max(|FNEB|)      :   0.00000000    0.01712417    0.00257375    0.00311877    0.00379794    0.01558710    0.00000000 
max(|Force|)     :   0.00011174    0.01732276    0.02542500    0.02626129    0.00354973    0.01651798    0.00016898 
ksp              :   0.02791821    0.09813726    0.10000000    0.10000000    0.04482425    0.02555375 
max(|step|)      :   0.00000000    0.00924097    0.00500670    0.00476968    0.00689046    0.02034084    0.00006019 
angle (deg.)     :    44.2096  68.4844  67.3485  70.6569  66.9710 
>
iteration       : 91
climbing        : no
zoom on         : no
nim             : 7
barrier         :   0.05114158 (image:  3) 
distance        :   0.00000000   10.11347015   12.94324284   15.73813495   18.52128643   24.70030599   35.80507689 
energy          : -2464.51768787  -2464.50782140  -2464.46747895  -2464.46654629  -2464.49792196  -2464.50912064  -2464.53043685 
max(|Fr_perp|)   :   0.00000000    0.00635574    0.00246708    0.00233130    0.00281327    0.01698900    0.00000000 
Fr_paral         :   0.00000000   -0.00204188   -0.04658651    0.04826303    0.00021348   -0.00173638    0.00000000 
max(|Fsp_paral|) :   0.00000000    0.00066968    0.00062002    0.00063086    0.00074155    0.00144915    0.00000000 
max(|Fsp_perp|)  :   0.00000000    0.00000000    0.00000000    0.00000000    0.00000000    0.00000000    0.00000000 
max(|FNEB|)      :   0.00000000    0.00647648    0.00247081    0.00233231    0.00298515    0.01682359    0.00000000 
max(|Force|)     :   0.00011174    0.00620123    0.02570621    0.02577826    0.00279021    0.01715331    0.00016898 
ksp              :   0.02736322    0.09835868    0.10000000    0.10000000    0.04478445    0.02507679 
max(|step|)      :   0.00000000    0.01129440    0.01282559    0.01219273    0.01581288    0.04193866    0.00027676 
angle (deg.)     :    44.3012  68.1755  67.2747  70.6758  67.0202 
>
iteration       : 92
climbing        : no
zoom on         : no
nim             : 7
barrier         :   0.05099722 (image:  3) 
distance        :   0.00000000   10.12037987   12.92881784   15.72195559   18.49395415   24.74433487   35.82761906 
energy          : -2464.51768787  -2464.50782272  -2464.46745544  -2464.46669065  -2464.49810806  -2464.51006202  -2464.53043685 
max(|Fr_perp|)   :   0.00000000    0.00665037    0.00237525    0.00349721    0.00297996    0.00433311    0.00000000 
Fr_paral         :   0.00000000   -0.00264896   -0.04698683    0.04708028    0.00020480    0.00803660    0.00000000 
max(|Fsp_paral|) :   0.00000000    0.00014594    0.00121448    0.00113780    0.00060098    0.01527659    0.00000000 
max(|Fsp_perp|)  :   0.00000000    0.00000000    0.00000000    0.00000000    0.00000000    0.00000000    0.00000000 
max(|FNEB|)      :   0.00000000    0.00665882    0.00238202    0.00357047    0.00286119    0.01588895    0.00000000 
max(|Force|)     :   0.00011174    0.00671495    0.02596303    0.02501232    0.00295816    0.00602771    0.00016898 
ksp              :   0.02741004    0.09865028    0.10000000    0.10000000    0.04455449    0.02345812 
max(|step|)      :   0.00000000    0.00287169    0.00381290    0.00587356    0.00455470    0.02552694    0.00011273 
angle (deg.)     :    44.4081  68.1451  67.0783  70.7993  66.8975 
>
iteration       : 93
climbing        : no
zoom on         : no
nim             : 7
barrier         :   0.05109910 (image:  3) 
distance        :   0.00000000   10.11679906   12.92937683   15.71543688   18.49303199   24.72060728   35.81480415 
energy          : -2464.51768787  -2464.50784671  -2464.46734693  -2464.46658878  -2464.49817224  -2464.50971923  -2464.53043685 
max(|Fr_perp|)   :   0.00000000    0.00648764    0.00250949    0.00232827    0.00241641    0.00747632    0.00000000 
Fr_paral         :   0.00000000   -0.00276854   -0.04651620    0.04758066    0.00007883    0.01754763    0.00000000 
max(|Fsp_paral|) :   0.00000000    0.00041193    0.00059327    0.00045576    0.00066896    0.00799778    0.00000000 
max(|Fsp_perp|)  :   0.00000000    0.00000000    0.00000000    0.00000000    0.00000000    0.00000000    0.00000000 
max(|FNEB|)      :   0.00000000    0.00641600    0.00251271    0.00232858    0.00261243    0.00751635    0.00000000 
max(|Force|)     :   0.00011174    0.00669025    0.02560347    0.02535944    0.00240557    0.01768386    0.00016898 
ksp              :   0.02733307    0.09866469    0.10000000    0.10000000    0.04437256    0.02403504 
max(|step|)      :   0.00000000    0.00821099    0.00694901    0.00900465    0.00760608    0.03652379    0.00006261 
angle (deg.)     :    44.5880  68.0756  66.7497  71.0656  66.7685 
>
iteration       : 94
climbing        : no
zoom on         : no
nim             : 7
barrier         :   0.05129058 (image:  3) 
distance        :   0.00000000   10.11206109   12.92882999   15.70459401   18.48954496   24.67672930   35.79907467 
energy          : -2464.51768787  -2464.50793953  -2464.46718158  -2464.46639729  -2464.49827661  -2464.50897623  -2464.53043685 
max(|Fr_perp|)   :   0.00000000    0.00201053    0.00264368    0.00245017    0.00302154    0.01154089    0.00000000 
Fr_paral         :   0.00000000   -0.00263458   -0.04577745    0.04848553   -0.00006879    0.02150142    0.00000000 
max(|Fsp_paral|) :   0.00000000    0.00156125    0.00012047    0.00049487    0.00276491    0.00713265    0.00000000 
max(|Fsp_perp|)  :   0.00000000    0.00000000    0.00000000    0.00000000    0.00000000    0.00000000    0.00000000 
max(|FNEB|)      :   0.00000000    0.00212160    0.00264307    0.00244959    0.00382944    0.01227663    0.00000000 
max(|Force|)     :   0.00011174    0.00193161    0.02505420    0.02597782    0.00303099    0.02242607    0.00016898 
ksp              :   0.02710550    0.09862380    0.10000000    0.10000000    0.04406111    0.02528639 
max(|step|)      :   0.00000000    0.00393151    0.01055670    0.00988297    0.01239178    0.00637448    0.00007197 
angle (deg.)     :    44.7065  67.8662  66.5727  71.2339  66.8004 
>
iteration       : 95
climbing        : no
zoom on         : no
nim             : 7
barrier         :   0.05124587 (image:  3) 
distance        :   0.00000000   10.11635302   12.91931621   15.69087204   18.47048170   24.67511544   35.80707684 
energy          : -2464.51768787  -2464.50794295  -2464.46712840  -2464.46644200  -2464.49842786  -2464.50917314  -2464.53043685 
max(|Fr_perp|)   :   0.00000000    0.00351357    0.00256389    0.00237556    0.00292965    0.00711292    0.00000000 
Fr_paral         :   0.00000000   -0.00274863   -0.04594567    0.04855339   -0.00004657    0.01813021    0.00000000 
max(|Fsp_paral|) :   0.00000000    0.00110525    0.00012820    0.00043420    0.00285131    0.00484820    0.00000000 
max(|Fsp_perp|)  :   0.00000000    0.00000000    0.00000000    0.00000000    0.00000000    0.00000000    0.00000000 
max(|FNEB|)      :   0.00000000    0.00359293    0.00256449    0.00237521    0.00375579    0.00814098    0.00000000 
max(|Force|)     :   0.00011174    0.00343026    0.02508426    0.02601196    0.00293602    0.01827530    0.00016898 
ksp              :   0.02711441    0.09879452    0.10000000    0.10000000    0.04382518    0.02495391 
max(|step|)      :   0.00000000    0.03187716    0.08442073    0.07908459    0.10000000    0.03321052    0.00096135 
angle (deg.)     :    45.8002  66.0699  65.2205  72.5527  66.8967 
>
iteration       : 96
climbing        : no
zoom on         : no
nim             : 7
barrier         :   0.05120286 (image:  2) 
distance        :   0.00000000   10.14763357   12.84958153   15.58595635   18.32188720   24.66148183   35.86617012 
energy          : -2464.51768787  -2464.50800922  -2464.46648501  -2464.46676417  -2464.49960118  -2464.50919202  -2464.53043685 
max(|Fr_perp|)   :   0.00000000    0.00448318    0.00197083    0.00186340    0.00269176    0.01280115    0.00000000 
Fr_paral         :   0.00000000   -0.00370781   -0.04738433    0.04806224    0.00011666    0.00315173    0.00000000 
max(|Fsp_paral|) :   0.00000000    0.00171658    0.00185606    0.00074444    0.00352385    0.01205406    0.00000000 
max(|Fsp_perp|)  :   0.00000000    0.00000000    0.00000000    0.00000000    0.00000000    0.00000000    0.00000000 
max(|FNEB|)      :   0.00000000    0.00457760    0.00215504    0.00186380    0.00365000    0.01181598    0.00000000 
max(|Force|)     :   0.00011174    0.00458581    0.02549010    0.02565208    0.00267715    0.01271372    0.00016898 
ksp              :   0.02701983    0.10000000    0.10000000    0.09951572    0.04179659    0.02495792 
max(|step|)      :   0.00000000    0.01537021    0.00723596    0.00625808    0.01225561    0.03967451    0.00000000 
angle (deg.)     :    46.1062  65.7245  65.0510  72.4609  66.9203 
>
iteration       : 97
climbing        : no
zoom on         : no
nim             : 7
barrier         :   0.05170268 (image:  2) 
distance        :   0.00000000   10.14168895   12.85695226   15.57715755   18.29463324   24.69972250   35.87979142 
energy          : -2464.51768787  -2464.50782094  -2464.46598520  -2464.46660073  -2464.49970651  -2464.51005613  -2464.53043685 
max(|Fr_perp|)   :   0.00000000    0.01397963    0.00215234    0.00222237    0.00229475    0.00181491    0.00000000 
Fr_paral         :   0.00000000   -0.00342617   -0.04885616    0.04863462    0.00027800    0.01194735    0.00000000 
max(|Fsp_paral|) :   0.00000000    0.00177765    0.00026928    0.00172552    0.00209825    0.00345469    0.00000000 
max(|Fsp_perp|)  :   0.00000000    0.00000000    0.00000000    0.00000000    0.00000000    0.00000000    0.00000000 
max(|FNEB|)      :   0.00000000    0.01416396    0.00214164    0.00228824    0.00285385    0.00218856    0.00000000 
max(|Force|)     :   0.00011174    0.01411422    0.02622958    0.02617623    0.00225862    0.01107301    0.00016898 
ksp              :   0.02717559    0.10000000    0.10000000    0.09892853    0.04130056    0.02328475 
max(|step|)      :   0.00000000    0.01488453    0.00378788    0.00362386    0.00645752    0.00900886    0.00007964 
angle (deg.)     :    46.2719  65.5834  64.8900  72.4950  66.8966 
>
iteration       : 98
climbing        : no
zoom on         : no
nim             : 7
barrier         :   0.05182696 (image:  2) 
distance        :   0.00000000   10.13752750   12.86139884   15.57320002   18.28473586   24.70542339   35.88427974 
energy          : -2464.51768787  -2464.50810161  -2464.46586091  -2464.46638624  -2464.49977300  -2464.51012043  -2464.53043685 
max(|Fr_perp|)   :   0.00000000    0.00558543    0.00178684    0.00170369    0.00232336    0.00394042    0.00000000 
Fr_paral         :   0.00000000   -0.00231781   -0.04868140    0.04882069    0.00031603    0.01446152    0.00000000 
max(|Fsp_paral|) :   0.00000000    0.00098573    0.00065659    0.00135346    0.00231019    0.00431595    0.00000000 
max(|Fsp_perp|)  :   0.00000000    0.00000000    0.00000000    0.00000000    0.00000000    0.00000000    0.00000000 
max(|FNEB|)      :   0.00000000    0.00576647    0.00178724    0.00170270    0.00293386    0.00431442    0.00000000 
max(|Force|)     :   0.00011174    0.00539913    0.02612007    0.02629322    0.00228253    0.01417105    0.00016898 
ksp              :   0.02664700    0.10000000    0.10000000    0.09908774    0.04111004    0.02314123 
max(|step|)      :   0.00000000    0.00222218    0.00115467    0.00110463    0.00183702    0.00469620    0.00002850 
angle (deg.)     :    46.2708  65.6468  64.8314  72.5333  66.8785 
>
iteration       : 99
climbing        : no
zoom on         : no
nim             : 7
barrier         :   0.05175458 (image:  2) 
distance        :   0.00000000   10.13865416   12.86019132   15.57137626   18.28206667   24.69975209   35.88329000 
energy          : -2464.51768787  -2464.50812777  -2464.46593329  -2464.46630515  -2464.49979487  -2464.51008017  -2464.53043685 
max(|Fr_perp|)   :   0.00000000    0.00304111    0.00179012    0.00171596    0.00240708    0.00245505    0.00000000 
Fr_paral         :   0.00000000   -0.00265275   -0.04843409    0.04894067    0.00031020    0.01351957    0.00000000 
max(|Fsp_paral|) :   0.00000000    0.00096794    0.00056224    0.00097549    0.00266657    0.00334476    0.00000000 
max(|Fsp_perp|)  :   0.00000000    0.00000000    0.00000000    0.00000000    0.00000000    0.00000000    0.00000000 
max(|FNEB|)      :   0.00000000    0.00321743    0.00179026    0.00171528    0.00310993    0.00302840    0.00000000 
max(|Force|)     :   0.00011174    0.00282986    0.02599273    0.02634615    0.00236708    0.01290041    0.00016898 
ksp              :   0.02662479    0.10000000    0.10000000    0.09935335    0.04111551    0.02322962 
max(|step|)      :   0.00000000    0.00844044    0.01459984    0.01400450    0.02509734    0.02157508    0.00027754 
angle (deg.)     :    46.4495  65.8904  64.2814  72.8073  66.6930 
>
iteration       : 100
climbing        : no
zoom on         : no
nim             : 7
barrier         :   0.05207763 (image:  3) 
distance        :   0.00000000   10.14813869   12.85180248   15.55271291   18.24072522   24.66575448   35.88033562 
energy          : -2464.51768787  -2464.50810316  -2464.46633948  -2464.46561024  -2464.50005288  -2464.50978589  -2464.53043685 
max(|Fr_perp|)   :   0.00000000    0.00532552    0.00182378    0.00187959    0.00281877    0.00272686    0.00000000 
Fr_paral         :   0.00000000   -0.00403971   -0.04705130    0.04971264    0.00045619    0.01020462    0.00000000 
max(|Fsp_paral|) :   0.00000000    0.00114353    0.00169070    0.00069719    0.00431545    0.00429071    0.00000000 
max(|Fsp_perp|)  :   0.00000000    0.00000000    0.00000000    0.00000000    0.00000000    0.00000000    0.00000000 
max(|FNEB|)      :   0.00000000    0.00552717    0.00192776    0.00188277    0.00391911    0.00438578    0.00000000 
max(|Force|)     :   0.00011174    0.00563665    0.02530402    0.02678593    0.00276132    0.00846667    0.00016898 
ksp              :   0.02656420    0.09873974    0.10000000    0.10000000    0.04047661    0.02365613 
max(|step|)      :   0.00000000    0.01577198    0.03745313    0.03619394    0.06571275    0.02828013    0.00068886 
angle (deg.)     :    47.2096  65.9386  62.9418  73.4275  66.3226 
>
iteration       : 101
climbing        : no
zoom on         : no
nim             : 7
barrier         :   0.05403349 (image:  3) 
distance        :   0.00000000   10.15884515   12.84590238   15.50137742   18.12998830   24.62182344   35.89003989 
energy          : -2464.51768787  -2464.50785208  -2464.46650004  -2464.46365438  -2464.50068112  -2464.50934463  -2464.53043685 
max(|Fr_perp|)   :   0.00000000    0.01648714    0.00353445    0.00262111    0.00346715    0.01026418    0.00000000 
Fr_paral         :   0.00000000   -0.00525794   -0.04571693    0.05160275    0.00096146    0.00472437    0.00000000 
max(|Fsp_paral|) :   0.00000000    0.00531704    0.00513455    0.00144548    0.00709755    0.01674840    0.00000000 
max(|Fsp_perp|)  :   0.00000000    0.00000000    0.00000000    0.00000000    0.00000000    0.00000000    0.00000000 
max(|FNEB|)      :   0.00000000    0.01736141    0.00533113    0.00269059    0.00511844    0.01422709    0.00000000 
max(|Force|)     :   0.00011174    0.01686863    0.02499803    0.02804474    0.00335413    0.00997824    0.00016898 
ksp              :   0.02638283    0.09526017    0.10000000    0.10000000    0.03832702    0.02389678 
max(|step|)      :   0.00000000    0.02426518    0.05668363    0.05492823    0.10000000    0.03460222    0.00118333 
angle (deg.)     :    48.4942  65.8709  60.9070  74.5151  65.8233 
>
iteration       : 102
climbing        : no
zoom on         : no
nim             : 7
barrier         :   0.05728871 (image:  3) 
distance        :   0.00000000   10.16974634   12.84555970   15.42527387   17.97049708   24.58496763   35.92423003 
energy          : -2464.51768787  -2464.50717238  -2464.46636408  -2464.46039916  -2464.50151610  -2464.50860961  -2464.53043685 
max(|Fr_perp|)   :   0.00000000    0.02952298    0.00588615    0.00486697    0.00562052    0.01943448    0.00000000 
Fr_paral         :   0.00000000   -0.00624333   -0.04447544    0.05418102    0.00184417   -0.00221544    0.00000000 
max(|Fsp_paral|) :   0.00000000    0.01245560    0.00818416    0.00183405    0.01058794    0.03346956    0.00000000 
max(|Fsp_perp|)  :   0.00000000    0.00000000    0.00000000    0.00000000    0.00000000    0.00000000    0.00000000 
max(|FNEB|)      :   0.00000000    0.03178317    0.00870609    0.00458423    0.00851355    0.02760074    0.00000000 
max(|Force|)     :   0.00011174    0.03035368    0.02491493    0.02987769    0.00559811    0.01956856    0.00016898 
ksp              :   0.02657155    0.09061911    0.10000000    0.10000000    0.03540706    0.02427887 
max(|step|)      :   0.00000000    0.06016010    0.01647915    0.00867717    0.01611470    0.05224349    0.00000000 
angle (deg.)     :    49.0816  64.5998  61.4028  74.1419  65.8843 
>
iteration       : 103
climbing        : no
zoom on         : no
nim             : 7
barrier         :   0.05734938 (image:  3) 
distance        :   0.00000000   10.13990119   12.87340592   15.41960720   17.94501791   24.64637430   35.94750098 
energy          : -2464.51768787  -2464.50635489  -2464.46513717  -2464.46033849  -2464.50157537  -2464.50997051  -2464.53043685 
max(|Fr_perp|)   :   0.00000000    0.04278447    0.00210586    0.00340142    0.00281412    0.01556434    0.00000000 
Fr_paral         :   0.00000000    0.00222026   -0.04881790    0.05357302    0.00268397   -0.00123230    0.00000000 
max(|Fsp_paral|) :   0.00000000    0.01339210    0.00098429    0.00111011    0.00840578    0.01088587    0.00000000 
max(|Fsp_perp|)  :   0.00000000    0.00000000    0.00000000    0.00000000    0.00000000    0.00000000    0.00000000 
max(|FNEB|)      :   0.00000000    0.04024337    0.00210741    0.00356669    0.00669520    0.01504164    0.00000000 
max(|Force|)     :   0.00011174    0.04297919    0.02625290    0.02939332    0.00315998    0.01561731    0.00016898 
ksp              :   0.02778518    0.09246929    0.10000000    0.10000000    0.03528581    0.02211108 
max(|step|)      :   0.00000000    0.01884359    0.00501554    0.00526040    0.01000625    0.02551069    0.00012226 
angle (deg.)     :    49.3352  64.3583  61.6187  73.9489  65.8576 
>
iteration       : 104
climbing        : no
zoom on         : no
nim             : 7
barrier         :   0.05740799 (image:  3) 
distance        :   0.00000000   10.11427558   12.88811398   15.42167730   17.93452582   24.67799830   35.96119574 
energy          : -2464.51768787  -2464.50806560  -2464.46463194  -2464.46027988  -2464.50157257  -2464.51058471  -2464.53043685 
max(|Fr_perp|)   :   0.00000000    0.01858412    0.00241241    0.00277844    0.00300191    0.00852608    0.00000000 
Fr_paral         :   0.00000000    0.00187035   -0.05019027    0.05330358    0.00300276    0.00342208    0.00000000 
max(|Fsp_paral|) :   0.00000000    0.00220024    0.00270934    0.00110693    0.00705737    0.00054635    0.00000000 
max(|Fsp_perp|)  :   0.00000000    0.00000000    0.00000000    0.00000000    0.00000000    0.00000000    0.00000000 
max(|FNEB|)      :   0.00000000    0.01897513    0.00371861    0.00326593    0.00537584    0.00849991    0.00000000 
max(|Force|)     :   0.00011174    0.01873838    0.02699554    0.02911534    0.00349915    0.00839340    0.00016898 
ksp              :   0.02508508    0.09317716    0.10000000    0.10000000    0.03526438    0.02113581 
max(|step|)      :   0.00000000    0.01816598    0.00366196    0.00547822    0.00920209    0.01501221    0.00011530 
angle (deg.)     :    49.2468  64.7120  61.6730  73.8425  65.7390 
>
iteration       : 105
climbing        : no
zoom on         : no
nim             : 7
barrier         :   0.05749007 (image:  3) 
distance        :   0.00000000   10.11317861   12.88125093   15.41675317   17.91814018   24.68120227   35.95895490 
energy          : -2464.51768787  -2464.50851213  -2464.46489032  -2464.46019780  -2464.50159457  -2464.51082840  -2464.53043685 
max(|Fr_perp|)   :   0.00000000    0.00658357    0.00134842    0.00249551    0.00263204    0.00158887    0.00000000 
Fr_paral         :   0.00000000   -0.00056860   -0.04935444    0.05312906    0.00311804    0.00963442    0.00000000 
max(|Fsp_paral|) :   0.00000000    0.00463445    0.00155316    0.00182488    0.00635637    0.00334109    0.00000000 
max(|Fsp_perp|)  :   0.00000000    0.00000000    0.00000000    0.00000000    0.00000000    0.00000000    0.00000000 
max(|FNEB|)      :   0.00000000    0.00694077    0.00209397    0.00349521    0.00454137    0.00286359    0.00000000 
max(|Force|)     :   0.00011174    0.00660138    0.02659957    0.02883422    0.00345022    0.00826108    0.00016898 
ksp              :   0.02436451    0.09265392    0.10000000    0.10000000    0.03519387    0.02073842 
max(|step|)      :   0.00000000    0.00790002    0.00264083    0.00519832    0.00753830    0.00607723    0.00008655 
angle (deg.)     :    49.1809  64.9414  61.6988  73.7814  65.6307 
>
iteration       : 106
climbing        : no
zoom on         : no
nim             : 7
barrier         :   0.05763969 (image:  3) 
distance        :   0.00000000   10.11564838   12.87446155   15.40970210   17.90260903   24.67627430   35.95434269 
energy          : -2464.51768787  -2464.50851144  -2464.46507200  -2464.46004818  -2464.50161449  -2464.51084302  -2464.53043685 
max(|Fr_perp|)   :   0.00000000    0.00818391    0.00117062    0.00238574    0.00250038    0.00309526    0.00000000 
Fr_paral         :   0.00000000   -0.00158754   -0.04880224    0.05299711    0.00322820    0.01225889    0.00000000 
max(|Fsp_paral|) :   0.00000000    0.00373055    0.00038086    0.00226635    0.00606856    0.00356727    0.00000000 
max(|Fsp_perp|)  :   0.00000000    0.00000000    0.00000000    0.00000000    0.00000000    0.00000000    0.00000000 
max(|FNEB|)      :   0.00000000    0.00756781    0.00117013    0.00364814    0.00418445    0.00294488    0.00000000 
max(|Force|)     :   0.00011174    0.00830401    0.02630421    0.02861065    0.00357982    0.01167342    0.00016898 
ksp              :   0.02432830    0.09215568    0.10000000    0.10000000    0.03509736    0.02068772 
max(|step|)      :   0.00000000    0.04016917    0.01308884    0.04042847    0.05399675    0.02232965    0.00070470 
angle (deg.)     :    48.9738  66.0788  61.8524  73.4587  64.9076 
>
iteration       : 107
climbing        : no
zoom on         : no
nim             : 7
barrier         :   0.05919766 (image:  3) 
distance        :   0.00000000   10.13208376   12.83510343   15.34868210   17.78657205   24.63272478   35.92443874 
energy          : -2464.51768787  -2464.50815736  -2464.46567371  -2464.45849021  -2464.50170978  -2464.51068980  -2464.53043685 
max(|Fr_perp|)   :   0.00000000    0.01490294    0.00283981    0.00243451    0.00291149    0.01182154    0.00000000 
Fr_paral         :   0.00000000   -0.00608067   -0.04679688    0.05230321    0.00395126    0.01881528    0.00000000 
max(|Fsp_paral|) :   0.00000000    0.00330110    0.00563941    0.00407122    0.00479524    0.00137441    0.00000000 
max(|Fsp_perp|)  :   0.00000000    0.00000000    0.00000000    0.00000000    0.00000000    0.00000000    0.00000000 
max(|FNEB|)      :   0.00000000    0.01546722    0.00543989    0.00487449    0.00373073    0.01177721    0.00000000 
max(|Force|)     :   0.00011174    0.01536987    0.02531017    0.02733009    0.00443741    0.02059757    0.00016898 
ksp              :   0.02448952    0.08907870    0.10000000    0.10000000    0.03429198    0.02063939 
max(|step|)      :   0.00000000    0.03173367    0.02157316    0.06526128    0.08176270    0.02573069    0.00079183 
angle (deg.)     :    49.2557  66.8868  62.0566  73.1902  63.9073 
>
iteration       : 108
climbing        : no
zoom on         : no
nim             : 7
barrier         :   0.06229829 (image:  3) 
distance        :   0.00000000   10.14247473   12.79931258   15.24762472   17.61126099   24.58198804   35.89736451 
energy          : -2464.51768787  -2464.50778691  -2464.46537511  -2464.45538958  -2464.50170034  -2464.51045445  -2464.53043685 
max(|Fr_perp|)   :   0.00000000    0.01396620    0.00413851    0.00446273    0.00352897    0.01547428    0.00000000 
Fr_paral         :   0.00000000   -0.00856624   -0.04667282    0.05171579    0.00525235    0.02162277    0.00000000 
max(|Fsp_paral|) :   0.00000000    0.00853482    0.00932395    0.00457679    0.00306172    0.00054828    0.00000000 
max(|Fsp_perp|)  :   0.00000000    0.00000000    0.00000000    0.00000000    0.00000000    0.00000000    0.00000000 
max(|FNEB|)      :   0.00000000    0.02250102    0.00929155    0.00664700    0.00368881    0.01548485    0.00000000 
max(|Force|)     :   0.00011174    0.01778579    0.02537288    0.02588250    0.00562766    0.02484085    0.00016898 
ksp              :   0.02430355    0.08557429    0.10000000    0.10000000    0.03309658    0.02044985 
max(|step|)      :   0.00000000    0.02553225    0.02995501    0.08101147    0.10000000    0.02331435    0.00091589 
angle (deg.)     :    50.2176  67.4336  62.0270  73.3104  62.7519 
>
iteration       : 109
climbing        : no
zoom on         : no
nim             : 7
barrier         :   0.06672125 (image:  3) 
distance        :   0.00000000   10.14714160   12.77107831   15.11585989   17.39742471   24.53867822   35.89064319 
energy          : -2464.51768787  -2464.50743546  -2464.46407063  -2464.45096662  -2464.50148664  -2464.51054663  -2464.53043685 
max(|Fr_perp|)   :   0.00000000    0.01441668    0.00365047    0.00456615    0.00504381    0.01348090    0.00000000 
Fr_paral         :   0.00000000   -0.00985426   -0.04723867    0.05163492    0.00676943    0.01980411    0.00000000 
max(|Fsp_paral|) :   0.00000000    0.01170885    0.00977471    0.00339683    0.00036212    0.00350024    0.00000000 
max(|Fsp_perp|)  :   0.00000000    0.00000000    0.00000000    0.00000000    0.00000000    0.00000000    0.00000000 
max(|FNEB|)      :   0.00000000    0.02631038    0.01002738    0.00679005    0.00510357    0.01360438    0.00000000 
max(|Force|)     :   0.00011174    0.01903459    0.02589046    0.02547682    0.00714457    0.02356887    0.00016898 
ksp              :   0.02385807    0.08230895    0.10000000    0.10000000    0.03185865    0.01964781 
max(|step|)      :   0.00000000    0.05652494    0.02154271    0.01458766    0.01096445    0.02922751    0.00000000 
angle (deg.)     :    51.2406  65.8620  61.7528  73.4297  62.7803 
>
iteration       : 110
climbing        : no
zoom on         : no
nim             : 7
barrier         :   0.06715858 (image:  3) 
distance        :   0.00000000   10.12167385   12.80681225   15.09915935   17.38996704   24.52324004   35.89258993 
energy          : -2464.51768787  -2464.50809410  -2464.46222117  -2464.45052929  -2464.50166739  -2464.51096330  -2464.53043685 
max(|Fr_perp|)   :   0.00000000    0.02149329    0.00534317    0.00370854    0.00655908    0.01179904    0.00000000 
Fr_paral         :   0.00000000   -0.00201306   -0.05188479    0.05258992    0.00759781    0.00803946    0.00000000 
max(|Fsp_paral|) :   0.00000000    0.00229507    0.00147190    0.00008297    0.00254761    0.00654255    0.00000000 
max(|Fsp_perp|)  :   0.00000000    0.00000000    0.00000000    0.00000000    0.00000000    0.00000000    0.00000000 
max(|FNEB|)      :   0.00000000    0.02100773    0.00529238    0.00371303    0.00677812    0.01197918    0.00000000 
max(|Force|)     :   0.00011174    0.02129407    0.02746139    0.02602076    0.00619746    0.01162514    0.00016898 
ksp              :   0.02285673    0.08433158    0.10000000    0.10000000    0.03146923    0.01901168 
max(|step|)      :   0.00000000    0.01581408    0.00701603    0.00655168    0.00571204    0.00968625    0.00008547 
angle (deg.)     :    51.6679  65.5467  61.4618  73.4987  62.7078 
>
iteration       : 111
climbing        : no
zoom on         : no
nim             : 7
barrier         :   0.06722154 (image:  3) 
distance        :   0.00000000   10.11163253   12.81797304   15.09405180   17.38382099   24.51105875   35.89006865 
energy          : -2464.51768787  -2464.50859950  -2464.46163358  -2464.45046633  -2464.50178631  -2464.51109568  -2464.53043685 
max(|Fr_perp|)   :   0.00000000    0.00657008    0.00282194    0.00281267    0.00266676    0.00451870    0.00000000 
Fr_paral         :   0.00000000   -0.00196675   -0.05216838    0.05317107    0.00753419    0.00802551    0.00000000 
max(|Fsp_paral|) :   0.00000000    0.00283862    0.00134504    0.00073516    0.00330550    0.00690597    0.00000000 
max(|Fsp_perp|)  :   0.00000000    0.00000000    0.00000000    0.00000000    0.00000000    0.00000000    0.00000000 
max(|FNEB|)      :   0.00000000    0.00646556    0.00324762    0.00340727    0.00228278    0.00688470    0.00000000 
max(|Force|)     :   0.00011174    0.00660425    0.02768077    0.02644982    0.00617572    0.00632699    0.00016898 
ksp              :   0.02216803    0.08504866    0.10000000    0.10000000    0.03128991    0.01882599 
max(|step|)      :   0.00000000    0.00548169    0.00278066    0.00446768    0.00291792    0.00795266    0.00002235 
angle (deg.)     :    51.8248  65.5742  61.2336  73.5532  62.6105 
>
iteration       : 112
climbing        : no
zoom on         : no
nim             : 7
barrier         :   0.06712157 (image:  3) 
distance        :   0.00000000   10.11221752   12.81576466   15.09160704   17.37608406   24.49837160   35.88504493 
energy          : -2464.51768787  -2464.50867810  -2464.46165244  -2464.45056630  -2464.50183193  -2464.51105784  -2464.53043685 
max(|Fr_perp|)   :   0.00000000    0.00716560    0.00308842    0.00242607    0.00260522    0.00311779    0.00000000 
Fr_paral         :   0.00000000   -0.00255481   -0.05147070    0.05340688    0.00754003    0.01102069    0.00000000 
max(|Fsp_paral|) :   0.00000000    0.00324882    0.00135167    0.00046251    0.00321734    0.00593260    0.00000000 
max(|Fsp_perp|)  :   0.00000000    0.00000000    0.00000000    0.00000000    0.00000000    0.00000000    0.00000000 
max(|FNEB|)      :   0.00000000    0.00703371    0.00318748    0.00280272    0.00220432    0.00418575    0.00000000 
max(|Force|)     :   0.00011174    0.00721457    0.02728312    0.02666429    0.00620589    0.01040332    0.00016898 
ksp              :   0.02208075    0.08513515    0.10000000    0.10000000    0.03126045    0.01888989 
max(|step|)      :   0.00000000    0.02278595    0.01354867    0.02529924    0.01872950    0.03714635    0.00042428 
angle (deg.)     :    52.8341  65.5007  59.9469  73.9408  62.1032 
>
iteration       : 113
climbing        : no
zoom on         : no
nim             : 7
barrier         :   0.06681861 (image:  3) 
distance        :   0.00000000   10.11953163   12.80073657   15.07305087   17.32873264   24.42469140   35.86384125 
energy          : -2464.51768787  -2464.50862132  -2464.46158333  -2464.45086927  -2464.50207665  -2464.51027223  -2464.53043685 
max(|Fr_perp|)   :   0.00000000    0.01284280    0.00357147    0.00207783    0.00440539    0.01059533    0.00000000 
Fr_paral         :   0.00000000   -0.00413320   -0.04894710    0.05457322    0.00774915    0.01815644    0.00000000 
max(|Fsp_paral|) :   0.00000000    0.00221919    0.00112929    0.00087734    0.00301058    0.00665840    0.00000000 
max(|Fsp_perp|)  :   0.00000000    0.00000000    0.00000000    0.00000000    0.00000000    0.00000000    0.00000000 
max(|FNEB|)      :   0.00000000    0.01248187    0.00378082    0.00184480    0.00426580    0.01240542    0.00000000 
max(|Force|)     :   0.00011174    0.01316344    0.02649225    0.02793072    0.00607181    0.02000019    0.00016898 
ksp              :   0.02221202    0.08556890    0.10000000    0.10000000    0.03102723    0.01998835 
max(|step|)      :   0.00000000    0.00968213    0.00818205    0.01201777    0.01230831    0.01495325    0.00014099 
angle (deg.)     :    53.3621  65.2632  59.2966  74.2058  61.9775 
>
iteration       : 114
climbing        : no
zoom on         : no
nim             : 7
barrier         :   0.06684485 (image:  3) 
distance        :   0.00000000   10.12577482   12.78365083   15.05767934   17.29866233   24.41490759   35.87436795 
energy          : -2464.51768787  -2464.50869810  -2464.46182636  -2464.45084302  -2464.50220723  -2464.51035864  -2464.53043685 
max(|Fr_perp|)   :   0.00000000    0.00800223    0.00471865    0.00283847    0.00587171    0.01049251    0.00000000 
Fr_paral         :   0.00000000   -0.00361416   -0.04842893    0.05501026    0.00753070    0.01258922    0.00000000 
max(|Fsp_paral|) :   0.00000000    0.00128410    0.00046877    0.00173097    0.00257663    0.00642993    0.00000000 
max(|Fsp_perp|)  :   0.00000000    0.00000000    0.00000000    0.00000000    0.00000000    0.00000000    0.00000000 
max(|FNEB|)      :   0.00000000    0.00779837    0.00473309    0.00275069    0.00576233    0.01048658    0.00000000 
max(|Force|)     :   0.00011174    0.00827875    0.02648375    0.02849250    0.00623525    0.01235997    0.00016898 
ksp              :   0.02210384    0.08521201    0.10000000    0.10000000    0.03084316    0.01986808 
max(|step|)      :   0.00000000    0.02176737    0.02425344    0.03605203    0.03681079    0.03784547    0.00062958 
angle (deg.)     :    54.8937  64.1203  57.7768  75.0235  61.6625 
>
iteration       : 115
climbing        : no
zoom on         : no
nim             : 7
barrier         :   0.06737796 (image:  3) 
distance        :   0.00000000   10.14359895   12.72886474   14.99628085   17.20745239   24.40731205   35.91106095 
energy          : -2464.51768787  -2464.50862725  -2464.46235988  -2464.45030991  -2464.50262772  -2464.51004113  -2464.53043685 
max(|Fr_perp|)   :   0.00000000    0.00435763    0.00310151    0.00350484    0.00292212    0.01687933    0.00000000 
Fr_paral         :   0.00000000   -0.00188017   -0.04985278    0.05586815    0.00740125   -0.00253842    0.00000000 
max(|Fsp_paral|) :   0.00000000    0.00362605    0.00495211    0.00289725    0.00241009    0.01231110    0.00000000 
max(|Fsp_perp|)  :   0.00000000    0.00000000    0.00000000    0.00000000    0.00000000    0.00000000    0.00000000 
max(|FNEB|)      :   0.00000000    0.00500977    0.00444611    0.00457923    0.00310062    0.01765635    0.00000000 
max(|Force|)     :   0.00011174    0.00427969    0.02608040    0.02958785    0.00612787    0.01688897    0.00016898 
ksp              :   0.02210271    0.08390427    0.10000000    0.10000000    0.03011657    0.02021413 
max(|step|)      :   0.00000000    0.01496981    0.01690121    0.02441260    0.02608034    0.05266248    0.00023305 
angle (deg.)     :    55.9832  62.8230  57.0911  75.5809  61.5740 
>
iteration       : 116
climbing        : no
zoom on         : no
nim             : 7
barrier         :   0.06808643 (image:  3) 
distance        :   0.00000000   10.15248595   12.69099194   14.93976562   17.14236080   24.44351884   35.95277573 
energy          : -2464.51768787  -2464.50826686  -2464.46223517  -2464.44960144  -2464.50285422  -2464.50959553  -2464.53043685 
max(|Fr_perp|)   :   0.00000000    0.01541531    0.00539272    0.00353749    0.00479370    0.03184706    0.00000000 
Fr_paral         :   0.00000000    0.00090521   -0.05235329    0.05616900    0.00696728   -0.01389503    0.00000000 
max(|Fsp_paral|) :   0.00000000    0.00842117    0.00677501    0.00236148    0.00231154    0.01722758    0.00000000 
max(|Fsp_perp|)  :   0.00000000    0.00000000    0.00000000    0.00000000    0.00000000    0.00000000    0.00000000 
max(|FNEB|)      :   0.00000000    0.01402474    0.00712076    0.00491587    0.00491624    0.03183105    0.00000000 
max(|Force|)     :   0.00011174    0.01549161    0.02724980    0.02993234    0.00625206    0.03185715    0.00016898 
ksp              :   0.02245315    0.08330011    0.10000000    0.10000000    0.02960785    0.02069685 
max(|step|)      :   0.00000000    0.02733246    0.02630265    0.03717243    0.04079936    0.10000000    0.00069686 
angle (deg.)     :    57.8015  60.4647  56.4622  76.4867  61.5420 
>
iteration       : 117
climbing        : no
zoom on         : no
nim             : 7
barrier         :   0.06949263 (image:  3) 
distance        :   0.00000000   10.16099388   12.63866481   14.84798139   17.04908925   24.54238203   36.03934869 
energy          : -2464.51768787  -2464.50646459  -2464.46123267  -2464.44819524  -2464.50309320  -2464.50873798  -2464.53043685 
max(|Fr_perp|)   :   0.00000000    0.03944338    0.01164066    0.00442648    0.00721066    0.04993160    0.00000000 
Fr_paral         :   0.00000000    0.00650834   -0.05688115    0.05630214    0.00617840   -0.02737600    0.00000000 
max(|Fsp_paral|) :   0.00000000    0.02323217    0.00759231    0.00040933    0.00199996    0.02510406    0.00000000 
max(|Fsp_perp|)  :   0.00000000    0.00000000    0.00000000    0.00000000    0.00000000    0.00000000    0.00000000 
max(|FNEB|)      :   0.00000000    0.03566013    0.01289292    0.00447539    0.00740806    0.05050106    0.00000000 
max(|Force|)     :   0.00011174    0.04047547    0.03195627    0.03053034    0.00703579    0.05012872    0.00016898 
ksp              :   0.02458063    0.08311405    0.10000000    0.10000000    0.02890446    0.02164936 
max(|step|)      :   0.00000000    0.04315209    0.01560164    0.00541564    0.00896445    0.06111101    0.00000000 
angle (deg.)     :    58.2089  60.6732  56.4195  76.3943  61.4766 
>
iteration       : 118
climbing        : no
zoom on         : no
nim             : 7
barrier         :   0.06942776 (image:  3) 
distance        :   0.00000000   10.12666263   12.67239186   14.86421474   17.06745812   24.60360675   36.06365497 
energy          : -2464.51768787  -2464.50793437  -2464.46082891  -2464.44826012  -2464.50324250  -2464.51222673  -2464.53043685 
max(|Fr_perp|)   :   0.00000000    0.02291759    0.00731688    0.00358981    0.00355936    0.00622045    0.00000000 
Fr_paral         :   0.00000000    0.00275687   -0.05419254    0.05623478    0.00645390    0.00414496    0.00000000 
max(|Fsp_paral|) :   0.00000000    0.00847398    0.00308641    0.00057926    0.00219617    0.01604924    0.00000000 
max(|Fsp_perp|)  :   0.00000000    0.00000000    0.00000000    0.00000000    0.00000000    0.00000000    0.00000000 
max(|FNEB|)      :   0.00000000    0.02336754    0.00709602    0.00325868    0.00341035    0.01762011    0.00000000 
max(|Force|)     :   0.00011174    0.02284106    0.02828179    0.02976128    0.00646000    0.00638856    0.00016898 
ksp              :   0.02264357    0.08370693    0.10000000    0.10000000    0.02872570    0.01707935 
max(|step|)      :   0.00000000    0.01845107    0.00739798    0.00366654    0.00253336    0.01585522    0.00005675 
angle (deg.)     :    58.3733  60.7081  56.4970  76.3587  61.3529 
>
iteration       : 119
climbing        : no
zoom on         : no
nim             : 7
barrier         :   0.06930687 (image:  3) 
distance        :   0.00000000   10.11167345   12.68401676   14.87016038   17.07343495   24.59777572   36.06241702 
energy          : -2464.51768787  -2464.50869198  -2464.46057809  -2464.44838100  -2464.50327788  -2464.51222415  -2464.53043685 
max(|Fr_perp|)   :   0.00000000    0.00582210    0.00386034    0.00262687    0.00200613    0.00824394    0.00000000 
Fr_paral         :   0.00000000    0.00245698   -0.05365255    0.05580575    0.00705144    0.01094696    0.00000000 
max(|Fsp_paral|) :   0.00000000    0.00142739    0.00107642    0.00086962    0.00245728    0.01549223    0.00000000 
max(|Fsp_perp|)  :   0.00000000    0.00000000    0.00000000    0.00000000    0.00000000    0.00000000    0.00000000 
max(|FNEB|)      :   0.00000000    0.00592433    0.00343360    0.00213142    0.00177708    0.01233177    0.00000000 
max(|Force|)     :   0.00011174    0.00691412    0.02777206    0.02903581    0.00604942    0.01161748    0.00016898 
ksp              :   0.02168181    0.08416119    0.10000000    0.10000000    0.02871241    0.01709504 
max(|step|)      :   0.00000000    0.01741967    0.00799888    0.00534096    0.00397609    0.02628291    0.00020804 
angle (deg.)     :    58.5202  60.9569  56.6196  76.3090  61.1515 
>
iteration       : 120
climbing        : no
zoom on         : no
nim             : 7
barrier         :   0.06903458 (image:  3) 
distance        :   0.00000000   10.09623756   12.69001841   14.87340376   17.07399029   24.56809596   36.05265099 
energy          : -2464.51768787  -2464.50889109  -2464.46027304  -2464.44865329  -2464.50329498  -2464.51204062  -2464.53043685 
max(|Fr_perp|)   :   0.00000000    0.00674028    0.00192648    0.00136053    0.00159006    0.01087716    0.00000000 
Fr_paral         :   0.00000000    0.00111818   -0.05248107    0.05504550    0.00771221    0.01400345    0.00000000 
max(|Fsp_paral|) :   0.00000000    0.00171299    0.00088603    0.00087454    0.00259284    0.01247973    0.00000000 
max(|Fsp_perp|)  :   0.00000000    0.00000000    0.00000000    0.00000000    0.00000000    0.00000000    0.00000000 
max(|FNEB|)      :   0.00000000    0.00666264    0.00211563    0.00160385    0.00177440    0.01113336    0.00000000 
max(|Force|)     :   0.00011174    0.00664198    0.02692477    0.02816072    0.00562088    0.01602066    0.00016898 
ksp              :   0.02146831    0.08485140    0.10000000    0.10000000    0.02876393    0.01736229 
max(|step|)      :   0.00000000    0.02711544    0.01291071    0.00850290    0.00806172    0.04784748    0.00023537 
angle (deg.)     :    58.7231  61.4449  56.8263  76.2315  60.7757 
>
iteration       : 121
climbing        : no
zoom on         : no
nim             : 7
barrier         :   0.06851299 (image:  3) 
distance        :   0.00000000   10.07272616   12.68916925   14.87691829   17.06843570   24.50164036   36.03262603 
energy          : -2464.51768787  -2464.50892950  -2464.46001178  -2464.44917488  -2464.50329503  -2464.51161813  -2464.53043685 
max(|Fr_perp|)   :   0.00000000    0.01135126    0.00556101    0.00142563    0.00296370    0.01095151    0.00000000 
Fr_paral         :   0.00000000   -0.00122162   -0.05080654    0.05385348    0.00851903    0.01556948    0.00000000 
max(|Fsp_paral|) :   0.00000000    0.00392249    0.00285283    0.00019225    0.00248786    0.00588317    0.00000000 
max(|Fsp_perp|)  :   0.00000000    0.00000000    0.00000000    0.00000000    0.00000000    0.00000000    0.00000000 
max(|FNEB|)      :   0.00000000    0.01173769    0.00528517    0.00139809    0.00312261    0.01105636    0.00000000 
max(|Force|)     :   0.00011174    0.01129060    0.02689407    0.02713364    0.00543321    0.01787765    0.00016898 
ksp              :   0.02150517    0.08576444    0.10000000    0.10000000    0.02890672    0.01797333 
max(|step|)      :   0.00000000    0.03174757    0.01664851    0.01055752    0.01615433    0.04835185    0.00028410 
angle (deg.)     :    58.9457  61.8490  56.7807  76.1756  60.3122 
>
iteration       : 122
climbing        : no
zoom on         : no
nim             : 7
barrier         :   0.06810280 (image:  3) 
distance        :   0.00000000   10.04586755   12.66250590   14.86941609   17.04275687   24.41602668   36.01272186 
energy          : -2464.51768787  -2464.50907705  -2464.46068230  -2464.44958507  -2464.50330498  -2464.51091177  -2464.53043685 
max(|Fr_perp|)   :   0.00000000    0.01353481    0.00642660    0.00133345    0.00603749    0.00888264    0.00000000 
Fr_paral         :   0.00000000   -0.00097581   -0.04908995    0.05351934    0.00828265    0.01485383    0.00000000 
max(|Fsp_paral|) :   0.00000000    0.00424003    0.00132103    0.00172504    0.00201888    0.00458120    0.00000000 
max(|Fsp_perp|)  :   0.00000000    0.00000000    0.00000000    0.00000000    0.00000000    0.00000000    0.00000000 
max(|FNEB|)      :   0.00000000    0.01390773    0.00636785    0.00259846    0.00588676    0.00909551    0.00000000 
max(|Force|)     :   0.00011174    0.01349207    0.02704198    0.02662872    0.00639891    0.01598261    0.00016898 
ksp              :   0.02137948    0.08533467    0.10000000    0.10000000    0.02900745    0.01895483 
max(|step|)      :   0.00000000    0.01902262    0.01507250    0.00952421    0.01504378    0.02647996    0.00022460 
angle (deg.)     :    59.0196  61.9147  56.7127  76.2253  60.0788 
>
iteration       : 123
climbing        : no
zoom on         : no
nim             : 7
barrier         :   0.06826798 (image:  3) 
distance        :   0.00000000   10.03055921   12.62460839   14.83948349   17.00247825   24.35618218   35.99952392 
energy          : -2464.51768787  -2464.50931580  -2464.46136541  -2464.44941990  -2464.50331452  -2464.51036608  -2464.53043685 
max(|Fr_perp|)   :   0.00000000    0.00365187    0.00997884    0.00250579    0.00928398    0.01507766    0.00000000 
Fr_paral         :   0.00000000   -0.00204654   -0.05109239    0.05361797    0.00888677    0.00827251    0.00000000 
max(|Fsp_paral|) :   0.00000000    0.00373237    0.00149651    0.00268286    0.00200435    0.01231078    0.00000000 
max(|Fsp_perp|)  :   0.00000000    0.00000000    0.00000000    0.00000000    0.00000000    0.00000000    0.00000000 
max(|FNEB|)      :   0.00000000    0.00441625    0.00993552    0.00381334    0.00942186    0.01465812    0.00000000 
max(|Force|)     :   0.00011174    0.00344436    0.02645902    0.02659671    0.00892550    0.01485993    0.00016898 
ksp              :   0.02103719    0.08425182    0.10000000    0.10000000    0.02894889    0.01965257 
max(|step|)      :   0.00000000    0.01559405    0.00660427    0.00508300    0.00566646    0.03034565    0.00016301 
angle (deg.)     :    58.9120  61.6044  56.5291  76.2716  60.2874 
>
iteration       : 124
climbing        : no
zoom on         : no
nim             : 7
barrier         :   0.06863189 (image:  3) 
distance        :   0.00000000   10.04433789   12.62209480   14.82852062   16.99729327   24.39052333   36.00649729 
energy          : -2464.51768787  -2464.50930881  -2464.46140739  -2464.44905598  -2464.50338980  -2464.51110677  -2464.53043685 
max(|Fr_perp|)   :   0.00000000    0.00339321    0.00402812    0.00128000    0.00231501    0.00613566    0.00000000 
Fr_paral         :   0.00000000   -0.00131472   -0.05184951    0.05433383    0.00827242    0.00681841    0.00000000 
max(|Fsp_paral|) :   0.00000000    0.00260714    0.00235423    0.00194365    0.00252503    0.00297600    0.00000000 
max(|Fsp_perp|)  :   0.00000000    0.00000000    0.00000000    0.00000000    0.00000000    0.00000000    0.00000000 
max(|FNEB|)      :   0.00000000    0.00358369    0.00394495    0.00279692    0.00247915    0.00617174    0.00000000 
max(|Force|)     :   0.00011174    0.00344090    0.02685944    0.02729413    0.00567291    0.00619950    0.00016898 
ksp              :   0.02098784    0.08380306    0.10000000    0.10000000    0.02874969    0.01863008 
max(|step|)      :   0.00000000    0.00837517    0.00588618    0.00832958    0.00551699    0.01069578    0.00005709 
angle (deg.)     :    58.9621  61.2663  56.3563  76.3196  60.2784 
>
iteration       : 125
climbing        : no
zoom on         : no
nim             : 7
barrier         :   0.06915886 (image:  3) 
distance        :   0.00000000   10.05072786   12.60402188   14.79469202   16.96363881   24.37886233   35.99470190 
energy          : -2464.51768787  -2464.50929719  -2464.46114333  -2464.44852902  -2464.50339938  -2464.51133312  -2464.53043685 
max(|Fr_perp|)   :   0.00000000    0.00301814    0.00321233    0.00133488    0.00131617    0.00303840    0.00000000 
Fr_paral         :   0.00000000   -0.00170768   -0.05277393    0.05479151    0.00811948    0.00837906    0.00000000 
max(|Fsp_paral|) :   0.00000000    0.00158799    0.00288089    0.00112209    0.00283581    0.00014291    0.00000000 
max(|Fsp_perp|)  :   0.00000000    0.00000000    0.00000000    0.00000000    0.00000000    0.00000000    0.00000000 
max(|FNEB|)      :   0.00000000    0.00299110    0.00296991    0.00196177    0.00167031    0.00304044    0.00000000 
max(|Force|)     :   0.00011174    0.00307629    0.02732328    0.02778064    0.00592436    0.00686551    0.00016898 
ksp              :   0.02091923    0.08358435    0.10000000    0.10000000    0.02859435    0.01826977 
max(|step|)      :   0.00000000    0.02783194    0.02517432    0.02883458    0.02779640    0.02064735    0.00065829 
angle (deg.)     :    59.4207  60.1247  55.8301  76.5035  60.0622 
>
iteration       : 126
climbing        : no
zoom on         : no
nim             : 7
barrier         :   0.07082691 (image:  3) 
distance        :   0.00000000   10.05980860   12.53356875   14.67058818   16.83140819   24.30204792   35.95151801 
energy          : -2464.51768787  -2464.50919736  -2464.45990163  -2464.44686096  -2464.50335635  -2464.51143193  -2464.53043685 
max(|Fr_perp|)   :   0.00000000    0.00264096    0.01106118    0.00196411    0.00774200    0.01289210    0.00000000 
Fr_paral         :   0.00000000   -0.00343554   -0.05577527    0.05586977    0.00798314    0.00950498    0.00000000 
max(|Fsp_paral|) :   0.00000000    0.00139406    0.00373233    0.00123512    0.00310876    0.00127240    0.00000000 
max(|Fsp_perp|)  :   0.00000000    0.00000000    0.00000000    0.00000000    0.00000000    0.00000000    0.00000000 
max(|FNEB|)      :   0.00000000    0.00314158    0.01077366    0.00191077    0.00756694    0.01284938    0.00000000 
max(|Force|)     :   0.00011174    0.00345527    0.02891773    0.02878627    0.00807128    0.01313771    0.00016898 
ksp              :   0.02078892    0.08342918    0.10000000    0.10000000    0.02821112    0.01794944 
max(|step|)      :   0.00000000    0.04524199    0.04820962    0.04986871    0.05588817    0.03956410    0.00117808 
angle (deg.)     :    60.8133  57.8805  55.0021  76.9372  59.6421 
>
iteration       : 127
climbing        : no
zoom on         : no
nim             : 7
barrier         :   0.07341910 (image:  3) 
distance        :   0.00000000   10.07164672   12.41881037   14.45915544   16.59891904   24.17722573   35.89886190 
energy          : -2464.51768787  -2464.50880813  -2464.45702198  -2464.44426878  -2464.50332372  -2464.51162731  -2464.53043685 
max(|Fr_perp|)   :   0.00000000    0.00415031    0.01828244    0.00215624    0.00714741    0.01622558    0.00000000 
Fr_paral         :   0.00000000   -0.00624174   -0.05941349    0.05686909    0.00876538    0.00903805    0.00000000 
max(|Fsp_paral|) :   0.00000000    0.00635717    0.00305942    0.00519672    0.00278129    0.00376818    0.00000000 
max(|Fsp_perp|)  :   0.00000000    0.00000000    0.00000000    0.00000000    0.00000000    0.00000000    0.00000000 
max(|FNEB|)      :   0.00000000    0.00966975    0.01806720    0.00582391    0.00699742    0.01628369    0.00000000 
max(|Force|)     :   0.00011174    0.00681455    0.03106560    0.02944916    0.00756511    0.01646570    0.00016898 
ksp              :   0.02088514    0.08436662    0.10000000    0.10000000    0.02760813    0.01742927 
max(|step|)      :   0.00000000    0.04545139    0.07221033    0.06318052    0.09879187    0.06036684    0.00168588 
angle (deg.)     :    64.5378  54.0466  53.5211  77.9855  58.9171 
>
iteration       : 128
climbing        : no
zoom on         : no
nim             : 7
barrier         :   0.07520468 (image:  3) 
distance        :   0.00000000   10.08199608   12.27726021   14.20894411   16.28838538   24.04788803   35.90787269 
energy          : -2464.51768787  -2464.50822683  -2464.45338608  -2464.44248319  -2464.50205084  -2464.51150036  -2464.53043685 
max(|Fr_perp|)   :   0.00000000    0.00894872    0.00976742    0.00298693    0.03815534    0.02774279    0.00000000 
Fr_paral         :   0.00000000   -0.00713906   -0.06344865    0.05626106    0.00727181    0.00793789    0.00000000 
max(|Fsp_paral|) :   0.00000000    0.01278660    0.00115705    0.00777592    0.00871054    0.01241967    0.00000000 
max(|Fsp_perp|)  :   0.00000000    0.00000000    0.00000000    0.00000000    0.00000000    0.00000000    0.00000000 
max(|FNEB|)      :   0.00000000    0.01634936    0.00938784    0.00887928    0.03836445    0.02745083    0.00000000 
max(|Force|)     :   0.00011174    0.00831418    0.03651364    0.02935705    0.03825769    0.02798117    0.00016898 
ksp              :   0.02132236    0.08695214    0.10000000    0.10000000    0.02871337    0.01740481 
max(|step|)      :   0.00000000    0.01914906    0.01845395    0.01573123    0.02574626    0.01667343    0.00013698 
angle (deg.)     :    65.1573  54.4681  53.4179  78.1507  58.7921 
>
iteration       : 129
climbing        : no
zoom on         : no
nim             : 7
barrier         :   0.07382711 (image:  3) 
distance        :   0.00000000   10.06739439   12.30074250   14.25598352   16.33389293   24.07051963   35.95486933 
energy          : -2464.51768787  -2464.50862976  -2464.45366490  -2464.44386076  -2464.50344908  -2464.51188624  -2464.53043685 
max(|Fr_perp|)   :   0.00000000    0.00501566    0.01417410    0.00305292    0.00331738    0.01331171    0.00000000 
Fr_paral         :   0.00000000   -0.00655366   -0.05952770    0.05525593    0.00960880    0.00871965    0.00000000 
max(|Fsp_paral|) :   0.00000000    0.00801863    0.00056628    0.00643288    0.00228301    0.00664569    0.00000000 
max(|Fsp_perp|)  :   0.00000000    0.00000000    0.00000000    0.00000000    0.00000000    0.00000000    0.00000000 
max(|FNEB|)      :   0.00000000    0.01083867    0.01414137    0.00734863    0.00431991    0.01342162    0.00000000 
max(|Force|)     :   0.00011174    0.00653140    0.03077597    0.02853573    0.00770864    0.01346695    0.00016898 
ksp              :   0.02104242    0.08804812    0.10000000    0.10000000    0.02735801    0.01707256 
max(|step|)      :   0.00000000    0.02542251    0.03322981    0.03764490    0.03615833    0.02995791    0.00021351 
angle (deg.)     :    67.2049  54.3074  52.9392  78.7463  58.3773 
>
iteration       : 130
climbing        : no
zoom on         : no
nim             : 7
barrier         :   0.07152872 (image:  3) 
distance        :   0.00000000   10.04274735   12.30331259   14.29073249   16.33735041   24.08258889   36.04963738 
energy          : -2464.51768787  -2464.50899993  -2464.45348175  -2464.44615915  -2464.50368229  -2464.51184578  -2464.53043685 
max(|Fr_perp|)   :   0.00000000    0.00367427    0.00921137    0.00341852    0.00563110    0.00173509    0.00000000 
Fr_paral         :   0.00000000   -0.00476616   -0.05610126    0.05309860    0.00968380    0.00877747    0.00000000 
max(|Fsp_paral|) :   0.00000000    0.00261965    0.00329259    0.00308767    0.00552966    0.00477133    0.00000000 
max(|Fsp_perp|)  :   0.00000000    0.00000000    0.00000000    0.00000000    0.00000000    0.00000000    0.00000000 
max(|FNEB|)      :   0.00000000    0.00423969    0.00905925    0.00401641    0.00701939    0.00352369    0.00000000 
max(|Force|)     :   0.00011174    0.00421531    0.02998166    0.02719758    0.00726021    0.00789062    0.00016898 
ksp              :   0.02093148    0.09078644    0.10000000    0.10000000    0.02762232    0.01735073 
max(|step|)      :   0.00000000    0.03390658    0.02011076    0.04083246    0.02774694    0.03616190    0.00024629 
angle (deg.)     :    68.4661  54.8393  52.7854  79.4869  58.0562 
>
iteration       : 131
climbing        : no
zoom on         : no
nim             : 7
barrier         :   0.06852457 (image:  3) 
distance        :   0.00000000   10.01139990   12.29936515   14.36893298   16.41265479   24.11488530   36.16141946 
energy          : -2464.51768787  -2464.50945206  -2464.45522342  -2464.44916331  -2464.50433835  -2464.51123444  -2464.53043685 
max(|Fr_perp|)   :   0.00000000    0.00263322    0.00902814    0.00318433    0.00212553    0.00524229    0.00000000 
Fr_paral         :   0.00000000   -0.00405656   -0.05361603    0.05191266    0.00825623    0.01011952    0.00000000 
max(|Fsp_paral|) :   0.00000000    0.00113707    0.00184054    0.00133892    0.00464299    0.00795231    0.00000000 
max(|Fsp_perp|)  :   0.00000000    0.00000000    0.00000000    0.00000000    0.00000000    0.00000000    0.00000000 
max(|FNEB|)      :   0.00000000    0.00284435    0.00906633    0.00336527    0.00637461    0.00995030    0.00000000 
max(|Force|)     :   0.00011174    0.00297700    0.02871644    0.02641404    0.00671317    0.00965960    0.00016898 
ksp              :   0.02081690    0.09204066    0.10000000    0.10000000    0.02753323    0.01847592 
max(|step|)      :   0.00000000    0.01258201    0.02383701    0.02189872    0.03332193    0.03054467    0.00053809 
angle (deg.)     :    69.9360  53.5884  52.3222  80.3314  57.9628 
>
iteration       : 132
climbing        : no
zoom on         : no
nim             : 7
barrier         :   0.06851686 (image:  3) 
distance        :   0.00000000   10.00973734   12.24859986   14.30801357   16.35701254   24.12385707   36.22225312 
energy          : -2464.51768787  -2464.50949212  -2464.45522951  -2464.44917101  -2464.50464757  -2464.51145943  -2464.53043685 
max(|Fr_perp|)   :   0.00000000    0.00176581    0.00450506    0.00329329    0.00432458    0.00816340    0.00000000 
Fr_paral         :   0.00000000   -0.00432237   -0.05558054    0.05261072    0.00818648    0.00649423    0.00000000 
max(|Fsp_paral|) :   0.00000000    0.00094305    0.00006490    0.00053896    0.00351500    0.00699760    0.00000000 
max(|Fsp_perp|)  :   0.00000000    0.00000000    0.00000000    0.00000000    0.00000000    0.00000000    0.00000000 
max(|FNEB|)      :   0.00000000    0.00198993    0.00450682    0.00336614    0.00466815    0.00789138    0.00000000 
max(|Force|)     :   0.00011174    0.00249119    0.02909265    0.02729410    0.00610845    0.00797259    0.00016898 
ksp              :   0.02076549    0.09204189    0.10000000    0.10000000    0.02712902    0.01818134 
max(|step|)      :   0.00000000    0.03525347    0.07174767    0.06569476    0.10000000    0.08802413    0.00193901 
angle (deg.)     :    74.9979  49.7530  51.3803  82.9411  57.6757 
>
iteration       : 133
climbing        : no
zoom on         : no
nim             : 7
barrier         :   0.06848188 (image:  3) 
distance        :   0.00000000   10.00729017   12.13518652   14.15339359   16.22633364   24.19654512   36.44461816 
energy          : -2464.51768787  -2464.50943987  -2464.45356214  -2464.44920600  -2464.50534858  -2464.51218513  -2464.53043685 
max(|Fr_perp|)   :   0.00000000    0.00154939    0.00629511    0.00178650    0.01042639    0.00732013    0.00000000 
Fr_paral         :   0.00000000   -0.00491373   -0.06047866    0.05379067    0.00754326    0.00348420    0.00000000 
max(|Fsp_paral|) :   0.00000000    0.00430695    0.00062204    0.00278958    0.00106057    0.00160661    0.00000000 
max(|Fsp_perp|)  :   0.00000000    0.00000000    0.00000000    0.00000000    0.00000000    0.00000000    0.00000000 
max(|FNEB|)      :   0.00000000    0.00409547    0.00645076    0.00454279    0.01083429    0.00760729    0.00000000 
max(|Force|)     :   0.00011174    0.00245414    0.03190867    0.02909494    0.01066985    0.00765384    0.00016898 
ksp              :   0.02084089    0.09426330    0.10000000    0.10000000    0.02622544    0.01724072 
max(|step|)      :   0.00000000    0.00521881    0.00822013    0.00578883    0.01380601    0.00969388    0.00000000 
angle (deg.)     :    75.1285  49.7856  51.3548  82.9404  57.6730 
>
iteration       : 134
climbing        : no
zoom on         : no
nim             : 7
barrier         :   0.06809376 (image:  3) 
distance        :   0.00000000   10.00453657   12.14582372   14.16932811   16.23813816   24.21133410   36.45745390 
energy          : -2464.51768787  -2464.50950861  -2464.45355994  -2464.44959411  -2464.50543213  -2464.51230868  -2464.53043685 
max(|Fr_perp|)   :   0.00000000    0.00102383    0.00334163    0.00145538    0.00733724    0.00330967    0.00000000 
Fr_paral         :   0.00000000   -0.00444135   -0.06024036    0.05351994    0.00663395    0.00750945    0.00000000 
max(|Fsp_paral|) :   0.00000000    0.00286947    0.00028351    0.00231683    0.00122217    0.00048159    0.00000000 
max(|Fsp_perp|)  :   0.00000000    0.00000000    0.00000000    0.00000000    0.00000000    0.00000000    0.00000000 
max(|FNEB|)      :   0.00000000    0.00246365    0.00335098    0.00372565    0.00745948    0.00330174    0.00000000 
max(|Force|)     :   0.00011174    0.00219521    0.03183472    0.02863851    0.00774174    0.00642304    0.00016898 
ksp              :   0.02081058    0.09475834    0.10000000    0.10000000    0.02619851    0.01710972 
max(|step|)      :   0.00000000    0.00331228    0.00291419    0.00474343    0.00426731    0.00339254    0.00003167 
angle (deg.)     :    75.2293  49.8774  51.3529  82.9484  57.6871 
>
iteration       : 135
climbing        : no
zoom on         : no
nim             : 7
barrier         :   0.06776596 (image:  3) 
distance        :   0.00000000   10.00245886   12.15300518   14.18221946   16.24754742   24.22219451   36.46910815 
energy          : -2464.51768787  -2464.50955448  -2464.45360649  -2464.44992191  -2464.50549867  -2464.51233698  -2464.53043685 
max(|Fr_perp|)   :   0.00000000    0.00108588    0.00213439    0.00169879    0.00377518    0.00170999    0.00000000 
Fr_paral         :   0.00000000   -0.00415209   -0.05960362    0.05332953    0.00684275    0.00852468    0.00000000 
max(|Fsp_paral|) :   0.00000000    0.00191640    0.00082337    0.00184434    0.00141231    0.00049375    0.00000000 
max(|Fsp_perp|)  :   0.00000000    0.00000000    0.00000000    0.00000000    0.00000000    0.00000000    0.00000000 
max(|FNEB|)      :   0.00000000    0.00198595    0.00216304    0.00314387    0.00392013    0.00212514    0.00000000 
max(|Force|)     :   0.00011174    0.00216213    0.03103889    0.02844022    0.00558175    0.00802728    0.00016898 
ksp              :   0.02080196    0.09510651    0.10000000    0.10000000    0.02618849    0.01710652 
max(|step|)      :   0.00000000    0.01270330    0.00977242    0.01947951    0.01420175    0.00840685    0.00023400 
angle (deg.)     :    75.5922  50.2896  51.2681  83.0180  57.7882 
>
iteration       : 136
climbing        : no
zoom on         : no
nim             : 7
barrier         :   0.06647577 (image:  3) 
distance        :   0.00000000    9.99464780   12.17302504   14.23018963   16.28257427   24.26377684   36.51801569 
energy          : -2464.51768787  -2464.50970532  -2464.45398227  -2464.45121211  -2464.50567400  -2464.51244308  -2464.53043685 
max(|Fr_perp|)   :   0.00000000    0.00116808    0.00272268    0.00197931    0.00149709    0.00173044    0.00000000 
Fr_paral         :   0.00000000   -0.00340965   -0.05744291    0.05267123    0.00711827    0.00857460    0.00000000 
max(|Fsp_paral|) :   0.00000000    0.00092042    0.00201973    0.00024411    0.00270876    0.00005363    0.00000000 
max(|Fsp_perp|)  :   0.00000000    0.00000000    0.00000000    0.00000000    0.00000000    0.00000000    0.00000000 
max(|FNEB|)      :   0.00000000    0.00187338    0.00321376    0.00201484    0.00355343    0.00167681    0.00000000 
max(|Force|)     :   0.00011174    0.00213088    0.02969148    0.02785787    0.00523663    0.00816779    0.00016898 
ksp              :   0.02080739    0.09624953    0.10000000    0.10000000    0.02626530    0.01710080 
max(|step|)      :   0.00000000    0.01196331    0.00921900    0.01772578    0.02150375    0.00898518    0.00018115 
angle (deg.)     :    75.8754  50.6615  51.0260  83.1879  57.9105 
>
iteration       : 137
climbing        : no
zoom on         : no
nim             : 7
barrier         :   0.06546977 (image:  3) 
distance        :   0.00000000    9.98804862   12.17575370   14.26356660   16.31235892   24.29869447   36.56430443 
energy          : -2464.51768787  -2464.50981353  -2464.45482141  -2464.45221811  -2464.50588306  -2464.51253722  -2464.53043685 
max(|Fr_perp|)   :   0.00000000    0.00138942    0.00360049    0.00171612    0.00543968    0.00238291    0.00000000 
Fr_paral         :   0.00000000   -0.00340076   -0.05625567    0.05282077    0.00706003    0.00876364    0.00000000 
max(|Fsp_paral|) :   0.00000000    0.00158542    0.00110718    0.00200700    0.00285553    0.00002882    0.00000000 
max(|Fsp_perp|)  :   0.00000000    0.00000000    0.00000000    0.00000000    0.00000000    0.00000000    0.00000000 
max(|FNEB|)      :   0.00000000    0.00220201    0.00386380    0.00305230    0.00512373    0.00238173    0.00000000 
max(|Force|)     :   0.00011174    0.00167580    0.02934791    0.02787516    0.00495319    0.00850514    0.00016898 
ksp              :   0.02082471    0.09642129    0.10000000    0.10000000    0.02622785    0.01708050 
max(|step|)      :   0.00000000    0.02389887    0.01749277    0.03157864    0.05565323    0.02396705    0.00068830 
angle (deg.)     :    76.5314  51.0847  50.3071  83.6921  58.2297 
>
iteration       : 138
climbing        : no
zoom on         : no
nim             : 7
barrier         :   0.06421096 (image:  3) 
distance        :   0.00000000    9.97377890   12.17591237   14.30982891   16.37283366   24.37175381   36.66818609 
energy          : -2464.51768787  -2464.50996471  -2464.45639494  -2464.45347691  -2464.50640591  -2464.51275163  -2464.53043685 
max(|Fr_perp|)   :   0.00000000    0.00232505    0.00869342    0.00124470    0.00404307    0.00283159    0.00000000 
Fr_paral         :   0.00000000   -0.00308097   -0.05467613    0.05394643    0.00583298    0.00802590    0.00000000 
max(|Fsp_paral|) :   0.00000000    0.00188914    0.00114150    0.00370799    0.00011208    0.00117789    0.00000000 
max(|Fsp_perp|)  :   0.00000000    0.00000000    0.00000000    0.00000000    0.00000000    0.00000000    0.00000000 
max(|FNEB|)      :   0.00000000    0.00231376    0.00875036    0.00476611    0.00404210    0.00279871    0.00000000 
max(|Force|)     :   0.00011174    0.00233499    0.02914433    0.02830912    0.00419233    0.00746672    0.00016898 
ksp              :   0.02082501    0.09591001    0.10000000    0.10000000    0.02581313    0.01691878 
max(|step|)      :   0.00000000    0.00803752    0.01428323    0.01367753    0.02829038    0.01704412    0.00040663 
angle (deg.)     :    76.8119  50.8264  49.9899  83.9644  58.4289 
>
iteration       : 139
climbing        : no
zoom on         : no
nim             : 7
barrier         :   0.06445882 (image:  3) 
distance        :   0.00000000    9.96757779   12.16734244   14.30252465   16.38391633   24.39311575   36.70770710 
energy          : -2464.51768787  -2464.51000489  -2464.45702397  -2464.45322905  -2464.50664539  -2464.51290328  -2464.53043685 
max(|Fr_perp|)   :   0.00000000    0.00110111    0.00374960    0.00163874    0.00589069    0.00287998    0.00000000 
Fr_paral         :   0.00000000   -0.00316039   -0.05685104    0.05512169    0.00603341    0.00597394    0.00000000 
max(|Fsp_paral|) :   0.00000000    0.00093234    0.00274074    0.00283464    0.00291478    0.00138490    0.00000000 
max(|Fsp_perp|)  :   0.00000000    0.00000000    0.00000000    0.00000000    0.00000000    0.00000000    0.00000000 
max(|FNEB|)      :   0.00000000    0.00143962    0.00405060    0.00383007    0.00620078    0.00295570    0.00000000 
max(|Force|)     :   0.00011174    0.00262499    0.02894645    0.02922355    0.00548056    0.00440538    0.00016898 
ksp              :   0.02072729    0.09470137    0.10000000    0.10000000    0.02541796    0.01668044 
max(|step|)      :   0.00000000    0.00949405    0.00831627    0.01491013    0.01661252    0.00373585    0.00018540 
angle (deg.)     :    76.6338  50.3781  50.0760  83.8236  58.3654 
>
iteration       : 140
climbing        : no
zoom on         : no
nim             : 7
barrier         :   0.06546172 (image:  3) 
distance        :   0.00000000    9.97162692   12.16398946   14.26712510   16.35168583   24.36065513   36.66888973 
energy          : -2464.51768787  -2464.50997792  -2464.45622632  -2464.45222616  -2464.50655643  -2464.51288977  -2464.53043685 
max(|Fr_perp|)   :   0.00000000    0.00100081    0.00291132    0.00149315    0.00155210    0.00227274    0.00000000 
Fr_paral         :   0.00000000   -0.00337141   -0.05819286    0.05528494    0.00635844    0.00626931    0.00000000 
max(|Fsp_paral|) :   0.00000000    0.00095853    0.00164378    0.00097453    0.00368181    0.00121895    0.00000000 
max(|Fsp_perp|)  :   0.00000000    0.00000000    0.00000000    0.00000000    0.00000000    0.00000000    0.00000000 
max(|FNEB|)      :   0.00000000    0.00120340    0.00315016    0.00195437    0.00422079    0.00233957    0.00000000 
max(|Force|)     :   0.00011174    0.00242260    0.03002936    0.02935073    0.00354326    0.00485157    0.00016898 
ksp              :   0.02060003    0.09450038    0.10000000    0.10000000    0.02530405    0.01659667 
max(|step|)      :   0.00000000    0.02164065    0.01884263    0.02604175    0.04578890    0.00886231    0.00034686 
angle (deg.)     :    76.2927  49.8034  50.4076  83.4164  58.2438 
>
iteration       : 141
climbing        : no
zoom on         : no
nim             : 7
barrier         :   0.06714671 (image:  3) 
distance        :   0.00000000    9.98064191   12.15849045   14.20501574   16.27811867   24.29196814   36.58768187 
energy          : -2464.51768787  -2464.50985779  -2464.45460667  -2464.45054116  -2464.50617465  -2464.51285450  -2464.53043685 
max(|Fr_perp|)   :   0.00000000    0.00064301    0.00261003    0.00180371    0.00283289    0.00325559    0.00000000 
Fr_paral         :   0.00000000   -0.00397707   -0.05940746    0.05474770    0.00737539    0.00726178    0.00000000 
max(|Fsp_paral|) :   0.00000000    0.00074385    0.00065389    0.00137839    0.00219894    0.00089774    0.00000000 
max(|Fsp_perp|)  :   0.00000000    0.00000000    0.00000000    0.00000000    0.00000000    0.00000000    0.00000000 
max(|FNEB|)      :   0.00000000    0.00084835    0.00256682    0.00203522    0.00261244    0.00327223    0.00000000 
max(|Force|)     :   0.00011174    0.00241589    0.03059737    0.02866584    0.00425237    0.00631976    0.00016898 
ksp              :   0.02049503    0.09455080    0.10000000    0.10000000    0.02543173    0.01647841 
max(|step|)      :   0.00000000    0.00498237    0.00600950    0.00884792    0.00645153    0.01038529    0.00020978 
angle (deg.)     :    76.5080  49.9890  50.1044  83.3938  58.3617 
>
iteration       : 142
climbing        : no
zoom on         : no
nim             : 7
barrier         :   0.06717781 (image:  3) 
distance        :   0.00000000    9.97784199   12.15576093   14.20136610   16.26224917   24.28592185   36.59762193 
energy          : -2464.51768787  -2464.50986166  -2464.45469795  -2464.45051007  -2464.50615036  -2464.51293503  -2464.53043685 
max(|Fr_perp|)   :   0.00000000    0.00176088    0.00496384    0.00375675    0.00611009    0.00516004    0.00000000 
Fr_paral         :   0.00000000   -0.00419859   -0.05839292    0.05511718    0.00733640    0.00758413    0.00000000 
max(|Fsp_paral|) :   0.00000000    0.00064235    0.00052278    0.00079152    0.00114975    0.00206994    0.00000000 
max(|Fsp_perp|)  :   0.00000000    0.00000000    0.00000000    0.00000000    0.00000000    0.00000000    0.00000000 
max(|FNEB|)      :   0.00000000    0.00176874    0.00493770    0.00382011    0.00599970    0.00524621    0.00000000 
max(|Force|)     :   0.00011174    0.00306108    0.02977643    0.02910718    0.00655298    0.00705617    0.00016898 
ksp              :   0.02048500    0.09438938    0.10000000    0.10000000    0.02545714    0.01636751 
max(|step|)      :   0.00000000    0.00706089    0.00789359    0.01148976    0.01044739    0.01509896    0.00037211 
angle (deg.)     :    76.8632  50.1497  49.7554  83.4876  58.5445 
>
iteration       : 143
climbing        : no
zoom on         : no
nim             : 7
barrier         :   0.06695121 (image:  3) 
distance        :   0.00000000    9.97179906   12.15357616   14.20711669   16.26199883   24.29706230   36.63169494 
energy          : -2464.51768787  -2464.50990940  -2464.45511899  -2464.45073667  -2464.50631277  -2464.51308546  -2464.53043685 
max(|Fr_perp|)   :   0.00000000    0.00132985    0.00476573    0.00307547    0.00380978    0.00416571    0.00000000 
Fr_paral         :   0.00000000   -0.00423441   -0.05776400    0.05539342    0.00746280    0.00760575    0.00000000 
max(|Fsp_paral|) :   0.00000000    0.00073282    0.00001515    0.00006974    0.00143860    0.00268230    0.00000000 
max(|Fsp_perp|)  :   0.00000000    0.00000000    0.00000000    0.00000000    0.00000000    0.00000000    0.00000000 
max(|FNEB|)      :   0.00000000    0.00133776    0.00476650    0.00308105    0.00377195    0.00427650    0.00000000 
max(|Force|)     :   0.00011174    0.00326119    0.02962885    0.02904463    0.00433971    0.00719030    0.00016898 
ksp              :   0.02045631    0.09410900    0.10000000    0.10000000    0.02529112    0.01618685 
max(|step|)      :   0.00000000    0.05101668    0.05759746    0.09432104    0.06019323    0.09197873    0.00241091 
angle (deg.)     :    79.1515  50.7953  47.6438  83.6517  59.7145 
>
iteration       : 144
climbing        : no
zoom on         : no
nim             : 7
barrier         :   0.06775705 (image:  3) 
distance        :   0.00000000    9.93993822   12.13240645   14.17228709   16.16549328   24.27110318   36.79036777 
energy          : -2464.51768787  -2464.50998040  -2464.45589990  -2464.44993083  -2464.50657770  -2464.51378696  -2464.53043685 
max(|Fr_perp|)   :   0.00000000    0.00174064    0.00405062    0.00256050    0.00577839    0.00399659    0.00000000 
Fr_paral         :   0.00000000   -0.00446382   -0.05463014    0.05685185    0.00908960    0.00870594    0.00000000 
max(|Fsp_paral|) :   0.00000000    0.00039459    0.00111372    0.00243375    0.00088120    0.00805274    0.00000000 
max(|Fsp_perp|)  :   0.00000000    0.00000000    0.00000000    0.00000000    0.00000000    0.00000000    0.00000000 
max(|FNEB|)      :   0.00000000    0.00195650    0.00416868    0.00455490    0.00568545    0.00656897    0.00000000 
max(|Force|)     :   0.00011174    0.00386088    0.02890887    0.02981410    0.00612687    0.00941616    0.00016898 
ksp              :   0.02023765    0.09207143    0.10000000    0.10000000    0.02475736    0.01518148 
max(|step|)      :   0.00000000    0.04254886    0.04885924    0.07879400    0.05305190    0.06058483    0.00169195 
angle (deg.)     :    80.9434  51.2325  46.1969  83.6717  60.5655 
>
iteration       : 145
climbing        : no
zoom on         : no
nim             : 7
barrier         :   0.06949860 (image:  3) 
distance        :   0.00000000    9.91791274   12.11885214   14.12179637   16.07637024   24.21387940   36.91033933 
energy          : -2464.51768787  -2464.50996454  -2464.45569265  -2464.44818927  -2464.50640954  -2464.51387217  -2464.53043685 
max(|Fr_perp|)   :   0.00000000    0.00193137    0.00502620    0.00305567    0.01400155    0.01593212    0.00000000 
Fr_paral         :   0.00000000   -0.00458683   -0.05253259    0.05807102    0.01043013    0.00863471    0.00000000 
max(|Fsp_paral|) :   0.00000000    0.00019112    0.00082807    0.00253800    0.00314258    0.00802362    0.00000000 
max(|Fsp_perp|)  :   0.00000000    0.00000000    0.00000000    0.00000000    0.00000000    0.00000000    0.00000000 
max(|FNEB|)      :   0.00000000    0.00203361    0.00497870    0.00495423    0.01366134    0.01565382    0.00000000 
max(|Force|)     :   0.00011174    0.00395304    0.02894266    0.03005066    0.01325744    0.01616045    0.00016898 
ksp              :   0.02000164    0.09028320    0.10000000    0.10000000    0.02460533    0.01494129 
max(|step|)      :   0.00000000    0.02709684    0.03081021    0.04933175    0.03381420    0.03655299    0.00089239 
angle (deg.)     :    82.0197  51.2553  45.4491  83.7321  61.0558 
>
iteration       : 146
climbing        : no
zoom on         : no
nim             : 7
barrier         :   0.07113797 (image:  3) 
distance        :   0.00000000    9.90547750   12.10666887   14.07493995   16.02153659   24.16438692   36.98582316 
energy          : -2464.51768787  -2464.50995132  -2464.45548030  -2464.44654990  -2464.50647680  -2464.51418795  -2464.53043685 
max(|Fr_perp|)   :   0.00000000    0.00171667    0.00460563    0.00385304    0.00995568    0.00396289    0.00000000 
Fr_paral         :   0.00000000   -0.00455212   -0.05287435    0.05915813    0.01066081    0.00735614    0.00000000 
max(|Fsp_paral|) :   0.00000000    0.00044188    0.00083089    0.00114391    0.00149599    0.00913055    0.00000000 
max(|Fsp_perp|)  :   0.00000000    0.00000000    0.00000000    0.00000000    0.00000000    0.00000000    0.00000000 
max(|FNEB|)      :   0.00000000    0.00178558    0.00469768    0.00390647    0.00980175    0.00695318    0.00000000 
max(|Force|)     :   0.00011174    0.00388168    0.02865737    0.03050390    0.00923094    0.00780394    0.00016898 
ksp              :   0.01978787    0.08870174    0.10000000    0.10000000    0.02418365    0.01442792 
max(|step|)      :   0.00000000    0.05687381    0.06300137    0.07575400    0.06311039    0.07875761    0.00122196 
angle (deg.)     :    83.6944  50.9864  44.7835  83.5692  61.6084 
>
iteration       : 147
climbing        : no
zoom on         : no
nim             : 7
barrier         :   0.07530320 (image:  3) 
distance        :   0.00000000    9.89068431   12.08145936   13.94624218   15.88422345   23.97029166   37.05621506 
energy          : -2464.51768787  -2464.50983382  -2464.45387199  -2464.44238467  -2464.50603532  -2464.51378251  -2464.53043685 
max(|Fr_perp|)   :   0.00000000    0.00199373    0.00352511    0.00410566    0.00338766    0.00690016    0.00000000 
Fr_paral         :   0.00000000   -0.00399871   -0.05552379    0.06189223    0.01104187    0.00516560    0.00000000 
max(|Fsp_paral|) :   0.00000000    0.00165194    0.00135305    0.00391882    0.00021182    0.00118042    0.00000000 
max(|Fsp_perp|)  :   0.00000000    0.00000000    0.00000000    0.00000000    0.00000000    0.00000000    0.00000000 
max(|FNEB|)      :   0.00000000    0.00262865    0.00338056    0.00555855    0.00338822    0.00693787    0.00000000 
max(|Force|)     :   0.00011174    0.00306493    0.02981019    0.03133082    0.00783932    0.00684382    0.00016898 
ksp              :   0.01938692    0.08627072    0.10000000    0.10000000    0.02392676    0.01466757 
max(|step|)      :   0.00000000    0.01519011    0.02102601    0.03619988    0.01926870    0.01792287    0.00038730 
angle (deg.)     :    83.2444  51.1492  45.9626  83.6861  61.3862 
>
iteration       : 148
climbing        : no
zoom on         : no
nim             : 7
barrier         :   0.07349680 (image:  3) 
distance        :   0.00000000    9.89043967   12.07861188   13.98141600   15.92884486   24.00191732   37.04955676 
energy          : -2464.51768787  -2464.50995533  -2464.45452638  -2464.44419107  -2464.50633749  -2464.51373272  -2464.53043685 
max(|Fr_perp|)   :   0.00000000    0.00103003    0.00313617    0.00538137    0.00429005    0.00678326    0.00000000 
Fr_paral         :   0.00000000   -0.00448059   -0.05523527    0.05936446    0.01114700    0.00618339    0.00000000 
max(|Fsp_paral|) :   0.00000000    0.00085377    0.00044773    0.00237410    0.00118126    0.00056160    0.00000000 
max(|Fsp_perp|)  :   0.00000000    0.00000000    0.00000000    0.00000000    0.00000000    0.00000000    0.00000000 
max(|FNEB|)      :   0.00000000    0.00119085    0.00303778    0.00638319    0.00418304    0.00676516    0.00000000 
max(|Force|)     :   0.00011174    0.00235122    0.02987906    0.03067029    0.00688598    0.00663009    0.00016898 
ksp              :   0.01946883    0.08734396    0.10000000    0.10000000    0.02389903    0.01484325 
max(|step|)      :   0.00000000    0.01313598    0.02087920    0.04652594    0.02029103    0.01770144    0.00027641 
angle (deg.)     :    82.7860  51.4223  47.0054  83.7596  61.1645 
>
iteration       : 149
climbing        : no
zoom on         : no
nim             : 7
barrier         :   0.07142571 (image:  3) 
distance        :   0.00000000    9.88965948   12.07703078   14.02125812   15.96989196   24.03112595   37.04387551 
energy          : -2464.51768787  -2464.51003880  -2464.45511848  -2464.44626217  -2464.50651044  -2464.51366880  -2464.53043685 
max(|Fr_perp|)   :   0.00000000    0.00081018    0.00352461    0.00392590    0.00226112    0.00177567    0.00000000 
Fr_paral         :   0.00000000   -0.00458715   -0.05494658    0.05795873    0.01112318    0.00674716    0.00000000 
max(|Fsp_paral|) :   0.00000000    0.00006627    0.00005014    0.00023294    0.00046796    0.00144285    0.00000000 
max(|Fsp_perp|)  :   0.00000000    0.00000000    0.00000000    0.00000000    0.00000000    0.00000000    0.00000000 
max(|FNEB|)      :   0.00000000    0.00081897    0.00353395    0.00391839    0.00221835    0.00237035    0.00000000 
max(|Force|)     :   0.00011174    0.00304791    0.02950020    0.02970199    0.00622862    0.00610762    0.00016898 
ksp              :   0.01963822    0.08884060    0.10000000    0.10000000    0.02408413    0.01506424 
max(|step|)      :   0.00000000    0.01285819    0.01408487    0.01486516    0.01613208    0.01784094    0.00044859 
angle (deg.)     :    83.2065  51.8541  47.3936  83.8658  61.3779 
>
iteration       : 150
climbing        : no
zoom on         : no
nim             : 7
barrier         :   0.07050591 (image:  3) 
distance        :   0.00000000    9.87906618   12.06984694   14.03282097   15.97064566   24.03501852   37.11064897 
energy          : -2464.51768787  -2464.51008537  -2464.45549996  -2464.44718196  -2464.50654480  -2464.51364882  -2464.53043685 
max(|Fr_perp|)   :   0.00000000    0.00089374    0.00271402    0.00216544    0.00156792    0.00451060    0.00000000 
Fr_paral         :   0.00000000   -0.00453777   -0.05452402    0.05762420    0.01117475    0.00679340    0.00000000 
max(|Fsp_paral|) :   0.00000000    0.00068412    0.00025181    0.00132491    0.00102544    0.00216762    0.00000000 
max(|Fsp_perp|)  :   0.00000000    0.00000000    0.00000000    0.00000000    0.00000000    0.00000000    0.00000000 
max(|FNEB|)      :   0.00000000    0.00100788    0.00272576    0.00289139    0.00172762    0.00457648    0.00000000 
max(|Force|)     :   0.00011174    0.00296053    0.02911210    0.02879086    0.00636728    0.00619326    0.00016898 
ksp              :   0.01970451    0.08938216    0.10000000    0.10000000    0.02422401    0.01515581 
max(|step|)      :   0.00000000    0.05532832    0.06103781    0.06212695    0.06767992    0.07126483    0.00206282 
angle (deg.)     :    85.1638  53.1705  47.5681  84.3577  62.4334 
>
iteration       : 151
climbing        : no
zoom on         : no
nim             : 7
barrier         :   0.06947142 (image:  3) 
distance        :   0.00000000    9.84124967   12.04583140   14.03612063   15.95426972   24.05380822   37.38383831 
energy          : -2464.51768787  -2464.51018374  -2464.45648388  -2464.44821646  -2464.50674528  -2464.51375647  -2464.53043685 
max(|Fr_perp|)   :   0.00000000    0.00186676    0.00370957    0.00249111    0.00474670    0.00782354    0.00000000 
Fr_paral         :   0.00000000   -0.00434837   -0.05315206    0.05809710    0.01109803    0.00619387    0.00000000 
max(|Fsp_paral|) :   0.00000000    0.00165649    0.00113369    0.00376194    0.00261369    0.00415138    0.00000000 
max(|Fsp_perp|)  :   0.00000000    0.00000000    0.00000000    0.00000000    0.00000000    0.00000000    0.00000000 
max(|FNEB|)      :   0.00000000    0.00186055    0.00376560    0.00582349    0.00447248    0.00793643    0.00000000 
max(|Force|)     :   0.00011174    0.00313829    0.02870006    0.02823470    0.00678752    0.00795359    0.00016898 
ksp              :   0.01972158    0.08928957    0.10000000    0.10000000    0.02417610    0.01509312 
max(|step|)      :   0.00000000    0.07768392    0.08506710    0.08556658    0.09333598    0.09480084    0.00309325 
angle (deg.)     :    87.8000  54.3581  47.4343  85.1871  64.0399 
>
iteration       : 152
climbing        : no
zoom on         : no
nim             : 7
barrier         :   0.06984454 (image:  3) 
distance        :   0.00000000    9.79241608   12.00968263   14.00248501   15.92844040   24.11563730   37.78820578 
energy          : -2464.51768787  -2464.51016954  -2464.45734117  -2464.44784334  -2464.50705951  -2464.51394159  -2464.53043685 
max(|Fr_perp|)   :   0.00000000    0.00618907    0.00348972    0.01148456    0.00772281    0.00742658    0.00000000 
Fr_paral         :   0.00000000   -0.00466327   -0.05295296    0.05876799    0.01062819    0.00414308    0.00000000 
max(|Fsp_paral|) :   0.00000000    0.00109726    0.00240611    0.00343539    0.00091180    0.00677549    0.00000000 
max(|Fsp_perp|)  :   0.00000000    0.00000000    0.00000000    0.00000000    0.00000000    0.00000000    0.00000000 
max(|FNEB|)      :   0.00000000    0.00618587    0.00393537    0.01150790    0.00769721    0.00717327    0.00000000 
max(|Force|)     :   0.00011174    0.00619736    0.02867222    0.02873096    0.00752905    0.00715181    0.00016898 
ksp              :   0.01968795    0.08776131    0.10000000    0.10000000    0.02369546    0.01482738 
max(|step|)      :   0.00000000    0.02019805    0.02172070    0.02163548    0.02402039    0.03915108    0.00096018 
angle (deg.)     :    88.3921  54.1736  47.3057  85.4185  64.5190 
>
iteration       : 153
climbing        : no
zoom on         : no
nim             : 7
barrier         :   0.07044251 (image:  3) 
distance        :   0.00000000    9.77888655   11.99124567   13.96394086   15.90159054   24.13877130   37.88737882 
energy          : -2464.51768787  -2464.51022047  -2464.45712037  -2464.44724537  -2464.50725909  -2464.51422471  -2464.53043685 
max(|Fr_perp|)   :   0.00000000    0.00206178    0.00238295    0.00405236    0.00472068    0.00274736    0.00000000 
Fr_paral         :   0.00000000   -0.00438139   -0.05424901    0.05946545    0.01068215    0.00331693    0.00000000 
max(|Fsp_paral|) :   0.00000000    0.00137335    0.00201261    0.00179151    0.00105773    0.00480969    0.00000000 
max(|Fsp_perp|)  :   0.00000000    0.00000000    0.00000000    0.00000000    0.00000000    0.00000000    0.00000000 
max(|FNEB|)      :   0.00000000    0.00227292    0.00308432    0.00402379    0.00484710    0.00364245    0.00000000 
max(|Force|)     :   0.00011174    0.00306541    0.02895104    0.02852402    0.00720036    0.00295958    0.00016898 
ksp              :   0.01954063    0.08738333    0.10000000    0.10000000    0.02332421    0.01442467 
max(|step|)      :   0.00000000    0.01431903    0.02235899    0.03030861    0.01643516    0.05060214    0.00085683 
angle (deg.)     :    88.5426  53.3130  47.3745  85.5988  64.9024 
>
iteration       : 154
climbing        : no
zoom on         : no
nim             : 7
barrier         :   0.07184126 (image:  3) 
distance        :   0.00000000    9.76738934   11.95658428   13.88371373   15.83916477   24.15692753   37.92343010 
energy          : -2464.51768787  -2464.51017701  -2464.45608828  -2464.44584661  -2464.50724935  -2464.51445508  -2464.53043685 
max(|Fr_perp|)   :   0.00000000    0.00201407    0.00339505    0.00405527    0.00257386    0.00570745    0.00000000 
Fr_paral         :   0.00000000   -0.00493054   -0.05634254    0.05927812    0.01099998    0.00335397    0.00000000 
max(|Fsp_paral|) :   0.00000000    0.00077218    0.00094976    0.00143807    0.00228716    0.00113958    0.00000000 
max(|Fsp_perp|)  :   0.00000000    0.00000000    0.00000000    0.00000000    0.00000000    0.00000000    0.00000000 
max(|FNEB|)      :   0.00000000    0.00201874    0.00322644    0.00404947    0.00254956    0.00567975    0.00000000 
max(|Force|)     :   0.00011174    0.00339398    0.02933927    0.02901667    0.00733926    0.00564421    0.00016898 
ksp              :   0.01940932    0.08716963    0.10000000    0.10000000    0.02307699    0.01404992 
max(|step|)      :   0.00000000    0.01406006    0.01926686    0.02192652    0.01697787    0.04356682    0.00079677 
angle (deg.)     :    88.7077  52.5632  47.4568  85.7416  65.2626 
>
iteration       : 155
climbing        : no
zoom on         : no
nim             : 7
barrier         :   0.07251074 (image:  3) 
distance        :   0.00000000    9.75493568   11.92710784   13.82268031   15.78183691   24.17185780   37.95910768 
energy          : -2464.51768787  -2464.51008228  -2464.45506780  -2464.44517714  -2464.50715489  -2464.51462896  -2464.53043685 
max(|Fr_perp|)   :   0.00000000    0.00579467    0.00376319    0.00352994    0.00376219    0.00475669    0.00000000 
Fr_paral         :   0.00000000   -0.00490270   -0.05663554    0.05892283    0.01188288    0.00329978    0.00000000 
max(|Fsp_paral|) :   0.00000000    0.00056569    0.00049695    0.00320833    0.00146250    0.00260895    0.00000000 
max(|Fsp_perp|)  :   0.00000000    0.00000000    0.00000000    0.00000000    0.00000000    0.00000000    0.00000000 
max(|FNEB|)      :   0.00000000    0.00584366    0.00381815    0.00356859    0.00374768    0.00469867    0.00000000 
max(|Force|)     :   0.00011174    0.00553218    0.02910814    0.02920509    0.00688166    0.00481353    0.00016898 
ksp              :   0.01944003    0.08772375    0.10000000    0.10000000    0.02307349    0.01379671 
max(|step|)      :   0.00000000    0.00965797    0.00908763    0.00900608    0.01070300    0.01595486    0.00036116 
angle (deg.)     :    88.7622  52.2411  47.5198  85.8116  65.4132 
>
iteration       : 156
climbing        : no
zoom on         : no
nim             : 7
barrier         :   0.07233318 (image:  3) 
distance        :   0.00000000    9.74776437   11.90922325   13.79977118   15.75222505   24.17270959   37.97029671 
energy          : -2464.51768787  -2464.51006699  -2464.45470035  -2464.44535469  -2464.50711290  -2464.51475342  -2464.53043685 
max(|Fr_perp|)   :   0.00000000    0.00378999    0.00255713    0.00196329    0.00257139    0.00240255    0.00000000 
Fr_paral         :   0.00000000   -0.00593654   -0.05683331    0.05817213    0.01214010    0.00367098    0.00000000 
max(|Fsp_paral|) :   0.00000000    0.00068292    0.00097440    0.00311409    0.00015317    0.00514368    0.00000000 
max(|Fsp_perp|)  :   0.00000000    0.00000000    0.00000000    0.00000000    0.00000000    0.00000000    0.00000000 
max(|FNEB|)      :   0.00000000    0.00371996    0.00295056    0.00366210    0.00257416    0.00524864    0.00000000 
max(|Force|)     :   0.00011174    0.00442556    0.02892043    0.02884924    0.00687341    0.00294236    0.00016898 
ksp              :   0.01948223    0.08837174    0.10000000    0.10000000    0.02315782    0.01365117 
max(|step|)      :   0.00000000    0.00195229    0.00343406    0.00442998    0.00175632    0.00618790    0.00001572 
angle (deg.)     :    88.7408  52.2569  47.4601  85.8104  65.3856 
>
iteration       : 157
climbing        : no
zoom on         : no
nim             : 7
barrier         :   0.07186260 (image:  3) 
distance        :   0.00000000    9.74645548   11.90509017   13.80547113   15.75064053   24.16419156   37.96402830 
energy          : -2464.51768787  -2464.51008192  -2464.45485480  -2464.44582527  -2464.50712575  -2464.51474557  -2464.53043685 
max(|Fr_perp|)   :   0.00000000    0.00192849    0.00167107    0.00145749    0.00187624    0.00203648    0.00000000 
Fr_paral         :   0.00000000   -0.00584654   -0.05661778    0.05794356    0.01205576    0.00380239    0.00000000 
max(|Fsp_paral|) :   0.00000000    0.00070954    0.00070454    0.00225326    0.00056971    0.00509098    0.00000000 
max(|Fsp_perp|)  :   0.00000000    0.00000000    0.00000000    0.00000000    0.00000000    0.00000000    0.00000000 
max(|FNEB|)      :   0.00000000    0.00185375    0.00208197    0.00283233    0.00186653    0.00515861    0.00000000 
max(|Force|)     :   0.00011174    0.00403941    0.02877145    0.02860082    0.00693802    0.00287447    0.00016898 
ksp              :   0.01952562    0.08869151    0.10000000    0.10000000    0.02322790    0.01368490 
max(|step|)      :   0.00000000    0.01077824    0.01739750    0.02422906    0.00930851    0.04046428    0.00025458 
angle (deg.)     :    88.6049  52.2728  47.0154  85.8649  65.2103 
>
iteration       : 158
climbing        : no
zoom on         : no
nim             : 7
barrier         :   0.06939342 (image:  3) 
distance        :   0.00000000    9.73720292   11.87554886   13.82856340   15.73916551   24.10715389   37.92436532 
energy          : -2464.51768787  -2464.51007315  -2464.45555324  -2464.44829445  -2464.50722809  -2464.51462966  -2464.53043685 
max(|Fr_perp|)   :   0.00000000    0.00108818    0.00300535    0.00197726    0.00175027    0.00175849    0.00000000 
Fr_paral         :   0.00000000   -0.00606669   -0.05499921    0.05709011    0.01111528    0.00478725    0.00000000 
max(|Fsp_paral|) :   0.00000000    0.00010352    0.00079669    0.00213270    0.00383504    0.00326468    0.00000000 
max(|Fsp_perp|)  :   0.00000000    0.00000000    0.00000000    0.00000000    0.00000000    0.00000000    0.00000000 
max(|FNEB|)      :   0.00000000    0.00110656    0.00296110    0.00306810    0.00422381    0.00271408    0.00000000 
max(|Force|)     :   0.00011174    0.00410331    0.02840893    0.02777282    0.00733302    0.00426514    0.00016898 
ksp              :   0.01987594    0.09058569    0.10000000    0.10000000    0.02356585    0.01396636 
max(|step|)      :   0.00000000    0.00698580    0.01381362    0.00833140    0.01082298    0.03186494    0.00013671 
angle (deg.)     :    88.4936  51.6106  46.5911  86.0587  65.0681 
>
iteration       : 159
climbing        : no
zoom on         : no
nim             : 7
barrier         :   0.06867353 (image:  3) 
distance        :   0.00000000    9.72808456   11.84795124   13.81463993   15.73099538   24.05969851   37.89404209 
energy          : -2464.51768787  -2464.51001209  -2464.45575340  -2464.44901434  -2464.50750540  -2464.51443911  -2464.53043685 
max(|Fr_perp|)   :   0.00000000    0.00699701    0.00444995    0.00420103    0.00423302    0.00544384    0.00000000 
Fr_paral         :   0.00000000   -0.00505874   -0.05546429    0.05704180    0.01045443    0.00445259    0.00000000 
max(|Fsp_paral|) :   0.00000000    0.00116458    0.00169682    0.00252975    0.00174464    0.00217601    0.00000000 
max(|Fsp_perp|)  :   0.00000000    0.00000000    0.00000000    0.00000000    0.00000000    0.00000000    0.00000000 
max(|FNEB|)      :   0.00000000    0.00689241    0.00438556    0.00446257    0.00398301    0.00539482    0.00000000 
max(|Force|)     :   0.00011174    0.00671497    0.02852216    0.02796390    0.00679256    0.00536631    0.00016898 
ksp              :   0.02005949    0.09116814    0.10000000    0.10000000    0.02334462    0.01425767 
max(|step|)      :   0.00000000    0.00640683    0.00551654    0.00595443    0.00687534    0.00522562    0.00002979 
angle (deg.)     :    88.4722  51.2100  46.3461  86.1424  65.0551 
>
iteration       : 160
climbing        : no
zoom on         : no
nim             : 7
barrier         :   0.06906197 (image:  3) 
distance        :   0.00000000    9.72461566   11.84328081   13.79763383   15.72779746   24.05197680   37.88931713 
energy          : -2464.51768787  -2464.51009427  -2464.45554785  -2464.44862590  -2464.50765418  -2464.51444814  -2464.53043685 
max(|Fr_perp|)   :   0.00000000    0.00158392    0.00117783    0.00127003    0.00116734    0.00148308    0.00000000 
Fr_paral         :   0.00000000   -0.00552900   -0.05607539    0.05774503    0.01012919    0.00414889    0.00000000 
max(|Fsp_paral|) :   0.00000000    0.00045023    0.00133578    0.00121602    0.00057991    0.00363912    0.00000000 
max(|Fsp_perp|)  :   0.00000000    0.00000000    0.00000000    0.00000000    0.00000000    0.00000000    0.00000000 
max(|FNEB|)      :   0.00000000    0.00162076    0.00245200    0.00172202    0.00150434    0.00324147    0.00000000 
max(|Force|)     :   0.00011174    0.00342788    0.02885392    0.02874825    0.00665419    0.00280944    0.00016898 
ksp              :   0.01989581    0.09097947    0.10000000    0.10000000    0.02307568    0.01422194 
max(|step|)      :   0.00000000    0.00113010    0.00290323    0.00338634    0.00254627    0.00791754    0.00002688 
angle (deg.)     :    88.4768  51.1118  46.3807  86.1191  65.0951 
>
iteration       : 161
climbing        : no
zoom on         : no
nim             : 7
barrier         :   0.06940478 (image:  3) 
distance        :   0.00000000    9.72449522   11.84720358   13.79182428   15.72506206   24.05997147   37.89322848 
energy          : -2464.51768787  -2464.51010423  -2464.45533481  -2464.44828310  -2464.50763677  -2464.51450483  -2464.53043685 
max(|Fr_perp|)   :   0.00000000    0.00176040    0.00127211    0.00104556    0.00099084    0.00145048    0.00000000 
Fr_paral         :   0.00000000   -0.00552048   -0.05644389    0.05786243    0.01041102    0.00413901    0.00000000 
max(|Fsp_paral|) :   0.00000000    0.00000965    0.00079859    0.00057248    0.00083549    0.00266424    0.00000000 
max(|Fsp_perp|)  :   0.00000000    0.00000000    0.00000000    0.00000000    0.00000000    0.00000000    0.00000000 
max(|FNEB|)      :   0.00000000    0.00176118    0.00146130    0.00111468    0.00123291    0.00230116    0.00000000 
max(|Force|)     :   0.00011174    0.00336225    0.02890720    0.02881037    0.00657232    0.00283618    0.00016898 
ksp              :   0.01983402    0.09085576    0.10000000    0.10000000    0.02303367    0.01412758 
max(|step|)      :   0.00000000    0.00299256    0.00466529    0.00870394    0.00683627    0.01883445    0.00022024 
angle (deg.)     :    88.4175  50.7303  46.4022  86.0571  65.2045 
>
iteration       : 162
climbing        : no
zoom on         : no
nim             : 7
barrier         :   0.07013304 (image:  3) 
distance        :   0.00000000    9.71999278   11.84682160   13.76972192   15.70654719   24.06982624   37.89377146 
energy          : -2464.51768787  -2464.51012452  -2464.45482969  -2464.44755483  -2464.50757693  -2464.51462049  -2464.53043685 
max(|Fr_perp|)   :   0.00000000    0.00129710    0.00160712    0.00089798    0.00117772    0.00361815    0.00000000 
Fr_paral         :   0.00000000   -0.00561303   -0.05702256    0.05804897    0.01110795    0.00407758    0.00000000 
max(|Fsp_paral|) :   0.00000000    0.00079855    0.00026811    0.00070079    0.00095690    0.00039193    0.00000000 
max(|Fsp_perp|)  :   0.00000000    0.00000000    0.00000000    0.00000000    0.00000000    0.00000000    0.00000000 
max(|FNEB|)      :   0.00000000    0.00130854    0.00172245    0.00092708    0.00145821    0.00363276    0.00000000 
max(|Force|)     :   0.00011174    0.00391199    0.02909997    0.02890731    0.00642246    0.00373552    0.00016898 
ksp              :   0.01970586    0.09066435    0.10000000    0.10000000    0.02297512    0.01393630 
max(|step|)      :   0.00000000    0.00411946    0.00421154    0.00429974    0.00649340    0.01094784    0.00022712 
angle (deg.)     :    88.3132  50.5070  46.2853  86.0019  65.2816 
>
iteration       : 163
climbing        : no
zoom on         : no
nim             : 7
barrier         :   0.07031480 (image:  3) 
distance        :   0.00000000    9.71375372   11.83768461   13.75353733   15.68516948   24.06797292   37.88662014 
energy          : -2464.51768787  -2464.51011562  -2464.45464461  -2464.44737307  -2464.50751124  -2464.51468587  -2464.53043685 
max(|Fr_perp|)   :   0.00000000    0.00289109    0.00085808    0.00082696    0.00115365    0.00422598    0.00000000 
Fr_paral         :   0.00000000   -0.00547723   -0.05703465    0.05807626    0.01149995    0.00420685    0.00000000 
max(|Fsp_paral|) :   0.00000000    0.00083044    0.00051925    0.00079490    0.00008940    0.00134027    0.00000000 
max(|Fsp_perp|)  :   0.00000000    0.00000000    0.00000000    0.00000000    0.00000000    0.00000000    0.00000000 
max(|FNEB|)      :   0.00000000    0.00296160    0.00098012    0.00119425    0.00116551    0.00427733    0.00000000 
max(|Force|)     :   0.00011174    0.00335515    0.02894067    0.02884357    0.00644434    0.00410154    0.00016898 
ksp              :   0.01969216    0.09069273    0.10000000    0.10000000    0.02302566    0.01384243 
max(|step|)      :   0.00000000    0.00176325    0.00148646    0.00152655    0.00131159    0.00189577    0.00000358 
angle (deg.)     :    88.2846  50.5249  46.2295  85.9981  65.2795 
>
iteration       : 164
climbing        : no
zoom on         : no
nim             : 7
barrier         :   0.07018339 (image:  3) 
distance        :   0.00000000    9.71232781   11.83342779   13.75261024   15.68180868   24.06383463   37.88335584 
energy          : -2464.51768787  -2464.51011975  -2464.45472043  -2464.44750448  -2464.50751261  -2464.51470052  -2464.53043685 
max(|Fr_perp|)   :   0.00000000    0.00053955    0.00079806    0.00056451    0.00073238    0.00193736    0.00000000 
Fr_paral         :   0.00000000   -0.00573372   -0.05695024    0.05807585    0.01134504    0.00425858    0.00000000 
max(|Fsp_paral|) :   0.00000000    0.00068187    0.00028187    0.00050463    0.00016898    0.00158712    0.00000000 
max(|Fsp_perp|)  :   0.00000000    0.00000000    0.00000000    0.00000000    0.00000000    0.00000000    0.00000000 
max(|FNEB|)      :   0.00000000    0.00074353    0.00081488    0.00082902    0.00072512    0.00199786    0.00000000 
max(|Force|)     :   0.00011174    0.00357947    0.02887376    0.02881875    0.00656749    0.00324318    0.00016898 
ksp              :   0.01970502    0.09074659    0.10000000    0.10000000    0.02304830    0.01383084 
max(|step|)      :   0.00000000    0.00323547    0.00359525    0.00316878    0.00422681    0.00265673    0.00010602 
angle (deg.)     :    88.1792  50.4488  46.0827  85.9832  65.2900 
>
iteration       : 165
climbing        : no
zoom on         : no
nim             : 7
barrier         :   0.06994571 (image:  3) 
distance        :   0.00000000    9.70664119   11.81961485   13.74413801   15.66764827   24.05147655   37.87263567 
energy          : -2464.51768787  -2464.51010256  -2464.45482645  -2464.44774216  -2464.50750460  -2464.51470602  -2464.53043685 
max(|Fr_perp|)   :   0.00000000    0.00145036    0.00073432    0.00056628    0.00111551    0.00151125    0.00000000 
Fr_paral         :   0.00000000   -0.00606273   -0.05676722    0.05806599    0.01111092    0.00442348    0.00000000 
max(|Fsp_paral|) :   0.00000000    0.00014371    0.00020771    0.00005106    0.00083271    0.00189103    0.00000000 
max(|Fsp_perp|)  :   0.00000000    0.00000000    0.00000000    0.00000000    0.00000000    0.00000000    0.00000000 
max(|FNEB|)      :   0.00000000    0.00143829    0.00070320    0.00056150    0.00111770    0.00177233    0.00000000 
max(|Force|)     :   0.00011174    0.00398976    0.02874159    0.02882936    0.00676944    0.00353212    0.00016898 
ksp              :   0.01976011    0.09088457    0.10000000    0.10000000    0.02310294    0.01383679 
max(|step|)      :   0.00000000    0.00442125    0.00522218    0.00471598    0.00642406    0.00410913    0.00016623 
angle (deg.)     :    88.0190  50.2530  45.8863  85.9799  65.2984 
>
iteration       : 166
climbing        : no
zoom on         : no
nim             : 7
barrier         :   0.06965049 (image:  3) 
distance        :   0.00000000    9.69747537   11.79911802   13.72962521   15.64793352   24.03218379   37.85712064 
energy          : -2464.51768787  -2464.51008027  -2464.45492078  -2464.44803738  -2464.50751562  -2464.51469162  -2464.53043685 
max(|Fr_perp|)   :   0.00000000    0.00264903    0.00151089    0.00082135    0.00182690    0.00348146    0.00000000 
Fr_paral         :   0.00000000   -0.00627739   -0.05653727    0.05804531    0.01077654    0.00454243    0.00000000 
max(|Fsp_paral|) :   0.00000000    0.00051409    0.00078995    0.00061529    0.00137480    0.00175236    0.00000000 
max(|Fsp_perp|)  :   0.00000000    0.00000000    0.00000000    0.00000000    0.00000000    0.00000000    0.00000000 
max(|FNEB|)      :   0.00000000    0.00270592    0.00144955    0.00099417    0.00182932    0.00341474    0.00000000 
max(|Force|)     :   0.00011174    0.00435579    0.02865915    0.02889804    0.00693796    0.00372009    0.00016898 
ksp              :   0.01983029    0.09110550    0.10000000    0.10000000    0.02314424    0.01387166 
max(|step|)      :   0.00000000    0.01207822    0.01492435    0.01325268    0.01832805    0.01264836    0.00049011 
angle (deg.)     :    87.5726  49.5171  45.4298  86.0045  65.3186 
>
iteration       : 167
climbing        : no
zoom on         : no
nim             : 7
barrier         :   0.06901183 (image:  3) 
distance        :   0.00000000    9.67078249   11.74529686   13.68592097   15.59678274   23.98078342   37.81753499 
energy          : -2464.51768787  -2464.51006109  -2464.45496296  -2464.44867604  -2464.50757489  -2464.51466307  -2464.53043685 
max(|Fr_perp|)   :   0.00000000    0.00153670    0.00292829    0.00158912    0.00178168    0.00470460    0.00000000 
Fr_paral         :   0.00000000   -0.00626226   -0.05631677    0.05794401    0.01009466    0.00485544    0.00000000 
max(|Fsp_paral|) :   0.00000000    0.00151004    0.00181545    0.00150379    0.00205441    0.00112649    0.00000000 
max(|Fsp_perp|)  :   0.00000000    0.00000000    0.00000000    0.00000000    0.00000000    0.00000000    0.00000000 
max(|FNEB|)      :   0.00000000    0.00170654    0.00279564    0.00176647    0.00286543    0.00466082    0.00000000 
max(|Force|)     :   0.00011174    0.00401968    0.02876865    0.02901445    0.00704463    0.00484986    0.00016898 
ksp              :   0.01994627    0.09180108    0.10000000    0.10000000    0.02318858    0.01394472 
max(|step|)      :   0.00000000    0.02731499    0.03752464    0.03284717    0.04612335    0.03178341    0.00132196 
angle (deg.)     :    86.4714  47.3286  44.6481  86.1723  65.3813 
>
iteration       : 168
climbing        : no
zoom on         : no
nim             : 7
barrier         :   0.06814607 (image:  3) 
distance        :   0.00000000    9.60149122   11.62856453   13.56890241   15.48595814   23.86902623   37.73856240 
energy          : -2464.51768787  -2464.50991372  -2464.45425397  -2464.44954181  -2464.50774506  -2464.51452584  -2464.53043685 
max(|Fr_perp|)   :   0.00000000    0.00995443    0.00359123    0.00276167    0.00553790    0.00585001    0.00000000 
Fr_paral         :   0.00000000   -0.00691312   -0.05665789    0.05785263    0.00850545    0.00503782    0.00000000 
max(|Fsp_paral|) :   0.00000000    0.00274434    0.00202721    0.00119542    0.00134884    0.00207151    0.00000000 
max(|Fsp_perp|)  :   0.00000000    0.00000000    0.00000000    0.00000000    0.00000000    0.00000000    0.00000000 
max(|FNEB|)      :   0.00000000    0.01024325    0.00343338    0.00281641    0.00554325    0.00576258    0.00000000 
max(|Force|)     :   0.00011174    0.01039775    0.02940859    0.02954400    0.00679575    0.00568707    0.00016898 
ksp              :   0.02026727    0.09377668    0.10000000    0.10000000    0.02313140    0.01417607 
max(|step|)      :   0.00000000    0.01156170    0.01401760    0.00962979    0.01375492    0.00840454    0.00044170 
angle (deg.)     :    86.1644  46.3575  44.6597  86.2460  65.4174 
>
iteration       : 169
climbing        : no
zoom on         : no
nim             : 7
barrier         :   0.06812127 (image:  3) 
distance        :   0.00000000    9.57909043   11.60242756   13.53244169   15.46023728   23.84664546   37.72568471 
energy          : -2464.51768787  -2464.51006108  -2464.45371490  -2464.44956660  -2464.50786852  -2464.51453759  -2464.53043685 
max(|Fr_perp|)   :   0.00000000    0.00409338    0.00118788    0.00130369    0.00222482    0.00279817    0.00000000 
Fr_paral         :   0.00000000   -0.00567710   -0.05789581    0.05767996    0.00892950    0.00495670    0.00000000 
max(|Fsp_paral|) :   0.00000000    0.00064992    0.00090995    0.00011469    0.00007210    0.00298001    0.00000000 
max(|Fsp_perp|)  :   0.00000000    0.00000000    0.00000000    0.00000000    0.00000000    0.00000000    0.00000000 
max(|FNEB|)      :   0.00000000    0.00403251    0.00144171    0.00131555    0.00222580    0.00297772    0.00000000 
max(|Force|)     :   0.00011174    0.00376992    0.02945512    0.02945969    0.00591788    0.00379059    0.00016898 
ksp              :   0.02007632    0.09451938    0.10000000    0.10000000    0.02297306    0.01416207 
max(|step|)      :   0.00000000    0.00204754    0.00209578    0.00097317    0.00124160    0.00243922    0.00003429 
angle (deg.)     :    86.1401  46.2996  44.7198  86.2363  65.4325 
>
iteration       : 170
climbing        : no
zoom on         : no
nim             : 7
barrier         :   0.06812992 (image:  3) 
distance        :   0.00000000    9.57674309   11.60197556   13.52949026   15.45844153   23.84831245   37.72712588 
energy          : -2464.51768787  -2464.51009034  -2464.45359289  -2464.44955795  -2464.50788808  -2464.51457199  -2464.53043685 
max(|Fr_perp|)   :   0.00000000    0.00155191    0.00103119    0.00087183    0.00116166    0.00136608    0.00000000 
Fr_paral         :   0.00000000   -0.00594985   -0.05815988    0.05766138    0.00904796    0.00496356    0.00000000 
max(|Fsp_paral|) :   0.00000000    0.00009413    0.00052964    0.00007424    0.00023500    0.00260461    0.00000000 
max(|Fsp_perp|)  :   0.00000000    0.00000000    0.00000000    0.00000000    0.00000000    0.00000000    0.00000000 
max(|FNEB|)      :   0.00000000    0.00154328    0.00115709    0.00086413    0.00117576    0.00261931    0.00000000 
max(|Force|)     :   0.00011174    0.00314676    0.02948155    0.02943460    0.00585850    0.00381237    0.00016898 
ksp              :   0.02003638    0.09466982    0.10000000    0.10000000    0.02294558    0.01411610 
max(|step|)      :   0.00000000    0.00336940    0.00557963    0.00313976    0.00416086    0.00434243    0.00024059 
angle (deg.)     :    86.0264  46.0915  44.8681  86.2169  65.4776 
>
iteration       : 171
climbing        : no
zoom on         : no
nim             : 7
barrier         :   0.06810487 (image:  3) 
distance        :   0.00000000    9.56787763   11.59542651   13.51735030   15.44900866   23.84858650   37.72808798 
energy          : -2464.51768787  -2464.51011620  -2464.45326775  -2464.44958300  -2464.50791924  -2464.51461626  -2464.53043685 
max(|Fr_perp|)   :   0.00000000    0.00086478    0.00081735    0.00066116    0.00088621    0.00240781    0.00000000 
Fr_paral         :   0.00000000   -0.00633849   -0.05865173    0.05758492    0.00938351    0.00496643    0.00000000 
max(|Fsp_paral|) :   0.00000000    0.00089052    0.00035669    0.00050269    0.00045184    0.00206949    0.00000000 
max(|Fsp_perp|)  :   0.00000000    0.00000000    0.00000000    0.00000000    0.00000000    0.00000000    0.00000000 
max(|FNEB|)      :   0.00000000    0.00103367    0.00113729    0.00088614    0.00083157    0.00249601    0.00000000 
max(|Force|)     :   0.00011174    0.00370185    0.02960269    0.02940697    0.00562411    0.00384464    0.00016898 
ksp              :   0.02000590    0.09513064    0.10000000    0.10000000    0.02290916    0.01405911 
max(|step|)      :   0.00000000    0.00475784    0.00437555    0.00490652    0.00499466    0.00844585    0.00034565 
angle (deg.)     :    85.8473  45.9701  45.0678  86.1707  65.5517 
>
iteration       : 172
climbing        : no
zoom on         : no
nim             : 7
barrier         :   0.06795057 (image:  3) 
distance        :   0.00000000    9.55574317   11.58232295   13.50177519   15.43365492   23.84974160   37.72941852 
energy          : -2464.51768787  -2464.51011988  -2464.45299892  -2464.44973730  -2464.50793213  -2464.51469370  -2464.53043685 
max(|Fr_perp|)   :   0.00000000    0.00250274    0.00138486    0.00062908    0.00162781    0.00206652    0.00000000 
Fr_paral         :   0.00000000   -0.00686940   -0.05888568    0.05747570    0.00976506    0.00491460    0.00000000 
max(|Fsp_paral|) :   0.00000000    0.00154922    0.00100924    0.00063985    0.00017129    0.00071201    0.00000000 
max(|Fsp_perp|)  :   0.00000000    0.00000000    0.00000000    0.00000000    0.00000000    0.00000000    0.00000000 
max(|FNEB|)      :   0.00000000    0.00236951    0.00191214    0.00093484    0.00160746    0.00209716    0.00000000 
max(|Force|)     :   0.00011174    0.00476385    0.02968851    0.02942274    0.00545605    0.00382574    0.00016898 
ksp              :   0.02002375    0.09568001    0.10000000    0.10000000    0.02292140    0.01396576 
max(|step|)      :   0.00000000    0.00877194    0.00810840    0.00964004    0.00875876    0.01366150    0.00063293 
angle (deg.)     :    85.4979  45.8584  45.3143  86.0883  65.6769 
>
iteration       : 173
climbing        : no
zoom on         : no
nim             : 7
barrier         :   0.06760003 (image:  3) 
distance        :   0.00000000    9.53410097   11.55234100   13.47317328   15.40492707   23.84853143   37.73016149 
energy          : -2464.51768787  -2464.51010700  -2464.45277514  -2464.45008785  -2464.50795635  -2464.51480800  -2464.53043685 
max(|Fr_perp|)   :   0.00000000    0.00178605    0.00149519    0.00089527    0.00160021    0.00158962    0.00000000 
Fr_paral         :   0.00000000   -0.00718556   -0.05914449    0.05740703    0.01012597    0.00515051    0.00000000 
max(|Fsp_paral|) :   0.00000000    0.00182982    0.00128815    0.00055803    0.00040376    0.00136797    0.00000000 
max(|Fsp_perp|)  :   0.00000000    0.00000000    0.00000000    0.00000000    0.00000000    0.00000000    0.00000000 
max(|FNEB|)      :   0.00000000    0.00201076    0.00243927    0.00095295    0.00183716    0.00152975    0.00000000 
max(|Force|)     :   0.00011174    0.00494954    0.02974004    0.02944935    0.00530141    0.00438186    0.00016898 
ksp              :   0.02009288    0.09642225    0.10000000    0.10000000    0.02295616    0.01383415 
max(|step|)      :   0.00000000    0.01169590    0.01042070    0.01287245    0.01044389    0.01413850    0.00075537 
angle (deg.)     :    85.0215  45.9264  45.4559  85.9965  65.8185 
>
iteration       : 174
climbing        : no
zoom on         : no
nim             : 7
barrier         :   0.06704416 (image:  3) 
distance        :   0.00000000    9.50728399   11.50635146   13.43708541   15.36811157   23.84087595   37.72862367 
energy          : -2464.51768787  -2464.51002765  -2464.45285576  -2464.45064371  -2464.50802056  -2464.51489910  -2464.53043685 
max(|Fr_perp|)   :   0.00000000    0.00333149    0.00147760    0.00120186    0.00136290    0.00365401    0.00000000 
Fr_paral         :   0.00000000   -0.00811704   -0.05880226    0.05745311    0.00978141    0.00489348    0.00000000 
max(|Fsp_paral|) :   0.00000000    0.00068084    0.00045439    0.00001486    0.00097100    0.00290722    0.00000000 
max(|Fsp_perp|)  :   0.00000000    0.00000000    0.00000000    0.00000000    0.00000000    0.00000000    0.00000000 
max(|FNEB|)      :   0.00000000    0.00327411    0.00145687    0.00120182    0.00193474    0.00378453    0.00000000 
max(|Force|)     :   0.00011174    0.00622553    0.02970430    0.02966364    0.00557642    0.00410417    0.00016898 
ksp              :   0.02028308    0.09703054    0.10000000    0.10000000    0.02297738    0.01374364 
max(|step|)      :   0.00000000    0.00896200    0.00627199    0.00696372    0.00594086    0.00591605    0.00037587 
angle (deg.)     :    84.7373  45.9167  45.4252  85.9585  65.8788 
>
iteration       : 175
climbing        : no
zoom on         : no
nim             : 7
barrier         :   0.06671373 (image:  3) 
distance        :   0.00000000    9.49159668   11.47680176   13.41537837   15.34795558   23.83130804   37.72596130 
energy          : -2464.51768787  -2464.50999364  -2464.45302100  -2464.45097415  -2464.50809473  -2464.51494455  -2464.53043685 
max(|Fr_perp|)   :   0.00000000    0.00098131    0.00107207    0.00081150    0.00097028    0.00103922    0.00000000 
Fr_paral         :   0.00000000   -0.00788424   -0.05870216    0.05759798    0.00925183    0.00471742    0.00000000 
max(|Fsp_paral|) :   0.00000000    0.00023959    0.00041498    0.00030510    0.00083823    0.00323983    0.00000000 
max(|Fsp_perp|)  :   0.00000000    0.00000000    0.00000000    0.00000000    0.00000000    0.00000000    0.00000000 
max(|FNEB|)      :   0.00000000    0.00093781    0.00105114    0.00084610    0.00151202    0.00295276    0.00000000 
max(|Force|)     :   0.00011174    0.00525111    0.02959026    0.02978409    0.00575600    0.00388087    0.00016898 
ksp              :   0.02037989    0.09723870    0.10000000    0.10000000    0.02294161    0.01370088 
max(|step|)      :   0.00000000    0.00914143    0.00608276    0.00630630    0.00551774    0.00434438    0.00024472 
angle (deg.)     :    84.5014  45.7855  45.3309  85.9392  65.8991 
>
iteration       : 176
climbing        : no
zoom on         : no
nim             : 7
barrier         :   0.06649129 (image:  3) 
distance        :   0.00000000    9.47662737   11.45228857   13.39482727   15.33290928   23.81635961   37.72191937 
energy          : -2464.51768787  -2464.50995817  -2464.45306686  -2464.45119658  -2464.50818217  -2464.51494106  -2464.53043685 
max(|Fr_perp|)   :   0.00000000    0.00120758    0.00155751    0.00100487    0.00107143    0.00130239    0.00000000 
Fr_paral         :   0.00000000   -0.00761175   -0.05890074    0.05771710    0.00855522    0.00487128    0.00000000 
max(|Fsp_paral|) :   0.00000000    0.00081276    0.00085673    0.00022677    0.00010994    0.00246024    0.00000000 
max(|Fsp_perp|)  :   0.00000000    0.00000000    0.00000000    0.00000000    0.00000000    0.00000000    0.00000000 
max(|FNEB|)      :   0.00000000    0.00113558    0.00150025    0.00103409    0.00107045    0.00203806    0.00000000 
max(|Force|)     :   0.00011174    0.00451485    0.02961084    0.02988312    0.00578169    0.00413145    0.00016898 
ksp              :   0.02046262    0.09746847    0.10000000    0.10000000    0.02286654    0.01371798 
max(|step|)      :   0.00000000    0.01422335    0.01053295    0.01082468    0.00938900    0.00862154    0.00032559 
angle (deg.)     :    84.1552  45.4773  45.3554  85.8957  65.9177 
>
iteration       : 177
climbing        : no
zoom on         : no
nim             : 7
barrier         :   0.06613796 (image:  3) 
distance        :   0.00000000    9.45081904   11.41869036   13.36364420   15.31038045   23.78890013   37.71573296 
energy          : -2464.51768787  -2464.50989892  -2464.45291148  -2464.45154991  -2464.50828749  -2464.51490218  -2464.53043685 
max(|Fr_perp|)   :   0.00000000    0.00442240    0.00121095    0.00087472    0.00205029    0.00113133    0.00000000 
Fr_paral         :   0.00000000   -0.00706468   -0.05897635    0.05750164    0.00789637    0.00458634    0.00000000 
max(|Fsp_paral|) :   0.00000000    0.00092545    0.00068752    0.00009070    0.00088043    0.00089851    0.00000000 
max(|Fsp_perp|)  :   0.00000000    0.00000000    0.00000000    0.00000000    0.00000000    0.00000000    0.00000000 
max(|FNEB|)      :   0.00000000    0.00434063    0.00116510    0.00084993    0.00205993    0.00120344    0.00000000 
max(|Force|)     :   0.00011174    0.00404676    0.02964699    0.02961844    0.00549718    0.00353423    0.00016898 
ksp              :   0.02059914    0.09814718    0.10000000    0.10000000    0.02279197    0.01379075 
max(|step|)      :   0.00000000    0.01538710    0.01409722    0.01427148    0.01246488    0.01158140    0.00042270 
angle (deg.)     :    83.7451  45.1878  45.4651  85.8017  65.9379 
>
iteration       : 178
climbing        : no
zoom on         : no
nim             : 7
barrier         :   0.06565148 (image:  3) 
distance        :   0.00000000    9.41661824   11.38037132   13.32684150   15.28031814   23.75168735   37.70679461 
energy          : -2464.51768787  -2464.50984453  -2464.45257432  -2464.45203639  -2464.50839212  -2464.51482062  -2464.53043685 
max(|Fr_perp|)   :   0.00000000    0.00616509    0.00089534    0.00102400    0.00204396    0.00126937    0.00000000 
Fr_paral         :   0.00000000   -0.00773144   -0.05907224    0.05713318    0.00733956    0.00491181    0.00000000 
max(|Fsp_paral|) :   0.00000000    0.00029399    0.00014239    0.00035648    0.00165288    0.00132044    0.00000000 
max(|Fsp_perp|)  :   0.00000000    0.00000000    0.00000000    0.00000000    0.00000000    0.00000000    0.00000000 
max(|FNEB|)      :   0.00000000    0.00620129    0.00091095    0.00106392    0.00211256    0.00156425    0.00000000 
max(|Force|)     :   0.00011174    0.00673767    0.02977058    0.02928479    0.00514385    0.00397829    0.00016898 
ksp              :   0.02075224    0.09926256    0.10000000    0.10000000    0.02274331    0.01393065 
max(|step|)      :   0.00000000    0.00495363    0.00330824    0.00328610    0.00289895    0.00247536    0.00009475 
angle (deg.)     :    83.6634  45.1496  45.5400  85.7606  65.9500 
>
iteration       : 179
climbing        : no
zoom on         : no
nim             : 7
barrier         :   0.06550273 (image:  3) 
distance        :   0.00000000    9.40874392   11.37221545   13.31995170   15.27128283   23.74311989   37.70392493 
energy          : -2464.51768787  -2464.50988939  -2464.45252084  -2464.45218515  -2464.50841372  -2464.51481745  -2464.53043685 
max(|Fr_perp|)   :   0.00000000    0.00226516    0.00053005    0.00091847    0.00128103    0.00111408    0.00000000 
Fr_paral         :   0.00000000   -0.00763371   -0.05898903    0.05694706    0.00761415    0.00485753    0.00000000 
max(|Fsp_paral|) :   0.00000000    0.00032418    0.00033951    0.00018285    0.00151965    0.00151806    0.00000000 
max(|Fsp_perp|)  :   0.00000000    0.00000000    0.00000000    0.00000000    0.00000000    0.00000000    0.00000000 
max(|FNEB|)      :   0.00000000    0.00222374    0.00072957    0.00076211    0.00154467    0.00170133    0.00000000 
max(|Force|)     :   0.00011174    0.00409641    0.02974817    0.02917314    0.00497230    0.00387567    0.00016898 
ksp              :   0.02071502    0.09953876    0.10000000    0.10000000    0.02274258    0.01394393 
max(|step|)      :   0.00000000    0.01474257    0.01348462    0.01343626    0.01183172    0.01002093    0.00051811 
angle (deg.)     :    83.3046  45.0353  45.7193  85.6109  66.0014 
>
iteration       : 180
climbing        : no
zoom on         : no
nim             : 7
barrier         :   0.06533377 (image:  2) 
distance        :   0.00000000    9.37696424   11.33518562   13.28823905   15.23326642   23.70716223   37.69147184 
energy          : -2464.51768787  -2464.50985813  -2464.45235410  -2464.45272316  -2464.50845921  -2464.51478797  -2464.53043685 
max(|Fr_perp|)   :   0.00000000    0.00326991    0.00118668    0.00121196    0.00151452    0.00122353    0.00000000 
Fr_paral         :   0.00000000   -0.00783509   -0.05871538    0.05646039    0.00813327    0.00469184    0.00000000 
max(|Fsp_paral|) :   0.00000000    0.00054899    0.00026363    0.00091112    0.00064876    0.00246075    0.00000000 
max(|Fsp_perp|)  :   0.00000000    0.00000000    0.00000000    0.00000000    0.00000000    0.00000000    0.00000000 
max(|FNEB|)      :   0.00000000    0.00334583    0.00116772    0.00155374    0.00148590    0.00244125    0.00000000 
max(|Force|)     :   0.00011174    0.00434872    0.02969716    0.02887648    0.00454589    0.00354359    0.00016898 
ksp              :   0.02078580    0.10000000    0.10000000    0.09949160    0.02271286    0.01399474 
max(|step|)      :   0.00000000    0.01103682    0.01007914    0.00991999    0.00879155    0.00737006    0.00039829 
angle (deg.)     :    83.0562  45.0115  45.6895  85.4967  66.0585 
>
iteration       : 181
climbing        : no
zoom on         : no
nim             : 7
barrier         :   0.06543857 (image:  2) 
distance        :   0.00000000    9.35367064   11.30800613   13.26190364   15.20153107   23.68235950   37.68204017 
energy          : -2464.51768787  -2464.50983790  -2464.45224930  -2464.45293604  -2464.50847425  -2464.51479941  -2464.53043685 
max(|Fr_perp|)   :   0.00000000    0.00380416    0.00120692    0.00109485    0.00207358    0.00123337    0.00000000 
Fr_paral         :   0.00000000   -0.00826254   -0.05859301    0.05654627    0.00839402    0.00456120    0.00000000 
max(|Fsp_paral|) :   0.00000000    0.00054663    0.00002240    0.00165743    0.00008992    0.00253162    0.00000000 
max(|Fsp_perp|)  :   0.00000000    0.00000000    0.00000000    0.00000000    0.00000000    0.00000000    0.00000000 
max(|FNEB|)      :   0.00000000    0.00388272    0.00120532    0.00227539    0.00207327    0.00238879    0.00000000 
max(|Force|)     :   0.00011174    0.00501400    0.02964235    0.02889482    0.00449080    0.00331836    0.00016898 
ksp              :   0.02079635    0.10000000    0.10000000    0.09905551    0.02267182    0.01397261 
max(|step|)      :   0.00000000    0.05279383    0.04791420    0.04698465    0.04169225    0.03639729    0.00214116 
angle (deg.)     :    81.9327  44.7486  45.0698  85.0375  66.3758 
>
iteration       : 182
climbing        : no
zoom on         : no
nim             : 7
barrier         :   0.06613562 (image:  2) 
distance        :   0.00000000    9.24551412   11.18403058   13.12182827   15.05308857   23.57887328   37.64860764 
energy          : -2464.51768787  -2464.50964198  -2464.45155226  -2464.45294383  -2464.50854207  -2464.51487306  -2464.53043685 
max(|Fr_perp|)   :   0.00000000    0.00660385    0.00116503    0.00146636    0.00477734    0.00161027    0.00000000 
Fr_paral         :   0.00000000   -0.00943942   -0.05848060    0.05775262    0.00881052    0.00478844    0.00000000 
max(|Fsp_paral|) :   0.00000000    0.00009926    0.00003690    0.00218910    0.00117684    0.00243501    0.00000000 
max(|Fsp_perp|)  :   0.00000000    0.00000000    0.00000000    0.00000000    0.00000000    0.00000000    0.00000000 
max(|FNEB|)      :   0.00000000    0.00662036    0.00116559    0.00274659    0.00476339    0.00260970    0.00000000 
max(|Force|)     :   0.00011174    0.00644630    0.02976429    0.02941489    0.00475632    0.00379342    0.00016898 
ksp              :   0.02094918    0.10000000    0.10000000    0.09810629    0.02244597    0.01383051 
max(|step|)      :   0.00000000    0.08221865    0.07437853    0.07287324    0.06478870    0.05833339    0.00337819 
angle (deg.)     :    80.3217  44.4957  44.1007  84.3903  66.9696 
>
iteration       : 183
climbing        : no
zoom on         : no
nim             : 7
barrier         :   0.06695938 (image:  2) 
distance        :   0.00000000    9.08488455   11.00282346   12.91635548   14.84401310   23.46051289   37.63866117 
energy          : -2464.51768787  -2464.50812716  -2464.45072849  -2464.45251140  -2464.50859963  -2464.51484396  -2464.53043685 
max(|Fr_perp|)   :   0.00000000    0.02989592    0.00365433    0.00575050    0.00931858    0.00971895    0.00000000 
Fr_paral         :   0.00000000   -0.01196284   -0.05811194    0.05965826    0.00802384    0.00230133    0.00000000 
max(|Fsp_paral|) :   0.00000000    0.00941688    0.00022742    0.00163599    0.00201589    0.00342103    0.00000000 
max(|Fsp_perp|)  :   0.00000000    0.00000000    0.00000000    0.00000000    0.00000000    0.00000000    0.00000000 
max(|FNEB|)      :   0.00000000    0.03019476    0.00365431    0.00583471    0.00932322    0.00989059    0.00000000 
max(|Force|)     :   0.00011174    0.03012217    0.03005335    0.03052970    0.00932994    0.00980561    0.00016898 
ksp              :   0.02285055    0.10000000    0.10000000    0.09760360    0.02221550    0.01382250 
max(|step|)      :   0.00000000    0.03413422    0.03094615    0.03028222    0.02691716    0.02387959    0.00136636 
angle (deg.)     :    81.0038  44.4117  44.4397  84.6783  66.7191 
>
iteration       : 184
climbing        : no
zoom on         : no
nim             : 7
barrier         :   0.06662405 (image:  2) 
distance        :   0.00000000    9.14994867   11.07999280   12.99983588   14.93355378   23.51277926   37.64472599 
energy          : -2464.51768787  -2464.50957390  -2464.45106382  -2464.45256479  -2464.50868739  -2464.51497311  -2464.53043685 
max(|Fr_perp|)   :   0.00000000    0.00362480    0.00140681    0.00161942    0.00371156    0.00279148    0.00000000 
Fr_paral         :   0.00000000   -0.01029184   -0.05840844    0.05885700    0.00844179    0.00401327    0.00000000 
max(|Fsp_paral|) :   0.00000000    0.00072656    0.00052319    0.00128485    0.00040174    0.00229054    0.00000000 
max(|Fsp_perp|)  :   0.00000000    0.00000000    0.00000000    0.00000000    0.00000000    0.00000000    0.00000000 
max(|FNEB|)      :   0.00000000    0.00358482    0.00141297    0.00188223    0.00370706    0.00299484    0.00000000 
max(|Force|)     :   0.00011174    0.00738740    0.02998513    0.02996901    0.00505855    0.00305968    0.00016898 
ksp              :   0.02096086    0.10000000    0.10000000    0.09797239    0.02215842    0.01366727 
max(|step|)      :   0.00000000    0.00978265    0.00876861    0.00862698    0.00773566    0.00757912    0.00039296 
angle (deg.)     :    80.8171  44.2610  44.3194  84.6213  66.7983 
>
iteration       : 185
climbing        : no
zoom on         : no
nim             : 7
barrier         :   0.06665423 (image:  2) 
distance        :   0.00000000    9.13130163   11.05768717   12.97294857   14.91007295   23.50340086   37.64718350 
energy          : -2464.51768787  -2464.50957795  -2464.45103364  -2464.45238040  -2464.50875464  -2464.51502237  -2464.53043685 
max(|Fr_perp|)   :   0.00000000    0.00238466    0.00134498    0.00131099    0.00252719    0.00245541    0.00000000 
Fr_paral         :   0.00000000   -0.01001885   -0.05840881    0.05894447    0.00829381    0.00408518    0.00000000 
max(|Fsp_paral|) :   0.00000000    0.00079907    0.00056975    0.00067813    0.00037155    0.00207241    0.00000000 
max(|Fsp_perp|)  :   0.00000000    0.00000000    0.00000000    0.00000000    0.00000000    0.00000000    0.00000000 
max(|FNEB|)      :   0.00000000    0.00237335    0.00135174    0.00119254    0.00253040    0.00263999    0.00000000 
max(|Force|)     :   0.00011174    0.00664182    0.03003442    0.03000596    0.00512221    0.00280189    0.00016898 
ksp              :   0.02095044    0.10000000    0.10000000    0.09818153    0.02206211    0.01359910 
max(|step|)      :   0.00000000    0.05716103    0.05137062    0.05066603    0.04556132    0.04424597    0.00232208 
angle (deg.)     :    79.7896  43.6078  43.8724  84.2457  67.2712 
>
iteration       : 186
climbing        : no
zoom on         : no
nim             : 7
barrier         :   0.06680325 (image:  2) 
distance        :   0.00000000    9.02431694   10.93433321   12.83136888   14.77678755   23.45544992   37.66951276 
energy          : -2464.51768787  -2464.50942146  -2464.45088462  -2464.45168424  -2464.50889613  -2464.51524200  -2464.53043685 
max(|Fr_perp|)   :   0.00000000    0.00258628    0.00178445    0.00178652    0.00227418    0.00126954    0.00000000 
Fr_paral         :   0.00000000   -0.00935536   -0.05826116    0.05921249    0.00772760    0.00425200    0.00000000 
max(|Fsp_paral|) :   0.00000000    0.00015350    0.00066372    0.00139513    0.00175661    0.00045118    0.00000000 
max(|Fsp_perp|)  :   0.00000000    0.00000000    0.00000000    0.00000000    0.00000000    0.00000000    0.00000000 
max(|FNEB|)      :   0.00000000    0.00259379    0.00167581    0.00202334    0.00227540    0.00129310    0.00000000 
max(|Force|)     :   0.00011174    0.00484924    0.03022717    0.03010347    0.00548530    0.00338418    0.00016898 
ksp              :   0.02113683    0.10000000    0.10000000    0.09892271    0.02184459    0.01329518 
max(|step|)      :   0.00000000    0.02413868    0.02192839    0.02186962    0.02055197    0.01899627    0.00098936 
angle (deg.)     :    79.3817  43.4809  44.0668  84.0668  67.4527 
>
iteration       : 187
climbing        : no
zoom on         : no
nim             : 7
barrier         :   0.06654655 (image:  2) 
distance        :   0.00000000    8.98112191   10.87846210   12.78081246   14.71932276   23.43474795   37.68084232 
energy          : -2464.51768787  -2464.50935247  -2464.45114132  -2464.45190218  -2464.50890630  -2464.51531456  -2464.53043685 
max(|Fr_perp|)   :   0.00000000    0.00256702    0.00123716    0.00157595    0.00334052    0.00243977    0.00000000 
Fr_paral         :   0.00000000   -0.00976084   -0.05813399    0.05896574    0.00745894    0.00429842    0.00000000 
max(|Fsp_paral|) :   0.00000000    0.00078973    0.00025583    0.00082307    0.00073156    0.00184677    0.00000000 
max(|Fsp_perp|)  :   0.00000000    0.00000000    0.00000000    0.00000000    0.00000000    0.00000000    0.00000000 
max(|FNEB|)      :   0.00000000    0.00274205    0.00126740    0.00167728    0.00333194    0.00247449    0.00000000 
max(|Force|)     :   0.00011174    0.00522509    0.03019630    0.02997892    0.00586037    0.00356927    0.00016898 
ksp              :   0.02127311    0.10000000    0.10000000    0.09897099    0.02187653    0.01320976 
max(|step|)      :   0.00000000    0.04125153    0.03764792    0.03785913    0.03603227    0.03206099    0.00182887 
angle (deg.)     :    78.7666  43.3187  44.6041  83.7789  67.7407 
>
iteration       : 188
climbing        : no
zoom on         : no
nim             : 7
barrier         :   0.06620529 (image:  2) 
distance        :   0.00000000    8.90948464   10.78961217   12.70182749   14.62674596   23.40190548   37.70592431 
energy          : -2464.51768787  -2464.50926819  -2464.45148258  -2464.45240810  -2464.50892442  -2464.51539412  -2464.53043685 
max(|Fr_perp|)   :   0.00000000    0.00285436    0.00111120    0.00131878    0.00279725    0.00218424    0.00000000 
Fr_paral         :   0.00000000   -0.01072838   -0.05811774    0.05831803    0.00807933    0.00448642    0.00000000 
max(|Fsp_paral|) :   0.00000000    0.00181269    0.00164762    0.00058734    0.00136371    0.00345194    0.00000000 
max(|Fsp_perp|)  :   0.00000000    0.00000000    0.00000000    0.00000000    0.00000000    0.00000000    0.00000000 
max(|FNEB|)      :   0.00000000    0.00292498    0.00144376    0.00125885    0.00263415    0.00280383    0.00000000 
max(|Force|)     :   0.00011174    0.00684435    0.03017103    0.02966420    0.00559009    0.00397948    0.00016898 
ksp              :   0.02144579    0.10000000    0.10000000    0.09874185    0.02191310    0.01311814 
max(|step|)      :   0.00000000    0.03426948    0.03160597    0.03204437    0.03088543    0.02565313    0.00150515 
angle (deg.)     :    78.3968  43.0967  44.8847  83.6102  67.9453 
>
iteration       : 189
climbing        : no
zoom on         : no
nim             : 7
barrier         :   0.06634005 (image:  2) 
distance        :   0.00000000    8.85153189   10.72979834   12.64017674   14.56050282   23.37721319   37.73439274 
energy          : -2464.51768787  -2464.50926889  -2464.45134782  -2464.45265357  -2464.50897188  -2464.51542254  -2464.53043685 
max(|Fr_perp|)   :   0.00000000    0.00175347    0.00159043    0.00144704    0.00255515    0.00227340    0.00000000 
Fr_paral         :   0.00000000   -0.01053701   -0.05857993    0.05813586    0.00806937    0.00449769    0.00000000 
max(|Fsp_paral|) :   0.00000000    0.00105346    0.00165959    0.00123278    0.00232729    0.00349557    0.00000000 
max(|Fsp_perp|)  :   0.00000000    0.00000000    0.00000000    0.00000000    0.00000000    0.00000000    0.00000000 
max(|FNEB|)      :   0.00000000    0.00191933    0.00182412    0.00189740    0.00296308    0.00277299    0.00000000 
max(|Force|)     :   0.00011174    0.00627514    0.03030591    0.02965022    0.00559137    0.00404971    0.00016898 
ksp              :   0.02142158    0.10000000    0.10000000    0.09822856    0.02182452    0.01307326 
max(|step|)      :   0.00000000    0.05552424    0.05178324    0.05278282    0.05142987    0.04004352    0.00235579 
angle (deg.)     :    77.9947  42.8588  45.0568  83.4765  68.2316 
>
iteration       : 190
climbing        : no
zoom on         : no
nim             : 7
barrier         :   0.06714689 (image:  2) 
distance        :   0.00000000    8.76103217   10.65192378   12.54260434   14.47100925   23.34388848   37.79554920 
energy          : -2464.51768787  -2464.50931161  -2464.45054098  -2464.45262205  -2464.50915147  -2464.51543531  -2464.53043685 
max(|Fr_perp|)   :   0.00000000    0.00210812    0.00207074    0.00172781    0.00250614    0.00160372    0.00000000 
Fr_paral         :   0.00000000   -0.01054450   -0.05963645    0.05849724    0.00837599    0.00438498    0.00000000 
max(|Fsp_paral|) :   0.00000000    0.00181949    0.00001102    0.00082800    0.00171185    0.00154441    0.00000000 
max(|Fsp_perp|)  :   0.00000000    0.00000000    0.00000000    0.00000000    0.00000000    0.00000000    0.00000000 
max(|FNEB|)      :   0.00000000    0.00209688    0.00206915    0.00169528    0.00249491    0.00175419    0.00000000 
max(|Force|)     :   0.00011174    0.00654038    0.03060730    0.03007149    0.00503203    0.00369947    0.00016898 
ksp              :   0.02122708    0.10000000    0.10000000    0.09721064    0.02144173    0.01301921 
max(|step|)      :   0.00000000    0.05079026    0.04770207    0.04893872    0.04859281    0.03535915    0.00209611 
angle (deg.)     :    77.6988  43.0495  44.7907  83.5905  68.4519 
>
iteration       : 191
climbing        : no
zoom on         : no
nim             : 7
barrier         :   0.06786106 (image:  2) 
distance        :   0.00000000    8.68780876   10.58158409   12.44806154   14.40333034   23.32183135   37.86898310 
energy          : -2464.51768787  -2464.50910579  -2464.44982681  -2464.45220733  -2464.50942902  -2464.51537178  -2464.53043685 
max(|Fr_perp|)   :   0.00000000    0.00992909    0.00186832    0.00194590    0.00872147    0.00404903    0.00000000 
Fr_paral         :   0.00000000   -0.01074286   -0.05934549    0.05855422    0.00743895    0.00393895    0.00000000 
max(|Fsp_paral|) :   0.00000000    0.00208945    0.00143121    0.00139784    0.00152148    0.00240078    0.00000000 
max(|Fsp_perp|)  :   0.00000000    0.00000000    0.00000000    0.00000000    0.00000000    0.00000000    0.00000000 
max(|FNEB|)      :   0.00000000    0.01040663    0.00226178    0.00199102    0.00854395    0.00401575    0.00000000 
max(|Force|)     :   0.00011174    0.00906666    0.03029468    0.03012611    0.00925342    0.00400912    0.00016898 
ksp              :   0.02138190    0.10000000    0.10000000    0.09684286    0.02095321    0.01307170 
max(|step|)      :   0.00000000    0.01273512    0.01224710    0.01229033    0.01233551    0.00931500    0.00049664 
angle (deg.)     :    77.6175  43.1677  44.7955  83.6370  68.5155 
>
iteration       : 192
climbing        : no
zoom on         : no
nim             : 7
barrier         :   0.06783216 (image:  2) 
distance        :   0.00000000    8.67198695   10.55929929   12.42568600   14.38376596   23.31900595   37.88977150 
energy          : -2464.51768787  -2464.50915246  -2464.44985571  -2464.45226290  -2464.50957018  -2464.51540075  -2464.53043685 
max(|Fr_perp|)   :   0.00000000    0.00225795    0.00180420    0.00153991    0.00191607    0.00169297    0.00000000 
Fr_paral         :   0.00000000   -0.01188987   -0.05915804    0.05828940    0.00807997    0.00394311    0.00000000 
max(|Fsp_paral|) :   0.00000000    0.00219460    0.00109643    0.00150486    0.00242865    0.00316215    0.00000000 
max(|Fsp_perp|)  :   0.00000000    0.00000000    0.00000000    0.00000000    0.00000000    0.00000000    0.00000000 
max(|FNEB|)      :   0.00000000    0.00300498    0.00196199    0.00222529    0.00246190    0.00312252    0.00000000 
max(|Force|)     :   0.00011174    0.00877774    0.03019317    0.02993321    0.00491717    0.00283773    0.00016898 
ksp              :   0.02132482    0.10000000    0.10000000    0.09680613    0.02077058    0.01303456 
max(|step|)      :   0.00000000    0.00522172    0.00390386    0.00392066    0.00390650    0.00337399    0.00013787 
angle (deg.)     :    77.5987  43.1202  44.8234  83.6481  68.5422 
>
iteration       : 193
climbing        : no
zoom on         : no
nim             : 7
barrier         :   0.06771605 (image:  2) 
distance        :   0.00000000    8.66869412   10.54946288   12.41979164   14.37337112   23.31834577   37.89540884 
energy          : -2464.51768787  -2464.50910340  -2464.44997182  -2464.45242658  -2464.50957278  -2464.51542640  -2464.53043685 
max(|Fr_perp|)   :   0.00000000    0.00292855    0.00127957    0.00161669    0.00265577    0.00147840    0.00000000 
Fr_paral         :   0.00000000   -0.01192779   -0.05916777    0.05806777    0.00823320    0.00393892    0.00000000 
max(|Fsp_paral|) :   0.00000000    0.00143649    0.00054664    0.00100619    0.00187223    0.00266761    0.00000000 
max(|Fsp_perp|)  :   0.00000000    0.00000000    0.00000000    0.00000000    0.00000000    0.00000000    0.00000000 
max(|FNEB|)      :   0.00000000    0.00286574    0.00133111    0.00192915    0.00269864    0.00267137    0.00000000 
max(|Force|)     :   0.00011174    0.00851713    0.03016263    0.02978555    0.00493563    0.00287644    0.00016898 
ksp              :   0.02140945    0.10000000    0.10000000    0.09673743    0.02078561    0.01300567 
max(|step|)      :   0.00000000    0.02414171    0.01894249    0.01916905    0.01931029    0.01680961    0.00064015 
angle (deg.)     :    77.6233  42.7339  44.8189  83.7555  68.6698 
>
iteration       : 194
climbing        : no
zoom on         : no
nim             : 7
barrier         :   0.06736806 (image:  2) 
distance        :   0.00000000    8.65460885   10.50932830   12.39384416   14.32530453   23.32185312   37.92881412 
energy          : -2464.51768787  -2464.50888788  -2464.45031981  -2464.45311170  -2464.50958240  -2464.51553844  -2464.53043685 
max(|Fr_perp|)   :   0.00000000    0.00405431    0.00080180    0.00137573    0.00351645    0.00109709    0.00000000 
Fr_paral         :   0.00000000   -0.01166618   -0.05930831    0.05752257    0.00854711    0.00406980    0.00000000 
max(|Fsp_paral|) :   0.00000000    0.00164752    0.00155300    0.00128491    0.00087938    0.00045791    0.00000000 
max(|Fsp_perp|)  :   0.00000000    0.00000000    0.00000000    0.00000000    0.00000000    0.00000000    0.00000000 
max(|FNEB|)      :   0.00000000    0.00440179    0.00222619    0.00160874    0.00340576    0.00110716    0.00000000 
max(|Force|)     :   0.00011174    0.00706463    0.03023843    0.02935278    0.00545645    0.00336535    0.00016898 
ksp              :   0.02175630    0.10000000    0.10000000    0.09627019    0.02082846    0.01287152 
max(|step|)      :   0.00000000    0.01490362    0.01520875    0.01536827    0.01573736    0.01489646    0.00052105 
angle (deg.)     :    77.8368  42.2972  44.4769  83.9411  68.7622 
>
iteration       : 195
climbing        : no
zoom on         : no
nim             : 7
barrier         :   0.06762485 (image:  2) 
distance        :   0.00000000    8.64437966   10.49496339   12.37433169   14.29775575   23.33713352   37.96821195 
energy          : -2464.51768787  -2464.50871312  -2464.45006302  -2464.45317556  -2464.50960227  -2464.51555237  -2464.53043685 
max(|Fr_perp|)   :   0.00000000    0.01083790    0.00458303    0.00221814    0.00763509    0.00697667    0.00000000 
Fr_paral         :   0.00000000   -0.01030193   -0.05960953    0.05796765    0.00791246    0.00377962    0.00000000 
max(|Fsp_paral|) :   0.00000000    0.00273530    0.00149272    0.00180987    0.00199511    0.00016540    0.00000000 
max(|Fsp_perp|)  :   0.00000000    0.00000000    0.00000000    0.00000000    0.00000000    0.00000000    0.00000000 
max(|FNEB|)      :   0.00000000    0.01067689    0.00459217    0.00223093    0.00764773    0.00698677    0.00000000 
max(|Force|)     :   0.00011174    0.01048010    0.03031976    0.02958609    0.00766548    0.00714410    0.00016898 
ksp              :   0.02194424    0.10000000    0.10000000    0.09585761    0.02076090    0.01284208 
max(|step|)      :   0.00000000    0.00568295    0.00298407    0.00143037    0.00381217    0.00464346    0.00003629 
angle (deg.)     :    77.8518  42.3454  44.4812  83.9493  68.7591 
>
iteration       : 196
climbing        : no
zoom on         : no
nim             : 7
barrier         :   0.06764668 (image:  2) 
distance        :   0.00000000    8.64421990   10.49732050   12.37492992   14.30036696   23.33915675   37.96989045 
energy          : -2464.51768787  -2464.50886357  -2464.45004119  -2464.45312456  -2464.50965565  -2464.51560619  -2464.53043685 
max(|Fr_perp|)   :   0.00000000    0.00323392    0.00110057    0.00111688    0.00276059    0.00189936    0.00000000 
Fr_paral         :   0.00000000   -0.01091260   -0.05957272    0.05805028    0.00818567    0.00386831    0.00000000 
max(|Fsp_paral|) :   0.00000000    0.00154272    0.00127056    0.00158297    0.00141649    0.00011036    0.00000000 
max(|Fsp_perp|)  :   0.00000000    0.00000000    0.00000000    0.00000000    0.00000000    0.00000000    0.00000000 
max(|FNEB|)      :   0.00000000    0.00315196    0.00184922    0.00167537    0.00277521    0.00189629    0.00000000 
max(|Force|)     :   0.00011174    0.00621167    0.03030434    0.02939937    0.00588975    0.00324897    0.00016898 
ksp              :   0.02174022    0.10000000    0.10000000    0.09589776    0.02068640    0.01276956 
max(|step|)      :   0.00000000    0.00550621    0.00624046    0.00615936    0.00643800    0.00596788    0.00024379 
angle (deg.)     :    77.9911  42.2600  44.3059  84.0560  68.7886 
>
iteration       : 197
climbing        : no
zoom on         : no
nim             : 7
barrier         :   0.06787669 (image:  2) 
distance        :   0.00000000    8.64020464   10.49737051   12.36733055   14.29480991   23.35035660   37.99075437 
energy          : -2464.51768787  -2464.50889344  -2464.44981118  -2464.45295890  -2464.50971255  -2464.51564001  -2464.53043685 
max(|Fr_perp|)   :   0.00000000    0.00158648    0.00097057    0.00083051    0.00086159    0.00141830    0.00000000 
Fr_paral         :   0.00000000   -0.01109020   -0.05960978    0.05844724    0.00823840    0.00385259    0.00000000 
max(|Fsp_paral|) :   0.00000000    0.00084951    0.00066122    0.00116035    0.00097660    0.00011466    0.00000000 
max(|Fsp_perp|)  :   0.00000000    0.00000000    0.00000000    0.00000000    0.00000000    0.00000000    0.00000000 
max(|FNEB|)      :   0.00000000    0.00200082    0.00118341    0.00119974    0.00178072    0.00141509    0.00000000 
max(|Force|)     :   0.00011174    0.00612890    0.03028510    0.02954071    0.00579420    0.00323970    0.00016898 
ksp              :   0.02166083    0.10000000    0.10000000    0.09582633    0.02057475    0.01271533 
max(|step|)      :   0.00000000    0.01589549    0.01802342    0.01811294    0.01908992    0.01800114    0.00077786 
angle (deg.)     :    78.4179  42.1023  43.8512  84.3770  68.8709 
>
iteration       : 198
climbing        : no
zoom on         : no
nim             : 7
barrier         :   0.06849757 (image:  2) 
distance        :   0.00000000    8.62946413   10.49851652   12.34693879   14.28226214   23.38753592   38.05636008 
energy          : -2464.51768787  -2464.50891893  -2464.44919031  -2464.45241084  -2464.50985971  -2464.51572512  -2464.53043685 
max(|Fr_perp|)   :   0.00000000    0.00408889    0.00168720    0.00135844    0.00277561    0.00276165    0.00000000 
Fr_paral         :   0.00000000   -0.01134215   -0.05959591    0.05937518    0.00825559    0.00372759    0.00000000 
max(|Fsp_paral|) :   0.00000000    0.00070543    0.00105534    0.00025045    0.00038466    0.00013595    0.00000000 
max(|Fsp_perp|)  :   0.00000000    0.00000000    0.00000000    0.00000000    0.00000000    0.00000000    0.00000000 
max(|FNEB|)      :   0.00000000    0.00405631    0.00168503    0.00140099    0.00282308    0.00277019    0.00000000 
max(|Force|)     :   0.00011174    0.00711047    0.03014237    0.02991556    0.00550090    0.00309357    0.00016898 
ksp              :   0.02152165    0.10000000    0.10000000    0.09576850    0.02028554    0.01257889 
max(|step|)      :   0.00000000    0.01699052    0.01995887    0.02014473    0.02155605    0.02001785    0.00087355 
angle (deg.)     :    78.8899  42.0899  43.6000  84.7164  68.9492 
>
iteration       : 199
climbing        : no
zoom on         : no
nim             : 7
barrier         :   0.06885588 (image:  2) 
distance        :   0.00000000    8.61994958   10.49593843   12.32945582   14.27108531   23.43189270   38.13245941 
energy          : -2464.51768787  -2464.50893154  -2464.44883199  -2464.45195338  -2464.51000034  -2464.51582461  -2464.53043685 
max(|Fr_perp|)   :   0.00000000    0.00197591    0.00130899    0.00191203    0.00098616    0.00251358    0.00000000 
Fr_paral         :   0.00000000   -0.01135064   -0.05931257    0.05977611    0.00822922    0.00360672    0.00000000 
max(|Fsp_paral|) :   0.00000000    0.00164602    0.00217450    0.00145355    0.00155475    0.00061340    0.00000000 
max(|Fsp_perp|)  :   0.00000000    0.00000000    0.00000000    0.00000000    0.00000000    0.00000000    0.00000000 
max(|FNEB|)      :   0.00000000    0.00210002    0.00206405    0.00215369    0.00129308    0.00255253    0.00000000 
max(|Force|)     :   0.00011174    0.00740860    0.02986695    0.03004543    0.00524309    0.00295568    0.00016898 
ksp              :   0.02144521    0.10000000    0.10000000    0.09592011    0.02004820    0.01243543 
max(|step|)      :   0.00000000    0.02790510    0.03389665    0.03398924    0.03695294    0.03144542    0.00148859 
angle (deg.)     :    79.6471  42.4143  43.7824  85.2131  69.0473 
>
iteration       : 200
climbing        : no
zoom on         : no
nim             : 7
barrier         :   0.06864333 (image:  2) 
distance        :   0.00000000    8.60878277   10.47804065   12.31140155   14.25053630   23.50247902   38.25814402 
energy          : -2464.51768787  -2464.50876860  -2464.44904454  -2464.45179002  -2464.51010654  -2464.51594784  -2464.53043685 
max(|Fr_perp|)   :   0.00000000    0.00721646    0.00210072    0.00206447    0.00386791    0.00352496    0.00000000 
Fr_paral         :   0.00000000   -0.01204702   -0.05856558    0.05928502    0.00891974    0.00338282    0.00000000 
max(|Fsp_paral|) :   0.00000000    0.00010008    0.00184920    0.00182486    0.00147319    0.00234611    0.00000000 
max(|Fsp_perp|)  :   0.00000000    0.00000000    0.00000000    0.00000000    0.00000000    0.00000000    0.00000000 
max(|FNEB|)      :   0.00000000    0.00721170    0.00221081    0.00238027    0.00388407    0.00337457    0.00000000 
max(|Force|)     :   0.00011174    0.00860016    0.02956277    0.02961795    0.00458401    0.00368081    0.00016898 
ksp              :   0.02169428    0.10000000    0.10000000    0.09640034    0.01994008    0.01228140 
max(|step|)      :   0.00000000    0.01497102    0.01842457    0.01832245    0.02045431    0.01485233    0.00076276 
angle (deg.)     :    80.0652  42.5752  44.2338  85.4163  69.0575 
>
iteration       : 201
climbing        : no
zoom on         : no
nim             : 7
barrier         :   0.06788433 (image:  2) 
distance        :   0.00000000    8.60565826   10.45944894   12.31267670   14.23856678   23.53324468   38.32093661 
energy          : -2464.51768787  -2464.50871673  -2464.44980354  -2464.45225427  -2464.51010516  -2464.51599321  -2464.53043685 
max(|Fr_perp|)   :   0.00000000    0.00577098    0.00196893    0.00248187    0.00420336    0.00138913    0.00000000 
Fr_paral         :   0.00000000   -0.01119995   -0.05813353    0.05829121    0.00883761    0.00340958    0.00000000 
max(|Fsp_paral|) :   0.00000000    0.00186212    0.00002899    0.00051247    0.00003319    0.00378972    0.00000000 
max(|Fsp_perp|)  :   0.00000000    0.00000000    0.00000000    0.00000000    0.00000000    0.00000000    0.00000000 
max(|FNEB|)      :   0.00000000    0.00609298    0.00196514    0.00242900    0.00420717    0.00349430    0.00000000 
max(|Force|)     :   0.00011174    0.00712913    0.02944963    0.02864770    0.00494024    0.00274017    0.00016898 
ksp              :   0.02189380    0.10000000    0.10000000    0.09675086    0.02005304    0.01224676 
max(|step|)      :   0.00000000    0.00336473    0.00444789    0.00416106    0.00406694    0.00720764    0.00016806 
angle (deg.)     :    80.0067  42.4971  44.2643  85.3351  69.0173 
>
iteration       : 202
climbing        : no
zoom on         : no
nim             : 7
barrier         :   0.06772978 (image:  2) 
distance        :   0.00000000    8.60696637   10.45950018   12.31804286   14.23979796   23.51886546   38.30261660 
energy          : -2464.51768787  -2464.50880359  -2464.44995809  -2464.45247091  -2464.51010520  -2464.51597385  -2464.53043685 
max(|Fr_perp|)   :   0.00000000    0.00283132    0.00118342    0.00179930    0.00188190    0.00116091    0.00000000 
Fr_paral         :   0.00000000   -0.01122695   -0.05839833    0.05837437    0.00885079    0.00355977    0.00000000 
max(|Fsp_paral|) :   0.00000000    0.00148867    0.00030875    0.00004843    0.00031826    0.00342664    0.00000000 
max(|Fsp_perp|)  :   0.00000000    0.00000000    0.00000000    0.00000000    0.00000000    0.00000000    0.00000000 
max(|FNEB|)      :   0.00000000    0.00298160    0.00122301    0.00180594    0.00191947    0.00302623    0.00000000 
max(|Force|)     :   0.00011174    0.00660023    0.02941878    0.02878570    0.00512641    0.00295406    0.00016898 
ksp              :   0.02180552    0.10000000    0.10000000    0.09666095    0.02007593    0.01227762 
max(|step|)      :   0.00000000    0.00723492    0.00789255    0.00828987    0.00494085    0.01503301    0.00019580 
angle (deg.)     :    80.0546  42.4010  44.3558  85.2258  68.9106 
>
iteration       : 203
climbing        : no
zoom on         : no
nim             : 7
barrier         :   0.06732070 (image:  2) 
distance        :   0.00000000    8.60878709   10.45814963   12.32956605   14.24102212   23.49409923   38.28143533 
energy          : -2464.51768787  -2464.50891036  -2464.45036717  -2464.45292689  -2464.51008874  -2464.51591300  -2464.53043685 
max(|Fr_perp|)   :   0.00000000    0.00171767    0.00151797    0.00161472    0.00089243    0.00072651    0.00000000 
Fr_paral         :   0.00000000   -0.01103878   -0.05902238    0.05854695    0.00877387    0.00381556    0.00000000 
max(|Fsp_paral|) :   0.00000000    0.00133229    0.00112500    0.00127521    0.00116830    0.00256452    0.00000000 
max(|Fsp_perp|)  :   0.00000000    0.00000000    0.00000000    0.00000000    0.00000000    0.00000000    0.00000000 
max(|FNEB|)      :   0.00000000    0.00197449    0.00191547    0.00181807    0.00141511    0.00195475    0.00000000 
max(|Force|)     :   0.00011174    0.00642944    0.02961237    0.02908644    0.00555855    0.00334792    0.00016898 
ksp              :   0.02173452    0.10000000    0.10000000    0.09657795    0.02015916    0.01237280 
max(|step|)      :   0.00000000    0.00814656    0.00828126    0.00927325    0.00354629    0.01756544    0.00016100 
angle (deg.)     :    80.2170  42.3724  44.2338  85.1630  68.7776 
>
iteration       : 204
climbing        : no
zoom on         : no
nim             : 7
barrier         :   0.06731329 (image:  2) 
distance        :   0.00000000    8.60991378   10.46797594   12.33798084   14.25030220   23.47295196   38.26840815 
energy          : -2464.51768787  -2464.50905975  -2464.45037458  -2464.45290671  -2464.51011897  -2464.51581075  -2464.53043685 
max(|Fr_perp|)   :   0.00000000    0.00179029    0.00140692    0.00106730    0.00154401    0.00360218    0.00000000 
Fr_paral         :   0.00000000   -0.01085825   -0.05961488    0.05896151    0.00859612    0.00382479    0.00000000 
max(|Fsp_paral|) :   0.00000000    0.00023415    0.00060309    0.00111520    0.00048634    0.00033787    0.00000000 
max(|Fsp_perp|)  :   0.00000000    0.00000000    0.00000000    0.00000000    0.00000000    0.00000000    0.00000000 
max(|FNEB|)      :   0.00000000    0.00174608    0.00140761    0.00179147    0.00148301    0.00362409    0.00000000 
max(|Force|)     :   0.00011174    0.00639853    0.02990035    0.02954475    0.00573275    0.00342413    0.00016898 
ksp              :   0.02153607    0.10000000    0.10000000    0.09661446    0.02011986    0.01250977 
max(|step|)      :   0.00000000    0.00942488    0.00863234    0.00746206    0.00477880    0.01597739    0.00015402 
angle (deg.)     :    80.4156  42.5233  44.0533  85.1240  68.6597 
>
iteration       : 205
climbing        : no
zoom on         : no
nim             : 7
barrier         :   0.06753093 (image:  2) 
distance        :   0.00000000    8.61202903   10.48016936   12.33883322   14.25967752   23.45916025   38.26261133 
energy          : -2464.51768787  -2464.50915985  -2464.45015695  -2464.45245702  -2464.51016731  -2464.51558753  -2464.53043685 
max(|Fr_perp|)   :   0.00000000    0.00162137    0.00485012    0.00196403    0.00307104    0.01352107    0.00000000 
Fr_paral         :   0.00000000   -0.01135127   -0.05961550    0.05936492    0.00869742    0.00355063    0.00000000 
max(|Fsp_paral|) :   0.00000000    0.00171511    0.00047718    0.00016312    0.00121919    0.00378720    0.00000000 
max(|Fsp_perp|)  :   0.00000000    0.00000000    0.00000000    0.00000000    0.00000000    0.00000000    0.00000000 
max(|FNEB|)      :   0.00000000    0.00161121    0.00484725    0.00195722    0.00306987    0.01375951    0.00000000 
max(|Force|)     :   0.00011174    0.00759352    0.02994237    0.02999180    0.00555734    0.01368165    0.00016898 
ksp              :   0.02136549    0.10000000    0.10000000    0.09693463    0.02002283    0.01279918 
max(|step|)      :   0.00000000    0.00556647    0.00455060    0.00504021    0.00248028    0.01107304    0.00014196 
angle (deg.)     :    80.3114  42.4542  44.1397  85.1512  68.7362 
>
iteration       : 206
climbing        : no
zoom on         : no
nim             : 7
barrier         :   0.06743447 (image:  2) 
distance        :   0.00000000    8.61132718   10.47330865   12.33580397   14.25348051   23.46990339   38.26799545 
energy          : -2464.51768787  -2464.50909166  -2464.45025341  -2464.45261404  -2464.51014930  -2464.51580270  -2464.53043685 
max(|Fr_perp|)   :   0.00000000    0.00067435    0.00057402    0.00065481    0.00047645    0.00170433    0.00000000 
Fr_paral         :   0.00000000   -0.01114605   -0.05943919    0.05901250    0.00874832    0.00357226    0.00000000 
max(|Fsp_paral|) :   0.00000000    0.00078748    0.00002582    0.00025931    0.00050776    0.00023025    0.00000000 
max(|Fsp_perp|)  :   0.00000000    0.00000000    0.00000000    0.00000000    0.00000000    0.00000000    0.00000000 
max(|FNEB|)      :   0.00000000    0.00073229    0.00057405    0.00089060    0.00055197    0.00171912    0.00000000 
max(|Force|)     :   0.00011174    0.00696395    0.02983137    0.02961208    0.00554833    0.00274943    0.00016898 
ksp              :   0.02147276    0.10000000    0.10000000    0.09684943    0.02006120    0.01251601 
max(|step|)      :   0.00000000    0.00094050    0.00117576    0.00165947    0.00074493    0.00106872    0.00001948 
angle (deg.)     :    80.3391  42.4711  44.1286  85.1448  68.7259 
>
