NEB log file generated by ORCA
All quantities are given in atomic units. Unless stated otherwise. 
iteration       : 0
climbing        : no
zoom on         : no
nim             : 8
barrier         :   0.22020389 (image:  4) 
distance        :   0.00000000    5.14368575   10.28964223   15.43822581   20.58831601   25.74225273   30.89848897   36.05445531 
energy          : -2465.73559986  -2465.70750446  -2465.64295160  -2465.56569625  -2465.51539597  -2465.55951176  -2465.67813931  -2465.77084126 
max(|Fr_perp|)   :   0.00000000    0.05087526    0.06204369    0.05166650    0.03751582    0.04189473    0.05884535    0.00000000 
Fr_paral         :   0.00000000   -0.00936511   -0.01412247   -0.01362648   -0.00196519    0.01707551    0.02396712    0.00000000 
max(|Fsp_paral|) :   0.00000000    0.03082959    0.03873286    0.02568461    0.00009356    0.02212826    0.05669582    0.00000000 
max(|Fsp_perp|)  :   0.00000000    0.00000000    0.00000000    0.00000000    0.00000000    0.00000000    0.00000000    0.00000000 
max(|FNEB|)      :   0.00000000    0.04833989    0.05827396    0.04451740    0.03752452    0.03928442    0.07692612    0.00000000 
max(|Force|)     :   0.00016209    0.05162094    0.06360089    0.05271944    0.03758875    0.04451398    0.06315527    0.00035885 
ksp              :   0.02148750    0.04787390    0.07944814    0.10000000    0.10000000    0.08197078    0.03349204 
max(|step|)      :   0.00000000    0.06283937    0.07575315    0.05787033    0.04877994    0.05106773    0.10000000    0.00000000 
angle (deg.)     :    8.6120  9.2907  9.7402  10.9450  11.0058  10.9714 
>
iteration       : 1
climbing        : no
zoom on         : no
nim             : 8
barrier         :   0.21105566 (image:  4) 
distance        :   0.00000000    5.31823141   10.49583263   15.56758302   20.57988346   25.61326810   30.56113435   36.03520892 
energy          : -2465.73559986  -2465.71397163  -2465.65558223  -2465.58072897  -2465.52454420  -2465.56828533  -2465.68995978  -2465.77084126 
max(|Fr_perp|)   :   0.00000000    0.04360924    0.06197489    0.05389439    0.03324892    0.04299880    0.06101056    0.00000000 
Fr_paral         :   0.00000000   -0.00823844   -0.01375614   -0.01457303   -0.00357831    0.01905951    0.02557221    0.00000000 
max(|Fsp_paral|) :   0.00000000    0.02873597    0.03744761    0.02796007    0.00050760    0.02399149    0.05475180    0.00000000 
max(|Fsp_perp|)  :   0.00000000    0.00000000    0.00000000    0.00000000    0.00000000    0.00000000    0.00000000    0.00000000 
max(|FNEB|)      :   0.00000000    0.03958242    0.05559903    0.04519752    0.03312680    0.04070612    0.07373891    0.00000000 
max(|Force|)     :   0.00016209    0.04463479    0.06351813    0.05509953    0.03345618    0.04604124    0.06571946    0.00035885 
ksp              :   0.01922288    0.04412174    0.07604125    0.10000000    0.10000000    0.08134756    0.02946220 
max(|step|)      :   0.00000000    0.05788724    0.07615372    0.06044195    0.04363050    0.05326489    0.10000000    0.00128734 
angle (deg.)     :    8.6456  9.1555  9.5500  11.1592  10.9979  11.0394 
>
iteration       : 2
climbing        : no
zoom on         : no
nim             : 8
barrier         :   0.20373685 (image:  4) 
distance        :   0.00000000    5.49252122   10.70720502   15.71259277   20.57677727   25.47930342   30.22658672   36.02810006 
energy          : -2465.73559986  -2465.71840654  -2465.66621402  -2465.59319242  -2465.53186301  -2465.57478890  -2465.69986650  -2465.77084126 
max(|Fr_perp|)   :   0.00000000    0.03452157    0.06027437    0.05585905    0.03467312    0.04489212    0.06184115    0.00000000 
Fr_paral         :   0.00000000   -0.00711291   -0.01347560   -0.01560815   -0.00536759    0.02115609    0.02683034    0.00000000 
max(|Fsp_paral|) :   0.00000000    0.02633877    0.03644909    0.02932134    0.00092062    0.02502248    0.05340739    0.00000000 
max(|Fsp_perp|)  :   0.00000000    0.00000000    0.00000000    0.00000000    0.00000000    0.00000000    0.00000000    0.00000000 
max(|FNEB|)      :   0.00000000    0.02908055    0.05141476    0.04524453    0.03443802    0.04147947    0.06994883    0.00000000 
max(|Force|)     :   0.00016209    0.03538805    0.06181205    0.05723484    0.03499623    0.04845675    0.06690309    0.00035885 
ksp              :   0.01759707    0.04065722    0.07291357    0.10000000    0.10000000    0.08103816    0.02579078 
max(|step|)      :   0.00000000    0.04157404    0.07350338    0.06468233    0.04923316    0.05929973    0.10000000    0.00000000 
angle (deg.)     :    8.7593  9.0928  9.3398  11.5332  11.1244  11.4320 
>
iteration       : 3
climbing        : no
zoom on         : no
nim             : 8
barrier         :   0.19613514 (image:  4) 
distance        :   0.00000000    5.65770396   10.92545500   15.88500489   20.58068743   25.32834151   29.88736301   36.02949935 
energy          : -2465.73559986  -2465.72089963  -2465.67577835  -2465.60497772  -2465.53946471  -2465.58146324  -2465.70830396  -2465.77084126 
max(|Fr_perp|)   :   0.00000000    0.02607746    0.05636944    0.05738492    0.03622431    0.04716795    0.06084166    0.00000000 
Fr_paral         :   0.00000000   -0.00601737   -0.01290439   -0.01689021   -0.00736050    0.02350421    0.02724128    0.00000000 
max(|Fsp_paral|) :   0.00000000    0.02347341    0.03568805    0.02957818    0.00124261    0.02518444    0.05230392    0.00000000 
max(|Fsp_perp|)  :   0.00000000    0.00000000    0.00000000    0.00000000    0.00000000    0.00000000    0.00000000    0.00000000 
max(|FNEB|)      :   0.00000000    0.02328158    0.04539840    0.04575740    0.03589065    0.04184950    0.06564128    0.00000000 
max(|Force|)     :   0.00016209    0.02675585    0.05784274    0.05898543    0.03669687    0.05140177    0.06611248    0.00035885 
ksp              :   0.01674545    0.03745013    0.06993822    0.10000000    0.10000000    0.08072825    0.02252520 
max(|step|)      :   0.00000000    0.03644916    0.07140873    0.06814900    0.05292959    0.06191726    0.10000000    0.00152545 
angle (deg.)     :    8.9077  9.0919  9.2084  12.1174  11.4290  12.0563 
>
iteration       : 4
climbing        : no
zoom on         : no
nim             : 8
barrier         :   0.18852043 (image:  4) 
distance        :   0.00000000    5.81901744   11.15303821   16.07045038   20.58995969   25.17460247   29.54327738   36.04127391 
energy          : -2465.73559986  -2465.72233857  -2465.68396534  -2465.61640812  -2465.54707943  -2465.58811949  -2465.71529523  -2465.77084126 
max(|Fr_perp|)   :   0.00000000    0.01746468    0.04951997    0.05833105    0.03788784    0.04943567    0.05766574    0.00000000 
Fr_paral         :   0.00000000   -0.00512865   -0.01187774   -0.01779614   -0.00952141    0.02628020    0.02677945    0.00000000 
max(|Fsp_paral|) :   0.00000000    0.02062044    0.03443350    0.02956631    0.00154925    0.02511191    0.05093918    0.00000000 
max(|Fsp_perp|)  :   0.00000000    0.00000000    0.00000000    0.00000000    0.00000000    0.00000000    0.00000000    0.00000000 
max(|FNEB|)      :   0.00000000    0.02067189    0.03682397    0.04581308    0.03744021    0.04187597    0.05964009    0.00000000 
max(|Force|)     :   0.00016209    0.01800961    0.05088230    0.06014302    0.03853499    0.05451415    0.06297955    0.00035885 
ksp              :   0.01633116    0.03465385    0.06690717    0.10000000    0.10000000    0.08040782    0.01969674 
max(|step|)      :   0.00000000    0.03466106    0.06174366    0.07681591    0.06277693    0.07021447    0.10000000    0.00000000 
angle (deg.)     :    9.1135  9.1263  9.1301  13.0435  12.0096  12.6128 
>
iteration       : 5
climbing        : no
zoom on         : no
nim             : 8
barrier         :   0.18007836 (image:  4) 
distance        :   0.00000000    5.96982131   11.39700653   16.28181382   20.60650389   25.00387768   29.17666936   36.06003871 
energy          : -2465.73559986  -2465.72297684  -2465.68984497  -2465.62763487  -2465.55552150  -2465.59533752  -2465.72003013  -2465.77084126 
max(|Fr_perp|)   :   0.00000000    0.01266017    0.04012203    0.05821134    0.03982398    0.05159768    0.05315774    0.00000000 
Fr_paral         :   0.00000000   -0.00461860   -0.01041843   -0.01842145   -0.01197853    0.02994072    0.02558021    0.00000000 
max(|Fsp_paral|) :   0.00000000    0.01866200    0.03207022    0.02880809    0.00171491    0.02443210    0.04844403    0.00000000 
max(|Fsp_perp|)  :   0.00000000    0.00000000    0.00000000    0.00000000    0.00000000    0.00000000    0.00000000    0.00000000 
max(|FNEB|)      :   0.00000000    0.01850078    0.03312741    0.04504812    0.03929018    0.04131842    0.05258438    0.00000000 
max(|Force|)     :   0.00016209    0.01309943    0.04126877    0.06023135    0.04070372    0.05790951    0.05830969    0.00035885 
ksp              :   0.01630876    0.03286749    0.06395901    0.10000000    0.10000000    0.08010065    0.01778148 
max(|step|)      :   0.00000000    0.03389881    0.06137589    0.08603885    0.07703259    0.07852092    0.10000000    0.00155670 
angle (deg.)     :    9.3549  9.1193  9.1614  14.5528  13.1658  12.9696 
>
iteration       : 6
climbing        : no
zoom on         : no
nim             : 8
barrier         :   0.17040368 (image:  4) 
distance        :   0.00000000    6.11879319   11.64918077   16.51921049   20.63075225   24.81411768   28.79319416   36.08768849 
energy          : -2465.73559986  -2465.72308261  -2465.69258500  -2465.63794543  -2465.56519618  -2465.60336818  -2465.72266327  -2465.77084126 
max(|Fr_perp|)   :   0.00000000    0.01962732    0.03308073    0.05601694    0.04210365    0.05379204    0.04866160    0.00000000 
Fr_paral         :   0.00000000   -0.00439017   -0.00893640   -0.01884983   -0.01508913    0.03447760    0.02400388    0.00000000 
max(|Fsp_paral|) :   0.00000000    0.01832453    0.02852196    0.02663527    0.00167557    0.02356620    0.04471324    0.00000000 
max(|Fsp_perp|)  :   0.00000000    0.00000000    0.00000000    0.00000000    0.00000000    0.00000000    0.00000000    0.00000000 
max(|FNEB|)      :   0.00000000    0.02012394    0.03750508    0.04294743    0.04152526    0.04034667    0.04869806    0.00000000 
max(|Force|)     :   0.00016209    0.01967478    0.03287002    0.05823737    0.04330788    0.06185902    0.05350401    0.00035885 
ksp              :   0.01661203    0.03272206    0.06158385    0.10000000    0.10000000    0.07983935    0.01683375 
max(|step|)      :   0.00000000    0.04132389    0.07701556    0.08819125    0.08527087    0.08285067    0.10000000    0.00000000 
angle (deg.)     :    9.5726  9.1032  9.4846  16.5109  14.9789  13.3391 
>
iteration       : 7
climbing        : no
zoom on         : no
nim             : 8
barrier         :   0.15979644 (image:  4) 
distance        :   0.00000000    6.28177190   11.89562693   16.75960591   20.66152045   24.63179461   28.42529061   36.13362366 
energy          : -2465.73559986  -2465.72284804  -2465.69367318  -2465.64716676  -2465.57580342  -2465.61203557  -2465.72456869  -2465.77084126 
max(|Fr_perp|)   :   0.00000000    0.03423208    0.05633335    0.05311597    0.04445054    0.05535695    0.04290557    0.00000000 
Fr_paral         :   0.00000000   -0.00431258   -0.00749988   -0.01733541   -0.01790112    0.04030038    0.02194385    0.00000000 
max(|Fsp_paral|) :   0.00000000    0.01871299    0.02456013    0.02373107    0.00157074    0.02487066    0.04073227    0.00000000 
max(|Fsp_perp|)  :   0.00000000    0.00000000    0.00000000    0.00000000    0.00000000    0.00000000    0.00000000    0.00000000 
max(|FNEB|)      :   0.00000000    0.03329081    0.05722176    0.06015312    0.04385108    0.03875320    0.04434469    0.00000000 
max(|Force|)     :   0.00016209    0.03428234    0.05661785    0.05354456    0.04602033    0.06589747    0.04729442    0.00035885 
ksp              :   0.01718204    0.03361380    0.05980698    0.10000000    0.10000000    0.07959345    0.01621293 
max(|step|)      :   0.00000000    0.03902782    0.05936588    0.08719478    0.08887508    0.08324998    0.10000000    0.00137361 
angle (deg.)     :    9.7802  9.0976  9.9715  19.1089  17.5422  13.7133 
>
iteration       : 8
climbing        : no
zoom on         : no
nim             : 8
barrier         :   0.14900576 (image:  4) 
distance        :   0.00000000    6.45007160   12.13686921   16.99884246   20.69496148   24.46133425   28.07661091   36.19701547 
energy          : -2465.73559986  -2465.72269384  -2465.69419369  -2465.65477589  -2465.58659410  -2465.62077263  -2465.72546199  -2465.77084126 
max(|Fr_perp|)   :   0.00000000    0.04001637    0.06604843    0.06412988    0.04643736    0.05591821    0.03631992    0.00000000 
Fr_paral         :   0.00000000   -0.00425043   -0.00659600   -0.01546866   -0.02082579    0.04669737    0.01975851    0.00000000 
max(|Fsp_paral|) :   0.00000000    0.01959412    0.02091974    0.01992705    0.00169299    0.02621995    0.03601671    0.00000000 
max(|Fsp_perp|)  :   0.00000000    0.00000000    0.00000000    0.00000000    0.00000000    0.00000000    0.00000000    0.00000000 
max(|FNEB|)      :   0.00000000    0.03906871    0.06512561    0.06951683    0.04575495    0.03683872    0.03926007    0.00000000 
max(|Force|)     :   0.00016209    0.04026182    0.06663279    0.06534073    0.04843565    0.06955940    0.04022350    0.00035885 
ksp              :   0.01780070    0.03502396    0.05883368    0.10000000    0.10000000    0.07935480    0.01612290 
max(|step|)      :   0.00000000    0.05620036    0.09368322    0.10000000    0.06581852    0.05299252    0.05647563    0.00000000 
angle (deg.)     :    9.8339  9.0893  10.0991  21.2191  19.6607  13.7605 
>
iteration       : 9
climbing        : no
zoom on         : no
nim             : 8
barrier         :   0.14094644 (image:  4) 
distance        :   0.00000000    6.57160262   12.26226094   17.12590270   20.71766552   24.35114592   27.88787680   36.23936820 
energy          : -2465.73559986  -2465.72288709  -2465.69512564  -2465.65902088  -2465.59465342  -2465.62647605  -2465.72557547  -2465.77084126 
max(|Fr_perp|)   :   0.00000000    0.03435953    0.05647755    0.05501814    0.04736492    0.05546603    0.03487165    0.00000000 
Fr_paral         :   0.00000000   -0.00410711   -0.00638096   -0.01456941   -0.02391069    0.05058483    0.01913433    0.00000000 
max(|Fsp_paral|) :   0.00000000    0.01975190    0.01988647    0.01735152    0.00107807    0.02570855    0.03353999    0.00000000 
max(|Fsp_perp|)  :   0.00000000    0.00000000    0.00000000    0.00000000    0.00000000    0.00000000    0.00000000    0.00000000 
max(|FNEB|)      :   0.00000000    0.03499125    0.05984788    0.06064119    0.04694322    0.03511950    0.03675219    0.00000000 
max(|Force|)     :   0.00016209    0.03432897    0.05621682    0.05389147    0.04978192    0.07141452    0.03854427    0.00035885 
ksp              :   0.01811762    0.03584442    0.05889878    0.10000000    0.10000000    0.07967996    0.01640098 
max(|step|)      :   0.00000000    0.04256237    0.04576524    0.06194589    0.10000000    0.07786390    0.08349150    0.00101421 
angle (deg.)     :    9.9245  9.1397  10.3041  24.7562  23.3873  13.9649 
>
iteration       : 10
climbing        : no
zoom on         : no
nim             : 8
barrier         :   0.13007809 (image:  4) 
distance        :   0.00000000    6.75524709   12.44770319   17.30939419   20.75425834   24.20905780   27.63394829   36.32420619 
energy          : -2465.73559986  -2465.72066158  -2465.69020012  -2465.65734511  -2465.60552177  -2465.63412595  -2465.72538417  -2465.77084126 
max(|Fr_perp|)   :   0.00000000    0.05880492    0.09351918    0.09202571    0.04782361    0.05346138    0.03214232    0.00000000 
Fr_paral         :   0.00000000   -0.00449099   -0.00616647   -0.00986907   -0.02663477    0.05647185    0.01824033    0.00000000 
max(|Fsp_paral|) :   0.00000000    0.02294715    0.01836863    0.00775752    0.00027413    0.02488322    0.02935100    0.00000000 
max(|Fsp_perp|)  :   0.00000000    0.00000000    0.00000000    0.00000000    0.00000000    0.00000000    0.00000000    0.00000000 
max(|FNEB|)      :   0.00000000    0.05955989    0.09696552    0.09509034    0.04771564    0.03217282    0.03249628    0.00000000 
max(|Force|)     :   0.00016209    0.05897041    0.09351902    0.09141658    0.05073447    0.07331447    0.03549330    0.00035885 
ksp              :   0.02034944    0.04144481    0.06417551    0.10000000    0.10000000    0.08020527    0.01706772 
max(|step|)      :   0.00000000    0.06142378    0.10000000    0.09806614    0.04920887    0.03317966    0.03351323    0.00000000 
angle (deg.)     :    9.9328  9.0757  10.0271  26.3270  25.1137  14.1230 
>
iteration       : 11
climbing        : no
zoom on         : no
nim             : 8
barrier         :   0.12340646 (image:  4) 
distance        :   0.00000000    6.85656903   12.52533980   17.34391075   20.76674384   24.15480709   27.54078373   36.36619001 
energy          : -2465.73559986  -2465.72372280  -2465.69910677  -2465.66773845  -2465.61219340  -2465.63800125  -2465.72562109  -2465.77084126 
max(|Fr_perp|)   :   0.00000000    0.01307648    0.01256657    0.02087350    0.04747962    0.05163431    0.03007236    0.00000000 
Fr_paral         :   0.00000000   -0.00376250   -0.00587504   -0.01159446   -0.02767853    0.05969254    0.01760614    0.00000000 
max(|Fsp_paral|) :   0.00000000    0.01857568    0.01910959    0.01330401    0.00104388    0.02356263    0.02843606    0.00000000 
max(|Fsp_perp|)  :   0.00000000    0.00000000    0.00000000    0.00000000    0.00000000    0.00000000    0.00000000    0.00000000 
max(|FNEB|)      :   0.00000000    0.01859886    0.02002080    0.01587712    0.04786520    0.03060091    0.03144706    0.00000000 
max(|Force|)     :   0.00016209    0.01312374    0.01282139    0.02221614    0.05054903    0.07363234    0.03323233    0.00035885 
ksp              :   0.01866191    0.03661431    0.05949114    0.10000000    0.10000000    0.08117841    0.01727749 
max(|step|)      :   0.00000000    0.04280508    0.06725324    0.07117494    0.10000000    0.06474910    0.06669304    0.00064448 
angle (deg.)     :    10.0170  9.0186  9.5869  30.1570  28.8806  14.5364 
>
iteration       : 12
climbing        : no
zoom on         : no
nim             : 8
barrier         :   0.11303502 (image:  4) 
distance        :   0.00000000    7.03838509   12.68872833   17.44797604   20.79146552   24.06509432   27.37252977   36.46673423 
energy          : -2465.73559986  -2465.72151579  -2465.69344849  -2465.66394300  -2465.62256484  -2465.64414812  -2465.72551280  -2465.77084126 
max(|Fr_perp|)   :   0.00000000    0.05617039    0.10000066    0.09750425    0.04490671    0.04695167    0.02613463    0.00000000 
Fr_paral         :   0.00000000   -0.00430733   -0.00577748   -0.00698637   -0.02742764    0.06458872    0.01678843    0.00000000 
max(|Fsp_paral|) :   0.00000000    0.02268113    0.01763615    0.00360246    0.00223521    0.02154745    0.02553937    0.00000000 
max(|Fsp_perp|)  :   0.00000000    0.00000000    0.00000000    0.00000000    0.00000000    0.00000000    0.00000000    0.00000000 
max(|FNEB|)      :   0.00000000    0.05461633    0.09741077    0.09722039    0.04572434    0.02808723    0.02843020    0.00000000 
max(|Force|)     :   0.00016209    0.05652905    0.10081393    0.09841770    0.04809167    0.07298255    0.02901255    0.00035885 
ksp              :   0.02122855    0.04360798    0.06709783    0.10000000    0.10000000    0.08280971    0.01803025 
max(|step|)      :   0.00000000    0.05606806    0.10000000    0.09980457    0.04693972    0.02883381    0.02918589    0.00000000 
angle (deg.)     :    10.0325  8.9458  9.2567  32.2434  30.6064  14.7754 
>
iteration       : 13
climbing        : no
zoom on         : no
nim             : 8
barrier         :   0.10736060 (image:  4) 
distance        :   0.00000000    7.13803113   12.76347748   17.46319486   20.79703758   24.03038298   27.30327209   36.51438166 
energy          : -2465.73559986  -2465.72328734  -2465.69879247  -2465.67064223  -2465.62823925  -2465.64709862  -2465.72554194  -2465.77084126 
max(|Fr_perp|)   :   0.00000000    0.02174181    0.04176197    0.03926239    0.04225201    0.04447052    0.02503881    0.00000000 
Fr_paral         :   0.00000000   -0.00377186   -0.00551141   -0.00905931   -0.02982976    0.06577444    0.01659435    0.00000000 
max(|Fsp_paral|) :   0.00000000    0.01984684    0.01768161    0.00731856    0.00342316    0.02000564    0.02457799    0.00000000 
max(|Fsp_perp|)  :   0.00000000    0.00000000    0.00000000    0.00000000    0.00000000    0.00000000    0.00000000    0.00000000 
max(|FNEB|)      :   0.00000000    0.02268822    0.04496574    0.04164361    0.04344667    0.02640954    0.02748091    0.00000000 
max(|Force|)     :   0.00016209    0.02169970    0.04152036    0.03855441    0.04579800    0.07200521    0.02781610    0.00035885 
ksp              :   0.02032154    0.04085549    0.06445374    0.10000000    0.10000000    0.08419026    0.01843152 
max(|step|)      :   0.00000000    0.03647983    0.03193536    0.03301785    0.07711567    0.04707878    0.04876897    0.00044323 
angle (deg.)     :    10.0913  8.8501  8.9293  35.6410  33.5568  15.2475 
>
iteration       : 14
climbing        : no
zoom on         : no
nim             : 8
barrier         :   0.10009093 (image:  4) 
distance        :   0.00000000    7.29420041   12.89053386   17.50743702   20.80906577   23.98778129   27.20188513   36.60678495 
energy          : -2465.73559986  -2465.72204089  -2465.69607529  -2465.66927234  -2465.63550892  -2465.65093118  -2465.72534750  -2465.77084126 
max(|Fr_perp|)   :   0.00000000    0.04146470    0.07150372    0.07069380    0.03619323    0.03963273    0.02309044    0.00000000 
Fr_paral         :   0.00000000   -0.00400567   -0.00541342   -0.00713628   -0.02961506    0.06713573    0.01640086    0.00000000 
max(|Fsp_paral|) :   0.00000000    0.02180543    0.01614261    0.00207896    0.00441227    0.01821676    0.02231004    0.00000000 
max(|Fsp_perp|)  :   0.00000000    0.00000000    0.00000000    0.00000000    0.00000000    0.00000000    0.00000000    0.00000000 
max(|FNEB|)      :   0.00000000    0.04238735    0.07443207    0.07142728    0.03769809    0.02327173    0.02524763    0.00000000 
max(|Force|)     :   0.00016209    0.04142495    0.07126593    0.07008792    0.03981909    0.06943826    0.02573041    0.00035885 
ksp              :   0.02219198    0.04553980    0.06964054    0.10000000    0.10000000    0.08613258    0.01921874 
max(|step|)      :   0.00000000    0.05463329    0.04263613    0.03653721    0.10000000    0.06164040    0.06514551    0.00095978 
angle (deg.)     :    10.1514  8.6890  8.8133  40.3615  37.5491  16.0587 
>
iteration       : 15
climbing        : no
zoom on         : no
nim             : 8
barrier         :   0.09167922 (image:  4) 
distance        :   0.00000000    7.52697750   13.05936726   17.53353988   20.82679962   23.95052119   27.08779556   36.75107863 
energy          : -2465.73559986  -2465.72107442  -2465.69368325  -2465.66920187  -2465.64392064  -2465.65516511  -2465.72507889  -2465.77084126 
max(|Fr_perp|)   :   0.00000000    0.05006253    0.08943987    0.08790101    0.02335669    0.03172951    0.02026693    0.00000000 
Fr_paral         :   0.00000000   -0.00423901   -0.00514095   -0.00498801   -0.02708958    0.06738709    0.01625065    0.00000000 
max(|Fsp_paral|) :   0.00000000    0.02362895    0.01292416    0.00175021    0.00656680    0.01587463    0.01913800    0.00000000 
max(|Fsp_perp|)  :   0.00000000    0.00000000    0.00000000    0.00000000    0.00000000    0.00000000    0.00000000    0.00000000 
max(|FNEB|)      :   0.00000000    0.05115605    0.09211801    0.08752378    0.02553090    0.01830739    0.02212975    0.00000000 
max(|Force|)     :   0.00016209    0.05022803    0.08951324    0.08773434    0.02682243    0.06385703    0.02275457    0.00035885 
ksp              :   0.02427651    0.05120324    0.07523327    0.10000000    0.10000000    0.08895428    0.02032708 
max(|step|)      :   0.00000000    0.05553317    0.10000000    0.09501266    0.02771543    0.01987385    0.02402326    0.00000000 
angle (deg.)     :    10.1450  8.5764  8.6487  41.7896  38.7561  16.4438 
>
iteration       : 16
climbing        : no
zoom on         : no
nim             : 8
barrier         :   0.08852752 (image:  4) 
distance        :   0.00000000    7.63598383   13.11628648   17.52377099   20.82486879   23.93852428   27.04550039   36.80308389 
energy          : -2465.73559986  -2465.72307398  -2465.70158596  -2465.67796840  -2465.64707234  -2465.65631862  -2465.72512467  -2465.77084126 
max(|Fr_perp|)   :   0.00000000    0.01565334    0.01682204    0.01501710    0.01936786    0.02864845    0.01924311    0.00000000 
Fr_paral         :   0.00000000   -0.00357296   -0.00503900   -0.00774998   -0.02651855    0.06793178    0.01621402    0.00000000 
max(|Fsp_paral|) :   0.00000000    0.01663743    0.01406362    0.00670811    0.00790374    0.01456240    0.01849218    0.00000000 
max(|Fsp_perp|)  :   0.00000000    0.00000000    0.00000000    0.00000000    0.00000000    0.00000000    0.00000000    0.00000000 
max(|FNEB|)      :   0.00000000    0.01657506    0.01645826    0.01342073    0.02192229    0.01671069    0.02148836    0.00000000 
max(|Force|)     :   0.00016209    0.01571430    0.01704424    0.01549238    0.02298176    0.06176279    0.02169869    0.00035885 
ksp              :   0.02273422    0.04457965    0.06859004    0.10000000    0.10000000    0.09059992    0.02064942 
max(|step|)      :   0.00000000    0.03586074    0.03712363    0.03951237    0.04369812    0.03256308    0.04111830    0.00032176 
angle (deg.)     :    10.2155  8.4880  8.5601  44.4124  40.7509  17.1545 
>
iteration       : 17
climbing        : no
zoom on         : no
nim             : 8
barrier         :   0.08463926 (image:  4) 
distance        :   0.00000000    7.78813683   13.22356155   17.55709409   20.82250371   23.92424905   26.97769283   36.89653731 
energy          : -2465.73559986  -2465.72251124  -2465.69969146  -2465.67718404  -2465.65096060  -2465.65752390  -2465.72503483  -2465.77084126 
max(|Fr_perp|)   :   0.00000000    0.03006644    0.06284633    0.06180235    0.01388291    0.02374079    0.01767769    0.00000000 
Fr_paral         :   0.00000000   -0.00377534   -0.00498644   -0.00609479   -0.02443522    0.06773349    0.01630516    0.00000000 
max(|Fsp_paral|) :   0.00000000    0.01782276    0.01228476    0.00338740    0.00733475    0.01319927    0.01690699    0.00000000 
max(|Fsp_perp|)  :   0.00000000    0.00000000    0.00000000    0.00000000    0.00000000    0.00000000    0.00000000    0.00000000 
max(|FNEB|)      :   0.00000000    0.02841784    0.06054781    0.06096187    0.01664258    0.01446352    0.01996804    0.00000000 
max(|Force|)     :   0.00016209    0.03014874    0.06307274    0.06216759    0.01807810    0.05794233    0.02011606    0.00035885 
ksp              :   0.02391760    0.04818270    0.07211566    0.10000000    0.10000000    0.09302101    0.02123418 
max(|step|)      :   0.00000000    0.09144356    0.06523624    0.06150897    0.09880639    0.07729708    0.10000000    0.00124152 
angle (deg.)     :    10.3850  8.2553  8.5564  50.8160  45.5023  19.1324 
>
iteration       : 18
climbing        : no
zoom on         : no
nim             : 8
barrier         :   0.07716820 (image:  4) 
distance        :   0.00000000    8.17630129   13.47877342   17.61461819   20.82074831   23.91368047   26.84022557   37.14994295 
energy          : -2465.73559986  -2465.72130942  -2465.69746800  -2465.67739216  -2465.65843165  -2465.65895383  -2465.72463554  -2465.77084126 
max(|Fr_perp|)   :   0.00000000    0.04704838    0.09898444    0.10221017    0.02435110    0.01399968    0.01402494    0.00000000 
Fr_paral         :   0.00000000   -0.00398761   -0.00480158   -0.00326240   -0.01815497    0.06441621    0.01673204    0.00000000 
max(|Fsp_paral|) :   0.00000000    0.01682322    0.00807374    0.00045491    0.00607535    0.01002325    0.01287584    0.00000000 
max(|Fsp_perp|)  :   0.00000000    0.00000000    0.00000000    0.00000000    0.00000000    0.00000000    0.00000000    0.00000000 
max(|FNEB|)      :   0.00000000    0.04548543    0.09810689    0.10302827    0.02293227    0.01438934    0.01598807    0.00000000 
max(|Force|)     :   0.00016209    0.04742293    0.09990177    0.10310031    0.02206802    0.04680577    0.01646432    0.00035885 
ksp              :   0.02668516    0.05455791    0.07797778    0.10000000    0.10000000    0.09937870    0.02278636 
max(|step|)      :   0.00000000    0.03553041    0.07663505    0.08047932    0.01791328    0.01124006    0.01248890    0.00000000 
angle (deg.)     :    10.3856  8.2195  8.3893  51.3810  45.8139  19.4304 
>
iteration       : 19
climbing        : no
zoom on         : no
nim             : 8
barrier         :   0.07642737 (image:  5) 
distance        :   0.00000000    8.23213493   13.50497305   17.61203181   20.81786998   23.90575934   26.81430687   37.17162193 
energy          : -2465.73559986  -2465.72288464  -2465.70379602  -2465.68471329  -2465.66036298  -2465.65917249  -2465.72475485  -2465.77084126 
max(|Fr_perp|)   :   0.00000000    0.00591372    0.01422029    0.01424302    0.02084107    0.01223894    0.01405006    0.00000000 
Fr_paral         :   0.00000000   -0.00334214   -0.00447455   -0.00640860   -0.02160553    0.06427391    0.01678407    0.00000000 
max(|Fsp_paral|) :   0.00000000    0.01056411    0.00898976    0.00699740    0.00398507    0.00971824    0.01275199    0.00000000 
max(|Fsp_perp|)  :   0.00000000    0.00000000    0.00000000    0.00000000    0.00000000    0.00000000    0.00000000    0.00000000 
max(|FNEB|)      :   0.00000000    0.01057730    0.01594386    0.01639962    0.01993390    0.00906538    0.01579680    0.00000000 
max(|Force|)     :   0.00016209    0.00600685    0.01401171    0.01376496    0.01815636    0.04706793    0.01653031    0.00035885 
ksp              :   0.02497330    0.04745184    0.06992345    0.09859810    0.10000000    0.10000000    0.02277095 
max(|step|)      :   0.00000000    0.01166966    0.00936288    0.01140266    0.02030115    0.00904784    0.01571563    0.00001083 
angle (deg.)     :    10.4306  8.2157  8.3240  51.9476  46.2350  19.8036 
>
iteration       : 20
climbing        : no
zoom on         : no
nim             : 8
barrier         :   0.07653229 (image:  5) 
distance        :   0.00000000    8.28161091   13.54139660   17.63598561   20.81910319   23.89809622   26.78444614   37.20140875 
energy          : -2465.73559986  -2465.72284261  -2465.70381831  -2465.68505939  -2465.66172940  -2465.65906757  -2465.72480345  -2465.77084126 
max(|Fr_perp|)   :   0.00000000    0.01082888    0.02348580    0.02468132    0.01692959    0.01249731    0.01395050    0.00000000 
Fr_paral         :   0.00000000   -0.00333306   -0.00442658   -0.00619701   -0.02376902    0.06419974    0.01688732    0.00000000 
max(|Fsp_paral|) :   0.00000000    0.00997754    0.00854259    0.00581910    0.00024637    0.01041434    0.01220973    0.00000000 
max(|Fsp_perp|)  :   0.00000000    0.00000000    0.00000000    0.00000000    0.00000000    0.00000000    0.00000000    0.00000000 
max(|FNEB|)      :   0.00000000    0.01159099    0.02512363    0.02651687    0.01687693    0.00931396    0.01517571    0.00000000 
max(|Force|)     :   0.00016209    0.01076857    0.02327941    0.02420821    0.01631111    0.04720388    0.01648559    0.00035885 
ksp              :   0.02500219    0.04737429    0.06943429    0.09686975    0.10000000    0.10000000    0.02269630 
max(|step|)      :   0.00000000    0.06483960    0.05056152    0.06441709    0.10000000    0.05190330    0.08597228    0.00076471 
angle (deg.)     :    10.6829  8.1675  8.6573  55.1310  48.7224  22.0816 
>
iteration       : 21
climbing        : no
zoom on         : no
nim             : 8
barrier         :   0.07781571 (image:  5) 
distance        :   0.00000000    8.55548404   13.73834626   17.74039830   20.85668161   23.85814869   26.64023907   37.38235584 
energy          : -2465.73559986  -2465.72284699  -2465.70391667  -2465.68715965  -2465.66681165  -2465.65778415  -2465.72506490  -2465.77084126 
max(|Fr_perp|)   :   0.00000000    0.01862538    0.04708296    0.04840651    0.01650141    0.01248420    0.01277221    0.00000000 
Fr_paral         :   0.00000000   -0.00327940   -0.00411010   -0.00497121   -0.03163472    0.06501341    0.01742412    0.00000000 
max(|Fsp_paral|) :   0.00000000    0.00716309    0.00546683    0.00354636    0.01188337    0.01182710    0.00982907    0.00000000 
max(|Fsp_perp|)  :   0.00000000    0.00000000    0.00000000    0.00000000    0.00000000    0.00000000    0.00000000    0.00000000 
max(|FNEB|)      :   0.00000000    0.01930686    0.04853562    0.05002496    0.01769495    0.01031948    0.01241824    0.00000000 
max(|Force|)     :   0.00016209    0.01874080    0.04726456    0.04836248    0.02190058    0.04758026    0.01563386    0.00035885 
ksp              :   0.02475743    0.04668532    0.06607109    0.08956523    0.10000000    0.10000000    0.02218612 
max(|step|)      :   0.00000000    0.03061641    0.07696675    0.07932851    0.02806028    0.01636440    0.01969258    0.00000000 
angle (deg.)     :    10.7494  8.1594  9.2330  55.5338  49.4325  22.7567 
>
iteration       : 22
climbing        : no
zoom on         : no
nim             : 8
barrier         :   0.07849882 (image:  5) 
distance        :   0.00000000    8.60406276   13.77488522   17.76536963   20.89454859   23.83286540   26.60804325   37.42279491 
energy          : -2465.73559986  -2465.72297374  -2465.70462855  -2465.68843016  -2465.66711726  -2465.65710104  -2465.72525302  -2465.77084126 
max(|Fr_perp|)   :   0.00000000    0.02052670    0.04880403    0.04841208    0.01455375    0.01153236    0.01189056    0.00000000 
Fr_paral         :   0.00000000   -0.00325219   -0.00409655   -0.00500005   -0.03094062    0.06544324    0.01753612    0.00000000 
max(|Fsp_paral|) :   0.00000000    0.00587979    0.00496567    0.00511185    0.00958354    0.00881822    0.01030057    0.00000000 
max(|Fsp_perp|)  :   0.00000000    0.00000000    0.00000000    0.00000000    0.00000000    0.00000000    0.00000000    0.00000000 
max(|FNEB|)      :   0.00000000    0.01988519    0.04781324    0.04704067    0.01482460    0.00898420    0.01264494    0.00000000 
max(|Force|)     :   0.00016209    0.02061108    0.04900305    0.04873446    0.02008284    0.04690668    0.01483053    0.00035885 
ksp              :   0.02447603    0.04550904    0.06408072    0.08851627    0.10000000    0.10000000    0.02186280 
max(|step|)      :   0.00000000    0.00765804    0.01177441    0.01189742    0.01849341    0.01098731    0.01457620    0.00008579 
angle (deg.)     :    10.7953  8.1705  9.6168  56.0052  50.0140  23.2197 
>
iteration       : 23
climbing        : no
zoom on         : no
nim             : 8
barrier         :   0.07882931 (image:  5) 
distance        :   0.00000000    8.63586360   13.80038897   17.78856875   20.92004967   23.81958084   26.58594721   37.45446250 
energy          : -2465.73559986  -2465.72324743  -2465.70588489  -2465.68994600  -2465.66729913  -2465.65677054  -2465.72533588  -2465.77084126 
max(|Fr_perp|)   :   0.00000000    0.01322509    0.03096573    0.03135140    0.01321297    0.01097286    0.01150252    0.00000000 
Fr_paral         :   0.00000000   -0.00311619   -0.00402443   -0.00554566   -0.03163965    0.06515015    0.01764003    0.00000000 
max(|Fsp_paral|) :   0.00000000    0.00445042    0.00508997    0.00665026    0.00824665    0.00721192    0.01029199    0.00000000 
max(|Fsp_perp|)  :   0.00000000    0.00000000    0.00000000    0.00000000    0.00000000    0.00000000    0.00000000    0.00000000 
max(|FNEB|)      :   0.00000000    0.01276077    0.02994303    0.03068570    0.01377429    0.00821811    0.01252479    0.00000000 
max(|Force|)     :   0.00016209    0.01330244    0.03116262    0.03172838    0.01904650    0.04625680    0.01449595    0.00035885 
ksp              :   0.02410285    0.04392579    0.06212334    0.08797944    0.10000000    0.10000000    0.02171845 
max(|step|)      :   0.00000000    0.03869410    0.05166953    0.06285156    0.10000000    0.05866418    0.08109462    0.00116707 
angle (deg.)     :    11.0819  8.2780  11.9809  59.0438  53.5823  25.8155 
>
iteration       : 24
climbing        : no
zoom on         : no
nim             : 8
barrier         :   0.08042366 (image:  5) 
distance        :   0.00000000    8.79764271   13.94381701   17.93536006   21.06403838   23.77753009   26.49246382   37.65812427 
energy          : -2465.73559986  -2465.72389708  -2465.70817155  -2465.69364832  -2465.66781904  -2465.65517620  -2465.72568583  -2465.77084126 
max(|Fr_perp|)   :   0.00000000    0.00500896    0.00781857    0.01001885    0.00957724    0.00771474    0.00960950    0.00000000 
Fr_paral         :   0.00000000   -0.00282364   -0.00371157   -0.00601825   -0.03445784    0.06311613    0.01815753    0.00000000 
max(|Fsp_paral|) :   0.00000000    0.00148493    0.00435800    0.00972089    0.00160972    0.00006415    0.00965805    0.00000000 
max(|Fsp_perp|)  :   0.00000000    0.00000000    0.00000000    0.00000000    0.00000000    0.00000000    0.00000000    0.00000000 
max(|FNEB|)      :   0.00000000    0.00489901    0.00741201    0.01068139    0.00982573    0.00780108    0.01142456    0.00000000 
max(|Force|)     :   0.00016209    0.00505992    0.00790491    0.01045365    0.01511962    0.04228861    0.01372572    0.00035885 
ksp              :   0.02309714    0.04069507    0.05694680    0.08585175    0.10000000    0.10000000    0.02109362 
max(|step|)      :   0.00000000    0.04093616    0.06193487    0.08925386    0.08210390    0.06518597    0.09546379    0.00000000 
angle (deg.)     :    11.5058  8.8073  13.1466  62.2151  57.5637  28.0246 
>
iteration       : 25
climbing        : no
zoom on         : no
nim             : 8
barrier         :   0.07922961 (image:  5) 
distance        :   0.00000000    8.85507584   14.10179134   18.30175392   21.16031519   23.88753271   26.42474177   37.93994836 
energy          : -2465.73559986  -2465.72359675  -2465.70848437  -2465.69361817  -2465.66777901  -2465.65637025  -2465.72487813  -2465.77084126 
max(|Fr_perp|)   :   0.00000000    0.02296713    0.02266250    0.03264629    0.04092009    0.03552929    0.01747355    0.00000000 
Fr_paral         :   0.00000000   -0.00264570   -0.00360341   -0.00609630   -0.03786020    0.05297742    0.01898767    0.00000000 
max(|Fsp_paral|) :   0.00000000    0.00114244    0.00686381    0.00151164    0.01374499    0.01049008    0.00047488    0.00000000 
max(|Fsp_perp|)  :   0.00000000    0.00000000    0.00000000    0.00000000    0.00000000    0.00000000    0.00000000    0.00000000 
max(|FNEB|)      :   0.00000000    0.02285837    0.02152364    0.03239360    0.04075218    0.03569317    0.01744770    0.00000000 
max(|Force|)     :   0.00016209    0.02302725    0.02280795    0.03288255    0.04118594    0.03507237    0.01718095    0.00035885 
ksp              :   0.02363480    0.04080154    0.05768864    0.08704035    0.10000000    0.10000000    0.02217923 
max(|step|)      :   0.00000000    0.03748062    0.05666900    0.07160669    0.08491693    0.04061509    0.07749766    0.00091111 
angle (deg.)     :    11.9170  9.1508  15.5662  64.0958  59.7255  30.7784 
>
iteration       : 26
climbing        : no
zoom on         : no
nim             : 8
barrier         :   0.07551087 (image:  5) 
distance        :   0.00000000    8.90770393   14.27105213   18.59305793   21.27571096   23.95973339   26.39964260   38.18983599 
energy          : -2465.73559986  -2465.72539423  -2465.71108756  -2465.69737104  -2465.67096076  -2465.66008899  -2465.72626003  -2465.77084126 
max(|Fr_perp|)   :   0.00000000    0.01129003    0.00789275    0.01158932    0.01623344    0.01085720    0.00918526    0.00000000 
Fr_paral         :   0.00000000   -0.00236851   -0.00338242   -0.00602054   -0.04183497    0.05407020    0.01855490    0.00000000 
max(|Fsp_paral|) :   0.00000000    0.00308369    0.00724441    0.00168882    0.01976541    0.01339040    0.00155586    0.00000000 
max(|Fsp_perp|)  :   0.00000000    0.00000000    0.00000000    0.00000000    0.00000000    0.00000000    0.00000000    0.00000000 
max(|FNEB|)      :   0.00000000    0.01163815    0.00827484    0.01184103    0.02518961    0.01251857    0.01014182    0.00000000 
max(|Force|)     :   0.00016209    0.01122611    0.00802397    0.01181738    0.02699010    0.03053110    0.01262563    0.00035885 
ksp              :   0.02216389    0.03921575    0.05556422    0.08704214    0.10000000    0.10000000    0.02113197 
max(|step|)      :   0.00000000    0.03852422    0.05758982    0.06720240    0.10000000    0.04261978    0.07684503    0.00116068 
angle (deg.)     :    12.3157  9.4572  19.1340  65.2639  61.2850  34.1571 
>
iteration       : 27
climbing        : no
zoom on         : no
nim             : 8
barrier         :   0.07521205 (image:  5) 
distance        :   0.00000000    8.97240621   14.45419778   18.86881897   21.41396287   24.03229885   26.39807734   38.45800350 
energy          : -2465.73559986  -2465.72611401  -2465.71231987  -2465.69969988  -2465.67071509  -2465.66038781  -2465.72720078  -2465.77084126 
max(|Fr_perp|)   :   0.00000000    0.00351894    0.00525300    0.01023247    0.01769420    0.00433254    0.00697905    0.00000000 
Fr_paral         :   0.00000000   -0.00220424   -0.00317985   -0.00616837   -0.04523975    0.05692848    0.01841803    0.00000000 
max(|Fsp_paral|) :   0.00000000    0.00382269    0.00637308    0.00321877    0.02133932    0.01357408    0.00170793    0.00000000 
max(|Fsp_perp|)  :   0.00000000    0.00000000    0.00000000    0.00000000    0.00000000    0.00000000    0.00000000    0.00000000 
max(|FNEB|)      :   0.00000000    0.00403228    0.00691480    0.01028915    0.02496310    0.01386444    0.00849054    0.00000000 
max(|Force|)     :   0.00016209    0.00365139    0.00542962    0.01027573    0.03054935    0.03048780    0.01267981    0.00035885 
ksp              :   0.02135496    0.03786548    0.05297617    0.08764432    0.10000000    0.10000000    0.02006069 
max(|step|)      :   0.00000000    0.01615296    0.02770009    0.04121744    0.10000000    0.05553977    0.03401236    0.00000000 
angle (deg.)     :    12.3874  9.3252  23.4451  62.2376  58.4566  37.0346 
>
iteration       : 28
climbing        : no
zoom on         : no
nim             : 8
barrier         :   0.08133395 (image:  5) 
distance        :   0.00000000    9.03639870   14.56076214   18.84282487   21.51194377   23.87774871   26.32774886   38.40563395 
energy          : -2465.73559986  -2465.72591763  -2465.71236652  -2465.70106726  -2465.66501018  -2465.65426591  -2465.72879440  -2465.77084126 
max(|Fr_perp|)   :   0.00000000    0.01496722    0.01051468    0.01027034    0.01020030    0.01245677    0.00753194    0.00000000 
Fr_paral         :   0.00000000   -0.00222293   -0.00307178   -0.00657399   -0.04794904    0.06596787    0.01803453    0.00000000 
max(|Fsp_paral|) :   0.00000000    0.00241790    0.00222784    0.00946911    0.00076473    0.00449415    0.01090235    0.00000000 
max(|Fsp_perp|)  :   0.00000000    0.00000000    0.00000000    0.00000000    0.00000000    0.00000000    0.00000000    0.00000000 
max(|FNEB|)      :   0.00000000    0.01470533    0.01070092    0.00893587    0.01018907    0.01236662    0.00956541    0.00000000 
max(|Force|)     :   0.00016209    0.01502491    0.01045234    0.01057568    0.02395972    0.04100790    0.01247458    0.00035885 
ksp              :   0.02071386    0.03570883    0.04821201    0.08811094    0.10000000    0.10000000    0.01753058 
max(|step|)      :   0.00000000    0.01837104    0.01614951    0.02282929    0.05111754    0.02075818    0.02061264    0.00032121 
angle (deg.)     :    12.4338  9.4321  25.6283  60.9174  57.5758  38.6343 
>
iteration       : 29
climbing        : no
zoom on         : no
nim             : 8
barrier         :   0.08246833 (image:  5) 
distance        :   0.00000000    9.08156618   14.62388777   18.88357817   21.56875264   23.84009168   26.27409099   38.41824301 
energy          : -2465.73559986  -2465.72625309  -2465.71286318  -2465.70197938  -2465.66245725  -2465.65313153  -2465.72913437  -2465.77084126 
max(|Fr_perp|)   :   0.00000000    0.01014910    0.00481303    0.01108032    0.00781840    0.00670800    0.00545184    0.00000000 
Fr_paral         :   0.00000000   -0.00216453   -0.00301239   -0.00654367   -0.04839825    0.06453338    0.01838982    0.00000000 
max(|Fsp_paral|) :   0.00000000    0.00227596    0.00144183    0.01455108    0.00762718    0.00866909    0.01213263    0.00000000 
max(|Fsp_perp|)  :   0.00000000    0.00000000    0.00000000    0.00000000    0.00000000    0.00000000    0.00000000    0.00000000 
max(|FNEB|)      :   0.00000000    0.01041941    0.00469853    0.01406776    0.00810362    0.01429728    0.00991190    0.00000000 
max(|Force|)     :   0.00016209    0.01008747    0.00522308    0.01137576    0.02228303    0.04002169    0.01160346    0.00035885 
ksp              :   0.02020039    0.03481317    0.04669097    0.08982258    0.10000000    0.10000000    0.01705597 
max(|step|)      :   0.00000000    0.02258906    0.03353669    0.05120075    0.07613582    0.03497545    0.04913519    0.00077060 
angle (deg.)     :    12.5188  9.8515  28.8836  59.2634  56.5337  41.5190 
>
iteration       : 30
climbing        : no
zoom on         : no
nim             : 8
barrier         :   0.08355046 (image:  5) 
distance        :   0.00000000    9.17074703   14.73762111   19.01900468   21.66119019   23.83383789   26.18163866   38.48964609 
energy          : -2465.73559986  -2465.72612079  -2465.71314484  -2465.70289689  -2465.65850814  -2465.65204940  -2465.72857181  -2465.77084126 
max(|Fr_perp|)   :   0.00000000    0.01527846    0.01203259    0.01016804    0.01531981    0.01596828    0.01003815    0.00000000 
Fr_paral         :   0.00000000   -0.00208759   -0.00284927   -0.00695876   -0.04602276    0.05812727    0.01968989    0.00000000 
max(|Fsp_paral|) :   0.00000000    0.00119309    0.00080205    0.01907057    0.01535057    0.00930430    0.00647850    0.00000000 
max(|Fsp_perp|)  :   0.00000000    0.00000000    0.00000000    0.00000000    0.00000000    0.00000000    0.00000000    0.00000000 
max(|FNEB|)      :   0.00000000    0.01542465    0.01197398    0.01897412    0.01342593    0.01609563    0.00989614    0.00000000 
max(|Force|)     :   0.00016209    0.01521711    0.01208299    0.01048223    0.02152800    0.03356891    0.01085991    0.00035885 
ksp              :   0.02021079    0.03418840    0.04522742    0.09304269    0.10000000    0.10000000    0.01757057 
max(|step|)      :   0.00000000    0.04264620    0.06467038    0.09842156    0.10000000    0.05703746    0.08925604    0.00155901 
angle (deg.)     :    12.7289  10.9804  33.6430  57.3251  54.6018  47.2158 
>
iteration       : 31
climbing        : no
zoom on         : no
nim             : 8
barrier         :   0.08391055 (image:  5) 
distance        :   0.00000000    9.32241243   14.93513269   19.34631607   21.80360755   23.90712487   26.09941219   38.70226308 
energy          : -2465.73559986  -2465.72500898  -2465.71387881  -2465.70425180  -2465.65482208  -2465.65168931  -2465.72816055  -2465.77084126 
max(|Fr_perp|)   :   0.00000000    0.04180388    0.01501368    0.01217389    0.02626894    0.01733810    0.01313651    0.00000000 
Fr_paral         :   0.00000000   -0.00163892   -0.00253182   -0.00835852   -0.03994546    0.04662870    0.02130375    0.00000000 
max(|Fsp_paral|) :   0.00000000    0.00300640    0.00132396    0.01776009    0.01417259    0.00460754    0.00282594    0.00000000 
max(|Fsp_perp|)  :   0.00000000    0.00000000    0.00000000    0.00000000    0.00000000    0.00000000    0.00000000    0.00000000 
max(|FNEB|)      :   0.00000000    0.04178090    0.01503384    0.01836105    0.02324031    0.01604224    0.01332121    0.00000000 
max(|Force|)     :   0.00016209    0.04214198    0.01516862    0.01291256    0.02179104    0.02633986    0.01345566    0.00035885 
ksp              :   0.02139525    0.03330453    0.04362246    0.09665232    0.10000000    0.10000000    0.01798604 
max(|step|)      :   0.00000000    0.05778906    0.02079399    0.02539600    0.03214474    0.02218876    0.01842517    0.00000000 
angle (deg.)     :    12.7751  11.2090  32.7068  57.2371  53.6606  47.4047 
>
iteration       : 32
climbing        : no
zoom on         : no
nim             : 8
barrier         :   0.08203550 (image:  5) 
distance        :   0.00000000    9.30550370   14.94378534   19.40658522   21.77113299   23.92484255   26.10458614   38.71250008 
energy          : -2465.73559986  -2465.72615662  -2465.71445607  -2465.70424104  -2465.65831037  -2465.65356436  -2465.72888517  -2465.77084126 
max(|Fr_perp|)   :   0.00000000    0.03257615    0.01087640    0.01138927    0.01777174    0.00856365    0.00640740    0.00000000 
Fr_paral         :   0.00000000   -0.00189381   -0.00277149   -0.00920997   -0.04224922    0.05317532    0.02081503    0.00000000 
max(|Fsp_paral|) :   0.00000000    0.00054994    0.00263803    0.01017066    0.00456483    0.00134502    0.00037368    0.00000000 
max(|Fsp_perp|)  :   0.00000000    0.00000000    0.00000000    0.00000000    0.00000000    0.00000000    0.00000000    0.00000000 
max(|FNEB|)      :   0.00000000    0.03263626    0.01026597    0.01351308    0.01691665    0.00781385    0.00639793    0.00000000 
max(|Force|)     :   0.00016209    0.03262588    0.01103032    0.01128174    0.02216579    0.02581781    0.01062929    0.00035885 
ksp              :   0.02036005    0.03319655    0.04440332    0.09479322    0.10000000    0.10000000    0.01736659 
max(|step|)      :   0.00000000    0.01758096    0.00525014    0.01364861    0.02004269    0.01054884    0.00539745    0.00003248 
angle (deg.)     :    12.8168  11.3337  32.4097  56.8533  53.0735  47.6684 
>
iteration       : 33
climbing        : no
zoom on         : no
nim             : 8
barrier         :   0.08146432 (image:  5) 
distance        :   0.00000000    9.30098637   14.95552432   19.44167098   21.75907913   23.93144775   26.10344983   38.71888716 
energy          : -2465.73559986  -2465.72690973  -2465.71461951  -2465.70430352  -2465.65968853  -2465.65413554  -2465.72916908  -2465.77084126 
max(|Fr_perp|)   :   0.00000000    0.00879977    0.00422237    0.00634504    0.01288150    0.00512257    0.00386919    0.00000000 
Fr_paral         :   0.00000000   -0.00199292   -0.00284812   -0.00936745   -0.04498975    0.05595017    0.02048003    0.00000000 
max(|Fsp_paral|) :   0.00000000    0.00127471    0.00296359    0.00685212    0.00014904    0.00001887    0.00054052    0.00000000 
max(|Fsp_perp|)  :   0.00000000    0.00000000    0.00000000    0.00000000    0.00000000    0.00000000    0.00000000    0.00000000 
max(|FNEB|)      :   0.00000000    0.00864929    0.00441225    0.00739108    0.01285621    0.00513319    0.00360693    0.00000000 
max(|Force|)     :   0.00016209    0.00885631    0.00425528    0.00695343    0.02336670    0.02846768    0.01100228    0.00035885 
ksp              :   0.01960067    0.03317863    0.04457551    0.09386518    0.10000000    0.10000000    0.01710458 
max(|step|)      :   0.00000000    0.01218341    0.01395677    0.03218776    0.05048679    0.02218772    0.01386892    0.00031636 
angle (deg.)     :    12.9243  11.6395  32.2984  55.5362  51.5598  48.6376 
>
iteration       : 34
climbing        : no
zoom on         : no
nim             : 8
barrier         :   0.08080950 (image:  5) 
distance        :   0.00000000    9.30729697   14.99572011   19.52945723   21.74532107   23.94431019   26.09722204   38.73987637 
energy          : -2465.73559986  -2465.72706113  -2465.71482392  -2465.70436666  -2465.66139350  -2465.65479036  -2465.72975411  -2465.77084126 
max(|Fr_perp|)   :   0.00000000    0.00630209    0.00395053    0.00674041    0.00331278    0.00473845    0.00397178    0.00000000 
Fr_paral         :   0.00000000   -0.00192805   -0.00286395   -0.00961088   -0.05071404    0.06087648    0.01971427    0.00000000 
max(|Fsp_paral|) :   0.00000000    0.00166487    0.00347440    0.00087448    0.00755179    0.00235645    0.00250961    0.00000000 
max(|Fsp_perp|)  :   0.00000000    0.00000000    0.00000000    0.00000000    0.00000000    0.00000000    0.00000000    0.00000000 
max(|FNEB|)      :   0.00000000    0.00650956    0.00379293    0.00655114    0.00752841    0.00651056    0.00373797    0.00000000 
max(|Force|)     :   0.00016209    0.00624432    0.00438352    0.00755047    0.02624022    0.03355093    0.01152109    0.00035885 
ksp              :   0.01950985    0.03313879    0.04478536    0.09264588    0.10000000    0.10000000    0.01651058 
max(|step|)      :   0.00000000    0.00985496    0.01684694    0.02585290    0.03750412    0.01219782    0.01492037    0.00026358 
angle (deg.)     :    13.0585  11.9011  33.6055  53.4407  50.0921  50.1327 
>
iteration       : 35
climbing        : no
zoom on         : no
nim             : 8
barrier         :   0.08089774 (image:  5) 
distance        :   0.00000000    9.31995096   15.05546184   19.60930605   21.76927148   23.94967095   26.08323641   38.76947923 
energy          : -2465.73559986  -2465.72697480  -2465.71500184  -2465.70483570  -2465.66058665  -2465.65470211  -2465.73015206  -2465.77084126 
max(|Fr_perp|)   :   0.00000000    0.01713812    0.00429118    0.00735887    0.00837857    0.00602512    0.00378640    0.00000000 
Fr_paral         :   0.00000000   -0.00181481   -0.00284719   -0.00995290   -0.05417179    0.06231436    0.01943004    0.00000000 
max(|Fsp_paral|) :   0.00000000    0.00148192    0.00300429    0.00018008    0.00837363    0.00239896    0.00371586    0.00000000 
max(|Fsp_perp|)  :   0.00000000    0.00000000    0.00000000    0.00000000    0.00000000    0.00000000    0.00000000    0.00000000 
max(|FNEB|)      :   0.00000000    0.01733333    0.00506451    0.00730973    0.00807099    0.00722693    0.00395264    0.00000000 
max(|Force|)     :   0.00016209    0.01708060    0.00431668    0.00842322    0.02855316    0.03511196    0.01130258    0.00035885 
ksp              :   0.01959551    0.03291562    0.04422561    0.09345336    0.10000000    0.10000000    0.01606076 
max(|step|)      :   0.00000000    0.03583946    0.06098704    0.10000000    0.08953404    0.04331784    0.05765725    0.00136923 
angle (deg.)     :    13.5008  12.9216  40.1890  45.9488  45.4589  55.8574 
>
iteration       : 36
climbing        : no
zoom on         : no
nim             : 8
barrier         :   0.08158533 (image:  5) 
distance        :   0.00000000    9.36251243   15.26838295   19.89436643   21.90904194   24.00764418   26.07187367   38.92835662 
energy          : -2465.73559986  -2465.72741031  -2465.71552983  -2465.70645248  -2465.65554393  -2465.65401453  -2465.73099665  -2465.77084126 
max(|Fr_perp|)   :   0.00000000    0.01448307    0.00883694    0.01305910    0.02159536    0.01096700    0.00770280    0.00000000 
Fr_paral         :   0.00000000   -0.00167541   -0.00265822   -0.01118497   -0.05915111    0.06424401    0.01907610    0.00000000 
max(|Fsp_paral|) :   0.00000000    0.00278561    0.00122740    0.00121380    0.00611737    0.00178117    0.00506461    0.00000000 
max(|Fsp_perp|)  :   0.00000000    0.00000000    0.00000000    0.00000000    0.00000000    0.00000000    0.00000000    0.00000000 
max(|FNEB|)      :   0.00000000    0.01512048    0.00935185    0.01317432    0.02138228    0.01009073    0.00767370    0.00000000 
max(|Force|)     :   0.00016209    0.01469782    0.00884566    0.01393808    0.03944414    0.03620805    0.01051092    0.00035885 
ksp              :   0.01904155    0.03214400    0.04216230    0.09832289    0.10000000    0.10000000    0.01507781 
max(|step|)      :   0.00000000    0.02431781    0.01504029    0.02118786    0.03438847    0.01622862    0.01234138    0.00000000 
angle (deg.)     :    13.4666  13.0248  41.1953  45.9535  45.4324  56.3174 
>
iteration       : 37
climbing        : no
zoom on         : no
nim             : 8
barrier         :   0.08142890 (image:  5) 
distance        :   0.00000000    9.38073964   15.27732487   19.90925610   21.94161311   24.01701786   26.06838493   38.94447891 
energy          : -2465.73559986  -2465.72739812  -2465.71561810  -2465.70668573  -2465.65618444  -2465.65417096  -2465.73078871  -2465.77084126 
max(|Fr_perp|)   :   0.00000000    0.01596150    0.01080384    0.01537881    0.01541098    0.00641431    0.00571775    0.00000000 
Fr_paral         :   0.00000000   -0.00176629   -0.00266971   -0.01173017   -0.05645220    0.06162163    0.01987165    0.00000000 
max(|Fsp_paral|) :   0.00000000    0.00249384    0.00121330    0.00173292    0.00462395    0.00125396    0.00321763    0.00000000 
max(|Fsp_perp|)  :   0.00000000    0.00000000    0.00000000    0.00000000    0.00000000    0.00000000    0.00000000    0.00000000 
max(|FNEB|)      :   0.00000000    0.01564678    0.01051265    0.01569955    0.01503621    0.00642018    0.00580987    0.00000000 
max(|Force|)     :   0.00016209    0.01601522    0.01095472    0.01472788    0.03489718    0.03286775    0.01039895    0.00035885 
ksp              :   0.01906504    0.03208501    0.04195759    0.09777458    0.10000000    0.10000000    0.01531757 
max(|step|)      :   0.00000000    0.00555346    0.00462241    0.01083618    0.02662907    0.01053238    0.00559111    0.00014512 
angle (deg.)     :    13.4463  13.1252  42.0469  45.8330  45.4086  56.7401 
>
iteration       : 38
climbing        : no
zoom on         : no
nim             : 8
barrier         :   0.08147637 (image:  5) 
distance        :   0.00000000    9.39699712   15.28597305   19.92475407   21.96942441   24.02695564   26.06869643   38.96117340 
energy          : -2465.73559986  -2465.72754104  -2465.71574757  -2465.70702041  -2465.65631731  -2465.65412349  -2465.73063183  -2465.77084126 
max(|Fr_perp|)   :   0.00000000    0.00856313    0.00571493    0.00879552    0.00997450    0.00547641    0.00498925    0.00000000 
Fr_paral         :   0.00000000   -0.00177991   -0.00269462   -0.01189545   -0.05565216    0.05964689    0.02037263    0.00000000 
max(|Fsp_paral|) :   0.00000000    0.00250804    0.00112962    0.00264707    0.00327873    0.00082580    0.00184292    0.00000000 
max(|Fsp_perp|)  :   0.00000000    0.00000000    0.00000000    0.00000000    0.00000000    0.00000000    0.00000000    0.00000000 
max(|FNEB|)      :   0.00000000    0.00824415    0.00543375    0.00925862    0.00917583    0.00547930    0.00504236    0.00000000 
max(|Force|)     :   0.00016209    0.00861768    0.00587274    0.00867854    0.03052769    0.03061867    0.01034110    0.00035885 
ksp              :   0.01890189    0.03192913    0.04156928    0.09757667    0.10000000    0.10000000    0.01548776 
max(|step|)      :   0.00000000    0.01998126    0.02358859    0.04482354    0.08819034    0.02599456    0.02243111    0.00107051 
angle (deg.)     :    13.3776  13.6540  45.6017  46.1404  45.1128  58.7347 
>
iteration       : 39
climbing        : no
zoom on         : no
nim             : 8
barrier         :   0.08207865 (image:  5) 
distance        :   0.00000000    9.47640710   15.32657431   20.01354426   22.09150812   24.08979246   26.09787183   39.05769336 
energy          : -2465.73559986  -2465.72760251  -2465.71607780  -2465.70783500  -2465.65396609  -2465.65352121  -2465.73025791  -2465.77084126 
max(|Fr_perp|)   :   0.00000000    0.00320355    0.00320400    0.00494891    0.01418126    0.00663254    0.00527569    0.00000000 
Fr_paral         :   0.00000000   -0.00179673   -0.00258178   -0.01253660   -0.04701464    0.05420561    0.02161410    0.00000000 
max(|Fsp_paral|) :   0.00000000    0.00141259    0.00136587    0.00675582    0.00365156    0.00051387    0.00196843    0.00000000 
max(|Fsp_perp|)  :   0.00000000    0.00000000    0.00000000    0.00000000    0.00000000    0.00000000    0.00000000    0.00000000 
max(|FNEB|)      :   0.00000000    0.00302311    0.00324733    0.00801074    0.01340399    0.00633233    0.00533410    0.00000000 
max(|Force|)     :   0.00016209    0.00325881    0.00342325    0.00669631    0.02425358    0.02543329    0.01036386    0.00035885 
ksp              :   0.01876917    0.03140612    0.04044443    0.09951218    0.10000000    0.10000000    0.01585750 
max(|step|)      :   0.00000000    0.01391375    0.01662282    0.02560040    0.01777675    0.01141957    0.01291257    0.00043505 
angle (deg.)     :    13.3890  14.0655  47.0006  45.9021  44.3367  60.0342 
>
iteration       : 40
climbing        : no
zoom on         : no
nim             : 8
barrier         :   0.08196812 (image:  5) 
distance        :   0.00000000    9.52162609   15.35792568   20.09307960   22.13389057   24.12847355   26.12072574   39.11606228 
energy          : -2465.73559986  -2465.72745931  -2465.71620920  -2465.70796846  -2465.65368619  -2465.65363174  -2465.73047012  -2465.77084126 
max(|Fr_perp|)   :   0.00000000    0.01477413    0.01058868    0.00867326    0.01797268    0.00530656    0.00314584    0.00000000 
Fr_paral         :   0.00000000   -0.00176449   -0.00251620   -0.01294633   -0.04451726    0.05521959    0.02163655    0.00000000 
max(|Fsp_paral|) :   0.00000000    0.00055356    0.00195710    0.00503011    0.00234382    0.00012137    0.00165560    0.00000000 
max(|Fsp_perp|)  :   0.00000000    0.00000000    0.00000000    0.00000000    0.00000000    0.00000000    0.00000000    0.00000000 
max(|FNEB|)      :   0.00000000    0.01484668    0.01113209    0.00945459    0.01743470    0.00537840    0.00317595    0.00000000 
max(|Force|)     :   0.00016209    0.01471846    0.01042569    0.00939533    0.02301434    0.02699325    0.01045976    0.00035885 
ksp              :   0.01893822    0.03129070    0.04033894    0.09994022    0.10000000    0.10000000    0.01563239 
max(|step|)      :   0.00000000    0.01515502    0.02721979    0.04328436    0.02067487    0.01802298    0.02044660    0.00089020 
angle (deg.)     :    13.4509  14.7127  49.0536  44.8873  42.7733  62.1593 
>
iteration       : 41
climbing        : no
zoom on         : no
nim             : 8
barrier         :   0.08183366 (image:  5) 
distance        :   0.00000000    9.58657414   15.41478607   20.22595569   22.19067225   24.18599863   26.15775310   39.20731250 
energy          : -2465.73559986  -2465.72735535  -2465.71641476  -2465.70808320  -2465.65429698  -2465.65376620  -2465.73090007  -2465.77084126 
max(|Fr_perp|)   :   0.00000000    0.01979332    0.01389950    0.01243074    0.01658641    0.00509784    0.00530065    0.00000000 
Fr_paral         :   0.00000000   -0.00172070   -0.00245291   -0.01380802   -0.04467520    0.05829440    0.02136816    0.00000000 
max(|Fsp_paral|) :   0.00000000    0.00036943    0.00288542    0.00061701    0.00216133    0.00120967    0.00032811    0.00000000 
max(|Fsp_perp|)  :   0.00000000    0.00000000    0.00000000    0.00000000    0.00000000    0.00000000    0.00000000    0.00000000 
max(|FNEB|)      :   0.00000000    0.01974412    0.01472392    0.01235172    0.01707809    0.00509430    0.00529045    0.00000000 
max(|Force|)     :   0.00016209    0.01973815    0.01373713    0.01310654    0.02327346    0.03071396    0.01051873    0.00035885 
ksp              :   0.01906724    0.03109962    0.04026259    0.09941625    0.10000000    0.10000000    0.01516879 
max(|step|)      :   0.00000000    0.03773990    0.06885298    0.10000000    0.04720013    0.04964529    0.05330388    0.00227160 
angle (deg.)     :    13.7224  16.1085  55.8336  41.5799  39.5501  67.8104 
>
iteration       : 42
climbing        : no
zoom on         : no
nim             : 8
barrier         :   0.08233649 (image:  5) 
distance        :   0.00000000    9.73251196   15.58701306   20.53880506   22.40409205   24.35328587   26.29087671   39.48341482 
energy          : -2465.73559986  -2465.72740077  -2465.71696287  -2465.70915454  -2465.65434518  -2465.65326337  -2465.73174523  -2465.77084126 
max(|Fr_perp|)   :   0.00000000    0.02244505    0.01648816    0.00959689    0.00959523    0.00753973    0.00727064    0.00000000 
Fr_paral         :   0.00000000   -0.00164349   -0.00233760   -0.01580470   -0.04929585    0.06183434    0.02115717    0.00000000 
max(|Fsp_paral|) :   0.00000000    0.00165338    0.00337277    0.00304914    0.00530606    0.00057545    0.00269555    0.00000000 
max(|Fsp_perp|)  :   0.00000000    0.00000000    0.00000000    0.00000000    0.00000000    0.00000000    0.00000000    0.00000000 
max(|FNEB|)      :   0.00000000    0.02268140    0.01781994    0.01019163    0.00979079    0.00768150    0.00749863    0.00000000 
max(|Force|)     :   0.00016209    0.02285417    0.01667842    0.01052196    0.02618265    0.03460807    0.01024158    0.00035885 
ksp              :   0.01898288    0.03038213    0.03891455    0.09881199    0.10000000    0.10000000    0.01421390 
max(|step|)      :   0.00000000    0.02498261    0.01962791    0.01122565    0.01078414    0.00846085    0.00825943    0.00000000 
angle (deg.)     :    13.7810  16.0629  56.1527  41.0254  39.6318  67.9238 
>
iteration       : 43
climbing        : no
zoom on         : no
nim             : 8
barrier         :   0.08223904 (image:  5) 
distance        :   0.00000000    9.72549595   15.60393500   20.54123166   22.42246135   24.35883484   26.29196272   39.49015802 
energy          : -2465.73559986  -2465.72780467  -2465.71716693  -2465.70949520  -2465.65402904  -2465.65336082  -2465.73169808  -2465.77084126 
max(|Fr_perp|)   :   0.00000000    0.00927880    0.00670328    0.00421478    0.00521691    0.00442400    0.00180655    0.00000000 
Fr_paral         :   0.00000000   -0.00167484   -0.00241455   -0.01605769   -0.05062219    0.06098696    0.02143001    0.00000000 
max(|Fsp_paral|) :   0.00000000    0.00068748    0.00297363    0.00134612    0.00348016    0.00016377    0.00215186    0.00000000 
max(|Fsp_perp|)  :   0.00000000    0.00000000    0.00000000    0.00000000    0.00000000    0.00000000    0.00000000    0.00000000 
max(|FNEB|)      :   0.00000000    0.00936998    0.00696149    0.00487760    0.00589296    0.00455460    0.00281682    0.00000000 
max(|Force|)     :   0.00016209    0.00933230    0.00684932    0.00794182    0.02709117    0.03316225    0.01007172    0.00035885 
ksp              :   0.01853083    0.03017246    0.03856817    0.09926873    0.10000000    0.10000000    0.01426999 
max(|step|)      :   0.00000000    0.00326653    0.00328140    0.00523229    0.00646187    0.00491931    0.00290570    0.00000647 
angle (deg.)     :    13.8277  16.0447  56.4120  40.6012  39.6864  68.0260 
>
iteration       : 44
climbing        : no
zoom on         : no
nim             : 8
barrier         :   0.08220478 (image:  5) 
distance        :   0.00000000    9.72235795   15.61793652   20.54573937   22.43615354   24.36454388   26.29355701   39.49650216 
energy          : -2465.73559986  -2465.72786924  -2465.71719359  -2465.70967000  -2465.65372576  -2465.65339507  -2465.73162169  -2465.77084126 
max(|Fr_perp|)   :   0.00000000    0.00525258    0.00360354    0.00362715    0.00362457    0.00338738    0.00184713    0.00000000 
Fr_paral         :   0.00000000   -0.00166694   -0.00242269   -0.01592465   -0.05165843    0.06040124    0.02162992    0.00000000 
max(|Fsp_paral|) :   0.00000000    0.00042127    0.00259800    0.00029878    0.00227334    0.00003157    0.00145706    0.00000000 
max(|Fsp_perp|)  :   0.00000000    0.00000000    0.00000000    0.00000000    0.00000000    0.00000000    0.00000000    0.00000000 
max(|FNEB|)      :   0.00000000    0.00530884    0.00401899    0.00383244    0.00405080    0.00336256    0.00231507    0.00000000 
max(|Force|)     :   0.00016209    0.00530620    0.00375170    0.00763861    0.02755194    0.03220888    0.01000576    0.00035885 
ksp              :   0.01846369    0.03015167    0.03838871    0.09963796    0.10000000    0.10000000    0.01435540 
max(|step|)      :   0.00000000    0.01061002    0.02108432    0.03017791    0.03282227    0.02671318    0.01743642    0.00051134 
angle (deg.)     :    14.1208  16.0579  58.0270  38.6558  39.9185  68.8240 
>
iteration       : 45
climbing        : no
zoom on         : no
nim             : 8
barrier         :   0.08359212 (image:  4) 
distance        :   0.00000000    9.70872036   15.70933876   20.59242807   22.52068206   24.41352921   26.31848915   39.55217333 
energy          : -2465.73559986  -2465.72801568  -2465.71724086  -2465.71045401  -2465.65200773  -2465.65361029  -2465.73129569  -2465.77084126 
max(|Fr_perp|)   :   0.00000000    0.00221304    0.00219247    0.00265138    0.00441714    0.00291444    0.00245192    0.00000000 
Fr_paral         :   0.00000000   -0.00161600   -0.00239854   -0.01547590   -0.05534673    0.05732674    0.02244481    0.00000000 
max(|Fsp_paral|) :   0.00000000    0.00054258    0.00054832    0.00430998    0.00183317    0.00107701    0.00279329    0.00000000 
max(|Fsp_perp|)  :   0.00000000    0.00000000    0.00000000    0.00000000    0.00000000    0.00000000    0.00000000    0.00000000 
max(|FNEB|)      :   0.00000000    0.00228776    0.00218904    0.00483002    0.00575834    0.00355515    0.00351796    0.00000000 
max(|Force|)     :   0.00016209    0.00215943    0.00260532    0.00648747    0.02919420    0.02738075    0.00991230    0.00035885 
ksp              :   0.01816556    0.02976634    0.03707344    0.10000000    0.10000000    0.09827460    0.01463411 
max(|step|)      :   0.00000000    0.01086213    0.01778485    0.02055527    0.01786266    0.01898450    0.01204362    0.00056921 
angle (deg.)     :    14.3603  16.3125  59.3722  37.9536  39.6675  69.8618 
>
iteration       : 46
climbing        : no
zoom on         : no
nim             : 8
barrier         :   0.08446769 (image:  4) 
distance        :   0.00000000    9.70454874   15.78851702   20.66476250   22.59516127   24.46254667   26.36909753   39.62722620 
energy          : -2465.73559986  -2465.72804765  -2465.71726443  -2465.71067458  -2465.65113217  -2465.65336171  -2465.73153262  -2465.77084126 
max(|Fr_perp|)   :   0.00000000    0.01075168    0.00948381    0.00742687    0.00580538    0.00440362    0.00424830    0.00000000 
Fr_paral         :   0.00000000   -0.00153501   -0.00226143   -0.01533139   -0.05601922    0.05751912    0.02210401    0.00000000 
max(|Fsp_paral|) :   0.00000000    0.00109875    0.00032362    0.00531955    0.00329435    0.00032159    0.00168896    0.00000000 
max(|Fsp_perp|)  :   0.00000000    0.00000000    0.00000000    0.00000000    0.00000000    0.00000000    0.00000000    0.00000000 
max(|FNEB|)      :   0.00000000    0.01090503    0.00939252    0.00822666    0.00815356    0.00440264    0.00430613    0.00000000 
max(|Force|)     :   0.00016209    0.01070008    0.00933978    0.00810462    0.02934225    0.02715419    0.01020641    0.00035885 
ksp              :   0.01804685    0.02953633    0.03655778    0.10000000    0.10000000    0.09762443    0.01433363 
max(|step|)      :   0.00000000    0.02041270    0.03490188    0.03509840    0.02979891    0.03266552    0.02343019    0.00160787 
angle (deg.)     :    14.7660  16.9445  61.7680  37.4493  39.3704  71.8637 
>
iteration       : 47
climbing        : no
zoom on         : no
nim             : 8
barrier         :   0.08557352 (image:  4) 
distance        :   0.00000000    9.70356508   15.92926699   20.81274338   22.73342357   24.56279035   26.47439866   39.77907585 
energy          : -2465.73559986  -2465.72819693  -2465.71746091  -2465.71092730  -2465.65002634  -2465.65288128  -2465.73200265  -2465.77084126 
max(|Fr_perp|)   :   0.00000000    0.01345941    0.01046149    0.00647723    0.00724570    0.00413712    0.00402652    0.00000000 
Fr_paral         :   0.00000000   -0.00143429   -0.00215007   -0.01575970   -0.05640690    0.05801029    0.02156482    0.00000000 
max(|Fsp_paral|) :   0.00000000    0.00203148    0.00122259    0.00594807    0.00483910    0.00132603    0.00087731    0.00000000 
max(|Fsp_perp|)  :   0.00000000    0.00000000    0.00000000    0.00000000    0.00000000    0.00000000    0.00000000    0.00000000 
max(|FNEB|)      :   0.00000000    0.01375052    0.01050665    0.00733733    0.01017991    0.00414157    0.00399518    0.00000000 
max(|Force|)     :   0.00016209    0.01340994    0.01032584    0.00722424    0.02902347    0.02751809    0.01058292    0.00035885 
ksp              :   0.01778586    0.02907722    0.03594880    0.10000000    0.10000000    0.09699738    0.01378328 
max(|step|)      :   0.00000000    0.05619540    0.10000000    0.09125135    0.07057583    0.07572774    0.08223018    0.00467467 
angle (deg.)     :    15.6423  19.2335  67.8378  38.3972  40.5601  77.1298 
>
iteration       : 48
climbing        : no
zoom on         : no
nim             : 8
barrier         :   0.08659827 (image:  4) 
distance        :   0.00000000    9.74667247   16.27785915   21.23652717   23.10727427   24.90508031   26.75381823   40.20279080 
energy          : -2465.73559986  -2465.72864184  -2465.71792775  -2465.70991376  -2465.64900158  -2465.65350331  -2465.73169124  -2465.77084126 
max(|Fr_perp|)   :   0.00000000    0.00875654    0.01560415    0.03434391    0.01429830    0.00877086    0.00781673    0.00000000 
Fr_paral         :   0.00000000   -0.00127968   -0.00153470   -0.01568676   -0.05424922    0.05243892    0.02393875    0.00000000 
max(|Fsp_paral|) :   0.00000000    0.00415812    0.00069325    0.00182154    0.00392258    0.00195728    0.00562874    0.00000000 
max(|Fsp_perp|)  :   0.00000000    0.00000000    0.00000000    0.00000000    0.00000000    0.00000000    0.00000000    0.00000000 
max(|FNEB|)      :   0.00000000    0.00890838    0.01564275    0.03482601    0.01398033    0.00925939    0.00816104    0.00000000 
max(|Force|)     :   0.00016209    0.00888595    0.01575705    0.03560241    0.02775389    0.02637129    0.01027455    0.00035885 
ksp              :   0.01723374    0.02837365    0.03672443    0.10000000    0.10000000    0.09530994    0.01406826 
max(|step|)      :   0.00000000    0.00836870    0.01469509    0.03271621    0.01313339    0.00869844    0.00766663    0.00000000 
angle (deg.)     :    15.5993  19.2610  67.7706  38.6566  40.0299  77.2469 
>
iteration       : 49
climbing        : no
zoom on         : no
nim             : 8
barrier         :   0.08577708 (image:  4) 
distance        :   0.00000000    9.76223853   16.27450788   21.23975313   23.10203504   24.90371410   26.76096702   40.20700284 
energy          : -2465.73559986  -2465.72875050  -2465.71826013  -2465.71068846  -2465.64982278  -2465.65367565  -2465.73207895  -2465.77084126 
max(|Fr_perp|)   :   0.00000000    0.00116140    0.00348025    0.01018980    0.00501454    0.00556308    0.00184107    0.00000000 
Fr_paral         :   0.00000000   -0.00135246   -0.00189931   -0.01757349   -0.05485098    0.05491911    0.02330491    0.00000000 
max(|Fsp_paral|) :   0.00000000    0.00379557    0.00090366    0.00250395    0.00324875    0.00105997    0.00256083    0.00000000 
max(|Fsp_perp|)  :   0.00000000    0.00000000    0.00000000    0.00000000    0.00000000    0.00000000    0.00000000    0.00000000 
max(|FNEB|)      :   0.00000000    0.00388778    0.00372283    0.01052052    0.00719370    0.00653761    0.00359425    0.00000000 
max(|Force|)     :   0.00016209    0.00112362    0.00359074    0.00996666    0.02725025    0.02490410    0.00998159    0.00035885 
ksp              :   0.01718656    0.02819338    0.03613782    0.10000000    0.10000000    0.09595744    0.01369425 
max(|step|)      :   0.00000000    0.00382263    0.00192865    0.00326617    0.00732011    0.00673747    0.00395926    0.00003396 
angle (deg.)     :    15.5613  19.3284  67.7235  38.8181  39.6463  77.3418 
>
iteration       : 50
climbing        : no
zoom on         : no
nim             : 8
barrier         :   0.08531032 (image:  4) 
distance        :   0.00000000    9.77720570   16.27086903   21.24485505   23.09835027   24.90429901   26.76521752   40.20943346 
energy          : -2465.73559986  -2465.72873810  -2465.71828967  -2465.71065632  -2465.65028954  -2465.65372941  -2465.73226256  -2465.77084126 
max(|Fr_perp|)   :   0.00000000    0.00170997    0.00329797    0.00679677    0.00396785    0.00463377    0.00164003    0.00000000 
Fr_paral         :   0.00000000   -0.00137804   -0.00191335   -0.01764810   -0.05442570    0.05653644    0.02298873    0.00000000 
max(|Fsp_paral|) :   0.00000000    0.00359082    0.00062685    0.00174123    0.00253327    0.00067721    0.00105419    0.00000000 
max(|Fsp_perp|)  :   0.00000000    0.00000000    0.00000000    0.00000000    0.00000000    0.00000000    0.00000000    0.00000000 
max(|FNEB|)      :   0.00000000    0.00366341    0.00346828    0.00701843    0.00553458    0.00482806    0.00187011    0.00000000 
max(|Force|)     :   0.00016209    0.00179187    0.00341060    0.00688932    0.02700703    0.02632638    0.01025153    0.00035885 
ksp              :   0.01723897    0.02826176    0.03631474    0.10000000    0.10000000    0.09637103    0.01352075 
max(|step|)      :   0.00000000    0.03027081    0.01490160    0.01401629    0.04555603    0.04015320    0.01639440    0.00071163 
angle (deg.)     :    15.3119  19.8005  67.6223  40.4886  38.1020  78.0120 
>
iteration       : 51
climbing        : no
zoom on         : no
nim             : 8
barrier         :   0.08291794 (image:  4) 
distance        :   0.00000000    9.89601545   16.25265343   21.28173267   23.08923998   24.92878514   26.79549978   40.23139138 
energy          : -2465.73559986  -2465.72861960  -2465.71849866  -2465.71027778  -2465.65268192  -2465.65360934  -2465.73292993  -2465.77084126 
max(|Fr_perp|)   :   0.00000000    0.00335238    0.00317680    0.00672668    0.00592391    0.00543552    0.00294455    0.00000000 
Fr_paral         :   0.00000000   -0.00148690   -0.00187780   -0.01819360   -0.04968048    0.06255479    0.02222932    0.00000000 
max(|Fsp_paral|) :   0.00000000    0.00182441    0.00150429    0.00287421    0.00163114    0.00042750    0.00495349    0.00000000 
max(|Fsp_perp|)  :   0.00000000    0.00000000    0.00000000    0.00000000    0.00000000    0.00000000    0.00000000    0.00000000 
max(|FNEB|)      :   0.00000000    0.00335708    0.00317272    0.00680912    0.00627209    0.00510420    0.00540486    0.00000000 
max(|Force|)     :   0.00016209    0.00335146    0.00317790    0.00728136    0.02540004    0.03493529    0.01084183    0.00035885 
ksp              :   0.01757644    0.02856182    0.03748485    0.10000000    0.10000000    0.09899337    0.01289796 
max(|step|)      :   0.00000000    0.02019837    0.01047509    0.01968844    0.01588875    0.01562469    0.01782367    0.00035009 
angle (deg.)     :    15.2513  19.9393  67.9777  40.4429  38.1732  78.3862 
>
iteration       : 52
climbing        : no
zoom on         : no
nim             : 8
barrier         :   0.08232699 (image:  4) 
distance        :   0.00000000    9.97818768   16.26609933   21.30039475   23.11059435   24.96259548   26.80108659   40.23808120 
energy          : -2465.73559986  -2465.72848772  -2465.71854903  -2465.71034610  -2465.65327287  -2465.65370752  -2465.73249624  -2465.77084126 
max(|Fr_perp|)   :   0.00000000    0.00700218    0.00756475    0.01920650    0.00777577    0.00734657    0.00612902    0.00000000 
Fr_paral         :   0.00000000   -0.00161501   -0.00186701   -0.01688298   -0.04980633    0.06160435    0.02367576    0.00000000 
max(|Fsp_paral|) :   0.00000000    0.00065148    0.00199669    0.00307308    0.00209093    0.00111366    0.00129841    0.00000000 
max(|Fsp_perp|)  :   0.00000000    0.00000000    0.00000000    0.00000000    0.00000000    0.00000000    0.00000000    0.00000000 
max(|FNEB|)      :   0.00000000    0.00700223    0.00759498    0.01948834    0.00777564    0.00734603    0.00618099    0.00000000 
max(|Force|)     :   0.00016209    0.00700215    0.00755864    0.01977930    0.02573450    0.03447484    0.00997261    0.00035885 
ksp              :   0.01777500    0.02863999    0.03760745    0.10000000    0.10000000    0.09952484    0.01339288 
max(|step|)      :   0.00000000    0.00316511    0.00368320    0.00798145    0.00764467    0.00629624    0.00367300    0.00002053 
angle (deg.)     :    15.2917  19.8866  68.1175  40.0249  38.1506  78.4287 
>
iteration       : 53
climbing        : no
zoom on         : no
nim             : 8
barrier         :   0.08235607 (image:  4) 
distance        :   0.00000000    9.98578304   16.27735110   21.30080268   23.12117144   24.96757562   26.80077474   40.23846085 
energy          : -2465.73559986  -2465.72854288  -2465.71862906  -2465.71077443  -2465.65324378  -2465.65374960  -2465.73238157  -2465.77084126 
max(|Fr_perp|)   :   0.00000000    0.00273567    0.00368877    0.00915545    0.00441195    0.00407222    0.00344184    0.00000000 
Fr_paral         :   0.00000000   -0.00157771   -0.00182805   -0.01726040   -0.05063710    0.06091536    0.02394898    0.00000000 
max(|Fsp_paral|) :   0.00000000    0.00065329    0.00149536    0.00165854    0.00130796    0.00117364    0.00028792    0.00000000 
max(|Fsp_perp|)  :   0.00000000    0.00000000    0.00000000    0.00000000    0.00000000    0.00000000    0.00000000    0.00000000 
max(|FNEB|)      :   0.00000000    0.00273558    0.00370618    0.00933652    0.00441114    0.00416538    0.00345355    0.00000000 
max(|Force|)     :   0.00016209    0.00281819    0.00368418    0.00985275    0.02632635    0.03321588    0.00991185    0.00035885 
ksp              :   0.01771198    0.02854595    0.03712962    0.10000000    0.10000000    0.09944724    0.01351699 
max(|step|)      :   0.00000000    0.01532555    0.01073541    0.01913783    0.01681881    0.01589579    0.01415364    0.00043422 
angle (deg.)     :    15.3714  19.8963  68.5830  39.2118  37.9032  78.7958 
>
iteration       : 54
climbing        : no
zoom on         : no
nim             : 8
barrier         :   0.08221915 (image:  4) 
distance        :   0.00000000   10.04787547   16.31120420   21.31659248   23.15582916   24.99500686   26.81283834   40.25037973 
energy          : -2465.73559986  -2465.72851591  -2465.71874630  -2465.71137987  -2465.65338071  -2465.65354758  -2465.73208119  -2465.77084126 
max(|Fr_perp|)   :   0.00000000    0.00164784    0.00139919    0.00247195    0.00324994    0.00233164    0.00178368    0.00000000 
Fr_paral         :   0.00000000   -0.00155342   -0.00172609   -0.01710413   -0.05200130    0.05964325    0.02471202    0.00000000 
max(|Fsp_paral|) :   0.00000000    0.00005049    0.00098807    0.00043240    0.00000296    0.00123984    0.00200051    0.00000000 
max(|Fsp_perp|)  :   0.00000000    0.00000000    0.00000000    0.00000000    0.00000000    0.00000000    0.00000000    0.00000000 
max(|FNEB|)      :   0.00000000    0.00164792    0.00158896    0.00248011    0.00324903    0.00272564    0.00295794    0.00000000 
max(|Force|)     :   0.00016209    0.00164846    0.00141123    0.00656347    0.02744662    0.03111058    0.00985682    0.00035885 
ksp              :   0.01775435    0.02844850    0.03651206    0.10000000    0.10000000    0.09981733    0.01385166 
max(|step|)      :   0.00000000    0.01470209    0.01227742    0.01915552    0.01316262    0.01496521    0.01072366    0.00050664 
angle (deg.)     :    15.4898  19.9718  68.9773  38.4849  37.3922  79.2113 
>
iteration       : 55
climbing        : no
zoom on         : no
nim             : 8
barrier         :   0.08241676 (image:  5) 
distance        :   0.00000000   10.10717948   16.34840214   21.33883385   23.18840967   25.02138704   26.83596545   40.27050726 
energy          : -2465.73559986  -2465.72848739  -2465.71885921  -2465.71177862  -2465.65364917  -2465.65318310  -2465.73206588  -2465.77084126 
max(|Fr_perp|)   :   0.00000000    0.00238727    0.00295940    0.00522714    0.00262581    0.00256052    0.00147531    0.00000000 
Fr_paral         :   0.00000000   -0.00153892   -0.00164046   -0.01673314   -0.05284318    0.05928124    0.02488651    0.00000000 
max(|Fsp_paral|) :   0.00000000    0.00073275    0.00069325    0.00159842    0.00036125    0.00092434    0.00200460    0.00000000 
max(|Fsp_perp|)  :   0.00000000    0.00000000    0.00000000    0.00000000    0.00000000    0.00000000    0.00000000    0.00000000 
max(|FNEB|)      :   0.00000000    0.00239021    0.00315213    0.00543976    0.00289737    0.00285246    0.00266808    0.00000000 
max(|Force|)     :   0.00016209    0.00238874    0.00286100    0.00645753    0.02795557    0.03016594    0.01018631    0.00035885 
ksp              :   0.01776689    0.02828097    0.03601306    0.09949105    0.10000000    0.10000000    0.01385914 
max(|step|)      :   0.00000000    0.02554502    0.03687906    0.04500036    0.03261809    0.03660152    0.02909949    0.00153663 
angle (deg.)     :    16.0016  20.4373  69.5190  37.1413  36.3197  80.0319 
>
iteration       : 56
climbing        : no
zoom on         : no
nim             : 8
barrier         :   0.08340081 (image:  5) 
distance        :   0.00000000   10.20832923   16.45800395   21.41750729   23.26979187   25.08478262   26.90488305   40.32680085 
energy          : -2465.73559986  -2465.72847706  -2465.71889806  -2465.71232102  -2465.65427441  -2465.65219905  -2465.73221777  -2465.77084126 
max(|Fr_perp|)   :   0.00000000    0.00499608    0.02021360    0.00455466    0.00737786    0.00685824    0.00589961    0.00000000 
Fr_paral         :   0.00000000   -0.00147033   -0.00125090   -0.01604932   -0.05327934    0.05883949    0.02488131    0.00000000 
max(|Fsp_paral|) :   0.00000000    0.00129110    0.00020521    0.00260952    0.00021329    0.00025896    0.00050582    0.00000000 
max(|Fsp_perp|)  :   0.00000000    0.00000000    0.00000000    0.00000000    0.00000000    0.00000000    0.00000000    0.00000000 
max(|FNEB|)      :   0.00000000    0.00519692    0.02026694    0.00491666    0.00736602    0.00685907    0.00592243    0.00000000 
max(|Force|)     :   0.00016209    0.00505065    0.02028346    0.00618731    0.02775582    0.02891190    0.01053612    0.00035885 
ksp              :   0.01768640    0.02802335    0.03512081    0.09776043    0.10000000    0.10000000    0.01364971 
max(|step|)      :   0.00000000    0.03146432    0.04512509    0.05116502    0.03883402    0.04260751    0.03538538    0.00242601 
angle (deg.)     :    16.6027  21.2929  70.1166  36.2122  35.5620  80.9896 
>
iteration       : 57
climbing        : no
zoom on         : no
nim             : 8
barrier         :   0.08441477 (image:  5) 
distance        :   0.00000000   10.33426495   16.58060602   21.52104971   23.37183900   25.17322206   26.99797337   40.40501567 
energy          : -2465.73559986  -2465.72853245  -2465.71974991  -2465.71281370  -2465.65520178  -2465.65118509  -2465.73241662  -2465.77084126 
max(|Fr_perp|)   :   0.00000000    0.00136650    0.00283161    0.00562464    0.00333421    0.00305786    0.00234289    0.00000000 
Fr_paral         :   0.00000000   -0.00139315   -0.00114708   -0.01558103   -0.05384297    0.05831022    0.02503394    0.00000000 
max(|Fsp_paral|) :   0.00000000    0.00313784    0.00030079    0.00297146    0.00152720    0.00118336    0.00123968    0.00000000 
max(|Fsp_perp|)  :   0.00000000    0.00000000    0.00000000    0.00000000    0.00000000    0.00000000    0.00000000    0.00000000 
max(|FNEB|)      :   0.00000000    0.00297265    0.00275538    0.00601588    0.00295178    0.00335204    0.00281720    0.00000000 
max(|Force|)     :   0.00016209    0.00137330    0.00289370    0.00635495    0.02725599    0.02814828    0.01108946    0.00035885 
ksp              :   0.01753501    0.02689864    0.03429378    0.09571754    0.10000000    0.10000000    0.01339386 
max(|step|)      :   0.00000000    0.01812768    0.03394543    0.02946960    0.02662670    0.02776188    0.02618782    0.00180238 
angle (deg.)     :    17.1546  22.1100  70.1301  36.0797  35.7573  81.3202 
>
iteration       : 58
climbing        : no
zoom on         : no
nim             : 8
barrier         :   0.08487768 (image:  5) 
distance        :   0.00000000   10.36816349   16.67325492   21.60463979   23.44643157   25.23442760   27.06238537   40.45662961 
energy          : -2465.73559986  -2465.72861874  -2465.72015931  -2465.71285621  -2465.65526891  -2465.65072218  -2465.73248495  -2465.77084126 
max(|Fr_perp|)   :   0.00000000    0.00151339    0.00488966    0.00165186    0.00493311    0.00371344    0.00149292    0.00000000 
Fr_paral         :   0.00000000   -0.00133589   -0.00097005   -0.01552174   -0.05358578    0.05747890    0.02531887    0.00000000 
max(|Fsp_paral|) :   0.00000000    0.00335520    0.00041630    0.00274320    0.00180470    0.00203468    0.00196753    0.00000000 
max(|Fsp_perp|)  :   0.00000000    0.00000000    0.00000000    0.00000000    0.00000000    0.00000000    0.00000000    0.00000000 
max(|FNEB|)      :   0.00000000    0.00327213    0.00478662    0.00293386    0.00449452    0.00408971    0.00339223    0.00000000 
max(|Force|)     :   0.00016209    0.00146620    0.00494066    0.00594877    0.02660662    0.02732871    0.01140237    0.00035885 
ksp              :   0.01740243    0.02637238    0.03411621    0.09517888    0.10000000    0.10000000    0.01330289 
max(|step|)      :   0.00000000    0.05127998    0.10000000    0.07910545    0.07866634    0.07741137    0.07556463    0.00550748 
angle (deg.)     :    18.8041  25.0967  69.9917  36.7326  37.1636  82.0370 
>
iteration       : 59
climbing        : no
zoom on         : no
nim             : 8
barrier         :   0.08563908 (image:  5) 
distance        :   0.00000000   10.43738235   16.94216077   21.87005222   23.68031528   25.44212607   27.26689383   40.62511135 
energy          : -2465.73559986  -2465.72882322  -2465.72155189  -2465.71251672  -2465.65505141  -2465.64996078  -2465.73243490  -2465.77084126 
max(|Fr_perp|)   :   0.00000000    0.00527154    0.00738250    0.00779396    0.00849899    0.00607096    0.00444439    0.00000000 
Fr_paral         :   0.00000000   -0.00118155   -0.00041260   -0.01556469   -0.05234449    0.05493653    0.02636665    0.00000000 
max(|Fsp_paral|) :   0.00000000    0.00413018    0.00168307    0.00099932    0.00252931    0.00320939    0.00186978    0.00000000 
max(|Fsp_perp|)  :   0.00000000    0.00000000    0.00000000    0.00000000    0.00000000    0.00000000    0.00000000    0.00000000 
max(|FNEB|)      :   0.00000000    0.00578715    0.00768627    0.00793130    0.00810073    0.00596507    0.00465640    0.00000000 
max(|Force|)     :   0.00016209    0.00541784    0.00760877    0.00870094    0.02490917    0.02546547    0.01203762    0.00035885 
ksp              :   0.01712375    0.02476676    0.03425700    0.09464030    0.10000000    0.10000000    0.01332478 
max(|step|)      :   0.00000000    0.01056384    0.01403048    0.01447775    0.01478704    0.01088861    0.00849977    0.00000000 
angle (deg.)     :    18.9029  25.1576  69.7433  36.7671  37.2826  81.8265 
>
iteration       : 60
climbing        : no
zoom on         : no
nim             : 8
barrier         :   0.08463007 (image:  5) 
distance        :   0.00000000   10.40657924   16.95825044   21.87505753   23.68801953   25.45309942   27.25738562   40.61265620 
energy          : -2465.73559986  -2465.72887967  -2465.72159406  -2465.71242724  -2465.65500589  -2465.65096979  -2465.73228802  -2465.77084126 
max(|Fr_perp|)   :   0.00000000    0.00650187    0.01109777    0.01048629    0.00942415    0.00505956    0.00423368    0.00000000 
Fr_paral         :   0.00000000   -0.00111864   -0.00036654   -0.01610820   -0.05283414    0.05470178    0.02694003    0.00000000 
max(|Fsp_paral|) :   0.00000000    0.00359381    0.00158171    0.00125412    0.00154240    0.00199525    0.00006721    0.00000000 
max(|Fsp_perp|)  :   0.00000000    0.00000000    0.00000000    0.00000000    0.00000000    0.00000000    0.00000000    0.00000000 
max(|FNEB|)      :   0.00000000    0.00665936    0.01070610    0.01067123    0.00949010    0.00506913    0.00423741    0.00000000 
max(|Force|)     :   0.00016209    0.00651335    0.01111762    0.01085048    0.02641391    0.02477898    0.01162794    0.00035885 
ksp              :   0.01714660    0.02489449    0.03464297    0.09570780    0.10000000    0.10000000    0.01352198 
max(|step|)      :   0.00000000    0.00678154    0.00589592    0.00339339    0.01039788    0.00951856    0.00382082    0.00004298 
angle (deg.)     :    18.9959  25.2265  69.5190  36.7454  37.4046  81.6479 
>
iteration       : 61
climbing        : no
zoom on         : no
nim             : 8
barrier         :   0.08387084 (image:  5) 
distance        :   0.00000000   10.37830430   16.97348105   21.88024939   23.69393655   25.46219335   27.25245237   40.60438407 
energy          : -2465.73559986  -2465.72896554  -2465.72174294  -2465.71243483  -2465.65492510  -2465.65172902  -2465.73223753  -2465.77084126 
max(|Fr_perp|)   :   0.00000000    0.00513786    0.00631593    0.00608609    0.00671013    0.00490336    0.00402518    0.00000000 
Fr_paral         :   0.00000000   -0.00115725   -0.00042325   -0.01618046   -0.05388316    0.05476294    0.02729335    0.00000000 
max(|Fsp_paral|) :   0.00000000    0.00319435    0.00153602    0.00160962    0.00085614    0.00111262    0.00110556    0.00000000 
max(|Fsp_perp|)  :   0.00000000    0.00000000    0.00000000    0.00000000    0.00000000    0.00000000    0.00000000    0.00000000 
max(|FNEB|)      :   0.00000000    0.00528263    0.00592540    0.00631227    0.00666102    0.00490833    0.00408763    0.00000000 
max(|Force|)     :   0.00016209    0.00515013    0.00633947    0.00674466    0.02724840    0.02478391    0.01141491    0.00035885 
ksp              :   0.01711915    0.02486956    0.03485789    0.09657035    0.10000000    0.10000000    0.01360805 
max(|step|)      :   0.00000000    0.03837036    0.03864914    0.02390095    0.04846916    0.04893853    0.01573095    0.00070753 
angle (deg.)     :    19.6119  25.8148  68.1291  38.5290  38.3957  80.7264 
>
iteration       : 62
climbing        : no
zoom on         : no
nim             : 8
barrier         :   0.08191393 (image:  4) 
distance        :   0.00000000   10.21603139   17.07030456   21.91987039   23.72806200   25.51981579   27.26684895   40.59489591 
energy          : -2465.73559986  -2465.72926899  -2465.72226361  -2465.71185906  -2465.65368593  -2465.65447307  -2465.73256936  -2465.77084126 
max(|Fr_perp|)   :   0.00000000    0.00403062    0.00851844    0.00649769    0.00645255    0.00717537    0.00579952    0.00000000 
Fr_paral         :   0.00000000   -0.00135909   -0.00036718   -0.01694327   -0.05486247    0.05729676    0.02777507    0.00000000 
max(|Fsp_paral|) :   0.00000000    0.00098665    0.00132724    0.00221368    0.00079260    0.00288581    0.00185618    0.00000000 
max(|Fsp_perp|)  :   0.00000000    0.00000000    0.00000000    0.00000000    0.00000000    0.00000000    0.00000000    0.00000000 
max(|FNEB|)      :   0.00000000    0.00398041    0.00856845    0.00679635    0.00645609    0.00718469    0.00569634    0.00000000 
max(|Force|)     :   0.00016209    0.00401455    0.00853881    0.00696236    0.02989721    0.02944411    0.01236708    0.00035885 
ksp              :   0.01695581    0.02465273    0.03608436    0.10000000    0.10000000    0.09913516    0.01332965 
max(|step|)      :   0.00000000    0.01806734    0.02609429    0.02048169    0.01315576    0.01503929    0.01166827    0.00041262 
angle (deg.)     :    20.0237  26.3390  67.3050  39.4529  37.9891  80.3360 
>
iteration       : 63
climbing        : no
zoom on         : no
nim             : 8
barrier         :   0.08198141 (image:  4) 
distance        :   0.00000000   10.13728041   17.13251264   21.95157486   23.74155659   25.53594165   27.28597487   40.59851696 
energy          : -2465.73559986  -2465.72938267  -2465.72229070  -2465.71109071  -2465.65361845  -2465.65463988  -2465.73308958  -2465.77084126 
max(|Fr_perp|)   :   0.00000000    0.00483457    0.02339710    0.01996384    0.00759381    0.00838930    0.00632521    0.00000000 
Fr_paral         :   0.00000000   -0.00130315    0.00004745   -0.01636728   -0.05332318    0.06018669    0.02719772    0.00000000 
max(|Fsp_paral|) :   0.00000000    0.00036980    0.00126614    0.00043232    0.00021019    0.00305499    0.00133779    0.00000000 
max(|Fsp_perp|)  :   0.00000000    0.00000000    0.00000000    0.00000000    0.00000000    0.00000000    0.00000000    0.00000000 
max(|FNEB|)      :   0.00000000    0.00481413    0.02376652    0.01991651    0.00759431    0.00838605    0.00624453    0.00000000 
max(|Force|)     :   0.00016209    0.00485126    0.02340018    0.02064090    0.02927549    0.03316692    0.01191553    0.00035885 
ksp              :   0.01682529    0.02461092    0.03690638    0.10000000    0.10000000    0.09887866    0.01275581 
max(|step|)      :   0.00000000    0.00731274    0.01238006    0.01038648    0.01078238    0.01098725    0.00432874    0.00021741 
angle (deg.)     :    19.9285  26.2192  67.5282  38.8852  37.4654  80.4984 
>
iteration       : 64
climbing        : no
zoom on         : no
nim             : 8
barrier         :   0.08157962 (image:  4) 
distance        :   0.00000000   10.16749193   17.11741029   21.94422782   23.73452106   25.51963788   27.27667750   40.59333060 
energy          : -2465.73559986  -2465.72938243  -2465.72266141  -2465.71150422  -2465.65402024  -2465.65423307  -2465.73303382  -2465.77084126 
max(|Fr_perp|)   :   0.00000000    0.00129480    0.00799089    0.00566895    0.00396389    0.00352124    0.00184509    0.00000000 
Fr_paral         :   0.00000000   -0.00130774   -0.00030505   -0.01696790   -0.05348089    0.05989188    0.02725378    0.00000000 
max(|Fsp_paral|) :   0.00000000    0.00062934    0.00174813    0.00093331    0.00025104    0.00156195    0.00182845    0.00000000 
max(|Fsp_perp|)  :   0.00000000    0.00000000    0.00000000    0.00000000    0.00000000    0.00000000    0.00000000    0.00000000 
max(|FNEB|)      :   0.00000000    0.00136491    0.00846383    0.00555444    0.00387810    0.00445992    0.00215283    0.00000000 
max(|Force|)     :   0.00016209    0.00130862    0.00797258    0.00646156    0.02854995    0.03209327    0.01163186    0.00035885 
ksp              :   0.01685917    0.02427391    0.03658271    0.10000000    0.10000000    0.09976520    0.01283089 
max(|step|)      :   0.00000000    0.00707270    0.01541053    0.00679724    0.00866943    0.00571095    0.00450493    0.00030856 
angle (deg.)     :    20.1561  26.4866  67.1508  38.9984  37.0319  80.3332 
>
iteration       : 65
climbing        : no
zoom on         : no
nim             : 8
barrier         :   0.08156072 (image:  5) 
distance        :   0.00000000   10.13841815   17.15356679   21.96027449   23.73958648   25.51956816   27.27535480   40.58599429 
energy          : -2465.73559986  -2465.72943897  -2465.72296242  -2465.71131359  -2465.65415262  -2465.65403914  -2465.73302885  -2465.77084126 
max(|Fr_perp|)   :   0.00000000    0.00169041    0.00387023    0.00259492    0.00262743    0.00335346    0.00130234    0.00000000 
Fr_paral         :   0.00000000   -0.00132143   -0.00034882   -0.01744482   -0.05272510    0.06040054    0.02741910    0.00000000 
max(|Fsp_paral|) :   0.00000000    0.00053966    0.00198168    0.00031500    0.00014189    0.00118439    0.00193838    0.00000000 
max(|Fsp_perp|)  :   0.00000000    0.00000000    0.00000000    0.00000000    0.00000000    0.00000000    0.00000000    0.00000000 
max(|FNEB|)      :   0.00000000    0.00189936    0.00378284    0.00263672    0.00267390    0.00432687    0.00212205    0.00000000 
max(|Force|)     :   0.00016209    0.00180888    0.00389006    0.00657698    0.02763191    0.03233559    0.01138279    0.00035885 
ksp              :   0.01679837    0.02394507    0.03679922    0.09987477    0.10000000    0.10000000    0.01283703 
max(|step|)      :   0.00000000    0.02471236    0.05348518    0.02245562    0.02617766    0.01802983    0.01449683    0.00125772 
angle (deg.)     :    20.9378  27.5091  65.8736  39.5705  35.9531  79.7789 
>
iteration       : 66
climbing        : no
zoom on         : no
nim             : 8
barrier         :   0.08230028 (image:  5) 
distance        :   0.00000000   10.03656856   17.28153019   22.01838591   23.76611835   25.52958541   27.28346119   40.57301731 
energy          : -2465.73559986  -2465.72961722  -2465.72366108  -2465.71045446  -2465.65408220  -2465.65329957  -2465.73301839  -2465.77084126 
max(|Fr_perp|)   :   0.00000000    0.00336420    0.01770324    0.01355525    0.00596310    0.00629365    0.00455012    0.00000000 
Fr_paral         :   0.00000000   -0.00133684   -0.00023107   -0.01821977   -0.04989705    0.06166130    0.02774821    0.00000000 
max(|Fsp_paral|) :   0.00000000    0.00023243    0.00237336    0.00166708    0.00154349    0.00048138    0.00207189    0.00000000 
max(|Fsp_perp|)  :   0.00000000    0.00000000    0.00000000    0.00000000    0.00000000    0.00000000    0.00000000    0.00000000 
max(|FNEB|)      :   0.00000000    0.00337908    0.01714287    0.01330513    0.00639248    0.00600574    0.00466038    0.00000000 
max(|Force|)     :   0.00016209    0.00334450    0.01771547    0.01395452    0.02490800    0.03295252    0.01113156    0.00035885 
ksp              :   0.01654236    0.02305572    0.03749790    0.09914415    0.10000000    0.10000000    0.01282298 
max(|step|)      :   0.00000000    0.03002899    0.07111426    0.02313252    0.02700735    0.02600078    0.01919315    0.00159816 
angle (deg.)     :    21.9407  28.9933  64.3396  40.0560  35.5789  79.1411 
>
iteration       : 67
climbing        : no
zoom on         : no
nim             : 8
barrier         :   0.08317948 (image:  5) 
distance        :   0.00000000    9.91295893   17.45831057   22.09652611   23.82006392   25.55807004   27.31173569   40.57478842 
energy          : -2465.73559986  -2465.72984451  -2465.72490709  -2465.70967163  -2465.65345593  -2465.65242037  -2465.73291454  -2465.77084126 
max(|Fr_perp|)   :   0.00000000    0.00327010    0.02030799    0.01626065    0.00877470    0.00778951    0.00501656    0.00000000 
Fr_paral         :   0.00000000   -0.00129925   -0.00038155   -0.01869258   -0.04800496    0.06154821    0.02808421    0.00000000 
max(|Fsp_paral|) :   0.00000000    0.00043201    0.00309282    0.00233767    0.00174775    0.00080776    0.00180664    0.00000000 
max(|Fsp_perp|)  :   0.00000000    0.00000000    0.00000000    0.00000000    0.00000000    0.00000000    0.00000000    0.00000000 
max(|FNEB|)      :   0.00000000    0.00320065    0.01959336    0.01616377    0.00925486    0.00825287    0.00510626    0.00000000 
max(|Force|)     :   0.00016209    0.00331785    0.02032782    0.01677079    0.02309783    0.03198401    0.01142058    0.00035885 
ksp              :   0.01622727    0.02156955    0.03805428    0.09887953    0.10000000    0.10000000    0.01290551 
max(|step|)      :   0.00000000    0.04305962    0.10000000    0.03097499    0.02934922    0.02853354    0.02608253    0.00238162 
angle (deg.)     :    23.3120  31.4439  62.1002  41.0064  35.7316  78.2944 
>
iteration       : 68
climbing        : no
zoom on         : no
nim             : 8
barrier         :   0.08399987 (image:  5) 
distance        :   0.00000000    9.73540764   17.72036888   22.21983335   23.91255740   25.62448083   27.37621682   40.60205006 
energy          : -2465.73559986  -2465.73013599  -2465.72654831  -2465.70858412  -2465.65257358  -2465.65159999  -2465.73283996  -2465.77084126 
max(|Fr_perp|)   :   0.00000000    0.00362370    0.02369364    0.01841625    0.01070709    0.00890669    0.00506787    0.00000000 
Fr_paral         :   0.00000000   -0.00125294   -0.00075509   -0.01929207   -0.04634866    0.06113235    0.02842275    0.00000000 
max(|Fsp_paral|) :   0.00000000    0.00070589    0.00400450    0.00298075    0.00195805    0.00210415    0.00169101    0.00000000 
max(|Fsp_perp|)  :   0.00000000    0.00000000    0.00000000    0.00000000    0.00000000    0.00000000    0.00000000    0.00000000 
max(|FNEB|)      :   0.00000000    0.00376545    0.02335057    0.01880396    0.01128975    0.01012231    0.00526052    0.00000000 
max(|Force|)     :   0.00016209    0.00374137    0.02428959    0.01934722    0.02153532    0.03103410    0.01180411    0.00035885 
ksp              :   0.01585498    0.01972071    0.03895890    0.09895357    0.10000000    0.10000000    0.01295663 
max(|step|)      :   0.00000000    0.00424462    0.02632204    0.02119686    0.01272643    0.01141042    0.00592995    0.00000000 
angle (deg.)     :    23.3338  31.4254  62.2433  40.1556  36.1382  78.3794 
>
iteration       : 69
climbing        : no
zoom on         : no
nim             : 8
barrier         :   0.08348402 (image:  5) 
distance        :   0.00000000    9.73881679   17.73988844   22.21735947   23.91511939   25.62769459   27.37400891   40.60052497 
energy          : -2465.73559986  -2465.73016816  -2465.72698918  -2465.70902442  -2465.65284383  -2465.65211584  -2465.73279020  -2465.77084126 
max(|Fr_perp|)   :   0.00000000    0.00187244    0.01155275    0.00838611    0.00705162    0.00574299    0.00202296    0.00000000 
Fr_paral         :   0.00000000   -0.00116486   -0.00110799   -0.01859489   -0.04872929    0.06027436    0.02853456    0.00000000 
max(|Fsp_paral|) :   0.00000000    0.00003002    0.00419768    0.00176312    0.00148676    0.00177855    0.00101983    0.00000000 
max(|Fsp_perp|)  :   0.00000000    0.00000000    0.00000000    0.00000000    0.00000000    0.00000000    0.00000000    0.00000000 
max(|FNEB|)      :   0.00000000    0.00186794    0.01251786    0.00861952    0.00743146    0.00676048    0.00304280    0.00000000 
max(|Force|)     :   0.00016209    0.00183286    0.01160707    0.00932772    0.02310424    0.02992148    0.01188351    0.00035885 
ksp              :   0.01585565    0.01928274    0.03864967    0.09921518    0.10000000    0.10000000    0.01302895 
max(|step|)      :   0.00000000    0.00136676    0.00671796    0.00438539    0.00993898    0.00899432    0.00393700    0.00004889 
angle (deg.)     :    23.3638  31.4278  62.3422  39.6011  36.4742  78.4688 
>
iteration       : 70
climbing        : no
zoom on         : no
nim             : 8
barrier         :   0.08309753 (image:  5) 
distance        :   0.00000000    9.73976298   17.76127669   22.21618328   23.91778978   25.63131461   27.37304706   40.59998061 
energy          : -2465.73559986  -2465.73017750  -2465.72711721  -2465.70919270  -2465.65291223  -2465.65250232  -2465.73273266  -2465.77084126 
max(|Fr_perp|)   :   0.00000000    0.00189725    0.00878305    0.00730985    0.00421816    0.00337910    0.00195636    0.00000000 
Fr_paral         :   0.00000000   -0.00115566   -0.00123238   -0.01857079   -0.05038701    0.05955722    0.02864373    0.00000000 
max(|Fsp_paral|) :   0.00000000    0.00015524    0.00402046    0.00097606    0.00102266    0.00147955    0.00036543    0.00000000 
max(|Fsp_perp|)  :   0.00000000    0.00000000    0.00000000    0.00000000    0.00000000    0.00000000    0.00000000    0.00000000 
max(|FNEB|)      :   0.00000000    0.00191091    0.00977750    0.00743895    0.00447027    0.00424766    0.00199093    0.00000000 
max(|Force|)     :   0.00016209    0.00192026    0.00884417    0.00824737    0.02428265    0.02916325    0.01194626    0.00035885 
ksp              :   0.01587276    0.01918725    0.03860066    0.09955605    0.10000000    0.10000000    0.01310536 
max(|step|)      :   0.00000000    0.01074738    0.04098502    0.02907966    0.04751896    0.04544421    0.02064143    0.00070831 
angle (deg.)     :    23.6743  31.8501  63.0139  37.2478  38.5098  79.3250 
>
iteration       : 71
climbing        : no
zoom on         : no
nim             : 8
barrier         :   0.08369489 (image:  4) 
distance        :   0.00000000    9.73983535   17.95221257   22.22596942   23.94761752   25.67788879   27.39742148   40.62354105 
energy          : -2465.73559986  -2465.73022842  -2465.72748664  -2465.70995330  -2465.65190497  -2465.65461940  -2465.73262788  -2465.77084126 
max(|Fr_perp|)   :   0.00000000    0.00297046    0.01081027    0.00253909    0.00826842    0.00781592    0.00614056    0.00000000 
Fr_paral         :   0.00000000   -0.00117778   -0.00165968   -0.01853396   -0.05556445    0.05593981    0.02873026    0.00000000 
max(|Fsp_paral|) :   0.00000000    0.00002606    0.00149803    0.00434219    0.00042677    0.00303066    0.00319137    0.00000000 
max(|Fsp_perp|)  :   0.00000000    0.00000000    0.00000000    0.00000000    0.00000000    0.00000000    0.00000000    0.00000000 
max(|FNEB|)      :   0.00000000    0.00297288    0.01122114    0.00435233    0.00818229    0.00795822    0.00596603    0.00000000 
max(|Force|)     :   0.00016209    0.00294581    0.01071043    0.00735102    0.02956929    0.02737233    0.01272763    0.00035885 
ksp              :   0.01577609    0.01872442    0.03757863    0.10000000    0.10000000    0.09708108    0.01319587 
max(|step|)      :   0.00000000    0.00807704    0.03019803    0.01160457    0.01865947    0.02192772    0.01567013    0.00037009 
angle (deg.)     :    23.8973  32.6244  62.9438  36.9092  38.2806  79.9124 
>
iteration       : 72
climbing        : no
zoom on         : no
nim             : 8
barrier         :   0.08420149 (image:  4) 
distance        :   0.00000000    9.74156882   18.06184011   22.25797021   23.96760808   25.68938002   27.42581668   40.64622453 
energy          : -2465.73559986  -2465.73020599  -2465.72742626  -2465.70965609  -2465.65139837  -2465.65447944  -2465.73308641  -2465.77084126 
max(|Fr_perp|)   :   0.00000000    0.00676636    0.02399109    0.00508105    0.01251653    0.01406723    0.01067628    0.00000000 
Fr_paral         :   0.00000000   -0.00106143   -0.00165042   -0.01856365   -0.05564589    0.05798958    0.02778515    0.00000000 
max(|Fsp_paral|) :   0.00000000    0.00052139    0.00053810    0.00472651    0.00058838    0.00206993    0.00008409    0.00000000 
max(|Fsp_perp|)  :   0.00000000    0.00000000    0.00000000    0.00000000    0.00000000    0.00000000    0.00000000    0.00000000 
max(|FNEB|)      :   0.00000000    0.00671527    0.02385673    0.00541098    0.01251852    0.01406711    0.01067090    0.00000000 
max(|Force|)     :   0.00016209    0.00678980    0.02408238    0.00756041    0.03005611    0.03042394    0.01245282    0.00035885 
ksp              :   0.01576532    0.01873647    0.03773038    0.10000000    0.10000000    0.09670675    0.01268654 
max(|step|)      :   0.00000000    0.00400886    0.01273086    0.00552620    0.00981074    0.00923000    0.00675701    0.00013875 
angle (deg.)     :    23.8771  32.6677  62.7449  37.1339  37.7365  79.8162 
>
iteration       : 73
climbing        : no
zoom on         : no
nim             : 8
barrier         :   0.08376975 (image:  4) 
distance        :   0.00000000    9.74237231   18.04464819   22.26208030   23.96345961   25.67990972   27.41844844   40.63833452 
energy          : -2465.73559986  -2465.73025503  -2465.72797076  -2465.70951474  -2465.65183011  -2465.65437624  -2465.73322559  -2465.77084126 
max(|Fr_perp|)   :   0.00000000    0.00181581    0.00728673    0.00159536    0.00518432    0.00501062    0.00368742    0.00000000 
Fr_paral         :   0.00000000   -0.00113062   -0.00184256   -0.01905666   -0.05494476    0.05876744    0.02791944    0.00000000 
max(|Fsp_paral|) :   0.00000000    0.00051733    0.00207110    0.00366310    0.00073817    0.00125225    0.00131545    0.00000000 
max(|Fsp_perp|)  :   0.00000000    0.00000000    0.00000000    0.00000000    0.00000000    0.00000000    0.00000000    0.00000000 
max(|FNEB|)      :   0.00000000    0.00186631    0.00715638    0.00397369    0.00501296    0.00500929    0.00360830    0.00000000 
max(|Force|)     :   0.00016209    0.00184069    0.00739190    0.00757934    0.02908877    0.03088047    0.01212932    0.00035885 
ksp              :   0.01574234    0.01819650    0.03802516    0.10000000    0.10000000    0.09726450    0.01255085 
max(|step|)      :   0.00000000    0.00622744    0.02390873    0.01255778    0.00918447    0.01201359    0.00767130    0.00052618 
angle (deg.)     :    24.0951  33.5450  62.4782  37.1082  37.4318  80.2222 
>
iteration       : 74
climbing        : no
zoom on         : no
nim             : 8
barrier         :   0.08404457 (image:  4) 
distance        :   0.00000000    9.74114735   18.14609094   22.30138093   23.98243070   25.68842710   27.43148034   40.64692732 
energy          : -2465.73559986  -2465.73026352  -2465.72828141  -2465.70898911  -2465.65155529  -2465.65424909  -2465.73338935  -2465.77084126 
max(|Fr_perp|)   :   0.00000000    0.00360683    0.00819882    0.00564400    0.00465564    0.00567425    0.00451069    0.00000000 
Fr_paral         :   0.00000000   -0.00120362   -0.00202017   -0.01965673   -0.05421256    0.05972430    0.02788204    0.00000000 
max(|Fsp_paral|) :   0.00000000    0.00071048    0.00227263    0.00304278    0.00121390    0.00064557    0.00239791    0.00000000 
max(|Fsp_perp|)  :   0.00000000    0.00000000    0.00000000    0.00000000    0.00000000    0.00000000    0.00000000    0.00000000 
max(|FNEB|)      :   0.00000000    0.00353527    0.00879415    0.00603811    0.00464864    0.00567528    0.00464999    0.00000000 
max(|Force|)     :   0.00016209    0.00357955    0.00807908    0.00761796    0.02854337    0.03256382    0.01188530    0.00035885 
ksp              :   0.01571447    0.01783704    0.03849640    0.10000000    0.10000000    0.09711532    0.01236715 
max(|step|)      :   0.00000000    0.00706430    0.05065041    0.02609816    0.01806061    0.02301788    0.01190770    0.00112113 
angle (deg.)     :    24.5469  35.5752  61.9732  37.2472  37.2162  81.0302 
>
iteration       : 75
climbing        : no
zoom on         : no
nim             : 8
barrier         :   0.08500797 (image:  4) 
distance        :   0.00000000    9.74052034   18.35980387   22.39135303   24.03233032   25.71719784   27.46920209   40.67531397 
energy          : -2465.73559986  -2465.73026599  -2465.72848669  -2465.70785914  -2465.65059189  -2465.65386965  -2465.73360391  -2465.77084126 
max(|Fr_perp|)   :   0.00000000    0.00618087    0.01845822    0.00672444    0.01004924    0.01145040    0.00916109    0.00000000 
Fr_paral         :   0.00000000   -0.00124930   -0.00219387   -0.02061262   -0.05251894    0.06076481    0.02772466    0.00000000 
max(|Fsp_paral|) :   0.00000000    0.00029309    0.00177707    0.00200310    0.00211107    0.00030538    0.00375598    0.00000000 
max(|Fsp_perp|)  :   0.00000000    0.00000000    0.00000000    0.00000000    0.00000000    0.00000000    0.00000000    0.00000000 
max(|FNEB|)      :   0.00000000    0.00614944    0.01892623    0.00687196    0.01003669    0.01145031    0.00937829    0.00000000 
max(|Force|)     :   0.00016209    0.00615084    0.01832343    0.00777411    0.02753948    0.03488830    0.01149077    0.00035885 
ksp              :   0.01564709    0.01753088    0.03936977    0.10000000    0.10000000    0.09652976    0.01211315 
max(|step|)      :   0.00000000    0.01105429    0.07679377    0.04070166    0.02568105    0.02364098    0.01806935    0.00159082 
angle (deg.)     :    25.1817  39.0685  61.1059  37.1850  37.5886  81.8519 
>
iteration       : 76
climbing        : no
zoom on         : no
nim             : 8
barrier         :   0.08698489 (image:  4) 
distance        :   0.00000000    9.74896215   18.67159257   22.54999024   24.13295270   25.78224360   27.52840107   40.71996346 
energy          : -2465.73559986  -2465.73030192  -2465.72907526  -2465.70600005  -2465.64861497  -2465.65396470  -2465.73353845  -2465.77084126 
max(|Fr_perp|)   :   0.00000000    0.00593342    0.01843042    0.00450055    0.00997102    0.01124697    0.00887412    0.00000000 
Fr_paral         :   0.00000000   -0.00128754   -0.00262581   -0.02207618   -0.05062101    0.05956335    0.02812816    0.00000000 
max(|Fsp_paral|) :   0.00000000    0.00032752    0.00197490    0.00028626    0.00321260    0.00001036    0.00200452    0.00000000 
max(|Fsp_perp|)  :   0.00000000    0.00000000    0.00000000    0.00000000    0.00000000    0.00000000    0.00000000    0.00000000 
max(|FNEB|)      :   0.00000000    0.00589534    0.01893457    0.00453802    0.00994703    0.01124699    0.00899013    0.00000000 
max(|Force|)     :   0.00016209    0.00590003    0.01826703    0.00797936    0.02638698    0.03334225    0.01139414    0.00035885 
ksp              :   0.01548158    0.01675076    0.04062581    0.10000000    0.10000000    0.09446483    0.01213287 
max(|step|)      :   0.00000000    0.01293506    0.10000000    0.04678973    0.03525088    0.02109729    0.02299749    0.00202708 
angle (deg.)     :    25.9220  43.8306  60.2070  36.5145  37.5025  82.5358 
>
iteration       : 77
climbing        : no
zoom on         : no
nim             : 8
barrier         :   0.08994837 (image:  4) 
distance        :   0.00000000    9.75903626   19.07686543   22.77160683   24.31052148   25.89086979   27.65631299   40.82057640 
energy          : -2465.73559986  -2465.73037158  -2465.72914596  -2465.70362388  -2465.64565149  -2465.65363478  -2465.73429003  -2465.77084126 
max(|Fr_perp|)   :   0.00000000    0.00369544    0.02381823    0.01571781    0.00668404    0.00689197    0.00615906    0.00000000 
Fr_paral         :   0.00000000   -0.00128376   -0.00304831   -0.02384097   -0.05058674    0.06044312    0.02722170    0.00000000 
max(|Fsp_paral|) :   0.00000000    0.00109419    0.00041486    0.00053700    0.00201713    0.00213742    0.00551868    0.00000000 
max(|Fsp_perp|)  :   0.00000000    0.00000000    0.00000000    0.00000000    0.00000000    0.00000000    0.00000000    0.00000000 
max(|FNEB|)      :   0.00000000    0.00392002    0.02443392    0.01600797    0.00679537    0.00716932    0.00661290    0.00000000 
max(|Force|)     :   0.00016209    0.00374404    0.02415293    0.01636603    0.02683031    0.03326182    0.01138897    0.00035885 
ksp              :   0.01523210    0.01648336    0.04200586    0.10000000    0.10000000    0.09202150    0.01130605 
max(|step|)      :   0.00000000    0.00437305    0.02725771    0.01785799    0.00758071    0.00799787    0.00737714    0.00000000 
angle (deg.)     :    25.9010  43.8004  59.9998  35.8708  37.7684  82.2816 
>
iteration       : 78
climbing        : no
zoom on         : no
nim             : 8
barrier         :   0.08996259 (image:  4) 
distance        :   0.00000000    9.76429980   19.07804324   22.77162175   24.31503685   25.89578131   27.64262743   40.80635796 
energy          : -2465.73559986  -2465.73039350  -2465.72973039  -2465.70389488  -2465.64563726  -2465.65416471  -2465.73395127  -2465.77084126 
max(|Fr_perp|)   :   0.00000000    0.00146678    0.01037453    0.00712335    0.00373359    0.00504024    0.00167017    0.00000000 
Fr_paral         :   0.00000000   -0.00124773   -0.00330488   -0.02315906   -0.05142753    0.05901042    0.02793951    0.00000000 
max(|Fsp_paral|) :   0.00000000    0.00014936    0.00161356    0.00010359    0.00183183    0.00083750    0.00261735    0.00000000 
max(|Fsp_perp|)  :   0.00000000    0.00000000    0.00000000    0.00000000    0.00000000    0.00000000    0.00000000    0.00000000 
max(|FNEB|)      :   0.00000000    0.00141194    0.01001211    0.00711278    0.00416143    0.00471483    0.00274174    0.00000000 
max(|Force|)     :   0.00016209    0.00136522    0.01056579    0.00869244    0.02727608    0.03107461    0.01149204    0.00035885 
ksp              :   0.01520853    0.01587191    0.04171817    0.10000000    0.10000000    0.09146901    0.01164927 
max(|step|)      :   0.00000000    0.00144919    0.00465527    0.00297277    0.00419924    0.00464006    0.00301159    0.00000345 
angle (deg.)     :    25.8933  43.7769  59.8304  35.6031  37.8518  82.0980 
>
iteration       : 79
climbing        : no
zoom on         : no
nim             : 8
barrier         :   0.09004583 (image:  4) 
distance        :   0.00000000    9.76478261   19.08265755   22.77193740   24.31848355   25.89784234   27.63520822   40.79789121 
energy          : -2465.73559986  -2465.73040395  -2465.72986091  -2465.70395713  -2465.64555403  -2465.65437843  -2465.73377144  -2465.77084126 
max(|Fr_perp|)   :   0.00000000    0.00135821    0.00501391    0.00329233    0.00314013    0.00423571    0.00149583    0.00000000 
Fr_paral         :   0.00000000   -0.00125961   -0.00342549   -0.02329154   -0.05189467    0.05833487    0.02826720    0.00000000 
max(|Fsp_paral|) :   0.00000000    0.00038413    0.00179371    0.00044298    0.00161667    0.00023532    0.00111225    0.00000000 
max(|Fsp_perp|)  :   0.00000000    0.00000000    0.00000000    0.00000000    0.00000000    0.00000000    0.00000000    0.00000000 
max(|FNEB|)      :   0.00000000    0.00121786    0.00460977    0.00324427    0.00316064    0.00414723    0.00181263    0.00000000 
max(|Force|)     :   0.00016209    0.00125617    0.00521321    0.00866427    0.02749931    0.02992124    0.01169282    0.00035885 
ksp              :   0.01519326    0.01573602    0.04162662    0.10000000    0.10000000    0.09118009    0.01182749 
max(|step|)      :   0.00000000    0.00722706    0.01925604    0.00822661    0.01903805    0.02370285    0.01110775    0.00027700 
angle (deg.)     :    25.8777  43.7249  58.8823  34.8333  38.1193  81.1669 
>
iteration       : 80
climbing        : no
zoom on         : no
nim             : 8
barrier         :   0.09065963 (image:  4) 
distance        :   0.00000000    9.76192758   19.11502609   22.77847004   24.34074264   25.91011780   27.61517227   40.76993263 
energy          : -2465.73559986  -2465.73045034  -2465.73000342  -2465.70400122  -2465.64494023  -2465.65496496  -2465.73322354  -2465.77084126 
max(|Fr_perp|)   :   0.00000000    0.00081511    0.00501196    0.00306307    0.00283551    0.00436881    0.00114880    0.00000000 
Fr_paral         :   0.00000000   -0.00129013   -0.00378501   -0.02334054   -0.05321049    0.05595690    0.02920815    0.00000000 
max(|Fsp_paral|) :   0.00000000    0.00044994    0.00159125    0.00186955    0.00035534    0.00171438    0.00377392    0.00000000 
max(|Fsp_perp|)  :   0.00000000    0.00000000    0.00000000    0.00000000    0.00000000    0.00000000    0.00000000    0.00000000 
max(|FNEB|)      :   0.00000000    0.00082787    0.00454775    0.00329830    0.00274561    0.00549163    0.00407866    0.00000000 
max(|Force|)     :   0.00016209    0.00074385    0.00600619    0.00871835    0.02824120    0.02576631    0.01249427    0.00035885 
ksp              :   0.01511206    0.01555572    0.04136873    0.10000000    0.10000000    0.09004821    0.01235903 
max(|step|)      :   0.00000000    0.00589318    0.01033564    0.00896855    0.01173192    0.01696989    0.00635717    0.00019169 
angle (deg.)     :    25.8844  43.8523  57.9810  35.0818  37.8533  80.4797 
>
iteration       : 81
climbing        : no
zoom on         : no
nim             : 8
barrier         :   0.09106543 (image:  4) 
distance        :   0.00000000    9.75914336   19.14854687   22.79446101   24.36375356   25.92314299   27.62460583   40.76882577 
energy          : -2465.73559986  -2465.73047861  -2465.73006918  -2465.70378695  -2465.64453442  -2465.65500837  -2465.73338409  -2465.77084126 
max(|Fr_perp|)   :   0.00000000    0.00078285    0.00780734    0.00625019    0.00448362    0.00394628    0.00123236    0.00000000 
Fr_paral         :   0.00000000   -0.00130456   -0.00386468   -0.02343083   -0.05306025    0.05679897    0.02906994    0.00000000 
max(|Fsp_paral|) :   0.00000000    0.00039253    0.00157791    0.00227686    0.00049793    0.00173300    0.00325586    0.00000000 
max(|Fsp_perp|)  :   0.00000000    0.00000000    0.00000000    0.00000000    0.00000000    0.00000000    0.00000000    0.00000000 
max(|FNEB|)      :   0.00000000    0.00084332    0.00815463    0.00656057    0.00459746    0.00507704    0.00339711    0.00000000 
max(|Force|)     :   0.00016209    0.00082743    0.00757881    0.00905013    0.02817582    0.02613238    0.01244552    0.00035885 
ksp              :   0.01506134    0.01546597    0.04144071    0.10000000    0.10000000    0.08964860    0.01218985 
max(|step|)      :   0.00000000    0.01963569    0.04147609    0.03752285    0.04272597    0.05636263    0.02310441    0.00146625 
angle (deg.)     :    25.9587  44.8461  54.6692  38.4160  38.1431  78.0442 
>
iteration       : 82
climbing        : no
zoom on         : no
nim             : 8
barrier         :   0.09208435 (image:  4) 
distance        :   0.00000000    9.74985044   19.29421166   22.88494623   24.46316249   26.00663815   27.70166958   40.80437134 
energy          : -2465.73559986  -2465.73044740  -2465.73015980  -2465.70242068  -2465.64351551  -2465.65458226  -2465.73380542  -2465.77084126 
max(|Fr_perp|)   :   0.00000000    0.00698940    0.00514624    0.00530082    0.00767508    0.00978016    0.00820141    0.00000000 
Fr_paral         :   0.00000000   -0.00148816   -0.00382799   -0.02322309   -0.05090825    0.06009508    0.02887264    0.00000000 
max(|Fsp_paral|) :   0.00000000    0.00009026    0.00180604    0.00190695    0.00176507    0.00165512    0.00125529    0.00000000 
max(|Fsp_perp|)  :   0.00000000    0.00000000    0.00000000    0.00000000    0.00000000    0.00000000    0.00000000    0.00000000 
max(|FNEB|)      :   0.00000000    0.00697867    0.00535669    0.00540296    0.00769915    0.00977756    0.00814185    0.00000000 
max(|Force|)     :   0.00016209    0.00695017    0.00501542    0.01023121    0.02666074    0.02915373    0.01223743    0.00035885 
ksp              :   0.01503583    0.01531693    0.04242816    0.10000000    0.10000000    0.08918375    0.01175382 
max(|step|)      :   0.00000000    0.01225739    0.02319168    0.02081342    0.02053533    0.01762524    0.01225987    0.00080125 
angle (deg.)     :    26.0567  45.7291  53.1061  40.7209  38.0880  77.3180 
>
iteration       : 83
climbing        : no
zoom on         : no
nim             : 8
barrier         :   0.09186022 (image:  4) 
distance        :   0.00000000    9.74433383   19.38970729   22.95293747   24.51681843   26.06055797   27.76123936   40.84350175 
energy          : -2465.73559986  -2465.73045110  -2465.73014037  -2465.70141046  -2465.64373964  -2465.65412666  -2465.73422536  -2465.77084126 
max(|Fr_perp|)   :   0.00000000    0.00790239    0.00401083    0.00780224    0.00382708    0.00560681    0.00463560    0.00000000 
Fr_paral         :   0.00000000   -0.00129628   -0.00378378   -0.02378723   -0.04861675    0.06222482    0.02863320    0.00000000 
max(|Fsp_paral|) :   0.00000000    0.00032116    0.00212402    0.00048002    0.00102556    0.00084335    0.00193795    0.00000000 
max(|Fsp_perp|)  :   0.00000000    0.00000000    0.00000000    0.00000000    0.00000000    0.00000000    0.00000000    0.00000000 
max(|FNEB|)      :   0.00000000    0.00786658    0.00415834    0.00788202    0.00382215    0.00561255    0.00454249    0.00000000 
max(|Force|)     :   0.00016209    0.00793445    0.00406213    0.01054951    0.02492771    0.03164699    0.01207105    0.00035885 
ksp              :   0.01504450    0.01534893    0.04349705    0.10000000    0.10000000    0.08982333    0.01134667 
max(|step|)      :   0.00000000    0.00491832    0.00815297    0.00504643    0.01037983    0.01174909    0.00655060    0.00006304 
angle (deg.)     :    26.0782  45.8705  53.2202  40.3284  37.3729  77.8023 
>
iteration       : 84
climbing        : no
zoom on         : no
nim             : 8
barrier         :   0.09136316 (image:  4) 
distance        :   0.00000000    9.74617819   19.39974901   22.96047931   24.50931043   26.05462288   27.75552614   40.84061648 
energy          : -2465.73559986  -2465.73053511  -2465.73023580  -2465.70142395  -2465.64423670  -2465.65407919  -2465.73423847  -2465.77084126 
max(|Fr_perp|)   :   0.00000000    0.00374006    0.00376646    0.00299143    0.00355589    0.00461833    0.00413236    0.00000000 
Fr_paral         :   0.00000000   -0.00133921   -0.00383220   -0.02390338   -0.04802858    0.06267624    0.02885556    0.00000000 
max(|Fsp_paral|) :   0.00000000    0.00032349    0.00242045    0.00020689    0.00017889    0.00048548    0.00232023    0.00000000 
max(|Fsp_perp|)  :   0.00000000    0.00000000    0.00000000    0.00000000    0.00000000    0.00000000    0.00000000    0.00000000 
max(|FNEB|)      :   0.00000000    0.00370318    0.00390812    0.00299827    0.00355499    0.00462141    0.00402010    0.00000000 
max(|Force|)     :   0.00016209    0.00377394    0.00380991    0.01026011    0.02425184    0.03242815    0.01198345    0.00035885 
ksp              :   0.01498918    0.01528403    0.04366600    0.10000000    0.10000000    0.09030436    0.01134108 
max(|step|)      :   0.00000000    0.01194341    0.02514807    0.01684768    0.02760641    0.02404245    0.01812066    0.00085440 
angle (deg.)     :    26.2254  46.9820  52.7460  40.3777  36.5855  78.8331 
>
iteration       : 85
climbing        : no
zoom on         : no
nim             : 8
barrier         :   0.09064135 (image:  4) 
distance        :   0.00000000    9.75239267   19.51913924   23.03275558   24.54067186   26.08731901   27.78158426   40.86289257 
energy          : -2465.73559986  -2465.73060985  -2465.73022902  -2465.70076871  -2465.64495851  -2465.65357576  -2465.73396638  -2465.77084126 
max(|Fr_perp|)   :   0.00000000    0.00180775    0.01087923    0.00380510    0.00850392    0.00414723    0.00148834    0.00000000 
Fr_paral         :   0.00000000   -0.00130360   -0.00393794   -0.02432434   -0.04529225    0.06326180    0.02962715    0.00000000 
max(|Fsp_paral|) :   0.00000000    0.00086688    0.00213993    0.00203810    0.00196135    0.00013699    0.00129388    0.00000000 
max(|Fsp_perp|)  :   0.00000000    0.00000000    0.00000000    0.00000000    0.00000000    0.00000000    0.00000000    0.00000000 
max(|FNEB|)      :   0.00000000    0.00170804    0.01045560    0.00407633    0.00900783    0.00423310    0.00232210    0.00000000 
max(|Force|)     :   0.00016209    0.00184101    0.01112095    0.00965091    0.02200477    0.03423365    0.01219046    0.00035885 
ksp              :   0.01495470    0.01533284    0.04458469    0.10000000    0.10000000    0.09144372    0.01162192 
max(|step|)      :   0.00000000    0.01175995    0.03257801    0.01532811    0.01349044    0.02030848    0.01358290    0.00107967 
angle (deg.)     :    26.3790  48.3154  52.1537  39.8427  36.8823  79.5437 
>
iteration       : 86
climbing        : no
zoom on         : no
nim             : 8
barrier         :   0.09046259 (image:  4) 
distance        :   0.00000000    9.76594666   19.66863434   23.11834126   24.60560502   26.14222909   27.83547577   40.90509465 
energy          : -2465.73559986  -2465.73054141  -2465.73029616  -2465.69998993  -2465.64513727  -2465.65303426  -2465.73376164  -2465.77084126 
max(|Fr_perp|)   :   0.00000000    0.00861276    0.00268634    0.01943589    0.00912000    0.00307110    0.00200149    0.00000000 
Fr_paral         :   0.00000000   -0.00137879   -0.00412790   -0.02348773   -0.04532414    0.06281898    0.02978345    0.00000000 
max(|Fsp_paral|) :   0.00000000    0.00099201    0.00172634    0.00276803    0.00249654    0.00121607    0.00064184    0.00000000 
max(|Fsp_perp|)  :   0.00000000    0.00000000    0.00000000    0.00000000    0.00000000    0.00000000    0.00000000    0.00000000 
max(|FNEB|)      :   0.00000000    0.00873135    0.00230317    0.01972824    0.00979966    0.00384707    0.00189295    0.00000000 
max(|Force|)     :   0.00016209    0.00857620    0.00359367    0.02029569    0.02175094    0.03448674    0.01259714    0.00035885 
ksp              :   0.01503259    0.01527658    0.04542784    0.10000000    0.10000000    0.09214339    0.01182882 
max(|step|)      :   0.00000000    0.00931904    0.04564582    0.01935460    0.01677264    0.02799746    0.01810609    0.00160876 
angle (deg.)     :    26.5952  50.2293  51.5556  38.6614  38.0087  80.5425 
>
iteration       : 87
climbing        : no
zoom on         : no
nim             : 8
barrier         :   0.09037149 (image:  4) 
distance        :   0.00000000    9.79042847   19.87749459   23.23596535   24.70900923   26.23187253   27.92183931   40.97499050 
energy          : -2465.73559986  -2465.73054515  -2465.73018768  -2465.69977830  -2465.64522837  -2465.65258953  -2465.73340989  -2465.77084126 
max(|Fr_perp|)   :   0.00000000    0.00959760    0.00326296    0.01034569    0.00631956    0.00217145    0.00366952    0.00000000 
Fr_paral         :   0.00000000   -0.00133426   -0.00434790   -0.02395129   -0.04694937    0.06140063    0.02994074    0.00000000 
max(|Fsp_paral|) :   0.00000000    0.00178603    0.00060304    0.00208917    0.00251769    0.00222437    0.00109555    0.00000000 
max(|Fsp_perp|)  :   0.00000000    0.00000000    0.00000000    0.00000000    0.00000000    0.00000000    0.00000000    0.00000000 
max(|FNEB|)      :   0.00000000    0.00981294    0.00329402    0.01059535    0.00701447    0.00432016    0.00383710    0.00000000 
max(|Force|)     :   0.00016209    0.00956191    0.00333623    0.01132736    0.02257186    0.03370109    0.01308539    0.00035885 
ksp              :   0.01503393    0.01538993    0.04567431    0.10000000    0.10000000    0.09266909    0.01218096 
max(|step|)      :   0.00000000    0.01583917    0.03812942    0.02315661    0.02589645    0.02238554    0.01547542    0.00133064 
angle (deg.)     :    26.7395  52.2244  51.7386  36.3763  38.8315  81.5683 
>
iteration       : 88
climbing        : no
zoom on         : no
nim             : 8
barrier         :   0.09120858 (image:  4) 
distance        :   0.00000000    9.85107917   20.04776111   23.35419535   24.84185555   26.35897841   28.03532405   41.06805043 
energy          : -2465.73559986  -2465.73045262  -2465.73007590  -2465.69973613  -2465.64439127  -2465.65375346  -2465.73365548  -2465.77084126 
max(|Fr_perp|)   :   0.00000000    0.01218191    0.01453147    0.01874809    0.00799500    0.00495857    0.00726081    0.00000000 
Fr_paral         :   0.00000000   -0.00103492   -0.00421865   -0.02306340   -0.04915388    0.06012064    0.02989262    0.00000000 
max(|Fsp_paral|) :   0.00000000    0.00199710    0.00249402    0.00045542    0.00148538    0.00022491    0.00146908    0.00000000 
max(|Fsp_perp|)  :   0.00000000    0.00000000    0.00000000    0.00000000    0.00000000    0.00000000    0.00000000    0.00000000 
max(|FNEB|)      :   0.00000000    0.01195511    0.01398607    0.01880554    0.00798146    0.00495992    0.00718901    0.00000000 
max(|Force|)     :   0.00016209    0.01220799    0.01422356    0.01976089    0.02438143    0.03131137    0.01319609    0.00035885 
ksp              :   0.01507903    0.01545076    0.04538851    0.10000000    0.10000000    0.09076187    0.01191862 
max(|step|)      :   0.00000000    0.00734658    0.01203713    0.01550907    0.01508360    0.01245770    0.01357064    0.00051301 
angle (deg.)     :    26.7550  52.9218  51.4432  35.8198  38.5385  81.3237 
>
iteration       : 89
climbing        : no
zoom on         : no
nim             : 8
barrier         :   0.09199069 (image:  4) 
distance        :   0.00000000    9.87778047   20.09707853   23.39828398   24.90588158   26.41430021   28.08294866   41.10189800 
energy          : -2465.73559986  -2465.73059845  -2465.73038454  -2465.70014535  -2465.64360916  -2465.65443590  -2465.73412072  -2465.77084126 
max(|Fr_perp|)   :   0.00000000    0.00538397    0.00574484    0.00281625    0.00509815    0.00392671    0.00244141    0.00000000 
Fr_paral         :   0.00000000   -0.00122327   -0.00445132   -0.02402014   -0.04986206    0.06021835    0.02975224    0.00000000 
max(|Fsp_paral|) :   0.00000000    0.00160284    0.00230450    0.00112730    0.00004148    0.00085871    0.00007446    0.00000000 
max(|Fsp_perp|)  :   0.00000000    0.00000000    0.00000000    0.00000000    0.00000000    0.00000000    0.00000000    0.00000000 
max(|FNEB|)      :   0.00000000    0.00519580    0.00589900    0.00277617    0.00507202    0.00395431    0.00244487    0.00000000 
max(|Force|)     :   0.00016209    0.00541582    0.00576468    0.00929416    0.02504559    0.03049827    0.01315769    0.00035885 
ksp              :   0.01489317    0.01510246    0.04468726    0.10000000    0.10000000    0.08940756    0.01144713 
max(|step|)      :   0.00000000    0.01428132    0.03705197    0.01801880    0.02133922    0.02405796    0.01950173    0.00164890 
angle (deg.)     :    26.8911  55.2219  50.4850  36.0733  37.9233  81.0512 
>
iteration       : 90
climbing        : no
zoom on         : no
nim             : 8
barrier         :   0.09299919 (image:  4) 
distance        :   0.00000000    9.93073235   20.26243645   23.55112731   25.07079449   26.56648708   28.22099474   41.20756605 
energy          : -2465.73559986  -2465.73061267  -2465.73053561  -2465.69949491  -2465.64260067  -2465.65505547  -2465.73467755  -2465.77084126 
max(|Fr_perp|)   :   0.00000000    0.00202290    0.00172022    0.01007779    0.00603246    0.00369652    0.00133984    0.00000000 
Fr_paral         :   0.00000000   -0.00135849   -0.00432191   -0.02428198   -0.04906086    0.06187114    0.02967158    0.00000000 
max(|Fsp_paral|) :   0.00000000    0.00148919    0.00216358    0.00142381    0.00121196    0.00212826    0.00190575    0.00000000 
max(|Fsp_perp|)  :   0.00000000    0.00000000    0.00000000    0.00000000    0.00000000    0.00000000    0.00000000    0.00000000 
max(|FNEB|)      :   0.00000000    0.00184767    0.00282556    0.01033582    0.00678407    0.00340307    0.00278800    0.00000000 
max(|Force|)     :   0.00016209    0.00205904    0.00239296    0.01060460    0.02466708    0.03132004    0.01307378    0.00035885 
ksp              :   0.01482636    0.01490093    0.04494058    0.10000000    0.10000000    0.08794687    0.01089256 
max(|step|)      :   0.00000000    0.03632333    0.09022380    0.04379012    0.04469244    0.04166666    0.04023227    0.00398765 
angle (deg.)     :    27.2769  61.0907  49.6005  35.9067  36.8609  81.7737 
>
iteration       : 91
climbing        : no
zoom on         : no
nim             : 8
barrier         :   0.09456887 (image:  4) 
distance        :   0.00000000   10.07268732   20.67402237   23.95372677   25.48311898   26.95199532   28.57804720   41.49949332 
energy          : -2465.73559986  -2465.73053884  -2465.73052093  -2465.69804390  -2465.64103099  -2465.65578184  -2465.73531018  -2465.77084126 
max(|Fr_perp|)   :   0.00000000    0.00224390    0.01044160    0.01877115    0.00611089    0.00425204    0.00491185    0.00000000 
Fr_paral         :   0.00000000   -0.00152626   -0.00377613   -0.02443001   -0.04725765    0.06488367    0.02964387    0.00000000 
max(|Fsp_paral|) :   0.00000000    0.00177472    0.00270232    0.00099513    0.00304688    0.00374438    0.00331863    0.00000000 
max(|Fsp_perp|)  :   0.00000000    0.00000000    0.00000000    0.00000000    0.00000000    0.00000000    0.00000000    0.00000000 
max(|FNEB|)      :   0.00000000    0.00200235    0.01087399    0.01897559    0.00797006    0.00446847    0.00477591    0.00000000 
max(|Force|)     :   0.00016209    0.00229500    0.01066722    0.01851794    0.02360688    0.03344944    0.01320372    0.00035885 
ksp              :   0.01481651    0.01483355    0.04574153    0.10000000    0.10000000    0.08596180    0.01027568 
max(|step|)      :   0.00000000    0.04754192    0.10000000    0.04945049    0.04787664    0.04734352    0.04671481    0.00455796 
angle (deg.)     :    27.7303  67.8817  49.8771  35.5707  35.6514  83.2104 
>
iteration       : 92
climbing        : no
zoom on         : no
nim             : 8
barrier         :   0.09567962 (image:  4) 
distance        :   0.00000000   10.26429533   21.13772538   24.46604082   26.00385185   27.44233487   29.04587204   41.89767002 
energy          : -2465.73559986  -2465.73038320  -2465.73045094  -2465.69691799  -2465.63992024  -2465.65591330  -2465.73574077  -2465.77084126 
max(|Fr_perp|)   :   0.00000000    0.00573183    0.01259713    0.01928958    0.00645591    0.00474245    0.00557495    0.00000000 
Fr_paral         :   0.00000000   -0.00165061   -0.00311011   -0.02429656   -0.04521632    0.06745990    0.02964895    0.00000000 
max(|Fsp_paral|) :   0.00000000    0.00200818    0.00296228    0.00023435    0.00497317    0.00401930    0.00360873    0.00000000 
max(|Fsp_perp|)  :   0.00000000    0.00000000    0.00000000    0.00000000    0.00000000    0.00000000    0.00000000    0.00000000 
max(|FNEB|)      :   0.00000000    0.00562765    0.01339251    0.01974352    0.00772111    0.00580158    0.00554989    0.00000000 
max(|Force|)     :   0.00016209    0.00597062    0.01312051    0.01963531    0.02237073    0.03552487    0.01350484    0.00035885 
ksp              :   0.01490793    0.01490793    0.04639907    0.10000000    0.10000000    0.08493918    0.01000000 
max(|step|)      :   0.00000000    0.00672614    0.01600667    0.02359736    0.00922824    0.00693402    0.00663320    0.00000000 
angle (deg.)     :    27.7265  67.9152  49.7904  35.9629  35.5468  83.1006 
>
iteration       : 93
climbing        : no
zoom on         : no
nim             : 8
barrier         :   0.09501228 (image:  4) 
distance        :   0.00000000   10.27480415   21.13476678   24.47118009   26.00097324   27.44256932   29.04642056   41.89642572 
energy          : -2465.73559986  -2465.73039934  -2465.73065118  -2465.69723979  -2465.64058758  -2465.65546009  -2465.73557140  -2465.77084126 
max(|Fr_perp|)   :   0.00000000    0.00297349    0.00696760    0.01067371    0.00326086    0.00378054    0.00267134    0.00000000 
Fr_paral         :   0.00000000   -0.00159655   -0.00336676   -0.02321573   -0.04500895    0.06719114    0.03013386    0.00000000 
max(|Fsp_paral|) :   0.00000000    0.00193869    0.00287924    0.00056322    0.00443595    0.00334312    0.00418541    0.00000000 
max(|Fsp_perp|)  :   0.00000000    0.00000000    0.00000000    0.00000000    0.00000000    0.00000000    0.00000000    0.00000000 
max(|FNEB|)      :   0.00000000    0.00320019    0.00738784    0.01076979    0.00598423    0.00486970    0.00461466    0.00000000 
max(|Force|)     :   0.00016209    0.00302784    0.00715624    0.01205221    0.02200660    0.03539067    0.01367255    0.00035885 
ksp              :   0.01492617    0.01492617    0.04633642    0.10000000    0.10000000    0.08591207    0.01002696 
max(|step|)      :   0.00000000    0.00224500    0.00499278    0.00244885    0.00741434    0.00587409    0.00506719    0.00002189 
angle (deg.)     :    27.7246  67.9448  49.6606  36.4003  35.5037  82.9949 
>
iteration       : 94
climbing        : no
zoom on         : no
nim             : 8
barrier         :   0.09448461 (image:  4) 
distance        :   0.00000000   10.28459372   21.13220202   24.47517421   25.99821206   27.44276605   29.04520200   41.89373409 
energy          : -2465.73559986  -2465.73039688  -2465.73075609  -2465.69736008  -2465.64111524  -2465.65503015  -2465.73532889  -2465.77084126 
max(|Fr_perp|)   :   0.00000000    0.00218099    0.00502989    0.00789295    0.00215510    0.00325300    0.00233245    0.00000000 
Fr_paral         :   0.00000000   -0.00158998   -0.00342903   -0.02339335   -0.04483271    0.06686666    0.03058335    0.00000000 
max(|Fsp_paral|) :   0.00000000    0.00187195    0.00268714    0.00100473    0.00395622    0.00285802    0.00336013    0.00000000 
max(|Fsp_perp|)  :   0.00000000    0.00000000    0.00000000    0.00000000    0.00000000    0.00000000    0.00000000    0.00000000 
max(|FNEB|)      :   0.00000000    0.00233520    0.00543525    0.00806643    0.00454030    0.00416437    0.00373157    0.00000000 
max(|Force|)     :   0.00016209    0.00223408    0.00522732    0.00929573    0.02170819    0.03524369    0.01389618    0.00035885 
ksp              :   0.01495603    0.01495603    0.04642477    0.10000000    0.10000000    0.08674555    0.01025811 
max(|step|)      :   0.00000000    0.02265226    0.04162168    0.02998208    0.05578918    0.05094872    0.04095001    0.00055215 
angle (deg.)     :    27.7421  68.2265  48.8762  39.8830  35.9418  82.0674 
>
iteration       : 95
climbing        : no
zoom on         : no
nim             : 8
barrier         :   0.09027404 (image:  4) 
distance        :   0.00000000   10.38390122   21.11050417   24.50740500   25.98563384   27.46114228   29.06340249   41.89560046 
energy          : -2465.73559986  -2465.73030076  -2465.73138357  -2465.69843824  -2465.64532582  -2465.65099585  -2465.73305920  -2465.77084126 
max(|Fr_perp|)   :   0.00000000    0.00208617    0.00577862    0.00408831    0.00950720    0.00555193    0.00698010    0.00000000 
Fr_paral         :   0.00000000   -0.00151425   -0.00353448   -0.02320706   -0.04196018    0.06328327    0.03334928    0.00000000 
max(|Fsp_paral|) :   0.00000000    0.00117301    0.00149137    0.00411555    0.00013877    0.00186831    0.00436953    0.00000000 
max(|Fsp_perp|)  :   0.00000000    0.00000000    0.00000000    0.00000000    0.00000000    0.00000000    0.00000000    0.00000000 
max(|FNEB|)      :   0.00000000    0.00216487    0.00562460    0.00520407    0.00946682    0.00554448    0.00716158    0.00000000 
max(|Force|)     :   0.00016209    0.00223026    0.00564632    0.00871197    0.01938303    0.03377669    0.01600251    0.00035885 
ksp              :   0.01528302    0.01528302    0.04704881    0.10000000    0.10000000    0.09434718    0.01253295 
max(|step|)      :   0.00000000    0.01482847    0.01969790    0.03031361    0.02458642    0.02201109    0.01588748    0.00038991 
angle (deg.)     :    27.8006  68.3512  48.8229  40.1420  36.3513  81.6535 
>
iteration       : 96
climbing        : no
zoom on         : no
nim             : 8
barrier         :   0.08768203 (image:  4) 
distance        :   0.00000000   10.44978825   21.09956718   24.51370267   25.98766692   27.49028092   29.11305502   41.92922909 
energy          : -2465.73559986  -2465.73019980  -2465.73167009  -2465.69963397  -2465.64791783  -2465.64973389  -2465.73275617  -2465.77084126 
max(|Fr_perp|)   :   0.00000000    0.00426439    0.00918251    0.01278002    0.01152709    0.00804440    0.00924640    0.00000000 
Fr_paral         :   0.00000000   -0.00138328   -0.00326395   -0.02267931   -0.04335355    0.06188710    0.03336952    0.00000000 
max(|Fsp_paral|) :   0.00000000    0.00069786    0.00187390    0.00444447    0.00145868    0.00459168    0.00282123    0.00000000 
max(|Fsp_perp|)  :   0.00000000    0.00000000    0.00000000    0.00000000    0.00000000    0.00000000    0.00000000    0.00000000 
max(|FNEB|)      :   0.00000000    0.00419258    0.00953128    0.01359058    0.01153401    0.00808539    0.00911233    0.00000000 
max(|Force|)     :   0.00016209    0.00429634    0.00939538    0.01421805    0.02060792    0.03278000    0.01607106    0.00035885 
ksp              :   0.01554282    0.01554282    0.04691668    0.10000000    0.10000000    0.09813593    0.01291887 
max(|step|)      :   0.00000000    0.00578079    0.00800618    0.01571997    0.01399611    0.00563696    0.00393373    0.00025893 
angle (deg.)     :    27.8366  68.3791  48.9969  39.3831  36.4213  81.5194 
>
iteration       : 97
climbing        : no
zoom on         : no
nim             : 8
barrier         :   0.08671240 (image:  4) 
distance        :   0.00000000   10.47537792   21.09500409   24.51168004   25.99308323   27.51126758   29.13980112   41.94832746 
energy          : -2465.73559986  -2465.73018953  -2465.73188932  -2465.70049210  -2465.64888746  -2465.64999497  -2465.73299139  -2465.77084126 
max(|Fr_perp|)   :   0.00000000    0.00304286    0.00652773    0.01010103    0.00822279    0.00594605    0.00652018    0.00000000 
Fr_paral         :   0.00000000   -0.00137299   -0.00325841   -0.02215865   -0.04529834    0.06151883    0.03310294    0.00000000 
max(|Fsp_paral|) :   0.00000000    0.00050635    0.00246801    0.00370621    0.00186741    0.00466022    0.00079268    0.00000000 
max(|Fsp_perp|)  :   0.00000000    0.00000000    0.00000000    0.00000000    0.00000000    0.00000000    0.00000000    0.00000000 
max(|FNEB|)      :   0.00000000    0.00299352    0.00676115    0.01078799    0.00823041    0.00597639    0.00648181    0.00000000 
max(|Force|)     :   0.00016209    0.00307294    0.00662490    0.01154715    0.02185424    0.03228279    0.01580043    0.00035885 
ksp              :   0.01561545    0.01561545    0.04643883    0.10000000    0.10000000    0.09885050    0.01270736 
max(|step|)      :   0.00000000    0.03613489    0.05738500    0.09507760    0.06452055    0.02779589    0.01981785    0.00197710 
angle (deg.)     :    28.1229  68.7233  50.5135  36.1238  36.7597  80.5044 
>
iteration       : 98
climbing        : no
zoom on         : no
nim             : 8
barrier         :   0.08394224 (image:  5) 
distance        :   0.00000000   10.63394058   21.05834427   24.52720539   26.06277402   27.68324882   29.30341638   42.06882317 
energy          : -2465.73559986  -2465.72999866  -2465.73284670  -2465.70474589  -2465.65321128  -2465.65165762  -2465.73282946  -2465.77084126 
max(|Fr_perp|)   :   0.00000000    0.00277529    0.00404786    0.00730122    0.00857336    0.00448237    0.00425048    0.00000000 
Fr_paral         :   0.00000000   -0.00124784   -0.00300457   -0.01853075   -0.05238960    0.05910138    0.03299205    0.00000000 
max(|Fsp_paral|) :   0.00000000    0.00075650    0.00536504    0.00058696    0.00547534    0.00001518    0.00153124    0.00000000 
max(|Fsp_perp|)  :   0.00000000    0.00000000    0.00000000    0.00000000    0.00000000    0.00000000    0.00000000    0.00000000 
max(|FNEB|)      :   0.00000000    0.00281708    0.00499080    0.00720843    0.00823268    0.00447880    0.00451123    0.00000000 
max(|Force|)     :   0.00016209    0.00279084    0.00417536    0.00840447    0.02698385    0.02903947    0.01536172    0.00035885 
ksp              :   0.01600541    0.01600541    0.04308057    0.09833422    0.10000000    0.10000000    0.01297032 
max(|step|)      :   0.00000000    0.01232058    0.03651771    0.03838024    0.02708006    0.02395077    0.01726439    0.00082323 
angle (deg.)     :    28.3183  68.8891  51.5899  34.2799  35.6840  80.2295 
>
iteration       : 99
climbing        : no
zoom on         : no
nim             : 8
barrier         :   0.08286797 (image:  5) 
distance        :   0.00000000   10.68574489   21.02167137   24.55659097   26.14370194   27.77396041   29.40483398   42.14826300 
energy          : -2465.73559986  -2465.72983003  -2465.73317072  -2465.70631220  -2465.65304392  -2465.65273189  -2465.73369297  -2465.77084126 
max(|Fr_perp|)   :   0.00000000    0.01013842    0.01449576    0.00471044    0.00964571    0.00517271    0.00379726    0.00000000 
Fr_paral         :   0.00000000   -0.00132326   -0.00270292   -0.01769283   -0.05483975    0.06078722    0.03172385    0.00000000 
max(|Fsp_paral|) :   0.00000000    0.00128398    0.00595558    0.00402931    0.00238510    0.00003021    0.00391659    0.00000000 
max(|Fsp_perp|)  :   0.00000000    0.00000000    0.00000000    0.00000000    0.00000000    0.00000000    0.00000000    0.00000000 
max(|FNEB|)      :   0.00000000    0.01007381    0.01536266    0.00493106    0.00905168    0.00516491    0.00392238    0.00000000 
max(|Force|)     :   0.00016209    0.01012340    0.01432943    0.00624779    0.02810947    0.02976828    0.01482302    0.00035885 
ksp              :   0.01626641    0.01626641    0.04180830    0.09966111    0.10000000    0.10000000    0.01207101 
max(|step|)      :   0.00000000    0.01061654    0.04454695    0.03112191    0.02798246    0.02681850    0.02073534    0.00086860 
angle (deg.)     :    28.5770  69.1440  52.4294  33.5907  34.5159  79.9120 
>
iteration       : 100
climbing        : no
zoom on         : no
nim             : 8
barrier         :   0.08275322 (image:  4) 
distance        :   0.00000000   10.72882627   20.96675136   24.61792928   26.24812859   27.87580638   29.51154800   42.23397652 
energy          : -2465.73559986  -2465.72986949  -2465.73382259  -2465.70741530  -2465.65284664  -2465.65332998  -2465.73416352  -2465.77084126 
max(|Fr_perp|)   :   0.00000000    0.00801085    0.00870268    0.00514782    0.00662000    0.00391790    0.00490135    0.00000000 
Fr_paral         :   0.00000000   -0.00128712   -0.00241247   -0.01694984   -0.05500886    0.06262417    0.03115772    0.00000000 
max(|Fsp_paral|) :   0.00000000    0.00179844    0.00493918    0.00576228    0.00012298    0.00002609    0.00645776    0.00000000 
max(|Fsp_perp|)  :   0.00000000    0.00000000    0.00000000    0.00000000    0.00000000    0.00000000    0.00000000    0.00000000 
max(|FNEB|)      :   0.00000000    0.00793764    0.00955967    0.00691815    0.00661857    0.00391102    0.00555810    0.00000000 
max(|Force|)     :   0.00016209    0.00799902    0.00866831    0.00632424    0.02787873    0.03146407    0.01444589    0.00035885 
ksp              :   0.01623219    0.01623219    0.04065271    0.10000000    0.10000000    0.09947433    0.01156212 
max(|step|)      :   0.00000000    0.00892676    0.10000000    0.03532773    0.03801168    0.03755512    0.03948536    0.00164420 
angle (deg.)     :    29.2066  69.8077  52.8278  35.1652  34.3162  79.1261 
>
iteration       : 101
climbing        : no
zoom on         : no
nim             : 8
barrier         :   0.08341787 (image:  4) 
distance        :   0.00000000   10.75925474   20.83851034   24.80190827   26.45302376   28.08001050   29.67587299   42.37171245 
energy          : -2465.73559986  -2465.72974149  -2465.73402687  -2465.70770108  -2465.65218199  -2465.65407542  -2465.73308070  -2465.77084126 
max(|Fr_perp|)   :   0.00000000    0.01141945    0.02971589    0.02165906    0.00827243    0.00492748    0.00287922    0.00000000 
Fr_paral         :   0.00000000   -0.00131877   -0.00182015   -0.01821195   -0.05222043    0.06209221    0.03346183    0.00000000 
max(|Fsp_paral|) :   0.00000000    0.00250007    0.00148652    0.00241587    0.00117236    0.00310080    0.00209789    0.00000000 
max(|Fsp_perp|)  :   0.00000000    0.00000000    0.00000000    0.00000000    0.00000000    0.00000000    0.00000000    0.00000000 
max(|FNEB|)      :   0.00000000    0.01153541    0.02987073    0.02250724    0.00855083    0.00612033    0.00322104    0.00000000 
max(|Force|)     :   0.00016209    0.01162483    0.03012374    0.02153231    0.02575365    0.03158357    0.01423715    0.00035885 
ksp              :   0.01633057    0.01633057    0.04011381    0.10000000    0.10000000    0.09794665    0.01272180 
max(|step|)      :   0.00000000    0.01102381    0.02854595    0.02150904    0.00817160    0.00584889    0.00307819    0.00000000 
angle (deg.)     :    29.2267  69.8139  52.6752  35.1826  34.2524  79.1691 
>
iteration       : 102
climbing        : no
zoom on         : no
nim             : 8
barrier         :   0.08311262 (image:  4) 
distance        :   0.00000000   10.74946077   20.83691922   24.80890070   26.45355681   28.07695813   29.68320041   42.37823426 
energy          : -2465.73559986  -2465.72999835  -2465.73483434  -2465.70803670  -2465.65248724  -2465.65381385  -2465.73330150  -2465.77084126 
max(|Fr_perp|)   :   0.00000000    0.00251228    0.00627812    0.00527807    0.00401503    0.00433943    0.00211740    0.00000000 
Fr_paral         :   0.00000000   -0.00119873   -0.00183498   -0.01757720   -0.05220596    0.06235575    0.03301965    0.00000000 
max(|Fsp_paral|) :   0.00000000    0.00239736    0.00099047    0.00243818    0.00103658    0.00196281    0.00009303    0.00000000 
max(|Fsp_perp|)  :   0.00000000    0.00000000    0.00000000    0.00000000    0.00000000    0.00000000    0.00000000    0.00000000 
max(|FNEB|)      :   0.00000000    0.00261560    0.00652487    0.00533741    0.00428311    0.00506428    0.00210144    0.00000000 
max(|Force|)     :   0.00016209    0.00252392    0.00639761    0.00658350    0.02618749    0.03120800    0.01449192    0.00035885 
ksp              :   0.01606569    0.01606569    0.03984727    0.10000000    0.10000000    0.09856346    0.01248882 
max(|step|)      :   0.00000000    0.00197446    0.00253034    0.00327538    0.00387158    0.00445397    0.00180885    0.00000481 
angle (deg.)     :    29.2378  69.8168  52.5454  35.2504  34.3299  79.1874 
>
iteration       : 103
climbing        : no
zoom on         : no
nim             : 8
barrier         :   0.08293885 (image:  4) 
distance        :   0.00000000   10.74081754   20.83606578   24.81412779   26.45241730   28.07410055   29.68474464   42.37971900 
energy          : -2465.73559986  -2465.73001862  -2465.73488229  -2465.70797903  -2465.65266101  -2465.65364038  -2465.73335246  -2465.77084126 
max(|Fr_perp|)   :   0.00000000    0.00149607    0.00361749    0.00275891    0.00350554    0.00385067    0.00190870    0.00000000 
Fr_paral         :   0.00000000   -0.00119639   -0.00185293   -0.01777909   -0.05247066    0.06226247    0.03290138    0.00000000 
max(|Fsp_paral|) :   0.00000000    0.00233641    0.00080521    0.00188951    0.00081120    0.00137582    0.00058785    0.00000000 
max(|Fsp_perp|)  :   0.00000000    0.00000000    0.00000000    0.00000000    0.00000000    0.00000000    0.00000000    0.00000000 
max(|FNEB|)      :   0.00000000    0.00222154    0.00381804    0.00315087    0.00372015    0.00434820    0.00211098    0.00000000 
max(|Force|)     :   0.00016209    0.00150331    0.00373811    0.00656942    0.02635480    0.03091651    0.01461815    0.00035885 
ksp              :   0.01605641    0.01605641    0.03997238    0.10000000    0.10000000    0.09893725    0.01243873 
max(|step|)      :   0.00000000    0.01867427    0.01378098    0.02595668    0.03158219    0.03608549    0.01746095    0.00055347 
angle (deg.)     :    29.3395  69.8286  51.6049  36.1536  35.6009  79.2725 
>
iteration       : 104
climbing        : no
zoom on         : no
nim             : 8
barrier         :   0.08315195 (image:  5) 
distance        :   0.00000000   10.65961503   20.83219973   24.85598845   26.45092124   28.06599701   29.69301601   42.39048991 
energy          : -2465.73559986  -2465.73014386  -2465.73506244  -2465.70740084  -2465.65367922  -2465.65244791  -2465.73318981  -2465.77084126 
max(|Fr_perp|)   :   0.00000000    0.00276825    0.00418452    0.00181462    0.00406061    0.00220776    0.00162271    0.00000000 
Fr_paral         :   0.00000000   -0.00118092   -0.00201682   -0.01860116   -0.05368070    0.06036264    0.03291366    0.00000000 
max(|Fsp_paral|) :   0.00000000    0.00174517    0.00032769    0.00215263    0.00204399    0.00058769    0.00108940    0.00000000 
max(|Fsp_perp|)  :   0.00000000    0.00000000    0.00000000    0.00000000    0.00000000    0.00000000    0.00000000    0.00000000 
max(|FNEB|)      :   0.00000000    0.00293638    0.00426657    0.00219345    0.00343945    0.00214238    0.00248411    0.00000000 
max(|Force|)     :   0.00016209    0.00276200    0.00405802    0.00655384    0.02739374    0.02873843    0.01534801    0.00035885 
ksp              :   0.01590534    0.01590534    0.04052137    0.09866728    0.10000000    0.10000000    0.01260853 
max(|step|)      :   0.00000000    0.01398014    0.00555922    0.01012625    0.01215285    0.01454849    0.01244440    0.00028574 
angle (deg.)     :    29.4174  69.7666  51.6013  36.7712  35.9119  79.3187 
>
iteration       : 105
climbing        : no
zoom on         : no
nim             : 8
barrier         :   0.08349178 (image:  5) 
distance        :   0.00000000   10.59897638   20.83803833   24.86450644   26.47881010   28.07941078   29.70449803   42.40412462 
energy          : -2465.73559986  -2465.73019852  -2465.73513712  -2465.70742086  -2465.65327930  -2465.65210808  -2465.73297780  -2465.77084126 
max(|Fr_perp|)   :   0.00000000    0.00511790    0.00369619    0.01099247    0.00481514    0.00230548    0.00219641    0.00000000 
Fr_paral         :   0.00000000   -0.00113388   -0.00209990   -0.01853879   -0.05282992    0.06026550    0.03321305    0.00000000 
max(|Fsp_paral|) :   0.00000000    0.00128266    0.00014704    0.00117851    0.00033082    0.00120930    0.00016170    0.00000000 
max(|Fsp_perp|)  :   0.00000000    0.00000000    0.00000000    0.00000000    0.00000000    0.00000000    0.00000000    0.00000000 
max(|FNEB|)      :   0.00000000    0.00514573    0.00373221    0.01092670    0.00478341    0.00219647    0.00220662    0.00000000 
max(|Force|)     :   0.00016209    0.00512344    0.00356223    0.01180994    0.02721637    0.02929322    0.01525513    0.00035885 
ksp              :   0.01582238    0.01582238    0.04037556    0.09873748    0.10000000    0.10000000    0.01282644 
max(|step|)      :   0.00000000    0.01627494    0.00677950    0.00774059    0.01330023    0.01480097    0.01346642    0.00062647 
angle (deg.)     :    29.5114  69.6974  51.6198  37.3789  36.2667  79.4055 
>
iteration       : 106
climbing        : no
zoom on         : no
nim             : 8
barrier         :   0.08374253 (image:  5) 
distance        :   0.00000000   10.52875575   20.84535145   24.87494608   26.50954890   28.09844427   29.72390053   42.42522211 
energy          : -2465.73559986  -2465.73034901  -2465.73521966  -2465.70763437  -2465.65298483  -2465.65185733  -2465.73287262  -2465.77084126 
max(|Fr_perp|)   :   0.00000000    0.00246356    0.00301788    0.00531919    0.00276904    0.00217090    0.00175983    0.00000000 
Fr_paral         :   0.00000000   -0.00110429   -0.00217692   -0.01827309   -0.05217043    0.06012620    0.03343040    0.00000000 
max(|Fsp_paral|) :   0.00000000    0.00074733    0.00000554    0.00002656    0.00128919    0.00181465    0.00072587    0.00000000 
max(|Fsp_perp|)  :   0.00000000    0.00000000    0.00000000    0.00000000    0.00000000    0.00000000    0.00000000    0.00000000 
max(|FNEB|)      :   0.00000000    0.00247880    0.00301925    0.00531476    0.00315272    0.00240392    0.00193519    0.00000000 
max(|Force|)     :   0.00016209    0.00246863    0.00287799    0.00669252    0.02657592    0.02993032    0.01516736    0.00035885 
ksp              :   0.01564320    0.01564320    0.04005514    0.09878825    0.10000000    0.10000000    0.01293102 
max(|step|)      :   0.00000000    0.02488403    0.01156514    0.01000429    0.02781928    0.01473493    0.01896613    0.00101589 
angle (deg.)     :    29.6841  69.6104  51.5173  38.5562  36.5294  79.6078 
>
iteration       : 107
climbing        : no
zoom on         : no
nim             : 8
barrier         :   0.08327313 (image:  5) 
distance        :   0.00000000   10.42232102   20.85956973   24.89798502   26.54418678   28.14302377   29.76455799   42.46676573 
energy          : -2465.73559986  -2465.73052210  -2465.73533229  -2465.70777125  -2465.65319731  -2465.65232673  -2465.73299228  -2465.77084126 
max(|Fr_perp|)   :   0.00000000    0.00119466    0.00533976    0.00313268    0.00404558    0.00269850    0.00217586    0.00000000 
Fr_paral         :   0.00000000   -0.00109039   -0.00225802   -0.01838842   -0.04965790    0.06006167    0.03351741    0.00000000 
max(|Fsp_paral|) :   0.00000000    0.00005204    0.00005008    0.00043908    0.00160133    0.00113780    0.00029061    0.00000000 
max(|Fsp_perp|)  :   0.00000000    0.00000000    0.00000000    0.00000000    0.00000000    0.00000000    0.00000000    0.00000000 
max(|FNEB|)      :   0.00000000    0.00119365    0.00532746    0.00305960    0.00380640    0.00314614    0.00215882    0.00000000 
max(|Force|)     :   0.00016209    0.00119940    0.00548256    0.00668447    0.02488945    0.03075306    0.01499748    0.00035885 
ksp              :   0.01548795    0.01548795    0.04007662    0.09905909    0.10000000    0.10000000    0.01281822 
max(|step|)      :   0.00000000    0.01095507    0.00723430    0.01121565    0.01293211    0.00960614    0.00969744    0.00055705 
angle (deg.)     :    29.7845  69.5794  51.4334  38.6643  36.1729  79.7340 
>
iteration       : 108
climbing        : no
zoom on         : no
nim             : 8
barrier         :   0.08253774 (image:  5) 
distance        :   0.00000000   10.37593459   20.87017516   24.91175803   26.55128536   28.16930090   29.78040658   42.48251957 
energy          : -2465.73559986  -2465.73059103  -2465.73543182  -2465.70780016  -2465.65364111  -2465.65306211  -2465.73309661  -2465.77084126 
max(|Fr_perp|)   :   0.00000000    0.00360244    0.00266274    0.00821587    0.00338855    0.00172221    0.00182908    0.00000000 
Fr_paral         :   0.00000000   -0.00106661   -0.00223889   -0.01809909   -0.04917468    0.06082754    0.03326270    0.00000000 
max(|Fsp_paral|) :   0.00000000    0.00041171    0.00017190    0.00000395    0.00056369    0.00034848    0.00025652    0.00000000 
max(|Fsp_perp|)  :   0.00000000    0.00000000    0.00000000    0.00000000    0.00000000    0.00000000    0.00000000    0.00000000 
max(|FNEB|)      :   0.00000000    0.00358822    0.00262383    0.00821646    0.00320830    0.00175941    0.00184327    0.00000000 
max(|Force|)     :   0.00016209    0.00361073    0.00279276    0.00918164    0.02393347    0.03127370    0.01473105    0.00035885 
ksp              :   0.01546168    0.01546168    0.04031308    0.09936866    0.10000000    0.10000000    0.01272956 
max(|step|)      :   0.00000000    0.00288165    0.00246706    0.00429860    0.00463518    0.00547049    0.00371595    0.00007634 
angle (deg.)     :    29.7795  69.5910  51.4042  38.2920  35.8925  79.7433 
>
iteration       : 109
climbing        : no
zoom on         : no
nim             : 8
barrier         :   0.08230867 (image:  5) 
distance        :   0.00000000   10.38850012   20.87194644   24.91074742   26.54271930   28.16734655   29.77583593   42.47702313 
energy          : -2465.73559986  -2465.73058629  -2465.73544597  -2465.70787005  -2465.65386180  -2465.65329119  -2465.73318015  -2465.77084126 
max(|Fr_perp|)   :   0.00000000    0.00150360    0.00111062    0.00296800    0.00289222    0.00124180    0.00127661    0.00000000 
Fr_paral         :   0.00000000   -0.00108081   -0.00222131   -0.01841246   -0.04962009    0.06115279    0.03319002    0.00000000 
max(|Fsp_paral|) :   0.00000000    0.00033087    0.00013934    0.00023930    0.00014322    0.00081324    0.00010228    0.00000000 
max(|Fsp_perp|)  :   0.00000000    0.00000000    0.00000000    0.00000000    0.00000000    0.00000000    0.00000000    0.00000000 
max(|FNEB|)      :   0.00000000    0.00149204    0.00109966    0.00300618    0.00293824    0.00132685    0.00126862    0.00000000 
max(|Force|)     :   0.00016209    0.00151211    0.00115545    0.00674316    0.02418904    0.03131935    0.01463091    0.00035885 
ksp              :   0.01548206    0.01548206    0.04032102    0.09937607    0.10000000    0.10000000    0.01264582 
max(|step|)      :   0.00000000    0.00224608    0.00455627    0.00674752    0.00945136    0.00752056    0.00611604    0.00015133 
angle (deg.)     :    29.8079  69.6110  51.3614  37.5591  35.4378  79.8055 
>
iteration       : 110
climbing        : no
zoom on         : no
nim             : 8
barrier         :   0.08209161 (image:  5) 
distance        :   0.00000000   10.39716690   20.87899998   24.91486830   26.53377594   28.16668796   29.77184412   42.47152774 
energy          : -2465.73559986  -2465.73058853  -2465.73546604  -2465.70792369  -2465.65421369  -2465.65350825  -2465.73326799  -2465.77084126 
max(|Fr_perp|)   :   0.00000000    0.00094144    0.00054023    0.00158611    0.00121694    0.00082488    0.00086443    0.00000000 
Fr_paral         :   0.00000000   -0.00108319   -0.00217970   -0.01866119   -0.05070707    0.06169747    0.03310976    0.00000000 
max(|Fsp_paral|) :   0.00000000    0.00029528    0.00010504    0.00077343    0.00133765    0.00139710    0.00046511    0.00000000 
max(|Fsp_perp|)  :   0.00000000    0.00000000    0.00000000    0.00000000    0.00000000    0.00000000    0.00000000    0.00000000 
max(|FNEB|)      :   0.00000000    0.00092011    0.00057805    0.00172989    0.00199959    0.00143820    0.00082627    0.00000000 
max(|Force|)     :   0.00016209    0.00095904    0.00081722    0.00678598    0.02490960    0.03143533    0.01444091    0.00035885 
ksp              :   0.01549410    0.01549410    0.04034238    0.09922660    0.10000000    0.10000000    0.01255651 
max(|step|)      :   0.00000000    0.00280219    0.00519799    0.00464893    0.00831813    0.00702818    0.00694247    0.00038269 
angle (deg.)     :    29.8753  69.6259  51.4219  36.8553  35.1128  79.9092 
>
iteration       : 111
climbing        : no
zoom on         : no
nim             : 8
barrier         :   0.08222101 (image:  5) 
distance        :   0.00000000   10.39180576   20.89044595   24.92334432   26.53892570   28.16914479   29.77498067   42.47328894 
energy          : -2465.73559986  -2465.73061106  -2465.73550090  -2465.70804793  -2465.65425026  -2465.65337885  -2465.73328234  -2465.77084126 
max(|Fr_perp|)   :   0.00000000    0.00146914    0.00150855    0.00384960    0.00067138    0.00142964    0.00056669    0.00000000 
Fr_paral         :   0.00000000   -0.00107946   -0.00215088   -0.01870671   -0.05195463    0.06204638    0.03308994    0.00000000 
max(|Fsp_paral|) :   0.00000000    0.00037175    0.00009228    0.00068408    0.00151532    0.00122674    0.00061694    0.00000000 
max(|Fsp_perp|)  :   0.00000000    0.00000000    0.00000000    0.00000000    0.00000000    0.00000000    0.00000000    0.00000000 
max(|FNEB|)      :   0.00000000    0.00144255    0.00153145    0.00397666    0.00204765    0.00183022    0.00097244    0.00000000 
max(|Force|)     :   0.00016209    0.00148652    0.00164477    0.00680696    0.02566828    0.03156630    0.01435609    0.00035885 
ksp              :   0.01546079    0.01546079    0.04015864    0.09904614    0.10000000    0.10000000    0.01253678 
max(|step|)      :   0.00000000    0.00879209    0.01351938    0.01054140    0.01604252    0.01392545    0.01657708    0.00112020 
angle (deg.)     :    30.0733  69.6858  51.7330  35.6654  34.7914  80.1511 
>
iteration       : 112
climbing        : no
zoom on         : no
nim             : 8
barrier         :   0.08286701 (image:  5) 
distance        :   0.00000000   10.37777223   20.91952337   24.95144374   26.57118004   28.18363317   29.79706238   42.49175594 
energy          : -2465.73559986  -2465.73066960  -2465.73558983  -2465.70842753  -2465.65387790  -2465.65273285  -2465.73318303  -2465.77084126 
max(|Fr_perp|)   :   0.00000000    0.00265457    0.00332873    0.00171823    0.00677111    0.00217385    0.00275886    0.00000000 
Fr_paral         :   0.00000000   -0.00106163   -0.00211584   -0.01850536   -0.05358587    0.06199026    0.03314382    0.00000000 
max(|Fsp_paral|) :   0.00000000    0.00056645    0.00064472    0.00023459    0.00064850    0.00004906    0.00048219    0.00000000 
max(|Fsp_perp|)  :   0.00000000    0.00000000    0.00000000    0.00000000    0.00000000    0.00000000    0.00000000    0.00000000 
max(|FNEB|)      :   0.00000000    0.00267287    0.00347739    0.00173095    0.00671518    0.00215709    0.00278625    0.00000000 
max(|Force|)     :   0.00016209    0.00264686    0.00345167    0.00679997    0.02714236    0.03133682    0.01441040    0.00035885 
ksp              :   0.01535464    0.01535464    0.03951125    0.09875638    0.10000000    0.10000000    0.01262486 
max(|step|)      :   0.00000000    0.00914316    0.01305879    0.00998802    0.01084976    0.01119172    0.01420588    0.00123869 
angle (deg.)     :    30.2905  69.7577  51.9838  35.2403  34.9935  80.3546 
>
iteration       : 113
climbing        : no
zoom on         : no
nim             : 8
barrier         :   0.08337074 (image:  5) 
distance        :   0.00000000   10.35363062   20.94510288   24.98766341   26.61291958   28.20977104   29.83110470   42.52269474 
energy          : -2465.73559986  -2465.73075433  -2465.73572685  -2465.70868663  -2465.65360480  -2465.65222911  -2465.73303930  -2465.77084126 
max(|Fr_perp|)   :   0.00000000    0.00084466    0.00166608    0.00355594    0.00408269    0.00212719    0.00122815    0.00000000 
Fr_paral         :   0.00000000   -0.00104209   -0.00210759   -0.01856593   -0.05465882    0.06126538    0.03326697    0.00000000 
max(|Fsp_paral|) :   0.00000000    0.00081463    0.00085612    0.00081196    0.00021563    0.00123197    0.00006139    0.00000000 
max(|Fsp_perp|)  :   0.00000000    0.00000000    0.00000000    0.00000000    0.00000000    0.00000000    0.00000000    0.00000000 
max(|FNEB|)      :   0.00000000    0.00089994    0.00188072    0.00356019    0.00423017    0.00215416    0.00124102    0.00000000 
max(|Force|)     :   0.00016209    0.00084798    0.00179752    0.00679140    0.02756106    0.03080530    0.01453567    0.00035885 
ksp              :   0.01523082    0.01523082    0.03905325    0.09851493    0.10000000    0.10000000    0.01276416 
max(|step|)      :   0.00000000    0.00899667    0.01530367    0.01142415    0.01217170    0.01657910    0.01655776    0.00140892 
angle (deg.)     :    30.5522  69.8821  52.2907  35.4269  35.5551  80.5150 
>
iteration       : 114
climbing        : no
zoom on         : no
nim             : 8
barrier         :   0.08367619 (image:  5) 
distance        :   0.00000000   10.33749409   20.97131735   25.03799375   26.67004969   28.25314823   29.88327017   42.57033080 
energy          : -2465.73559986  -2465.73082719  -2465.73588099  -2465.70890258  -2465.65334001  -2465.65192367  -2465.73285839  -2465.77084126 
max(|Fr_perp|)   :   0.00000000    0.00114352    0.00293506    0.00075383    0.00327654    0.00201478    0.00139693    0.00000000 
Fr_paral         :   0.00000000   -0.00103620   -0.00211268   -0.01852460   -0.05445249    0.05990601    0.03335387    0.00000000 
max(|Fsp_paral|) :   0.00000000    0.00100791    0.00085372    0.00120009    0.00121844    0.00236845    0.00057279    0.00000000 
max(|Fsp_perp|)  :   0.00000000    0.00000000    0.00000000    0.00000000    0.00000000    0.00000000    0.00000000    0.00000000 
max(|FNEB|)      :   0.00000000    0.00107260    0.00315154    0.00144634    0.00410999    0.00365546    0.00142799    0.00000000 
max(|Force|)     :   0.00016209    0.00120719    0.00306631    0.00676911    0.02747648    0.02979562    0.01481156    0.00035885 
ksp              :   0.01513336    0.01513336    0.03871492    0.09847662    0.10000000    0.10000000    0.01294866 
max(|step|)      :   0.00000000    0.01817381    0.03139652    0.02497351    0.02442828    0.03324703    0.02952341    0.00286050 
angle (deg.)     :    31.0978  70.2304  52.9215  36.0475  36.7237  80.7105 
>
iteration       : 115
climbing        : no
zoom on         : no
nim             : 8
barrier         :   0.08348134 (image:  5) 
distance        :   0.00000000   10.34558223   21.02350984   25.15309100   26.78951758   28.36503561   30.00624095   42.68074656 
energy          : -2465.73559986  -2465.73088486  -2465.73619421  -2465.70914463  -2465.65299361  -2465.65211851  -2465.73265274  -2465.77084126 
max(|Fr_perp|)   :   0.00000000    0.00629497    0.00137088    0.00310824    0.00762434    0.00322695    0.00154678    0.00000000 
Fr_paral         :   0.00000000   -0.00097583   -0.00211494   -0.01855289   -0.05339909    0.05710182    0.03325945    0.00000000 
max(|Fsp_paral|) :   0.00000000    0.00112549    0.00047792    0.00113232    0.00229211    0.00330312    0.00128865    0.00000000 
max(|Fsp_perp|)  :   0.00000000    0.00000000    0.00000000    0.00000000    0.00000000    0.00000000    0.00000000    0.00000000 
max(|FNEB|)      :   0.00000000    0.00626797    0.00149264    0.00293786    0.00748385    0.00520571    0.00165807    0.00000000 
max(|Force|)     :   0.00016209    0.00630022    0.00150085    0.00681262    0.02683117    0.02779025    0.01517652    0.00035885 
ksp              :   0.01508317    0.01508317    0.03852099    0.09905657    0.10000000    0.10000000    0.01317725 
max(|step|)      :   0.00000000    0.02335090    0.04028206    0.03076950    0.03105508    0.03620247    0.03400305    0.00381865 
angle (deg.)     :    31.8101  70.7580  53.7015  36.7687  37.7495  80.8646 
>
iteration       : 116
climbing        : no
zoom on         : no
nim             : 8
barrier         :   0.08265781 (image:  4) 
distance        :   0.00000000   10.38566696   21.09528396   25.31125539   26.94401871   28.53545836   30.17836090   42.83438966 
energy          : -2465.73559986  -2465.73095716  -2465.73651246  -2465.70932678  -2465.65294205  -2465.65320406  -2465.73252905  -2465.77084126 
max(|Fr_perp|)   :   0.00000000    0.00730259    0.00450484    0.01039226    0.00510467    0.00528741    0.00481140    0.00000000 
Fr_paral         :   0.00000000   -0.00101661   -0.00207127   -0.01847655   -0.05129957    0.05469822    0.03291219    0.00000000 
max(|Fsp_paral|) :   0.00000000    0.00109362    0.00036410    0.00019757    0.00206230    0.00233471    0.00219217    0.00000000 
max(|Fsp_perp|)  :   0.00000000    0.00000000    0.00000000    0.00000000    0.00000000    0.00000000    0.00000000    0.00000000 
max(|FNEB|)      :   0.00000000    0.00730214    0.00447606    0.01036418    0.00429489    0.00466953    0.00493860    0.00000000 
max(|Force|)     :   0.00016209    0.00730269    0.00454377    0.01140732    0.02640393    0.02606063    0.01510694    0.00035885 
ksp              :   0.01505509    0.01505509    0.03860682    0.10000000    0.10000000    0.09971472    0.01334358 
max(|step|)      :   0.00000000    0.01459237    0.01846676    0.01374886    0.01776931    0.01981631    0.01524782    0.00180623 
angle (deg.)     :    32.1494  71.0735  54.0558  36.5800  37.6431  80.8423 
>
iteration       : 117
climbing        : no
zoom on         : no
nim             : 8
barrier         :   0.08236904 (image:  4) 
distance        :   0.00000000   10.44191756   21.13447556   25.38965178   27.01269832   28.62792484   30.26542809   42.90869157 
energy          : -2465.73559986  -2465.73101613  -2465.73670159  -2465.70957655  -2465.65323082  -2465.65438490  -2465.73277287  -2465.77084126 
max(|Fr_perp|)   :   0.00000000    0.00261248    0.00274145    0.00538567    0.00522369    0.00442597    0.00207004    0.00000000 
Fr_paral         :   0.00000000   -0.00097801   -0.00204870   -0.01885763   -0.05134911    0.05498528    0.03245227    0.00000000 
max(|Fsp_paral|) :   0.00000000    0.00084314    0.00072504    0.00049013    0.00038691    0.00008055    0.00161415    0.00000000 
max(|Fsp_perp|)  :   0.00000000    0.00000000    0.00000000    0.00000000    0.00000000    0.00000000    0.00000000    0.00000000 
max(|FNEB|)      :   0.00000000    0.00260987    0.00268286    0.00545536    0.00506517    0.00437195    0.00255130    0.00000000 
max(|Force|)     :   0.00016209    0.00261316    0.00278060    0.00691917    0.02660221    0.02626265    0.01471912    0.00035885 
ksp              :   0.01500838    0.01500838    0.03843420    0.10000000    0.10000000    0.09873900    0.01308889 
max(|step|)      :   0.00000000    0.02577193    0.02422599    0.02194892    0.02928999    0.02999198    0.02389816    0.00262784 
angle (deg.)     :    32.6182  71.5648  54.5026  35.4076  36.5797  80.6930 
>
iteration       : 118
climbing        : no
zoom on         : no
nim             : 8
barrier         :   0.08187169 (image:  4) 
distance        :   0.00000000   10.54608336   21.19920307   25.49859832   27.10989213   28.75501016   30.38652373   43.00759770 
energy          : -2465.73559986  -2465.73097536  -2465.73691100  -2465.70998083  -2465.65372817  -2465.65594755  -2465.73336117  -2465.77084126 
max(|Fr_perp|)   :   0.00000000    0.00487881    0.00319995    0.00142282    0.00246935    0.00336513    0.00222333    0.00000000 
Fr_paral         :   0.00000000   -0.00095911   -0.00203579   -0.01917107   -0.05363226    0.05774105    0.03155399    0.00000000 
max(|Fsp_paral|) :   0.00000000    0.00036169    0.00079544    0.00119963    0.00165455    0.00261144    0.00078409    0.00000000 
max(|Fsp_perp|)  :   0.00000000    0.00000000    0.00000000    0.00000000    0.00000000    0.00000000    0.00000000    0.00000000 
max(|FNEB|)      :   0.00000000    0.00488317    0.00326761    0.00151178    0.00365336    0.00443734    0.00239166    0.00000000 
max(|Force|)     :   0.00016209    0.00487621    0.00315929    0.00682836    0.02816536    0.02890344    0.01364963    0.00035885 
ksp              :   0.01508363    0.01508363    0.03816251    0.10000000    0.10000000    0.09756028    0.01246095 
max(|step|)      :   0.00000000    0.01370717    0.02027635    0.01472961    0.01512075    0.01587441    0.01621494    0.00219872 
angle (deg.)     :    33.0113  71.9105  54.8033  35.1550  36.1374  80.6225 
>
iteration       : 119
climbing        : no
zoom on         : no
nim             : 8
barrier         :   0.08193202 (image:  4) 
distance        :   0.00000000   10.58049705   21.25453687   25.58775304   27.20617200   28.84993017   30.48279183   43.09054961 
energy          : -2465.73559986  -2465.73101331  -2465.73707089  -2465.71024204  -2465.65366784  -2465.65612364  -2465.73346890  -2465.77084126 
max(|Fr_perp|)   :   0.00000000    0.00629661    0.00253981    0.00761307    0.00509227    0.00276075    0.00216124    0.00000000 
Fr_paral         :   0.00000000   -0.00093892   -0.00205331   -0.01922003   -0.05437327    0.05879036    0.03136413    0.00000000 
max(|Fsp_paral|) :   0.00000000    0.00031500    0.00081925    0.00089295    0.00124219    0.00269276    0.00135548    0.00000000 
max(|Fsp_perp|)  :   0.00000000    0.00000000    0.00000000    0.00000000    0.00000000    0.00000000    0.00000000    0.00000000 
max(|FNEB|)      :   0.00000000    0.00629347    0.00238572    0.00747384    0.00525984    0.00463559    0.00248569    0.00000000 
max(|Force|)     :   0.00016209    0.00629871    0.00265584    0.00829088    0.02903054    0.02981429    0.01303547    0.00035885 
ksp              :   0.01503820    0.01503820    0.03785485    0.10000000    0.10000000    0.09730237    0.01234080 
max(|step|)      :   0.00000000    0.01461953    0.02797881    0.02003312    0.01966056    0.02225242    0.02219210    0.00309524 
angle (deg.)     :    33.5536  72.3703  55.2068  35.1789  35.9930  80.5632 
>
iteration       : 120
climbing        : no
zoom on         : no
nim             : 8
barrier         :   0.08213348 (image:  4) 
distance        :   0.00000000   10.60962887   21.33099598   25.71270951   27.34562414   28.97898575   30.61725766   43.20961901 
energy          : -2465.73559986  -2465.73109625  -2465.73726630  -2465.71064177  -2465.65346638  -2465.65594365  -2465.73341345  -2465.77084126 
max(|Fr_perp|)   :   0.00000000    0.00453552    0.00135211    0.00688451    0.00376449    0.00273138    0.00194568    0.00000000 
Fr_paral         :   0.00000000   -0.00091926   -0.00207978   -0.01912053   -0.05502431    0.05905438    0.03130547    0.00000000 
max(|Fsp_paral|) :   0.00000000    0.00037346    0.00081413    0.00014534    0.00002207    0.00195351    0.00135784    0.00000000 
max(|Fsp_perp|)  :   0.00000000    0.00000000    0.00000000    0.00000000    0.00000000    0.00000000    0.00000000    0.00000000 
max(|FNEB|)      :   0.00000000    0.00453301    0.00154230    0.00686255    0.00375663    0.00428181    0.00218847    0.00000000 
max(|Force|)     :   0.00016209    0.00453691    0.00129144    0.00768206    0.02946797    0.03005690    0.01296607    0.00035885 
ksp              :   0.01493495    0.01493495    0.03734850    0.10000000    0.10000000    0.09728546    0.01239582 
max(|step|)      :   0.00000000    0.04219552    0.07941796    0.05532795    0.05437151    0.06460969    0.06584630    0.00903517 
angle (deg.)     :    35.1256  73.8612  56.1757  36.7620  36.2862  80.1904 
>
iteration       : 121
climbing        : no
zoom on         : no
nim             : 8
barrier         :   0.08191253 (image:  4) 
distance        :   0.00000000   10.73682544   21.57838615   26.10389221   27.76946310   29.38453922   31.03988520   43.58567269 
energy          : -2465.73559986  -2465.73118643  -2465.73767676  -2465.71155910  -2465.65368733  -2465.65490945  -2465.73294288  -2465.77084126 
max(|Fr_perp|)   :   0.00000000    0.00704479    0.00410950    0.00486754    0.00495758    0.00384532    0.00343743    0.00000000 
Fr_paral         :   0.00000000   -0.00087308   -0.00216834   -0.01879793   -0.05422810    0.05770525    0.03133425    0.00000000 
max(|Fsp_paral|) :   0.00000000    0.00034748    0.00085432    0.00068570    0.00256986    0.00091905    0.00051327    0.00000000 
max(|Fsp_perp|)  :   0.00000000    0.00000000    0.00000000    0.00000000    0.00000000    0.00000000    0.00000000    0.00000000 
max(|FNEB|)      :   0.00000000    0.00704527    0.00418071    0.00489981    0.00514381    0.00386333    0.00341262    0.00000000 
max(|Force|)     :   0.00016209    0.00704451    0.00416752    0.00763872    0.02890495    0.02883173    0.01283834    0.00035885 
ksp              :   0.01484918    0.01484918    0.03641438    0.10000000    0.10000000    0.09865722    0.01291931 
max(|step|)      :   0.00000000    0.03296946    0.05601518    0.03969237    0.03783330    0.04692974    0.04944964    0.00644702 
angle (deg.)     :    36.2609  75.0128  56.7854  38.2142  36.7371  79.8314 
>
iteration       : 122
climbing        : no
zoom on         : no
nim             : 8
barrier         :   0.08126411 (image:  5) 
distance        :   0.00000000   10.85363667   21.77709667   26.40566377   28.08515452   29.70501809   31.36708407   43.87895603 
energy          : -2465.73559986  -2465.73130161  -2465.73789462  -2465.71215019  -2465.65446419  -2465.65433575  -2465.73254079  -2465.77084126 
max(|Fr_perp|)   :   0.00000000    0.00581999    0.00721279    0.00478035    0.00576087    0.00326940    0.00198954    0.00000000 
Fr_paral         :   0.00000000   -0.00083763   -0.00214420   -0.01832478   -0.05330139    0.05651731    0.03156667    0.00000000 
max(|Fsp_paral|) :   0.00000000    0.00023005    0.00115954    0.00045693    0.00298121    0.00219704    0.00054893    0.00000000 
max(|Fsp_perp|)  :   0.00000000    0.00000000    0.00000000    0.00000000    0.00000000    0.00000000    0.00000000    0.00000000 
max(|FNEB|)      :   0.00000000    0.00581826    0.00712190    0.00476272    0.00549686    0.00342009    0.00202245    0.00000000 
max(|Force|)     :   0.00016209    0.00582139    0.00724985    0.00794035    0.02753089    0.02749058    0.01322910    0.00035885 
ksp              :   0.01476031    0.01476031    0.03597051    0.09985775    0.10000000    0.10000000    0.01338792 
max(|step|)      :   0.00000000    0.00324939    0.00510533    0.00272464    0.00451042    0.00370961    0.00239719    0.00003867 
angle (deg.)     :    36.2529  75.0294  56.6971  38.1961  36.7816  79.8325 
>
iteration       : 123
climbing        : no
zoom on         : no
nim             : 8
barrier         :   0.08091505 (image:  5) 
distance        :   0.00000000   10.85548219   21.78175507   26.40612332   28.07771619   29.70923197   31.36797010   43.87871491 
energy          : -2465.73559986  -2465.73133003  -2465.73795307  -2465.71218075  -2465.65492058  -2465.65468481  -2465.73260584  -2465.77084126 
max(|Fr_perp|)   :   0.00000000    0.00174286    0.00238786    0.00178604    0.00214654    0.00235443    0.00130331    0.00000000 
Fr_paral         :   0.00000000   -0.00082670   -0.00215651   -0.01849044   -0.05280750    0.05633039    0.03154757    0.00000000 
max(|Fsp_paral|) :   0.00000000    0.00023310    0.00122333    0.00000717    0.00185497    0.00141352    0.00037792    0.00000000 
max(|Fsp_perp|)  :   0.00000000    0.00000000    0.00000000    0.00000000    0.00000000    0.00000000    0.00000000    0.00000000 
max(|FNEB|)      :   0.00000000    0.00174096    0.00228865    0.00178574    0.00236719    0.00283202    0.00139066    0.00000000 
max(|Force|)     :   0.00016209    0.00174436    0.00242643    0.00779686    0.02727132    0.02732523    0.01322945    0.00035885 
ksp              :   0.01474924    0.01474924    0.03604856    0.09973775    0.10000000    0.10000000    0.01333018 
max(|step|)      :   0.00000000    0.01296954    0.01971631    0.01848721    0.01989508    0.01994347    0.01536724    0.00225068 
angle (deg.)     :    36.6401  75.4961  56.7133  38.4430  37.0687  79.7245 
>
iteration       : 124
climbing        : no
zoom on         : no
nim             : 8
barrier         :   0.08027677 (image:  5) 
distance        :   0.00000000   10.90322932   21.87059180   26.51831112   28.17553850   29.83896048   31.49200592   43.98778729 
energy          : -2465.73559986  -2465.73135678  -2465.73802834  -2465.71238574  -2465.65617680  -2465.65532309  -2465.73261613  -2465.77084126 
max(|Fr_perp|)   :   0.00000000    0.00317919    0.00352357    0.00233405    0.00282849    0.00265066    0.00250750    0.00000000 
Fr_paral         :   0.00000000   -0.00080651   -0.00214519   -0.01846821   -0.05138132    0.05550084    0.03152879    0.00000000 
max(|Fsp_paral|) :   0.00000000    0.00021129    0.00122569    0.00122271    0.00114516    0.00053713    0.00061226    0.00000000 
max(|Fsp_perp|)  :   0.00000000    0.00000000    0.00000000    0.00000000    0.00000000    0.00000000    0.00000000    0.00000000 
max(|FNEB|)      :   0.00000000    0.00318126    0.00362805    0.00230720    0.00273678    0.00264950    0.00247103    0.00000000 
max(|Force|)     :   0.00016209    0.00317743    0.00348349    0.00752632    0.02623245    0.02679511    0.01334160    0.00035885 
ksp              :   0.01475701    0.01475701    0.03602584    0.09904288    0.10000000    0.10000000    0.01334512 
max(|step|)      :   0.00000000    0.01656193    0.02497771    0.02612024    0.02548433    0.02363319    0.01787467    0.00282039 
angle (deg.)     :    37.1264  76.0914  56.8345  38.2443  37.3383  79.6361 
>
iteration       : 125
climbing        : no
zoom on         : no
nim             : 8
barrier         :   0.07969523 (image:  5) 
distance        :   0.00000000   10.96470719   21.98914366   26.65860417   28.30618601   30.00021710   31.65148086   44.12759514 
energy          : -2465.73559986  -2465.73138672  -2465.73808399  -2465.71275631  -2465.65739015  -2465.65590463  -2465.73271698  -2465.77084126 
max(|Fr_perp|)   :   0.00000000    0.00389287    0.00587261    0.00334748    0.00444627    0.00321554    0.00263618    0.00000000 
Fr_paral         :   0.00000000   -0.00078481   -0.00208964   -0.01818764   -0.05065624    0.05511515    0.03136110    0.00000000 
max(|Fsp_paral|) :   0.00000000    0.00019680    0.00096906    0.00189717    0.00382373    0.00219628    0.00010616    0.00000000 
max(|Fsp_perp|)  :   0.00000000    0.00000000    0.00000000    0.00000000    0.00000000    0.00000000    0.00000000    0.00000000 
max(|FNEB|)      :   0.00000000    0.00389525    0.00595728    0.00325892    0.00587882    0.00341876    0.00262979    0.00000000 
max(|Force|)     :   0.00016209    0.00389075    0.00583291    0.00718207    0.02554729    0.02708150    0.01348144    0.00035885 
ksp              :   0.01475791    0.01475791    0.03579728    0.09832240    0.10000000    0.10000000    0.01325564 
max(|step|)      :   0.00000000    0.03656509    0.05412349    0.06132606    0.05329632    0.04539826    0.03981372    0.00616375 
angle (deg.)     :    38.1815  77.3898  57.3950  37.1164  38.0663  79.5006 
>
iteration       : 126
climbing        : no
zoom on         : no
nim             : 8
barrier         :   0.07933680 (image:  5) 
distance        :   0.00000000   11.10199759   22.25786662   26.96682727   28.62119001   30.34588092   31.99973240   44.43455040 
energy          : -2465.73559986  -2465.73138531  -2465.73796217  -2465.71376638  -2465.65886404  -2465.65626306  -2465.73269054  -2465.77084126 
max(|Fr_perp|)   :   0.00000000    0.00673403    0.02001666    0.00350104    0.00489135    0.00266189    0.00206002    0.00000000 
Fr_paral         :   0.00000000   -0.00078429   -0.00185280   -0.01714587   -0.05193934    0.05497976    0.03133997    0.00000000 
max(|Fsp_paral|) :   0.00000000    0.00017775    0.00025328    0.00116493    0.00604420    0.00356650    0.00000092    0.00000000 
max(|Fsp_perp|)  :   0.00000000    0.00000000    0.00000000    0.00000000    0.00000000    0.00000000    0.00000000    0.00000000 
max(|FNEB|)      :   0.00000000    0.00672850    0.02007923    0.00344959    0.00734809    0.00377285    0.00206008    0.00000000 
max(|Force|)     :   0.00016209    0.00673948    0.02011542    0.00672108    0.02606276    0.02874100    0.01376181    0.00035885 
ksp              :   0.01478100    0.01478100    0.03476799    0.09704944    0.10000000    0.10000000    0.01330034 
max(|step|)      :   0.00000000    0.01340776    0.02535812    0.02355955    0.01747164    0.01309793    0.01329384    0.00220717 
angle (deg.)     :    38.5666  77.8507  57.7535  36.3441  38.1657  79.4882 
>
iteration       : 127
climbing        : no
zoom on         : no
nim             : 8
barrier         :   0.07967445 (image:  5) 
distance        :   0.00000000   11.15295341   22.35648560   27.08000602   28.75118149   30.46499313   32.12729600   44.54700876 
energy          : -2465.73559986  -2465.73146408  -2465.73828933  -2465.71421165  -2465.65866495  -2465.65592541  -2465.73272787  -2465.77084126 
max(|Fr_perp|)   :   0.00000000    0.00480851    0.00636677    0.00264636    0.00315213    0.00308446    0.00234321    0.00000000 
Fr_paral         :   0.00000000   -0.00074692   -0.00180890   -0.01674766   -0.05387939    0.05541924    0.03129470    0.00000000 
max(|Fsp_paral|) :   0.00000000    0.00016574    0.00064869    0.00021894    0.00475573    0.00257622    0.00073228    0.00000000 
max(|Fsp_perp|)  :   0.00000000    0.00000000    0.00000000    0.00000000    0.00000000    0.00000000    0.00000000    0.00000000 
max(|FNEB|)      :   0.00000000    0.00480541    0.00619923    0.00263820    0.00499344    0.00411411    0.00230458    0.00000000 
max(|Force|)     :   0.00016209    0.00481163    0.00626641    0.00665730    0.02709806    0.02982222    0.01375687    0.00035885 
ksp              :   0.01467176    0.01467176    0.03416005    0.09690543    0.10000000    0.10000000    0.01324419 
max(|step|)      :   0.00000000    0.00352063    0.00531812    0.00542445    0.00705248    0.00645051    0.00491276    0.00057318 
angle (deg.)     :    38.4737  77.7286  57.7390  36.2644  37.8885  79.5007 
>
iteration       : 128
climbing        : no
zoom on         : no
nim             : 8
barrier         :   0.07992132 (image:  5) 
distance        :   0.00000000   11.14076270   22.33038327   27.05213019   28.73002324   30.42674209   32.09070949   44.51365103 
energy          : -2465.73559986  -2465.73148091  -2465.73832730  -2465.71415817  -2465.65810512  -2465.65567854  -2465.73273650  -2465.77084126 
max(|Fr_perp|)   :   0.00000000    0.00161940    0.00432003    0.00125900    0.00186643    0.00263157    0.00194682    0.00000000 
Fr_paral         :   0.00000000   -0.00073918   -0.00183643   -0.01695985   -0.05414231    0.05556510    0.03141724    0.00000000 
max(|Fsp_paral|) :   0.00000000    0.00015975    0.00055166    0.00073618    0.00327144    0.00164484    0.00088959    0.00000000 
max(|Fsp_perp|)  :   0.00000000    0.00000000    0.00000000    0.00000000    0.00000000    0.00000000    0.00000000    0.00000000 
max(|FNEB|)      :   0.00000000    0.00162534    0.00417870    0.00156608    0.00319320    0.00327770    0.00200806    0.00000000 
max(|Force|)     :   0.00016209    0.00161326    0.00421907    0.00676873    0.02747623    0.02961999    0.01366583    0.00035885 
ksp              :   0.01463838    0.01463838    0.03414565    0.09726742    0.10000000    0.10000000    0.01322445 
max(|step|)      :   0.00000000    0.00441269    0.00896541    0.00834025    0.01852949    0.01571749    0.01165970    0.00084701 
angle (deg.)     :    38.3445  77.5427  57.7400  36.0300  37.3541  79.5189 
>
iteration       : 129
climbing        : no
zoom on         : no
nim             : 8
barrier         :   0.08068125 (image:  5) 
distance        :   0.00000000   11.12409870   22.28884487   27.01792553   28.71418092   30.36240807   32.02948078   44.45667211 
energy          : -2465.73559986  -2465.73148107  -2465.73839142  -2465.71398609  -2465.65640545  -2465.65491860  -2465.73261375  -2465.77084126 
max(|Fr_perp|)   :   0.00000000    0.00118382    0.00228817    0.00122280    0.00252123    0.00131501    0.00098256    0.00000000 
Fr_paral         :   0.00000000   -0.00074999   -0.00184066   -0.01732561   -0.05512305    0.05568044    0.03183806    0.00000000 
max(|Fsp_paral|) :   0.00000000    0.00013252    0.00034978    0.00207273    0.00101643    0.00095814    0.00044162    0.00000000 
max(|Fsp_perp|)  :   0.00000000    0.00000000    0.00000000    0.00000000    0.00000000    0.00000000    0.00000000    0.00000000 
max(|FNEB|)      :   0.00000000    0.00118234    0.00237747    0.00231702    0.00320577    0.00155244    0.00124271    0.00000000 
max(|Force|)     :   0.00016209    0.00118569    0.00238875    0.00709796    0.02836395    0.02890327    0.01342339    0.00035885 
ksp              :   0.01459451    0.01459451    0.03411018    0.09834142    0.10000000    0.10000000    0.01333100 
max(|step|)      :   0.00000000    0.00484463    0.00700366    0.01006464    0.00780550    0.01019433    0.00731174    0.00038285 
angle (deg.)     :    38.3040  77.4795  57.5578  36.4730  37.3087  79.5117 
>
iteration       : 130
climbing        : no
zoom on         : no
nim             : 8
barrier         :   0.08076111 (image:  5) 
distance        :   0.00000000   11.11907007   22.27041702   27.01835555   28.70818157   30.34413387   32.00639221   44.43408750 
energy          : -2465.73559986  -2465.73146163  -2465.73843413  -2465.71363107  -2465.65590244  -2465.65483875  -2465.73247435  -2465.77084126 
max(|Fr_perp|)   :   0.00000000    0.00508819    0.00358640    0.00432222    0.00327006    0.00111381    0.00087574    0.00000000 
Fr_paral         :   0.00000000   -0.00072991   -0.00184049   -0.01799903   -0.05443748    0.05526065    0.03200445    0.00000000 
max(|Fsp_paral|) :   0.00000000    0.00010537    0.00016686    0.00123226    0.00174148    0.00134858    0.00056837    0.00000000 
max(|Fsp_perp|)  :   0.00000000    0.00000000    0.00000000    0.00000000    0.00000000    0.00000000    0.00000000    0.00000000 
max(|FNEB|)      :   0.00000000    0.00509003    0.00362890    0.00451841    0.00332512    0.00161586    0.00115474    0.00000000 
max(|Force|)     :   0.00016209    0.00508534    0.00360074    0.00725197    0.02823423    0.02782495    0.01333523    0.00035885 
ksp              :   0.01461163    0.01461163    0.03448196    0.09881463    0.10000000    0.10000000    0.01348305 
max(|step|)      :   0.00000000    0.00353602    0.00515709    0.00766025    0.00915204    0.00571577    0.00394517    0.00009562 
angle (deg.)     :    38.3051  77.4845  57.3638  36.8305  37.3927  79.5017 
>
iteration       : 131
climbing        : no
zoom on         : no
nim             : 8
barrier         :   0.08050174 (image:  5) 
distance        :   0.00000000   11.11968743   22.26749490   27.03047577   28.70634063   30.34890426   32.00576813   44.43181254 
energy          : -2465.73559986  -2465.73148781  -2465.73847807  -2465.71337578  -2465.65607985  -2465.65509812  -2465.73246357  -2465.77084126 
max(|Fr_perp|)   :   0.00000000    0.00071277    0.00122683    0.00101336    0.00089355    0.00109366    0.00088432    0.00000000 
Fr_paral         :   0.00000000   -0.00074133   -0.00183483   -0.01821871   -0.05381766    0.05499100    0.03194970    0.00000000 
max(|Fsp_paral|) :   0.00000000    0.00009172    0.00069865    0.00008492    0.00076927    0.00073532    0.00090855    0.00000000 
max(|Fsp_perp|)  :   0.00000000    0.00000000    0.00000000    0.00000000    0.00000000    0.00000000    0.00000000    0.00000000 
max(|FNEB|)      :   0.00000000    0.00071441    0.00119243    0.00100955    0.00135818    0.00146542    0.00127957    0.00000000 
max(|Force|)     :   0.00016209    0.00070982    0.00132543    0.00727912    0.02766920    0.02718277    0.01335872    0.00035885 
ksp              :   0.01459722    0.01459722    0.03484626    0.09890243    0.10000000    0.10000000    0.01350633 
max(|step|)      :   0.00000000    0.00199104    0.00415533    0.00567279    0.00975930    0.00483797    0.00395720    0.00011811 
angle (deg.)     :    38.3226  77.5344  57.2035  36.9931  37.4055  79.4949 
>
iteration       : 132
climbing        : no
zoom on         : no
nim             : 8
barrier         :   0.08005980 (image:  5) 
distance        :   0.00000000   11.12323147   22.27679449   27.04614753   28.70900427   30.36615270   32.01877431   44.44088946 
energy          : -2465.73559986  -2465.73149178  -2465.73849968  -2465.71322609  -2465.65650088  -2465.65554006  -2465.73262869  -2465.77084126 
max(|Fr_perp|)   :   0.00000000    0.00139061    0.00191672    0.00144606    0.00184037    0.00105206    0.00078862    0.00000000 
Fr_paral         :   0.00000000   -0.00075009   -0.00183937   -0.01823581   -0.05325886    0.05524840    0.03170172    0.00000000 
max(|Fsp_paral|) :   0.00000000    0.00009909    0.00099563    0.00119225    0.00063100    0.00023232    0.00018926    0.00000000 
max(|Fsp_perp|)  :   0.00000000    0.00000000    0.00000000    0.00000000    0.00000000    0.00000000    0.00000000    0.00000000 
max(|FNEB|)      :   0.00000000    0.00138956    0.00169223    0.00154203    0.00195153    0.00128439    0.00077704    0.00000000 
max(|Force|)     :   0.00016209    0.00139240    0.00201869    0.00717266    0.02711283    0.02730233    0.01342618    0.00035885 
ksp              :   0.01461814    0.01461814    0.03515168    0.09891988    0.10000000    0.10000000    0.01334006 
max(|step|)      :   0.00000000    0.00262163    0.00597311    0.00616258    0.01063043    0.00662494    0.00611464    0.00025346 
angle (deg.)     :    38.3520  77.6289  57.0643  36.9976  37.3603  79.4733 
>
iteration       : 133
climbing        : no
zoom on         : no
nim             : 8
barrier         :   0.07951604 (image:  5) 
distance        :   0.00000000   11.12971015   22.29823428   27.06714782   28.72010272   30.39419830   32.03972952   44.45540884 
energy          : -2465.73559986  -2465.73149064  -2465.73852405  -2465.71315140  -2465.65696410  -2465.65608382  -2465.73282740  -2465.77084126 
max(|Fr_perp|)   :   0.00000000    0.00381225    0.00130685    0.00307123    0.00275769    0.00122272    0.00057113    0.00000000 
Fr_paral         :   0.00000000   -0.00075171   -0.00184888   -0.01809178   -0.05271879    0.05584551    0.03149145    0.00000000 
max(|Fsp_paral|) :   0.00000000    0.00012711    0.00113559    0.00196793    0.00192584    0.00145810    0.00059817    0.00000000 
max(|Fsp_perp|)  :   0.00000000    0.00000000    0.00000000    0.00000000    0.00000000    0.00000000    0.00000000    0.00000000 
max(|FNEB|)      :   0.00000000    0.00380992    0.00118629    0.00335668    0.00353232    0.00208148    0.00096726    0.00000000 
max(|Force|)     :   0.00016209    0.00381532    0.00141029    0.00699766    0.02673978    0.02788367    0.01339169    0.00035885 
ksp              :   0.01465101    0.01465101    0.03540823    0.09900366    0.10000000    0.10000000    0.01313800 
max(|step|)      :   0.00000000    0.00870899    0.01903461    0.01802097    0.02128777    0.01844959    0.01760093    0.00078556 
angle (deg.)     :    38.4347  77.9234  56.8346  36.7314  37.1901  79.4088 
>
iteration       : 134
climbing        : no
zoom on         : no
nim             : 8
barrier         :   0.07855028 (image:  5) 
distance        :   0.00000000   11.14963409   22.36794745   27.12235637   28.76584222   30.46917668   32.09757949   44.49492135 
energy          : -2465.73559986  -2465.73149350  -2465.73850491  -2465.71315646  -2465.65772428  -2465.65704957  -2465.73320292  -2465.77084126 
max(|Fr_perp|)   :   0.00000000    0.00461861    0.00819951    0.00228215    0.00436975    0.00307200    0.00134897    0.00000000 
Fr_paral         :   0.00000000   -0.00075026   -0.00184836   -0.01779901   -0.05231923    0.05743674    0.03112938    0.00000000 
max(|Fsp_paral|) :   0.00000000    0.00022590    0.00106266    0.00256178    0.00365353    0.00376475    0.00200264    0.00000000 
max(|Fsp_perp|)  :   0.00000000    0.00000000    0.00000000    0.00000000    0.00000000    0.00000000    0.00000000    0.00000000 
max(|FNEB|)      :   0.00000000    0.00460934    0.00793383    0.00270675    0.00636114    0.00555425    0.00290959    0.00000000 
max(|Force|)     :   0.00016209    0.00462550    0.00830100    0.00658150    0.02647150    0.02963011    0.01353032    0.00035885 
ksp              :   0.01470491    0.01470491    0.03571481    0.09922695    0.10000000    0.10000000    0.01274633 
max(|step|)      :   0.00000000    0.00798129    0.02270725    0.02204492    0.01756211    0.01921021    0.01932750    0.00089668 
angle (deg.)     :    38.5335  78.2762  56.7892  36.2489  36.9272  79.3268 
>
iteration       : 135
climbing        : no
zoom on         : no
nim             : 8
barrier         :   0.07819077 (image:  5) 
distance        :   0.00000000   11.17362775   22.45216149   27.18094512   28.83429089   30.54638410   32.15898904   44.53697126 
energy          : -2465.73559986  -2465.73154976  -2465.73852231  -2465.71331345  -2465.65799069  -2465.65740909  -2465.73333391  -2465.77084126 
max(|Fr_perp|)   :   0.00000000    0.00228347    0.00618827    0.00271622    0.00320586    0.00426597    0.00176386    0.00000000 
Fr_paral         :   0.00000000   -0.00072712   -0.00185575   -0.01698173   -0.05253641    0.05881393    0.03122359    0.00000000 
max(|Fsp_paral|) :   0.00000000    0.00034436    0.00071787    0.00168305    0.00345624    0.00491614    0.00214163    0.00000000 
max(|Fsp_perp|)  :   0.00000000    0.00000000    0.00000000    0.00000000    0.00000000    0.00000000    0.00000000    0.00000000 
max(|FNEB|)      :   0.00000000    0.00229783    0.00637256    0.00245614    0.00591211    0.00812871    0.00320223    0.00000000 
max(|Force|)     :   0.00016209    0.00227668    0.00608235    0.00628677    0.02725649    0.03114696    0.01409089    0.00035885 
ksp              :   0.01466179    0.01466179    0.03565234    0.09933055    0.10000000    0.10000000    0.01260818 
max(|step|)      :   0.00000000    0.00611722    0.01706641    0.01539051    0.01749025    0.01209472    0.01301275    0.00066833 
angle (deg.)     :    38.6069  78.5393  56.8382  35.6913  36.5475  79.2630 
>
iteration       : 136
climbing        : no
zoom on         : no
nim             : 8
barrier         :   0.07874243 (image:  5) 
distance        :   0.00000000   11.19278773   22.51555114   27.21967911   28.89508450   30.58663485   32.19419196   44.55976557 
energy          : -2465.73559986  -2465.73155886  -2465.73852419  -2465.71355830  -2465.65760792  -2465.65685743  -2465.73318488  -2465.77084126 
max(|Fr_perp|)   :   0.00000000    0.00297685    0.00358570    0.00315027    0.00252118    0.00397224    0.00184582    0.00000000 
Fr_paral         :   0.00000000   -0.00072619   -0.00183302   -0.01645580   -0.05385375    0.05923551    0.03179528    0.00000000 
max(|Fsp_paral|) :   0.00000000    0.00042568    0.00000602    0.00021467    0.00150163    0.00412342    0.00120786    0.00000000 
max(|Fsp_perp|)  :   0.00000000    0.00000000    0.00000000    0.00000000    0.00000000    0.00000000    0.00000000    0.00000000 
max(|FNEB|)      :   0.00000000    0.00299476    0.00358724    0.00318199    0.00275159    0.00722269    0.00202391    0.00000000 
max(|Force|)     :   0.00016209    0.00297000    0.00348045    0.00625846    0.02831448    0.03129041    0.01441618    0.00035885 
ksp              :   0.01461873    0.01461873    0.03519278    0.09914221    0.10000000    0.10000000    0.01276024 
max(|step|)      :   0.00000000    0.00946953    0.02189455    0.02650933    0.01882861    0.05148914    0.02030324    0.00079479 
angle (deg.)     :    38.7143  78.8384  56.6362  35.9987  35.9429  79.2321 
>
iteration       : 137
climbing        : no
zoom on         : no
nim             : 8
barrier         :   0.08196989 (image:  5) 
distance        :   0.00000000   11.22618549   22.58734536   27.27475528   28.98012758   30.59120392   32.22539171   44.57833532 
energy          : -2465.73559986  -2465.73156532  -2465.73819890  -2465.71370648  -2465.65657014  -2465.65362996  -2465.73264834  -2465.77084126 
max(|Fr_perp|)   :   0.00000000    0.00426048    0.01994793    0.00628474    0.00341571    0.00270056    0.00165098    0.00000000 
Fr_paral         :   0.00000000   -0.00073125   -0.00163697   -0.01699741   -0.05481586    0.05730602    0.03285544    0.00000000 
max(|Fsp_paral|) :   0.00000000    0.00043654    0.00098908    0.00211315    0.00197165    0.00114973    0.00005979    0.00000000 
max(|Fsp_perp|)  :   0.00000000    0.00000000    0.00000000    0.00000000    0.00000000    0.00000000    0.00000000    0.00000000 
max(|FNEB|)      :   0.00000000    0.00426873    0.01968560    0.00664993    0.00408899    0.00293887    0.00160827    0.00000000 
max(|Force|)     :   0.00016209    0.00425739    0.01985007    0.00653834    0.02885760    0.02817042    0.01462597    0.00035885 
ksp              :   0.01442978    0.01442978    0.03403815    0.09677180    0.10000000    0.10000000    0.01324066 
max(|step|)      :   0.00000000    0.00434357    0.03051056    0.01000243    0.00694629    0.00844666    0.00528621    0.00009253 
angle (deg.)     :    38.7364  78.8597  56.4069  36.4105  36.1453  79.2239 
>
iteration       : 138
climbing        : no
zoom on         : no
nim             : 8
barrier         :   0.08243818 (image:  5) 
distance        :   0.00000000   11.23385591   22.59046702   27.28960750   28.98612494   30.59213570   32.23181253   44.58352542 
energy          : -2465.73559986  -2465.73158289  -2465.73824425  -2465.71357647  -2465.65676487  -2465.65316168  -2465.73256574  -2465.77084126 
max(|Fr_perp|)   :   0.00000000    0.00156544    0.02040532    0.00386691    0.00469482    0.00237216    0.00120477    0.00000000 
Fr_paral         :   0.00000000   -0.00074407   -0.00160585   -0.01692674   -0.05456503    0.05659798    0.03302266    0.00000000 
max(|Fsp_paral|) :   0.00000000    0.00039584    0.00076602    0.00114656    0.00120386    0.00168415    0.00019694    0.00000000 
max(|Fsp_perp|)  :   0.00000000    0.00000000    0.00000000    0.00000000    0.00000000    0.00000000    0.00000000    0.00000000 
max(|FNEB|)      :   0.00000000    0.00154993    0.02060187    0.00407668    0.00468783    0.00272082    0.00106717    0.00000000 
max(|Force|)     :   0.00016209    0.00157198    0.02049831    0.00653738    0.02807683    0.02745217    0.01434587    0.00035885 
ksp              :   0.01438543    0.01438543    0.03404353    0.09606630    0.10000000    0.10000000    0.01331243 
max(|step|)      :   0.00000000    0.00212382    0.01442300    0.00481133    0.00452154    0.01183100    0.00426491    0.00024822 
angle (deg.)     :    38.7148  78.8031  56.4748  36.2569  36.1443  79.2221 
>
iteration       : 139
climbing        : no
zoom on         : no
nim             : 8
barrier         :   0.08165335 (image:  5) 
distance        :   0.00000000   11.22721716   22.57734228   27.27814259   28.97032014   30.59303920   32.22532775   44.57928147 
energy          : -2465.73559986  -2465.73158457  -2465.73856415  -2465.71359842  -2465.65697867  -2465.65394651  -2465.73269801  -2465.77084126 
max(|Fr_perp|)   :   0.00000000    0.00040002    0.00125011    0.00059899    0.00167978    0.00145510    0.00115044    0.00000000 
Fr_paral         :   0.00000000   -0.00073311   -0.00168266   -0.01698213   -0.05432762    0.05726591    0.03283849    0.00000000 
max(|Fsp_paral|) :   0.00000000    0.00039751    0.00061367    0.00097976    0.00064980    0.00047700    0.00007369    0.00000000 
max(|Fsp_perp|)  :   0.00000000    0.00000000    0.00000000    0.00000000    0.00000000    0.00000000    0.00000000    0.00000000 
max(|FNEB|)      :   0.00000000    0.00047003    0.00140962    0.00121568    0.00192622    0.00155595    0.00120273    0.00000000 
max(|Force|)     :   0.00016209    0.00040120    0.00134844    0.00646351    0.02815928    0.02826161    0.01435420    0.00035885 
ksp              :   0.01442573    0.01442573    0.03425044    0.09665789    0.10000000    0.10000000    0.01319848 
max(|step|)      :   0.00000000    0.00040677    0.00099067    0.00136465    0.00228218    0.00177288    0.00115463    0.00000477 
angle (deg.)     :    38.7187  78.7984  56.4201  36.3558  36.2122  79.2151 
>
iteration       : 140
climbing        : no
zoom on         : no
nim             : 8
barrier         :   0.08156623 (image:  5) 
distance        :   0.00000000   11.22879076   22.57561102   27.28107426   28.96981361   30.59554911   32.22697858   44.58091912 
energy          : -2465.73559986  -2465.73158439  -2465.73857313  -2465.71355440  -2465.65707688  -2465.65403363  -2465.73270376  -2465.77084126 
max(|Fr_perp|)   :   0.00000000    0.00027056    0.00086758    0.00061833    0.00125671    0.00103361    0.00102762    0.00000000 
Fr_paral         :   0.00000000   -0.00073230   -0.00168265   -0.01703863   -0.05411448    0.05728400    0.03283829    0.00000000 
max(|Fsp_paral|) :   0.00000000    0.00038185    0.00050120    0.00064533    0.00031732    0.00028400    0.00005287    0.00000000 
max(|Fsp_perp|)  :   0.00000000    0.00000000    0.00000000    0.00000000    0.00000000    0.00000000    0.00000000    0.00000000 
max(|FNEB|)      :   0.00000000    0.00045005    0.00099784    0.00091702    0.00137776    0.00109405    0.00106504    0.00000000 
max(|Force|)     :   0.00016209    0.00033876    0.00096598    0.00643626    0.02798454    0.02833572    0.01429592    0.00035885 
ksp              :   0.01443066    0.01443066    0.03432491    0.09664209    0.10000000    0.10000000    0.01319555 
max(|step|)      :   0.00000000    0.00488501    0.00780623    0.00815826    0.01145653    0.00745050    0.01129789    0.00055182 
angle (deg.)     :    38.7692  78.8084  56.0789  36.9463  36.6965  79.1791 
>
iteration       : 141
climbing        : no
zoom on         : no
nim             : 8
barrier         :   0.08161526 (image:  5) 
distance        :   0.00000000   11.24809800   22.57534394   27.30964252   28.98863797   30.61563914   32.24879328   44.60050857 
energy          : -2465.73559986  -2465.73158229  -2465.73863096  -2465.71334646  -2465.65725658  -2465.65398460  -2465.73267413  -2465.77084126 
max(|Fr_perp|)   :   0.00000000    0.00111151    0.00188289    0.00151215    0.00203009    0.00053031    0.00056121    0.00000000 
Fr_paral         :   0.00000000   -0.00073880   -0.00164175   -0.01724906   -0.05349724    0.05695786    0.03281295    0.00000000 
max(|Fsp_paral|) :   0.00000000    0.00025605    0.00001472    0.00063018    0.00043626    0.00030924    0.00002212    0.00000000 
max(|Fsp_perp|)  :   0.00000000    0.00000000    0.00000000    0.00000000    0.00000000    0.00000000    0.00000000    0.00000000 
max(|FNEB|)      :   0.00000000    0.00110006    0.00187920    0.00161281    0.00199890    0.00053165    0.00054606    0.00000000 
max(|Force|)     :   0.00016209    0.00111892    0.00197584    0.00641489    0.02716344    0.02834206    0.01415401    0.00035885 
ksp              :   0.01443031    0.01443031    0.03453960    0.09639187    0.10000000    0.10000000    0.01322631 
max(|step|)      :   0.00000000    0.00689895    0.01050771    0.00848133    0.00995316    0.00873114    0.01519491    0.00095189 
angle (deg.)     :    38.8446  78.8363  55.7805  37.6857  37.3920  79.1447 
>
iteration       : 142
climbing        : no
zoom on         : no
nim             : 8
barrier         :   0.08154736 (image:  5) 
distance        :   0.00000000   11.27512341   22.58053657   27.34491941   29.02423636   30.65238383   32.28523819   44.63349661 
energy          : -2465.73559986  -2465.73154680  -2465.73866999  -2465.71319972  -2465.65721208  -2465.65405250  -2465.73262239  -2465.77084126 
max(|Fr_perp|)   :   0.00000000    0.00468833    0.00661683    0.00622236    0.00842069    0.00165510    0.00086110    0.00000000 
Fr_paral         :   0.00000000   -0.00071262   -0.00159635   -0.01753115   -0.05237264    0.05656310    0.03297894    0.00000000 
max(|Fsp_paral|) :   0.00000000    0.00009827    0.00040898    0.00123275    0.00037820    0.00023843    0.00033188    0.00000000 
max(|Fsp_perp|)  :   0.00000000    0.00000000    0.00000000    0.00000000    0.00000000    0.00000000    0.00000000    0.00000000 
max(|FNEB|)      :   0.00000000    0.00469273    0.00651258    0.00625982    0.00838926    0.00167690    0.00092565    0.00000000 
max(|Force|)     :   0.00016209    0.00468116    0.00670910    0.00710960    0.02684661    0.02847367    0.01372802    0.00035885 
ksp              :   0.01447318    0.01447318    0.03472198    0.09651293    0.10000000    0.10000000    0.01328609 
max(|step|)      :   0.00000000    0.00290101    0.00442616    0.00431296    0.00601835    0.00187048    0.00319006    0.00025318 
angle (deg.)     :    38.8317  78.8326  55.8523  37.4342  37.2342  79.1558 
>
iteration       : 143
climbing        : no
zoom on         : no
nim             : 8
barrier         :   0.08154814 (image:  5) 
distance        :   0.00000000   11.27056609   22.58043567   27.33815206   29.01873625   30.64619005   32.27912264   44.62785178 
energy          : -2465.73559986  -2465.73158478  -2465.73869172  -2465.71328645  -2465.65725217  -2465.65405172  -2465.73264993  -2465.77084126 
max(|Fr_perp|)   :   0.00000000    0.00088288    0.00106019    0.00076835    0.00117282    0.00113863    0.00065744    0.00000000 
Fr_paral         :   0.00000000   -0.00072886   -0.00162113   -0.01737282   -0.05305385    0.05666557    0.03290925    0.00000000 
max(|Fsp_paral|) :   0.00000000    0.00012716    0.00034587    0.00096670    0.00031848    0.00027713    0.00016986    0.00000000 
max(|Fsp_perp|)  :   0.00000000    0.00000000    0.00000000    0.00000000    0.00000000    0.00000000    0.00000000    0.00000000 
max(|FNEB|)      :   0.00000000    0.00088870    0.00097012    0.00103682    0.00114338    0.00107789    0.00070052    0.00000000 
max(|Force|)     :   0.00016209    0.00087540    0.00115588    0.00644171    0.02688677    0.02845738    0.01388483    0.00035885 
ksp              :   0.01443121    0.01443121    0.03462603    0.09646785    0.10000000    0.10000000    0.01325566 
max(|step|)      :   0.00000000    0.00109016    0.00134901    0.00190915    0.00198485    0.00107277    0.00135984    0.00015050 
angle (deg.)     :    38.8433  78.8407  55.8523  37.4301  37.2748  79.1596 
>
