 MPINFO::: Global Communicator        :::
 MPINFO::: Global Context =    0      :::
 MPINFO::: Global Size =      20      :::
 MPINFO::: Global Root =       0      :::
 MPINFO::: Global Rank =       0      :::
 version 2.68: slics foundation version
 ========================================================================
    Program: SEQQUEST - LCAO-PS-DFT electronic structure code
    Version:  2.68e     Last revised: 29Mar20-PAS
    Copyright 2007 Sandia Corporation.

    Written by Peter A. Schultz (Sandia National Laboratories)
    Based on a code originally written by Peter J. Feibelman

    Documentation:  http://www.cs.sandia.gov/~paschul/Quest/
               and  http://dft.sandia.gov/Quest/
    Questions, comments to:  paschul@sandia.gov
 ========================================================================
  Maximum dimension parameters for this run are:
  
   maxwkd (r8 workspace)   = 220000000
   maxr1d (grid dimension) =       600
  
   norbd (basis fcns) =      8500
   natmd (atoms)      =       650     ntypd (atom types) =         7
   nshld (shell/atm)  =         7     noad  (bf/atm)     =        21
   nald  (gauss/shell)=         6     nrd   (rad pts/atm)=       200
   nkd   (kpts/ibz)   =      2000     nsymd (sym/group)  =        48
   nimgd (NEB images) =        12
  
   nlatd (lattice images)=      2000
   neq3d (do not ask) =        14
   Default record length (r8) for i/o=   1000000
 ------------------------------------------------------------------------

 Before input     +    0.55 =       0.6 seconds wall (    0.09 usr    0.32 sys)
  
##### Run options:
 do setup                                                                        
 do iters                                                                        
 do force                                                                        
 do relax                                                                        
 do post                                                                         
 setup data                                                                      
 >>>>> Options (set/scf/frc/relax/cell/neb/md)= T T T T F F F
 >>>>> use blas3= T
 >>>>> split basis = T
 >>>>> Output level set =           2
 >>>> do_bands, do_optic, do_nonscf= F F F
setup data:
title
 Title line(s) for this run:
title2
functional
 PBE-SP
spin polarization
   1.00000000
 vdw_potential type, default=OFF 
   OFF   
dimension of system (0=cluster ... 3=bulk)
  0
coordinates
CARTESIAN
scale
   1.00000000
 scalez factor: scale z-direction
   1.00000000
primitive lattice vectors
  60.00000000  0.00000000  0.00000000
   0.00000000 60.00000000  0.00000000
   0.00000000  0.00000000 60.00000000
 > Input Cell volume{bohr^3)=   216000.000000
grid dimensions
  128 128 128
 nearby option: 0=0,1=pt,2=wt
  2
atom types
  6
atom file
 O = O.atm
>>>>> atom type name=O           
type number, label:
  1 O                      
notes6
 notes for this atom file:
 Constructed by Peter A. Schultz, 17-January-2007
 Troullier/Martins-type ppot [N.Troullier,J.L.Martins, PRB 43,8861(1991)]
 generated by fhi98PP [M.Fuchs,M.Scheffler, Comput.Phys.Commun. 119,67(1999)]
 ppot: [He-core]s2p4, l=1; Rs=1.15, Rp=1.15
   NB: a middlin' hard T-M potential, without partial core correction
 basis: refined in H2O
mass
   1.59994000D+01
energy = E(H2O) - E(H2)
  -3.20919400D+01
effective nuclear charge (s2p4 to  9.0)
   6.00000000D+00
pseudopotentials: Lmax, and effective gaussian range
  1   5.87000000
functional type used in generating potential:
 PBE    = dft fcnal used to generate pot
radial mesh: number of points for local and non-local pot integrals
  80  59
mesh points for nuclear potential;  tm91fh
      0.01666667  0.01804829  0.01954444  0.02116462  0.02291911  0.02481905
      0.02687648  0.02910446  0.03151714  0.03412983  0.03695910  0.04002291
      0.04334070  0.04693352  0.05082419  0.05503737  0.05959982  0.06454048
      0.06989072  0.07568447  0.08195850  0.08875264  0.09610999  0.10407725
      0.11270497  0.12204790  0.13216534  0.14312149  0.15498587  0.16783378
      0.18174674  0.19681305  0.21312832  0.23079608  0.24992845  0.27064683
      0.29308272  0.31737848  0.34368829  0.37217912  0.40303175  0.43644199
      0.47262184  0.51180091  0.55422781  0.60017179  0.64992440  0.70380136
      0.76214458  0.82532429  0.89374143  0.96783016  1.04806065  1.13494203
      1.22902564  1.33090852  1.44123721  1.56071186  1.69009063  1.83019454
      1.98191269  2.14620786  2.32412265  2.51678610  2.72542082  2.95135079
      3.19600974  3.46095025  3.74785362  4.05854048  4.39498245  4.75931454
      5.15384877  5.58108881  6.04374589  6.54475598  7.08729845  7.67481621
      8.31103759  9.00000000
radwts: weights for radial points
      0.00132734  0.00143737  0.00155652  0.00168555  0.00182528  0.00197659
      0.00214045  0.00231788  0.00251003  0.00271810  0.00294343  0.00318743
      0.00345166  0.00373779  0.00404764  0.00438318  0.00474654  0.00514001
      0.00556610  0.00602752  0.00652718  0.00706827  0.00765421  0.00828872
      0.00897584  0.00971991  0.01052566  0.01139821  0.01234309  0.01336630
      0.01447433  0.01567421  0.01697356  0.01838063  0.01990433  0.02155435
      0.02334114  0.02527606  0.02737138  0.02964039  0.03209750  0.03475829
      0.03763966  0.04075988  0.04413877  0.04779775  0.05176005  0.05605082
      0.06069728  0.06572892  0.07117767  0.07707811  0.08346767  0.09038691
      0.09787974  0.10599371  0.11478030  0.12429527  0.13459901  0.14575690
      0.15783976  0.17092424  0.18509340  0.20043714  0.21705283  0.23504592
      0.25453058  0.27563048  0.29847949  0.32322263  0.35001691  0.37903236
      0.41045311  0.44447856  0.48132462  0.52122512  0.56443327  0.61122325
      0.66189199  0.71676104
non-local potential: l,potential*integration weight
  0   0.93730511  0.93554052  0.93361839  0.93153365  0.92928327  0.92686634
      0.92428390  0.92153850  0.91863349  0.91557199  0.91235563  0.90898303
      0.90544833  0.90173964  0.89783801  0.89371685  0.88934220  0.88467387
      0.87966724  0.87427564  0.86845278  0.86215507  0.85534357  0.84798554
      0.84005562  0.83153648  0.82241863  0.81269851  0.80237370  0.79143391
      0.77984650  0.76753677  0.75436432  0.74009742  0.72438611  0.70673257
      0.68645949  0.66269421  0.63442591  0.60072027  0.56103450  0.51518157
      0.46260034  0.40186561  0.33154312  0.25174338  0.16543037  0.07940357
      0.00465384 -0.04517076 -0.05908610 -0.03875595 -0.00829872  0.00001909
      0.00000545  0.00000199  0.00000064  0.00000018  0.00000004  0.00000000
      0.00000000  0.00000000  0.00000000  0.00000000  0.00000000  0.00000000
      0.00000000  0.00000000  0.00000000  0.00000000  0.00000000  0.00000000
      0.00000000  0.00000000  0.00000000  0.00000000  0.00000000  0.00000000
      0.00000000  0.00000000
non-local potential: l,potential*integration weight
  1   0.90370413  0.89915413  0.89421569  0.88886460  0.88307711  0.87682988
      0.87009965  0.86286267  0.85509381  0.84676537  0.83784560  0.82829704
      0.81807474  0.80712459  0.79538197  0.78277097  0.76920439  0.75458466
      0.73880543  0.72175375  0.70331247  0.68336251  0.66178511  0.63846390
      0.61328705  0.58614966  0.55695625  0.52562300  0.49207935  0.45626822
      0.41814517  0.37767819  0.33485145  0.28967777  0.24222327  0.19264571
      0.14124931  0.08857314  0.03556416 -0.01609767 -0.06361358 -0.10313288
     -0.13071331 -0.14337790 -0.13932187 -0.11803667 -0.08124130 -0.03422899
      0.01331497  0.04813719  0.05745893  0.03806545  0.00846852  0.00000828
      0.00000560  0.00000199  0.00000064  0.00000018  0.00000004  0.00000000
      0.00000000  0.00000000  0.00000000  0.00000000  0.00000000  0.00000000
      0.00000000  0.00000000  0.00000000  0.00000000  0.00000000  0.00000000
      0.00000000  0.00000000  0.00000000  0.00000000  0.00000000  0.00000000
      0.00000000  0.00000000

 For atom type  1, l= 1 potential used as local nuclear potential
number of radial functions  ****  O/pbe   - by Peter Schultz / 17Jan07 ****
  5
angular momentum, number of alphas
  0  5
alphas - s - 5s/2/5s284 Eopt(flat) + check (c1)
   2.40227000D-01  6.83348000D-01  1.98182200D+00  3.96390000D+00
   7.92780000D+00
wave function coefficients
   3.33034000D-01  1.10004600D+00  1.16492600D+00 -1.95149900D+00
   6.44755000D-01
angular momentum, number of alphas
  1  4
alphas - p - 4p/2/4p563 Eopt + reopt(c1)
   1.29289000D-01  4.02185000D-01  1.18213300D+00  3.84037500D+00
wave function coefficients
   5.93100000D-02  3.75369000D-01  1.45605400D+00  3.86770800D+00
angular momentum, number of alphas
  0  1
alphas - s - second zeta s polarization
   2.40227000D-01
wave function coefficients
   1.00000000D+00
angular momentum, number of alphas
  1  1
alphas - p - second zeta p polarization
   1.29289000D-01
wave function coefficients
   1.00000000D+00
angular momentum, number of alphas
  2  2
alphas
   2.50000000D-01  1.20000000D+00
wave function coefficients
   1.17200000D-01  1.00000000D+00
shell occupancies for oxygen, O s(2.0)p(4.5)p'(-0.5), -0.5 pseudoion (H2O)
      2.00000000  4.50000000  0.00000000 -0.50000000  0.00000000
end atom file
atom file
 H = H.atm
>>>>> atom type name=H           
type number, label:
  2 H                      
notes3
 notes for this atom file:
 bare nuclear potential
 generated March-2001, by Peter A. Schultz
 Changed to triple-zeta s (to recover double-zeta, remove third zeta)
mass
   1.00079000D+00
energy = E(H2)/2
  -1.16555500D+00
effective nuclear charge (s1 to 10.0)
   1.00000000D+00
pseudopotentials: Lmax, and effective gaussian range
 -1   1.71000000
radial mesh: number of points for local and non-local pot integrals
 100  80
mesh points for nuclear potential
      0.00200000  0.00217968  0.00237551  0.00258893  0.00282152  0.00307501
      0.00335127  0.00365236  0.00398049  0.00433810  0.00472785  0.00515260
      0.00561552  0.00612003  0.00666986  0.00726909  0.00792215  0.00863389
      0.00940957  0.01025494  0.01117626  0.01218036  0.01327466  0.01446727
      0.01576703  0.01718357  0.01872736  0.02040986  0.02224351  0.02424190
      0.02641983  0.02879343  0.03138027  0.03419952  0.03727205  0.04062063
      0.04427005  0.04824734  0.05258195  0.05730599  0.06245444  0.06806544
      0.07418054  0.08084503  0.08810827  0.09602405  0.10465099  0.11405299
      0.12429968  0.13546694  0.14763749  0.16090146  0.17535709  0.19111143
      0.20828116  0.22699345  0.24738688  0.26961248  0.29383487  0.32023343
      0.34900367  0.38035868  0.41453067  0.45177272  0.49236064  0.53659505
      0.58480355  0.63734316  0.69460302  0.75700718  0.82501783  0.89913865
      0.97991859  1.06795593  1.16390267  1.26846941  1.38243058  1.50663019
      1.64198808  1.78950672  1.95027865  2.12549457  2.31645214  2.52456563
      2.75137635  2.99856407  3.26795950  3.56155782  3.88153345  4.23025616
      4.61030863  5.02450558  5.47591460  5.96787887  6.50404194  7.08837469
      7.72520477  8.41924860  9.17564635 10.00000000
radwts: weights for radial points
      0.00017206  0.00018752  0.00020437  0.00022273  0.00024274  0.00026455
      0.00028832  0.00031422  0.00034245  0.00037322  0.00040675  0.00044329
      0.00048312  0.00052652  0.00057382  0.00062538  0.00068156  0.00074279
      0.00080953  0.00088226  0.00096152  0.00104790  0.00114205  0.00124465
      0.00135647  0.00147834  0.00161116  0.00175591  0.00191366  0.00208559
      0.00227296  0.00247716  0.00269972  0.00294226  0.00320660  0.00349468
      0.00380865  0.00415083  0.00452374  0.00493016  0.00537310  0.00585582
      0.00638192  0.00695528  0.00758015  0.00826117  0.00900336  0.00981224
      0.01069378  0.01165453  0.01270159  0.01384272  0.01508637  0.01644175
      0.01791890  0.01952876  0.02128325  0.02319537  0.02527928  0.02755040
      0.03002557  0.03272311  0.03566301  0.03886703  0.04235890  0.04616448
      0.05031197  0.05483207  0.05975826  0.06512703  0.07097814  0.07735492
      0.08430461  0.09187866  0.10013317  0.10912928  0.11893362  0.12961879
      0.14126394  0.15395530  0.16778687  0.18286109  0.19928960  0.21719407
      0.23670711  0.25797323  0.28114992  0.30640885  0.33393707  0.36393847
      0.39663525  0.43226954  0.47110528  0.51343007  0.55955739  0.60982886
      0.66461678  0.72432694  0.78940154  0.86032254
number of radial functions  **** H PBE bare-core basis 11Apr01-PAS ****
  4
angular momentum, number of alphas
  0  5
alphas - s - Ham-II/PBE/4s408 + a5(19.22) + full recontract in H2
   1.02474000D-01  3.72304000D-01  1.23085800D+00  4.78332400D+00
   1.92200000D+01
wave function coefficients
   1.04060000D-01  4.80100000D-01  5.85350000D-01  3.97563000D-01
   2.69130000D-01
angular momentum, number of alphas
  0  2
alphas - s - second zeta s polarization (H2O Eopt)
   1.02474000D-01  3.72304000D-01
wave function coefficients
   7.52810000D-02  1.20939000D-01
angular momentum, number of alphas
  0  1
alphas - s - third zeta s polarization (H2O Eopt)
   1.02474000D-01
wave function coefficients
   1.00000000D+00
angular momentum, number of alphas
  1  1
alphas - p - angular polarization (dzp Eopt H2)
   1.10000000D+00
wave function coefficients
   1.00000000D+00
shell occupancies for hydrogen, H: s(1.00)p(0.00)
      1.00000000  0.00000000  0.00000000  0.00000000
end atom file
atom file
 C = C.atm
>>>>> atom type name=C           
type number, label:
  3 C                      
notes5
 notes for this atom file:
 Constructed by Peter A. Schultz, 4-January-2007
 Hamann-type ppot [D.R. Hamann,  PRB 40, 2980 (1989)]
 generated by fhi98PP [M.Fuchs,M.Scheffler, Comput.Phys.Commun. 119,67(1999)]
 ppot: [He-core]s2p2, l=1; Def: Rs=0.73, Rp=0.48
 basis: refined in 4-lyr Td(111) slab
energy - Td/16^3/k8^3/pbe
  -1.13937680D+01
effective nuclear charge (s2p2 to  9.0)
   4.00000000D+00
pseudopotentials: Lmax, and effective gaussian range
  1   3.69000000
functional type used in generating potential:
 PBE    = dft fcnal used to generate pot
radial mesh: number of points for local and non-local pot integrals
 120 102
mesh points for nuclear potential;  ham1fh
      0.02500000  0.02626767  0.02759962  0.02899911  0.03046956  0.03201457
      0.03363793  0.03534360  0.03713576  0.03901879  0.04099731  0.04307615
      0.04526040  0.04755541  0.04996679  0.05250045  0.05516258  0.05795969
      0.06089864  0.06398662  0.06723117  0.07064025  0.07422219  0.07798576
      0.08194016  0.08609508  0.09046069  0.09504766  0.09986722  0.10493116
      0.11025188  0.11584240  0.12171640  0.12788824  0.13437304  0.14118667
      0.14834579  0.15586793  0.16377149  0.17207581  0.18080122  0.18996907
      0.19960179  0.20972295  0.22035733  0.23153093  0.24327112  0.25560662
      0.26856761  0.28218580  0.29649454  0.31152882  0.32732544  0.34392306
      0.36136229  0.37968581  0.39893845  0.41916733  0.44042196  0.46275433
      0.48621912  0.51087372  0.53677848  0.56399679  0.59259525  0.62264384
      0.65421610  0.68738929  0.72224459  0.75886729  0.79734700  0.83777790
      0.88025891  0.92489401  0.97179240  1.02106886  1.07284397  1.12724443
      1.18440337  1.24446064  1.30756323  1.37386555  1.44352985  1.51672659
      1.59363491  1.67444300  1.75934861  1.84855951  1.94229400  2.04078147
      2.14426292  2.25299158  2.36723353  2.48726831  2.61338967  2.74590624
      2.88514230  3.03143856  3.18515304  3.34666189  3.51636033  3.69466363
      3.88200811  4.07885224  4.28567769  4.50299059  4.73132273  4.97123286
      5.22330806  5.48816518  5.76645235  6.05885056  6.36607535  6.68887851
      7.02804998  7.38441975  7.75885988  8.15228666  8.56566284  9.00000000
radwts: weights for radial points
      0.00123658  0.00129928  0.00136516  0.00143438  0.00150712  0.00158354
      0.00166383  0.00174820  0.00183685  0.00192999  0.00202785  0.00213068
      0.00223872  0.00235224  0.00247151  0.00259683  0.00272851  0.00286686
      0.00301223  0.00316497  0.00332546  0.00349408  0.00367126  0.00385741
      0.00405301  0.00425853  0.00447446  0.00470135  0.00493974  0.00519022
      0.00545340  0.00572992  0.00602047  0.00632574  0.00664650  0.00698352
      0.00733764  0.00770970  0.00810064  0.00851140  0.00894298  0.00939645
      0.00987291  0.01037354  0.01089955  0.01145223  0.01203293  0.01264309
      0.01328418  0.01395777  0.01466553  0.01540917  0.01619052  0.01701149
      0.01787408  0.01878042  0.01973272  0.02073330  0.02178462  0.02288924
      0.02404988  0.02526938  0.02655071  0.02789701  0.02931157  0.03079787
      0.03235953  0.03400038  0.03572443  0.03753590  0.03943922  0.04143906
      0.04354030  0.04574809  0.04806782  0.05050519  0.05306614  0.05575696
      0.05858421  0.06155483  0.06467608  0.06795559  0.07140140  0.07502194
      0.07882606  0.08282307  0.08702276  0.09143541  0.09607180  0.10094329
      0.10606180  0.11143986  0.11709061  0.12302790  0.12926625  0.13582092
      0.14270796  0.14994422  0.15754741  0.16553613  0.17392994  0.18274936
      0.19201600  0.20175251  0.21198273  0.22273169  0.23402570  0.24589238
      0.25836079  0.27146144  0.28522637  0.29968928  0.31488556  0.33085239
      0.34762885  0.36525599  0.38377694  0.40323704  0.42368389  0.44516753
non-local potential: l,potential*integration weight
  0   0.39100562  0.39067485  0.39033823  0.38999879  0.38965989  0.38932513
      0.38899826  0.38868306  0.38838318  0.38810195  0.38784228  0.38760641
      0.38739580  0.38721103  0.38705165  0.38691622  0.38680233  0.38670670
      0.38662533  0.38655366  0.38648687  0.38641999  0.38634820  0.38626692
      0.38617198  0.38605973  0.38592700  0.38577121  0.38559025  0.38538253
      0.38514689  0.38488257  0.38458924  0.38426700  0.38391647  0.38353887
      0.38313623  0.38271151  0.38226892  0.38181401  0.38135384  0.38089688
      0.38045258  0.38003039  0.37963798  0.37927841  0.37894605  0.37862117
      0.37826346  0.37780501  0.37714366  0.37613777  0.37460355  0.37231704
      0.36902414  0.36446416  0.35841004  0.35071546  0.34133721  0.33029683
      0.31759520  0.30316280  0.28690443  0.26875136  0.24853666  0.22574940
      0.19972621  0.17051836  0.13937240  0.10806813  0.07821470  0.05122470
      0.02840362  0.01081157 -0.00100516 -0.00724855 -0.00892743 -0.00764520
     -0.00514007 -0.00276292 -0.00116667 -0.00036807 -0.00007497 -0.00000151
      0.00000748  0.00000523  0.00000292  0.00000155  0.00000081  0.00000043
      0.00000024  0.00000016  0.00000011  0.00000009  0.00000008  0.00000006
      0.00000005  0.00000005  0.00000004  0.00000004  0.00000003  0.00000003
      0.00000000  0.00000000  0.00000000  0.00000000  0.00000000  0.00000000
      0.00000000  0.00000000  0.00000000  0.00000000  0.00000000  0.00000000
      0.00000000  0.00000000  0.00000000  0.00000000  0.00000000  0.00000000
non-local potential: l,potential*integration weight
  1   0.36560952  0.36397730  0.36227137  0.36049107  0.35863582  0.35670508
      0.35469817  0.35261419  0.35045178  0.34820898  0.34588303  0.34347014
      0.34096535  0.33836235  0.33565334  0.33282903  0.32987859  0.32678968
      0.32354862  0.32014045  0.31654911  0.31275762  0.30874814  0.30450211
      0.30000028  0.29522270  0.29014867  0.28475665  0.27902413  0.27292752
      0.26644201  0.25954147  0.25219842  0.24438401  0.23606814  0.22721973
      0.21780705  0.20779831  0.19716246  0.18587019  0.17389525  0.16121597
      0.14781711  0.13369188  0.11884413  0.10329073  0.08706409  0.07021525
      0.05281777  0.03497339  0.01682028 -0.00145547 -0.01960454 -0.03729507
     -0.05408874 -0.06941146 -0.08252221 -0.09249895 -0.09828416 -0.09883540
     -0.09337182 -0.08162950 -0.06406125 -0.04206903 -0.01838077  0.00287418
      0.01747263  0.02350852  0.02232316  0.01698540  0.01056097  0.00526361
      0.00203413  0.00063797  0.00029470  0.00031888  0.00036305  0.00033630
      0.00025811  0.00017000  0.00009990  0.00005521  0.00003035  0.00001705
      0.00000966  0.00000539  0.00000293  0.00000155  0.00000081  0.00000043
      0.00000024  0.00000016  0.00000011  0.00000009  0.00000008  0.00000006
      0.00000005  0.00000005  0.00000004  0.00000004  0.00000003  0.00000003
      0.00000000  0.00000000  0.00000000  0.00000000  0.00000000  0.00000000
      0.00000000  0.00000000  0.00000000  0.00000000  0.00000000  0.00000000
      0.00000000  0.00000000  0.00000000  0.00000000  0.00000000  0.00000000

 For atom type  3, l= 1 potential used as local nuclear potential
number of radial functions  ****  C/pbe  basis - by Peter Schultz -  8Jan07 ****
  5
angular momentum, number of alphas
  0  5
alphas - s - 5s/2/5s312 Eopt + reopt(c2,c1)
   1.55830000D-01  4.58320000D-01  1.40253800D+00  2.80520000D+00
   5.61040000D+00
wave function coefficients
   2.61700000D-01  7.05480000D-01  3.62537000D-01 -1.29642800D+00
   4.50261000D-01
angular momentum, number of alphas
  1  4
alphas - p - 4p/2/4p361 Eopt + reopt(c1)
   1.43749000D-01  4.89605000D-01  1.38713100D+00  4.55300700D+00
wave function coefficients
   8.49200000D-02  5.16452000D-01  1.01732000D+00  1.69318600D+00
angular momentum, number of alphas
  0  1
alphas - p - second zeta p polarization
   1.55830000D-01
wave function coefficients
   1.00000000D+00
angular momentum, number of alphas
  1  1
alphas - p - second zeta p polarization
   1.43749000D-01
wave function coefficients
   1.00000000D+00
angular momentum, number of alphas
  2  1
alphas - d - angular polarization (dzp Eopt)
   7.30000000D-01
wave function coefficients
   1.00000000D+00
shell occupation numbers for C, carbon - s(2.00)p(2.00)
      2.00000000  2.00000000  0.00000000  0.00000000  0.00000000
end atom file
atom file
 Pt = Pt.atm
>>>>> atom type name=Pt          
type number, label:
  4 Pt                     
notes7
 notes for this atom file:
 Constructed by Peter A. Schultz, 15-December-2006 (cosmetics: 17Sep07)
 Hamann-type ppot [D.R. Hamann,  PRB 40, 2980 (1989)]
 generated by fhi98PP [M.Fuchs,M.Scheffler, Comput.Phys.Commun. 119,67(1999)]
 ppot: [p6-core]d9s0.5[+0.5],l=2,Rp0=1.65,Rpc=NONE; Def: Rs=1.39,Rd=0.76
   NB: semicore p6 is CORE, and NO partial core, with Rp-opted p0-potl
 basis: refined in fcc(111) slab, pp/bas checked hcp v fcc, oxides
   NB: 2p/1p->2p/2p and to /3d are most important available basis upgrades
energy = fcc/24^3/k16^3/uc/pbe
  -5.27160690D+01
effective nuclear charge (d9s0.5[+0.5], Rp0=1.65,Rpc=NONE to 11.0)
   1.00000000D+01
pseudopotentials: Lmax, and effective gaussian range
  2   0.96000000
functional type used in generating potential:
 PBE    = dft fcnal used to generate pot
radial mesh: number of points for local and non-local pot integrals
 120 110
mesh points for nuclear potential;  ham1fh
      0.01000000  0.01060615  0.01124905  0.01193092  0.01265411  0.01342115
      0.01423467  0.01509751  0.01601266  0.01698327  0.01801272  0.01910456
      0.02026260  0.02149082  0.02279349  0.02417513  0.02564052  0.02719473
      0.02884314  0.03059148  0.03244580  0.03441251  0.03649844  0.03871081
      0.04105728  0.04354598  0.04618553  0.04898509  0.05195434  0.05510357
      0.05844369  0.06198628  0.06574360  0.06972868  0.07395531  0.07843814
      0.08319269  0.08823545  0.09358388  0.09925650  0.10527297  0.11165413
      0.11842209  0.12560029  0.13321360  0.14128839  0.14985264  0.15893602
      0.16856998  0.17878792  0.18962522  0.20111942  0.21331035  0.22624024
      0.23995388  0.25449878  0.26992532  0.28628694  0.30364034  0.32204561
      0.34156653  0.36227072  0.38422989  0.40752014  0.43222212  0.45842143
      0.48620882  0.51568056  0.54693873  0.58009163  0.61525411  0.65254797
      0.69210242  0.73405447  0.77854946  0.82574154  0.87579418  0.92888078
      0.98518524  1.04490262  1.10823979  1.17541617  1.24666447  1.32223152
      1.40237909  1.48738483  1.57754323  1.67316662  1.77458626  1.88215348
      1.99624093  2.11724384  2.24558139  2.38169816  2.52606571  2.67918415
      2.84158392  3.01382762  3.19651193  3.39026973  3.59577222  3.81373133
      4.04490212  4.29008541  4.55013058  4.82593849  5.11846459  5.42872228
      5.75778636  6.10679679  6.47696261  6.86956618  7.28596756  7.72760928
      8.19602127  8.69282624  9.21974523  9.77860361 10.37133741 11.00000000
radwts: weights for radial points
      0.00058849  0.00062416  0.00066200  0.00070213  0.00074469  0.00078982
      0.00083770  0.00088848  0.00094233  0.00099945  0.00106004  0.00112429
      0.00119244  0.00126472  0.00134138  0.00142269  0.00150893  0.00160039
      0.00169740  0.00180029  0.00190941  0.00202515  0.00214791  0.00227810
      0.00241619  0.00256265  0.00271799  0.00288274  0.00305748  0.00324281
      0.00343937  0.00364785  0.00386896  0.00410348  0.00435222  0.00461603
      0.00489583  0.00519259  0.00550734  0.00584117  0.00619524  0.00657077
      0.00696906  0.00739149  0.00783953  0.00831472  0.00881872  0.00935327
      0.00992022  0.01052154  0.01115931  0.01183574  0.01255316  0.01331408
      0.01412112  0.01497707  0.01588491  0.01684778  0.01786902  0.01895216
      0.02010095  0.02131937  0.02261166  0.02398227  0.02543596  0.02697778
      0.02861304  0.03034743  0.03218696  0.03413798  0.03620727  0.03840198
      0.04072974  0.04319858  0.04581708  0.04859430  0.05153987  0.05466397
      0.05797745  0.06149178  0.06521912  0.06917241  0.07336532  0.07781239
      0.08252901  0.08753154  0.09283730  0.09846467  0.10443314  0.11076339
      0.11747736  0.12459830  0.13215087  0.14016124  0.14865717  0.15766808
      0.16722519  0.17736161  0.18811246  0.19951496  0.21160864  0.22443538
      0.23803962  0.25246848  0.26777195  0.28400305  0.30121800  0.31947645
      0.33884164  0.35938065  0.38116465  0.40426909  0.42877401  0.45476432
      0.48233003  0.51156665  0.54257546  0.57546387  0.61034584  0.64734218
non-local potential: l,potential*integration weight
  0   1.17760684  1.17755100  1.17728436  1.17666389  1.17554142  1.17385865
      1.17180095  1.16991330  1.16897946  1.16957344  1.17158756  1.17424398
      1.17662181  1.17817367  1.17884059  1.17885857  1.17852627  1.17807485
      1.17763816  1.17727293  1.17698992  1.17677867  1.17662214  1.17650387
      1.17641051  1.17633213  1.17626169  1.17619430  1.17612655  1.17605601
      1.17598082  1.17589948  1.17581065  1.17571301  1.17560518  1.17548563
      1.17535258  1.17520391  1.17503703  1.17484875  1.17463519  1.17439167
      1.17411259  1.17379121  1.17341941  1.17298742  1.17248352  1.17189375
      1.17120145  1.17038685  1.16942649  1.16829255  1.16695181  1.16536433
      1.16348095  1.16123814  1.15855114  1.15531541  1.15141799  1.14672206
      1.14104501  1.13416799  1.12585282  1.11586866  1.10404768  1.09037324
      1.07507553  1.05867170  1.04185381  1.02515268  1.00846135  0.99075362
      0.97031786  0.94528617  0.91396846  0.87520813  0.82936530  0.77883233
      0.72568625  0.66936962  0.60838322  0.54232300  0.47193130  0.39865240
      0.32449303  0.25203634  0.18436202  0.12474287  0.07608610  0.04019464
      0.01709356  0.00482255  0.00000234 -0.00095162 -0.00064784 -0.00030395
     -0.00016620 -0.00014347 -0.00014539 -0.00013681 -0.00011306 -0.00008148
     -0.00005131 -0.00002833 -0.00001375 -0.00000588 -0.00000221 -0.00000071
     -0.00000018 -0.00000002  0.00000000  0.00000000  0.00000000  0.00000000
      0.00000000  0.00000000  0.00000000  0.00000000  0.00000000  0.00000000
non-local potential: l,potential*integration weight
  1   1.17217730  1.17179226  1.17117646  1.17018566  1.16867040  1.16657103
      1.16407148  1.16171519  1.16028432  1.16035114  1.16180616  1.16386961
      1.16561857  1.16650348  1.16646310  1.16573098  1.16460324  1.16330833
      1.16197722  1.16066361  1.15937508  1.15809777  1.15681111  1.15549488
      1.15413178  1.15270773  1.15121136  1.14963322  1.14796512  1.14619965
      1.14432979  1.14234864  1.14024929  1.13802469  1.13566755  1.13317032
      1.13052512  1.12772366  1.12475724  1.12161667  1.11829222  1.11477363
      1.11105001  1.10710983  1.10294084  1.09853003  1.09386352  1.08892646
      1.08370288  1.07817550  1.07232540  1.06613159  1.05957029  1.05261390
      1.04522938  1.03737526  1.02899772  1.02002827  1.01038382  0.99995912
      0.98861802  0.97619757  0.96252207  0.94743409  0.93085363  0.91286695
      0.89382167  0.87436640  0.85533880  0.83743055  0.82071299  0.80435975
      0.78688881  0.76670206  0.74241021  0.71314033  0.67947581  0.64398078
      0.60886507  0.57363236  0.53670561  0.49737647  0.45575153  0.41219909
      0.36712934  0.32101078  0.27444602  0.22824394  0.18346910  0.14143077
      0.10356905  0.07122875  0.04536442  0.02627880  0.01351222  0.00594836
      0.00210418  0.00050145 -0.00001183 -0.00011839 -0.00011154 -0.00008142
     -0.00005131 -0.00002833 -0.00001375 -0.00000588 -0.00000221 -0.00000071
     -0.00000018 -0.00000002  0.00000000  0.00000000  0.00000000  0.00000000
      0.00000000  0.00000000  0.00000000  0.00000000  0.00000000  0.00000000
non-local potential: l,potential*integration weight
  2   1.17242532  1.17205483  1.17145435  1.17047969  1.16898140  1.16689986
      1.16441900  1.16208229  1.16067187  1.16076002  1.16223721  1.16432364
      1.16609632  1.16700560  1.16699013  1.16628329  1.16518098  1.16391138
      1.16260512  1.16131545  1.16004940  1.15879244  1.15752315  1.15622029
      1.15486529  1.15344256  1.15193884  1.15034240  1.14864233  1.14682792
      1.14488817  1.14281140  1.14058500  1.13819509  1.13562625  1.13286123
      1.12988062  1.12666239  1.12318142  1.11940898  1.11531223  1.11085398
      1.10599207  1.10067848  1.09485822  1.08846838  1.08143702  1.07368192
      1.06510941  1.05561320  1.04507325  1.03335454  1.02030570  1.00575724
      0.98951642  0.97135168  0.95097187  0.92805215  0.90231450  0.87347696
      0.84116448  0.80496228  0.76446553  0.71930402  0.66920677  0.61412602
      0.55438829  0.49080404  0.42463614  0.35734917  0.29021390  0.22408069
      0.15960153  0.09765888  0.03959157 -0.01254174 -0.05537995 -0.08461301
     -0.09812111 -0.09846684 -0.09065662 -0.07905560 -0.06638173 -0.05394941
     -0.04237225 -0.03211444 -0.02353007 -0.01669918 -0.01145782 -0.00755412
     -0.00474269 -0.00280513 -0.00154663 -0.00079182 -0.00038677 -0.00020423
     -0.00014591 -0.00014120 -0.00014526 -0.00013681 -0.00011306 -0.00008148
     -0.00005131 -0.00002833 -0.00001375 -0.00000588 -0.00000221 -0.00000071
     -0.00000018 -0.00000002  0.00000000  0.00000000  0.00000000  0.00000000
      0.00000000  0.00000000  0.00000000  0.00000000  0.00000000  0.00000000

 For atom type  4, l= 2 potential used as local nuclear potential
number of radial functions  **** Pt basis - by Peter Schultz /14Dec06 ****
  5
angular momentum, number of alphas
  2  5
alphas - d - 5d/2/5d378 Eopt + reopt(c2,c1)
   1.64638000D-01  4.32460000D-01  9.59320000D-01  2.00089400D+00
   4.00100000D+00
wave function coefficients
   3.29350000D-02  2.09710000D-01  9.40000000D-01  1.91492400D+00
  -1.65387800D+00
angular momentum, number of alphas
  0  4
alphas - s - 4s/2/4s519 Eopt + reopt(c1)
   7.89970000D-02  2.27776000D-01  6.94844000D-01  1.38980000D+00
wave function coefficients
   1.31726000D-01  4.11753000D-01 -1.09914400D+00  4.52036000D-01
angular momentum, number of alphas
  0  1
alphas - s - second zeta s polarization
   7.89970000D-02
wave function coefficients
   1.00000000D+00
angular momentum, number of alphas
  1  2
alphas - p - angular polarization Eopt
   1.30000000D-01  4.37830000D-01
wave function coefficients
   7.73600000D-01 -1.00000000D+00
angular momentum, number of alphas
  2  2
alphas - d - second zeta d polarization
   1.64638000D-01  4.32460000D-01
wave function coefficients
   8.33300000D-01 -1.00000000D+00
shell occupation numbers for platinum, Pt: d(8.7)s(1.3)
      8.70000000  1.30000000  0.00000000  0.00000000  0.00000000
end atom file
atom file
 P = P.atm
>>>>> atom type name=P           
type number, label:
  5 P                      
notes5
 notes for this atom file:
 Constructed by Peter A. Schultz, 29-September-2005
 Hamann-type ppot [D.R. Hamann,  PRB 40, 2980 (1989)]
 generated by fhi98PP [M.Fuchs,M.Scheffler, Comput.Phys.Commun. 119,67(1999)]
 Potential is standard Hamann, out to l=2
 Basis refined in PH# molecule
effective nuclear charge (s2p3 to 10.0)
   5.00000000D+00
pseudopotentials: Lmax, and effective gaussian range
  2   1.03000000
functional type used in generating potential:
 PBE    = dft fcnal used to generate pot
radial mesh: number of points for local and non-local pot integrals
  80  67
mesh points for nuclear potential;  ham1fh
      0.02000000  0.02163686  0.02340768  0.02532343  0.02739597  0.02963814
      0.03206381  0.03468800  0.03752696  0.04059828  0.04392095  0.04751557
      0.05140438  0.05561146  0.06016286  0.06508676  0.07041365  0.07617650
      0.08241100  0.08915575  0.09645251  0.10434646  0.11288647  0.12212542
      0.13212051  0.14293363  0.15463173  0.16728723  0.18097849  0.19579028
      0.21181432  0.22914980  0.24790408  0.26819325  0.29014295  0.31388907
      0.33957865  0.36737073  0.39743740  0.42996481  0.46515435  0.50322391
      0.54440918  0.58896518  0.63716776  0.68931539  0.74573092  0.80676366
      0.87279149  0.94422323  1.02150115  1.10510371  1.19554854  1.29339564
      1.39925081  1.51376948  1.63766068  1.77169149  1.91669177  2.07355927
      2.24326527  2.42686048  2.62548164  2.84035853  3.07282156  3.32431002
      3.59638101  3.89071906  4.20914658  4.55363511  4.92631757  5.32950141
      5.76568298  6.23756288  6.74806277  7.30034343  7.89782430  8.54420472
      9.24348674 10.00000000
radwts: weights for radial points
      0.00157332  0.00170208  0.00184139  0.00199209  0.00215513  0.00233151
      0.00252233  0.00272876  0.00295209  0.00319370  0.00345508  0.00373786
      0.00404377  0.00437473  0.00473277  0.00512011  0.00553915  0.00599249
      0.00648294  0.00701352  0.00758753  0.00820851  0.00888032  0.00960711
      0.01039338  0.01124401  0.01216425  0.01315980  0.01423684  0.01540202
      0.01666257  0.01802628  0.01950160  0.02109767  0.02282436  0.02469237
      0.02671327  0.02889956  0.03126478  0.03382358  0.03659180  0.03958657
      0.04282645  0.04633149  0.05012339  0.05422563  0.05866361  0.06346481
      0.06865895  0.07427819  0.08035733  0.08693401  0.09404893  0.10174616
      0.11007336  0.11908208  0.12882809  0.13937175  0.15077833  0.16311846
      0.17646854  0.19091123  0.20653594  0.22343943  0.24172635  0.26150992
      0.28291264  0.30606702  0.33111641  0.35821592  0.38753333  0.41925016
      0.45356279  0.49068366  0.53084260  0.57428827  0.62128966  0.67213777
      0.72714744  0.78665925
non-local potential: l,potential*integration weight
  0   0.79194237  0.79229810  0.79266574  0.79304318  0.79342803  0.79381774
      0.79421004  0.79460337  0.79499775  0.79539576  0.79580377  0.79623330
      0.79670225  0.79723568  0.79786573  0.79863038  0.79957067  0.80072655
      0.80213199  0.80381019  0.80577020  0.80800573  0.81049653  0.81321184
      0.81611461  0.81916536  0.82232435  0.82555105  0.82879989  0.83201365
      0.83511867  0.83802416  0.84061777  0.84275146  0.84422684  0.84478331
      0.84408273  0.84168845  0.83704005  0.82942523  0.81795185  0.80152598
      0.77884664  0.74843234  0.70869711  0.65809533  0.59537193  0.52002684
      0.43324210  0.33952550  0.24715199  0.16037180  0.08254019  0.03045955
      0.00670300  0.00006632 -0.00023287  0.00021569  0.00025203  0.00015010
      0.00007297  0.00003143  0.00001194  0.00000386  0.00000100  0.00000019
      0.00000003  0.00000000  0.00000000  0.00000000  0.00000000  0.00000000
      0.00000000  0.00000000  0.00000000  0.00000000  0.00000000  0.00000000
      0.00000000  0.00000000
non-local potential: l,potential*integration weight
  1   0.77817286  0.77740024  0.77654692  0.77560319  0.77455839  0.77340108
      0.77211929  0.77070105  0.76913505  0.76741166  0.76552404  0.76346945
      0.76125036  0.75887521  0.75635826  0.75371821  0.75097540  0.74814761
      0.74524509  0.74226579  0.73919198  0.73598912  0.73260739  0.72898529
      0.72505429  0.72074307  0.71598039  0.71069588  0.70481820  0.69827168
      0.69097400  0.68283645  0.67376315  0.66364636  0.65236302  0.63977478
      0.62572842  0.61005619  0.59257641  0.57309522  0.55140960  0.52731218
      0.50059906  0.47108050  0.43859184  0.40299709  0.36418172  0.32207688
      0.27689000  0.22989923  0.18395087  0.13827535  0.09073908  0.05221867
      0.02735294  0.01277374  0.00515564  0.00180322  0.00057961  0.00019521
      0.00007640  0.00003154  0.00001194  0.00000386  0.00000100  0.00000019
      0.00000003  0.00000000  0.00000000  0.00000000  0.00000000  0.00000000
      0.00000000  0.00000000  0.00000000  0.00000000  0.00000000  0.00000000
      0.00000000  0.00000000
non-local potential: l,potential*integration weight
  2   0.76912150  0.76760675  0.76595028  0.76413732  0.76215174  0.75997614
      0.75759211  0.75498067  0.75212294  0.74900101  0.74559909  0.74190468
      0.73790967  0.73361098  0.72901030  0.72411268  0.71892357  0.71344449
      0.70766799  0.70157269  0.69511970  0.68825139  0.68089270  0.67295452
      0.66433807  0.65493899  0.64464987  0.63336088  0.62095779  0.60731858
      0.59231097  0.57579252  0.55760996  0.53759553  0.51556511  0.49132052
      0.46465378  0.43535337  0.40321407  0.36805232  0.32972900  0.28818284
      0.24347833  0.19587209  0.14589934  0.09447627  0.04301278 -0.00644446
     -0.05093042 -0.08591183 -0.10520305 -0.10682550 -0.09345241 -0.06169428
     -0.02082920  0.00992786  0.01975432  0.01381332  0.00525699  0.00110801
      0.00015516  0.00003395  0.00001195  0.00000386  0.00000100  0.00000019
      0.00000003  0.00000000  0.00000000  0.00000000  0.00000000  0.00000000
      0.00000000  0.00000000  0.00000000  0.00000000  0.00000000  0.00000000
      0.00000000  0.00000000

 For atom type  5, l= 2 potential used as local nuclear potential
number of radial functions  **** P /pbe   - by Peter Schultz / 29Sep05 ****
  5
angular momentum, number of alphas
  0  4
alphas - s - 4s/2/4s444 Eopt + check(c1)
   1.28870000D-01  3.45430000D-01  1.62562100D+00  3.25130000D+00
wave function coefficients
   2.92671000D-01  7.38220000D-01 -1.26921800D+00  4.98262000D-01
angular momentum, number of alphas
  1  4
alphas - p - 4p/2/4p466 Eopt + reopt(c1)
   9.59990000D-02  2.83991000D-01  7.14882000D-01  1.42980000D+00
wave function coefficients
   5.29800000D-02  3.08537000D-01  3.90265000D-01 -2.95490000D-01
angular momentum, number of alphas
  0  1
alphas - s - second zeta s polarization
   1.28870000D-01
wave function coefficients
   1.00000000D+00
angular momentum, number of alphas
  1  1
alphas - p - second zeta p polarization
   9.59990000D-02
wave function coefficients
   1.00000000D+00
angular momentum, number of alphas
  2  2
alphas - d - angular polarization (dzp Eopt)
   2.20000000D-01  8.40000000D-01
wave function coefficients
   1.28980000D-01  1.00000000D+00
shell occupancies for phosphorus, P: s(2)p(3)
      2.00000000  3.00000000  0.00000000  0.00000000  0.00000000
end atom file
atom file
 Si = Si.atm
>>>>> atom type name=Si          
type number, label:
  6 Si                     
notes5
 notes for this atom file:
 Constructed by Peter A. Schultz, 27-July-2009
 Hamann-type ppot [D.R. Hamann,  PRB 40, 2980 (1989)]
 generated by fhi98PP [M.Fuchs,M.Scheffler, Comput.Phys.Commun. 119,67(1999)]
 ppot: s2p2, l=2, Rd=def, Rpc=NONE; def: Rs=1.05, Rp=1.28, Rd=1.28
 basis: refined in 4l-Si111 slab, d-fcn in Si_i[0]:Si(110-split)
energy - Td 2-atm-fcc/24^3/k12^3/uc  3p/-7.876267, 4p/-7.876617
  -7.87661700D+00
effective nuclear charge (s2p2 to 11.0)
   4.00000000D+00
pseudopotentials: Lmax, and effective gaussian range
  2   0.86000000
functional type used in generating potential:
 PBE    = dft fcnal used to generate pot
radial mesh: number of points for local and non-local pot integrals
 100  83
mesh points for nuclear potential;  ham1fh
      0.02500000  0.02658530  0.02827113  0.03006385  0.03197026  0.03399756
      0.03615341  0.03844597  0.04088390  0.04347643  0.04623336  0.04916511
      0.05228276  0.05559811  0.05912370  0.06287285  0.06685974  0.07109945
      0.07560800  0.08040246  0.08550093  0.09092272  0.09668830  0.10281950
      0.10933949  0.11627292  0.12364601  0.13148665  0.13982447  0.14869102
      0.15811981  0.16814650  0.17880900  0.19014762  0.20220526  0.21502749
      0.22866281  0.24316277  0.25858219  0.27497940  0.29241638  0.31095908
      0.33067761  0.35164652  0.37394512  0.39765771  0.42287397  0.44968924
      0.47820492  0.50852883  0.54077564  0.57506729  0.61153343  0.65031197
      0.69154953  0.73540204  0.78203533  0.83162573  0.88436075  0.94043980
      1.00007493  1.06349165  1.13092974  1.20264422  1.27890625  1.36000421
      1.44624475  1.53795397  1.63547865  1.73918756  1.84947286  1.96675157
      2.09146715  2.22409119  2.36512518  2.51510242  2.67459000  2.84419100
      3.02454674  3.21633919  3.42029358  3.63718111  3.86782191  4.11308809
      4.37390709  4.65126513  4.94621098  5.25985994  5.59339799  5.94808634
      6.32526618  6.72636373  7.15289567  7.60647483  8.08881634  8.60174407
      9.14719756  9.72723932 10.34406267 11.00000000
radwts: weights for radial points
      0.00153706  0.00163453  0.00173818  0.00184840  0.00196561  0.00209026
      0.00222280  0.00236376  0.00251365  0.00267304  0.00284255  0.00302280
      0.00321448  0.00341832  0.00363508  0.00386558  0.00411071  0.00437138
      0.00464857  0.00494335  0.00525682  0.00559016  0.00594465  0.00632161
      0.00672247  0.00714876  0.00760207  0.00808414  0.00859677  0.00914191
      0.00972161  0.01033808  0.01099364  0.01169077  0.01243210  0.01322044
      0.01405878  0.01495027  0.01589830  0.01690644  0.01797851  0.01911856
      0.02033091  0.02162013  0.02299111  0.02444902  0.02599938  0.02764805
      0.02940127  0.03126566  0.03324828  0.03535662  0.03759865  0.03998285
      0.04251824  0.04521441  0.04808154  0.05113049  0.05437277  0.05782066
      0.06148718  0.06538620  0.06953247  0.07394166  0.07863045  0.08361656
      0.08891885  0.09455737  0.10055344  0.10692973  0.11371035  0.12092095
      0.12858878  0.13674285  0.14541398  0.15463497  0.16444067  0.17486818
      0.18595692  0.19774881  0.21028845  0.22362325  0.23780364  0.25288324
      0.26891906  0.28597175  0.30410578  0.32338972  0.34389650  0.36570365
      0.38889364  0.41355415  0.43977843  0.46766564  0.49732124  0.52885736
      0.56239324  0.59805570  0.63597959  0.67630830
non-local potential: l,potential*integration weight
  0   0.49635482  0.49662152  0.49690159  0.49719521  0.49750252  0.49782355
      0.49815820  0.49850629  0.49886754  0.49924155  0.49962789  0.50002614
      0.50043594  0.50085717  0.50129009  0.50173553  0.50219518  0.50267186
      0.50316976  0.50369477  0.50425460  0.50485886  0.50551887  0.50624734
      0.50705767  0.50796308  0.50897559  0.51010488  0.51135727  0.51273497
      0.51423566  0.51585233  0.51757344  0.51938280  0.52125941  0.52317743
      0.52510704  0.52701586  0.52886906  0.53062693  0.53224159  0.53365449
      0.53479419  0.53557339  0.53588492  0.53559700  0.53454789  0.53254023
      0.52933536  0.52464807  0.51814288  0.50943301  0.49808374  0.48362184
      0.46555234  0.44338360  0.41666231  0.38502462  0.34828168  0.30657281
      0.26063374  0.21221421  0.16437910  0.12024310  0.07999860  0.04427474
      0.01844335  0.00465239 -0.00036131 -0.00096993 -0.00031637  0.00016928
      0.00027794  0.00021562  0.00013412  0.00007560  0.00003973  0.00001938
      0.00000862  0.00000339  0.00000111  0.00000026  0.00000002  0.00000000
      0.00000000  0.00000000  0.00000000  0.00000000  0.00000000  0.00000000
      0.00000000  0.00000000  0.00000000  0.00000000  0.00000000  0.00000000
      0.00000000  0.00000000  0.00000000  0.00000000
non-local potential: l,potential*integration weight
  1   0.48556431  0.48514567  0.48469678  0.48421506  0.48369769  0.48314152
      0.48254315  0.48189881  0.48120444  0.48045563  0.47964766  0.47877556
      0.47783416  0.47681823  0.47572256  0.47454227  0.47327292  0.47191088
      0.47045353  0.46889955  0.46724907  0.46550371  0.46366644  0.46174118
      0.45973220  0.45764326  0.45547655  0.45323166  0.45090466  0.44848733
      0.44596688  0.44332602  0.44054332  0.43759376  0.43444924  0.43107925
      0.42745179  0.42353460  0.41929566  0.41470273  0.40972242  0.40431979
      0.39845820  0.39209919  0.38520225  0.37772467  0.36962163  0.36084655
      0.35135191  0.34109042  0.33001685  0.31809044  0.30527765  0.29155478
      0.27690886  0.26133454  0.24482443  0.22735249  0.20885783  0.18925125
      0.16849304  0.14682249  0.12507799  0.10415181  0.08294995  0.06051852
      0.04024720  0.02486409  0.01409900  0.00703714  0.00292197  0.00095112
      0.00025189  0.00009925  0.00008107  0.00006269  0.00003796  0.00001925
      0.00000861  0.00000339  0.00000111  0.00000026  0.00000002  0.00000000
      0.00000000  0.00000000  0.00000000  0.00000000  0.00000000  0.00000000
      0.00000000  0.00000000  0.00000000  0.00000000  0.00000000  0.00000000
      0.00000000  0.00000000  0.00000000  0.00000000
non-local potential: l,potential*integration weight
  2   0.48036980  0.47962095  0.47882078  0.47796536  0.47705040  0.47607124
      0.47502280  0.47389958  0.47269564  0.47140457  0.47001952  0.46853325
      0.46693815  0.46522637  0.46338997  0.46142106  0.45931204  0.45705587
      0.45464629  0.45207809  0.44934720  0.44645076  0.44338693  0.44015448
      0.43675212  0.43317764  0.42942683  0.42549239  0.42136296  0.41702233
      0.41244910  0.40761669  0.40249369  0.39704433  0.39122901  0.38500492
      0.37832689  0.37114845  0.36342235  0.35510010  0.34613118  0.33646273
      0.32603960  0.31480447  0.30269811  0.28965997  0.27562924  0.26054668
      0.24435740  0.22701482  0.20848620  0.18876007  0.16785573  0.14583465
      0.12281305  0.09897388  0.07457621  0.04996154  0.02556215  0.00192844
     -0.02018704 -0.03962357 -0.05454960 -0.06305460 -0.06532168 -0.06222653
     -0.05190617 -0.03470137 -0.01524675  0.00085249  0.00980919  0.01124245
      0.00800936  0.00395947  0.00136711  0.00033609  0.00007208  0.00002149
      0.00000868  0.00000339  0.00000111  0.00000026  0.00000002  0.00000000
      0.00000000  0.00000000  0.00000000  0.00000000  0.00000000  0.00000000
      0.00000000  0.00000000  0.00000000  0.00000000  0.00000000  0.00000000
      0.00000000  0.00000000  0.00000000  0.00000000

 For atom type  6, l= 2 potential used as local nuclear potential
number of radial functions  **** Si/pbe   - by Peter Schultz / 28Jul09 ****
  5
angular momentum, number of alphas
  0  4
alphas - s - 4s/2/4s442
   1.04272000D-01  2.75189000D-01  1.27139800D+00  2.54280000D+00
wave function coefficients
   2.72301000D-01  5.67333000D-01 -1.00198900D+00  3.81459000D-01
angular momentum, number of alphas
  1  4
alphas - p - 4p/2/4p475 a1max + reopt(c1)
   7.31200000D-02  2.15660000D-01  5.30398000D-01  1.06080000D+00
wave function coefficients
   3.40890000D-02  2.10226000D-01  2.41205000D-01 -1.67987000D-01
angular momentum, number of alphas
  0  1
alphas - s - second zeta s polarization
   1.04272000D-01
wave function coefficients
   1.00000000D+00
angular momentum, number of alphas
  1  1
alphas - p - second zeta p polarization
   7.31200000D-02
wave function coefficients
   1.00000000D+00
angular momentum, number of alphas
  2  2
alphas - d - angular polarization Eopt
   2.60000000D-01  7.40000000D-01
wave function coefficients
   3.47500000D-01  1.00000000D+00
shell occupancies for silicon, Si: s(2.00)p(2.00)
      2.00000000  2.00000000  0.00000000  0.00000000  0.00000000
end atom file
 ionopt (0=none,2=gaussian lmcc,3=dble layer):
    2
 charge state for system
   0.00000000
number of atoms in unit cell
   55
atom, type, position;  step#     0
   AT1          Pt               -0.3472790513    1.4045577637   -0.1863620797  
   AT2          O                 2.4217621983    3.7110092234   -1.0034441484  
   AT3          O                -3.2974662136   -0.9762700521    0.0668533808  
   AT4          O                 1.3870024250   -1.9024749166   -1.0118640883  
   AT5          P                -4.8639789501   -0.6732866991   -2.5728053132  
   AT6          P                 3.3182865702   -2.7026102136    1.2370095067  
   AT7          O                -2.8831045361   -1.7592928149   -4.7323812759  
   AT8          O                -5.6618653624    1.9852348288   -3.3134101290  
   AT9          O                 5.2837742219   -0.8136812126    1.9311864125  
   AT10         O                 4.7692076985   -5.1351531084    0.0195048091  
   AT11         H                -2.1326964514   -3.4169612937   -4.3570715878  
   AT12         H                 3.5627481655   -6.3314639548   -0.7157680652  
   AT13         C                 1.7160514106   -3.6405422122    4.1889578514  
   AT14         C                -7.5465582521   -2.9361177856   -2.3401083831  
   AT15         C                -9.2904995087   -2.2588233218   -0.1215947946  
   AT16         C                -9.0133203915   -2.9324147056   -4.8510517054  
   AT17         C                -6.5389539159   -5.6243728591   -1.9288599110  
   AT18         C                -0.4382751158   -5.5435457560    3.8252432376  
   AT19         C                 0.6823853850   -1.2056291882    5.3998901292  
   AT20         C                 3.7052339005   -4.7546045887    6.0006016956  
   AT21         H                -9.9949741816   -0.3050476050   -0.2284334612  
   AT22         H                -8.2840482827   -2.5426906057    1.6676349594  
   AT23         H               -10.9557910711   -3.5128677599   -0.1905567609  
   AT24         H                -9.9551614165   -1.1502882160   -5.3316976963  
   AT25         H               -10.4935262740   -4.4064920868   -4.8171305809  
   AT26         H                -7.7413938780   -3.4520809897   -6.3978047803  
   AT27         H                -5.3839974611   -5.8086024003   -0.2203498367  
   AT28         H                -5.4317193819   -6.3260947246   -3.5315477176  
   AT29         H                -8.1789810143   -6.8711294900   -1.6788358257  
   AT30         H                -1.9926392099   -4.8704796239    2.6184514969  
   AT31         H                -1.1982017453   -5.9139699180    5.7295998511  
   AT32         H                 0.2512768807   -7.3390066510    3.0530864769  
   AT33         H                -0.7141608782   -0.2589251619    4.1817177468  
   AT34         H                 2.1581560199    0.1839398305    5.8143759577  
   AT35         H                -0.2542289070   -1.6637872719    7.2012002558  
   AT36         H                 4.4170706648   -6.6126564953    5.3931293074  
   AT37         H                 2.6911867419   -4.9773427446    7.7960855031  
   AT38         H                 5.3304807210   -3.4985670912    6.2950148955  
   AT39         P                 1.3907888255    6.4154189901   -0.0152815496  
   AT40         O                -1.7976850795    5.5880272516    0.5438997206  
   AT41         O                 2.4129657194    7.1008247622    2.4893465651  
   AT42         C                 1.8115560438    8.9702559168   -2.3773267821  
   AT43         C                 0.8244475942    8.4060895133   -5.0297657913  
   AT44         C                 0.4479565601   11.3057684958   -1.3007364976  
   AT45         C                 4.6903061097    9.4454178510   -2.4666292379  
   AT46         H                -2.6975184986    5.4358828082   -1.1068634591  
   AT47         H                 1.6745184634    6.7253986434   -5.8694136772  
   AT48         H                 1.1980875936   10.0337642766   -6.2779264371  
   AT49         H                -1.2254350263    8.1622474875   -4.9884685489  
   AT50         H                -1.6016828272   11.0110081347   -1.1634560797  
   AT51         H                 0.7329252406   12.8949821968   -2.6010278587  
   AT52         H                 1.1552559774   11.8815167112    0.5686916528  
   AT53         H                 5.7852413705    7.7773514222   -3.0531594731  
   AT54         H                 5.4115371684   10.0929151118   -0.6480529261  
   AT55         H                 4.9651855727   10.9489890628   -3.8879043110  
origin offset
   0.00000000  0.00000000  0.00000000
 symmetry center
   0.00000000  0.00000000  0.00000000
end setup phase data
 >>>> Total number of electrons=             157.0000000000
 >>>> Spin!  Number of up/dn electrons=       79.0000000000       78.0000000000
 >>>> Minimum number of occupied states=          79
 >>>> Number of basis functions, norb=         507
 ************** VERSION 2.65 CHANGE: ***************
 **** grid range default changed from 2.d-7 to 2.d-8
 **** This will cause numerical changes in results
 **** To recover pre-2.65, use input cutgrd/2.d-7
 ***************************************************
run phase input data
history
    8
no ges
states
  200
temperature
   0.01000000
iterations
  300
blend ratio
   0.30000000
convergence criterion
   0.02000000
geometry relaxation
gmethod
asd
gsteps
  200
end geometry relaxation

 >>>> Relax params (gstop,gblend,gconv,atoms-relaxd):
 >>>>    200  1.5000000  0.000800000000     55

end run phase data
cutXXX for code (grd,slo,ii,1c)
   2.00000000D-08  1.00000000D-01  1.00000000D-02  1.00000000D-04
cutall for code (s,t,nl,loc;frc)
   3.00000000D-09  3.00000000D-09  1.50000000D-07  6.00000000D-08
   3.00000000D-07  3.00000000D-07  5.00000000D-06  6.00000000D-06

 ##### output #####

 MPINFO::: Local Communicator         :::
 MPINFO::: Local Context =    0       :::
 MPINFO::: Local Size =      20       :::
 MPINFO::: Local Root =       0       :::
 MPINFO::: Local Rank =       0       :::
 Maximum record length (r8) for i/o=     1000000
 Flavor of dft that will be used for this run=PBE-SP
 ***** Note: basis transformed to split basis form
  
 LATVEC: nlat1c,nlat2c,nlat =           1           1           1

  Atom
  Type  Shell  Min-alf     range
    1        0.129289   8.279963
    2        0.102474   9.300415
    3        0.143749   7.852478
    4        0.078997  10.592631
    5        0.095999   9.608947
    6        0.073120  11.010095
 Turnover EF->DM npopdm, npop0k=         105          79
 DEV264h/wkmem: perlsolv dist-mem
 DEV/wkmem: KPSTORE= F
 DEV/wkmem: psolv version, input do_psolv= F

 Need       26500-length r*4 array to pack grid wfcns/box
 Need      452500-length r*4 array to pack all grid wfcns
 Need       26500-length r*4 array for grid wfcns scratch
 WKMEM: using stripe-parallel+Merge  setup
 Minimum maxwkd for scf to complete=    29384385
 All grid wfcns stored in    226250 of 194809119 available
 WKMEM: in-core Broyden! uses    462690 out of 194582869 available
 >>>>> geom/basis data saved to file
  
 Atom type   1  radial valence charge =    5.999995363882
 Atom type   1      xc valence charge =    6.499995360087
  
 Atom type   2  radial valence charge =    0.999999985299
  
 Atom type   3  radial valence charge =    3.999996877569
  
 Atom type   4  radial valence charge =    9.999999976019
  
 Atom type   5  radial valence charge =    4.999999641069
  
 Atom type   6  radial valence charge =    3.999999473876
 mat0set: stripe-parallel, KPSTORE= F

   sij compute    +    0.31 =       0.9 seconds wall (    0.01 usr    0.01 sys)

   sij/nlat-bcast +    0.00 =       0.9 seconds wall (    0.00 usr    0.00 sys)

   vlocmat compute+    0.24 =       1.1 seconds wall (    0.24 usr    0.00 sys)

   vlocmii compute+    0.02 =       1.1 seconds wall (    0.02 usr    0.00 sys)

   nlocmat compute+    0.13 =       1.3 seconds wall (    0.13 usr    0.00 sys)
 NLOCMAT: Max neqilat=           1

 After mat0set    +    0.04 =       1.3 seconds wall (    0.03 usr    0.00 sys)
 Atom   2   Z=  6.0   occ=  6.00   rho=  5.9908619602   core=  0.0000000000
                               rho(xc)=  6.4908618755
     vxc(afsw):   -8.98275533  -8.71527567  -0.26747966  -0.00022949
     exc(afsw):   -6.96354382  -6.73489811  -0.22864571  -0.00018462
 Atom   3   Z=  6.0   occ=  6.00   rho=  5.9887080037   core=  0.0000000000
                               rho(xc)=  6.4887079183
     vxc(afsw):   -8.96841400  -8.70091755  -0.26749645  -0.00028363
     exc(afsw):   -6.96084599  -6.73218063  -0.22866536  -0.00022820
 Atom   4   Z=  6.0   occ=  6.00   rho=  5.9888304397   core=  0.0000000000
                               rho(xc)=  6.4888303529
     vxc(afsw):   -8.97007128  -8.70257609  -0.26749520  -0.00028055
     exc(afsw):   -6.96101965  -6.73235533  -0.22866432  -0.00022572
 Atom   7   Z=  6.0   occ=  6.00   rho=  5.9935007712   core=  0.0000000000
                               rho(xc)=  6.4935006933
     vxc(afsw):   -8.99500909  -8.72755807  -0.26745102  -0.00016317
     exc(afsw):   -6.96598812  -6.73736637  -0.22862175  -0.00013126
 Atom   8   Z=  6.0   occ=  6.00   rho=  5.9914236227   core=  0.0000000000
                               rho(xc)=  6.4914235610
     vxc(afsw):   -8.98664998  -8.71917971  -0.26747026  -0.00021536
     exc(afsw):   -6.96396922  -6.73532811  -0.22864111  -0.00017326
 Atom   9   Z=  6.0   occ=  6.00   rho=  5.9977325227   core=  0.0000000000
                               rho(xc)=  6.4977324525
     vxc(afsw):   -9.01653683  -8.74913038  -0.26740645  -0.00005691
     exc(afsw):   -6.96956786  -6.74098603  -0.22858183  -0.00004577
 Atom  10   Z=  6.0   occ=  6.00   rho=  5.9891030670   core=  0.0000000000
                               rho(xc)=  6.4891029886
     vxc(afsw):   -8.97293925  -8.70544653  -0.26749272  -0.00027370
     exc(afsw):   -6.96139036  -6.73272843  -0.22866193  -0.00022021
 Atom  11   Z=  1.0   occ=  1.00   rho=  0.9975685849   core=  0.0000000000
     vxc(afsw):   -0.79507239  -0.76971349  -0.02535890  -0.00003415
     exc(afsw):   -0.62684834  -0.60464494  -0.02220340  -0.00002880
 Atom  12   Z=  1.0   occ=  1.00   rho=  0.9960131020   core=  0.0000000000
     vxc(afsw):   -0.78978066  -0.76442310  -0.02535756  -0.00005587
     exc(afsw):   -0.62428053  -0.60207600  -0.02220453  -0.00004711
 Atom  14   Z=  4.0   occ=  4.00   rho=  3.9981098650   core=  0.0000000000
     vxc(afsw):   -3.87989926  -3.65696550  -0.22293376  -0.00004309
     exc(afsw):   -3.00506815  -2.81383804  -0.19123012  -0.00003320
 Atom  17   Z=  4.0   occ=  4.00   rho=  3.9970113335   core=  0.0000000000
     vxc(afsw):   -3.87945976  -3.65651069  -0.22294907  -0.00006820
     exc(afsw):   -3.00354659  -2.81231260  -0.19123399  -0.00005252
 Atom  18   Z=  4.0   occ=  4.00   rho=  3.9978957806   core=  0.0000000000
     vxc(afsw):   -3.88234025  -3.65940042  -0.22293983  -0.00004799
     exc(afsw):   -3.00473303  -2.81350231  -0.19123072  -0.00003696
 Atom  19   Z=  4.0   occ=  4.00   rho=  4.0030528286   core=  0.0000000000
     vxc(afsw):   -3.90685643  -3.68393785  -0.22291858   0.00006932
     exc(afsw):   -3.00796003  -2.81675121  -0.19120882   0.00005331
 Atom  20   Z=  4.0   occ=  4.00   rho=  3.9980602240   core=  0.0000000000
     vxc(afsw):   -3.88218193  -3.65924389  -0.22293804  -0.00004424
     exc(afsw):   -3.00491134  -2.81368122  -0.19123011  -0.00003407
 Atom  21   Z=  1.0   occ=  1.00   rho=  0.9968826633   core=  0.0000000000
     vxc(afsw):   -0.79264204  -0.76728356  -0.02535848  -0.00004375
     exc(afsw):   -0.62571985  -0.60351591  -0.02220394  -0.00003689
 Atom  22   Z=  1.0   occ=  1.00   rho=  0.9965612371   core=  0.0000000000
     vxc(afsw):   -0.79154513  -0.76618694  -0.02535819  -0.00004825
     exc(afsw):   -0.62518907  -0.60298489  -0.02220417  -0.00004069
 Atom  23   Z=  1.0   occ=  1.00   rho=  0.9963017456   core=  0.0000000000
     vxc(afsw):   -0.79070583  -0.76534792  -0.02535791  -0.00005186
     exc(afsw):   -0.62475915  -0.60255481  -0.02220435  -0.00004373
 Atom  24   Z=  1.0   occ=  1.00   rho=  0.9973818621   core=  0.0000000000
     vxc(afsw):   -0.79430206  -0.76894313  -0.02535893  -0.00003676
     exc(afsw):   -0.62654485  -0.60434126  -0.02220359  -0.00003100
 Atom  25   Z=  1.0   occ=  1.00   rho=  0.9972408956   core=  0.0000000000
     vxc(afsw):   -0.79389903  -0.76854034  -0.02535869  -0.00003875
     exc(afsw):   -0.62630929  -0.60410563  -0.02220366  -0.00003268
 Atom  26   Z=  1.0   occ=  1.00   rho=  0.9966175531   core=  0.0000000000
     vxc(afsw):   -0.79174970  -0.76639147  -0.02535823  -0.00004746
     exc(afsw):   -0.62528175  -0.60307762  -0.02220413  -0.00004002
 Atom  27   Z=  1.0   occ=  1.00   rho=  0.9960509985   core=  0.0000000000
     vxc(afsw):   -0.78989853  -0.76454092  -0.02535761  -0.00005535
     exc(afsw):   -0.62434348  -0.60213897  -0.02220451  -0.00004667
 Atom  28   Z=  1.0   occ=  1.00   rho=  0.9959746498   core=  0.0000000000
     vxc(afsw):   -0.78966298  -0.76430547  -0.02535751  -0.00005641
     exc(afsw):   -0.62421660  -0.60201205  -0.02220455  -0.00004756
 Atom  29   Z=  1.0   occ=  1.00   rho=  0.9964824199   core=  0.0000000000
     vxc(afsw):   -0.79129257  -0.76593447  -0.02535810  -0.00004935
     exc(afsw):   -0.62505842  -0.60285419  -0.02220423  -0.00004162
 Atom  30   Z=  1.0   occ=  1.00   rho=  0.9973388929   core=  0.0000000000
     vxc(afsw):   -0.79419491  -0.76883609  -0.02535882  -0.00003737
     exc(afsw):   -0.62647233  -0.60426872  -0.02220360  -0.00003152
 Atom  31   Z=  1.0   occ=  1.00   rho=  0.9974596307   core=  0.0000000000
     vxc(afsw):   -0.79455369  -0.76919469  -0.02535900  -0.00003568
     exc(afsw):   -0.62667350  -0.60446996  -0.02220354  -0.00003009
 Atom  32   Z=  1.0   occ=  1.00   rho=  0.9962924028   core=  0.0000000000
     vxc(afsw):   -0.79064707  -0.76528914  -0.02535793  -0.00005198
     exc(afsw):   -0.62474452  -0.60254015  -0.02220436  -0.00004384
 Atom  33   Z=  1.0   occ=  1.00   rho=  0.9978586121   core=  0.0000000000
     vxc(afsw):   -0.79558301  -0.77022327  -0.02535973  -0.00003006
     exc(afsw):   -0.62734301  -0.60513964  -0.02220337  -0.00002535
 Atom  34   Z=  1.0   occ=  1.00   rho=  0.9964578525   core=  0.0000000000
     vxc(afsw):   -0.79124347  -0.76588544  -0.02535803  -0.00004970
     exc(afsw):   -0.62501672  -0.60281249  -0.02220423  -0.00004192
 Atom  35   Z=  1.0   occ=  1.00   rho=  0.9962544689   core=  0.0000000000
     vxc(afsw):   -0.79054442  -0.76518656  -0.02535786  -0.00005253
     exc(afsw):   -0.62468105  -0.60247667  -0.02220438  -0.00004430
 Atom  36   Z=  1.0   occ=  1.00   rho=  0.9978348325   core=  0.0000000000
     vxc(afsw):   -0.79557314  -0.77021351  -0.02535963  -0.00003040
     exc(afsw):   -0.62730142  -0.60509805  -0.02220336  -0.00002563
 Atom  37   Z=  1.0   occ=  1.00   rho=  0.9975915616   core=  0.0000000000
     vxc(afsw):   -0.79518254  -0.76982372  -0.02535882  -0.00003383
     exc(afsw):   -0.62688416  -0.60468080  -0.02220336  -0.00002854
 Atom  38   Z=  1.0   occ=  1.00   rho=  0.9962546137   core=  0.0000000000
     vxc(afsw):   -0.79055243  -0.76519458  -0.02535785  -0.00005253
     exc(afsw):   -0.62468106  -0.60247669  -0.02220438  -0.00004430
 Atom  40   Z=  6.0   occ=  6.00   rho=  5.9912247155   core=  0.0000000000
                               rho(xc)=  6.4912246386
     vxc(afsw):   -8.98458758  -8.71711115  -0.26747643  -0.00022037
     exc(afsw):   -6.96392378  -6.73528137  -0.22864240  -0.00017729
 Atom  41   Z=  6.0   occ=  6.00   rho=  5.9962745193   core=  0.0000000000
                               rho(xc)=  6.4962744707
     vxc(afsw):   -9.00753511  -8.74012005  -0.26741506  -0.00009350
     exc(afsw):   -6.96821029  -6.73961411  -0.22859618  -0.00007521
 Atom  42   Z=  4.0   occ=  4.00   rho=  3.9975574507   core=  0.0000000000
     vxc(afsw):   -3.88249676  -3.65955303  -0.22294373  -0.00005572
     exc(afsw):   -3.00433548  -2.81310352  -0.19123196  -0.00004291
 Atom  44   Z=  4.0   occ=  4.00   rho=  3.9979659886   core=  0.0000000000
     vxc(afsw):   -3.88142211  -3.65848457  -0.22293754  -0.00004638
     exc(afsw):   -3.00485186  -2.81362132  -0.19123054  -0.00003573
 Atom  45   Z=  4.0   occ=  4.00   rho=  3.9983471456   core=  0.0000000000
     vxc(afsw):   -3.88028212  -3.65735001  -0.22293211  -0.00003768
     exc(afsw):   -3.00527391  -2.81404472  -0.19122919  -0.00002903
 Atom  46   Z=  1.0   occ=  1.00   rho=  0.9976161861   core=  0.0000000000
     vxc(afsw):   -0.79523372  -0.76987482  -0.02535890  -0.00003349
     exc(afsw):   -0.62692612  -0.60472276  -0.02220336  -0.00002824
 Atom  47   Z=  1.0   occ=  1.00   rho=  0.9963654456   core=  0.0000000000
     vxc(afsw):   -0.79089928  -0.76554128  -0.02535799  -0.00005098
     exc(afsw):   -0.62486508  -0.60266077  -0.02220431  -0.00004299
 Atom  48   Z=  1.0   occ=  1.00   rho=  0.9962817847   core=  0.0000000000
     vxc(afsw):   -0.79065289  -0.76529502  -0.02535787  -0.00005216
     exc(afsw):   -0.62472569  -0.60252134  -0.02220435  -0.00004398
 Atom  49   Z=  1.0   occ=  1.00   rho=  0.9966466377   core=  0.0000000000
     vxc(afsw):   -0.79187605  -0.76651785  -0.02535821  -0.00004707
     exc(afsw):   -0.62532873  -0.60312463  -0.02220410  -0.00003969
 Atom  50   Z=  1.0   occ=  1.00   rho=  0.9959434286   core=  0.0000000000
     vxc(afsw):   -0.78956536  -0.76420789  -0.02535747  -0.00005684
     exc(afsw):   -0.62416475  -0.60196018  -0.02220457  -0.00004793
 Atom  51   Z=  1.0   occ=  1.00   rho=  0.9959295060   core=  0.0000000000
     vxc(afsw):   -0.78952482  -0.76416737  -0.02535745  -0.00005704
     exc(afsw):   -0.62414154  -0.60193696  -0.02220458  -0.00004810
 Atom  52   Z=  1.0   occ=  1.00   rho=  0.9977166019   core=  0.0000000000
     vxc(afsw):   -0.79548898  -0.77012985  -0.02535913  -0.00003207
     exc(afsw):   -0.62709559  -0.60489227  -0.02220332  -0.00002705
 Atom  53   Z=  1.0   occ=  1.00   rho=  0.9964608220   core=  0.0000000000
     vxc(afsw):   -0.79121464  -0.76585655  -0.02535809  -0.00004964
     exc(afsw):   -0.62502292  -0.60281868  -0.02220424  -0.00004186
 Atom  54   Z=  1.0   occ=  1.00   rho=  0.9961315552   core=  0.0000000000
     vxc(afsw):   -0.79015481  -0.76479710  -0.02535771  -0.00005424
     exc(afsw):   -0.62447711  -0.60227266  -0.02220446  -0.00004574
 Atom  55   Z=  1.0   occ=  1.00   rho=  0.9972488473   core=  0.0000000000
     vxc(afsw):   -0.79395886  -0.76860021  -0.02535865  -0.00003864
     exc(afsw):   -0.62632127  -0.60411763  -0.02220364  -0.00003259
 ***** CAUTION: grid fineness questionable

 grid0xc compute+    0.49 =       1.8 seconds wall (    0.43 usr    0.06 sys)

 grid0xc Merge  +    0.04 =       1.8 seconds wall (    0.00 usr    0.03 sys)

 grid0xc Bcast  +    0.13 =       2.0 seconds wall (    0.13 usr    0.00 sys)


 AFTER SETUP PHASE+   11.05 =      13.0 seconds wall (    0.16 usr    0.29 sys)

  
 *************************  iteration   0 begins here  *************************


 Before iterations+    0.05 =      13.1 seconds wall (    0.05 usr    0.00 sys)
  
 grid-integrated up-density total =       78.4330511980
 grid-integrated dn-density total =       78.4330511980
 grid-integrated valence-density total =      156.8661023960
 Harris Fcnal XC piece=       42.6978994167
  
  

 After 0 iteration+    0.55 =      13.6 seconds wall (    0.50 usr    0.04 sys)
 *************************  iteration   1 begins here  *************************


 erlsolv/begin  +    0.01 =      13.6 seconds wall (    0.00 usr    0.01 sys)
 PERLSOLV: kpp-copmatible version

 erlsolv/schroed+    0.20 =      13.8 seconds wall (    0.09 usr    0.02 sys)

 erlsolv/pop    +    0.00 =      13.8 seconds wall (    0.00 usr    0.00 sys)

 erlsolv/dmat compute+    0.00 =      13.8 seconds wall (    0.00 usr    0.00 sys)

 erlsolv/dmat compute+    0.01 =      13.8 seconds wall (    0.00 usr    0.00 sys)

 erlsolv/rhoij  +    0.01 =      13.8 seconds wall (    0.00 usr    0.01 sys)

 spin-up fermi level =   -0.350740 Ry,   gap(0K)= 0.198571 Ry = 2.702 eV
 spin-dn fermi level =   -0.451944 Ry,   gap(0K)= 0.004039 Ry = 0.055 eV

 k-vector:                  1
  weight:               1.000000
            level/UP/occup       level/DN/occup
  
    1    -1.943884  1.0000    -1.943884  1.0000
    2    -1.933054  1.0000    -1.933054  1.0000
    3    -1.920655  1.0000    -1.920655  1.0000
    4    -1.844998  1.0000    -1.844998  1.0000
             ...      ...         ...      ...
   60    -0.698955  1.0000    -0.698955  1.0000
   61    -0.696476  1.0000    -0.696476  1.0000
   62    -0.681412  1.0000    -0.681412  1.0000
   63    -0.678355  1.0000    -0.678355  1.0000
   64    -0.659944  1.0000    -0.659944  1.0000
   65    -0.643860  1.0000    -0.643860  1.0000
   66    -0.632291  1.0000    -0.632291  1.0000
   67    -0.625739  1.0000    -0.625739  1.0000
   68    -0.619773  1.0000    -0.619773  1.0000
   69    -0.611819  1.0000    -0.611819  1.0000
   70    -0.602819  1.0000    -0.602819  1.0000
   71    -0.594966  1.0000    -0.594966  1.0000
   72    -0.584867  1.0000    -0.584867  1.0000
   73    -0.577636  1.0000    -0.577636  1.0000
   74    -0.575646  1.0000    -0.575646  1.0000
   75    -0.556115  1.0000    -0.556115  1.0000
   76    -0.513568  1.0000    -0.513568  0.9979
   77    -0.510487  1.0000    -0.510487  0.9971
   78    -0.454064  1.0000    -0.454064  0.5528
   79    -0.450025  1.0000    -0.450025  0.4522
   80    -0.251454  0.0000    -0.251454  0.0000
   81    -0.058459  0.0000    -0.058459  0.0000
   82    -0.014638  0.0000    -0.014638  0.0000
   83    -0.003517  0.0000    -0.003517  0.0000
   84     0.019144  0.0000     0.019144  0.0000
   85     0.026248  0.0000     0.026248  0.0000
   86     0.037018  0.0000     0.037018  0.0000
   87     0.048967  0.0000     0.048967  0.0000
             ...      ...         ...      ...
  200     1.044926  0.0000     1.044926  0.0000
  
 delta movement in up-elecs =        9.7680854582
 delta movement in dn-elecs =        9.6547198649
 delta movement in electrons =       19.1926504712

 one-center local charge defect =         0.07768579

 one-center local charge defect =         0.07648814

 LMCC local dipole, |dip|=        4.5692429393
 Using LMCC treatment of supercell electrostatics
 DBG/LMCCINT, esns diagnostics redone
 LMCC chemical potential shift(Ry,eV)=       -0.0000027191       -0.0000369961
 LMCC esns total grid integral=        2.2448382956
  
 grid-integrated up-density total =       78.9146149678
 grid-integrated dn-density total =       77.9158129262
 grid-integrated valence-density total =      156.8304278940
  
 TOTAL single particle eigenvalue sum=      -152.5988850170
  
 rms,max scfchange=  1.1515D-02  6.8014D-01 for component#    310898
 electronic meth_bl(BROYDEN)=           1
 EBROYDDJ: in-core history
>>>>> Broyden: first step (elec) simple blend ratio= 0.300000
<<<<< Broyden step complete, scf step=     1

 After blending   +   22.99 =      36.8 seconds wall (    4.92 usr    0.74 sys)
  
 *************************  iteration   2 begins here  *************************


 erlsolv/begin  +    0.01 =      36.8 seconds wall (    0.00 usr    0.00 sys)
 PERLSOLV: kpp-copmatible version

 erlsolv/schroed+    0.11 =      36.9 seconds wall (    0.08 usr    0.01 sys)

 erlsolv/pop    +    0.00 =      36.9 seconds wall (    0.00 usr    0.00 sys)

 erlsolv/dmat compute+    0.00 =      36.9 seconds wall (    0.00 usr   -0.00 sys)

 erlsolv/dmat compute+    0.01 =      36.9 seconds wall (    0.00 usr    0.00 sys)

 erlsolv/rhoij  +    0.01 =      37.0 seconds wall (    0.00 usr    0.00 sys)

 spin-up fermi level =   -0.400281 Ry,   gap(0K)= 0.126082 Ry = 1.715 eV
 spin-dn fermi level =   -0.467979 Ry,   gap(0K)= 0.016179 Ry = 0.220 eV
  
 delta movement in up-elecs =        8.0243328292
 delta movement in dn-elecs =        8.1474845844
 delta movement in electrons =       15.9570591454

 one-center local charge defect =         0.07626396

 one-center local charge defect =         0.07459034

 LMCC local dipole, |dip|=        3.2244110684
 Using LMCC treatment of supercell electrostatics
 DBG/LMCCINT, esns diagnostics redone
 LMCC chemical potential shift(Ry,eV)=       -0.0000108529       -0.0001476623
 LMCC esns total grid integral=        1.1518709253
  
 grid-integrated up-density total =       78.9162022424
 grid-integrated dn-density total =       77.9178813103
 grid-integrated valence-density total =      156.8340835527
  
 TOTAL single particle eigenvalue sum=      -148.3593787053
  
 rms,max scfchange=  8.3190D-03  7.7229D-01 for component#     53849
 electronic meth_bl(BROYDEN)=           1
>>>>> Broyden blend to get next step - elec
<<<<< Broyden step complete, scf step=     2

 After blending   +   21.45 =      58.4 seconds wall (    5.79 usr    0.81 sys)
  
 *************************  iteration   3 begins here  *************************


 erlsolv/begin  +    0.00 =      58.4 seconds wall (    0.00 usr    0.00 sys)
 PERLSOLV: kpp-copmatible version

 erlsolv/schroed+    0.11 =      58.5 seconds wall (    0.09 usr    0.01 sys)

 erlsolv/pop    +    0.00 =      58.5 seconds wall (    0.00 usr    0.00 sys)

 erlsolv/dmat compute+    0.00 =      58.5 seconds wall (    0.00 usr    0.00 sys)

 erlsolv/dmat compute+    0.01 =      58.5 seconds wall (    0.00 usr    0.00 sys)

 erlsolv/rhoij  +    0.01 =      58.5 seconds wall (    0.00 usr    0.01 sys)

 spin-up fermi level =   -0.354580 Ry,   gap(0K)= 0.163933 Ry = 2.230 eV
 spin-dn fermi level =   -0.433116 Ry,   gap(0K)= 0.018725 Ry = 0.255 eV
  
 delta movement in up-elecs =        7.9270355496
 delta movement in dn-elecs =        7.7375115681
 delta movement in electrons =       15.4117061573

 one-center local charge defect =         0.07644518

 one-center local charge defect =         0.07515739

 LMCC local dipole, |dip|=        3.2010631309
 Using LMCC treatment of supercell electrostatics
 DBG/LMCCINT, esns diagnostics redone
 LMCC chemical potential shift(Ry,eV)=        0.0000041154        0.0000559937
 LMCC esns total grid integral=        0.9602875775
  
 grid-integrated up-density total =       78.9160705195
 grid-integrated dn-density total =       77.9173593179
 grid-integrated valence-density total =      156.8334298374
  
 TOTAL single particle eigenvalue sum=      -146.4502808674
  
 rms,max scfchange=  4.7695D-03  4.8001D-01 for component#     53849
 electronic meth_bl(BROYDEN)=           1
>>>>> Broyden blend to get next step - elec
<<<<< Broyden step complete, scf step=     3

 After blending   +   24.76 =      83.3 seconds wall (    5.18 usr    0.80 sys)
  
 *************************  iteration   4 begins here  *************************


 erlsolv/begin  +    0.02 =      83.3 seconds wall (    0.01 usr    0.00 sys)
 PERLSOLV: kpp-copmatible version

 erlsolv/schroed+    0.09 =      83.4 seconds wall (    0.08 usr    0.00 sys)

 erlsolv/pop    +    0.00 =      83.4 seconds wall (    0.00 usr    0.00 sys)

 erlsolv/dmat compute+    0.00 =      83.4 seconds wall (    0.00 usr    0.00 sys)

 erlsolv/dmat compute+    0.00 =      83.4 seconds wall (    0.00 usr    0.00 sys)

 erlsolv/rhoij  +    0.02 =      83.4 seconds wall (    0.00 usr    0.01 sys)

 spin-up fermi level =   -0.370741 Ry,   gap(0K)= 0.169874 Ry = 2.311 eV
 spin-dn fermi level =   -0.442204 Ry,   gap(0K)= 0.023881 Ry = 0.325 eV
  
 delta movement in up-elecs =        7.6880320312
 delta movement in dn-elecs =        7.4674239823
 delta movement in electrons =       14.9074968798

 one-center local charge defect =         0.07643908

 one-center local charge defect =         0.07519682

 LMCC local dipole, |dip|=        2.8469042267
 Using LMCC treatment of supercell electrostatics
 DBG/LMCCINT, esns diagnostics redone
 LMCC chemical potential shift(Ry,eV)=        0.0000032464        0.0000441699
 LMCC esns total grid integral=        0.7967669183
  
 grid-integrated up-density total =       78.9161298019
 grid-integrated dn-density total =       77.9173727211
 grid-integrated valence-density total =      156.8335025230
  
 TOTAL single particle eigenvalue sum=      -145.8825675441
  
 rms,max scfchange=  2.9481D-03  2.7613D-01 for component#     53849
 electronic meth_bl(BROYDEN)=           1
>>>>> Broyden blend to get next step - elec
<<<<< Broyden step complete, scf step=     4

 After blending   +   31.48 =     114.9 seconds wall (    5.13 usr    0.81 sys)
  
 *************************  iteration   5 begins here  *************************


 erlsolv/begin  +    0.00 =     114.9 seconds wall (    0.00 usr    0.00 sys)
 PERLSOLV: kpp-copmatible version

 erlsolv/schroed+    0.09 =     115.0 seconds wall (    0.08 usr    0.01 sys)

 erlsolv/pop    +    0.00 =     115.0 seconds wall (    0.00 usr    0.00 sys)

 erlsolv/dmat compute+    0.01 =     115.0 seconds wall (    0.00 usr    0.00 sys)

 erlsolv/dmat compute+    0.00 =     115.0 seconds wall (    0.00 usr    0.00 sys)

 erlsolv/rhoij  +    0.02 =     115.0 seconds wall (    0.00 usr    0.01 sys)

 spin-up fermi level =   -0.385498 Ry,   gap(0K)= 0.171512 Ry = 2.334 eV
 spin-dn fermi level =   -0.448664 Ry,   gap(0K)= 0.027544 Ry = 0.375 eV
  
 delta movement in up-elecs =        7.6352752801
 delta movement in dn-elecs =        7.3454429104
 delta movement in electrons =       14.7537336501

 one-center local charge defect =         0.07640357

 one-center local charge defect =         0.07507601

 LMCC local dipole, |dip|=        2.0250322780
 Using LMCC treatment of supercell electrostatics
 DBG/LMCCINT, esns diagnostics redone
 LMCC chemical potential shift(Ry,eV)=        0.0000013550        0.0000184365
 LMCC esns total grid integral=        0.7212483297
  
 grid-integrated up-density total =       78.9161793912
 grid-integrated dn-density total =       77.9175080592
 grid-integrated valence-density total =      156.8336874504
  
 TOTAL single particle eigenvalue sum=      -146.0891204368
  
 rms,max scfchange=  8.8276D-04  7.8164D-02 for component#     53849
 electronic meth_bl(BROYDEN)=           1
>>>>> Broyden blend to get next step - elec
<<<<< Broyden step complete, scf step=     5

 After blending   +   26.02 =     141.0 seconds wall (    5.27 usr    0.80 sys)
  
 *************************  iteration   6 begins here  *************************


 erlsolv/begin  +    0.15 =     141.2 seconds wall (    0.14 usr    0.00 sys)
 PERLSOLV: kpp-copmatible version

 erlsolv/schroed+    0.09 =     141.2 seconds wall (    0.08 usr    0.00 sys)

 erlsolv/pop    +    0.00 =     141.2 seconds wall (    0.00 usr    0.00 sys)

 erlsolv/dmat compute+    0.00 =     141.2 seconds wall (    0.00 usr    0.00 sys)

 erlsolv/dmat compute+    0.01 =     141.3 seconds wall (    0.00 usr    0.00 sys)

 erlsolv/rhoij  +    0.01 =     141.3 seconds wall (    0.01 usr    0.00 sys)

 spin-up fermi level =   -0.387045 Ry,   gap(0K)= 0.167126 Ry = 2.274 eV
 spin-dn fermi level =   -0.445244 Ry,   gap(0K)= 0.019627 Ry = 0.267 eV
  
 delta movement in up-elecs =        7.6191945593
 delta movement in dn-elecs =        7.3179868184
 delta movement in electrons =       14.6990160651

 one-center local charge defect =         0.07641264

 one-center local charge defect =         0.07503712

 LMCC local dipole, |dip|=        1.5805020234
 Using LMCC treatment of supercell electrostatics
 DBG/LMCCINT, esns diagnostics redone
 LMCC chemical potential shift(Ry,eV)=       -0.0000007106       -0.0000096685
 LMCC esns total grid integral=        0.6971180869
  
 grid-integrated up-density total =       78.9161807969
 grid-integrated dn-density total =       77.9175577510
 grid-integrated valence-density total =      156.8337385479
  
 TOTAL single particle eigenvalue sum=      -146.1466679028
  
 rms,max scfchange=  8.7736D-04  9.1751D-02 for component#     55373
 electronic meth_bl(BROYDEN)=           1
>>>>> Broyden blend to get next step - elec
<<<<< Broyden step complete, scf step=     6

 After blending   +   31.62 =     172.9 seconds wall (    4.81 usr    0.79 sys)
  
 *************************  iteration   7 begins here  *************************


 erlsolv/begin  +    0.01 =     172.9 seconds wall (    0.00 usr    0.00 sys)
 PERLSOLV: kpp-copmatible version

 erlsolv/schroed+    0.12 =     173.0 seconds wall (    0.08 usr    0.01 sys)

 erlsolv/pop    +    0.00 =     173.0 seconds wall (    0.00 usr    0.00 sys)

 erlsolv/dmat compute+    0.00 =     173.0 seconds wall (    0.00 usr    0.00 sys)

 erlsolv/dmat compute+    0.01 =     173.0 seconds wall (    0.00 usr    0.00 sys)

 erlsolv/rhoij  +    0.18 =     173.2 seconds wall (    0.00 usr    0.01 sys)

 spin-up fermi level =   -0.386854 Ry,   gap(0K)= 0.173602 Ry = 2.362 eV
 spin-dn fermi level =   -0.445094 Ry,   gap(0K)= 0.029634 Ry = 0.403 eV
  
 delta movement in up-elecs =        7.6181527555
 delta movement in dn-elecs =        7.3378979231
 delta movement in electrons =       14.7132174877

 one-center local charge defect =         0.07639564

 one-center local charge defect =         0.07510037

 LMCC local dipole, |dip|=        1.9481150766
 Using LMCC treatment of supercell electrostatics
 DBG/LMCCINT, esns diagnostics redone
 LMCC chemical potential shift(Ry,eV)=        0.0000010812        0.0000147106
 LMCC esns total grid integral=        0.7084790998
  
 grid-integrated up-density total =       78.9162002585
 grid-integrated dn-density total =       77.9174964043
 grid-integrated valence-density total =      156.8336966628
  
 TOTAL single particle eigenvalue sum=      -146.0856959069
  
 rms,max scfchange=  5.0862D-04  4.9525D-02 for component#     53849
 electronic meth_bl(BROYDEN)=           1
>>>>> Broyden blend to get next step - elec
<<<<< Broyden step complete, scf step=     7

 After blending   +   22.53 =     195.7 seconds wall (    5.28 usr    0.80 sys)
  
 *************************  iteration   8 begins here  *************************


 erlsolv/begin  +    0.01 =     195.7 seconds wall (    0.00 usr    0.00 sys)
 PERLSOLV: kpp-copmatible version

 erlsolv/schroed+    0.10 =     195.8 seconds wall (    0.08 usr    0.00 sys)

 erlsolv/pop    +    0.00 =     195.8 seconds wall (    0.00 usr    0.00 sys)

 erlsolv/dmat compute+    0.01 =     195.9 seconds wall (    0.00 usr    0.00 sys)

 erlsolv/dmat compute+    0.00 =     195.9 seconds wall (    0.00 usr    0.00 sys)

 erlsolv/rhoij  +    0.02 =     195.9 seconds wall (    0.00 usr    0.01 sys)

 spin-up fermi level =   -0.387782 Ry,   gap(0K)= 0.170222 Ry = 2.316 eV
 spin-dn fermi level =   -0.443293 Ry,   gap(0K)= 0.028115 Ry = 0.383 eV
  
 delta movement in up-elecs =        7.6126076788
 delta movement in dn-elecs =        7.3399048212
 delta movement in electrons =       14.6957177139

 one-center local charge defect =         0.07638245

 one-center local charge defect =         0.07508550

 LMCC local dipole, |dip|=        1.7741551271
 Using LMCC treatment of supercell electrostatics
 DBG/LMCCINT, esns diagnostics redone
 LMCC chemical potential shift(Ry,eV)=        0.0000005053        0.0000068753
 LMCC esns total grid integral=        0.7012394607
  
 grid-integrated up-density total =       78.9162192187
 grid-integrated dn-density total =       77.9175171937
 grid-integrated valence-density total =      156.8337364125
  
 TOTAL single particle eigenvalue sum=      -146.0978509298
  
 rms,max scfchange=  1.1383D-04  2.0462D-02 for component#    313438
 electronic meth_bl(BROYDEN)=           1
>>>>> Broyden blend to get next step - elec
<<<<< Broyden step complete, scf step=     8

 After blending   +   26.44 =     222.3 seconds wall (    5.60 usr    0.80 sys)
  
 *************************  iteration   9 begins here  *************************


 erlsolv/begin  +    0.13 =     222.4 seconds wall (    0.12 usr    0.00 sys)
 PERLSOLV: kpp-copmatible version

 erlsolv/schroed+    0.09 =     222.5 seconds wall (    0.08 usr    0.00 sys)

 erlsolv/pop    +    0.00 =     222.5 seconds wall (    0.00 usr    0.00 sys)

 erlsolv/dmat compute+    0.00 =     222.5 seconds wall (    0.00 usr    0.00 sys)

 erlsolv/dmat compute+    0.01 =     222.5 seconds wall (    0.00 usr    0.00 sys)

 erlsolv/rhoij  +    0.01 =     222.5 seconds wall (    0.00 usr    0.01 sys)

 spin-up fermi level =   -0.388153 Ry,   gap(0K)= 0.169639 Ry = 2.308 eV
 spin-dn fermi level =   -0.442818 Ry,   gap(0K)= 0.029173 Ry = 0.397 eV
  
 delta movement in up-elecs =        7.6120184412
 delta movement in dn-elecs =        7.3469482769
 delta movement in electrons =       14.6973763357

 one-center local charge defect =         0.07637438

 one-center local charge defect =         0.07508922

 LMCC local dipole, |dip|=        1.8045909447
 Using LMCC treatment of supercell electrostatics
 DBG/LMCCINT, esns diagnostics redone
 LMCC chemical potential shift(Ry,eV)=        0.0000006253        0.0000085076
 LMCC esns total grid integral=        0.7015279321
  
 grid-integrated up-density total =       78.9162294612
 grid-integrated dn-density total =       77.9175157372
 grid-integrated valence-density total =      156.8337451984
  
 TOTAL single particle eigenvalue sum=      -146.0966744147
  
 rms,max scfchange=  1.4038D-04  1.2693D-02 for component#     53849
 ######################  ENERGY ANALYSIS  #######################
    Spherical-atom es ENERGY correction =      -444.3664471588
    Full spherical atom trace ENERGY =         -229.3879960208
    Spherical-atom-Vxc trace ENERGY =           266.1561789914
    non-spherical es ENERGY =                     0.7015587847
    Total Exc ENERGY =                         -146.2588533414

    total kinetic trace ENERGY =          403.4759018559
    non-local ps-pot trace ENERGY =        56.9232816659
    total electrostatic ENERGY =         -867.2958889252
    Total Vxc ENERGY =                   -189.7226427692

    TOTAL ENERGY (Rydberg) =                   -553.1555587448

 ################################################################

 After blending   +   21.51 =     244.0 seconds wall (    5.05 usr    0.81 sys)
  
 >>>>> self-consistency achieved, iteration   9


 Final GAP(eV)=  2.3081 (up),  0.3969 (dn)

 spin-up fermi level =   -0.388153 Ry,   gap(0K)= 0.169639 Ry = 2.308 eV
 spin-dn fermi level =   -0.442818 Ry,   gap(0K)= 0.029173 Ry = 0.397 eV

 k-vector:                  1
  weight:               1.000000
            level/UP/occup       level/DN/occup
  
    1    -2.000841  1.0000    -1.998548  1.0000
    2    -1.951649  1.0000    -1.950606  1.0000
    3    -1.932263  1.0000    -1.930273  1.0000
    4    -1.888381  1.0000    -1.880047  1.0000
             ...      ...         ...      ...
   60    -0.639279  1.0000    -0.638523  1.0000
   61    -0.629724  1.0000    -0.622431  1.0000
   62    -0.618244  1.0000    -0.617552  1.0000
   63    -0.614913  1.0000    -0.613243  1.0000
   64    -0.610647  1.0000    -0.608778  1.0000
   65    -0.608054  1.0000    -0.605245  1.0000
   66    -0.598370  1.0000    -0.594072  1.0000
   67    -0.577353  1.0000    -0.570918  1.0000
   68    -0.569756  1.0000    -0.565011  1.0000
   69    -0.562208  1.0000    -0.552987  1.0000
   70    -0.555780  1.0000    -0.547471  1.0000
   71    -0.540119  1.0000    -0.529790  0.9998
   72    -0.532236  1.0000    -0.522047  0.9996
   73    -0.525626  1.0000    -0.516389  0.9994
   74    -0.505217  1.0000    -0.498689  0.9963
   75    -0.492893  1.0000    -0.487224  0.9883
   76    -0.491066  1.0000    -0.472169  0.9496
   77    -0.482958  0.9999    -0.471170  0.9445
   78    -0.480734  0.9999    -0.461398  0.8651
   79    -0.478569  0.9999    -0.432225  0.2574
   80    -0.308930  0.0004    -0.295742  0.0000
   81    -0.091746  0.0000    -0.086920  0.0000
   82    -0.056261  0.0000    -0.055616  0.0000
   83    -0.025979  0.0000    -0.022355  0.0000
   84    -0.001423  0.0000    -0.000492  0.0000
   85     0.010131  0.0000     0.011173  0.0000
   86     0.034645  0.0000     0.036990  0.0000
   87     0.041685  0.0000     0.042320  0.0000
   88     0.053749  0.0000     0.054326  0.0000
             ...      ...         ...      ...
  200     1.081185  0.0000     1.082180  0.0000
  
 >>>>> grid delta-density saved to file

 FINAL CONVERGED ENERGY (Rydberg) =     -553.1555587448
 Binding energy =      -39.9201637448 Ry =           -543.1460 eV

 AFTER ITERATIONS +    0.15 =     244.2 seconds wall (    0.00 usr    0.02 sys)
 Atom  20   Z=  4.0   occ=  4.00   rho=  3.9980602240   core=  0.0000000000
     vxc(afs ):   -3.88218193  -3.65924389  -0.22293804
     exc(afs ):   -3.00491134  -2.81368122  -0.19123011
 Atom  40   Z=  6.0   occ=  6.00   rho=  5.9912247155   core=  0.0000000000
                               rho(xc)=  6.4912246386
     vxc(afs ):   -8.98458758  -8.71711115  -0.26747643
     exc(afs ):   -6.96392378  -6.73528137  -0.22864240

 atom xc0frc stress term=      121.5799295835
 mat0frc: stripe-parallel, KPSTORE= F
  
 total force contributions(Ry/bohr):
        atom       x force          y force          z force
          1      0.0002749485     0.0000702325     0.0004405766
          2     -0.0001651463    -0.0001899787    -0.0002072107
          3      0.0000452775     0.0002130163    -0.0002271347
          4     -0.0001745970     0.0000417457    -0.0001239749
          5      0.0003933672     0.0005363500    -0.0004181788
          6      0.0001464009     0.0001556523     0.0001367552
          7      0.0000881848     0.0000088453     0.0000244465
          8     -0.0000063845    -0.0000014578    -0.0001111693
          9     -0.0019353527     0.0003154597    -0.0000361411
         10      0.0001334200    -0.0000366703    -0.0001651817
         11      0.0000725633     0.0001327745     0.0000802591
         12     -0.0000051094    -0.0000375601    -0.0000136835
         13     -0.0001466336    -0.0001283977     0.0000293296
         14     -0.0000282230     0.0001045805     0.0001087435
         15      0.0004799410    -0.0002356568    -0.0002983081
         16      0.0007561797    -0.0004166161    -0.0003845242
         17      0.0025087973     0.0000058104     0.0004995607
         18     -0.0000461754     0.0000637756     0.0000820161
         19     -0.0000102296    -0.0001859946     0.0000945494
         20     -0.0005116090    -0.0003121593     0.0000029445
         21      0.0000611643    -0.0002016751    -0.0000341519
         22      0.0000412489    -0.0000534983    -0.0000033483
         23      0.0000183166    -0.0000318192    -0.0000614045
         24      0.0003515331    -0.0000691815     0.0000229458
         25      0.0000717009    -0.0001182984     0.0000743214
         26      0.0000056471    -0.0002197402    -0.0001844076
         27     -0.0001170645     0.0000058494    -0.0002850907
         28      0.0002722129     0.0001522059     0.0000524388
         29      0.0000151876    -0.0002700321     0.0001745280
         30      0.0000396932    -0.0000247457     0.0000428929
         31     -0.0000024553    -0.0000089244     0.0000071154
         32      0.0000000000    -0.0000273182    -0.0000062434
         33     -0.0000601037     0.0000307062     0.0000216922
         34      0.0002150474     0.0000878274     0.0000575618
         35     -0.0000141888    -0.0000039610     0.0000046380
         36      0.0000330900    -0.0000389121    -0.0000111149
         37      0.0000037786     0.0000066031     0.0000280212
         38      0.0002286799    -0.0000167295    -0.0000578280
         39      0.0000528555     0.0003035395     0.0003102739
         40     -0.0001593066    -0.0001809805    -0.0001520414
         41     -0.0000672393    -0.0001020366    -0.0002269541
         42     -0.0000391547    -0.0000917403     0.0000332879
         43     -0.0000527618     0.0000074047    -0.0000082172
         44     -0.0000058653     0.0000044463    -0.0000155477
         45     -0.0001081569     0.0000690501     0.0000321051
         46      0.0001049086     0.0000760572     0.0001785218
         47      0.0000110200    -0.0000102805    -0.0000102412
         48      0.0000058758    -0.0000027948    -0.0000058827
         49      0.0000718122     0.0000099006    -0.0000098305
         50      0.0000138289     0.0000152668    -0.0000036501
         51     -0.0000035168    -0.0000090678     0.0000075010
         52      0.0000000000     0.0000033034    -0.0000063054
         53      0.0000429779    -0.0000528799    -0.0000198672
         54      0.0000160953     0.0000090868     0.0000387561
         55      0.0000164187     0.0000289993    -0.0000385545
      f-defect        0.0029328991    -0.0006206179    -0.0005404057

 AFTER FORCE RTNS +    0.75 =     244.9 seconds wall (    0.73 usr    0.02 sys)
  
 >>>>> GSELECT begins, nslics=           0
 <<<<< GSELECT ends
 rms,max force=  5.1515D-04  2.5581D-03 for component#       17
 dynamics update step #           1
ASD: min/max mass factors=   1.0000   1.0000
 >>>>> GUPDATE begins, nslics=           0
 GUPDATE: Largest relax: atom#, dr(au)=    17    0.002558
 <<<<< GUPDATE ends

 ###############################################################################
   NEW GEOMETRY for step   2, of   2 total
atom, type, position;  step#      2
 AT1          Pt               -0.3470041028    1.4046279962   -0.1859215031 
 AT2          O                 2.4215970520    3.7108192447   -1.0036513591 
 AT3          O                -3.2974209361   -0.9760570358    0.0666262461 
 AT4          O                 1.3868278280   -1.9024331709   -1.0119880632 
 AT5          P                -4.8635855829   -0.6727503491   -2.5732234920 
 AT6          P                 3.3184329711   -2.7024545613    1.2371462619 
 AT7          O                -2.8830163513   -1.7592839696   -4.7323568294 
 AT8          O                -5.6618717469    1.9852333710   -3.3135212983 
 AT9          O                 5.2818388692   -0.8133657529    1.9311502714 
 AT10         O                 4.7693411185   -5.1351897787    0.0193396274 
 AT11         H                -2.1326238881   -3.4168285192   -4.3569913287 
 AT12         H                 3.5627430561   -6.3315015149   -0.7157817487 
 AT13         C                 1.7159047770   -3.6406706099    4.1889871810 
 AT14         C                -7.5465864751   -2.9360132051   -2.3399996396 
 AT15         C                -9.2900195677   -2.2590589786   -0.1218931027 
 AT16         C                -9.0125642118   -2.9328313217   -4.8514362296 
 AT17         C                -6.5364451186   -5.6243670487   -1.9283603503 
 AT18         C                -0.4383212912   -5.5434819804    3.8253252537 
 AT19         C                 0.6823751554   -1.2058151828    5.3999846786 
 AT20         C                 3.7047222915   -4.7549167480    6.0006046401 
 AT21         H                -9.9949130173   -0.3052492801   -0.2284676131 
 AT22         H                -8.2840070338   -2.5427441040    1.6676316111 
 AT23         H               -10.9557727545   -3.5128995791   -0.1906181654 
 AT24         H                -9.9548098834   -1.1503573975   -5.3316747505 
 AT25         H               -10.4934545731   -4.4066103852   -4.8170562595 
 AT26         H                -7.7413882309   -3.4523007299   -6.3979891879 
 AT27         H                -5.3841145256   -5.8085965509   -0.2206349274 
 AT28         H                -5.4314471690   -6.3259425187   -3.5314952788 
 AT29         H                -8.1789658267   -6.8713995221   -1.6786612977 
 AT30         H                -1.9925995167   -4.8705043696    2.6184943898 
 AT31         H                -1.1982042006   -5.9139788424    5.7296069665 
 AT32         H                 0.2512768807   -7.3390339692    3.0530802335 
 AT33         H                -0.7142209819   -0.2588944557    4.1817394390 
 AT34         H                 2.1583710673    0.1840276579    5.8144335195 
 AT35         H                -0.2542430958   -1.6637912329    7.2012048938 
 AT36         H                 4.4171037548   -6.6126954074    5.3931181925 
 AT37         H                 2.6911905205   -4.9773361415    7.7961135243 
 AT38         H                 5.3307094009   -3.4985838207    6.2949570675 
 AT39         P                 1.3908416810    6.4157225296   -0.0149712757 
 AT40         O                -1.7978443861    5.5878462711    0.5437476792 
 AT41         O                 2.4128984801    7.1007227256    2.4891196110 
 AT42         C                 1.8115168891    8.9701641765   -2.3772934942 
 AT43         C                 0.8243948324    8.4060969180   -5.0297740085 
 AT44         C                 0.4479506948   11.3057729421   -1.3007520453 
 AT45         C                 4.6901979528    9.4454869011   -2.4665971328 
 AT46         H                -2.6974135900    5.4359588654   -1.1066849373 
 AT47         H                 1.6745294834    6.7253883629   -5.8694239184 
 AT48         H                 1.1980934694   10.0337614818   -6.2779323198 
 AT49         H                -1.2253632141    8.1622573881   -4.9884783794 
 AT50         H                -1.6016689983   11.0110234015   -1.1634597298 
 AT51         H                 0.7329217238   12.8949731290   -2.6010203577 
 AT52         H                 1.1552559774   11.8815200146    0.5686853474 
 AT53         H                 5.7852843484    7.7772985423   -3.0531793403 
 AT54         H                 5.4115532637   10.0929241986   -0.6480141700 
 AT55         H                 4.9652019914   10.9490180621   -3.8879428655 
 ###############################################################################

 After geometry   +    0.01 =     245.0 seconds wall (    0.00 usr    0.00 sys)
  
 LATVEC: nlat1c,nlat2c,nlat =           1           1           1

  Atom
  Type  Shell  Min-alf     range
    1        0.129289   8.279963
    2        0.102474   9.300415
    3        0.143749   7.852478
    4        0.078997  10.592631
    5        0.095999   9.608947
    6        0.073120  11.010095
 Turnover EF->DM npopdm, npop0k=         105          79
 DEV264h/wkmem: perlsolv dist-mem
 DEV/wkmem: KPSTORE= F
 DEV/wkmem: psolv version, input do_psolv= F

 Need       26500-length r*4 array to pack grid wfcns/box
 Need      452875-length r*4 array to pack all grid wfcns
 Need       26500-length r*4 array for grid wfcns scratch
 WKMEM: using stripe-parallel+Merge  setup
 Minimum maxwkd for scf to complete=    29384385
 All grid wfcns stored in    226438 of 194809119 available
 WKMEM: in-core Broyden! uses    462690 out of 194582681 available
 >>>>> geom/basis data saved to file
  
 Atom type   1  radial valence charge =    5.999995363882
 Atom type   1      xc valence charge =    6.499995360087
  
 Atom type   2  radial valence charge =    0.999999985299
  
 Atom type   3  radial valence charge =    3.999996877569
  
 Atom type   4  radial valence charge =    9.999999976019
  
 Atom type   5  radial valence charge =    4.999999641069
  
 Atom type   6  radial valence charge =    3.999999473876
 mat0set: stripe-parallel, KPSTORE= F

   sij compute    +    0.09 =     245.0 seconds wall (    0.01 usr    0.00 sys)

   sij/nlat-bcast +    1.64 =     246.7 seconds wall (    1.63 usr    0.00 sys)

   vlocmat compute+    0.25 =     246.9 seconds wall (    0.24 usr    0.00 sys)

   vlocmii compute+    0.02 =     246.9 seconds wall (    0.02 usr    0.00 sys)

   nlocmat compute+    0.14 =     247.1 seconds wall (    0.13 usr    0.00 sys)
 NLOCMAT: Max neqilat=           1

 After mat0set    +    0.08 =     247.2 seconds wall (    0.03 usr    0.00 sys)
 Atom   2   Z=  6.0   occ=  6.00   rho=  5.9908688817   core=  0.0000000000
                               rho(xc)=  6.4908687970
     vxc(afsw):   -8.98278222  -8.71530261  -0.26747960  -0.00022931
     exc(afsw):   -6.96355186  -6.73490621  -0.22864565  -0.00018448
 Atom   3   Z=  6.0   occ=  6.00   rho=  5.9886898781   core=  0.0000000000
                               rho(xc)=  6.4886897927
     vxc(afsw):   -8.96822187  -8.70072529  -0.26749658  -0.00028409
     exc(afsw):   -6.96081926  -6.73215374  -0.22866553  -0.00022857
 Atom   4   Z=  6.0   occ=  6.00   rho=  5.9888387439   core=  0.0000000000
                               rho(xc)=  6.4888386572
     vxc(afsw):   -8.97015381  -8.70265868  -0.26749513  -0.00028034
     exc(afsw):   -6.96103146  -6.73236722  -0.22866424  -0.00022556
 Atom   7   Z=  6.0   occ=  6.00   rho=  5.9934960849   core=  0.0000000000
                               rho(xc)=  6.4934960070
     vxc(afsw):   -8.99498978  -8.72753872  -0.26745106  -0.00016329
     exc(afsw):   -6.96598360  -6.73736180  -0.22862180  -0.00013136
 Atom   8   Z=  6.0   occ=  6.00   rho=  5.9914265769   core=  0.0000000000
                               rho(xc)=  6.4914265152
     vxc(afsw):   -8.98666083  -8.71919058  -0.26747024  -0.00021529
     exc(afsw):   -6.96397239  -6.73533130  -0.22864108  -0.00017320
 Atom   9   Z=  6.0   occ=  6.00   rho=  5.9976327563   core=  0.0000000000
                               rho(xc)=  6.4976326861
     vxc(afsw):   -9.01592511  -8.74851753  -0.26740759  -0.00005941
     exc(afsw):   -6.96949231  -6.74090954  -0.22858277  -0.00004778
 Atom  10   Z=  6.0   occ=  6.00   rho=  5.9891071812   core=  0.0000000000
                               rho(xc)=  6.4891071027
     vxc(afsw):   -8.97298274  -8.70549007  -0.26749267  -0.00027359
     exc(afsw):   -6.96139569  -6.73273380  -0.22866189  -0.00022012
 Atom  11   Z=  1.0   occ=  1.00   rho=  0.9975716722   core=  0.0000000000
     vxc(afsw):   -0.79508329  -0.76972439  -0.02535890  -0.00003411
     exc(afsw):   -0.62685342  -0.60465003  -0.02220340  -0.00002876
 Atom  12   Z=  1.0   occ=  1.00   rho=  0.9960131186   core=  0.0000000000
     vxc(afsw):   -0.78978072  -0.76442316  -0.02535756  -0.00005587
     exc(afsw):   -0.62428055  -0.60207602  -0.02220453  -0.00004711
 Atom  14   Z=  4.0   occ=  4.00   rho=  3.9981086184   core=  0.0000000000
     vxc(afsw):   -3.87990947  -3.65697568  -0.22293379  -0.00004312
     exc(afsw):   -3.00506647  -2.81383635  -0.19123012  -0.00003322
 Atom  17   Z=  4.0   occ=  4.00   rho=  3.9970186977   core=  0.0000000000
     vxc(afsw):   -3.87958939  -3.65664037  -0.22294902  -0.00006803
     exc(afsw):   -3.00355974  -2.81232578  -0.19123396  -0.00005239
 Atom  18   Z=  4.0   occ=  4.00   rho=  3.9978973947   core=  0.0000000000
     vxc(afsw):   -3.88233809  -3.65939829  -0.22293981  -0.00004795
     exc(afsw):   -3.00473486  -2.81350414  -0.19123072  -0.00003694
 Atom  19   Z=  4.0   occ=  4.00   rho=  4.0030514755   core=  0.0000000000
     vxc(afsw):   -3.90684347  -3.68392490  -0.22291857   0.00006929
     exc(afsw):   -3.00795932  -2.81675049  -0.19120883   0.00005328
 Atom  20   Z=  4.0   occ=  4.00   rho=  3.9980681385   core=  0.0000000000
     vxc(afsw):   -3.88218495  -3.65924698  -0.22293798  -0.00004405
     exc(afsw):   -3.00491919  -2.81368911  -0.19123008  -0.00003393
 Atom  21   Z=  1.0   occ=  1.00   rho=  0.9968861337   core=  0.0000000000
     vxc(afsw):   -0.79265394  -0.76729546  -0.02535848  -0.00004370
     exc(afsw):   -0.62572557  -0.60352164  -0.02220394  -0.00003685
 Atom  22   Z=  1.0   occ=  1.00   rho=  0.9965602830   core=  0.0000000000
     vxc(afsw):   -0.79154196  -0.76618377  -0.02535819  -0.00004826
     exc(afsw):   -0.62518749  -0.60298332  -0.02220418  -0.00004070
 Atom  23   Z=  1.0   occ=  1.00   rho=  0.9963014047   core=  0.0000000000
     vxc(afsw):   -0.79070469  -0.76534678  -0.02535790  -0.00005187
     exc(afsw):   -0.62475859  -0.60255424  -0.02220435  -0.00004374
 Atom  24   Z=  1.0   occ=  1.00   rho=  0.9973871695   core=  0.0000000000
     vxc(afsw):   -0.79431966  -0.76896073  -0.02535893  -0.00003669
     exc(afsw):   -0.62655362  -0.60435004  -0.02220359  -0.00003094
 Atom  25   Z=  1.0   occ=  1.00   rho=  0.9972416287   core=  0.0000000000
     vxc(afsw):   -0.79390134  -0.76854265  -0.02535869  -0.00003874
     exc(afsw):   -0.62631051  -0.60410685  -0.02220366  -0.00003267
 Atom  26   Z=  1.0   occ=  1.00   rho=  0.9966172440   core=  0.0000000000
     vxc(afsw):   -0.79174857  -0.76639034  -0.02535823  -0.00004746
     exc(afsw):   -0.62528124  -0.60307711  -0.02220413  -0.00004002
 Atom  27   Z=  1.0   occ=  1.00   rho=  0.9960501177   core=  0.0000000000
     vxc(afsw):   -0.78989567  -0.76453806  -0.02535761  -0.00005536
     exc(afsw):   -0.62434202  -0.60213751  -0.02220451  -0.00004668
 Atom  28   Z=  1.0   occ=  1.00   rho=  0.9959725696   core=  0.0000000000
     vxc(afsw):   -0.78965655  -0.76429904  -0.02535751  -0.00005644
     exc(afsw):   -0.62421314  -0.60200859  -0.02220455  -0.00004759
 Atom  29   Z=  1.0   occ=  1.00   rho=  0.9964844569   core=  0.0000000000
     vxc(afsw):   -0.79129885  -0.76594075  -0.02535811  -0.00004932
     exc(afsw):   -0.62506180  -0.60285758  -0.02220422  -0.00004160
 Atom  30   Z=  1.0   occ=  1.00   rho=  0.9973396413   core=  0.0000000000
     vxc(afsw):   -0.79419750  -0.76883867  -0.02535883  -0.00003736
     exc(afsw):   -0.62647356  -0.60426996  -0.02220360  -0.00003151
 Atom  31   Z=  1.0   occ=  1.00   rho=  0.9974596542   core=  0.0000000000
     vxc(afsw):   -0.79455383  -0.76919483  -0.02535900  -0.00003567
     exc(afsw):   -0.62667354  -0.60447000  -0.02220354  -0.00003009
 Atom  32   Z=  1.0   occ=  1.00   rho=  0.9962927135   core=  0.0000000000
     vxc(afsw):   -0.79064803  -0.76529010  -0.02535793  -0.00005198
     exc(afsw):   -0.62474503  -0.60254067  -0.02220436  -0.00004383
 Atom  33   Z=  1.0   occ=  1.00   rho=  0.9978587405   core=  0.0000000000
     vxc(afsw):   -0.79558340  -0.77022367  -0.02535973  -0.00003006
     exc(afsw):   -0.62734323  -0.60513985  -0.02220337  -0.00002535
 Atom  34   Z=  1.0   occ=  1.00   rho=  0.9964585281   core=  0.0000000000
     vxc(afsw):   -0.79124574  -0.76588771  -0.02535803  -0.00004970
     exc(afsw):   -0.62501783  -0.60281360  -0.02220423  -0.00004191
 Atom  35   Z=  1.0   occ=  1.00   rho=  0.9962544953   core=  0.0000000000
     vxc(afsw):   -0.79054452  -0.76518665  -0.02535786  -0.00005253
     exc(afsw):   -0.62468109  -0.60247671  -0.02220438  -0.00004429
 Atom  36   Z=  1.0   occ=  1.00   rho=  0.9978341444   core=  0.0000000000
     vxc(afsw):   -0.79557067  -0.77021105  -0.02535963  -0.00003041
     exc(afsw):   -0.62730029  -0.60509692  -0.02220336  -0.00002564
 Atom  37   Z=  1.0   occ=  1.00   rho=  0.9975919350   core=  0.0000000000
     vxc(afsw):   -0.79518394  -0.76982512  -0.02535882  -0.00003383
     exc(afsw):   -0.62688477  -0.60468141  -0.02220336  -0.00002853
 Atom  38   Z=  1.0   occ=  1.00   rho=  0.9962525618   core=  0.0000000000
     vxc(afsw):   -0.79054597  -0.76518812  -0.02535785  -0.00005256
     exc(afsw):   -0.62467766  -0.60247328  -0.02220438  -0.00004432
 Atom  40   Z=  6.0   occ=  6.00   rho=  5.9912136292   core=  0.0000000000
                               rho(xc)=  6.4912135523
     vxc(afsw):   -8.98452726  -8.71705073  -0.26747653  -0.00022065
     exc(afsw):   -6.96391283  -6.73527032  -0.22864250  -0.00017751
 Atom  41   Z=  6.0   occ=  6.00   rho=  5.9962532726   core=  0.0000000000
                               rho(xc)=  6.4962532240
     vxc(afsw):   -9.00743052  -8.74001518  -0.26741535  -0.00009403
     exc(afsw):   -6.96819407  -6.73959770  -0.22859638  -0.00007564
 Atom  42   Z=  4.0   occ=  4.00   rho=  3.9975566351   core=  0.0000000000
     vxc(afsw):   -3.88249607  -3.65955233  -0.22294374  -0.00005574
     exc(afsw):   -3.00433449  -2.81310253  -0.19123196  -0.00004293
 Atom  44   Z=  4.0   occ=  4.00   rho=  3.9979658265   core=  0.0000000000
     vxc(afsw):   -3.88142307  -3.65848553  -0.22293754  -0.00004639
     exc(afsw):   -3.00485165  -2.81362111  -0.19123054  -0.00003573
 Atom  45   Z=  4.0   occ=  4.00   rho=  3.9983474362   core=  0.0000000000
     vxc(afsw):   -3.88028532  -3.65735321  -0.22293211  -0.00003767
     exc(afsw):   -3.00527403  -2.81404485  -0.19122919  -0.00002902
 Atom  46   Z=  1.0   occ=  1.00   rho=  0.9976179826   core=  0.0000000000
     vxc(afsw):   -0.79524123  -0.76988233  -0.02535889  -0.00003346
     exc(afsw):   -0.62692903  -0.60472567  -0.02220336  -0.00002822
 Atom  47   Z=  1.0   occ=  1.00   rho=  0.9963656641   core=  0.0000000000
     vxc(afsw):   -0.79089999  -0.76554200  -0.02535799  -0.00005097
     exc(afsw):   -0.62486544  -0.60266114  -0.02220431  -0.00004298
 Atom  48   Z=  1.0   occ=  1.00   rho=  0.9962817852   core=  0.0000000000
     vxc(afsw):   -0.79065289  -0.76529503  -0.02535787  -0.00005216
     exc(afsw):   -0.62472569  -0.60252134  -0.02220435  -0.00004398
 Atom  49   Z=  1.0   occ=  1.00   rho=  0.9966459110   core=  0.0000000000
     vxc(afsw):   -0.79187354  -0.76651533  -0.02535821  -0.00004708
     exc(afsw):   -0.62532753  -0.60312343  -0.02220410  -0.00003970
 Atom  50   Z=  1.0   occ=  1.00   rho=  0.9959435049   core=  0.0000000000
     vxc(afsw):   -0.78956559  -0.76420812  -0.02535747  -0.00005684
     exc(afsw):   -0.62416488  -0.60196031  -0.02220457  -0.00004793
 Atom  51   Z=  1.0   occ=  1.00   rho=  0.9959294471   core=  0.0000000000
     vxc(afsw):   -0.78952464  -0.76416719  -0.02535745  -0.00005704
     exc(afsw):   -0.62414145  -0.60193687  -0.02220458  -0.00004810
 Atom  52   Z=  1.0   occ=  1.00   rho=  0.9977166477   core=  0.0000000000
     vxc(afsw):   -0.79548912  -0.77012998  -0.02535913  -0.00003207
     exc(afsw):   -0.62709567  -0.60489235  -0.02220332  -0.00002704
 Atom  53   Z=  1.0   occ=  1.00   rho=  0.9964598711   core=  0.0000000000
     vxc(afsw):   -0.79121152  -0.76585343  -0.02535809  -0.00004966
     exc(afsw):   -0.62502135  -0.60281710  -0.02220424  -0.00004188
 Atom  54   Z=  1.0   occ=  1.00   rho=  0.9961320173   core=  0.0000000000
     vxc(afsw):   -0.79015627  -0.76479856  -0.02535771  -0.00005423
     exc(afsw):   -0.62447788  -0.60227342  -0.02220446  -0.00004573
 Atom  55   Z=  1.0   occ=  1.00   rho=  0.9972480122   core=  0.0000000000
     vxc(afsw):   -0.79395595  -0.76859730  -0.02535865  -0.00003865
     exc(afsw):   -0.62631990  -0.60411626  -0.02220364  -0.00003260
 ***** CAUTION: grid fineness questionable

 grid0xc compute+    0.45 =     247.6 seconds wall (    0.45 usr    0.00 sys)

 grid0xc Merge  +    0.03 =     247.6 seconds wall (    0.00 usr    0.03 sys)

 grid0xc Bcast  +    0.13 =     247.8 seconds wall (    0.13 usr    0.00 sys)


 AFTER SETUP PHASE+   14.19 =     262.0 seconds wall (    0.17 usr    0.34 sys)

  
 *************************  iteration   0 begins here  *************************


 Before iterations+    0.05 =     262.0 seconds wall (    0.05 usr    0.00 sys)
  
 grid-integrated up-density total =       78.4329919502
 grid-integrated dn-density total =       78.4329919502
 grid-integrated valence-density total =      156.8659839003
 Harris Fcnal XC piece=       42.6975718203
  
  

 After 0 iteration+    0.55 =     262.6 seconds wall (    0.50 usr    0.04 sys)
 *************************  iteration   1 begins here  *************************


 erlsolv/begin  +    0.09 =     262.7 seconds wall (    0.09 usr    0.00 sys)
 PERLSOLV: kpp-copmatible version

 erlsolv/schroed+    0.09 =     262.8 seconds wall (    0.08 usr    0.01 sys)

 erlsolv/pop    +    0.00 =     262.8 seconds wall (    0.00 usr    0.00 sys)

 erlsolv/dmat compute+    0.00 =     262.8 seconds wall (    0.00 usr   -0.00 sys)

 erlsolv/dmat compute+    0.01 =     262.8 seconds wall (    0.00 usr    0.00 sys)

 erlsolv/rhoij  +    0.01 =     262.8 seconds wall (    0.00 usr    0.01 sys)

 spin-up fermi level =   -0.350692 Ry,   gap(0K)= 0.198601 Ry = 2.702 eV
 spin-dn fermi level =   -0.451897 Ry,   gap(0K)= 0.004010 Ry = 0.055 eV

 k-vector:                  1
  weight:               1.000000
            level/UP/occup       level/DN/occup
  
    1    -1.944115  1.0000    -1.944115  1.0000
    2    -1.933210  1.0000    -1.933210  1.0000
    3    -1.920784  1.0000    -1.920784  1.0000
    4    -1.845304  1.0000    -1.845304  1.0000
             ...      ...         ...      ...
   60    -0.699020  1.0000    -0.699020  1.0000
   61    -0.696703  1.0000    -0.696703  1.0000
   62    -0.681463  1.0000    -0.681463  1.0000
   63    -0.678406  1.0000    -0.678406  1.0000
   64    -0.660032  1.0000    -0.660032  1.0000
   65    -0.643998  1.0000    -0.643998  1.0000
   66    -0.632501  1.0000    -0.632501  1.0000
   67    -0.625854  1.0000    -0.625854  1.0000
   68    -0.619837  1.0000    -0.619837  1.0000
   69    -0.611892  1.0000    -0.611892  1.0000
   70    -0.602875  1.0000    -0.602875  1.0000
   71    -0.594992  1.0000    -0.594992  1.0000
   72    -0.584890  1.0000    -0.584890  1.0000
   73    -0.577668  1.0000    -0.577668  1.0000
   74    -0.575535  1.0000    -0.575535  1.0000
   75    -0.556081  1.0000    -0.556081  1.0000
   76    -0.513562  1.0000    -0.513562  0.9979
   77    -0.510483  1.0000    -0.510483  0.9972
   78    -0.454003  1.0000    -0.454003  0.5525
   79    -0.449993  1.0000    -0.449993  0.4525
   80    -0.251391  0.0000    -0.251391  0.0000
   81    -0.058415  0.0000    -0.058415  0.0000
   82    -0.014621  0.0000    -0.014621  0.0000
   83    -0.003495  0.0000    -0.003495  0.0000
   84     0.019145  0.0000     0.019145  0.0000
   85     0.026240  0.0000     0.026240  0.0000
   86     0.037019  0.0000     0.037019  0.0000
   87     0.049035  0.0000     0.049035  0.0000
             ...      ...         ...      ...
  200     1.044819  0.0000     1.044819  0.0000
  
 delta movement in up-elecs =        9.7675640196
 delta movement in dn-elecs =        9.6539974979
 delta movement in electrons =       19.1913344730

 one-center local charge defect =         0.07774446

 one-center local charge defect =         0.07654748

 LMCC local dipole, |dip|=        4.5608959677
 Using LMCC treatment of supercell electrostatics
 DBG/LMCCINT, esns diagnostics redone
 LMCC chemical potential shift(Ry,eV)=       -0.0000027257       -0.0000370854
 LMCC esns total grid integral=        2.2441897994
  
 grid-integrated up-density total =       78.9145572517
 grid-integrated dn-density total =       77.9157548377
 grid-integrated valence-density total =      156.8303120893
  
 TOTAL single particle eigenvalue sum=      -152.6033433043
  
 rms,max scfchange=  1.1513D-02  6.7991D-01 for component#    310898
 electronic meth_bl(BROYDEN)=           1
>>>>> Broyden: first step (elec) simple blend ratio= 0.300000
<<<<< Broyden step complete, scf step=     1

 After blending   +   20.00 =     282.8 seconds wall (    5.11 usr    0.81 sys)
  
 *************************  iteration   2 begins here  *************************


 erlsolv/begin  +    0.01 =     282.8 seconds wall (    0.00 usr    0.00 sys)
 PERLSOLV: kpp-copmatible version

 erlsolv/schroed+    0.09 =     282.9 seconds wall (    0.08 usr    0.00 sys)

 erlsolv/pop    +    0.00 =     282.9 seconds wall (    0.00 usr    0.00 sys)

 erlsolv/dmat compute+    0.00 =     282.9 seconds wall (    0.00 usr    0.00 sys)

 erlsolv/dmat compute+    0.01 =     282.9 seconds wall (    0.00 usr    0.00 sys)

 erlsolv/rhoij  +    0.01 =     282.9 seconds wall (    0.00 usr    0.00 sys)

 spin-up fermi level =   -0.400359 Ry,   gap(0K)= 0.126551 Ry = 1.722 eV
 spin-dn fermi level =   -0.468213 Ry,   gap(0K)= 0.016220 Ry = 0.221 eV
  
 delta movement in up-elecs =        8.0239476991
 delta movement in dn-elecs =        8.1417290716
 delta movement in electrons =       15.9514527470

 one-center local charge defect =         0.07631245

 one-center local charge defect =         0.07462930

 LMCC local dipole, |dip|=        3.1981913963
 Using LMCC treatment of supercell electrostatics
 DBG/LMCCINT, esns diagnostics redone
 LMCC chemical potential shift(Ry,eV)=       -0.0000107906       -0.0001468146
 LMCC esns total grid integral=        1.1484920650
  
 grid-integrated up-density total =       78.9161547820
 grid-integrated dn-density total =       77.9178430199
 grid-integrated valence-density total =      156.8339978019
  
 TOTAL single particle eigenvalue sum=      -148.3583189633
  
 rms,max scfchange=  8.2769D-03  7.6644D-01 for component#     53849
 electronic meth_bl(BROYDEN)=           1
>>>>> Broyden blend to get next step - elec
<<<<< Broyden step complete, scf step=     2

 After blending   +   21.91 =     304.8 seconds wall (    4.99 usr    0.80 sys)
  
 *************************  iteration   3 begins here  *************************


 erlsolv/begin  +    0.28 =     305.1 seconds wall (    0.28 usr    0.00 sys)
 PERLSOLV: kpp-copmatible version

 erlsolv/schroed+    0.09 =     305.1 seconds wall (    0.07 usr    0.01 sys)

 erlsolv/pop    +    0.00 =     305.1 seconds wall (    0.00 usr    0.00 sys)

 erlsolv/dmat compute+    0.00 =     305.1 seconds wall (    0.00 usr    0.00 sys)

 erlsolv/dmat compute+    0.01 =     305.2 seconds wall (    0.00 usr    0.00 sys)

 erlsolv/rhoij  +    0.01 =     305.2 seconds wall (    0.00 usr    0.01 sys)

 spin-up fermi level =   -0.354446 Ry,   gap(0K)= 0.164007 Ry = 2.231 eV
 spin-dn fermi level =   -0.432984 Ry,   gap(0K)= 0.018746 Ry = 0.255 eV
  
 delta movement in up-elecs =        7.9259241828
 delta movement in dn-elecs =        7.7369862631
 delta movement in electrons =       15.4098364016

 one-center local charge defect =         0.07650067

 one-center local charge defect =         0.07521425

 LMCC local dipole, |dip|=        3.1932043112
 Using LMCC treatment of supercell electrostatics
 DBG/LMCCINT, esns diagnostics redone
 LMCC chemical potential shift(Ry,eV)=        0.0000040748        0.0000554407
 LMCC esns total grid integral=        0.9599357189
  
 grid-integrated up-density total =       78.9160163186
 grid-integrated dn-density total =       77.9173034650
 grid-integrated valence-density total =      156.8333197836
  
 TOTAL single particle eigenvalue sum=      -146.4467329037
  
 rms,max scfchange=  4.7619D-03  4.7857D-01 for component#     53849
 electronic meth_bl(BROYDEN)=           1
>>>>> Broyden blend to get next step - elec
<<<<< Broyden step complete, scf step=     3

 After blending   +   19.33 =     324.5 seconds wall (    5.12 usr    0.80 sys)
  
 *************************  iteration   4 begins here  *************************


 erlsolv/begin  +    0.00 =     324.5 seconds wall (    0.00 usr    0.00 sys)
 PERLSOLV: kpp-copmatible version

 erlsolv/schroed+    0.09 =     324.6 seconds wall (    0.07 usr    0.01 sys)

 erlsolv/pop    +    0.00 =     324.6 seconds wall (    0.00 usr    0.00 sys)

 erlsolv/dmat compute+    0.00 =     324.6 seconds wall (    0.00 usr    0.00 sys)

 erlsolv/dmat compute+    0.01 =     324.6 seconds wall (    0.00 usr    0.00 sys)

 erlsolv/rhoij  +    0.01 =     324.6 seconds wall (    0.00 usr    0.00 sys)

 spin-up fermi level =   -0.370757 Ry,   gap(0K)= 0.169923 Ry = 2.312 eV
 spin-dn fermi level =   -0.442205 Ry,   gap(0K)= 0.023913 Ry = 0.325 eV
  
 delta movement in up-elecs =        7.6869799861
 delta movement in dn-elecs =        7.4663363783
 delta movement in electrons =       14.9052606547

 one-center local charge defect =         0.07649090

 one-center local charge defect =         0.07524790

 LMCC local dipole, |dip|=        2.8382598778
 Using LMCC treatment of supercell electrostatics
 DBG/LMCCINT, esns diagnostics redone
 LMCC chemical potential shift(Ry,eV)=        0.0000032172        0.0000437722
 LMCC esns total grid integral=        0.7961810373
  
 grid-integrated up-density total =       78.9160793559
 grid-integrated dn-density total =       77.9173229811
 grid-integrated valence-density total =      156.8334023370
  
 TOTAL single particle eigenvalue sum=      -145.8819610063
  
 rms,max scfchange=  2.9372D-03  2.7510D-01 for component#     53849
 electronic meth_bl(BROYDEN)=           1
>>>>> Broyden blend to get next step - elec
<<<<< Broyden step complete, scf step=     4

 After blending   +   21.97 =     346.6 seconds wall (    4.78 usr    0.80 sys)
  
 *************************  iteration   5 begins here  *************************


 erlsolv/begin  +    0.04 =     346.6 seconds wall (    0.03 usr    0.00 sys)
 PERLSOLV: kpp-copmatible version

 erlsolv/schroed+    0.09 =     346.7 seconds wall (    0.07 usr    0.00 sys)

 erlsolv/pop    +    0.00 =     346.7 seconds wall (    0.00 usr    0.00 sys)

 erlsolv/dmat compute+    0.00 =     346.7 seconds wall (    0.00 usr    0.00 sys)

 erlsolv/dmat compute+    0.01 =     346.7 seconds wall (    0.00 usr    0.00 sys)

 erlsolv/rhoij  +    0.01 =     346.7 seconds wall (    0.00 usr    0.01 sys)

 spin-up fermi level =   -0.385460 Ry,   gap(0K)= 0.171629 Ry = 2.335 eV
 spin-dn fermi level =   -0.448593 Ry,   gap(0K)= 0.027537 Ry = 0.375 eV
  
 delta movement in up-elecs =        7.6344899716
 delta movement in dn-elecs =        7.3445856851
 delta movement in electrons =       14.7520731529

 one-center local charge defect =         0.07645613

 one-center local charge defect =         0.07512793

 LMCC local dipole, |dip|=        2.0137813499
 Using LMCC treatment of supercell electrostatics
 DBG/LMCCINT, esns diagnostics redone
 LMCC chemical potential shift(Ry,eV)=        0.0000013095        0.0000178161
 LMCC esns total grid integral=        0.7208606997
  
 grid-integrated up-density total =       78.9161281193
 grid-integrated dn-density total =       77.9174575365
 grid-integrated valence-density total =      156.8335856558
  
 TOTAL single particle eigenvalue sum=      -146.0874543006
  
 rms,max scfchange=  8.5998D-04  7.5541D-02 for component#     53849
 electronic meth_bl(BROYDEN)=           1
>>>>> Broyden blend to get next step - elec
<<<<< Broyden step complete, scf step=     5

 After blending   +   23.59 =     370.3 seconds wall (    5.05 usr    0.80 sys)
  
 *************************  iteration   6 begins here  *************************


 erlsolv/begin  +    0.00 =     370.3 seconds wall (    0.00 usr    0.00 sys)
 PERLSOLV: kpp-copmatible version

 erlsolv/schroed+    0.09 =     370.4 seconds wall (    0.07 usr    0.01 sys)

 erlsolv/pop    +    0.00 =     370.4 seconds wall (    0.00 usr    0.00 sys)

 erlsolv/dmat compute+    0.01 =     370.4 seconds wall (    0.00 usr    0.00 sys)

 erlsolv/dmat compute+    0.00 =     370.4 seconds wall (    0.00 usr    0.00 sys)

 erlsolv/rhoij  +    0.01 =     370.4 seconds wall (    0.00 usr    0.01 sys)

 spin-up fermi level =   -0.387013 Ry,   gap(0K)= 0.167362 Ry = 2.277 eV
 spin-dn fermi level =   -0.445255 Ry,   gap(0K)= 0.019913 Ry = 0.271 eV
  
 delta movement in up-elecs =        7.6184364892
 delta movement in dn-elecs =        7.3168683571
 delta movement in electrons =       14.6974609107

 one-center local charge defect =         0.07646381

 one-center local charge defect =         0.07509023

 LMCC local dipole, |dip|=        1.5878913503
 Using LMCC treatment of supercell electrostatics
 DBG/LMCCINT, esns diagnostics redone
 LMCC chemical potential shift(Ry,eV)=       -0.0000006636       -0.0000090281
 LMCC esns total grid integral=        0.6970743337
  
 grid-integrated up-density total =       78.9161309039
 grid-integrated dn-density total =       77.9175059417
 grid-integrated valence-density total =      156.8336368456
  
 TOTAL single particle eigenvalue sum=      -146.1426411208
  
 rms,max scfchange=  8.4292D-04  8.8145D-02 for component#     55373
 electronic meth_bl(BROYDEN)=           1
>>>>> Broyden blend to get next step - elec
<<<<< Broyden step complete, scf step=     6

 After blending   +   14.20 =     384.6 seconds wall (    4.88 usr    0.81 sys)
  
 *************************  iteration   7 begins here  *************************


 erlsolv/begin  +    0.00 =     384.6 seconds wall (    0.00 usr    0.00 sys)
 PERLSOLV: kpp-copmatible version

 erlsolv/schroed+    0.09 =     384.7 seconds wall (    0.07 usr    0.00 sys)

 erlsolv/pop    +    0.00 =     384.7 seconds wall (    0.00 usr    0.00 sys)

 erlsolv/dmat compute+    0.00 =     384.7 seconds wall (    0.00 usr    0.00 sys)

 erlsolv/dmat compute+    0.00 =     384.7 seconds wall (    0.00 usr    0.00 sys)

 erlsolv/rhoij  +    0.02 =     384.7 seconds wall (    0.00 usr    0.00 sys)

 spin-up fermi level =   -0.386819 Ry,   gap(0K)= 0.173656 Ry = 2.363 eV
 spin-dn fermi level =   -0.445062 Ry,   gap(0K)= 0.029776 Ry = 0.405 eV
  
 delta movement in up-elecs =        7.6173757184
 delta movement in dn-elecs =        7.3378153794
 delta movement in electrons =       14.7121260779

 one-center local charge defect =         0.07644653

 one-center local charge defect =         0.07515262

 LMCC local dipole, |dip|=        1.9491495028
 Using LMCC treatment of supercell electrostatics
 DBG/LMCCINT, esns diagnostics redone
 LMCC chemical potential shift(Ry,eV)=        0.0000010830        0.0000147353
 LMCC esns total grid integral=        0.7084868661
  
 grid-integrated up-density total =       78.9161505698
 grid-integrated dn-density total =       77.9174457564
 grid-integrated valence-density total =      156.8335963261
  
 TOTAL single particle eigenvalue sum=      -146.0826283021
  
 rms,max scfchange=  5.1647D-04  5.0263D-02 for component#     53849
 electronic meth_bl(BROYDEN)=           1
>>>>> Broyden blend to get next step - elec
<<<<< Broyden step complete, scf step=     7

 After blending   +   15.25 =     399.9 seconds wall (    5.06 usr    0.81 sys)
  
 *************************  iteration   8 begins here  *************************


 erlsolv/begin  +    0.00 =     399.9 seconds wall (    0.00 usr    0.00 sys)
 PERLSOLV: kpp-copmatible version

 erlsolv/schroed+    0.09 =     400.0 seconds wall (    0.07 usr    0.01 sys)

 erlsolv/pop    +    0.00 =     400.0 seconds wall (    0.00 usr    0.00 sys)

 erlsolv/dmat compute+    0.00 =     400.0 seconds wall (    0.00 usr    0.00 sys)

 erlsolv/dmat compute+    0.02 =     400.0 seconds wall (    0.00 usr    0.00 sys)

 erlsolv/rhoij  +    0.02 =     400.1 seconds wall (    0.00 usr    0.00 sys)

 spin-up fermi level =   -0.387717 Ry,   gap(0K)= 0.170269 Ry = 2.317 eV
 spin-dn fermi level =   -0.443261 Ry,   gap(0K)= 0.028239 Ry = 0.384 eV
  
 delta movement in up-elecs =        7.6118779152
 delta movement in dn-elecs =        7.3395599029
 delta movement in electrons =       14.6947686924

 one-center local charge defect =         0.07643318

 one-center local charge defect =         0.07513795

 LMCC local dipole, |dip|=        1.7743724408
 Using LMCC treatment of supercell electrostatics
 DBG/LMCCINT, esns diagnostics redone
 LMCC chemical potential shift(Ry,eV)=        0.0000005075        0.0000069056
 LMCC esns total grid integral=        0.7012362250
  
 grid-integrated up-density total =       78.9161698386
 grid-integrated dn-density total =       77.9174663429
 grid-integrated valence-density total =      156.8336361815
  
 TOTAL single particle eigenvalue sum=      -146.0945507372
  
 rms,max scfchange=  1.1146D-04  1.1928D-02 for component#      2033
 ######################  ENERGY ANALYSIS  #######################
    Spherical-atom es ENERGY correction =      -444.3621546261
    Full spherical atom trace ENERGY =         -229.3972468306
    Spherical-atom-Vxc trace ENERGY =           266.1650581693
    non-spherical es ENERGY =                     0.7012648791
    Total Exc ENERGY =                         -146.2618686510

    total kinetic trace ENERGY =          403.4969849184
    non-local ps-pot trace ENERGY =        56.9219379430
    total electrostatic ENERGY =         -867.3120012697
    Total Vxc ENERGY =                   -189.7267144159

    TOTAL ENERGY (Rydberg) =                   -553.1549470593

 ################################################################

 After blending   +   15.73 =     415.8 seconds wall (    5.12 usr    0.81 sys)
  
 >>>>> self-consistency achieved, iteration   8


 Final GAP(eV)=  2.3166 (up),  0.3842 (dn)

 spin-up fermi level =   -0.387717 Ry,   gap(0K)= 0.170269 Ry = 2.317 eV
 spin-dn fermi level =   -0.443261 Ry,   gap(0K)= 0.028239 Ry = 0.384 eV

 k-vector:                  1
  weight:               1.000000
            level/UP/occup       level/DN/occup
  
    1    -2.000707  1.0000    -1.998460  1.0000
    2    -1.951530  1.0000    -1.950453  1.0000
    3    -1.932702  1.0000    -1.930713  1.0000
    4    -1.888034  1.0000    -1.879968  1.0000
             ...      ...         ...      ...
   60    -0.639115  1.0000    -0.638377  1.0000
   61    -0.629472  1.0000    -0.622520  1.0000
   62    -0.618323  1.0000    -0.617728  1.0000
   63    -0.615171  1.0000    -0.613564  1.0000
   64    -0.610552  1.0000    -0.608659  1.0000
   65    -0.607942  1.0000    -0.605273  1.0000
   66    -0.598468  1.0000    -0.594258  1.0000
   67    -0.577369  1.0000    -0.571058  1.0000
   68    -0.569754  1.0000    -0.565235  1.0000
   69    -0.561923  1.0000    -0.553052  1.0000
   70    -0.555808  1.0000    -0.547732  1.0000
   71    -0.540091  1.0000    -0.529884  0.9998
   72    -0.531810  1.0000    -0.522422  0.9996
   73    -0.525645  1.0000    -0.516336  0.9993
   74    -0.505420  1.0000    -0.499030  0.9962
   75    -0.493220  1.0000    -0.487544  0.9882
   76    -0.489641  1.0000    -0.471917  0.9461
   77    -0.482937  0.9999    -0.471054  0.9415
   78    -0.480712  0.9999    -0.461475  0.8607
   79    -0.478479  0.9999    -0.433235  0.2684
   80    -0.308210  0.0004    -0.295837  0.0000
   81    -0.091453  0.0000    -0.086672  0.0000
   82    -0.056035  0.0000    -0.055441  0.0000
   83    -0.025620  0.0000    -0.022088  0.0000
   84    -0.001244  0.0000    -0.000369  0.0000
   85     0.010399  0.0000     0.011427  0.0000
   86     0.034882  0.0000     0.037175  0.0000
   87     0.041776  0.0000     0.042479  0.0000
   88     0.053742  0.0000     0.054414  0.0000
             ...      ...         ...      ...
  200     1.081203  0.0000     1.082203  0.0000
  
 >>>>> grid delta-density saved to file

 FINAL CONVERGED ENERGY (Rydberg) =     -553.1549470593
 Binding energy =      -39.9195520593 Ry =           -543.1376 eV

 AFTER ITERATIONS +    0.25 =     416.0 seconds wall (    0.00 usr    0.02 sys)
 Atom  20   Z=  4.0   occ=  4.00   rho=  3.9980681385   core=  0.0000000000
     vxc(afs ):   -3.88218495  -3.65924698  -0.22293798
     exc(afs ):   -3.00491919  -2.81368911  -0.19123008
 Atom  40   Z=  6.0   occ=  6.00   rho=  5.9912136292   core=  0.0000000000
                               rho(xc)=  6.4912135523
     vxc(afs ):   -8.98452726  -8.71705073  -0.26747653
     exc(afs ):   -6.96391283  -6.73527032  -0.22864250

 atom xc0frc stress term=      121.5799295835
 mat0frc: stripe-parallel, KPSTORE= F
  
 total force contributions(Ry/bohr):
        atom       x force          y force          z force
          1     -0.0002851311    -0.0001295630    -0.0001701918
          2      0.0001163956     0.0003704765     0.0002806104
          3      0.0003453208     0.0000530644     0.0001829848
          4      0.0002367782     0.0000167046     0.0001670802
          5      0.0003489506    -0.0005105060     0.0001270513
          6     -0.0012149460    -0.0011013976    -0.0004889679
          7      0.0001503720     0.0000704783    -0.0004068924
          8     -0.0001829352     0.0011224654     0.0010462519
          9      0.0009668506     0.0005721474     0.0001703204
         10     -0.0001119301     0.0002106411     0.0003818468
         11      0.0001738005    -0.0001464376     0.0000808638
         12      0.0000193705     0.0000173714     0.0000288553
         13      0.0000404785     0.0000474053    -0.0000175131
         14      0.0006128166    -0.0002844431    -0.0001180977
         15      0.0001965148    -0.0002680233    -0.0001815279
         16      0.0001194643    -0.0002960507     0.0002468224
         17     -0.0000992904    -0.0000296589     0.0001172747
         18      0.0000155030    -0.0002354510    -0.0000658679
         19      0.0001308554     0.0003570488     0.0001054527
         20      0.0007410227     0.0003357371     0.0000197908
         21      0.0000767033    -0.0000840562    -0.0000750697
         22      0.0001454249    -0.0000662659     0.0000384694
         23      0.0000964100    -0.0000487760    -0.0000753553
         24      0.0003758795    -0.0001249015     0.0000014846
         25      0.0001663292    -0.0000839137     0.0000340222
         26      0.0003737038    -0.0003720368    -0.0005365791
         27      0.0007467054    -0.0000213675     0.0007328042
         28      0.0007031797    -0.0000407854    -0.0003401061
         29      0.0010079653     0.0004169628     0.0000627682
         30     -0.0000784621     0.0000244419    -0.0000070838
         31     -0.0000445422    -0.0000050642     0.0000466728
         32     -0.0000597200     0.0000555519     0.0000442909
         33      0.0000891941    -0.0000667141     0.0001166134
         34     -0.0001901360    -0.0002602523     0.0000197663
         35     -0.0000127770    -0.0000553453     0.0000869558
         36     -0.0001121522    -0.0000015081     0.0000269290
         37     -0.0000901311    -0.0000602061     0.0001290750
         38     -0.0004917664    -0.0003221280    -0.0000808440
         39     -0.0002808860    -0.0006069056    -0.0009049110
         40      0.0003330354     0.0001578234     0.0005789060
         41      0.0003905527     0.0002459303     0.0009903813
         42      0.0000051412     0.0001496065    -0.0000302500
         43      0.0001253835    -0.0000481075    -0.0000279057
         44     -0.0000062056     0.0000148965     0.0000163772
         45      0.0001834118    -0.0001233977    -0.0000625501
         46     -0.0001849908    -0.0000712648    -0.0004176159
         47     -0.0000158977     0.0000206406     0.0000205533
         48      0.0000044955     0.0000038877     0.0000339280
         49     -0.0000970403    -0.0000166812     0.0000014656
         50     -0.0000330933    -0.0000056172     0.0000000000
         51      0.0000059049     0.0000000000    -0.0000158507
         52     -0.0000056303     0.0000000000    -0.0000163019
         53     -0.0001039221     0.0001327815     0.0000527663
         54     -0.0000310367     0.0000020093    -0.0000220886
         55     -0.0000236173    -0.0000223460     0.0000332291
      f-defect        0.0052876744    -0.0011110999     0.0019610935

 AFTER FORCE RTNS +    1.05 =     417.1 seconds wall (    1.02 usr    0.02 sys)
  
 >>>>> GSELECT begins, nslics=           0
 <<<<< GSELECT ends
 rms,max force=  5.6095D-04  1.7112D-03 for component#        6
 dynamics update step #           2
ASD: min/max mass factors=   0.5000   1.2599
 >>>>> GUPDATE begins, nslics=           0
 GUPDATE: Largest relax: atom#, dr(au)=    28    0.001199
 <<<<< GUPDATE ends

 ###############################################################################
   NEW GEOMETRY for step   3, of   3 total
atom, type, position;  step#      3
 AT1          Pt               -0.3471466684    1.4045632147   -0.1860065990 
 AT2          O                 2.4216552498    3.7110044830   -1.0035110539 
 AT3          O                -3.2973884714   -0.9760520471    0.0666434491 
 AT4          O                 1.3869462171   -1.9024248185   -1.0119045231 
 AT5          P                -4.8634195030   -0.6729933198   -2.5731630231 
 AT6          P                 3.3182602993   -2.7026110953    1.2370767683 
 AT7          O                -2.8828238294   -1.7591937359   -4.7328777756 
 AT8          O                -5.6618806927    1.9852882617   -3.3134701346 
 AT9          O                 5.2823222945   -0.8130796792    1.9312354316 
 AT10         O                 4.7692937788   -5.1351006901    0.0195011258 
 AT11         H                -2.1326228679   -3.4168285192   -4.3569913287 
 AT12         H                 3.5627527413   -6.3314928293   -0.7157673210 
 AT13         C                 1.7159250162   -3.6406469072    4.1889784245 
 AT14         C                -7.5465084593   -2.9360494167   -2.3400146742 
 AT15         C                -9.2894819739   -2.2597921938   -0.1223896975 
 AT16         C                -9.0123265649   -2.9334202471   -4.8509452328 
 AT17         C                -6.5364947638   -5.6243818781   -1.9283017130 
 AT18         C                -0.4383158319   -5.5435648923    3.8253020589 
 AT19         C                 0.6824237048   -1.2056827121    5.4000238033 
 AT20         C                 3.7050928028   -4.7547488795    6.0006145355 
 AT21         H                -9.9947164659   -0.3054646733   -0.2286599784 
 AT22         H                -8.2837731366   -2.5428506841    1.6676934842 
 AT23         H               -10.9556071426   -3.5129833658   -0.1907476097 
 AT24         H                -9.9539989481   -1.1506268643   -5.3316715475 
 AT25         H               -10.4931319375   -4.4067731562   -4.8169902653 
 AT26         H                -7.7407966883   -3.4528896338   -6.3988385490 
 AT27         H                -5.3839123724   -5.8086023357   -0.2204365376 
 AT28         H                -5.4303688461   -6.3260050629   -3.5320168300 
 AT29         H                -8.1788929349   -6.8713693691   -1.6786567586 
 AT30         H                -1.9926387477   -4.8704921486    2.6184908479 
 AT31         H                -1.1982654963   -5.9139858114    5.7296711940 
 AT32         H                 0.2512644426   -7.3390223992    3.0530894581 
 AT33         H                -0.7142042447   -0.2589069746    4.1817613214 
 AT34         H                 2.1582759993    0.1838975317    5.8144434027 
 AT35         H                -0.2542601458   -1.6638650876    7.2013209305 
 AT36         H                 4.4170704456   -6.6126954074    5.3931261904 
 AT37         H                 2.6910678292   -4.9774180972    7.7962892280 
 AT38         H                 5.3305664068   -3.4986774880    6.2949335600 
 AT39         P                 1.3907352283    6.4154925189   -0.0153142272 
 AT40         O                -1.7977244281    5.5879031184    0.5439561988 
 AT41         O                 2.4129888096    7.1007796060    2.4893486727 
 AT42         C                 1.8115194596    8.9702389797   -2.3773086192 
 AT43         C                 0.8244397659    8.4060796778   -5.0297840090 
 AT44         C                 0.4479489106   11.3057772253   -1.3007473363 
 AT45         C                 4.6902896586    9.4454252023   -2.4666284079 
 AT46         H                -2.6974996184    5.4359257243   -1.1068791460 
 AT47         H                 1.6745215345    6.7253986832   -5.8694136418 
 AT48         H                 1.1980934694   10.0337614818   -6.2779270569 
 AT49         H                -1.2254117342    8.1622490476   -4.9884783794 
 AT50         H                -1.6016849587   11.0110206925   -1.1634597298 
 AT51         H                 0.7329246062   12.8949731290   -2.6010280950 
 AT52         H                 1.1552469380   11.8815200146    0.5686591748 
 AT53         H                 5.7852426126    7.7773518682   -3.0531581490 
 AT54         H                 5.4115377454   10.0929252032   -0.6480252143 
 AT55         H                 4.9651901827   10.9490068891   -3.8879262510 
 ###############################################################################

 After geometry   +    0.07 =     417.2 seconds wall (    0.00 usr    0.00 sys)
  
 LATVEC: nlat1c,nlat2c,nlat =           1           1           1

  Atom
  Type  Shell  Min-alf     range
    1        0.129289   8.279963
    2        0.102474   9.300415
    3        0.143749   7.852478
    4        0.078997  10.592631
    5        0.095999   9.608947
    6        0.073120  11.010095
 Turnover EF->DM npopdm, npop0k=         105          79
 DEV264h/wkmem: perlsolv dist-mem
 DEV/wkmem: KPSTORE= F
 DEV/wkmem: psolv version, input do_psolv= F

 Need       26500-length r*4 array to pack grid wfcns/box
 Need      452875-length r*4 array to pack all grid wfcns
 Need       26500-length r*4 array for grid wfcns scratch
 WKMEM: using stripe-parallel+Merge  setup
 Minimum maxwkd for scf to complete=    29384385
 All grid wfcns stored in    226438 of 194809119 available
 WKMEM: in-core Broyden! uses    462690 out of 194582681 available
 >>>>> geom/basis data saved to file
  
 Atom type   1  radial valence charge =    5.999995363882
 Atom type   1      xc valence charge =    6.499995360087
  
 Atom type   2  radial valence charge =    0.999999985299
  
 Atom type   3  radial valence charge =    3.999996877569
  
 Atom type   4  radial valence charge =    9.999999976019
  
 Atom type   5  radial valence charge =    4.999999641069
  
 Atom type   6  radial valence charge =    3.999999473876
 mat0set: stripe-parallel, KPSTORE= F

   sij compute    +    0.21 =     417.4 seconds wall (    0.01 usr    0.00 sys)

   sij/nlat-bcast +    0.20 =     417.6 seconds wall (    0.20 usr    0.00 sys)

   vlocmat compute+    0.24 =     417.8 seconds wall (    0.24 usr    0.00 sys)

   vlocmii compute+    0.02 =     417.8 seconds wall (    0.02 usr    0.00 sys)

   nlocmat compute+    0.13 =     418.0 seconds wall (    0.13 usr    0.00 sys)
 NLOCMAT: Max neqilat=           1

 After mat0set    +    0.03 =     418.0 seconds wall (    0.03 usr    0.00 sys)
 Atom   2   Z=  6.0   occ=  6.00   rho=  5.9908595823   core=  0.0000000000
                               rho(xc)=  6.4908594976
     vxc(afsw):   -8.98274189  -8.71526221  -0.26747968  -0.00022955
     exc(afsw):   -6.96354139  -6.73489565  -0.22864574  -0.00018467
 Atom   3   Z=  6.0   occ=  6.00   rho=  5.9886901262   core=  0.0000000000
                               rho(xc)=  6.4886900408
     vxc(afsw):   -8.96822557  -8.70072899  -0.26749658  -0.00028408
     exc(afsw):   -6.96081962  -6.73215409  -0.22866553  -0.00022856
 Atom   4   Z=  6.0   occ=  6.00   rho=  5.9888323219   core=  0.0000000000
                               rho(xc)=  6.4888322352
     vxc(afsw):   -8.97009105  -8.70259587  -0.26749518  -0.00028050
     exc(afsw):   -6.96102232  -6.73235801  -0.22866430  -0.00022569
 Atom   7   Z=  6.0   occ=  6.00   rho=  5.9935102052   core=  0.0000000000
                               rho(xc)=  6.4935101273
     vxc(afsw):   -8.99503426  -8.72758337  -0.26745090  -0.00016294
     exc(afsw):   -6.96599745  -6.73737578  -0.22862167  -0.00013107
 Atom   8   Z=  6.0   occ=  6.00   rho=  5.9914289107   core=  0.0000000000
                               rho(xc)=  6.4914288490
     vxc(afsw):   -8.98667319  -8.71920298  -0.26747021  -0.00021523
     exc(afsw):   -6.96397430  -6.73533324  -0.22864106  -0.00017315
 Atom   9   Z=  6.0   occ=  6.00   rho=  5.9976830824   core=  0.0000000000
                               rho(xc)=  6.4976830122
     vxc(afsw):   -9.01622465  -8.74881762  -0.26740702  -0.00005815
     exc(afsw):   -6.96953181  -6.74094952  -0.22858229  -0.00004677
 Atom  10   Z=  6.0   occ=  6.00   rho=  5.9891086673   core=  0.0000000000
                               rho(xc)=  6.4891085889
     vxc(afsw):   -8.97298854  -8.70549586  -0.26749267  -0.00027355
     exc(afsw):   -6.96139782  -6.73273594  -0.22866188  -0.00022009
 Atom  11   Z=  1.0   occ=  1.00   rho=  0.9975716657   core=  0.0000000000
     vxc(afsw):   -0.79508327  -0.76972437  -0.02535890  -0.00003411
     exc(afsw):   -0.62685341  -0.60465002  -0.02220340  -0.00002876
 Atom  12   Z=  1.0   occ=  1.00   rho=  0.9960131569   core=  0.0000000000
     vxc(afsw):   -0.78978084  -0.76442327  -0.02535756  -0.00005587
     exc(afsw):   -0.62428062  -0.60207609  -0.02220453  -0.00004711
 Atom  14   Z=  4.0   occ=  4.00   rho=  3.9981084751   core=  0.0000000000
     vxc(afsw):   -3.87990502  -3.65697124  -0.22293378  -0.00004312
     exc(afsw):   -3.00506654  -2.81383642  -0.19123012  -0.00003322
 Atom  17   Z=  4.0   occ=  4.00   rho=  3.9970178594   core=  0.0000000000
     vxc(afsw):   -3.87957489  -3.65662587  -0.22294903  -0.00006805
     exc(afsw):   -3.00355812  -2.81232416  -0.19123396  -0.00005241
 Atom  18   Z=  4.0   occ=  4.00   rho=  3.9978960307   core=  0.0000000000
     vxc(afsw):   -3.88233976  -3.65939993  -0.22293982  -0.00004799
     exc(afsw):   -3.00473332  -2.81350260  -0.19123072  -0.00003696
 Atom  19   Z=  4.0   occ=  4.00   rho=  4.0030524119   core=  0.0000000000
     vxc(afsw):   -3.90685241  -3.68393384  -0.22291858   0.00006931
     exc(afsw):   -3.00795981  -2.81675099  -0.19120882   0.00005330
 Atom  20   Z=  4.0   occ=  4.00   rho=  3.9980629101   core=  0.0000000000
     vxc(afsw):   -3.88218311  -3.65924509  -0.22293802  -0.00004417
     exc(afsw):   -3.00491400  -2.81368389  -0.19123010  -0.00003402
 Atom  21   Z=  1.0   occ=  1.00   rho=  0.9968914751   core=  0.0000000000
     vxc(afsw):   -0.79267210  -0.76731362  -0.02535848  -0.00004363
     exc(afsw):   -0.62573439  -0.60353046  -0.02220393  -0.00003679
 Atom  22   Z=  1.0   occ=  1.00   rho=  0.9965568262   core=  0.0000000000
     vxc(afsw):   -0.79153075  -0.76617257  -0.02535819  -0.00004831
     exc(afsw):   -0.62518176  -0.60297759  -0.02220418  -0.00004074
 Atom  23   Z=  1.0   occ=  1.00   rho=  0.9963020114   core=  0.0000000000
     vxc(afsw):   -0.79070652  -0.76534861  -0.02535791  -0.00005186
     exc(afsw):   -0.62475960  -0.60255525  -0.02220435  -0.00004373
 Atom  24   Z=  1.0   occ=  1.00   rho=  0.9973981261   core=  0.0000000000
     vxc(afsw):   -0.79435537  -0.76899642  -0.02535894  -0.00003654
     exc(afsw):   -0.62657176  -0.60436818  -0.02220358  -0.00003081
 Atom  25   Z=  1.0   occ=  1.00   rho=  0.9972447875   core=  0.0000000000
     vxc(afsw):   -0.79391270  -0.76855401  -0.02535869  -0.00003869
     exc(afsw):   -0.62631570  -0.60411204  -0.02220366  -0.00003263
 Atom  26   Z=  1.0   occ=  1.00   rho=  0.9966199709   core=  0.0000000000
     vxc(afsw):   -0.79175706  -0.76639882  -0.02535823  -0.00004742
     exc(afsw):   -0.62528577  -0.60308164  -0.02220413  -0.00003999
 Atom  27   Z=  1.0   occ=  1.00   rho=  0.9960508730   core=  0.0000000000
     vxc(afsw):   -0.78989812  -0.76454051  -0.02535761  -0.00005535
     exc(afsw):   -0.62434327  -0.60213876  -0.02220451  -0.00004667
 Atom  28   Z=  1.0   occ=  1.00   rho=  0.9959664203   core=  0.0000000000
     vxc(afsw):   -0.78963770  -0.76428020  -0.02535750  -0.00005652
     exc(afsw):   -0.62420292  -0.60199836  -0.02220456  -0.00004766
 Atom  29   Z=  1.0   occ=  1.00   rho=  0.9964844300   core=  0.0000000000
     vxc(afsw):   -0.79129886  -0.76594075  -0.02535811  -0.00004932
     exc(afsw):   -0.62506176  -0.60285753  -0.02220422  -0.00004160
 Atom  30   Z=  1.0   occ=  1.00   rho=  0.9973391415   core=  0.0000000000
     vxc(afsw):   -0.79419586  -0.76883704  -0.02535882  -0.00003737
     exc(afsw):   -0.62647273  -0.60426913  -0.02220360  -0.00003151
 Atom  31   Z=  1.0   occ=  1.00   rho=  0.9974592012   core=  0.0000000000
     vxc(afsw):   -0.79455261  -0.76919361  -0.02535900  -0.00003568
     exc(afsw):   -0.62667278  -0.60446924  -0.02220354  -0.00003009
 Atom  32   Z=  1.0   occ=  1.00   rho=  0.9962925467   core=  0.0000000000
     vxc(afsw):   -0.79064750  -0.76528957  -0.02535793  -0.00005198
     exc(afsw):   -0.62474476  -0.60254039  -0.02220436  -0.00004383
 Atom  33   Z=  1.0   occ=  1.00   rho=  0.9978589231   core=  0.0000000000
     vxc(afsw):   -0.79558400  -0.77022427  -0.02535973  -0.00003006
     exc(afsw):   -0.62734353  -0.60514016  -0.02220337  -0.00002535
 Atom  34   Z=  1.0   occ=  1.00   rho=  0.9964588001   core=  0.0000000000
     vxc(afsw):   -0.79124664  -0.76588861  -0.02535803  -0.00004969
     exc(afsw):   -0.62501828  -0.60281405  -0.02220423  -0.00004191
 Atom  35   Z=  1.0   occ=  1.00   rho=  0.9962536597   core=  0.0000000000
     vxc(afsw):   -0.79054198  -0.76518412  -0.02535786  -0.00005254
     exc(afsw):   -0.62467970  -0.60247532  -0.02220438  -0.00004430
 Atom  36   Z=  1.0   occ=  1.00   rho=  0.9978344797   core=  0.0000000000
     vxc(afsw):   -0.79557201  -0.77021238  -0.02535963  -0.00003040
     exc(afsw):   -0.62730083  -0.60509747  -0.02220336  -0.00002564
 Atom  37   Z=  1.0   occ=  1.00   rho=  0.9975935011   core=  0.0000000000
     vxc(afsw):   -0.79519061  -0.76983179  -0.02535882  -0.00003381
     exc(afsw):   -0.62688730  -0.60468394  -0.02220336  -0.00002851
 Atom  38   Z=  1.0   occ=  1.00   rho=  0.9962538690   core=  0.0000000000
     vxc(afsw):   -0.79055007  -0.76519222  -0.02535785  -0.00005254
     exc(afsw):   -0.62467983  -0.60247545  -0.02220438  -0.00004431
 Atom  40   Z=  6.0   occ=  6.00   rho=  5.9912292075   core=  0.0000000000
                               rho(xc)=  6.4912291306
     vxc(afsw):   -8.98460512  -8.71712873  -0.26747639  -0.00022026
     exc(afsw):   -6.96392873  -6.73528636  -0.22864236  -0.00017720
 Atom  41   Z=  6.0   occ=  6.00   rho=  5.9962735574   core=  0.0000000000
                               rho(xc)=  6.4962735088
     vxc(afsw):   -9.00753079  -8.74011572  -0.26741507  -0.00009352
     exc(afsw):   -6.96820932  -6.73961313  -0.22859619  -0.00007523
 Atom  42   Z=  4.0   occ=  4.00   rho=  3.9975575531   core=  0.0000000000
     vxc(afsw):   -3.88249669  -3.65955296  -0.22294373  -0.00005572
     exc(afsw):   -3.00433562  -2.81310366  -0.19123196  -0.00004291
 Atom  44   Z=  4.0   occ=  4.00   rho=  3.9979659471   core=  0.0000000000
     vxc(afsw):   -3.88142284  -3.65848530  -0.22293754  -0.00004638
     exc(afsw):   -3.00485178  -2.81362125  -0.19123054  -0.00003573
 Atom  45   Z=  4.0   occ=  4.00   rho=  3.9983472124   core=  0.0000000000
     vxc(afsw):   -3.88028225  -3.65735014  -0.22293211  -0.00003768
     exc(afsw):   -3.00527397  -2.81404478  -0.19122919  -0.00002902
 Atom  46   Z=  1.0   occ=  1.00   rho=  0.9976161428   core=  0.0000000000
     vxc(afsw):   -0.79523371  -0.76987481  -0.02535890  -0.00003349
     exc(afsw):   -0.62692604  -0.60472268  -0.02220336  -0.00002824
 Atom  47   Z=  1.0   occ=  1.00   rho=  0.9963654662   core=  0.0000000000
     vxc(afsw):   -0.79089935  -0.76554135  -0.02535799  -0.00005098
     exc(afsw):   -0.62486512  -0.60266081  -0.02220431  -0.00004299
 Atom  48   Z=  1.0   occ=  1.00   rho=  0.9962818339   core=  0.0000000000
     vxc(afsw):   -0.79065305  -0.76529518  -0.02535787  -0.00005216
     exc(afsw):   -0.62472578  -0.60252142  -0.02220435  -0.00004398
 Atom  49   Z=  1.0   occ=  1.00   rho=  0.9966464967   core=  0.0000000000
     vxc(afsw):   -0.79187556  -0.76651735  -0.02535821  -0.00004707
     exc(afsw):   -0.62532849  -0.60312440  -0.02220410  -0.00003970
 Atom  50   Z=  1.0   occ=  1.00   rho=  0.9959433968   core=  0.0000000000
     vxc(afsw):   -0.78956526  -0.76420779  -0.02535747  -0.00005684
     exc(afsw):   -0.62416470  -0.60196013  -0.02220457  -0.00004793
 Atom  51   Z=  1.0   occ=  1.00   rho=  0.9959294960   core=  0.0000000000
     vxc(afsw):   -0.78952479  -0.76416734  -0.02535745  -0.00005704
     exc(afsw):   -0.62414153  -0.60193695  -0.02220458  -0.00004810
 Atom  52   Z=  1.0   occ=  1.00   rho=  0.9977170961   core=  0.0000000000
     vxc(afsw):   -0.79549067  -0.77013154  -0.02535914  -0.00003206
     exc(afsw):   -0.62709641  -0.60489308  -0.02220332  -0.00002704
 Atom  53   Z=  1.0   occ=  1.00   rho=  0.9964608088   core=  0.0000000000
     vxc(afsw):   -0.79121460  -0.76585650  -0.02535809  -0.00004964
     exc(afsw):   -0.62502290  -0.60281866  -0.02220424  -0.00004186
 Atom  54   Z=  1.0   occ=  1.00   rho=  0.9961318509   core=  0.0000000000
     vxc(afsw):   -0.79015574  -0.76479803  -0.02535771  -0.00005423
     exc(afsw):   -0.62447761  -0.60227315  -0.02220446  -0.00004573
 Atom  55   Z=  1.0   occ=  1.00   rho=  0.9972483047   core=  0.0000000000
     vxc(afsw):   -0.79395695  -0.76859830  -0.02535865  -0.00003865
     exc(afsw):   -0.62632038  -0.60411674  -0.02220364  -0.00003259
 ***** CAUTION: grid fineness questionable

 grid0xc compute+    0.48 =     418.5 seconds wall (    0.48 usr    0.00 sys)

 grid0xc Merge  +    0.03 =     418.5 seconds wall (    0.00 usr    0.03 sys)

 grid0xc Bcast  +    0.13 =     418.6 seconds wall (    0.13 usr    0.00 sys)


 AFTER SETUP PHASE+    6.73 =     425.4 seconds wall (    0.17 usr    0.34 sys)

  
 *************************  iteration   0 begins here  *************************


 Before iterations+    0.05 =     425.4 seconds wall (    0.05 usr    0.00 sys)
  
 grid-integrated up-density total =       78.4330486448
 grid-integrated dn-density total =       78.4330486448
 grid-integrated valence-density total =      156.8660972895
 Harris Fcnal XC piece=       42.6977371848
  
  

 After 0 iteration+    0.54 =     426.0 seconds wall (    0.50 usr    0.04 sys)
 *************************  iteration   1 begins here  *************************


 erlsolv/begin  +    0.41 =     426.4 seconds wall (    0.40 usr    0.00 sys)
 PERLSOLV: kpp-copmatible version

 erlsolv/schroed+    0.09 =     426.5 seconds wall (    0.07 usr    0.00 sys)

 erlsolv/pop    +    0.00 =     426.5 seconds wall (    0.00 usr    0.00 sys)

 erlsolv/dmat compute+    0.00 =     426.5 seconds wall (    0.00 usr    0.00 sys)

 erlsolv/dmat compute+    0.01 =     426.5 seconds wall (    0.00 usr    0.00 sys)

 erlsolv/rhoij  +    0.01 =     426.5 seconds wall (    0.00 usr    0.01 sys)

 spin-up fermi level =   -0.350719 Ry,   gap(0K)= 0.198589 Ry = 2.702 eV
 spin-dn fermi level =   -0.451927 Ry,   gap(0K)= 0.004028 Ry = 0.055 eV

 k-vector:                  1
  weight:               1.000000
            level/UP/occup       level/DN/occup
  
    1    -1.943986  1.0000    -1.943986  1.0000
    2    -1.933044  1.0000    -1.933044  1.0000
    3    -1.920682  1.0000    -1.920682  1.0000
    4    -1.845137  1.0000    -1.845137  1.0000
             ...      ...         ...      ...
   60    -0.698993  1.0000    -0.698993  1.0000
   61    -0.696695  1.0000    -0.696695  1.0000
   62    -0.681437  1.0000    -0.681437  1.0000
   63    -0.678367  1.0000    -0.678367  1.0000
   64    -0.659970  1.0000    -0.659970  1.0000
   65    -0.643893  1.0000    -0.643893  1.0000
   66    -0.632368  1.0000    -0.632368  1.0000
   67    -0.625757  1.0000    -0.625757  1.0000
   68    -0.619802  1.0000    -0.619802  1.0000
   69    -0.611841  1.0000    -0.611841  1.0000
   70    -0.602821  1.0000    -0.602821  1.0000
   71    -0.594977  1.0000    -0.594977  1.0000
   72    -0.584864  1.0000    -0.584864  1.0000
   73    -0.577640  1.0000    -0.577640  1.0000
   74    -0.575556  1.0000    -0.575556  1.0000
   75    -0.556096  1.0000    -0.556096  1.0000
   76    -0.513563  1.0000    -0.513563  0.9979
   77    -0.510486  1.0000    -0.510486  0.9971
   78    -0.454041  1.0000    -0.454041  0.5527
   79    -0.450014  1.0000    -0.450014  0.4523
   80    -0.251425  0.0000    -0.251425  0.0000
   81    -0.058439  0.0000    -0.058439  0.0000
   82    -0.014641  0.0000    -0.014641  0.0000
   83    -0.003513  0.0000    -0.003513  0.0000
   84     0.019136  0.0000     0.019136  0.0000
   85     0.026237  0.0000     0.026237  0.0000
   86     0.037009  0.0000     0.037009  0.0000
   87     0.049013  0.0000     0.049013  0.0000
             ...      ...         ...      ...
  200     1.044806  0.0000     1.044806  0.0000
  
 delta movement in up-elecs =        9.7675852176
 delta movement in dn-elecs =        9.6541881529
 delta movement in electrons =       19.1916146754

 one-center local charge defect =         0.07769105

 one-center local charge defect =         0.07649349

 LMCC local dipole, |dip|=        4.5663082702
 Using LMCC treatment of supercell electrostatics
 DBG/LMCCINT, esns diagnostics redone
 LMCC chemical potential shift(Ry,eV)=       -0.0000027310       -0.0000371579
 LMCC esns total grid integral=        2.2445993750
  
 grid-integrated up-density total =       78.9146114450
 grid-integrated dn-density total =       77.9158094389
 grid-integrated valence-density total =      156.8304208839
  
 TOTAL single particle eigenvalue sum=      -152.5985468490
  
 rms,max scfchange=  1.1515D-02  6.8006D-01 for component#    310898
 electronic meth_bl(BROYDEN)=           1
>>>>> Broyden: first step (elec) simple blend ratio= 0.300000
<<<<< Broyden step complete, scf step=     1

 After blending   +   19.30 =     445.8 seconds wall (    5.27 usr    0.81 sys)
  
 *************************  iteration   2 begins here  *************************


 erlsolv/begin  +    0.74 =     446.5 seconds wall (    0.73 usr    0.00 sys)
 PERLSOLV: kpp-copmatible version

 erlsolv/schroed+    0.08 =     446.6 seconds wall (    0.07 usr    0.01 sys)

 erlsolv/pop    +    0.00 =     446.6 seconds wall (    0.00 usr    0.00 sys)

 erlsolv/dmat compute+    0.00 =     446.6 seconds wall (    0.00 usr    0.00 sys)

 erlsolv/dmat compute+    0.01 =     446.6 seconds wall (    0.00 usr    0.00 sys)

 erlsolv/rhoij  +    0.01 =     446.6 seconds wall (    0.00 usr    0.00 sys)

 spin-up fermi level =   -0.400312 Ry,   gap(0K)= 0.126267 Ry = 1.718 eV
 spin-dn fermi level =   -0.468063 Ry,   gap(0K)= 0.016198 Ry = 0.220 eV
  
 delta movement in up-elecs =        8.0239310863
 delta movement in dn-elecs =        8.1446306028
 delta movement in electrons =       15.9540036981

 one-center local charge defect =         0.07626567

 one-center local charge defect =         0.07458570

 LMCC local dipole, |dip|=        3.2110015035
 Using LMCC treatment of supercell electrostatics
 DBG/LMCCINT, esns diagnostics redone
 LMCC chemical potential shift(Ry,eV)=       -0.0000108177       -0.0001471835
 LMCC esns total grid integral=        1.1501755418
  
 grid-integrated up-density total =       78.9162027639
 grid-integrated dn-density total =       77.9178881717
 grid-integrated valence-density total =      156.8340909356
  
 TOTAL single particle eigenvalue sum=      -148.3574650461
  
 rms,max scfchange=  8.2992D-03  7.6946D-01 for component#     53849
 electronic meth_bl(BROYDEN)=           1
>>>>> Broyden blend to get next step - elec
<<<<< Broyden step complete, scf step=     2

 After blending   +   10.80 =     457.4 seconds wall (    5.00 usr    0.80 sys)
  
 *************************  iteration   3 begins here  *************************


 erlsolv/begin  +    2.30 =     459.7 seconds wall (    2.29 usr    0.00 sys)
 PERLSOLV: kpp-copmatible version

 erlsolv/schroed+    0.09 =     459.8 seconds wall (    0.07 usr    0.00 sys)

 erlsolv/pop    +    0.00 =     459.8 seconds wall (    0.00 usr    0.00 sys)

 erlsolv/dmat compute+    0.00 =     459.8 seconds wall (    0.00 usr    0.00 sys)

 erlsolv/dmat compute+    0.01 =     459.8 seconds wall (    0.00 usr    0.00 sys)

 erlsolv/rhoij  +    0.01 =     459.8 seconds wall (    0.00 usr    0.00 sys)

 spin-up fermi level =   -0.354528 Ry,   gap(0K)= 0.163969 Ry = 2.231 eV
 spin-dn fermi level =   -0.433070 Ry,   gap(0K)= 0.018741 Ry = 0.255 eV
  
 delta movement in up-elecs =        7.9264374471
 delta movement in dn-elecs =        7.7374064808
 delta movement in electrons =       15.4109182564

 one-center local charge defect =         0.07645037

 one-center local charge defect =         0.07516225

 LMCC local dipole, |dip|=        3.1970730871
 Using LMCC treatment of supercell electrostatics
 DBG/LMCCINT, esns diagnostics redone
 LMCC chemical potential shift(Ry,eV)=        0.0000041065        0.0000558724
 LMCC esns total grid integral=        0.9600323049
  
 grid-integrated up-density total =       78.9160674120
 grid-integrated dn-density total =       77.9173562984
 grid-integrated valence-density total =      156.8334237104
  
 TOTAL single particle eigenvalue sum=      -146.4484742630
  
 rms,max scfchange=  4.7649D-03  4.7893D-01 for component#     53849
 electronic meth_bl(BROYDEN)=           1
>>>>> Broyden blend to get next step - elec
<<<<< Broyden step complete, scf step=     3

 After blending   +   24.34 =     484.2 seconds wall (    5.02 usr    0.82 sys)
  
 *************************  iteration   4 begins here  *************************


 erlsolv/begin  +    0.01 =     484.2 seconds wall (    0.00 usr    0.00 sys)
 PERLSOLV: kpp-copmatible version

 erlsolv/schroed+    0.09 =     484.3 seconds wall (    0.07 usr    0.01 sys)

 erlsolv/pop    +    0.00 =     484.3 seconds wall (    0.00 usr    0.00 sys)

 erlsolv/dmat compute+    0.00 =     484.3 seconds wall (    0.00 usr    0.00 sys)

 erlsolv/dmat compute+    0.01 =     484.3 seconds wall (    0.00 usr    0.00 sys)

 erlsolv/rhoij  +    0.01 =     484.3 seconds wall (    0.00 usr    0.01 sys)

 spin-up fermi level =   -0.370780 Ry,   gap(0K)= 0.169897 Ry = 2.312 eV
 spin-dn fermi level =   -0.442237 Ry,   gap(0K)= 0.023894 Ry = 0.325 eV
  
 delta movement in up-elecs =        7.6875396187
 delta movement in dn-elecs =        7.4668229333
 delta movement in electrons =       14.9064220479

 one-center local charge defect =         0.07644357

 one-center local charge defect =         0.07520162

 LMCC local dipole, |dip|=        2.8437089218
 Using LMCC treatment of supercell electrostatics
 DBG/LMCCINT, esns diagnostics redone
 LMCC chemical potential shift(Ry,eV)=        0.0000032326        0.0000439823
 LMCC esns total grid integral=        0.7964895084
  
 grid-integrated up-density total =       78.9161265688
 grid-integrated dn-density total =       77.9173699788
 grid-integrated valence-density total =      156.8334965476
  
 TOTAL single particle eigenvalue sum=      -145.8847899353
  
 rms,max scfchange=  2.9410D-03  2.7553D-01 for component#     53849
 electronic meth_bl(BROYDEN)=           1
>>>>> Broyden blend to get next step - elec
<<<<< Broyden step complete, scf step=     4

 After blending   +   16.95 =     501.2 seconds wall (    5.84 usr    0.81 sys)
  
 *************************  iteration   5 begins here  *************************


 erlsolv/begin  +    0.12 =     501.3 seconds wall (    0.11 usr    0.00 sys)
 PERLSOLV: kpp-copmatible version

 erlsolv/schroed+    0.09 =     501.4 seconds wall (    0.07 usr    0.01 sys)

 erlsolv/pop    +    0.00 =     501.4 seconds wall (    0.00 usr    0.00 sys)

 erlsolv/dmat compute+    0.00 =     501.4 seconds wall (    0.00 usr    0.00 sys)

 erlsolv/dmat compute+    0.02 =     501.4 seconds wall (    0.00 usr    0.00 sys)

 erlsolv/rhoij  +    0.01 =     501.5 seconds wall (    0.00 usr    0.01 sys)

 spin-up fermi level =   -0.385491 Ry,   gap(0K)= 0.171555 Ry = 2.334 eV
 spin-dn fermi level =   -0.448641 Ry,   gap(0K)= 0.027534 Ry = 0.375 eV
  
 delta movement in up-elecs =        7.6348179888
 delta movement in dn-elecs =        7.3450774116
 delta movement in electrons =       14.7528325592

 one-center local charge defect =         0.07640764

 one-center local charge defect =         0.07507989

 LMCC local dipole, |dip|=        2.0200732270
 Using LMCC treatment of supercell electrostatics
 DBG/LMCCINT, esns diagnostics redone
 LMCC chemical potential shift(Ry,eV)=        0.0000013328        0.0000181340
 LMCC esns total grid integral=        0.7210113431
  
 grid-integrated up-density total =       78.9161772064
 grid-integrated dn-density total =       77.9175063787
 grid-integrated valence-density total =      156.8336835851
  
 TOTAL single particle eigenvalue sum=      -146.0881205678
  
 rms,max scfchange=  8.7003D-04  7.6540D-02 for component#     53849
 electronic meth_bl(BROYDEN)=           1
>>>>> Broyden blend to get next step - elec
<<<<< Broyden step complete, scf step=     5

 After blending   +   12.83 =     514.3 seconds wall (    5.11 usr    0.80 sys)
  
 *************************  iteration   6 begins here  *************************


 erlsolv/begin  +    0.01 =     514.3 seconds wall (    0.00 usr    0.00 sys)
 PERLSOLV: kpp-copmatible version

 erlsolv/schroed+    0.08 =     514.4 seconds wall (    0.07 usr    0.00 sys)

 erlsolv/pop    +    0.00 =     514.4 seconds wall (    0.00 usr    0.00 sys)

 erlsolv/dmat compute+    0.00 =     514.4 seconds wall (    0.00 usr    0.00 sys)

 erlsolv/dmat compute+    0.01 =     514.4 seconds wall (    0.00 usr    0.00 sys)

 erlsolv/rhoij  +    0.01 =     514.4 seconds wall (    0.00 usr    0.00 sys)

 spin-up fermi level =   -0.387044 Ry,   gap(0K)= 0.167207 Ry = 2.275 eV
 spin-dn fermi level =   -0.445254 Ry,   gap(0K)= 0.019762 Ry = 0.269 eV
  
 delta movement in up-elecs =        7.6189031514
 delta movement in dn-elecs =        7.3177483868
 delta movement in electrons =       14.6984360336

 one-center local charge defect =         0.07641465

 one-center local charge defect =         0.07504116

 LMCC local dipole, |dip|=        1.5848467095
 Using LMCC treatment of supercell electrostatics
 DBG/LMCCINT, esns diagnostics redone
 LMCC chemical potential shift(Ry,eV)=       -0.0000006827       -0.0000092880
 LMCC esns total grid integral=        0.6970712398
  
 grid-integrated up-density total =       78.9161807979
 grid-integrated dn-density total =       77.9175557085
 grid-integrated valence-density total =      156.8337365064
  
 TOTAL single particle eigenvalue sum=      -146.1454426314
  
 rms,max scfchange=  8.6029D-04  9.0131D-02 for component#     55373
 electronic meth_bl(BROYDEN)=           1
>>>>> Broyden blend to get next step - elec
<<<<< Broyden step complete, scf step=     6

 After blending   +   14.43 =     528.8 seconds wall (    5.12 usr    0.82 sys)
  
 *************************  iteration   7 begins here  *************************


 erlsolv/begin  +    0.00 =     528.8 seconds wall (    0.00 usr    0.00 sys)
 PERLSOLV: kpp-copmatible version

 erlsolv/schroed+    0.09 =     528.9 seconds wall (    0.07 usr    0.01 sys)

 erlsolv/pop    +    0.00 =     528.9 seconds wall (    0.00 usr    0.00 sys)

 erlsolv/dmat compute+    0.00 =     528.9 seconds wall (    0.00 usr    0.00 sys)

 erlsolv/dmat compute+    0.01 =     528.9 seconds wall (    0.00 usr    0.00 sys)

 erlsolv/rhoij  +    0.01 =     528.9 seconds wall (    0.00 usr    0.01 sys)

 spin-up fermi level =   -0.386876 Ry,   gap(0K)= 0.173605 Ry = 2.362 eV
 spin-dn fermi level =   -0.445101 Ry,   gap(0K)= 0.029668 Ry = 0.404 eV
  
 delta movement in up-elecs =        7.6178665732
 delta movement in dn-elecs =        7.3378132760
 delta movement in electrons =       14.7126548793

 one-center local charge defect =         0.07639824

 one-center local charge defect =         0.07510494

 LMCC local dipole, |dip|=        1.9457696923
 Using LMCC treatment of supercell electrostatics
 DBG/LMCCINT, esns diagnostics redone
 LMCC chemical potential shift(Ry,eV)=        0.0000010756        0.0000146346
 LMCC esns total grid integral=        0.7084149763
  
 grid-integrated up-density total =       78.9161995250
 grid-integrated dn-density total =       77.9174938635
 grid-integrated valence-density total =      156.8336933885
  
 TOTAL single particle eigenvalue sum=      -146.0871444868
  
 rms,max scfchange=  5.0652D-04  4.9320D-02 for component#     53849
 electronic meth_bl(BROYDEN)=           1
>>>>> Broyden blend to get next step - elec
<<<<< Broyden step complete, scf step=     7

 After blending   +   11.73 =     540.6 seconds wall (    4.88 usr    0.80 sys)
  
 *************************  iteration   8 begins here  *************************


 erlsolv/begin  +    0.01 =     540.7 seconds wall (    0.01 usr    0.00 sys)
 PERLSOLV: kpp-copmatible version

 erlsolv/schroed+    0.09 =     540.7 seconds wall (    0.07 usr    0.01 sys)

 erlsolv/pop    +    0.00 =     540.7 seconds wall (    0.00 usr    0.00 sys)

 erlsolv/dmat compute+    0.01 =     540.8 seconds wall (    0.00 usr    0.00 sys)

 erlsolv/dmat compute+    0.02 =     540.8 seconds wall (    0.00 usr    0.00 sys)

 erlsolv/rhoij  +    0.01 =     540.8 seconds wall (    0.00 usr    0.01 sys)

 spin-up fermi level =   -0.387788 Ry,   gap(0K)= 0.170241 Ry = 2.316 eV
 spin-dn fermi level =   -0.443319 Ry,   gap(0K)= 0.028152 Ry = 0.383 eV
  
 delta movement in up-elecs =        7.6124750401
 delta movement in dn-elecs =        7.3396136430
 delta movement in electrons =       14.6953633782

 one-center local charge defect =         0.07638398

 one-center local charge defect =         0.07509039

 LMCC local dipole, |dip|=        1.7726337169
 Using LMCC treatment of supercell electrostatics
 DBG/LMCCINT, esns diagnostics redone
 LMCC chemical potential shift(Ry,eV)=        0.0000005028        0.0000068415
 LMCC esns total grid integral=        0.7012492191
  
 grid-integrated up-density total =       78.9162193592
 grid-integrated dn-density total =       77.9175148794
 grid-integrated valence-density total =      156.8337342385
  
 TOTAL single particle eigenvalue sum=      -146.0992974597
  
 rms,max scfchange=  1.0798D-04  1.1620D-02 for component#      2033
 ######################  ENERGY ANALYSIS  #######################
    Spherical-atom es ENERGY correction =      -444.3667772729
    Full spherical atom trace ENERGY =         -229.3868635112
    Spherical-atom-Vxc trace ENERGY =           266.1574555291
    non-spherical es ENERGY =                     0.7012786328
    Total Exc ENERGY =                         -146.2600663935

    total kinetic trace ENERGY =          403.4896506573
    non-local ps-pot trace ENERGY =        56.9220793027
    total electrostatic ENERGY =         -867.3066365823
    Total Vxc ENERGY =                   -189.7250206314

    TOTAL ENERGY (Rydberg) =                   -553.1549730157

 ################################################################

 After blending   +   15.22 =     556.0 seconds wall (    4.98 usr    0.82 sys)
  
 >>>>> self-consistency achieved, iteration   8


 Final GAP(eV)=  2.3163 (up),  0.3830 (dn)

 spin-up fermi level =   -0.387788 Ry,   gap(0K)= 0.170241 Ry = 2.316 eV
 spin-dn fermi level =   -0.443319 Ry,   gap(0K)= 0.028152 Ry = 0.383 eV

 k-vector:                  1
  weight:               1.000000
            level/UP/occup       level/DN/occup
  
    1    -2.000713  1.0000    -1.998465  1.0000
    2    -1.951660  1.0000    -1.950585  1.0000
    3    -1.932696  1.0000    -1.930706  1.0000
    4    -1.888070  1.0000    -1.880009  1.0000
             ...      ...         ...      ...
   60    -0.639099  1.0000    -0.638364  1.0000
   61    -0.629505  1.0000    -0.622562  1.0000
   62    -0.618244  1.0000    -0.617669  1.0000
   63    -0.615236  1.0000    -0.613616  1.0000
   64    -0.610589  1.0000    -0.608730  1.0000
   65    -0.608020  1.0000    -0.605301  1.0000
   66    -0.598492  1.0000    -0.594298  1.0000
   67    -0.577457  1.0000    -0.571146  1.0000
   68    -0.569791  1.0000    -0.565290  1.0000
   69    -0.561881  1.0000    -0.553050  1.0000
   70    -0.555796  1.0000    -0.547641  1.0000
   71    -0.540162  1.0000    -0.529931  0.9998
   72    -0.531782  1.0000    -0.522317  0.9996
   73    -0.525612  1.0000    -0.516347  0.9993
   74    -0.505495  1.0000    -0.499090  0.9962
   75    -0.493304  1.0000    -0.487616  0.9882
   76    -0.489661  1.0000    -0.471953  0.9460
   77    -0.483018  0.9999    -0.471131  0.9417
   78    -0.480790  0.9999    -0.461478  0.8601
   79    -0.478529  0.9999    -0.433326  0.2691
   80    -0.308289  0.0004    -0.295921  0.0000
   81    -0.091537  0.0000    -0.086737  0.0000
   82    -0.056120  0.0000    -0.055410  0.0000
   83    -0.025701  0.0000    -0.022089  0.0000
   84    -0.001363  0.0000    -0.000351  0.0000
   85     0.010356  0.0000     0.011414  0.0000
   86     0.034870  0.0000     0.037127  0.0000
   87     0.041684  0.0000     0.042401  0.0000
   88     0.053684  0.0000     0.054370  0.0000
             ...      ...         ...      ...
  200     1.081122  0.0000     1.082132  0.0000
  
 >>>>> grid delta-density saved to file

 FINAL CONVERGED ENERGY (Rydberg) =     -553.1549730157
 Binding energy =      -39.9195780157 Ry =           -543.1380 eV

 AFTER ITERATIONS +    0.12 =     556.1 seconds wall (    0.00 usr    0.02 sys)
 Atom  20   Z=  4.0   occ=  4.00   rho=  3.9980629101   core=  0.0000000000
     vxc(afs ):   -3.88218311  -3.65924509  -0.22293802
     exc(afs ):   -3.00491400  -2.81368389  -0.19123010
 Atom  40   Z=  6.0   occ=  6.00   rho=  5.9912292075   core=  0.0000000000
                               rho(xc)=  6.4912291306
     vxc(afs ):   -8.98460512  -8.71712873  -0.26747639
     exc(afs ):   -6.96392873  -6.73528636  -0.22864236

 atom xc0frc stress term=      121.5799295835
 mat0frc: stripe-parallel, KPSTORE= F
  
 total force contributions(Ry/bohr):
        atom       x force          y force          z force
          1     -0.0001913190    -0.0000309375    -0.0001749746
          2      0.0001140276     0.0001300713     0.0001349298
          3      0.0002689315    -0.0000144747     0.0001880285
          4      0.0001078149    -0.0000384402     0.0001045336
          5      0.0004221548    -0.0004328043    -0.0001324489
          6     -0.0006441167    -0.0005387351    -0.0002514652
          7     -0.0000534647    -0.0001442681     0.0002091850
          8     -0.0002836285     0.0011178475    -0.0003038524
          9      0.0005529868    -0.0001842138     0.0000056273
         10     -0.0000885816     0.0000834906     0.0001561114
         11      0.0001640966    -0.0000832012     0.0000369384
         12      0.0000692084     0.0000643943     0.0000572894
         13      0.0000843533     0.0000748177     0.0000558120
         14      0.0008538922    -0.0005405731    -0.0001728225
         15     -0.0001357036     0.0004161993     0.0002970945
         16      0.0006408750    -0.0000527563    -0.0007104725
         17      0.0005662098    -0.0002485134    -0.0002976196
         18     -0.0000047308    -0.0001467103     0.0000081073
         19     -0.0000076445     0.0001405924     0.0001111171
         20      0.0002185471     0.0000152006     0.0001079503
         21      0.0001644032    -0.0003514271    -0.0000624099
         22      0.0000944232    -0.0000919954    -0.0001189838
         23      0.0000590509    -0.0001365717    -0.0000937697
         24      0.0003590542    -0.0001358922    -0.0000092847
         25     -0.0000224656    -0.0002278412     0.0000715544
         26     -0.0001202527    -0.0001847991     0.0001534786
         27      0.0006223548    -0.0000140703     0.0005995784
         28      0.0002170392     0.0001641694     0.0002220259
         29      0.0009614712     0.0003585021     0.0000374663
         30     -0.0000539013     0.0000090328     0.0000090693
         31     -0.0000058281     0.0000056778    -0.0000099437
         32     -0.0000468737     0.0000129297     0.0000289985
         33      0.0000662592    -0.0000409878     0.0001093192
         34     -0.0000722300    -0.0001327369     0.0000549417
         35      0.0000278320    -0.0000170929    -0.0000884370
         36     -0.0000819531     0.0000410475     0.0000334799
         37      0.0000506400    -0.0000024422    -0.0001151705
         38     -0.0002369847    -0.0001198083    -0.0000289587
         39     -0.0000015918    -0.0002119990    -0.0001024817
         40      0.0000919473     0.0001050871     0.0000318640
         41      0.0000514463     0.0000765046     0.0001355514
         42      0.0000328652     0.0000855283    -0.0000581884
         43      0.0000507327     0.0000116031    -0.0000148995
         44     -0.0000102686     0.0000126060    -0.0000062772
         45      0.0000792207    -0.0000181221    -0.0000121859
         46     -0.0000457257    -0.0000592920    -0.0000962744
         47      0.0000070309    -0.0000165407     0.0000034666
         48      0.0000055641     0.0000059618     0.0000080714
         49     -0.0000472705    -0.0000099972     0.0000000000
         50     -0.0000300189    -0.0000068329    -0.0000014973
         51      0.0000024649     0.0000023526    -0.0000146450
         52      0.0000038905     0.0000029707     0.0000096187
         53     -0.0000469373     0.0000452307     0.0000206113
         54     -0.0000225152    -0.0000070433    -0.0000336907
         55     -0.0000133647    -0.0000197015     0.0000212137
      f-defect        0.0047434173    -0.0012790040     0.0001122802

 AFTER FORCE RTNS +    0.75 =     556.9 seconds wall (    0.72 usr    0.02 sys)
  
 >>>>> GSELECT begins, nslics=           0
 <<<<< GSELECT ends
 rms,max force=  4.0206D-04  1.1926D-03 for component#        8
 dynamics update step #           3
ASD: min/max mass factors=   0.2500   1.2599
 >>>>> GUPDATE begins, nslics=           0
 GUPDATE: Largest relax: atom#, dr(au)=    24    0.001337
 <<<<< GUPDATE ends

 ###############################################################################
   NEW GEOMETRY for step   4, of   4 total
atom, type, position;  step#      4
 AT1          Pt               -0.3473911416    1.4045236818   -0.1862301868 
 AT2          O                 2.4217122636    3.7110695187   -1.0034435890 
 AT3          O                -3.2971894091   -0.9760627612    0.0667826272 
 AT4          O                 1.3871091493   -1.9024829102   -1.0117465497 
 AT5          P                -4.8629692386   -0.6734549428   -2.5733042912 
 AT6          P                 3.3176759503   -2.7030998410    1.2368486367 
 AT7          O                -2.8828575100   -1.7592846191   -4.7327459973 
 AT8          O                -5.6620690090    1.9860304607   -3.3136718786 
 AT9          O                 5.2830207596   -0.8133123555    1.9312425393 
 AT10         O                 4.7691546948   -5.1349695996    0.0197462398 
 AT11         H                -2.1325182984   -3.4168815387   -4.3569677899 
 AT12         H                 3.5628079865   -6.3314414270   -0.7157215902 
 AT13         C                 1.7159941003   -3.6405856327    4.1890241336 
 AT14         C                -7.5458984175   -2.9364356155   -2.3401381429 
 AT15         C                -9.2895674618   -2.2595300046   -0.1222025397 
 AT16         C                -9.0122110827   -2.9334297535   -4.8510732561 
 AT17         C                -6.5364444154   -5.6244039764   -1.9283281778 
 AT18         C                -0.4383214280   -5.5437384360    3.8253116491 
 AT19         C                 0.6824135187   -1.2054953781    5.4001718626 
 AT20         C                 3.7052020764   -4.7547412791    6.0006685106 
 AT21         H                -9.9943815615   -0.3061805628   -0.2287871130 
 AT22         H                -8.2835807297   -2.5430381438    1.6674510300 
 AT23         H               -10.9554690556   -3.5133027308   -0.1909668848 
 AT24         H                -9.9527485700   -1.1511000984   -5.3317038806 
 AT25         H               -10.4931737365   -4.4071970737   -4.8168571324 
 AT26         H                -7.7408724427   -3.4530060499   -6.3987418635 
 AT27         H                -5.3833163304   -5.8086158111   -0.2198623090 
 AT28         H                -5.4299054164   -6.3256545227   -3.5315427527 
 AT29         H                -8.1782133239   -6.8711159637   -1.6786302757 
 AT30         H                -1.9927112147   -4.8704800046    2.6185030411 
 AT31         H                -1.1982691677   -5.9139822346    5.7296649298 
 AT32         H                 0.2512202882   -7.3390102196    3.0531167743 
 AT33         H                -0.7141477443   -0.2589419256    4.1818545398 
 AT34         H                 2.1581615430    0.1836871956    5.8145304639 
 AT35         H                -0.2542426128   -1.6638758554    7.2012652187 
 AT36         H                 4.4169931778   -6.6126567066    5.3931577562 
 AT37         H                 2.6910997305   -4.9774196357    7.7962166751 
 AT38         H                 5.3302650355   -3.4988298471    6.2948967335 
 AT39         P                 1.3907352283    6.4153865194   -0.0153654681 
 AT40         O                -1.7976784545    5.5879556620    0.5439721308 
 AT41         O                 2.4130145328    7.1008178583    2.4894164484 
 AT42         C                 1.8115607019    8.9703463084   -2.3773816393 
 AT43         C                 0.8245103071    8.4060958113   -5.0298047261 
 AT44         C                 0.4479409964   11.3057869410   -1.3007521743 
 AT45         C                 4.6903292690    9.4454161412   -2.4666345008 
 AT46         H                -2.6975224812    5.4358960783   -1.1069272831 
 AT47         H                 1.6745232922    6.7253945480   -5.8694136418 
 AT48         H                 1.1980990859   10.0337674996   -6.2779189096 
 AT49         H                -1.2254353695    8.1622440489   -4.9884783794 
 AT50         H                -1.6017195928   11.0110128091   -1.1634614573 
 AT51         H                 0.7329274718   12.8949758641   -2.6010451210 
 AT52         H                 1.1552493889   11.8815218860    0.5686652342 
 AT53         H                 5.7852191440    7.7773744836   -3.0531478434 
 AT54         H                 5.4115140529   10.0929177916   -0.6480606667 
 AT55         H                 4.9651721631   10.9489803255   -3.8878976485 
 ###############################################################################

 After geometry   +    0.12 =     557.0 seconds wall (    0.00 usr    0.00 sys)
  
 LATVEC: nlat1c,nlat2c,nlat =           1           1           1

  Atom
  Type  Shell  Min-alf     range
    1        0.129289   8.279963
    2        0.102474   9.300415
    3        0.143749   7.852478
    4        0.078997  10.592631
    5        0.095999   9.608947
    6        0.073120  11.010095
 Turnover EF->DM npopdm, npop0k=         105          79
 DEV264h/wkmem: perlsolv dist-mem
 DEV/wkmem: KPSTORE= F
 DEV/wkmem: psolv version, input do_psolv= F

 Need       26500-length r*4 array to pack grid wfcns/box
 Need      452875-length r*4 array to pack all grid wfcns
 Need       26500-length r*4 array for grid wfcns scratch
 WKMEM: using stripe-parallel+Merge  setup
 Minimum maxwkd for scf to complete=    29384385
 All grid wfcns stored in    226438 of 194809119 available
 WKMEM: in-core Broyden! uses    462690 out of 194582681 available
 >>>>> geom/basis data saved to file
  
 Atom type   1  radial valence charge =    5.999995363882
 Atom type   1      xc valence charge =    6.499995360087
  
 Atom type   2  radial valence charge =    0.999999985299
  
 Atom type   3  radial valence charge =    3.999996877569
  
 Atom type   4  radial valence charge =    9.999999976019
  
 Atom type   5  radial valence charge =    4.999999641069
  
 Atom type   6  radial valence charge =    3.999999473876
 mat0set: stripe-parallel, KPSTORE= F

   sij compute    +    0.06 =     557.0 seconds wall (    0.01 usr    0.00 sys)

   sij/nlat-bcast +    0.12 =     557.2 seconds wall (    0.12 usr    0.00 sys)

   vlocmat compute+    0.24 =     557.4 seconds wall (    0.24 usr    0.00 sys)

   vlocmii compute+    0.02 =     557.4 seconds wall (    0.02 usr    0.00 sys)

   nlocmat compute+    0.13 =     557.6 seconds wall (    0.13 usr    0.00 sys)
 NLOCMAT: Max neqilat=           1

 After mat0set    +    0.05 =     557.6 seconds wall (    0.03 usr    0.00 sys)
 Atom   2   Z=  6.0   occ=  6.00   rho=  5.9908574125   core=  0.0000000000
                               rho(xc)=  6.4908573278
     vxc(afsw):   -8.98273368  -8.71525398  -0.26747970  -0.00022960
     exc(afsw):   -6.96353885  -6.73489310  -0.22864576  -0.00018472
 Atom   3   Z=  6.0   occ=  6.00   rho=  5.9886945636   core=  0.0000000000
                               rho(xc)=  6.4886944782
     vxc(afsw):   -8.96827917  -8.70078263  -0.26749654  -0.00028397
     exc(afsw):   -6.96082611  -6.73216062  -0.22866549  -0.00022847
 Atom   4   Z=  6.0   occ=  6.00   rho=  5.9888228140   core=  0.0000000000
                               rho(xc)=  6.4888227273
     vxc(afsw):   -8.96999470  -8.70249944  -0.26749525  -0.00028074
     exc(afsw):   -6.96100879  -6.73234440  -0.22866439  -0.00022588
 Atom   7   Z=  6.0   occ=  6.00   rho=  5.9935016671   core=  0.0000000000
                               rho(xc)=  6.4935015892
     vxc(afsw):   -8.99500009  -8.72754909  -0.26745100  -0.00016315
     exc(afsw):   -6.96598996  -6.73736822  -0.22862174  -0.00013124
 Atom   8   Z=  6.0   occ=  6.00   rho=  5.9914854691   core=  0.0000000000
                               rho(xc)=  6.4914854073
     vxc(afsw):   -8.98693209  -8.71946254  -0.26746955  -0.00021380
     exc(afsw):   -6.96402660  -6.73538604  -0.22864056  -0.00017201
 Atom   9   Z=  6.0   occ=  6.00   rho=  5.9977116185   core=  0.0000000000
                               rho(xc)=  6.4977115483
     vxc(afsw):   -9.01640013  -8.74899344  -0.26740670  -0.00005743
     exc(afsw):   -6.96955333  -6.74097130  -0.22858202  -0.00004619
 Atom  10   Z=  6.0   occ=  6.00   rho=  5.9891071928   core=  0.0000000000
                               rho(xc)=  6.4891071143
     vxc(afsw):   -8.97296355  -8.70547086  -0.26749270  -0.00027359
     exc(afsw):   -6.96139610  -6.73273421  -0.22866189  -0.00022012
 Atom  11   Z=  1.0   occ=  1.00   rho=  0.9975705044   core=  0.0000000000
     vxc(afsw):   -0.79507886  -0.76971996  -0.02535890  -0.00003412
     exc(afsw):   -0.62685152  -0.60464812  -0.02220340  -0.00002878
 Atom  12   Z=  1.0   occ=  1.00   rho=  0.9960134650   core=  0.0000000000
     vxc(afsw):   -0.78978177  -0.76442420  -0.02535756  -0.00005587
     exc(afsw):   -0.62428113  -0.60207660  -0.02220453  -0.00004711
 Atom  14   Z=  4.0   occ=  4.00   rho=  3.9981089323   core=  0.0000000000
     vxc(afsw):   -3.87986052  -3.65692682  -0.22293371  -0.00004311
     exc(afsw):   -3.00506909  -2.81383896  -0.19123012  -0.00003321
 Atom  17   Z=  4.0   occ=  4.00   rho=  3.9970183780   core=  0.0000000000
     vxc(afsw):   -3.87958387  -3.65663485  -0.22294902  -0.00006804
     exc(afsw):   -3.00355911  -2.81232515  -0.19123396  -0.00005240
 Atom  18   Z=  4.0   occ=  4.00   rho=  3.9978938139   core=  0.0000000000
     vxc(afsw):   -3.88234255  -3.65940270  -0.22293985  -0.00004804
     exc(afsw):   -3.00473082  -2.81350009  -0.19123073  -0.00003700
 Atom  19   Z=  4.0   occ=  4.00   rho=  4.0030532598   core=  0.0000000000
     vxc(afsw):   -3.90686037  -3.68394179  -0.22291859   0.00006933
     exc(afsw):   -3.00796027  -2.81675145  -0.19120882   0.00005332
 Atom  20   Z=  4.0   occ=  4.00   rho=  3.9980611372   core=  0.0000000000
     vxc(afsw):   -3.88218421  -3.65924617  -0.22293804  -0.00004421
     exc(afsw):   -3.00491215  -2.81368204  -0.19123011  -0.00003406
 Atom  21   Z=  1.0   occ=  1.00   rho=  0.9969055429   core=  0.0000000000
     vxc(afsw):   -0.79272032  -0.76736182  -0.02535849  -0.00004343
     exc(afsw):   -0.62575761  -0.60355369  -0.02220392  -0.00003662
 Atom  22   Z=  1.0   occ=  1.00   rho=  0.9965515297   core=  0.0000000000
     vxc(afsw):   -0.79151297  -0.76615479  -0.02535818  -0.00004839
     exc(afsw):   -0.62517301  -0.60296883  -0.02220418  -0.00004081
 Atom  23   Z=  1.0   occ=  1.00   rho=  0.9963014658   core=  0.0000000000
     vxc(afsw):   -0.79070457  -0.76534666  -0.02535791  -0.00005187
     exc(afsw):   -0.62475870  -0.60255436  -0.02220435  -0.00004374
 Atom  24   Z=  1.0   occ=  1.00   rho=  0.9974142021   core=  0.0000000000
     vxc(afsw):   -0.79440729  -0.76904833  -0.02535896  -0.00003631
     exc(afsw):   -0.62659838  -0.60439482  -0.02220357  -0.00003062
 Atom  25   Z=  1.0   occ=  1.00   rho=  0.9972417609   core=  0.0000000000
     vxc(afsw):   -0.79390060  -0.76854191  -0.02535869  -0.00003874
     exc(afsw):   -0.62631077  -0.60410711  -0.02220366  -0.00003267
 Atom  26   Z=  1.0   occ=  1.00   rho=  0.9966175291   core=  0.0000000000
     vxc(afsw):   -0.79174892  -0.76639069  -0.02535823  -0.00004746
     exc(afsw):   -0.62528173  -0.60307760  -0.02220413  -0.00004002
 Atom  27   Z=  1.0   occ=  1.00   rho=  0.9960531929   core=  0.0000000000
     vxc(afsw):   -0.78990565  -0.76454803  -0.02535761  -0.00005532
     exc(afsw):   -0.62434711  -0.60214261  -0.02220451  -0.00004665
 Atom  28   Z=  1.0   occ=  1.00   rho=  0.9959618411   core=  0.0000000000
     vxc(afsw):   -0.78962346  -0.76426597  -0.02535749  -0.00005659
     exc(afsw):   -0.62419531  -0.60199075  -0.02220456  -0.00004771
 Atom  29   Z=  1.0   occ=  1.00   rho=  0.9964846980   core=  0.0000000000
     vxc(afsw):   -0.79130061  -0.76594250  -0.02535810  -0.00004932
     exc(afsw):   -0.62506217  -0.60285795  -0.02220422  -0.00004159
 Atom  30   Z=  1.0   occ=  1.00   rho=  0.9973382797   core=  0.0000000000
     vxc(afsw):   -0.79419308  -0.76883426  -0.02535882  -0.00003738
     exc(afsw):   -0.62647130  -0.60426770  -0.02220360  -0.00003153
 Atom  31   Z=  1.0   occ=  1.00   rho=  0.9974592761   core=  0.0000000000
     vxc(afsw):   -0.79455286  -0.76919386  -0.02535900  -0.00003568
     exc(afsw):   -0.62667290  -0.60446936  -0.02220354  -0.00003009
 Atom  32   Z=  1.0   occ=  1.00   rho=  0.9962922852   core=  0.0000000000
     vxc(afsw):   -0.79064666  -0.76528873  -0.02535793  -0.00005199
     exc(afsw):   -0.62474432  -0.60253996  -0.02220436  -0.00004384
 Atom  33   Z=  1.0   occ=  1.00   rho=  0.9978596205   core=  0.0000000000
     vxc(afsw):   -0.79558626  -0.77022653  -0.02535973  -0.00003005
     exc(afsw):   -0.62734468  -0.60514131  -0.02220337  -0.00002534
 Atom  34   Z=  1.0   occ=  1.00   rho=  0.9964589870   core=  0.0000000000
     vxc(afsw):   -0.79124723  -0.76588920  -0.02535803  -0.00004969
     exc(afsw):   -0.62501859  -0.60281436  -0.02220423  -0.00004190
 Atom  35   Z=  1.0   occ=  1.00   rho=  0.9962542412   core=  0.0000000000
     vxc(afsw):   -0.79054380  -0.76518594  -0.02535786  -0.00005253
     exc(afsw):   -0.62468067  -0.60247629  -0.02220438  -0.00004430
 Atom  36   Z=  1.0   occ=  1.00   rho=  0.9978356192   core=  0.0000000000
     vxc(afsw):   -0.79557628  -0.77021665  -0.02535963  -0.00003039
     exc(afsw):   -0.62730270  -0.60509934  -0.02220336  -0.00002562
 Atom  37   Z=  1.0   occ=  1.00   rho=  0.9975930149   core=  0.0000000000
     vxc(afsw):   -0.79518858  -0.76982976  -0.02535882  -0.00003381
     exc(afsw):   -0.62688651  -0.60468315  -0.02220336  -0.00002852
 Atom  38   Z=  1.0   occ=  1.00   rho=  0.9962567115   core=  0.0000000000
     vxc(afsw):   -0.79055900  -0.76520115  -0.02535785  -0.00005250
     exc(afsw):   -0.62468455  -0.60248017  -0.02220438  -0.00004427
 Atom  40   Z=  6.0   occ=  6.00   rho=  5.9912309422   core=  0.0000000000
                               rho(xc)=  6.4912308653
     vxc(afsw):   -8.98461541  -8.71713904  -0.26747637  -0.00022021
     exc(afsw):   -6.96393037  -6.73528802  -0.22864235  -0.00017716
 Atom  41   Z=  6.0   occ=  6.00   rho=  5.9962805556   core=  0.0000000000
                               rho(xc)=  6.4962805070
     vxc(afsw):   -9.00756500  -8.74015003  -0.26741498  -0.00009335
     exc(afsw):   -6.96821480  -6.73961867  -0.22859612  -0.00007509
 Atom  42   Z=  4.0   occ=  4.00   rho=  3.9975587819   core=  0.0000000000
     vxc(afsw):   -3.88249790  -3.65955419  -0.22294372  -0.00005569
     exc(afsw):   -3.00433710  -2.81310514  -0.19123195  -0.00004289
 Atom  44   Z=  4.0   occ=  4.00   rho=  3.9979660059   core=  0.0000000000
     vxc(afsw):   -3.88142324  -3.65848569  -0.22293754  -0.00004638
     exc(afsw):   -3.00485182  -2.81362129  -0.19123054  -0.00003573
 Atom  45   Z=  4.0   occ=  4.00   rho=  3.9983472167   core=  0.0000000000
     vxc(afsw):   -3.88028171  -3.65734960  -0.22293211  -0.00003768
     exc(afsw):   -3.00527399  -2.81404481  -0.19122919  -0.00002902
 Atom  46   Z=  1.0   occ=  1.00   rho=  0.9976154653   core=  0.0000000000
     vxc(afsw):   -0.79523097  -0.76987207  -0.02535890  -0.00003350
     exc(afsw):   -0.62692494  -0.60472158  -0.02220336  -0.00002825
 Atom  47   Z=  1.0   occ=  1.00   rho=  0.9963655268   core=  0.0000000000
     vxc(afsw):   -0.79089954  -0.76554155  -0.02535799  -0.00005098
     exc(afsw):   -0.62486522  -0.60266091  -0.02220431  -0.00004299
 Atom  48   Z=  1.0   occ=  1.00   rho=  0.9962818886   core=  0.0000000000
     vxc(afsw):   -0.79065323  -0.76529536  -0.02535787  -0.00005215
     exc(afsw):   -0.62472587  -0.60252151  -0.02220435  -0.00004398
 Atom  49   Z=  1.0   occ=  1.00   rho=  0.9966467902   core=  0.0000000000
     vxc(afsw):   -0.79187657  -0.76651836  -0.02535821  -0.00004706
     exc(afsw):   -0.62532898  -0.60312488  -0.02220410  -0.00003969
 Atom  50   Z=  1.0   occ=  1.00   rho=  0.9959431612   core=  0.0000000000
     vxc(afsw):   -0.78956453  -0.76420707  -0.02535747  -0.00005684
     exc(afsw):   -0.62416431  -0.60195973  -0.02220457  -0.00004793
 Atom  51   Z=  1.0   occ=  1.00   rho=  0.9959295869   core=  0.0000000000
     vxc(afsw):   -0.78952507  -0.76416763  -0.02535745  -0.00005704
     exc(afsw):   -0.62414168  -0.60193710  -0.02220458  -0.00004810
 Atom  52   Z=  1.0   occ=  1.00   rho=  0.9977169612   core=  0.0000000000
     vxc(afsw):   -0.79549019  -0.77013106  -0.02535913  -0.00003207
     exc(afsw):   -0.62709619  -0.60489286  -0.02220332  -0.00002704
 Atom  53   Z=  1.0   occ=  1.00   rho=  0.9964612754   core=  0.0000000000
     vxc(afsw):   -0.79121612  -0.76585803  -0.02535809  -0.00004964
     exc(afsw):   -0.62502367  -0.60281943  -0.02220424  -0.00004186
 Atom  54   Z=  1.0   occ=  1.00   rho=  0.9961313937   core=  0.0000000000
     vxc(afsw):   -0.79015429  -0.76479658  -0.02535771  -0.00005424
     exc(afsw):   -0.62447685  -0.60227239  -0.02220446  -0.00004574
 Atom  55   Z=  1.0   occ=  1.00   rho=  0.9972489338   core=  0.0000000000
     vxc(afsw):   -0.79395914  -0.76860049  -0.02535865  -0.00003864
     exc(afsw):   -0.62632142  -0.60411778  -0.02220364  -0.00003259
 ***** CAUTION: grid fineness questionable

 grid0xc compute+    0.48 =     558.1 seconds wall (    0.48 usr    0.00 sys)

 grid0xc Merge  +    0.03 =     558.1 seconds wall (    0.00 usr    0.03 sys)

 grid0xc Bcast  +    0.13 =     558.2 seconds wall (    0.13 usr    0.00 sys)


 AFTER SETUP PHASE+   11.28 =     569.5 seconds wall (    0.16 usr    0.35 sys)

  
 *************************  iteration   0 begins here  *************************


 Before iterations+    0.05 =     569.6 seconds wall (    0.05 usr    0.00 sys)
  
 grid-integrated up-density total =       78.4331002037
 grid-integrated dn-density total =       78.4331002037
 grid-integrated valence-density total =      156.8662004074
 Harris Fcnal XC piece=       42.6980621240
  
  

 After 0 iteration+    0.54 =     570.1 seconds wall (    0.50 usr    0.04 sys)
 *************************  iteration   1 begins here  *************************


 erlsolv/begin  +    0.01 =     570.1 seconds wall (    0.00 usr    0.00 sys)
 PERLSOLV: kpp-copmatible version

 erlsolv/schroed+    0.09 =     570.2 seconds wall (    0.06 usr    0.01 sys)

 erlsolv/pop    +    0.00 =     570.2 seconds wall (    0.00 usr    0.00 sys)

 erlsolv/dmat compute+    0.00 =     570.2 seconds wall (    0.00 usr    0.00 sys)

 erlsolv/dmat compute+    0.02 =     570.2 seconds wall (    0.00 usr    0.00 sys)

 erlsolv/rhoij  +    0.01 =     570.2 seconds wall (    0.00 usr    0.01 sys)

 spin-up fermi level =   -0.350747 Ry,   gap(0K)= 0.198561 Ry = 2.702 eV
 spin-dn fermi level =   -0.451944 Ry,   gap(0K)= 0.004036 Ry = 0.055 eV

 k-vector:                  1
  weight:               1.000000
            level/UP/occup       level/DN/occup
  
    1    -1.943871  1.0000    -1.943871  1.0000
    2    -1.933002  1.0000    -1.933002  1.0000
    3    -1.920563  1.0000    -1.920563  1.0000
    4    -1.844918  1.0000    -1.844918  1.0000
             ...      ...         ...      ...
   60    -0.698994  1.0000    -0.698994  1.0000
   61    -0.696604  1.0000    -0.696604  1.0000
   62    -0.681417  1.0000    -0.681417  1.0000
   63    -0.678347  1.0000    -0.678347  1.0000
   64    -0.659925  1.0000    -0.659925  1.0000
   65    -0.643782  1.0000    -0.643782  1.0000
   66    -0.632199  1.0000    -0.632199  1.0000
   67    -0.625625  1.0000    -0.625625  1.0000
   68    -0.619754  1.0000    -0.619754  1.0000
   69    -0.611732  1.0000    -0.611732  1.0000
   70    -0.602795  1.0000    -0.602795  1.0000
   71    -0.594959  1.0000    -0.594959  1.0000
   72    -0.584828  1.0000    -0.584828  1.0000
   73    -0.577625  1.0000    -0.577625  1.0000
   74    -0.575554  1.0000    -0.575554  1.0000
   75    -0.556099  1.0000    -0.556099  1.0000
   76    -0.513569  1.0000    -0.513569  0.9979
   77    -0.510505  1.0000    -0.510505  0.9971
   78    -0.454063  1.0000    -0.454063  0.5528
   79    -0.450028  1.0000    -0.450028  0.4522
   80    -0.251467  0.0000    -0.251467  0.0000
   81    -0.058432  0.0000    -0.058432  0.0000
   82    -0.014643  0.0000    -0.014643  0.0000
   83    -0.003522  0.0000    -0.003522  0.0000
   84     0.019142  0.0000     0.019142  0.0000
   85     0.026247  0.0000     0.026247  0.0000
   86     0.037008  0.0000     0.037008  0.0000
   87     0.048991  0.0000     0.048991  0.0000
             ...      ...         ...      ...
  200     1.044836  0.0000     1.044836  0.0000
  
 delta movement in up-elecs =        9.7682325994
 delta movement in dn-elecs =        9.6549485649
 delta movement in electrons =       19.1930591898

 one-center local charge defect =         0.07764815

 one-center local charge defect =         0.07644982

 LMCC local dipole, |dip|=        4.5727274747
 Using LMCC treatment of supercell electrostatics
 DBG/LMCCINT, esns diagnostics redone
 LMCC chemical potential shift(Ry,eV)=       -0.0000027374       -0.0000372439
 LMCC esns total grid integral=        2.2453199557
  
 grid-integrated up-density total =       78.9146553763
 grid-integrated dn-density total =       77.9158542028
 grid-integrated valence-density total =      156.8305095791
  
 TOTAL single particle eigenvalue sum=      -152.5977178208
  
 rms,max scfchange=  1.1518D-02  6.8049D-01 for component#    310898
 electronic meth_bl(BROYDEN)=           1
>>>>> Broyden: first step (elec) simple blend ratio= 0.300000
<<<<< Broyden step complete, scf step=     1

 After blending   +   13.09 =     583.3 seconds wall (    5.19 usr    0.82 sys)
  
 *************************  iteration   2 begins here  *************************


 erlsolv/begin  +    0.00 =     583.3 seconds wall (    0.00 usr    0.00 sys)
 PERLSOLV: kpp-copmatible version

 erlsolv/schroed+    0.09 =     583.4 seconds wall (    0.07 usr    0.00 sys)

 erlsolv/pop    +    0.00 =     583.4 seconds wall (    0.00 usr    0.00 sys)

 erlsolv/dmat compute+    0.00 =     583.4 seconds wall (    0.00 usr    0.00 sys)

 erlsolv/dmat compute+    0.01 =     583.4 seconds wall (    0.00 usr    0.00 sys)

 erlsolv/rhoij  +    0.01 =     583.4 seconds wall (    0.00 usr    0.00 sys)

 spin-up fermi level =   -0.400199 Ry,   gap(0K)= 0.125837 Ry = 1.712 eV
 spin-dn fermi level =   -0.467812 Ry,   gap(0K)= 0.016162 Ry = 0.220 eV
  
 delta movement in up-elecs =        8.0243720043
 delta movement in dn-elecs =        8.1498632330
 delta movement in electrons =       15.9591852437

 one-center local charge defect =         0.07622941

 one-center local charge defect =         0.07455466

 LMCC local dipole, |dip|=        3.2377089977
 Using LMCC treatment of supercell electrostatics
 DBG/LMCCINT, esns diagnostics redone
 LMCC chemical potential shift(Ry,eV)=       -0.0000108988       -0.0001482874
 LMCC esns total grid integral=        1.1533679278
  
 grid-integrated up-density total =       78.9162398644
 grid-integrated dn-density total =       77.9179201192
 grid-integrated valence-density total =      156.8341599836
  
 TOTAL single particle eigenvalue sum=      -148.3601107374
  
 rms,max scfchange=  8.3368D-03  7.7482D-01 for component#     53849
 electronic meth_bl(BROYDEN)=           1
>>>>> Broyden blend to get next step - elec
<<<<< Broyden step complete, scf step=     2

 After blending   +   18.32 =     601.8 seconds wall (    4.95 usr    0.80 sys)
  
 *************************  iteration   3 begins here  *************************


 erlsolv/begin  +    0.00 =     601.8 seconds wall (    0.00 usr    0.00 sys)
 PERLSOLV: kpp-copmatible version

 erlsolv/schroed+    0.09 =     601.8 seconds wall (    0.06 usr    0.01 sys)

 erlsolv/pop    +    0.00 =     601.8 seconds wall (    0.00 usr    0.00 sys)

 erlsolv/dmat compute+    0.00 =     601.8 seconds wall (    0.00 usr    0.00 sys)

 erlsolv/dmat compute+    0.01 =     601.9 seconds wall (    0.00 usr    0.00 sys)

 erlsolv/rhoij  +    0.01 =     601.9 seconds wall (    0.00 usr    0.01 sys)

 spin-up fermi level =   -0.354591 Ry,   gap(0K)= 0.163878 Ry = 2.230 eV
 spin-dn fermi level =   -0.433125 Ry,   gap(0K)= 0.018744 Ry = 0.255 eV
  
 delta movement in up-elecs =        7.9273816452
 delta movement in dn-elecs =        7.7377636286
 delta movement in electrons =       15.4123658357

 one-center local charge defect =         0.07641136

 one-center local charge defect =         0.07512214

 LMCC local dipole, |dip|=        3.2009465303
 Using LMCC treatment of supercell electrostatics
 DBG/LMCCINT, esns diagnostics redone
 LMCC chemical potential shift(Ry,eV)=        0.0000041213        0.0000560741
 LMCC esns total grid integral=        0.9605406057
  
 grid-integrated up-density total =       78.9161068221
 grid-integrated dn-density total =       77.9173973366
 grid-integrated valence-density total =      156.8335041586
  
 TOTAL single particle eigenvalue sum=      -146.4529136194
  
 rms,max scfchange=  4.7740D-03  4.8079D-01 for component#     53849
 electronic meth_bl(BROYDEN)=           1
>>>>> Broyden blend to get next step - elec
<<<<< Broyden step complete, scf step=     3

 After blending   +   10.84 =     612.7 seconds wall (    4.96 usr    0.81 sys)
  
 *************************  iteration   4 begins here  *************************


 erlsolv/begin  +    0.00 =     612.7 seconds wall (    0.00 usr    0.00 sys)
 PERLSOLV: kpp-copmatible version

 erlsolv/schroed+    0.08 =     612.8 seconds wall (    0.07 usr    0.00 sys)

 erlsolv/pop    +    0.00 =     612.8 seconds wall (    0.00 usr    0.00 sys)

 erlsolv/dmat compute+    0.01 =     612.8 seconds wall (    0.00 usr    0.00 sys)

 erlsolv/dmat compute+    0.01 =     612.8 seconds wall (    0.00 usr    0.00 sys)

 erlsolv/rhoij  +    0.01 =     612.8 seconds wall (    0.00 usr    0.01 sys)

 spin-up fermi level =   -0.370691 Ry,   gap(0K)= 0.169847 Ry = 2.311 eV
 spin-dn fermi level =   -0.442158 Ry,   gap(0K)= 0.023884 Ry = 0.325 eV
  
 delta movement in up-elecs =        7.6882634632
 delta movement in dn-elecs =        7.4676992001
 delta movement in electrons =       14.9080327705

 one-center local charge defect =         0.07640754

 one-center local charge defect =         0.07516378

 LMCC local dipole, |dip|=        2.8491205784
 Using LMCC treatment of supercell electrostatics
 DBG/LMCCINT, esns diagnostics redone
 LMCC chemical potential shift(Ry,eV)=        0.0000032381        0.0000440575
 LMCC esns total grid integral=        0.7971189888
  
 grid-integrated up-density total =       78.9161639116
 grid-integrated dn-density total =       77.9174089610
 grid-integrated valence-density total =      156.8335728726
  
 TOTAL single particle eigenvalue sum=      -145.8844088706
  
 rms,max scfchange=  2.9525D-03  2.7680D-01 for component#     53849
 electronic meth_bl(BROYDEN)=           1
>>>>> Broyden blend to get next step - elec
<<<<< Broyden step complete, scf step=     4

 After blending   +   12.64 =     625.4 seconds wall (    5.32 usr    0.81 sys)
  
 *************************  iteration   5 begins here  *************************


 erlsolv/begin  +    0.03 =     625.5 seconds wall (    0.03 usr    0.00 sys)
 PERLSOLV: kpp-copmatible version

 erlsolv/schroed+    0.09 =     625.6 seconds wall (    0.07 usr    0.00 sys)

 erlsolv/pop    +    0.00 =     625.6 seconds wall (    0.00 usr    0.00 sys)

 erlsolv/dmat compute+    0.00 =     625.6 seconds wall (    0.00 usr    0.00 sys)

 erlsolv/dmat compute+    0.01 =     625.6 seconds wall (    0.00 usr    0.00 sys)

 erlsolv/rhoij  +    0.01 =     625.6 seconds wall (    0.01 usr    0.00 sys)

 spin-up fermi level =   -0.385447 Ry,   gap(0K)= 0.171449 Ry = 2.333 eV
 spin-dn fermi level =   -0.448614 Ry,   gap(0K)= 0.027540 Ry = 0.375 eV
  
 delta movement in up-elecs =        7.6352334252
 delta movement in dn-elecs =        7.3453844988
 delta movement in electrons =       14.7537363793

 one-center local charge defect =         0.07637087

 one-center local charge defect =         0.07504038

 LMCC local dipole, |dip|=        2.0269311716
 Using LMCC treatment of supercell electrostatics
 DBG/LMCCINT, esns diagnostics redone
 LMCC chemical potential shift(Ry,eV)=        0.0000013500        0.0000183681
 LMCC esns total grid integral=        0.7212801607
  
 grid-integrated up-density total =       78.9162151990
 grid-integrated dn-density total =       77.9175467075
 grid-integrated valence-density total =      156.8337619065
  
 TOTAL single particle eigenvalue sum=      -146.0881600126
  
 rms,max scfchange=  8.8791D-04  7.8639D-02 for component#     53849
 electronic meth_bl(BROYDEN)=           1
>>>>> Broyden blend to get next step - elec
<<<<< Broyden step complete, scf step=     5

 After blending   +   19.83 =     645.4 seconds wall (    4.95 usr    0.82 sys)
  
 *************************  iteration   6 begins here  *************************


 erlsolv/begin  +    0.02 =     645.4 seconds wall (    0.00 usr    0.00 sys)
 PERLSOLV: kpp-copmatible version

 erlsolv/schroed+    0.08 =     645.5 seconds wall (    0.07 usr    0.01 sys)

 erlsolv/pop    +    0.00 =     645.5 seconds wall (    0.00 usr    0.00 sys)

 erlsolv/dmat compute+    0.01 =     645.5 seconds wall (    0.00 usr    0.00 sys)

 erlsolv/dmat compute+    0.00 =     645.5 seconds wall (    0.00 usr    0.00 sys)

 erlsolv/rhoij  +    0.02 =     645.5 seconds wall (    0.00 usr    0.01 sys)

 spin-up fermi level =   -0.386988 Ry,   gap(0K)= 0.167133 Ry = 2.274 eV
 spin-dn fermi level =   -0.445184 Ry,   gap(0K)= 0.019572 Ry = 0.266 eV
  
 delta movement in up-elecs =        7.6192693294
 delta movement in dn-elecs =        7.3177823111
 delta movement in electrons =       14.6990129042

 one-center local charge defect =         0.07638262

 one-center local charge defect =         0.07500428

 LMCC local dipole, |dip|=        1.5840693127
 Using LMCC treatment of supercell electrostatics
 DBG/LMCCINT, esns diagnostics redone
 LMCC chemical potential shift(Ry,eV)=       -0.0000007287       -0.0000099142
 LMCC esns total grid integral=        0.6971748719
  
 grid-integrated up-density total =       78.9162139055
 grid-integrated dn-density total =       77.9175931027
 grid-integrated valence-density total =      156.8338070082
  
 TOTAL single particle eigenvalue sum=      -146.1459128038
  
 rms,max scfchange=  8.7781D-04  9.1880D-02 for component#     55373
 electronic meth_bl(BROYDEN)=           1
>>>>> Broyden blend to get next step - elec
<<<<< Broyden step complete, scf step=     6

 After blending   +   14.52 =     660.0 seconds wall (    5.26 usr    0.81 sys)
  
 *************************  iteration   7 begins here  *************************


 erlsolv/begin  +    0.97 =     661.0 seconds wall (    0.96 usr    0.00 sys)
 PERLSOLV: kpp-copmatible version

 erlsolv/schroed+    0.09 =     661.1 seconds wall (    0.07 usr    0.00 sys)

 erlsolv/pop    +    0.00 =     661.1 seconds wall (    0.00 usr    0.00 sys)

 erlsolv/dmat compute+    0.00 =     661.1 seconds wall (    0.00 usr    0.00 sys)

 erlsolv/dmat compute+    0.01 =     661.1 seconds wall (    0.00 usr    0.00 sys)

 erlsolv/rhoij  +    0.01 =     661.1 seconds wall (    0.00 usr    0.01 sys)

 spin-up fermi level =   -0.386760 Ry,   gap(0K)= 0.173568 Ry = 2.362 eV
 spin-dn fermi level =   -0.445003 Ry,   gap(0K)= 0.029668 Ry = 0.404 eV
  
 delta movement in up-elecs =        7.6181404416
 delta movement in dn-elecs =        7.3376905930
 delta movement in electrons =       14.7132079121

 one-center local charge defect =         0.07636573

 one-center local charge defect =         0.07506816

 LMCC local dipole, |dip|=        1.9566206167
 Using LMCC treatment of supercell electrostatics
 DBG/LMCCINT, esns diagnostics redone
 LMCC chemical potential shift(Ry,eV)=        0.0000010821        0.0000147230
 LMCC esns total grid integral=        0.7086559497
  
 grid-integrated up-density total =       78.9162330740
 grid-integrated dn-density total =       77.9175316233
 grid-integrated valence-density total =      156.8337646972
  
 TOTAL single particle eigenvalue sum=      -146.0839834636
  
 rms,max scfchange=  5.2143D-04  5.0871D-02 for component#     53849
 electronic meth_bl(BROYDEN)=           1
>>>>> Broyden blend to get next step - elec
<<<<< Broyden step complete, scf step=     7

 After blending   +   22.38 =     683.5 seconds wall (    5.27 usr    0.81 sys)
  
 *************************  iteration   8 begins here  *************************


 erlsolv/begin  +    0.02 =     683.5 seconds wall (    0.00 usr    0.00 sys)
 PERLSOLV: kpp-copmatible version

 erlsolv/schroed+    0.08 =     683.6 seconds wall (    0.06 usr    0.01 sys)

 erlsolv/pop    +    0.00 =     683.6 seconds wall (    0.00 usr    0.00 sys)

 erlsolv/dmat compute+    0.00 =     683.6 seconds wall (    0.00 usr    0.00 sys)

 erlsolv/dmat compute+    0.01 =     683.6 seconds wall (    0.00 usr    0.00 sys)

 erlsolv/rhoij  +    0.01 =     683.6 seconds wall (    0.00 usr    0.01 sys)

 spin-up fermi level =   -0.387667 Ry,   gap(0K)= 0.170309 Ry = 2.317 eV
 spin-dn fermi level =   -0.443222 Ry,   gap(0K)= 0.028091 Ry = 0.382 eV
  
 delta movement in up-elecs =        7.6126604111
 delta movement in dn-elecs =        7.3393236905
 delta movement in electrons =       14.6956785698

 one-center local charge defect =         0.07635269

 one-center local charge defect =         0.07505274

 LMCC local dipole, |dip|=        1.7791732246
 Using LMCC treatment of supercell electrostatics
 DBG/LMCCINT, esns diagnostics redone
 LMCC chemical potential shift(Ry,eV)=        0.0000004990        0.0000067897
 LMCC esns total grid integral=        0.7013694216
  
 grid-integrated up-density total =       78.9162517473
 grid-integrated dn-density total =       77.9175532279
 grid-integrated valence-density total =      156.8338049752
  
 TOTAL single particle eigenvalue sum=      -146.0951582394
  
 rms,max scfchange=  1.1344D-04  1.2002D-02 for component#      2033
 ######################  ENERGY ANALYSIS  #######################
    Spherical-atom es ENERGY correction =      -444.3677363308
    Full spherical atom trace ENERGY =         -229.3870082121
    Spherical-atom-Vxc trace ENERGY =           266.1591056727
    non-spherical es ENERGY =                     0.7013998506
    Total Exc ENERGY =                         -146.2607056658

    total kinetic trace ENERGY =          403.4928200836
    non-local ps-pot trace ENERGY =        56.9215280023
    total electrostatic ENERGY =         -867.3085871054
    Total Vxc ENERGY =                   -189.7258643908

    TOTAL ENERGY (Rydberg) =                   -553.1549446854

 ################################################################

 After blending   +   27.14 =     710.7 seconds wall (    5.06 usr    0.81 sys)
  
 >>>>> self-consistency achieved, iteration   8


 Final GAP(eV)=  2.3172 (up),  0.3822 (dn)

 spin-up fermi level =   -0.387667 Ry,   gap(0K)= 0.170309 Ry = 2.317 eV
 spin-dn fermi level =   -0.443222 Ry,   gap(0K)= 0.028091 Ry = 0.382 eV

 k-vector:                  1
  weight:               1.000000
            level/UP/occup       level/DN/occup
  
    1    -2.000570  1.0000    -1.998328  1.0000
    2    -1.951865  1.0000    -1.950792  1.0000
    3    -1.932858  1.0000    -1.930872  1.0000
    4    -1.887909  1.0000    -1.879867  1.0000
             ...      ...         ...      ...
   60    -0.639023  1.0000    -0.638290  1.0000
   61    -0.629456  1.0000    -0.622574  1.0000
   62    -0.618402  1.0000    -0.617776  1.0000
   63    -0.615148  1.0000    -0.613565  1.0000
   64    -0.610574  1.0000    -0.608746  1.0000
   65    -0.608036  1.0000    -0.605261  1.0000
   66    -0.598505  1.0000    -0.594322  1.0000
   67    -0.577460  1.0000    -0.571183  1.0000
   68    -0.569765  1.0000    -0.565297  1.0000
   69    -0.561752  1.0000    -0.552962  1.0000
   70    -0.555727  1.0000    -0.547526  1.0000
   71    -0.539951  1.0000    -0.529761  0.9998
   72    -0.531623  1.0000    -0.522184  0.9996
   73    -0.525476  1.0000    -0.516177  0.9993
   74    -0.505310  1.0000    -0.498937  0.9962
   75    -0.493197  1.0000    -0.487496  0.9882
   76    -0.489463  1.0000    -0.471793  0.9457
   77    -0.482848  0.9999    -0.470983  0.9414
   78    -0.480605  0.9999    -0.461365  0.8599
   79    -0.478487  0.9999    -0.433274  0.2700
   80    -0.308178  0.0004    -0.295846  0.0000
   81    -0.091493  0.0000    -0.086668  0.0000
   82    -0.056262  0.0000    -0.055447  0.0000
   83    -0.025748  0.0000    -0.022046  0.0000
   84    -0.001423  0.0000    -0.000413  0.0000
   85     0.010289  0.0000     0.011444  0.0000
   86     0.034955  0.0000     0.037223  0.0000
   87     0.041700  0.0000     0.042357  0.0000
   88     0.053643  0.0000     0.054372  0.0000
             ...      ...         ...      ...
  200     1.081099  0.0000     1.082115  0.0000
  
 >>>>> grid delta-density saved to file

 FINAL CONVERGED ENERGY (Rydberg) =     -553.1549446854
 Binding energy =      -39.9195496854 Ry =           -543.1376 eV

 AFTER ITERATIONS +    0.06 =     710.8 seconds wall (    0.00 usr    0.02 sys)
 Atom  20   Z=  4.0   occ=  4.00   rho=  3.9980611372   core=  0.0000000000
     vxc(afs ):   -3.88218421  -3.65924617  -0.22293804
     exc(afs ):   -3.00491215  -2.81368204  -0.19123011
 Atom  40   Z=  6.0   occ=  6.00   rho=  5.9912309422   core=  0.0000000000
                               rho(xc)=  6.4912308653
     vxc(afs ):   -8.98461541  -8.71713904  -0.26747637
     exc(afs ):   -6.96393037  -6.73528802  -0.22864235

 atom xc0frc stress term=      121.5799295835
 mat0frc: stripe-parallel, KPSTORE= F
  
 total force contributions(Ry/bohr):
        atom       x force          y force          z force
          1     -0.0000096814     0.0000990452    -0.0001059066
          2     -0.0000018983     0.0000416417     0.0001023973
          3      0.0000943831     0.0000390280     0.0001268150
          4     -0.0001702678     0.0000650849    -0.0001462262
          5     -0.0001265296     0.0011057016    -0.0001064616
          6      0.0002773997     0.0004592974     0.0002814878
          7      0.0001765711    -0.0001187739    -0.0001259228
          8      0.0002761148    -0.0008973942     0.0004236668
          9     -0.0001480774    -0.0006344197    -0.0001457748
         10      0.0000890479    -0.0001323131    -0.0002642587
         11      0.0001500643    -0.0000739573     0.0000178814
         12      0.0000645182     0.0000012569     0.0000172448
         13     -0.0000324625     0.0000124942     0.0000841986
         14      0.0003795436    -0.0001671597    -0.0000306252
         15      0.0002213960    -0.0004092123    -0.0000511398
         16      0.0007615788    -0.0006919517    -0.0004046632
         17      0.0011929789    -0.0001392114     0.0002694870
         18     -0.0000320397     0.0001060228     0.0000381843
         19     -0.0001054207    -0.0001338794    -0.0000276292
         20     -0.0000559687    -0.0000857482    -0.0000046683
         21     -0.0000517209     0.0002845224    -0.0000622942
         22      0.0000830047    -0.0000470766     0.0000282110
         23      0.0001129268    -0.0000139493    -0.0000560181
         24      0.0000427593     0.0003720031    -0.0001249146
         25      0.0001500790     0.0000444586     0.0000487793
         26     -0.0000119868    -0.0002512650    -0.0000131101
         27      0.0002614307     0.0000161253     0.0001361625
         28      0.0002482977     0.0000207325     0.0000203694
         29      0.0005724098     0.0000955108     0.0000588623
         30     -0.0000086094    -0.0000222787     0.0000374929
         31     -0.0000151815    -0.0000148405     0.0000208637
         32      0.0000000000    -0.0000957422    -0.0000136321
         33      0.0000395787     0.0000000000     0.0000979104
         34      0.0001071751     0.0000536087     0.0000894834
         35     -0.0000087917    -0.0000347989     0.0000871055
         36     -0.0000303628    -0.0000197877     0.0000070322
         37      0.0000203718    -0.0000031918    -0.0000513075
         38      0.0000393493     0.0000607563     0.0000107286
         39      0.0000986604    -0.0001010678     0.0000563863
         40      0.0000169555     0.0000243694    -0.0000936800
         41     -0.0000472151     0.0000372753    -0.0000843778
         42      0.0000336273    -0.0000085027     0.0000162253
         43     -0.0000497869     0.0000014944    -0.0000277764
         44     -0.0000233378     0.0000337678    -0.0000081768
         45      0.0000345295     0.0000022266    -0.0000212747
         46     -0.0000201892    -0.0000408915    -0.0000178495
         47      0.0000147864    -0.0000094788     0.0000059538
         48      0.0000100125     0.0000118965    -0.0000175707
         49      0.0000308906     0.0000024035     0.0000030437
         50      0.0000027815    -0.0000039949    -0.0000051013
         51     -0.0000051847     0.0000021446    -0.0000018984
         52     -0.0000017866    -0.0000037871    -0.0000056298
         53     -0.0000341316     0.0000216046     0.0000126280
         54     -0.0000080763     0.0000000000    -0.0000107175
         55      0.0000065417    -0.0000012328     0.0000054822
      f-defect        0.0046110572    -0.0011414341     0.0000754777

 AFTER FORCE RTNS +    1.12 =     711.9 seconds wall (    1.10 usr    0.02 sys)
  
 >>>>> GSELECT begins, nslics=           0
 <<<<< GSELECT ends
 rms,max force=  3.7152D-04  1.2309D-03 for component#       17
 dynamics update step #           4
ASD: min/max mass factors=   0.2500   1.2599
 >>>>> GUPDATE begins, nslics=           0
 GUPDATE: Largest relax: atom#, dr(au)=    29    0.001079
 <<<<< GUPDATE ends

 ###############################################################################
   NEW GEOMETRY for step   5, of   5 total
atom, type, position;  step#      5
 AT1          Pt               -0.3474073853    1.4046898621   -0.1864078792 
 AT2          O                 2.4217095911    3.7111281445   -1.0032994275 
 AT3          O                -3.2969862728   -0.9759787632    0.0670555652 
 AT4          O                 1.3870555183   -1.9024624098   -1.0117926081 
 AT5          P                -4.8630090929   -0.6731066686   -2.5733378245 
 AT6          P                 3.3177633257   -2.7029551714    1.2369372998 
 AT7          O                -2.8828235874   -1.7593074378   -4.7327701894 
 AT8          O                -5.6619820382    1.9857477993   -3.3135384319 
 AT9          O                 5.2829131391   -0.8137734424    1.9311365924 
 AT10         O                 4.7691827431   -5.1350112756    0.0196630035 
 AT11         H                -2.1323175625   -3.4169804689   -4.3569438705 
 AT12         H                 3.5629125121   -6.3314393907   -0.7156936520 
 AT13         C                 1.7159643738   -3.6405741916    4.1891012356 
 AT14         C                -7.5449390258   -2.9368581535   -2.3402155557 
 AT15         C                -9.2894977265   -2.2596588984   -0.1222186478 
 AT16         C                -9.0115154601   -2.9340617790   -4.8514428736 
 AT17         C                -6.5360245526   -5.6244529711   -1.9282333333 
 AT18         C                -0.4383416117   -5.5436716459    3.8253357037 
 AT19         C                 0.6823803133   -1.2055375475    5.4001631600 
 AT20         C                 3.7051880842   -4.7547627162    6.0006673436 
 AT21         H                -9.9944141437   -0.3060013249   -0.2288263559 
 AT22         H                -8.2833256318   -2.5431828241    1.6675377308 
 AT23         H               -10.9550997867   -3.5133483447   -0.1911500631 
 AT24         H                -9.9527216333   -1.1508657511   -5.3317825719 
 AT25         H               -10.4930791927   -4.4071690665   -4.8168264034 
 AT26         H                -7.7408874148   -3.4533198926   -6.3987582387 
 AT27         H                -5.3824074701   -5.8085597516   -0.2193889417 
 AT28         H                -5.4290681754   -6.3255846142   -3.5314740687 
 AT29         H                -8.1771549185   -6.8709393610   -1.6785214373 
 AT30         H                -1.9927201692   -4.8705031765    2.6185420372 
 AT31         H                -1.1982713616   -5.9139843792    5.7296679448 
 AT32         H                 0.2512202882   -7.3390259693    3.0531145318 
 AT33         H                -0.7140824862   -0.2589419256    4.1820159764 
 AT34         H                 2.1581953010    0.1837040813    5.8145586494 
 AT35         H                -0.2542453820   -1.6638868164    7.2012926552 
 AT36         H                 4.4169289285   -6.6126985785    5.3931726368 
 AT37         H                 2.6911125639   -4.9774216464    7.7961843535 
 AT38         H                 5.3302898240   -3.4987915730    6.2949034921 
 AT39         P                 1.3908304208    6.4152890041   -0.0153110637 
 AT40         O                -1.7976667769    5.5879724457    0.5439076116 
 AT41         O                 2.4130027290    7.1008271771    2.4893953540 
 AT42         C                 1.8115712938    8.9703436302   -2.3773765287 
 AT43         C                 0.8244946252    8.4060958113   -5.0298134751 
 AT44         C                 0.4479189360   11.3058188604   -1.3007599036 
 AT45         C                 4.6903819368    9.4454195374   -2.4666669511 
 AT46         H                -2.6975325758    5.4358756325   -1.1069362079 
 AT47         H                 1.6745309740    6.7253896236   -5.8694105487 
 AT48         H                 1.1980990859   10.0337674996   -6.2779189096 
 AT49         H                -1.2254276468    8.1622440489   -4.9884783794 
 AT50         H                -1.6017195928   11.0110115508   -1.1634630641 
 AT51         H                 0.7329207580   12.8949786412   -2.6010475793 
 AT52         H                 1.1552493889   11.8815206931    0.5686634609 
 AT53         H                 5.7851705886    7.7774052182   -3.0531298789 
 AT54         H                 5.4114820220   10.0929177916   -0.6481031725 
 AT55         H                 4.9651825887   10.9489783608   -3.8878889115 
 ###############################################################################

 After geometry   +    0.30 =     712.2 seconds wall (    0.00 usr    0.00 sys)
  
 LATVEC: nlat1c,nlat2c,nlat =           1           1           1

  Atom
  Type  Shell  Min-alf     range
    1        0.129289   8.279963
    2        0.102474   9.300415
    3        0.143749   7.852478
    4        0.078997  10.592631
    5        0.095999   9.608947
    6        0.073120  11.010095
 Turnover EF->DM npopdm, npop0k=         105          79
 DEV264h/wkmem: perlsolv dist-mem
 DEV/wkmem: KPSTORE= F
 DEV/wkmem: psolv version, input do_psolv= F

 Need       26500-length r*4 array to pack grid wfcns/box
 Need      452875-length r*4 array to pack all grid wfcns
 Need       26500-length r*4 array for grid wfcns scratch
 WKMEM: using stripe-parallel+Merge  setup
 Minimum maxwkd for scf to complete=    29384385
 All grid wfcns stored in    226438 of 194809119 available
 WKMEM: in-core Broyden! uses    462690 out of 194582681 available
 >>>>> geom/basis data saved to file
  
 Atom type   1  radial valence charge =    5.999995363882
 Atom type   1      xc valence charge =    6.499995360087
  
 Atom type   2  radial valence charge =    0.999999985299
  
 Atom type   3  radial valence charge =    3.999996877569
  
 Atom type   4  radial valence charge =    9.999999976019
  
 Atom type   5  radial valence charge =    4.999999641069
  
 Atom type   6  radial valence charge =    3.999999473876
 mat0set: stripe-parallel, KPSTORE= F

   sij compute    +    0.07 =     712.3 seconds wall (    0.01 usr    0.00 sys)

   sij/nlat-bcast +    0.00 =     712.3 seconds wall (    0.00 usr    0.00 sys)

   vlocmat compute+    0.24 =     712.5 seconds wall (    0.24 usr    0.00 sys)

   vlocmii compute+    0.02 =     712.5 seconds wall (    0.02 usr    0.00 sys)

   nlocmat compute+    0.13 =     712.7 seconds wall (    0.13 usr    0.00 sys)
 NLOCMAT: Max neqilat=           1

 After mat0set    +    0.03 =     712.7 seconds wall (    0.03 usr    0.00 sys)
 Atom   2   Z=  6.0   occ=  6.00   rho=  5.9908485987   core=  0.0000000000
                               rho(xc)=  6.4908485140
     vxc(afsw):   -8.98269151  -8.71521174  -0.26747977  -0.00022982
     exc(afsw):   -6.96352919  -6.73488335  -0.22864584  -0.00018489
 Atom   3   Z=  6.0   occ=  6.00   rho=  5.9887025882   core=  0.0000000000
                               rho(xc)=  6.4887025027
     vxc(afsw):   -8.96837575  -8.70087927  -0.26749648  -0.00028377
     exc(afsw):   -6.96083784  -6.73217243  -0.22866542  -0.00022831
 Atom   4   Z=  6.0   occ=  6.00   rho=  5.9888255996   core=  0.0000000000
                               rho(xc)=  6.4888255128
     vxc(afsw):   -8.97002294  -8.70252770  -0.26749523  -0.00028067
     exc(afsw):   -6.96101276  -6.73234839  -0.22866436  -0.00022582
 Atom   7   Z=  6.0   occ=  6.00   rho=  5.9934994181   core=  0.0000000000
                               rho(xc)=  6.4934993403
     vxc(afsw):   -8.99498902  -8.72753800  -0.26745103  -0.00016321
     exc(afsw):   -6.96598815  -6.73736639  -0.22862176  -0.00013129
 Atom   8   Z=  6.0   occ=  6.00   rho=  5.9914620127   core=  0.0000000000
                               rho(xc)=  6.4914619509
     vxc(afsw):   -8.98682657  -8.71935675  -0.26746982  -0.00021439
     exc(afsw):   -6.96400469  -6.73536392  -0.22864077  -0.00017248
 Atom   9   Z=  6.0   occ=  6.00   rho=  5.9976726166   core=  0.0000000000
                               rho(xc)=  6.4976725464
     vxc(afsw):   -9.01617256  -8.74876543  -0.26740713  -0.00005841
     exc(afsw):   -6.96952195  -6.74093956  -0.22858240  -0.00004698
 Atom  10   Z=  6.0   occ=  6.00   rho=  5.9891066759   core=  0.0000000000
                               rho(xc)=  6.4891065974
     vxc(afsw):   -8.97296272  -8.70547002  -0.26749270  -0.00027360
     exc(afsw):   -6.96139534  -6.73273344  -0.22866189  -0.00022013
 Atom  11   Z=  1.0   occ=  1.00   rho=  0.9975679772   core=  0.0000000000
     vxc(afsw):   -0.79506932  -0.76971042  -0.02535890  -0.00003416
     exc(afsw):   -0.62684739  -0.60464399  -0.02220340  -0.00002881
 Atom  12   Z=  1.0   occ=  1.00   rho=  0.9960142565   core=  0.0000000000
     vxc(afsw):   -0.78978420  -0.76442663  -0.02535756  -0.00005586
     exc(afsw):   -0.62428245  -0.60207792  -0.02220453  -0.00004710
 Atom  14   Z=  4.0   occ=  4.00   rho=  3.9981070828   core=  0.0000000000
     vxc(afsw):   -3.87980740  -3.65687376  -0.22293364  -0.00004316
     exc(afsw):   -3.00506982  -2.81383968  -0.19123013  -0.00003325
 Atom  17   Z=  4.0   occ=  4.00   rho=  3.9970196143   core=  0.0000000000
     vxc(afsw):   -3.87960515  -3.65665614  -0.22294901  -0.00006801
     exc(afsw):   -3.00356130  -2.81232735  -0.19123396  -0.00005238
 Atom  18   Z=  4.0   occ=  4.00   rho=  3.9978948866   core=  0.0000000000
     vxc(afsw):   -3.88234108  -3.65940124  -0.22293984  -0.00004801
     exc(afsw):   -3.00473204  -2.81350131  -0.19123073  -0.00003698
 Atom  19   Z=  4.0   occ=  4.00   rho=  4.0030528884   core=  0.0000000000
     vxc(afsw):   -3.90685680  -3.68393822  -0.22291858   0.00006932
     exc(afsw):   -3.00796007  -2.81675125  -0.19120882   0.00005331
 Atom  20   Z=  4.0   occ=  4.00   rho=  3.9980615216   core=  0.0000000000
     vxc(afsw):   -3.88218423  -3.65924620  -0.22293803  -0.00004421
     exc(afsw):   -3.00491254  -2.81368243  -0.19123011  -0.00003405
 Atom  21   Z=  1.0   occ=  1.00   rho=  0.9969026390   core=  0.0000000000
     vxc(afsw):   -0.79271030  -0.76735180  -0.02535849  -0.00004347
     exc(afsw):   -0.62575282  -0.60354889  -0.02220393  -0.00003666
 Atom  22   Z=  1.0   occ=  1.00   rho=  0.9965476799   core=  0.0000000000
     vxc(afsw):   -0.79150048  -0.76614230  -0.02535818  -0.00004844
     exc(afsw):   -0.62516663  -0.60296245  -0.02220418  -0.00004085
 Atom  23   Z=  1.0   occ=  1.00   rho=  0.9963038116   core=  0.0000000000
     vxc(afsw):   -0.79071191  -0.76535400  -0.02535791  -0.00005183
     exc(afsw):   -0.62476260  -0.60255825  -0.02220434  -0.00004371
 Atom  24   Z=  1.0   occ=  1.00   rho=  0.9974148785   core=  0.0000000000
     vxc(afsw):   -0.79440986  -0.76905090  -0.02535896  -0.00003630
     exc(afsw):   -0.62659949  -0.60439592  -0.02220357  -0.00003061
 Atom  25   Z=  1.0   occ=  1.00   rho=  0.9972436895   core=  0.0000000000
     vxc(afsw):   -0.79390763  -0.76854894  -0.02535870  -0.00003871
     exc(afsw):   -0.62631394  -0.60411028  -0.02220366  -0.00003265
 Atom  26   Z=  1.0   occ=  1.00   rho=  0.9966141133   core=  0.0000000000
     vxc(afsw):   -0.79173741  -0.76637919  -0.02535823  -0.00004751
     exc(afsw):   -0.62527609  -0.60307196  -0.02220413  -0.00004006
 Atom  27   Z=  1.0   occ=  1.00   rho=  0.9960564618   core=  0.0000000000
     vxc(afsw):   -0.78991616  -0.76455854  -0.02535762  -0.00005527
     exc(afsw):   -0.62435253  -0.60214803  -0.02220450  -0.00004661
 Atom  28   Z=  1.0   occ=  1.00   rho=  0.9959558518   core=  0.0000000000
     vxc(afsw):   -0.78960496  -0.76424748  -0.02535748  -0.00005667
     exc(afsw):   -0.62418536  -0.60198080  -0.02220456  -0.00004778
 Atom  29   Z=  1.0   occ=  1.00   rho=  0.9964874606   core=  0.0000000000
     vxc(afsw):   -0.79131079  -0.76595269  -0.02535811  -0.00004928
     exc(afsw):   -0.62506671  -0.60286249  -0.02220422  -0.00004156
 Atom  30   Z=  1.0   occ=  1.00   rho=  0.9973382510   core=  0.0000000000
     vxc(afsw):   -0.79419305  -0.76883423  -0.02535882  -0.00003738
     exc(afsw):   -0.62647125  -0.60426765  -0.02220360  -0.00003153
 Atom  31   Z=  1.0   occ=  1.00   rho=  0.9974592733   core=  0.0000000000
     vxc(afsw):   -0.79455287  -0.76919387  -0.02535900  -0.00003568
     exc(afsw):   -0.62667290  -0.60446936  -0.02220354  -0.00003009
 Atom  32   Z=  1.0   occ=  1.00   rho=  0.9962924660   core=  0.0000000000
     vxc(afsw):   -0.79064722  -0.76528929  -0.02535793  -0.00005198
     exc(afsw):   -0.62474462  -0.60254026  -0.02220436  -0.00004383
 Atom  33   Z=  1.0   occ=  1.00   rho=  0.9978605062   core=  0.0000000000
     vxc(afsw):   -0.79558887  -0.77022914  -0.02535973  -0.00003004
     exc(afsw):   -0.62734616  -0.60514279  -0.02220337  -0.00002533
 Atom  34   Z=  1.0   occ=  1.00   rho=  0.9964588921   core=  0.0000000000
     vxc(afsw):   -0.79124691  -0.76588888  -0.02535803  -0.00004969
     exc(afsw):   -0.62501844  -0.60281421  -0.02220423  -0.00004191
 Atom  35   Z=  1.0   occ=  1.00   rho=  0.9962540079   core=  0.0000000000
     vxc(afsw):   -0.79054308  -0.76518522  -0.02535786  -0.00005253
     exc(afsw):   -0.62468028  -0.60247590  -0.02220438  -0.00004430
 Atom  36   Z=  1.0   occ=  1.00   rho=  0.9978358883   core=  0.0000000000
     vxc(afsw):   -0.79557765  -0.77021802  -0.02535963  -0.00003038
     exc(afsw):   -0.62730313  -0.60509977  -0.02220336  -0.00002562
 Atom  37   Z=  1.0   occ=  1.00   rho=  0.9975927933   core=  0.0000000000
     vxc(afsw):   -0.79518767  -0.76982885  -0.02535882  -0.00003382
     exc(afsw):   -0.62688615  -0.60468279  -0.02220336  -0.00002852
 Atom  38   Z=  1.0   occ=  1.00   rho=  0.9962565422   core=  0.0000000000
     vxc(afsw):   -0.79055849  -0.76520063  -0.02535785  -0.00005250
     exc(afsw):   -0.62468426  -0.60247989  -0.02220438  -0.00004427
 Atom  40   Z=  6.0   occ=  6.00   rho=  5.9912277032   core=  0.0000000000
                               rho(xc)=  6.4912276263
     vxc(afsw):   -8.98460028  -8.71712388  -0.26747640  -0.00022030
     exc(afsw):   -6.96392699  -6.73528461  -0.22864238  -0.00017723
 Atom  41   Z=  6.0   occ=  6.00   rho=  5.9962792301   core=  0.0000000000
                               rho(xc)=  6.4962791815
     vxc(afsw):   -9.00755823  -8.74014324  -0.26741500  -0.00009338
     exc(afsw):   -6.96821392  -6.73961778  -0.22859613  -0.00007511
 Atom  42   Z=  4.0   occ=  4.00   rho=  3.9975585987   core=  0.0000000000
     vxc(afsw):   -3.88249776  -3.65955404  -0.22294372  -0.00005569
     exc(afsw):   -3.00433687  -2.81310492  -0.19123196  -0.00004289
 Atom  44   Z=  4.0   occ=  4.00   rho=  3.9979663044   core=  0.0000000000
     vxc(afsw):   -3.88142404  -3.65848650  -0.22293754  -0.00004638
     exc(afsw):   -3.00485209  -2.81362156  -0.19123054  -0.00003572
 Atom  45   Z=  4.0   occ=  4.00   rho=  3.9983477731   core=  0.0000000000
     vxc(afsw):   -3.88027926  -3.65734716  -0.22293210  -0.00003766
     exc(afsw):   -3.00527461  -2.81404543  -0.19122919  -0.00002901
 Atom  46   Z=  1.0   occ=  1.00   rho=  0.9976152627   core=  0.0000000000
     vxc(afsw):   -0.79523011  -0.76987122  -0.02535890  -0.00003350
     exc(afsw):   -0.62692461  -0.60472125  -0.02220336  -0.00002825
 Atom  47   Z=  1.0   occ=  1.00   rho=  0.9963656307   core=  0.0000000000
     vxc(afsw):   -0.79089988  -0.76554188  -0.02535799  -0.00005097
     exc(afsw):   -0.62486539  -0.60266108  -0.02220431  -0.00004299
 Atom  48   Z=  1.0   occ=  1.00   rho=  0.9962818886   core=  0.0000000000
     vxc(afsw):   -0.79065323  -0.76529536  -0.02535787  -0.00005215
     exc(afsw):   -0.62472587  -0.60252151  -0.02220435  -0.00004398
 Atom  49   Z=  1.0   occ=  1.00   rho=  0.9966467084   core=  0.0000000000
     vxc(afsw):   -0.79187629  -0.76651808  -0.02535821  -0.00004707
     exc(afsw):   -0.62532884  -0.60312475  -0.02220410  -0.00003969
 Atom  50   Z=  1.0   occ=  1.00   rho=  0.9959431597   core=  0.0000000000
     vxc(afsw):   -0.78956453  -0.76420706  -0.02535747  -0.00005684
     exc(afsw):   -0.62416430  -0.60195973  -0.02220457  -0.00004793
 Atom  51   Z=  1.0   occ=  1.00   rho=  0.9959295631   core=  0.0000000000
     vxc(afsw):   -0.78952500  -0.76416755  -0.02535745  -0.00005704
     exc(afsw):   -0.62414164  -0.60193706  -0.02220458  -0.00004810
 Atom  52   Z=  1.0   occ=  1.00   rho=  0.9977170074   core=  0.0000000000
     vxc(afsw):   -0.79549036  -0.77013122  -0.02535913  -0.00003206
     exc(afsw):   -0.62709626  -0.60489294  -0.02220332  -0.00002704
 Atom  53   Z=  1.0   occ=  1.00   rho=  0.9964621081   core=  0.0000000000
     vxc(afsw):   -0.79121883  -0.76586073  -0.02535809  -0.00004963
     exc(afsw):   -0.62502505  -0.60282081  -0.02220424  -0.00004185
 Atom  54   Z=  1.0   occ=  1.00   rho=  0.9961308574   core=  0.0000000000
     vxc(afsw):   -0.79015260  -0.76479489  -0.02535771  -0.00005425
     exc(afsw):   -0.62447596  -0.60227150  -0.02220446  -0.00004574
 Atom  55   Z=  1.0   occ=  1.00   rho=  0.9972492057   core=  0.0000000000
     vxc(afsw):   -0.79396012  -0.76860147  -0.02535865  -0.00003863
     exc(afsw):   -0.62632186  -0.60411822  -0.02220364  -0.00003258
 ***** CAUTION: grid fineness questionable

 grid0xc compute+    0.48 =     713.2 seconds wall (    0.48 usr    0.00 sys)

 grid0xc Merge  +    0.03 =     713.2 seconds wall (    0.00 usr    0.03 sys)

 grid0xc Bcast  +    0.13 =     713.4 seconds wall (    0.13 usr    0.00 sys)


 AFTER SETUP PHASE+   14.70 =     728.1 seconds wall (    0.17 usr    0.35 sys)

  
 *************************  iteration   0 begins here  *************************


 Before iterations+    0.05 =     728.1 seconds wall (    0.05 usr    0.00 sys)
  
 grid-integrated up-density total =       78.4330629843
 grid-integrated dn-density total =       78.4330629843
 grid-integrated valence-density total =      156.8661259685
 Harris Fcnal XC piece=       42.6978537303
  
  

 After 0 iteration+    0.55 =     728.7 seconds wall (    0.50 usr    0.04 sys)
 *************************  iteration   1 begins here  *************************


 erlsolv/begin  +    0.02 =     728.7 seconds wall (    0.00 usr    0.00 sys)
 PERLSOLV: kpp-copmatible version

 erlsolv/schroed+    0.09 =     728.8 seconds wall (    0.06 usr    0.01 sys)

 erlsolv/pop    +    0.00 =     728.8 seconds wall (    0.00 usr    0.00 sys)

 erlsolv/dmat compute+    0.00 =     728.8 seconds wall (    0.00 usr    0.00 sys)

 erlsolv/dmat compute+    0.01 =     728.8 seconds wall (    0.00 usr    0.00 sys)

 erlsolv/rhoij  +    0.01 =     728.8 seconds wall (    0.00 usr    0.01 sys)

 spin-up fermi level =   -0.350730 Ry,   gap(0K)= 0.198569 Ry = 2.702 eV
 spin-dn fermi level =   -0.451937 Ry,   gap(0K)= 0.004047 Ry = 0.055 eV

 k-vector:                  1
  weight:               1.000000
            level/UP/occup       level/DN/occup
  
    1    -1.943972  1.0000    -1.943972  1.0000
    2    -1.933051  1.0000    -1.933051  1.0000
    3    -1.920598  1.0000    -1.920598  1.0000
    4    -1.845040  1.0000    -1.845040  1.0000
             ...      ...         ...      ...
   60    -0.698974  1.0000    -0.698974  1.0000
   61    -0.696537  1.0000    -0.696537  1.0000
   62    -0.681421  1.0000    -0.681421  1.0000
   63    -0.678370  1.0000    -0.678370  1.0000
   64    -0.659949  1.0000    -0.659949  1.0000
   65    -0.643838  1.0000    -0.643838  1.0000
   66    -0.632289  1.0000    -0.632289  1.0000
   67    -0.625700  1.0000    -0.625700  1.0000
   68    -0.619788  1.0000    -0.619788  1.0000
   69    -0.611792  1.0000    -0.611792  1.0000
   70    -0.602831  1.0000    -0.602831  1.0000
   71    -0.594969  1.0000    -0.594969  1.0000
   72    -0.584841  1.0000    -0.584841  1.0000
   73    -0.577636  1.0000    -0.577636  1.0000
   74    -0.575591  1.0000    -0.575591  1.0000
   75    -0.556100  1.0000    -0.556100  1.0000
   76    -0.513579  1.0000    -0.513579  0.9979
   77    -0.510501  1.0000    -0.510501  0.9971
   78    -0.454061  1.0000    -0.454061  0.5529
   79    -0.450014  1.0000    -0.450014  0.4521
   80    -0.251445  0.0000    -0.251445  0.0000
   81    -0.058411  0.0000    -0.058411  0.0000
   82    -0.014641  0.0000    -0.014641  0.0000
   83    -0.003523  0.0000    -0.003523  0.0000
   84     0.019153  0.0000     0.019153  0.0000
   85     0.026256  0.0000     0.026256  0.0000
   86     0.037019  0.0000     0.037019  0.0000
   87     0.048991  0.0000     0.048991  0.0000
             ...      ...         ...      ...
  200     1.044890  0.0000     1.044890  0.0000
  
 delta movement in up-elecs =        9.7679199231
 delta movement in dn-elecs =        9.6546166042
 delta movement in electrons =       19.1924512338

 one-center local charge defect =         0.07768519

 one-center local charge defect =         0.07648631

 LMCC local dipole, |dip|=        4.5720176406
 Using LMCC treatment of supercell electrostatics
 DBG/LMCCINT, esns diagnostics redone
 LMCC chemical potential shift(Ry,eV)=       -0.0000027267       -0.0000370989
 LMCC esns total grid integral=        2.2450504033
  
 grid-integrated up-density total =       78.9146178083
 grid-integrated dn-density total =       77.9158172097
 grid-integrated valence-density total =      156.8304350180
  
 TOTAL single particle eigenvalue sum=      -152.5990478832
  
 rms,max scfchange=  1.1517D-02  6.8044D-01 for component#    310898
 electronic meth_bl(BROYDEN)=           1
>>>>> Broyden: first step (elec) simple blend ratio= 0.300000
<<<<< Broyden step complete, scf step=     1

 After blending   +   24.96 =     753.7 seconds wall (    5.07 usr    0.82 sys)
  
 *************************  iteration   2 begins here  *************************


 erlsolv/begin  +    0.00 =     753.7 seconds wall (    0.00 usr    0.00 sys)
 PERLSOLV: kpp-copmatible version

 erlsolv/schroed+    0.09 =     753.8 seconds wall (    0.07 usr    0.01 sys)

 erlsolv/pop    +    0.00 =     753.8 seconds wall (    0.00 usr    0.00 sys)

 erlsolv/dmat compute+    0.00 =     753.8 seconds wall (    0.00 usr    0.00 sys)

 erlsolv/dmat compute+    0.01 =     753.8 seconds wall (    0.00 usr    0.00 sys)

 erlsolv/rhoij  +    0.01 =     753.8 seconds wall (    0.00 usr    0.00 sys)

 spin-up fermi level =   -0.400246 Ry,   gap(0K)= 0.126001 Ry = 1.714 eV
 spin-dn fermi level =   -0.467918 Ry,   gap(0K)= 0.016178 Ry = 0.220 eV
  
 delta movement in up-elecs =        8.0240494581
 delta movement in dn-elecs =        8.1480371953
 delta movement in electrons =       15.9571381430

 one-center local charge defect =         0.07626169

 one-center local charge defect =         0.07458278

 LMCC local dipole, |dip|=        3.2294604915
 Using LMCC treatment of supercell electrostatics
 DBG/LMCCINT, esns diagnostics redone
 LMCC chemical potential shift(Ry,eV)=       -0.0000108747       -0.0001479586
 LMCC esns total grid integral=        1.1522615030
  
 grid-integrated up-density total =       78.9162065011
 grid-integrated dn-density total =       77.9178912902
 grid-integrated valence-density total =      156.8340977913
  
 TOTAL single particle eigenvalue sum=      -148.3606116041
  
 rms,max scfchange=  8.3254D-03  7.7299D-01 for component#     53849
 electronic meth_bl(BROYDEN)=           1
>>>>> Broyden blend to get next step - elec
<<<<< Broyden step complete, scf step=     2

 After blending   +   29.60 =     783.4 seconds wall (    5.14 usr    0.81 sys)
  
 *************************  iteration   3 begins here  *************************


 erlsolv/begin  +    0.02 =     783.5 seconds wall (    0.00 usr    0.00 sys)
 PERLSOLV: kpp-copmatible version

 erlsolv/schroed+    0.09 =     783.5 seconds wall (    0.08 usr    0.00 sys)

 erlsolv/pop    +    0.00 =     783.5 seconds wall (    0.00 usr    0.00 sys)

 erlsolv/dmat compute+    0.01 =     783.6 seconds wall (    0.00 usr   -0.00 sys)

 erlsolv/dmat compute+    0.00 =     783.6 seconds wall (    0.00 usr    0.00 sys)

 erlsolv/rhoij  +    0.02 =     783.6 seconds wall (    0.00 usr    0.01 sys)

 spin-up fermi level =   -0.354585 Ry,   gap(0K)= 0.163923 Ry = 2.230 eV
 spin-dn fermi level =   -0.433122 Ry,   gap(0K)= 0.018714 Ry = 0.255 eV
  
 delta movement in up-elecs =        7.9269112630
 delta movement in dn-elecs =        7.7374326609
 delta movement in electrons =       15.4115031545

 one-center local charge defect =         0.07644586

 one-center local charge defect =         0.07515572

 LMCC local dipole, |dip|=        3.2012300251
 Using LMCC treatment of supercell electrostatics
 DBG/LMCCINT, esns diagnostics redone
 LMCC chemical potential shift(Ry,eV)=        0.0000041159        0.0000559998
 LMCC esns total grid integral=        0.9603799340
  
 grid-integrated up-density total =       78.9160719318
 grid-integrated dn-density total =       77.9173633700
 grid-integrated valence-density total =      156.8334353018
  
 TOTAL single particle eigenvalue sum=      -146.4528724081
  
 rms,max scfchange=  4.7719D-03  4.8020D-01 for component#     53849
 electronic meth_bl(BROYDEN)=           1
>>>>> Broyden blend to get next step - elec
<<<<< Broyden step complete, scf step=     3

 After blending   +   14.02 =     797.6 seconds wall (    5.17 usr    0.81 sys)
  
 *************************  iteration   4 begins here  *************************


 erlsolv/begin  +    0.26 =     797.8 seconds wall (    0.25 usr    0.00 sys)
 PERLSOLV: kpp-copmatible version

 erlsolv/schroed+    0.08 =     797.9 seconds wall (    0.07 usr    0.00 sys)

 erlsolv/pop    +    0.00 =     797.9 seconds wall (    0.00 usr    0.00 sys)

 erlsolv/dmat compute+    0.01 =     797.9 seconds wall (    0.00 usr   -0.00 sys)

 erlsolv/dmat compute+    0.00 =     797.9 seconds wall (    0.00 usr    0.00 sys)

 erlsolv/rhoij  +    0.02 =     797.9 seconds wall (    0.00 usr    0.00 sys)

 spin-up fermi level =   -0.370732 Ry,   gap(0K)= 0.169874 Ry = 2.311 eV
 spin-dn fermi level =   -0.442202 Ry,   gap(0K)= 0.023866 Ry = 0.325 eV
  
 delta movement in up-elecs =        7.6878645207
 delta movement in dn-elecs =        7.4672262983
 delta movement in electrons =       14.9071112353

 one-center local charge defect =         0.07644054

 one-center local charge defect =         0.07519658

 LMCC local dipole, |dip|=        2.8478233700
 Using LMCC treatment of supercell electrostatics
 DBG/LMCCINT, esns diagnostics redone
 LMCC chemical potential shift(Ry,eV)=        0.0000032334        0.0000439924
 LMCC esns total grid integral=        0.7969260586
  
 grid-integrated up-density total =       78.9161302197
 grid-integrated dn-density total =       77.9173753057
 grid-integrated valence-density total =      156.8335055254
  
 TOTAL single particle eigenvalue sum=      -145.8856172298
  
 rms,max scfchange=  2.9489D-03  2.7644D-01 for component#     53849
 electronic meth_bl(BROYDEN)=           1
>>>>> Broyden blend to get next step - elec
<<<<< Broyden step complete, scf step=     4

 After blending   +   12.32 =     810.3 seconds wall (    4.94 usr    0.81 sys)
  
 *************************  iteration   5 begins here  *************************


 erlsolv/begin  +    0.00 =     810.3 seconds wall (    0.00 usr    0.00 sys)
 PERLSOLV: kpp-copmatible version

 erlsolv/schroed+    0.08 =     810.3 seconds wall (    0.07 usr    0.01 sys)

 erlsolv/pop    +    0.00 =     810.3 seconds wall (    0.00 usr    0.00 sys)

 erlsolv/dmat compute+    0.01 =     810.4 seconds wall (    0.00 usr    0.00 sys)

 erlsolv/dmat compute+    0.00 =     810.4 seconds wall (    0.00 usr    0.00 sys)

 erlsolv/rhoij  +    0.01 =     810.4 seconds wall (    0.00 usr    0.00 sys)

 spin-up fermi level =   -0.385478 Ry,   gap(0K)= 0.171504 Ry = 2.333 eV
 spin-dn fermi level =   -0.448637 Ry,   gap(0K)= 0.027502 Ry = 0.374 eV
  
 delta movement in up-elecs =        7.6347570421
 delta movement in dn-elecs =        7.3446609305
 delta movement in electrons =       14.7526392620

 one-center local charge defect =         0.07640409

 one-center local charge defect =         0.07507274

 LMCC local dipole, |dip|=        2.0245183747
 Using LMCC treatment of supercell electrostatics
 DBG/LMCCINT, esns diagnostics redone
 LMCC chemical potential shift(Ry,eV)=        0.0000013406        0.0000182393
 LMCC esns total grid integral=        0.7210461518
  
 grid-integrated up-density total =       78.9161811956
 grid-integrated dn-density total =       77.9175131700
 grid-integrated valence-density total =      156.8336943656
  
 TOTAL single particle eigenvalue sum=      -146.0881220960
  
 rms,max scfchange=  8.7755D-04  7.7502D-02 for component#     53849
 electronic meth_bl(BROYDEN)=           1
>>>>> Broyden blend to get next step - elec
<<<<< Broyden step complete, scf step=     5

 After blending   +   14.85 =     825.2 seconds wall (    4.98 usr    0.81 sys)
  
 *************************  iteration   6 begins here  *************************


 erlsolv/begin  +    0.01 =     825.2 seconds wall (    0.00 usr    0.00 sys)
 PERLSOLV: kpp-copmatible version

 erlsolv/schroed+    0.09 =     825.3 seconds wall (    0.07 usr    0.00 sys)

 erlsolv/pop    +    0.00 =     825.3 seconds wall (    0.00 usr    0.00 sys)

 erlsolv/dmat compute+    0.00 =     825.3 seconds wall (    0.00 usr    0.00 sys)

 erlsolv/dmat compute+    0.01 =     825.3 seconds wall (    0.00 usr    0.00 sys)

 erlsolv/rhoij  +    0.01 =     825.3 seconds wall (    0.00 usr    0.01 sys)

 spin-up fermi level =   -0.386997 Ry,   gap(0K)= 0.167156 Ry = 2.274 eV
 spin-dn fermi level =   -0.445196 Ry,   gap(0K)= 0.019621 Ry = 0.267 eV
  
 delta movement in up-elecs =        7.6187804366
 delta movement in dn-elecs =        7.3175352168
 delta movement in electrons =       14.6981857337

 one-center local charge defect =         0.07641514

 one-center local charge defect =         0.07503650

 LMCC local dipole, |dip|=        1.5847555500
 Using LMCC treatment of supercell electrostatics
 DBG/LMCCINT, esns diagnostics redone
 LMCC chemical potential shift(Ry,eV)=       -0.0000007154       -0.0000097342
 LMCC esns total grid integral=        0.6970923619
  
 grid-integrated up-density total =       78.9161805277
 grid-integrated dn-density total =       77.9175606234
 grid-integrated valence-density total =      156.8337411511
  
 TOTAL single particle eigenvalue sum=      -146.1452554601
  
 rms,max scfchange=  8.7414D-04  9.1518D-02 for component#     55373
 electronic meth_bl(BROYDEN)=           1
>>>>> Broyden blend to get next step - elec
<<<<< Broyden step complete, scf step=     6

 After blending   +   12.09 =     837.4 seconds wall (    5.02 usr    0.82 sys)
  
 *************************  iteration   7 begins here  *************************


 erlsolv/begin  +    0.10 =     837.5 seconds wall (    0.10 usr    0.00 sys)
 PERLSOLV: kpp-copmatible version

 erlsolv/schroed+    0.08 =     837.6 seconds wall (    0.07 usr    0.00 sys)

 erlsolv/pop    +    0.00 =     837.6 seconds wall (    0.00 usr    0.00 sys)

 erlsolv/dmat compute+    0.00 =     837.6 seconds wall (    0.00 usr    0.00 sys)

 erlsolv/dmat compute+    0.01 =     837.6 seconds wall (    0.00 usr    0.00 sys)

 erlsolv/rhoij  +    0.01 =     837.6 seconds wall (    0.00 usr    0.01 sys)

 spin-up fermi level =   -0.386794 Ry,   gap(0K)= 0.173614 Ry = 2.362 eV
 spin-dn fermi level =   -0.445036 Ry,   gap(0K)= 0.029667 Ry = 0.404 eV
  
 delta movement in up-elecs =        7.6177282644
 delta movement in dn-elecs =        7.3373643464
 delta movement in electrons =       14.7123511573

 one-center local charge defect =         0.07639819

 one-center local charge defect =         0.07510080

 LMCC local dipole, |dip|=        1.9548015668
 Using LMCC treatment of supercell electrostatics
 DBG/LMCCINT, esns diagnostics redone
 LMCC chemical potential shift(Ry,eV)=        0.0000010800        0.0000146946
 LMCC esns total grid integral=        0.7085542337
  
 grid-integrated up-density total =       78.9162004146
 grid-integrated dn-density total =       77.9174984159
 grid-integrated valence-density total =      156.8336988305
  
 TOTAL single particle eigenvalue sum=      -146.0844615620
  
 rms,max scfchange=  5.1750D-04  5.0463D-02 for component#     53849
 electronic meth_bl(BROYDEN)=           1
>>>>> Broyden blend to get next step - elec
<<<<< Broyden step complete, scf step=     7

 After blending   +   14.43 =     852.0 seconds wall (    5.20 usr    0.81 sys)
  
 *************************  iteration   8 begins here  *************************


 erlsolv/begin  +    0.84 =     852.9 seconds wall (    0.83 usr    0.00 sys)
 PERLSOLV: kpp-copmatible version

 erlsolv/schroed+    0.08 =     853.0 seconds wall (    0.06 usr    0.01 sys)

 erlsolv/pop    +    0.00 =     853.0 seconds wall (    0.00 usr    0.00 sys)

 erlsolv/dmat compute+    0.00 =     853.0 seconds wall (    0.00 usr    0.00 sys)

 erlsolv/dmat compute+    0.01 =     853.0 seconds wall (    0.00 usr    0.00 sys)

 erlsolv/rhoij  +    0.01 =     853.0 seconds wall (    0.00 usr    0.01 sys)

 spin-up fermi level =   -0.387695 Ry,   gap(0K)= 0.170322 Ry = 2.317 eV
 spin-dn fermi level =   -0.443255 Ry,   gap(0K)= 0.028119 Ry = 0.383 eV
  
 delta movement in up-elecs =        7.6122537997
 delta movement in dn-elecs =        7.3390132952
 delta movement in electrons =       14.6948989892

 one-center local charge defect =         0.07638495

 one-center local charge defect =         0.07508540

 LMCC local dipole, |dip|=        1.7794324378
 Using LMCC treatment of supercell electrostatics
 DBG/LMCCINT, esns diagnostics redone
 LMCC chemical potential shift(Ry,eV)=        0.0000005026        0.0000068378
 LMCC esns total grid integral=        0.7013039200
  
 grid-integrated up-density total =       78.9162192043
 grid-integrated dn-density total =       77.9175195844
 grid-integrated valence-density total =      156.8337387887
  
 TOTAL single particle eigenvalue sum=      -146.0954617168
  
 rms,max scfchange=  1.1143D-04  1.1955D-02 for component#      2033
 ######################  ENERGY ANALYSIS  #######################
    Spherical-atom es ENERGY correction =      -444.3664407286
    Full spherical atom trace ENERGY =         -229.3890003611
    Spherical-atom-Vxc trace ENERGY =           266.1602138893
    non-spherical es ENERGY =                     0.7013341302
    Total Exc ENERGY =                         -146.2610511257

    total kinetic trace ENERGY =          403.4943818480
    non-local ps-pot trace ENERGY =        56.9217510577
    total electrostatic ENERGY =         -867.3100259759
    Total Vxc ENERGY =                   -189.7259618442

    TOTAL ENERGY (Rydberg) =                   -553.1549441959

 ################################################################

 After blending   +   16.88 =     869.8 seconds wall (    5.10 usr    0.81 sys)
  
 >>>>> self-consistency achieved, iteration   8


 Final GAP(eV)=  2.3174 (up),  0.3826 (dn)

 spin-up fermi level =   -0.387695 Ry,   gap(0K)= 0.170322 Ry = 2.317 eV
 spin-dn fermi level =   -0.443255 Ry,   gap(0K)= 0.028119 Ry = 0.383 eV

 k-vector:                  1
  weight:               1.000000
            level/UP/occup       level/DN/occup
  
    1    -2.000631  1.0000    -1.998386  1.0000
    2    -1.951782  1.0000    -1.950707  1.0000
    3    -1.932767  1.0000    -1.930781  1.0000
    4    -1.888000  1.0000    -1.879959  1.0000
             ...      ...         ...      ...
   60    -0.639040  1.0000    -0.638307  1.0000
   61    -0.629464  1.0000    -0.622561  1.0000
   62    -0.618394  1.0000    -0.617768  1.0000
   63    -0.615093  1.0000    -0.613503  1.0000
   64    -0.610564  1.0000    -0.608730  1.0000
   65    -0.608001  1.0000    -0.605254  1.0000
   66    -0.598502  1.0000    -0.594311  1.0000
   67    -0.577441  1.0000    -0.571152  1.0000
   68    -0.569781  1.0000    -0.565306  1.0000
   69    -0.561787  1.0000    -0.552982  1.0000
   70    -0.555741  1.0000    -0.547555  1.0000
   71    -0.540002  1.0000    -0.529810  0.9998
   72    -0.531670  1.0000    -0.522215  0.9996
   73    -0.525515  1.0000    -0.516236  0.9993
   74    -0.505391  1.0000    -0.499018  0.9962
   75    -0.493242  1.0000    -0.487543  0.9882
   76    -0.489519  1.0000    -0.471849  0.9458
   77    -0.482891  0.9999    -0.471005  0.9413
   78    -0.480661  0.9999    -0.461411  0.8600
   79    -0.478512  0.9999    -0.433292  0.2697
   80    -0.308190  0.0004    -0.295849  0.0000
   81    -0.091451  0.0000    -0.086647  0.0000
   82    -0.056185  0.0000    -0.055412  0.0000
   83    -0.025693  0.0000    -0.022022  0.0000
   84    -0.001351  0.0000    -0.000357  0.0000
   85     0.010338  0.0000     0.011462  0.0000
   86     0.034950  0.0000     0.037212  0.0000
   87     0.041680  0.0000     0.042361  0.0000
   88     0.053676  0.0000     0.054408  0.0000
             ...      ...         ...      ...
  200     1.081166  0.0000     1.082181  0.0000
  
 >>>>> grid delta-density saved to file

 FINAL CONVERGED ENERGY (Rydberg) =     -553.1549441959
 Binding energy =      -39.9195491959 Ry =           -543.1376 eV

 AFTER ITERATIONS +    0.08 =     869.9 seconds wall (    0.00 usr    0.02 sys)
 Atom  20   Z=  4.0   occ=  4.00   rho=  3.9980615216   core=  0.0000000000
     vxc(afs ):   -3.88218423  -3.65924620  -0.22293803
     exc(afs ):   -3.00491254  -2.81368243  -0.19123011
 Atom  40   Z=  6.0   occ=  6.00   rho=  5.9912277032   core=  0.0000000000
                               rho(xc)=  6.4912276263
     vxc(afs ):   -8.98460028  -8.71712388  -0.26747640
     exc(afs ):   -6.96392699  -6.73528461  -0.22864238

 atom xc0frc stress term=      121.5799295835
 mat0frc: stripe-parallel, KPSTORE= F
  
 total force contributions(Ry/bohr):
        atom       x force          y force          z force
          1     -0.0000468661     0.0000050186    -0.0000636115
          2      0.0000462235    -0.0000402353    -0.0000171321
          3     -0.0000199601     0.0000234766    -0.0001395981
          4     -0.0001187160     0.0000803143    -0.0000884292
          5      0.0001868080     0.0004336029     0.0000658030
          6     -0.0001403524    -0.0000461719     0.0000354967
          7      0.0001792073    -0.0001460735    -0.0000154214
          8      0.0000731279    -0.0002262441     0.0002864914
          9     -0.0003414920     0.0001194442    -0.0000280938
         10      0.0000833692    -0.0000063355    -0.0000974356
         11      0.0000408729     0.0000656360     0.0000160175
         12     -0.0000214287    -0.0000621637    -0.0000237433
         13     -0.0000321327     0.0000000000     0.0000413778
         14     -0.0001567600     0.0001565910    -0.0000039425
         15      0.0005171105    -0.0002132542    -0.0001355444
         16      0.0000855697     0.0000698449    -0.0000283102
         17      0.0019521397    -0.0001246331     0.0005086614
         18      0.0000014625     0.0000176517     0.0000224675
         19     -0.0000164087    -0.0000920499     0.0000605399
         20     -0.0000216516    -0.0000521998    -0.0000029186
         21      0.0000385407     0.0000632967    -0.0000664491
         22     -0.0000078686    -0.0000114133    -0.0000634045
         23     -0.0000660610    -0.0001171237    -0.0000520258
         24      0.0003454290    -0.0001921961    -0.0000245983
         25      0.0001736813    -0.0000222676     0.0000411153
         26      0.0002863894    -0.0003549357    -0.0004195377
         27     -0.0000403358     0.0000204902    -0.0002241089
         28      0.0001091900     0.0000239403     0.0001172376
         29      0.0001361506    -0.0001411739     0.0000881522
         30     -0.0000240249    -0.0000024805     0.0000181825
         31     -0.0000213888    -0.0000151116     0.0000304436
         32     -0.0000153018    -0.0000456238     0.0000033148
         33     -0.0000348070     0.0000268356     0.0000547369
         34      0.0000661222     0.0000146155     0.0000827221
         35     -0.0000071567    -0.0000310472     0.0000481508
         36     -0.0000175646    -0.0000184641     0.0000018897
         37      0.0000123228    -0.0000088745    -0.0000220131
         38      0.0000072752     0.0000193476     0.0000027275
         39      0.0000211788     0.0000230024    -0.0000379626
         40      0.0000159034     0.0000268182     0.0000030869
         41     -0.0000037049     0.0000547828     0.0000256597
         42      0.0000310396    -0.0000173876     0.0000187336
         43     -0.0000215201    -0.0000034582    -0.0000127175
         44      0.0000061673    -0.0000067540    -0.0000010166
         45     -0.0000499202     0.0000302669     0.0000043184
         46     -0.0000100333    -0.0000235730    -0.0000279746
         47      0.0000108640    -0.0000056939     0.0000046847
         48      0.0000092456     0.0000132363    -0.0000190682
         49      0.0000159273     0.0000013548     0.0000028158
         50     -0.0000076789    -0.0000038525    -0.0000049641
         51     -0.0000037223     0.0000141487    -0.0000112534
         52     -0.0000036588     0.0000000000    -0.0000035372
         53      0.0000093322    -0.0000299609    -0.0000106579
         54      0.0000135053     0.0000109835     0.0000227248
         55      0.0000131872     0.0000138360    -0.0000140250
      f-defect        0.0032368269    -0.0007322175    -0.0000519429

 AFTER FORCE RTNS +    0.75 =     870.7 seconds wall (    0.72 usr    0.02 sys)
  
 >>>>> GSELECT begins, nslics=           0
 <<<<< GSELECT ends
 rms,max force=  3.2853D-04  2.0212D-03 for component#       17
 dynamics update step #           5
ASD: min/max mass factors=   0.1575   1.5874
 >>>>> GUPDATE begins, nslics=           0
 GUPDATE: Largest relax: atom#, dr(au)=    17    0.001069
 <<<<< GUPDATE ends

 ###############################################################################
   NEW GEOMETRY for step   6, of   6 total
atom, type, position;  step#      6
 AT1          Pt               -0.3475410253    1.4047041728   -0.1865892692 
 AT2          O                 2.4217241505    3.7111154712   -1.0033048238 
 AT3          O                -3.2970021151   -0.9759601297    0.0669447661 
 AT4          O                 1.3869578188   -1.9023963136   -1.0118653825 
 AT5          P                -4.8628187483   -0.6726648569   -2.5732707758 
 AT6          P                 3.3177412215   -2.7029624430    1.2369428902 
 AT7          O                -2.8827198071   -1.7593920300   -4.7327791201 
 AT8          O                -5.6619590044    1.9856765368   -3.3134481928 
 AT9          O                 5.2828733391   -0.8137595215    1.9311333181 
 AT10         O                 4.7692090028   -5.1350132711    0.0196323132 
 AT11         H                -2.1322780850   -3.4169170737   -4.3569283998 
 AT12         H                 3.5629057624   -6.3314589710   -0.7157011306 
 AT13         C                 1.7158903367   -3.6405741916    4.1891965743 
 AT14         C                -7.5450634463   -2.9367338672   -2.3402186848 
 AT15         C                -9.2891898994   -2.2597858450   -0.1222993350 
 AT16         C                -9.0112598010   -2.9338531012   -4.8515274570 
 AT17         C                -6.5349920212   -5.6245188924   -1.9279642906 
 AT18         C                -0.4383416117   -5.5436605260    3.8253498573 
 AT19         C                 0.6823686443   -1.2056030088    5.4002062130 
 AT20         C                 3.7051716266   -4.7548023939    6.0006651251 
 AT21         H                -9.9943898645   -0.3059614505   -0.2288682162 
 AT22         H                -8.2833305887   -2.5431900140    1.6674977885 
 AT23         H               -10.9551300445   -3.5134019907   -0.1911738924 
 AT24         H                -9.9526472028   -1.1509071641   -5.3317878721 
 AT25         H               -10.4928497525   -4.4071984830   -4.8167720884 
 AT26         H                -7.7405751056   -3.4537069520   -6.3992157469 
 AT27         H                -5.3824394846   -5.8085434885   -0.2195668171 
 AT28         H                -5.4284739689   -6.3254543324   -3.5308360676 
 AT29         H                -8.1766676978   -6.8714445578   -1.6782059807 
 AT30         H                -1.9927611086   -4.8705074034    2.6185730209 
 AT31         H                -1.1982821193   -5.9139919798    5.7296832568 
 AT32         H                 0.2512095388   -7.3390580197    3.0531168604 
 AT33         H                -0.7141564844   -0.2588848743    4.1821323447 
 AT34         H                 2.1582493734    0.1837160333    5.8146262966 
 AT35         H                -0.2542518314   -1.6639147951    7.2013360472 
 AT36         H                 4.4168594573   -6.6127716074    5.3931801110 
 AT37         H                 2.6911376361   -4.9774397026    7.7961395652 
 AT38         H                 5.3302944070   -3.4987793848    6.2949052102 
 AT39         P                 1.3908370917    6.4152962494   -0.0153230212 
 AT40         O                -1.7976496844    5.5880012691    0.5439109294 
 AT41         O                 2.4130015489    7.1008446259    2.4894035269 
 AT42         C                 1.8115926560    8.9703316636   -2.3773636357 
 AT43         C                 0.8244878468    8.4060947221   -5.0298174809 
 AT44         C                 0.4479228212   11.3058146056   -1.3007599036 
 AT45         C                 4.6903662129    9.4454290709   -2.4666655908 
 AT46         H                -2.6975447041    5.4358471374   -1.1069700237 
 AT47         H                 1.6745432247    6.7253832029   -5.8694052660 
 AT48         H                 1.1981029963   10.0337730979   -6.2779269744 
 AT49         H                -1.2254150148    8.1622451235   -4.9884761462 
 AT50         H                -1.6017231157   11.0110097833   -1.1634653415 
 AT51         H                 0.7329174085   12.8949913730   -2.6010577057 
 AT52         H                 1.1552467599   11.8815206931    0.5686609193 
 AT53         H                 5.7851764675    7.7773863440   -3.0531365930 
 AT54         H                 5.4114927411   10.0929265092   -0.6480851359 
 AT55         H                 4.9651825887   10.9489783608   -3.8878889115 
 ###############################################################################

 After geometry   +    0.11 =     870.8 seconds wall (    0.00 usr    0.00 sys)
  
 LATVEC: nlat1c,nlat2c,nlat =           1           1           1

  Atom
  Type  Shell  Min-alf     range
    1        0.129289   8.279963
    2        0.102474   9.300415
    3        0.143749   7.852478
    4        0.078997  10.592631
    5        0.095999   9.608947
    6        0.073120  11.010095
 Turnover EF->DM npopdm, npop0k=         105          79
 DEV264h/wkmem: perlsolv dist-mem
 DEV/wkmem: KPSTORE= F
 DEV/wkmem: psolv version, input do_psolv= F

 Need       26500-length r*4 array to pack grid wfcns/box
 Need      452875-length r*4 array to pack all grid wfcns
 Need       26500-length r*4 array for grid wfcns scratch
 WKMEM: using stripe-parallel+Merge  setup
 Minimum maxwkd for scf to complete=    29384385
 All grid wfcns stored in    226438 of 194809119 available
 WKMEM: in-core Broyden! uses    462690 out of 194582681 available
 >>>>> geom/basis data saved to file
  
 Atom type   1  radial valence charge =    5.999995363882
 Atom type   1      xc valence charge =    6.499995360087
  
 Atom type   2  radial valence charge =    0.999999985299
  
 Atom type   3  radial valence charge =    3.999996877569
  
 Atom type   4  radial valence charge =    9.999999976019
  
 Atom type   5  radial valence charge =    4.999999641069
  
 Atom type   6  radial valence charge =    3.999999473876
 mat0set: stripe-parallel, KPSTORE= F

   sij compute    +    0.08 =     870.9 seconds wall (    0.01 usr    0.00 sys)

   sij/nlat-bcast +    0.02 =     870.9 seconds wall (    0.02 usr    0.00 sys)

   vlocmat compute+    0.24 =     871.1 seconds wall (    0.24 usr    0.00 sys)

   vlocmii compute+    0.02 =     871.1 seconds wall (    0.02 usr    0.00 sys)

   nlocmat compute+    0.13 =     871.3 seconds wall (    0.13 usr    0.00 sys)
 NLOCMAT: Max neqilat=           1

 After mat0set    +    0.03 =     871.3 seconds wall (    0.03 usr    0.00 sys)
 Atom   2   Z=  6.0   occ=  6.00   rho=  5.9908500225   core=  0.0000000000
                               rho(xc)=  6.4908499378
     vxc(afsw):   -8.98269845  -8.71521870  -0.26747976  -0.00022979
     exc(afsw):   -6.96353074  -6.73488492  -0.22864582  -0.00018487
 Atom   3   Z=  6.0   occ=  6.00   rho=  5.9886968469   core=  0.0000000000
                               rho(xc)=  6.4886967615
     vxc(afsw):   -8.96831249  -8.70081597  -0.26749652  -0.00028391
     exc(afsw):   -6.96082940  -6.73216393  -0.22866547  -0.00022843
 Atom   4   Z=  6.0   occ=  6.00   rho=  5.9888294644   core=  0.0000000000
                               rho(xc)=  6.4888293776
     vxc(afsw):   -8.97006276  -8.70256756  -0.26749520  -0.00028058
     exc(afsw):   -6.96101825  -6.73235392  -0.22866433  -0.00022574
 Atom   7   Z=  6.0   occ=  6.00   rho=  5.9934893598   core=  0.0000000000
                               rho(xc)=  6.4934892819
     vxc(afsw):   -8.99494342  -8.72749228  -0.26745114  -0.00016346
     exc(afsw):   -6.96597960  -6.73735774  -0.22862186  -0.00013149
 Atom   8   Z=  6.0   occ=  6.00   rho=  5.9914546150   core=  0.0000000000
                               rho(xc)=  6.4914545533
     vxc(afsw):   -8.98679445  -8.71932455  -0.26746989  -0.00021458
     exc(afsw):   -6.96399758  -6.73535674  -0.22864083  -0.00017263
 Atom   9   Z=  6.0   occ=  6.00   rho=  5.9976709134   core=  0.0000000000
                               rho(xc)=  6.4976708432
     vxc(afsw):   -9.01616249  -8.74875534  -0.26740715  -0.00005845
     exc(afsw):   -6.96952063  -6.74093822  -0.22858241  -0.00004701
 Atom  10   Z=  6.0   occ=  6.00   rho=  5.9891075979   core=  0.0000000000
                               rho(xc)=  6.4891075194
     vxc(afsw):   -8.97297208  -8.70547939  -0.26749269  -0.00027358
     exc(afsw):   -6.96139654  -6.73273465  -0.22866189  -0.00022011
 Atom  11   Z=  1.0   occ=  1.00   rho=  0.9975690429   core=  0.0000000000
     vxc(afsw):   -0.79507304  -0.76971414  -0.02535890  -0.00003414
     exc(afsw):   -0.62684914  -0.60464575  -0.02220340  -0.00002880
 Atom  12   Z=  1.0   occ=  1.00   rho=  0.9960142320   core=  0.0000000000
     vxc(afsw):   -0.78978412  -0.76442656  -0.02535756  -0.00005586
     exc(afsw):   -0.62428241  -0.60207788  -0.02220453  -0.00004710
 Atom  14   Z=  4.0   occ=  4.00   rho=  3.9981062619   core=  0.0000000000
     vxc(afsw):   -3.87982084  -3.65688717  -0.22293367  -0.00004317
     exc(afsw):   -3.00506839  -2.81383825  -0.19123014  -0.00003326
 Atom  17   Z=  4.0   occ=  4.00   rho=  3.9970224569   core=  0.0000000000
     vxc(afsw):   -3.87965353  -3.65670454  -0.22294899  -0.00006795
     exc(afsw):   -3.00356629  -2.81233234  -0.19123395  -0.00005233
 Atom  18   Z=  4.0   occ=  4.00   rho=  3.9978952136   core=  0.0000000000
     vxc(afsw):   -3.88234076  -3.65940092  -0.22293983  -0.00004800
     exc(afsw):   -3.00473240  -2.81350168  -0.19123072  -0.00003697
 Atom  19   Z=  4.0   occ=  4.00   rho=  4.0030523634   core=  0.0000000000
     vxc(afsw):   -3.90685176  -3.68393318  -0.22291858   0.00006931
     exc(afsw):   -3.00795980  -2.81675098  -0.19120882   0.00005330
 Atom  20   Z=  4.0   occ=  4.00   rho=  3.9980621549   core=  0.0000000000
     vxc(afsw):   -3.88218422  -3.65924619  -0.22293803  -0.00004419
     exc(afsw):   -3.00491318  -2.81368308  -0.19123010  -0.00003404
 Atom  21   Z=  1.0   occ=  1.00   rho=  0.9969023946   core=  0.0000000000
     vxc(afsw):   -0.79270941  -0.76735092  -0.02535849  -0.00004347
     exc(afsw):   -0.62575242  -0.60354849  -0.02220393  -0.00003666
 Atom  22   Z=  1.0   occ=  1.00   rho=  0.9965474575   core=  0.0000000000
     vxc(afsw):   -0.79149968  -0.76614151  -0.02535818  -0.00004844
     exc(afsw):   -0.62516627  -0.60296208  -0.02220418  -0.00004085
 Atom  23   Z=  1.0   occ=  1.00   rho=  0.9963032690   core=  0.0000000000
     vxc(afsw):   -0.79071015  -0.76535224  -0.02535791  -0.00005184
     exc(afsw):   -0.62476170  -0.60255735  -0.02220434  -0.00004372
 Atom  24   Z=  1.0   occ=  1.00   rho=  0.9974157148   core=  0.0000000000
     vxc(afsw):   -0.79441248  -0.76905352  -0.02535896  -0.00003629
     exc(afsw):   -0.62660087  -0.60439731  -0.02220357  -0.00003060
 Atom  25   Z=  1.0   occ=  1.00   rho=  0.9972470081   core=  0.0000000000
     vxc(afsw):   -0.79391970  -0.76856100  -0.02535870  -0.00003866
     exc(afsw):   -0.62631938  -0.60411573  -0.02220366  -0.00003261
 Atom  26   Z=  1.0   occ=  1.00   rho=  0.9966148631   core=  0.0000000000
     vxc(afsw):   -0.79173953  -0.76638130  -0.02535823  -0.00004749
     exc(afsw):   -0.62527734  -0.60307321  -0.02220413  -0.00004005
 Atom  27   Z=  1.0   occ=  1.00   rho=  0.9960560311   core=  0.0000000000
     vxc(afsw):   -0.78991475  -0.76455713  -0.02535762  -0.00005528
     exc(afsw):   -0.62435182  -0.60214731  -0.02220450  -0.00004661
 Atom  28   Z=  1.0   occ=  1.00   rho=  0.9959499664   core=  0.0000000000
     vxc(afsw):   -0.78958666  -0.76422919  -0.02535748  -0.00005675
     exc(afsw):   -0.62417558  -0.60197101  -0.02220457  -0.00004785
 Atom  29   Z=  1.0   occ=  1.00   rho=  0.9964939752   core=  0.0000000000
     vxc(afsw):   -0.79133193  -0.76597382  -0.02535811  -0.00004919
     exc(afsw):   -0.62507750  -0.60287328  -0.02220422  -0.00004148
 Atom  30   Z=  1.0   occ=  1.00   rho=  0.9973378715   core=  0.0000000000
     vxc(afsw):   -0.79419189  -0.76883307  -0.02535882  -0.00003739
     exc(afsw):   -0.62647062  -0.60426702  -0.02220360  -0.00003153
 Atom  31   Z=  1.0   occ=  1.00   rho=  0.9974592142   core=  0.0000000000
     vxc(afsw):   -0.79455276  -0.76919376  -0.02535900  -0.00003568
     exc(afsw):   -0.62667279  -0.60446926  -0.02220354  -0.00003009
 Atom  32   Z=  1.0   occ=  1.00   rho=  0.9962928055   core=  0.0000000000
     vxc(afsw):   -0.79064826  -0.76529033  -0.02535793  -0.00005198
     exc(afsw):   -0.62474519  -0.60254082  -0.02220436  -0.00004383
 Atom  33   Z=  1.0   occ=  1.00   rho=  0.9978611329   core=  0.0000000000
     vxc(afsw):   -0.79559072  -0.77023099  -0.02535973  -0.00003003
     exc(afsw):   -0.62734720  -0.60514383  -0.02220337  -0.00002532
 Atom  34   Z=  1.0   occ=  1.00   rho=  0.9964586881   core=  0.0000000000
     vxc(afsw):   -0.79124622  -0.76588818  -0.02535803  -0.00004969
     exc(afsw):   -0.62501810  -0.60281387  -0.02220423  -0.00004191
 Atom  35   Z=  1.0   occ=  1.00   rho=  0.9962536980   core=  0.0000000000
     vxc(afsw):   -0.79054214  -0.76518428  -0.02535786  -0.00005254
     exc(afsw):   -0.62467976  -0.60247538  -0.02220438  -0.00004430
 Atom  36   Z=  1.0   occ=  1.00   rho=  0.9978359215   core=  0.0000000000
     vxc(afsw):   -0.79557831  -0.77021868  -0.02535963  -0.00003038
     exc(afsw):   -0.62730316  -0.60509980  -0.02220336  -0.00002562
 Atom  37   Z=  1.0   occ=  1.00   rho=  0.9975928107   core=  0.0000000000
     vxc(afsw):   -0.79518761  -0.76982879  -0.02535882  -0.00003382
     exc(afsw):   -0.62688619  -0.60468283  -0.02220336  -0.00002852
 Atom  38   Z=  1.0   occ=  1.00   rho=  0.9962565257   core=  0.0000000000
     vxc(afsw):   -0.79055844  -0.76520059  -0.02535785  -0.00005250
     exc(afsw):   -0.62468424  -0.60247986  -0.02220438  -0.00004427
 Atom  40   Z=  6.0   occ=  6.00   rho=  5.9912279413   core=  0.0000000000
                               rho(xc)=  6.4912278644
     vxc(afsw):   -8.98460245  -8.71712605  -0.26747640  -0.00022029
     exc(afsw):   -6.96392716  -6.73528478  -0.22864237  -0.00017722
 Atom  41   Z=  6.0   occ=  6.00   rho=  5.9962804931   core=  0.0000000000
                               rho(xc)=  6.4962804445
     vxc(afsw):   -9.00756427  -8.74014929  -0.26741498  -0.00009335
     exc(afsw):   -6.96821498  -6.73961886  -0.22859612  -0.00007509
 Atom  42   Z=  4.0   occ=  4.00   rho=  3.9975581380   core=  0.0000000000
     vxc(afsw):   -3.88249740  -3.65955368  -0.22294372  -0.00005570
     exc(afsw):   -3.00433631  -2.81310435  -0.19123196  -0.00004290
 Atom  44   Z=  4.0   occ=  4.00   rho=  3.9979662454   core=  0.0000000000
     vxc(afsw):   -3.88142399  -3.65848645  -0.22293754  -0.00004638
     exc(afsw):   -3.00485203  -2.81362150  -0.19123054  -0.00003572
 Atom  45   Z=  4.0   occ=  4.00   rho=  3.9983478583   core=  0.0000000000
     vxc(afsw):   -3.88027946  -3.65734736  -0.22293210  -0.00003766
     exc(afsw):   -3.00527468  -2.81404550  -0.19122918  -0.00002901
 Atom  46   Z=  1.0   occ=  1.00   rho=  0.9976146345   core=  0.0000000000
     vxc(afsw):   -0.79522762  -0.76986873  -0.02535890  -0.00003351
     exc(afsw):   -0.62692359  -0.60472023  -0.02220336  -0.00002826
 Atom  47   Z=  1.0   occ=  1.00   rho=  0.9963657789   core=  0.0000000000
     vxc(afsw):   -0.79090036  -0.76554237  -0.02535799  -0.00005097
     exc(afsw):   -0.62486563  -0.60266133  -0.02220431  -0.00004298
 Atom  48   Z=  1.0   occ=  1.00   rho=  0.9962817877   core=  0.0000000000
     vxc(afsw):   -0.79065290  -0.76529504  -0.02535787  -0.00005216
     exc(afsw):   -0.62472570  -0.60252134  -0.02220435  -0.00004398
 Atom  49   Z=  1.0   occ=  1.00   rho=  0.9966465382   core=  0.0000000000
     vxc(afsw):   -0.79187571  -0.76651750  -0.02535821  -0.00004707
     exc(afsw):   -0.62532856  -0.60312447  -0.02220410  -0.00003970
 Atom  50   Z=  1.0   occ=  1.00   rho=  0.9959431332   core=  0.0000000000
     vxc(afsw):   -0.78956445  -0.76420698  -0.02535747  -0.00005684
     exc(afsw):   -0.62416426  -0.60195969  -0.02220457  -0.00004793
 Atom  51   Z=  1.0   occ=  1.00   rho=  0.9959295989   core=  0.0000000000
     vxc(afsw):   -0.78952511  -0.76416766  -0.02535745  -0.00005704
     exc(afsw):   -0.62414170  -0.60193712  -0.02220458  -0.00004810
 Atom  52   Z=  1.0   occ=  1.00   rho=  0.9977170593   core=  0.0000000000
     vxc(afsw):   -0.79549054  -0.77013141  -0.02535913  -0.00003206
     exc(afsw):   -0.62709635  -0.60489302  -0.02220332  -0.00002704
 Atom  53   Z=  1.0   occ=  1.00   rho=  0.9964618834   core=  0.0000000000
     vxc(afsw):   -0.79121808  -0.76585999  -0.02535809  -0.00004963
     exc(afsw):   -0.62502468  -0.60282044  -0.02220424  -0.00004185
 Atom  54   Z=  1.0   occ=  1.00   rho=  0.9961310989   core=  0.0000000000
     vxc(afsw):   -0.79015337  -0.76479566  -0.02535771  -0.00005424
     exc(afsw):   -0.62447636  -0.60227190  -0.02220446  -0.00004574
 Atom  55   Z=  1.0   occ=  1.00   rho=  0.9972492057   core=  0.0000000000
     vxc(afsw):   -0.79396012  -0.76860147  -0.02535865  -0.00003863
     exc(afsw):   -0.62632186  -0.60411822  -0.02220364  -0.00003258
 ***** CAUTION: grid fineness questionable

 grid0xc compute+    0.48 =     871.8 seconds wall (    0.48 usr    0.00 sys)

 grid0xc Merge  +    0.03 =     871.8 seconds wall (    0.00 usr    0.03 sys)

 grid0xc Bcast  +    0.13 =     872.0 seconds wall (    0.13 usr    0.00 sys)


 AFTER SETUP PHASE+    6.07 =     878.0 seconds wall (    0.18 usr    0.34 sys)

  
 *************************  iteration   0 begins here  *************************


 Before iterations+    0.05 =     878.1 seconds wall (    0.05 usr    0.00 sys)
  
 grid-integrated up-density total =       78.4330557582
 grid-integrated dn-density total =       78.4330557582
 grid-integrated valence-density total =      156.8661115163
 Harris Fcnal XC piece=       42.6978058608
  
  

 After 0 iteration+    0.55 =     878.6 seconds wall (    0.50 usr    0.04 sys)
 *************************  iteration   1 begins here  *************************


 erlsolv/begin  +    1.16 =     879.8 seconds wall (    1.12 usr    0.00 sys)
 PERLSOLV: kpp-copmatible version

 erlsolv/schroed+    0.09 =     879.9 seconds wall (    0.06 usr    0.00 sys)

 erlsolv/pop    +    0.00 =     879.9 seconds wall (    0.00 usr    0.00 sys)

 erlsolv/dmat compute+    0.00 =     879.9 seconds wall (    0.00 usr    0.00 sys)

 erlsolv/dmat compute+    0.01 =     879.9 seconds wall (    0.00 usr    0.00 sys)

 erlsolv/rhoij  +    0.01 =     879.9 seconds wall (    0.00 usr    0.01 sys)

 spin-up fermi level =   -0.350725 Ry,   gap(0K)= 0.198580 Ry = 2.702 eV
 spin-dn fermi level =   -0.451941 Ry,   gap(0K)= 0.004053 Ry = 0.055 eV

 k-vector:                  1
  weight:               1.000000
            level/UP/occup       level/DN/occup
  
    1    -1.943956  1.0000    -1.943956  1.0000
    2    -1.933044  1.0000    -1.933044  1.0000
    3    -1.920665  1.0000    -1.920665  1.0000
    4    -1.845033  1.0000    -1.845033  1.0000
             ...      ...         ...      ...
   60    -0.699012  1.0000    -0.699012  1.0000
   61    -0.696616  1.0000    -0.696616  1.0000
   62    -0.681413  1.0000    -0.681413  1.0000
   63    -0.678387  1.0000    -0.678387  1.0000
   64    -0.659960  1.0000    -0.659960  1.0000
   65    -0.643855  1.0000    -0.643855  1.0000
   66    -0.632289  1.0000    -0.632289  1.0000
   67    -0.625743  1.0000    -0.625743  1.0000
   68    -0.619793  1.0000    -0.619793  1.0000
   69    -0.611831  1.0000    -0.611831  1.0000
   70    -0.602839  1.0000    -0.602839  1.0000
   71    -0.594967  1.0000    -0.594967  1.0000
   72    -0.584836  1.0000    -0.584836  1.0000
   73    -0.577624  1.0000    -0.577624  1.0000
   74    -0.575531  1.0000    -0.575531  1.0000
   75    -0.556098  1.0000    -0.556098  1.0000
   76    -0.513582  1.0000    -0.513582  0.9979
   77    -0.510495  1.0000    -0.510495  0.9971
   78    -0.454068  1.0000    -0.454068  0.5530
   79    -0.450015  1.0000    -0.450015  0.4520
   80    -0.251435  0.0000    -0.251435  0.0000
   81    -0.058400  0.0000    -0.058400  0.0000
   82    -0.014638  0.0000    -0.014638  0.0000
   83    -0.003515  0.0000    -0.003515  0.0000
   84     0.019153  0.0000     0.019153  0.0000
   85     0.026258  0.0000     0.026258  0.0000
   86     0.037015  0.0000     0.037015  0.0000
   87     0.049007  0.0000     0.049007  0.0000
             ...      ...         ...      ...
  200     1.044823  0.0000     1.044823  0.0000
  
 delta movement in up-elecs =        9.7677094758
 delta movement in dn-elecs =        9.6544604828
 delta movement in electrons =       19.1921106151

 one-center local charge defect =         0.07769439

 one-center local charge defect =         0.07649498

 LMCC local dipole, |dip|=        4.5713429581
 Using LMCC treatment of supercell electrostatics
 DBG/LMCCINT, esns diagnostics redone
 LMCC chemical potential shift(Ry,eV)=       -0.0000027210       -0.0000370214
 LMCC esns total grid integral=        2.2449898304
  
 grid-integrated up-density total =       78.9146098067
 grid-integrated dn-density total =       77.9158096911
 grid-integrated valence-density total =      156.8304194979
  
 TOTAL single particle eigenvalue sum=      -152.5993214069
  
 rms,max scfchange=  1.1517D-02  6.8042D-01 for component#    310898
 electronic meth_bl(BROYDEN)=           1
>>>>> Broyden: first step (elec) simple blend ratio= 0.300000
<<<<< Broyden step complete, scf step=     1

 After blending   +   13.70 =     893.6 seconds wall (    5.09 usr    0.82 sys)
  
 *************************  iteration   2 begins here  *************************


 erlsolv/begin  +    0.00 =     893.6 seconds wall (    0.00 usr    0.00 sys)
 PERLSOLV: kpp-copmatible version

 erlsolv/schroed+    0.09 =     893.7 seconds wall (    0.06 usr    0.01 sys)

 erlsolv/pop    +    0.00 =     893.7 seconds wall (    0.00 usr    0.00 sys)

 erlsolv/dmat compute+    0.00 =     893.7 seconds wall (    0.00 usr    0.00 sys)

 erlsolv/dmat compute+    0.01 =     893.7 seconds wall (    0.00 usr    0.00 sys)

 erlsolv/rhoij  +    0.01 =     893.7 seconds wall (    0.00 usr    0.01 sys)

 spin-up fermi level =   -0.400249 Ry,   gap(0K)= 0.126002 Ry = 1.714 eV
 spin-dn fermi level =   -0.467926 Ry,   gap(0K)= 0.016184 Ry = 0.220 eV
  
 delta movement in up-elecs =        8.0238284734
 delta movement in dn-elecs =        8.1479835700
 delta movement in electrons =       15.9568369444

 one-center local charge defect =         0.07626975

 one-center local charge defect =         0.07459115

 LMCC local dipole, |dip|=        3.2302440633
 Using LMCC treatment of supercell electrostatics
 DBG/LMCCINT, esns diagnostics redone
 LMCC chemical potential shift(Ry,eV)=       -0.0000108720       -0.0001479220
 LMCC esns total grid integral=        1.1523287553
  
 grid-integrated up-density total =       78.9162001613
 grid-integrated dn-density total =       77.9178840302
 grid-integrated valence-density total =      156.8340841915
  
 TOTAL single particle eigenvalue sum=      -148.3608595440
  
 rms,max scfchange=  8.3271D-03  7.7316D-01 for component#     53849
 electronic meth_bl(BROYDEN)=           1
>>>>> Broyden blend to get next step - elec
<<<<< Broyden step complete, scf step=     2

 After blending   +   13.46 =     907.1 seconds wall (    4.96 usr    0.82 sys)
  
 *************************  iteration   3 begins here  *************************


 erlsolv/begin  +    0.02 =     907.1 seconds wall (    0.01 usr    0.00 sys)
 PERLSOLV: kpp-copmatible version

 erlsolv/schroed+    0.08 =     907.2 seconds wall (    0.06 usr    0.01 sys)

 erlsolv/pop    +    0.00 =     907.2 seconds wall (    0.00 usr    0.00 sys)

 erlsolv/dmat compute+    0.01 =     907.2 seconds wall (    0.00 usr    0.00 sys)

 erlsolv/dmat compute+    0.00 =     907.2 seconds wall (    0.00 usr    0.00 sys)

 erlsolv/rhoij  +    0.02 =     907.2 seconds wall (    0.00 usr    0.00 sys)

 spin-up fermi level =   -0.354600 Ry,   gap(0K)= 0.163935 Ry = 2.230 eV
 spin-dn fermi level =   -0.433144 Ry,   gap(0K)= 0.018712 Ry = 0.255 eV
  
 delta movement in up-elecs =        7.9267327263
 delta movement in dn-elecs =        7.7372244216
 delta movement in electrons =       15.4110972130

 one-center local charge defect =         0.07645380

 one-center local charge defect =         0.07516361

 LMCC local dipole, |dip|=        3.2005934462
 Using LMCC treatment of supercell electrostatics
 DBG/LMCCINT, esns diagnostics redone
 LMCC chemical potential shift(Ry,eV)=        0.0000041185        0.0000560356
 LMCC esns total grid integral=        0.9603537410
  
 grid-integrated up-density total =       78.9160653086
 grid-integrated dn-density total =       77.9173565097
 grid-integrated valence-density total =      156.8334218184
  
 TOTAL single particle eigenvalue sum=      -146.4532277795
  
 rms,max scfchange=  4.7721D-03  4.8021D-01 for component#     53849
 electronic meth_bl(BROYDEN)=           1
>>>>> Broyden blend to get next step - elec
<<<<< Broyden step complete, scf step=     3

 After blending   +   13.95 =     921.2 seconds wall (    5.06 usr    0.80 sys)
  
 *************************  iteration   4 begins here  *************************


 erlsolv/begin  +    0.00 =     921.2 seconds wall (    0.00 usr    0.00 sys)
 PERLSOLV: kpp-copmatible version

 erlsolv/schroed+    0.09 =     921.3 seconds wall (    0.07 usr    0.00 sys)

 erlsolv/pop    +    0.00 =     921.3 seconds wall (    0.00 usr    0.00 sys)

 erlsolv/dmat compute+    0.00 =     921.3 seconds wall (    0.00 usr    0.00 sys)

 erlsolv/dmat compute+    0.01 =     921.3 seconds wall (    0.00 usr    0.00 sys)

 erlsolv/rhoij  +    0.01 =     921.3 seconds wall (    0.00 usr    0.01 sys)

 spin-up fermi level =   -0.370743 Ry,   gap(0K)= 0.169887 Ry = 2.311 eV
 spin-dn fermi level =   -0.442219 Ry,   gap(0K)= 0.023862 Ry = 0.325 eV
  
 delta movement in up-elecs =        7.6876956653
 delta movement in dn-elecs =        7.4670283293
 delta movement in electrons =       14.9067347927

 one-center local charge defect =         0.07644823

 one-center local charge defect =         0.07520444

 LMCC local dipole, |dip|=        2.8472668700
 Using LMCC treatment of supercell electrostatics
 DBG/LMCCINT, esns diagnostics redone
 LMCC chemical potential shift(Ry,eV)=        0.0000032344        0.0000440063
 LMCC esns total grid integral=        0.7969048788
  
 grid-integrated up-density total =       78.9161237190
 grid-integrated dn-density total =       77.9173687380
 grid-integrated valence-density total =      156.8334924570
  
 TOTAL single particle eigenvalue sum=      -145.8858266359
  
 rms,max scfchange=  2.9491D-03  2.7646D-01 for component#     53849
 electronic meth_bl(BROYDEN)=           1
>>>>> Broyden blend to get next step - elec
<<<<< Broyden step complete, scf step=     4

 After blending   +   18.84 =     940.1 seconds wall (    5.03 usr    0.81 sys)
  
 *************************  iteration   5 begins here  *************************


 erlsolv/begin  +    0.17 =     940.3 seconds wall (    0.00 usr    0.00 sys)
 PERLSOLV: kpp-copmatible version

 erlsolv/schroed+    0.08 =     940.4 seconds wall (    0.06 usr    0.01 sys)

 erlsolv/pop    +    0.00 =     940.4 seconds wall (    0.00 usr    0.00 sys)

 erlsolv/dmat compute+    0.00 =     940.4 seconds wall (    0.00 usr    0.00 sys)

 erlsolv/dmat compute+    0.01 =     940.4 seconds wall (    0.00 usr    0.00 sys)

 erlsolv/rhoij  +    0.01 =     940.4 seconds wall (    0.01 usr    0.00 sys)

 spin-up fermi level =   -0.385491 Ry,   gap(0K)= 0.171514 Ry = 2.334 eV
 spin-dn fermi level =   -0.448656 Ry,   gap(0K)= 0.027501 Ry = 0.374 eV
  
 delta movement in up-elecs =        7.6345860627
 delta movement in dn-elecs =        7.3445072680
 delta movement in electrons =       14.7522821361

 one-center local charge defect =         0.07641194

 one-center local charge defect =         0.07508064

 LMCC local dipole, |dip|=        2.0231653625
 Using LMCC treatment of supercell electrostatics
 DBG/LMCCINT, esns diagnostics redone
 LMCC chemical potential shift(Ry,eV)=        0.0000013404        0.0000182374
 LMCC esns total grid integral=        0.7210174178
  
 grid-integrated up-density total =       78.9161745591
 grid-integrated dn-density total =       77.9175064960
 grid-integrated valence-density total =      156.8336810552
  
 TOTAL single particle eigenvalue sum=      -146.0883303144
  
 rms,max scfchange=  8.7737D-04  7.7474D-02 for component#     53849
 electronic meth_bl(BROYDEN)=           1
>>>>> Broyden blend to get next step - elec
<<<<< Broyden step complete, scf step=     5

 After blending   +   11.66 =     952.1 seconds wall (    5.06 usr    0.82 sys)
  
 *************************  iteration   6 begins here  *************************


 erlsolv/begin  +    0.00 =     952.1 seconds wall (    0.00 usr    0.00 sys)
 PERLSOLV: kpp-copmatible version

 erlsolv/schroed+    0.08 =     952.1 seconds wall (    0.06 usr    0.01 sys)

 erlsolv/pop    +    0.00 =     952.1 seconds wall (    0.00 usr    0.00 sys)

 erlsolv/dmat compute+    0.00 =     952.1 seconds wall (    0.00 usr    0.00 sys)

 erlsolv/dmat compute+    0.01 =     952.1 seconds wall (    0.00 usr    0.00 sys)

 erlsolv/rhoij  +    0.01 =     952.1 seconds wall (    0.00 usr    0.01 sys)

 spin-up fermi level =   -0.387011 Ry,   gap(0K)= 0.167188 Ry = 2.275 eV
 spin-dn fermi level =   -0.445222 Ry,   gap(0K)= 0.019628 Ry = 0.267 eV
  
 delta movement in up-elecs =        7.6186280559
 delta movement in dn-elecs =        7.3173731883
 delta movement in electrons =       14.6978586115

 one-center local charge defect =         0.07642295

 one-center local charge defect =         0.07504427

 LMCC local dipole, |dip|=        1.5843821628
 Using LMCC treatment of supercell electrostatics
 DBG/LMCCINT, esns diagnostics redone
 LMCC chemical potential shift(Ry,eV)=       -0.0000007111       -0.0000096746
 LMCC esns total grid integral=        0.6970698203
  
 grid-integrated up-density total =       78.9161742539
 grid-integrated dn-density total =       77.9175543898
 grid-integrated valence-density total =      156.8337286437
  
 TOTAL single particle eigenvalue sum=      -146.1453723109
  
 rms,max scfchange=  8.7195D-04  9.1302D-02 for component#     55373
 electronic meth_bl(BROYDEN)=           1
>>>>> Broyden blend to get next step - elec
<<<<< Broyden step complete, scf step=     6

 After blending   +   20.77 =     972.9 seconds wall (    5.15 usr    0.82 sys)
  
 *************************  iteration   7 begins here  *************************


 erlsolv/begin  +    0.01 =     972.9 seconds wall (    0.00 usr    0.00 sys)
 PERLSOLV: kpp-copmatible version

 erlsolv/schroed+    0.09 =     973.0 seconds wall (    0.06 usr    0.01 sys)

 erlsolv/pop    +    0.00 =     973.0 seconds wall (    0.00 usr    0.00 sys)

 erlsolv/dmat compute+    0.00 =     973.0 seconds wall (    0.00 usr    0.00 sys)

 erlsolv/dmat compute+    0.01 =     973.0 seconds wall (    0.00 usr    0.00 sys)

 erlsolv/rhoij  +    0.01 =     973.0 seconds wall (    0.00 usr    0.01 sys)

 spin-up fermi level =   -0.386808 Ry,   gap(0K)= 0.173630 Ry = 2.362 eV
 spin-dn fermi level =   -0.445056 Ry,   gap(0K)= 0.029663 Ry = 0.404 eV
  
 delta movement in up-elecs =        7.6175744780
 delta movement in dn-elecs =        7.3372666160
 delta movement in electrons =       14.7120416595

 one-center local charge defect =         0.07640607

 one-center local charge defect =         0.07510869

 LMCC local dipole, |dip|=        1.9533447604
 Using LMCC treatment of supercell electrostatics
 DBG/LMCCINT, esns diagnostics redone
 LMCC chemical potential shift(Ry,eV)=        0.0000010798        0.0000146911
 LMCC esns total grid integral=        0.7085304812
  
 grid-integrated up-density total =       78.9161938722
 grid-integrated dn-density total =       77.9174918349
 grid-integrated valence-density total =      156.8336857071
  
 TOTAL single particle eigenvalue sum=      -146.0848515519
  
 rms,max scfchange=  5.1717D-04  5.0429D-02 for component#     53849
 electronic meth_bl(BROYDEN)=           1
>>>>> Broyden blend to get next step - elec
<<<<< Broyden step complete, scf step=     7

 After blending   +   18.60 =     991.6 seconds wall (    5.16 usr    0.81 sys)
  
 *************************  iteration   8 begins here  *************************


 erlsolv/begin  +    0.01 =     991.6 seconds wall (    0.00 usr    0.00 sys)
 PERLSOLV: kpp-copmatible version

 erlsolv/schroed+    0.08 =     991.7 seconds wall (    0.07 usr    0.00 sys)

 erlsolv/pop    +    0.00 =     991.7 seconds wall (    0.00 usr    0.00 sys)

 erlsolv/dmat compute+    0.01 =     991.7 seconds wall (    0.00 usr    0.00 sys)

 erlsolv/dmat compute+    0.00 =     991.7 seconds wall (    0.00 usr    0.00 sys)

 erlsolv/rhoij  +    0.01 =     991.7 seconds wall (    0.00 usr    0.00 sys)

 spin-up fermi level =   -0.387712 Ry,   gap(0K)= 0.170337 Ry = 2.318 eV
 spin-dn fermi level =   -0.443279 Ry,   gap(0K)= 0.028113 Ry = 0.382 eV
  
 delta movement in up-elecs =        7.6121205822
 delta movement in dn-elecs =        7.3389524951
 delta movement in electrons =       14.6946667590

 one-center local charge defect =         0.07639277

 one-center local charge defect =         0.07509305

 LMCC local dipole, |dip|=        1.7783654469
 Using LMCC treatment of supercell electrostatics
 DBG/LMCCINT, esns diagnostics redone
 LMCC chemical potential shift(Ry,eV)=        0.0000005031        0.0000068445
 LMCC esns total grid integral=        0.7012872790
  
 grid-integrated up-density total =       78.9162127057
 grid-integrated dn-density total =       77.9175129543
 grid-integrated valence-density total =      156.8337256601
  
 TOTAL single particle eigenvalue sum=      -146.0959841716
  
 rms,max scfchange=  1.1146D-04  1.1927D-02 for component#      2033
 ######################  ENERGY ANALYSIS  #######################
    Spherical-atom es ENERGY correction =      -444.3661646419
    Full spherical atom trace ENERGY =         -229.3891841094
    Spherical-atom-Vxc trace ENERGY =           266.1601753812
    non-spherical es ENERGY =                     0.7013173856
    Total Exc ENERGY =                         -146.2610919866

    total kinetic trace ENERGY =          403.4946060837
    non-local ps-pot trace ENERGY =        56.9217289918
    total electrostatic ENERGY =         -867.3101910601
    Total Vxc ENERGY =                   -189.7260520072

    TOTAL ENERGY (Rydberg) =                   -553.1549479711

 ################################################################

 After blending   +   13.20 =    1004.9 seconds wall (    5.15 usr    0.82 sys)
  
 >>>>> self-consistency achieved, iteration   8


 Final GAP(eV)=  2.3176 (up),  0.3825 (dn)

 spin-up fermi level =   -0.387712 Ry,   gap(0K)= 0.170337 Ry = 2.318 eV
 spin-dn fermi level =   -0.443279 Ry,   gap(0K)= 0.028113 Ry = 0.382 eV

 k-vector:                  1
  weight:               1.000000
            level/UP/occup       level/DN/occup
  
    1    -2.000636  1.0000    -1.998390  1.0000
    2    -1.951786  1.0000    -1.950710  1.0000
    3    -1.932742  1.0000    -1.930754  1.0000
    4    -1.888000  1.0000    -1.879958  1.0000
             ...      ...         ...      ...
   60    -0.639040  1.0000    -0.638307  1.0000
   61    -0.629463  1.0000    -0.622562  1.0000
   62    -0.618349  1.0000    -0.617732  1.0000
   63    -0.615147  1.0000    -0.613559  1.0000
   64    -0.610599  1.0000    -0.608762  1.0000
   65    -0.608029  1.0000    -0.605271  1.0000
   66    -0.598508  1.0000    -0.594320  1.0000
   67    -0.577452  1.0000    -0.571159  1.0000
   68    -0.569764  1.0000    -0.565265  1.0000
   69    -0.561800  1.0000    -0.552997  1.0000
   70    -0.555716  1.0000    -0.547556  1.0000
   71    -0.540032  1.0000    -0.529838  0.9998
   72    -0.531686  1.0000    -0.522226  0.9996
   73    -0.525532  1.0000    -0.516263  0.9993
   74    -0.505419  1.0000    -0.499046  0.9962
   75    -0.493259  1.0000    -0.487569  0.9882
   76    -0.489539  1.0000    -0.471882  0.9458
   77    -0.482929  0.9999    -0.471034  0.9413
   78    -0.480692  0.9999    -0.461430  0.8600
   79    -0.478534  0.9999    -0.433317  0.2697
   80    -0.308197  0.0004    -0.295855  0.0000
   81    -0.091465  0.0000    -0.086652  0.0000
   82    -0.056202  0.0000    -0.055413  0.0000
   83    -0.025693  0.0000    -0.022013  0.0000
   84    -0.001352  0.0000    -0.000328  0.0000
   85     0.010331  0.0000     0.011467  0.0000
   86     0.034942  0.0000     0.037226  0.0000
   87     0.041713  0.0000     0.042405  0.0000
   88     0.053675  0.0000     0.054421  0.0000
             ...      ...         ...      ...
  200     1.081177  0.0000     1.082201  0.0000
  
 >>>>> grid delta-density saved to file

 FINAL CONVERGED ENERGY (Rydberg) =     -553.1549479711
 Binding energy =      -39.9195529711 Ry =           -543.1377 eV

 AFTER ITERATIONS +    0.11 =    1005.0 seconds wall (    0.00 usr    0.02 sys)
 Atom  20   Z=  4.0   occ=  4.00   rho=  3.9980621549   core=  0.0000000000
     vxc(afs ):   -3.88218422  -3.65924619  -0.22293803
     exc(afs ):   -3.00491318  -2.81368308  -0.19123010
 Atom  40   Z=  6.0   occ=  6.00   rho=  5.9912279413   core=  0.0000000000
                               rho(xc)=  6.4912278644
     vxc(afs ):   -8.98460245  -8.71712605  -0.26747640
     exc(afs ):   -6.96392716  -6.73528478  -0.22864237

 atom xc0frc stress term=      121.5799295835
 mat0frc: stripe-parallel, KPSTORE= F
  
 total force contributions(Ry/bohr):
        atom       x force          y force          z force
          1      0.0000429640     0.0000550401    -0.0000266629
          2      0.0000185794    -0.0000322484    -0.0000098944
          3      0.0000436018     0.0000194503    -0.0000050246
          4     -0.0000421394     0.0000602145    -0.0000304892
          5      0.0001196572    -0.0001523681     0.0000174451
          6     -0.0001823704    -0.0000439952     0.0000075225
          7      0.0000372488     0.0001187921    -0.0000186533
          8     -0.0000395022     0.0002529068     0.0001350439
          9     -0.0002911445     0.0001079923    -0.0000259724
         10      0.0000383906    -0.0000170681    -0.0000483822
         11      0.0000772190    -0.0000490953     0.0000642504
         12     -0.0000088803    -0.0000475471    -0.0000159469
         13      0.0000152021    -0.0000157634    -0.0000257307
         14      0.0002964204    -0.0000054552    -0.0000146009
         15      0.0001467809    -0.0000866680    -0.0001394804
         16      0.0001489491    -0.0002975203    -0.0001522841
         17      0.0008898432    -0.0000206110     0.0004040541
         18     -0.0000258713    -0.0000184610     0.0000188796
         19     -0.0000108867     0.0000018188     0.0000962546
         20      0.0000095207    -0.0000281161    -0.0000142879
         21      0.0000918905    -0.0000652275    -0.0000525020
         22      0.0000533523    -0.0000301212    -0.0000075351
         23      0.0000455917    -0.0000519083    -0.0000455908
         24      0.0003280625    -0.0000981564    -0.0000668363
         25      0.0001783003     0.0000561490     0.0000151973
         26      0.0000923128    -0.0002220760    -0.0001570706
         27      0.0003250404     0.0000309925     0.0002627735
         28      0.0002628322    -0.0000942492    -0.0002151486
         29      0.0004073369     0.0001401577     0.0000038102
         30     -0.0000144006    -0.0000025820     0.0000181371
         31     -0.0000205178    -0.0000160872     0.0000284362
         32     -0.0000197798    -0.0000195925     0.0000108158
         33      0.0000068499    -0.0000027598     0.0000684237
         34      0.0000190914    -0.0000289052     0.0000630612
         35     -0.0000082633    -0.0000345349     0.0001648022
         36     -0.0000062363    -0.0000131805    -0.0000024051
         37     -0.0000103765    -0.0000046142     0.0000309164
         38     -0.0000109527    -0.0000012329    -0.0000029358
         39      0.0000298690     0.0000098485    -0.0000251231
         40     -0.0000178754     0.0000204903    -0.0000377909
         41     -0.0000095066     0.0000416877     0.0000049839
         42      0.0000068181    -0.0000010902     0.0000026475
         43      0.0000022702    -0.0000033349    -0.0000050462
         44      0.0000027507     0.0000000000    -0.0000071316
         45     -0.0000138870     0.0000107701     0.0000121565
         46      0.0000051194    -0.0000081872     0.0000080061
         47      0.0000062020    -0.0000015944     0.0000034212
         48      0.0000068450     0.0000068343     0.0000071623
         49      0.0000024988     0.0000000000     0.0000021185
         50     -0.0000034675    -0.0000043275    -0.0000050768
         51     -0.0000040527     0.0000029804    -0.0000033098
         52     -0.0000020958     0.0000017137     0.0000000000
         53      0.0000000000    -0.0000089289    -0.0000030516
         54      0.0000063455     0.0000054903     0.0000069553
         55      0.0000118341     0.0000153410    -0.0000148347
      f-defect        0.0030333839    -0.0005689378     0.0002784762

 AFTER FORCE RTNS +    0.80 =    1005.8 seconds wall (    0.77 usr    0.02 sys)
  
 >>>>> GSELECT begins, nslics=           0
 <<<<< GSELECT ends
 rms,max force=  2.0648D-04  9.7750D-04 for component#       17
 dynamics update step #           6
ASD: min/max mass factors=   0.1575   1.5874
 >>>>> GUPDATE begins, nslics=           0
 GUPDATE: Largest relax: atom#, dr(au)=    17    0.001440
 <<<<< GUPDATE ends

 ###############################################################################
   NEW GEOMETRY for step   7, of   7 total
atom, type, position;  step#      7
 AT1          Pt               -0.3475410253    1.4047053321   -0.1865892692 
 AT2          O                 2.4217407016    3.7110867434   -1.0033136380 
 AT3          O                -3.2969541924   -0.9759387519    0.0669392436 
 AT4          O                 1.3868680880   -1.9022680940   -1.0119303056 
 AT5          P                -4.8627712624   -0.6727253242   -2.5732638527 
 AT6          P                 3.3176823071   -2.7029766556    1.2369453203 
 AT7          O                -2.8827124160   -1.7593684587   -4.7327828213 
 AT8          O                -5.6619621861    1.9856969072   -3.3134373156 
 AT9          O                 5.2827182923   -0.8137020110    1.9311194867 
 AT10         O                 4.7692478657   -5.1350305492    0.0195833357 
 AT11         H                -2.1322236955   -3.4169516542   -4.3568831448 
 AT12         H                 3.5628984375   -6.3314981903   -0.7157142844 
 AT13         C                 1.7159024026   -3.6405867030    4.1891761518 
 AT14         C                -7.5449458118   -2.9367360321   -2.3402244792 
 AT15         C                -9.2889124543   -2.2599496649   -0.1225629808 
 AT16         C                -9.0112474252   -2.9338778214   -4.8515401099 
 AT17         C                -6.5336807321   -5.6245492651   -1.9273688692 
 AT18         C                -0.4383628669   -5.5436756931    3.8253653683 
 AT19         C                 0.6823595084   -1.2056014825    5.4002869877 
 AT20         C                 3.7051840947   -4.7548392143    6.0006464139 
 AT21         H                -9.9943060631   -0.3060209360   -0.2289160965 
 AT22         H                -8.2832846996   -2.5432159217    1.6674913075 
 AT23         H               -10.9550772791   -3.5134620667   -0.1912266568 
 AT24         H                -9.9524392931   -1.1509693707   -5.3318302297 
 AT25         H               -10.4925050549   -4.4070899334   -4.8167427083 
 AT26         H                -7.7402739713   -3.4544313879   -6.3997281280 
 AT27         H                -5.3823346739   -5.8085334949   -0.2194820846 
 AT28         H                -5.4280427186   -6.3256089747   -3.5311890794 
 AT29         H                -8.1760615625   -6.8712359969   -1.6782003110 
 AT30         H                -1.9928033664   -4.8705149800    2.6186262432 
 AT31         H                -1.1983009924   -5.9140067774    5.7297094134 
 AT32         H                 0.2511804530   -7.3390868301    3.0531327649 
 AT33         H                -0.7141404930   -0.2588913171    4.1822920837 
 AT34         H                 2.1582771846    0.1836739260    5.8147181604 
 AT35         H                -0.2542574863   -1.6639384287    7.2014488277 
 AT36         H                 4.4168122576   -6.6128713653    5.3931619077 
 AT37         H                 2.6911335182   -4.9774415338    7.7961518343 
 AT38         H                 5.3302909572   -3.4987793848    6.2949052102 
 AT39         P                 1.3908594713    6.4153036285   -0.0153418449 
 AT40         O                -1.7976622621    5.5880156867    0.5438843385 
 AT41         O                 2.4129945563    7.1008752894    2.4894071928 
 AT42         C                 1.8116201074    8.9703272743   -2.3773529763 
 AT43         C                 0.8244892078    8.4060927228   -5.0298205060 
 AT44         C                 0.4479257225   11.3058146056   -1.3007674259 
 AT45         C                 4.6903618388    9.4454324632   -2.4666617618 
 AT46         H                -2.6975430916    5.4358445586   -1.1069675019 
 AT47         H                 1.6745585963    6.7253792511   -5.8693967866 
 AT48         H                 1.1981060560   10.0337761528   -6.2779237729 
 AT49         H                -1.2254055721    8.1622451235   -4.9884681408 
 AT50         H                -1.6017264196   11.0110056599   -1.1634701788 
 AT51         H                 0.7329046881   12.8950007277   -2.6010680944 
 AT52         H                 1.1552443526   11.8815226616    0.5686609193 
 AT53         H                 5.7851764675    7.7773807192   -3.0531385153 
 AT54         H                 5.4114977776   10.0929308669   -0.6480796154 
 AT55         H                 4.9651875344   10.9489847721   -3.8878951113 
 ###############################################################################

 After geometry   +    0.20 =    1006.0 seconds wall (    0.00 usr    0.00 sys)
  
 LATVEC: nlat1c,nlat2c,nlat =           1           1           1

  Atom
  Type  Shell  Min-alf     range
    1        0.129289   8.279963
    2        0.102474   9.300415
    3        0.143749   7.852478
    4        0.078997  10.592631
    5        0.095999   9.608947
    6        0.073120  11.010095
 Turnover EF->DM npopdm, npop0k=         105          79
 DEV264h/wkmem: perlsolv dist-mem
 DEV/wkmem: KPSTORE= F
 DEV/wkmem: psolv version, input do_psolv= F

 Need       26500-length r*4 array to pack grid wfcns/box
 Need      452875-length r*4 array to pack all grid wfcns
 Need       26500-length r*4 array for grid wfcns scratch
 WKMEM: using stripe-parallel+Merge  setup
 Minimum maxwkd for scf to complete=    29384385
 All grid wfcns stored in    226438 of 194809119 available
 WKMEM: in-core Broyden! uses    462690 out of 194582681 available
 >>>>> geom/basis data saved to file
  
 Atom type   1  radial valence charge =    5.999995363882
 Atom type   1      xc valence charge =    6.499995360087
  
 Atom type   2  radial valence charge =    0.999999985299
  
 Atom type   3  radial valence charge =    3.999996877569
  
 Atom type   4  radial valence charge =    9.999999976019
  
 Atom type   5  radial valence charge =    4.999999641069
  
 Atom type   6  radial valence charge =    3.999999473876
 mat0set: stripe-parallel, KPSTORE= F

   sij compute    +    0.04 =    1006.1 seconds wall (    0.00 usr    0.00 sys)

   sij/nlat-bcast +    0.00 =    1006.1 seconds wall (    0.00 usr    0.00 sys)

   vlocmat compute+    0.24 =    1006.3 seconds wall (    0.24 usr    0.00 sys)

   vlocmii compute+    0.02 =    1006.3 seconds wall (    0.02 usr    0.00 sys)

   nlocmat compute+    0.13 =    1006.5 seconds wall (    0.13 usr    0.00 sys)
 NLOCMAT: Max neqilat=           1

 After mat0set    +    0.09 =    1006.6 seconds wall (    0.09 usr    0.00 sys)
 Atom   2   Z=  6.0   occ=  6.00   rho=  5.9908522081   core=  0.0000000000
                               rho(xc)=  6.4908521234
     vxc(afsw):   -8.98270878  -8.71522904  -0.26747974  -0.00022973
     exc(afsw):   -6.96353314  -6.73488733  -0.22864580  -0.00018482
 Atom   3   Z=  6.0   occ=  6.00   rho=  5.9886953072   core=  0.0000000000
                               rho(xc)=  6.4886952218
     vxc(afsw):   -8.96829728  -8.70080075  -0.26749653  -0.00028395
     exc(afsw):   -6.96082712  -6.73216163  -0.22866548  -0.00022846
 Atom   4   Z=  6.0   occ=  6.00   rho=  5.9888314325   core=  0.0000000000
                               rho(xc)=  6.4888313457
     vxc(afsw):   -8.97008536  -8.70259018  -0.26749518  -0.00028053
     exc(afsw):   -6.96102102  -6.73235671  -0.22866431  -0.00022570
 Atom   7   Z=  6.0   occ=  6.00   rho=  5.9934905776   core=  0.0000000000
                               rho(xc)=  6.4934904998
     vxc(afsw):   -8.99494904  -8.72749792  -0.26745112  -0.00016343
     exc(afsw):   -6.96598052  -6.73735868  -0.22862185  -0.00013147
 Atom   8   Z=  6.0   occ=  6.00   rho=  5.9914556871   core=  0.0000000000
                               rho(xc)=  6.4914556253
     vxc(afsw):   -8.98679978  -8.71932990  -0.26746988  -0.00021455
     exc(afsw):   -6.96399850  -6.73535768  -0.22864082  -0.00017261
 Atom   9   Z=  6.0   occ=  6.00   rho=  5.9976644324   core=  0.0000000000
                               rho(xc)=  6.4976643622
     vxc(afsw):   -9.01612440  -8.74871718  -0.26740723  -0.00005862
     exc(afsw):   -6.96951558  -6.74093311  -0.22858247  -0.00004714
 Atom  10   Z=  6.0   occ=  6.00   rho=  5.9891086589   core=  0.0000000000
                               rho(xc)=  6.4891085805
     vxc(afsw):   -8.97298374  -8.70549106  -0.26749268  -0.00027355
     exc(afsw):   -6.96139790  -6.73273603  -0.22866188  -0.00022009
 Atom  11   Z=  1.0   occ=  1.00   rho=  0.9975688768   core=  0.0000000000
     vxc(afsw):   -0.79507233  -0.76971342  -0.02535890  -0.00003415
     exc(afsw):   -0.62684888  -0.60464548  -0.02220340  -0.00002880
 Atom  12   Z=  1.0   occ=  1.00   rho=  0.9960142298   core=  0.0000000000
     vxc(afsw):   -0.78978413  -0.76442656  -0.02535756  -0.00005586
     exc(afsw):   -0.62428240  -0.60207787  -0.02220453  -0.00004710
 Atom  14   Z=  4.0   occ=  4.00   rho=  3.9981053005   core=  0.0000000000
     vxc(afsw):   -3.87981899  -3.65688531  -0.22293368  -0.00004320
     exc(afsw):   -3.00506755  -2.81383741  -0.19123014  -0.00003328
 Atom  17   Z=  4.0   occ=  4.00   rho=  3.9970238985   core=  0.0000000000
     vxc(afsw):   -3.87967790  -3.65672891  -0.22294899  -0.00006791
     exc(afsw):   -3.00356840  -2.81233446  -0.19123394  -0.00005230
 Atom  18   Z=  4.0   occ=  4.00   rho=  3.9978950835   core=  0.0000000000
     vxc(afsw):   -3.88234073  -3.65940089  -0.22293984  -0.00004801
     exc(afsw):   -3.00473227  -2.81350154  -0.19123073  -0.00003698
 Atom  19   Z=  4.0   occ=  4.00   rho=  4.0030521909   core=  0.0000000000
     vxc(afsw):   -3.90685005  -3.68393147  -0.22291857   0.00006930
     exc(afsw):   -3.00795971  -2.81675089  -0.19120882   0.00005330
 Atom  20   Z=  4.0   occ=  4.00   rho=  3.9980627465   core=  0.0000000000
     vxc(afsw):   -3.88218347  -3.65924544  -0.22293802  -0.00004418
     exc(afsw):   -3.00491381  -2.81368371  -0.19123010  -0.00003403
 Atom  21   Z=  1.0   occ=  1.00   rho=  0.9969043080   core=  0.0000000000
     vxc(afsw):   -0.79271591  -0.76735742  -0.02535849  -0.00004345
     exc(afsw):   -0.62575558  -0.60355165  -0.02220393  -0.00003664
 Atom  22   Z=  1.0   occ=  1.00   rho=  0.9965466384   core=  0.0000000000
     vxc(afsw):   -0.79149700  -0.76613882  -0.02535818  -0.00004845
     exc(afsw):   -0.62516491  -0.60296073  -0.02220418  -0.00004086
 Atom  23   Z=  1.0   occ=  1.00   rho=  0.9963033607   core=  0.0000000000
     vxc(afsw):   -0.79071040  -0.76535249  -0.02535791  -0.00005184
     exc(afsw):   -0.62476185  -0.60255751  -0.02220434  -0.00004371
 Atom  24   Z=  1.0   occ=  1.00   rho=  0.9974179844   core=  0.0000000000
     vxc(afsw):   -0.79441961  -0.76906065  -0.02535896  -0.00003626
     exc(afsw):   -0.62660464  -0.60440107  -0.02220357  -0.00003058
 Atom  25   Z=  1.0   occ=  1.00   rho=  0.9972528519   core=  0.0000000000
     vxc(afsw):   -0.79394135  -0.76858265  -0.02535870  -0.00003858
     exc(afsw):   -0.62632896  -0.60412531  -0.02220365  -0.00003254
 Atom  26   Z=  1.0   occ=  1.00   rho=  0.9966124979   core=  0.0000000000
     vxc(afsw):   -0.79173107  -0.76637284  -0.02535823  -0.00004753
     exc(afsw):   -0.62527345  -0.60306931  -0.02220413  -0.00004008
 Atom  27   Z=  1.0   occ=  1.00   rho=  0.9960565383   core=  0.0000000000
     vxc(afsw):   -0.78991638  -0.76455876  -0.02535762  -0.00005527
     exc(afsw):   -0.62435266  -0.60214816  -0.02220450  -0.00004661
 Atom  28   Z=  1.0   occ=  1.00   rho=  0.9959480196   core=  0.0000000000
     vxc(afsw):   -0.78958073  -0.76422326  -0.02535747  -0.00005678
     exc(afsw):   -0.62417235  -0.60196778  -0.02220457  -0.00004788
 Atom  29   Z=  1.0   occ=  1.00   rho=  0.9964948340   core=  0.0000000000
     vxc(afsw):   -0.79133557  -0.76597746  -0.02535811  -0.00004918
     exc(afsw):   -0.62507889  -0.60287468  -0.02220422  -0.00004147
 Atom  30   Z=  1.0   occ=  1.00   rho=  0.9973376531   core=  0.0000000000
     vxc(afsw):   -0.79419137  -0.76883254  -0.02535882  -0.00003739
     exc(afsw):   -0.62647026  -0.60426665  -0.02220360  -0.00003153
 Atom  31   Z=  1.0   occ=  1.00   rho=  0.9974591399   core=  0.0000000000
     vxc(afsw):   -0.79455268  -0.76919368  -0.02535900  -0.00003568
     exc(afsw):   -0.62667267  -0.60446913  -0.02220354  -0.00003009
 Atom  32   Z=  1.0   occ=  1.00   rho=  0.9962930608   core=  0.0000000000
     vxc(afsw):   -0.79064903  -0.76529110  -0.02535793  -0.00005198
     exc(afsw):   -0.62474561  -0.60254125  -0.02220436  -0.00004383
 Atom  33   Z=  1.0   occ=  1.00   rho=  0.9978622043   core=  0.0000000000
     vxc(afsw):   -0.79559411  -0.77023437  -0.02535974  -0.00003001
     exc(afsw):   -0.62734898  -0.60514561  -0.02220337  -0.00002531
 Atom  34   Z=  1.0   occ=  1.00   rho=  0.9964585482   core=  0.0000000000
     vxc(afsw):   -0.79124572  -0.76588769  -0.02535803  -0.00004969
     exc(afsw):   -0.62501787  -0.60281364  -0.02220423  -0.00004191
 Atom  35   Z=  1.0   occ=  1.00   rho=  0.9962526157   core=  0.0000000000
     vxc(afsw):   -0.79053877  -0.76518091  -0.02535786  -0.00005255
     exc(afsw):   -0.62467797  -0.60247359  -0.02220438  -0.00004432
 Atom  36   Z=  1.0   occ=  1.00   rho=  0.9978354707   core=  0.0000000000
     vxc(afsw):   -0.79557722  -0.77021760  -0.02535963  -0.00003039
     exc(afsw):   -0.62730241  -0.60509904  -0.02220336  -0.00002562
 Atom  37   Z=  1.0   occ=  1.00   rho=  0.9975929418   core=  0.0000000000
     vxc(afsw):   -0.79518814  -0.76982932  -0.02535882  -0.00003382
     exc(afsw):   -0.62688640  -0.60468304  -0.02220336  -0.00002852
 Atom  38   Z=  1.0   occ=  1.00   rho=  0.9962565616   core=  0.0000000000
     vxc(afsw):   -0.79055856  -0.76520070  -0.02535785  -0.00005250
     exc(afsw):   -0.62468430  -0.60247992  -0.02220438  -0.00004427
 Atom  40   Z=  6.0   occ=  6.00   rho=  5.9912254635   core=  0.0000000000
                               rho(xc)=  6.4912253866
     vxc(afsw):   -8.98459088  -8.71711445  -0.26747642  -0.00022035
     exc(afsw):   -6.96392457  -6.73528217  -0.22864240  -0.00017727
 Atom  41   Z=  6.0   occ=  6.00   rho=  5.9962818616   core=  0.0000000000
                               rho(xc)=  6.4962818130
     vxc(afsw):   -9.00757063  -8.74015566  -0.26741497  -0.00009332
     exc(afsw):   -6.96821624  -6.73962013  -0.22859611  -0.00007506
 Atom  42   Z=  4.0   occ=  4.00   rho=  3.9975577093   core=  0.0000000000
     vxc(afsw):   -3.88249708  -3.65955335  -0.22294373  -0.00005571
     exc(afsw):   -3.00433579  -2.81310383  -0.19123196  -0.00004291
 Atom  44   Z=  4.0   occ=  4.00   rho=  3.9979661218   core=  0.0000000000
     vxc(afsw):   -3.88142440  -3.65848686  -0.22293754  -0.00004638
     exc(afsw):   -3.00485189  -2.81362135  -0.19123054  -0.00003573
 Atom  45   Z=  4.0   occ=  4.00   rho=  3.9983478393   core=  0.0000000000
     vxc(afsw):   -3.88027980  -3.65734770  -0.22293210  -0.00003766
     exc(afsw):   -3.00527465  -2.81404547  -0.19122918  -0.00002901
 Atom  46   Z=  1.0   occ=  1.00   rho=  0.9976146156   core=  0.0000000000
     vxc(afsw):   -0.79522756  -0.76986866  -0.02535890  -0.00003351
     exc(afsw):   -0.62692356  -0.60472020  -0.02220336  -0.00002826
 Atom  47   Z=  1.0   occ=  1.00   rho=  0.9963659127   core=  0.0000000000
     vxc(afsw):   -0.79090080  -0.76554281  -0.02535799  -0.00005097
     exc(afsw):   -0.62486586  -0.60266155  -0.02220431  -0.00004298
 Atom  48   Z=  1.0   occ=  1.00   rho=  0.9962818079   core=  0.0000000000
     vxc(afsw):   -0.79065297  -0.76529510  -0.02535787  -0.00005216
     exc(afsw):   -0.62472573  -0.60252138  -0.02220435  -0.00004398
 Atom  49   Z=  1.0   occ=  1.00   rho=  0.9966463411   core=  0.0000000000
     vxc(afsw):   -0.79187504  -0.76651683  -0.02535821  -0.00004707
     exc(afsw):   -0.62532824  -0.60312414  -0.02220410  -0.00003970
 Atom  50   Z=  1.0   occ=  1.00   rho=  0.9959431062   core=  0.0000000000
     vxc(afsw):   -0.78956436  -0.76420690  -0.02535747  -0.00005684
     exc(afsw):   -0.62416421  -0.60195964  -0.02220457  -0.00004793
 Atom  51   Z=  1.0   occ=  1.00   rho=  0.9959295819   core=  0.0000000000
     vxc(afsw):   -0.78952506  -0.76416761  -0.02535745  -0.00005704
     exc(afsw):   -0.62414167  -0.60193709  -0.02220458  -0.00004810
 Atom  52   Z=  1.0   occ=  1.00   rho=  0.9977170399   core=  0.0000000000
     vxc(afsw):   -0.79549047  -0.77013134  -0.02535913  -0.00003206
     exc(afsw):   -0.62709632  -0.60489299  -0.02220332  -0.00002704
 Atom  53   Z=  1.0   occ=  1.00   rho=  0.9964618378   core=  0.0000000000
     vxc(afsw):   -0.79121793  -0.76585983  -0.02535809  -0.00004963
     exc(afsw):   -0.62502461  -0.60282036  -0.02220424  -0.00004185
 Atom  54   Z=  1.0   occ=  1.00   rho=  0.9961311851   core=  0.0000000000
     vxc(afsw):   -0.79015364  -0.76479593  -0.02535771  -0.00005424
     exc(afsw):   -0.62447650  -0.60227204  -0.02220446  -0.00004574
 Atom  55   Z=  1.0   occ=  1.00   rho=  0.9972490711   core=  0.0000000000
     vxc(afsw):   -0.79395965  -0.76860100  -0.02535865  -0.00003863
     exc(afsw):   -0.62632164  -0.60411800  -0.02220364  -0.00003258
 ***** CAUTION: grid fineness questionable

 grid0xc compute+    0.48 =    1007.0 seconds wall (    0.48 usr    0.00 sys)

 grid0xc Merge  +    0.03 =    1007.1 seconds wall (    0.00 usr    0.03 sys)

 grid0xc Bcast  +    0.13 =    1007.2 seconds wall (    0.13 usr    0.00 sys)


 AFTER SETUP PHASE+    4.97 =    1012.2 seconds wall (    0.17 usr    0.35 sys)

  
 *************************  iteration   0 begins here  *************************


 Before iterations+    0.05 =    1012.2 seconds wall (    0.05 usr    0.00 sys)
  
 grid-integrated up-density total =       78.4330609186
 grid-integrated dn-density total =       78.4330609186
 grid-integrated valence-density total =      156.8661218372
 Harris Fcnal XC piece=       42.6977862276
  
  

 After 0 iteration+    0.55 =    1012.8 seconds wall (    0.50 usr    0.04 sys)
 *************************  iteration   1 begins here  *************************


 erlsolv/begin  +    0.01 =    1012.8 seconds wall (    0.01 usr    0.00 sys)
 PERLSOLV: kpp-copmatible version

 erlsolv/schroed+    0.09 =    1012.9 seconds wall (    0.06 usr    0.00 sys)

 erlsolv/pop    +    0.00 =    1012.9 seconds wall (    0.00 usr    0.00 sys)

 erlsolv/dmat compute+    0.01 =    1012.9 seconds wall (    0.00 usr    0.00 sys)

 erlsolv/dmat compute+    0.01 =    1012.9 seconds wall (    0.00 usr    0.00 sys)

 erlsolv/rhoij  +    0.01 =    1012.9 seconds wall (    0.00 usr    0.01 sys)

 spin-up fermi level =   -0.350710 Ry,   gap(0K)= 0.198593 Ry = 2.702 eV
 spin-dn fermi level =   -0.451935 Ry,   gap(0K)= 0.004059 Ry = 0.055 eV

 k-vector:                  1
  weight:               1.000000
            level/UP/occup       level/DN/occup
  
    1    -1.943941  1.0000    -1.943941  1.0000
    2    -1.933035  1.0000    -1.933035  1.0000
    3    -1.920653  1.0000    -1.920653  1.0000
    4    -1.845029  1.0000    -1.845029  1.0000
             ...      ...         ...      ...
   60    -0.699034  1.0000    -0.699034  1.0000
   61    -0.696648  1.0000    -0.696648  1.0000
   62    -0.681410  1.0000    -0.681410  1.0000
   63    -0.678387  1.0000    -0.678387  1.0000
   64    -0.659960  1.0000    -0.659960  1.0000
   65    -0.643852  1.0000    -0.643852  1.0000
   66    -0.632290  1.0000    -0.632290  1.0000
   67    -0.625732  1.0000    -0.625732  1.0000
   68    -0.619787  1.0000    -0.619787  1.0000
   69    -0.611823  1.0000    -0.611823  1.0000
   70    -0.602829  1.0000    -0.602829  1.0000
   71    -0.594966  1.0000    -0.594966  1.0000
   72    -0.584832  1.0000    -0.584832  1.0000
   73    -0.577631  1.0000    -0.577631  1.0000
   74    -0.575512  1.0000    -0.575512  1.0000
   75    -0.556083  1.0000    -0.556083  1.0000
   76    -0.513579  1.0000    -0.513579  0.9979
   77    -0.510488  1.0000    -0.510488  0.9971
   78    -0.454065  1.0000    -0.454065  0.5531
   79    -0.450007  1.0000    -0.450007  0.4519
   80    -0.251413  0.0000    -0.251413  0.0000
   81    -0.058393  0.0000    -0.058393  0.0000
   82    -0.014637  0.0000    -0.014637  0.0000
   83    -0.003514  0.0000    -0.003514  0.0000
   84     0.019144  0.0000     0.019144  0.0000
   85     0.026255  0.0000     0.026255  0.0000
   86     0.037015  0.0000     0.037015  0.0000
   87     0.049013  0.0000     0.049013  0.0000
             ...      ...         ...      ...
  200     1.044789  0.0000     1.044789  0.0000
  
 delta movement in up-elecs =        9.7676443637
 delta movement in dn-elecs =        9.6544054979
 delta movement in electrons =       19.1920073536

 one-center local charge defect =         0.07768939

 one-center local charge defect =         0.07648999

 LMCC local dipole, |dip|=        4.5718375458
 Using LMCC treatment of supercell electrostatics
 DBG/LMCCINT, esns diagnostics redone
 LMCC chemical potential shift(Ry,eV)=       -0.0000027266       -0.0000370979
 LMCC esns total grid integral=        2.2449268439
  
 grid-integrated up-density total =       78.9146142465
 grid-integrated dn-density total =       77.9158142263
 grid-integrated valence-density total =      156.8304284728
  
 TOTAL single particle eigenvalue sum=      -152.5983814664
  
 rms,max scfchange=  1.1516D-02  6.8041D-01 for component#    310898
 electronic meth_bl(BROYDEN)=           1
>>>>> Broyden: first step (elec) simple blend ratio= 0.300000
<<<<< Broyden step complete, scf step=     1

 After blending   +   18.41 =    1031.3 seconds wall (    5.14 usr    0.82 sys)
  
 *************************  iteration   2 begins here  *************************


 erlsolv/begin  +    0.00 =    1031.3 seconds wall (    0.00 usr    0.00 sys)
 PERLSOLV: kpp-copmatible version

 erlsolv/schroed+    0.09 =    1031.4 seconds wall (    0.06 usr    0.01 sys)

 erlsolv/pop    +    0.00 =    1031.4 seconds wall (    0.00 usr    0.00 sys)

 erlsolv/dmat compute+    0.00 =    1031.4 seconds wall (    0.00 usr    0.00 sys)

 erlsolv/dmat compute+    0.01 =    1031.4 seconds wall (    0.00 usr    0.00 sys)

 erlsolv/rhoij  +    0.01 =    1031.4 seconds wall (    0.00 usr    0.01 sys)

 spin-up fermi level =   -0.400236 Ry,   gap(0K)= 0.126039 Ry = 1.715 eV
 spin-dn fermi level =   -0.467925 Ry,   gap(0K)= 0.016182 Ry = 0.220 eV
  
 delta movement in up-elecs =        8.0239323960
 delta movement in dn-elecs =        8.1476968308
 delta movement in electrons =       15.9566950409

 one-center local charge defect =         0.07626455

 one-center local charge defect =         0.07458525

 LMCC local dipole, |dip|=        3.2285205667
 Using LMCC treatment of supercell electrostatics
 DBG/LMCCINT, esns diagnostics redone
 LMCC chemical potential shift(Ry,eV)=       -0.0000108683       -0.0001478716
 LMCC esns total grid integral=        1.1521315797
  
 grid-integrated up-density total =       78.9162047294
 grid-integrated dn-density total =       77.9178895823
 grid-integrated valence-density total =      156.8340943116
  
 TOTAL single particle eigenvalue sum=      -148.3597523568
  
 rms,max scfchange=  8.3246D-03  7.7280D-01 for component#     53849
 electronic meth_bl(BROYDEN)=           1
>>>>> Broyden blend to get next step - elec
<<<<< Broyden step complete, scf step=     2

 After blending   +   14.13 =    1045.5 seconds wall (    5.10 usr    0.82 sys)
  
 *************************  iteration   3 begins here  *************************


 erlsolv/begin  +    0.12 =    1045.7 seconds wall (    0.11 usr    0.00 sys)
 PERLSOLV: kpp-copmatible version

 erlsolv/schroed+    0.09 =    1045.7 seconds wall (    0.06 usr    0.01 sys)

 erlsolv/pop    +    0.00 =    1045.7 seconds wall (    0.00 usr    0.00 sys)

 erlsolv/dmat compute+    0.00 =    1045.7 seconds wall (    0.00 usr    0.00 sys)

 erlsolv/dmat compute+    0.01 =    1045.8 seconds wall (    0.00 usr    0.00 sys)

 erlsolv/rhoij  +    0.01 =    1045.8 seconds wall (    0.00 usr    0.00 sys)

 spin-up fermi level =   -0.354578 Ry,   gap(0K)= 0.163955 Ry = 2.231 eV
 spin-dn fermi level =   -0.433129 Ry,   gap(0K)= 0.018706 Ry = 0.255 eV
  
 delta movement in up-elecs =        7.9267978352
 delta movement in dn-elecs =        7.7372551684
 delta movement in electrons =       15.4112162875

 one-center local charge defect =         0.07644924

 one-center local charge defect =         0.07515918

 LMCC local dipole, |dip|=        3.2008794911
 Using LMCC treatment of supercell electrostatics
 DBG/LMCCINT, esns diagnostics redone
 LMCC chemical potential shift(Ry,eV)=        0.0000041166        0.0000560102
 LMCC esns total grid integral=        0.9603172681
  
 grid-integrated up-density total =       78.9160693634
 grid-integrated dn-density total =       77.9173602373
 grid-integrated valence-density total =      156.8334296006
  
 TOTAL single particle eigenvalue sum=      -146.4519515829
  
 rms,max scfchange=  4.7711D-03  4.8004D-01 for component#     53849
 electronic meth_bl(BROYDEN)=           1
>>>>> Broyden blend to get next step - elec
<<<<< Broyden step complete, scf step=     3

 After blending   +   12.45 =    1058.2 seconds wall (    5.02 usr    0.80 sys)
  
 *************************  iteration   4 begins here  *************************


 erlsolv/begin  +    1.66 =    1059.9 seconds wall (    1.63 usr    0.00 sys)
 PERLSOLV: kpp-copmatible version

 erlsolv/schroed+    0.09 =    1060.0 seconds wall (    0.07 usr    0.01 sys)

 erlsolv/pop    +    0.00 =    1060.0 seconds wall (    0.00 usr    0.00 sys)

 erlsolv/dmat compute+    0.00 =    1060.0 seconds wall (    0.00 usr    0.00 sys)

 erlsolv/dmat compute+    0.01 =    1060.0 seconds wall (    0.00 usr    0.00 sys)

 erlsolv/rhoij  +    0.01 =    1060.0 seconds wall (    0.00 usr    0.01 sys)

 spin-up fermi level =   -0.370726 Ry,   gap(0K)= 0.169904 Ry = 2.312 eV
 spin-dn fermi level =   -0.442209 Ry,   gap(0K)= 0.023855 Ry = 0.325 eV
  
 delta movement in up-elecs =        7.6877892003
 delta movement in dn-elecs =        7.4670296083
 delta movement in electrons =       14.9068712462

 one-center local charge defect =         0.07644342

 one-center local charge defect =         0.07519962

 LMCC local dipole, |dip|=        2.8476232841
 Using LMCC treatment of supercell electrostatics
 DBG/LMCCINT, esns diagnostics redone
 LMCC chemical potential shift(Ry,eV)=        0.0000032341        0.0000440019
 LMCC esns total grid integral=        0.7968730993
  
 grid-integrated up-density total =       78.9161280533
 grid-integrated dn-density total =       77.9173730900
 grid-integrated valence-density total =      156.8335011433
  
 TOTAL single particle eigenvalue sum=      -145.8847621185
  
 rms,max scfchange=  2.9482D-03  2.7637D-01 for component#     53849
 electronic meth_bl(BROYDEN)=           1
>>>>> Broyden blend to get next step - elec
<<<<< Broyden step complete, scf step=     4

 After blending   +   25.70 =    1085.7 seconds wall (    5.22 usr    0.81 sys)
  
 *************************  iteration   5 begins here  *************************


 erlsolv/begin  +    0.02 =    1085.7 seconds wall (    0.01 usr    0.00 sys)
 PERLSOLV: kpp-copmatible version

 erlsolv/schroed+    0.09 =    1085.8 seconds wall (    0.07 usr    0.00 sys)

 erlsolv/pop    +    0.00 =    1085.8 seconds wall (    0.00 usr    0.00 sys)

 erlsolv/dmat compute+    0.00 =    1085.8 seconds wall (    0.00 usr    0.00 sys)

 erlsolv/dmat compute+    0.01 =    1085.8 seconds wall (    0.00 usr    0.00 sys)

 erlsolv/rhoij  +    0.01 =    1085.8 seconds wall (    0.00 usr    0.01 sys)

 spin-up fermi level =   -0.385467 Ry,   gap(0K)= 0.171532 Ry = 2.334 eV
 spin-dn fermi level =   -0.448642 Ry,   gap(0K)= 0.027494 Ry = 0.374 eV
  
 delta movement in up-elecs =        7.6346719261
 delta movement in dn-elecs =        7.3445687024
 delta movement in electrons =       14.7524381566

 one-center local charge defect =         0.07640728

 one-center local charge defect =         0.07507593

 LMCC local dipole, |dip|=        2.0237696931
 Using LMCC treatment of supercell electrostatics
 DBG/LMCCINT, esns diagnostics redone
 LMCC chemical potential shift(Ry,eV)=        0.0000013402        0.0000182343
 LMCC esns total grid integral=        0.7210231462
  
 grid-integrated up-density total =       78.9161787248
 grid-integrated dn-density total =       77.9175109131
 grid-integrated valence-density total =      156.8336896379
  
 TOTAL single particle eigenvalue sum=      -146.0872332238
  
 rms,max scfchange=  8.7675D-04  7.7375D-02 for component#     53849
 electronic meth_bl(BROYDEN)=           1
>>>>> Broyden blend to get next step - elec
<<<<< Broyden step complete, scf step=     5

 After blending   +   14.06 =    1099.8 seconds wall (    5.25 usr    0.81 sys)
  
 *************************  iteration   6 begins here  *************************


 erlsolv/begin  +    0.00 =    1099.8 seconds wall (    0.00 usr    0.00 sys)
 PERLSOLV: kpp-copmatible version

 erlsolv/schroed+    0.09 =    1099.9 seconds wall (    0.06 usr    0.01 sys)

 erlsolv/pop    +    0.00 =    1099.9 seconds wall (    0.00 usr    0.00 sys)

 erlsolv/dmat compute+    0.00 =    1099.9 seconds wall (    0.00 usr    0.00 sys)

 erlsolv/dmat compute+    0.01 =    1099.9 seconds wall (    0.00 usr    0.00 sys)

 erlsolv/rhoij  +    0.01 =    1099.9 seconds wall (    0.00 usr    0.00 sys)

 spin-up fermi level =   -0.386992 Ry,   gap(0K)= 0.167218 Ry = 2.275 eV
 spin-dn fermi level =   -0.445217 Ry,   gap(0K)= 0.019642 Ry = 0.267 eV
  
 delta movement in up-elecs =        7.6187128638
 delta movement in dn-elecs =        7.3174452619
 delta movement in electrons =       14.6980291293

 one-center local charge defect =         0.07641824

 one-center local charge defect =         0.07503937

 LMCC local dipole, |dip|=        1.5858060642
 Using LMCC treatment of supercell electrostatics
 DBG/LMCCINT, esns diagnostics redone
 LMCC chemical potential shift(Ry,eV)=       -0.0000007071       -0.0000096204
 LMCC esns total grid integral=        0.6970867733
  
 grid-integrated up-density total =       78.9161782683
 grid-integrated dn-density total =       77.9175581086
 grid-integrated valence-density total =      156.8337363769
  
 TOTAL single particle eigenvalue sum=      -146.1444256011
  
 rms,max scfchange=  8.6956D-04  9.1084D-02 for component#     55373
 electronic meth_bl(BROYDEN)=           1
>>>>> Broyden blend to get next step - elec
<<<<< Broyden step complete, scf step=     6

 After blending   +   17.45 =    1117.4 seconds wall (    5.01 usr    0.81 sys)
  
 *************************  iteration   7 begins here  *************************


 erlsolv/begin  +    0.00 =    1117.4 seconds wall (    0.00 usr    0.00 sys)
 PERLSOLV: kpp-copmatible version

 erlsolv/schroed+    0.09 =    1117.5 seconds wall (    0.06 usr    0.01 sys)

 erlsolv/pop    +    0.00 =    1117.5 seconds wall (    0.00 usr    0.00 sys)

 erlsolv/dmat compute+    0.00 =    1117.5 seconds wall (    0.00 usr    0.00 sys)

 erlsolv/dmat compute+    0.01 =    1117.5 seconds wall (    0.00 usr    0.00 sys)

 erlsolv/rhoij  +    0.01 =    1117.5 seconds wall (    0.00 usr    0.00 sys)

 spin-up fermi level =   -0.386789 Ry,   gap(0K)= 0.173640 Ry = 2.363 eV
 spin-dn fermi level =   -0.445046 Ry,   gap(0K)= 0.029664 Ry = 0.404 eV
  
 delta movement in up-elecs =        7.6176322718
 delta movement in dn-elecs =        7.3373107428
 delta movement in electrons =       14.7121566751

 one-center local charge defect =         0.07640139

 one-center local charge defect =         0.07510385

 LMCC local dipole, |dip|=        1.9539515542
 Using LMCC treatment of supercell electrostatics
 DBG/LMCCINT, esns diagnostics redone
 LMCC chemical potential shift(Ry,eV)=        0.0000010802        0.0000146966
 LMCC esns total grid integral=        0.7085336805
  
 grid-integrated up-density total =       78.9161977722
 grid-integrated dn-density total =       77.9174959231
 grid-integrated valence-density total =      156.8336936953
  
 TOTAL single particle eigenvalue sum=      -146.0840271887
  
 rms,max scfchange=  5.1746D-04  5.0459D-02 for component#     53849
 electronic meth_bl(BROYDEN)=           1
>>>>> Broyden blend to get next step - elec
<<<<< Broyden step complete, scf step=     7

 After blending   +   18.96 =    1136.5 seconds wall (    5.14 usr    0.81 sys)
  
 *************************  iteration   8 begins here  *************************


 erlsolv/begin  +    0.08 =    1136.5 seconds wall (    0.08 usr    0.00 sys)
 PERLSOLV: kpp-copmatible version

 erlsolv/schroed+    0.09 =    1136.6 seconds wall (    0.07 usr    0.00 sys)

 erlsolv/pop    +    0.00 =    1136.6 seconds wall (    0.00 usr    0.00 sys)

 erlsolv/dmat compute+    0.01 =    1136.6 seconds wall (    0.00 usr    0.00 sys)

 erlsolv/dmat compute+    0.00 =    1136.6 seconds wall (    0.00 usr    0.00 sys)

 erlsolv/rhoij  +    0.02 =    1136.6 seconds wall (    0.00 usr    0.01 sys)

 spin-up fermi level =   -0.387689 Ry,   gap(0K)= 0.170352 Ry = 2.318 eV
 spin-dn fermi level =   -0.443270 Ry,   gap(0K)= 0.028109 Ry = 0.382 eV
  
 delta movement in up-elecs =        7.6121438412
 delta movement in dn-elecs =        7.3388790698
 delta movement in electrons =       14.6946625685

 one-center local charge defect =         0.07638821

 one-center local charge defect =         0.07508841

 LMCC local dipole, |dip|=        1.7784409420
 Using LMCC treatment of supercell electrostatics
 DBG/LMCCINT, esns diagnostics redone
 LMCC chemical potential shift(Ry,eV)=        0.0000005022        0.0000068330
 LMCC esns total grid integral=        0.7012781893
  
 grid-integrated up-density total =       78.9162164141
 grid-integrated dn-density total =       77.9175175538
 grid-integrated valence-density total =      156.8337339679
  
 TOTAL single particle eigenvalue sum=      -146.0951780620
  
 rms,max scfchange=  1.1114D-04  1.1931D-02 for component#      2033
 ######################  ENERGY ANALYSIS  #######################
    Spherical-atom es ENERGY correction =      -444.3670437750
    Full spherical atom trace ENERGY =         -229.3865965342
    Spherical-atom-Vxc trace ENERGY =           266.1581487589
    non-spherical es ENERGY =                     0.7013085665
    Total Exc ENERGY =                         -146.2607666924

    total kinetic trace ENERGY =          403.4933578222
    non-local ps-pot trace ENERGY =        56.9217707267
    total electrostatic ENERGY =         -867.3093115326
    Total Vxc ENERGY =                   -189.7255247684

    TOTAL ENERGY (Rydberg) =                   -553.1549496761

 ################################################################

 After blending   +   18.40 =    1155.0 seconds wall (    4.73 usr    0.89 sys)
  
 >>>>> self-consistency achieved, iteration   8


 Final GAP(eV)=  2.3178 (up),  0.3824 (dn)

 spin-up fermi level =   -0.387689 Ry,   gap(0K)= 0.170352 Ry = 2.318 eV
 spin-dn fermi level =   -0.443270 Ry,   gap(0K)= 0.028109 Ry = 0.382 eV

 k-vector:                  1
  weight:               1.000000
            level/UP/occup       level/DN/occup
  
    1    -2.000617  1.0000    -1.998371  1.0000
    2    -1.951757  1.0000    -1.950681  1.0000
    3    -1.932739  1.0000    -1.930751  1.0000
    4    -1.887985  1.0000    -1.879943  1.0000
             ...      ...         ...      ...
   60    -0.639029  1.0000    -0.638296  1.0000
   61    -0.629460  1.0000    -0.622572  1.0000
   62    -0.618373  1.0000    -0.617744  1.0000
   63    -0.615182  1.0000    -0.613610  1.0000
   64    -0.610600  1.0000    -0.608755  1.0000
   65    -0.608048  1.0000    -0.605282  1.0000
   66    -0.598502  1.0000    -0.594313  1.0000
   67    -0.577444  1.0000    -0.571153  1.0000
   68    -0.569754  1.0000    -0.565256  1.0000
   69    -0.561789  1.0000    -0.552988  1.0000
   70    -0.555706  1.0000    -0.547547  1.0000
   71    -0.540016  1.0000    -0.529820  0.9998
   72    -0.531675  1.0000    -0.522218  0.9996
   73    -0.525522  1.0000    -0.516250  0.9993
   74    -0.505396  1.0000    -0.499019  0.9962
   75    -0.493240  1.0000    -0.487549  0.9882
   76    -0.489523  1.0000    -0.471865  0.9458
   77    -0.482917  0.9999    -0.471020  0.9413
   78    -0.480674  0.9999    -0.461421  0.8600
   79    -0.478519  0.9999    -0.433312  0.2698
   80    -0.308167  0.0004    -0.295828  0.0000
   81    -0.091454  0.0000    -0.086639  0.0000
   82    -0.056201  0.0000    -0.055410  0.0000
   83    -0.025689  0.0000    -0.022007  0.0000
   84    -0.001357  0.0000    -0.000336  0.0000
   85     0.010336  0.0000     0.011473  0.0000
   86     0.034946  0.0000     0.037221  0.0000
   87     0.041671  0.0000     0.042361  0.0000
   88     0.053638  0.0000     0.054381  0.0000
             ...      ...         ...      ...
  200     1.081124  0.0000     1.082139  0.0000
  
 >>>>> grid delta-density saved to file

 FINAL CONVERGED ENERGY (Rydberg) =     -553.1549496761
 Binding energy =      -39.9195546761 Ry =           -543.1377 eV

 AFTER ITERATIONS +    0.07 =    1155.1 seconds wall (    0.00 usr    0.02 sys)
 Atom  20   Z=  4.0   occ=  4.00   rho=  3.9980627465   core=  0.0000000000
     vxc(afs ):   -3.88218347  -3.65924544  -0.22293802
     exc(afs ):   -3.00491381  -2.81368371  -0.19123010
 Atom  40   Z=  6.0   occ=  6.00   rho=  5.9912254635   core=  0.0000000000
                               rho(xc)=  6.4912253866
     vxc(afs ):   -8.98459088  -8.71711445  -0.26747642
     exc(afs ):   -6.96392457  -6.73528217  -0.22864240

 atom xc0frc stress term=      121.5799295835
 mat0frc: stripe-parallel, KPSTORE= F
  
 total force contributions(Ry/bohr):
        atom       x force          y force          z force
          1      0.0000372536     0.0000871586    -0.0000297874
          2      0.0000011323     0.0000000000    -0.0000012032
          3      0.0000211699     0.0000191057     0.0000121130
          4     -0.0000014352    -0.0000160861     0.0000346649
          5      0.0000875172    -0.0000236820    -0.0000145664
          6     -0.0001879102    -0.0000566520    -0.0000418634
          7      0.0000665729     0.0000125550    -0.0000202360
          8     -0.0000188385     0.0001863444     0.0001432784
          9     -0.0002632482     0.0000650156    -0.0000310241
         10     -0.0000309606    -0.0000078985     0.0000224704
         11      0.0000395293     0.0000168900     0.0000444816
         12      0.0000098085    -0.0000252116    -0.0000033145
         13     -0.0000185569    -0.0000151009     0.0000057005
         14      0.0005296236    -0.0001457902    -0.0000396771
         15     -0.0000366035     0.0000199128     0.0000712347
         16      0.0006950517    -0.0004456424    -0.0004413187
         17      0.0001854209     0.0000000000    -0.0003961461
         18     -0.0000201304    -0.0000218375     0.0000276572
         19      0.0000186632    -0.0000308988     0.0001039953
         20      0.0000093847    -0.0000351091    -0.0000010992
         21      0.0001223445    -0.0001324990    -0.0000648242
         22      0.0000432999    -0.0000307739    -0.0000640839
         23      0.0000968333    -0.0000300823    -0.0000577104
         24      0.0003117893    -0.0000452052    -0.0000910329
         25     -0.0000239365    -0.0001035618     0.0000272159
         26     -0.0002193364    -0.0000321058     0.0002101286
         27      0.0007341799     0.0000077010     0.0007331393
         28      0.0002179900    -0.0000041567     0.0000550134
         29      0.0005097506     0.0002069146     0.0000278894
         30     -0.0000134375     0.0000000000     0.0000078173
         31     -0.0000131101    -0.0000138564     0.0000227908
         32     -0.0000211451    -0.0000144501     0.0000095589
         33     -0.0000168336     0.0000163282     0.0000561148
         34      0.0000130855    -0.0000269056     0.0000572464
         35      0.0000077192    -0.0000317416     0.0000541728
         36     -0.0000017087     0.0000074184     0.0000090582
         37      0.0000023495    -0.0000087857     0.0000016752
         38     -0.0000137757    -0.0000131478    -0.0000072892
         39      0.0000262545    -0.0000084498    -0.0000044702
         40      0.0000067855     0.0000230185     0.0000121611
         41     -0.0000095896     0.0000214672    -0.0000106112
         42     -0.0000146874     0.0000093776    -0.0000151933
         43      0.0000149783    -0.0000022225    -0.0000022888
         44      0.0000000000     0.0000035201    -0.0000011827
         45      0.0000070579     0.0000117705     0.0000078363
         46     -0.0000079531    -0.0000097961    -0.0000150312
         47      0.0000025191     0.0000000000     0.0000022515
         48      0.0000073370     0.0000062747    -0.0000107923
         49     -0.0000027124    -0.0000028337     0.0000022266
         50      0.0000018528    -0.0000050874    -0.0000051424
         51     -0.0000020451    -0.0000023122     0.0000000000
         52     -0.0000027097     0.0000016555    -0.0000029169
         53     -0.0000023240    -0.0000023891     0.0000000000
         54      0.0000051255     0.0000039834     0.0000037490
         55      0.0000099671     0.0000101033    -0.0000098034
      f-defect        0.0028993589    -0.0006077569     0.0003830320

 AFTER FORCE RTNS +    0.95 =    1156.1 seconds wall (    0.92 usr    0.02 sys)
  
 >>>>> GSELECT begins, nslics=           0
 <<<<< GSELECT ends
 rms,max force=  2.4551D-04  1.0376D-03 for component#       27
 dynamics update step #           7
ASD: min/max mass factors=   0.1575   1.5874
 >>>>> GUPDATE begins, nslics=           0
 GUPDATE: Largest relax: atom#, dr(au)=    29    0.001077
 <<<<< GUPDATE ends

 ###############################################################################
   NEW GEOMETRY for step   8, of   8 total
atom, type, position;  step#      8
 AT1          Pt               -0.3475218268    1.4047502490   -0.1866046200 
 AT2          O                 2.4217534400    3.7110867434   -1.0033271744 
 AT3          O                -3.2969031161   -0.9758926558    0.0669684684 
 AT4          O                 1.3868680880   -1.9022761371   -1.0119129732 
 AT5          P                -4.8626705553   -0.6727525754   -2.5732806144 
 AT6          P                 3.3175900833   -2.7030044597    1.2369247743 
 AT7          O                -2.8826842818   -1.7593631528   -4.7327913732 
 AT8          O                -5.6619677584    1.9857520262   -3.3133949351 
 AT9          O                 5.2824548467   -0.8136369467    1.9310884393 
 AT10         O                 4.7692355790   -5.1350336837    0.0195922531 
 AT11         H                -2.1321618213   -3.4169252168   -4.3568135189 
 AT12         H                 3.5629160250   -6.3315433971   -0.7157202277 
 AT13         C                 1.7158977582   -3.6405904824    4.1891775785 
 AT14         C                -7.5445712663   -2.9368391337   -2.3402525385 
 AT15         C                -9.2889307560   -2.2599397085   -0.1225273634 
 AT16         C                -9.0107895841   -2.9341713728   -4.8518308132 
 AT17         C                -6.5336001051   -5.6245492651   -1.9275411264 
 AT18         C                -0.4383933654   -5.5437087780    3.8254072702 
 AT19         C                 0.6823795169   -1.2056346086    5.4003984792 
 AT20         C                 3.7051989412   -4.7548947564    6.0006446750 
 AT21         H                -9.9941382084   -0.3062027225   -0.2290050342 
 AT22         H                -8.2832303368   -2.5432545581    1.6674108505 
 AT23         H               -10.9549295572   -3.5135079581   -0.1913146957 
 AT24         H                -9.9521082896   -1.1510173618   -5.3319268726 
 AT25         H               -10.4925145541   -4.4071310319   -4.8167319077 
 AT26         H                -7.7403836395   -3.4544474408   -6.3996230638 
 AT27         H                -5.3818726907   -5.8085286490   -0.2190207563 
 AT28         H                -5.4273723448   -6.3256217577   -3.5310198995 
 AT29         H                -8.1750651532   -6.8708315410   -1.6781457955 
 AT30         H                -1.9928715095   -4.8705149800    2.6186658859 
 AT31         H                -1.1983231110   -5.9140301551    5.7297478648 
 AT32         H                 0.2511336485   -7.3391188154    3.0531539236 
 AT33         H                -0.7141964171   -0.2588370722    4.1824785060 
 AT34         H                 2.1583066158    0.1836134114    5.8148469158 
 AT35         H                -0.2542404789   -1.6640083641    7.2015681849 
 AT36         H                 4.4168101047   -6.6128620186    5.3931733203 
 AT37         H                 2.6911354339   -4.9774486971    7.7961532002 
 AT38         H                 5.3302835231   -3.4987864799    6.2949012766 
 AT39         P                 1.3908903834    6.4152936797   -0.0153471082 
 AT40         O                -1.7976622621    5.5880181307    0.5438856297 
 AT41         O                 2.4129808582    7.1009059539    2.4893920354 
 AT42         C                 1.8116127637    8.9703319630   -2.3773605730 
 AT43         C                 0.8244971798    8.4060915399   -5.0298217242 
 AT44         C                 0.4479257225   11.3058196705   -1.3007691275 
 AT45         C                 4.6903657436    9.4454389753   -2.4666574264 
 AT46         H                -2.6975430916    5.4358445586   -1.1069675019 
 AT47         H                 1.6745729418    6.7253792511   -5.8693839652 
 AT48         H                 1.1981092150   10.0337788544   -6.2779284195 
 AT49         H                -1.2254055721    8.1622451235   -4.9884681408 
 AT50         H                -1.6017243641   11.0110000160   -1.1634758837 
 AT51         H                 0.7329021239   12.8949978286   -2.6010680944 
 AT52         H                 1.1552418516   11.8815241895    0.5686582271 
 AT53         H                 5.7851718116    7.7773759328   -3.0531385153 
 AT54         H                 5.4115087287   10.0929393778   -0.6480716053 
 AT55         H                 4.9651973473   10.9489947191   -3.8879047630 
 ###############################################################################

 After geometry   +    0.09 =    1156.1 seconds wall (    0.00 usr    0.00 sys)
  
 LATVEC: nlat1c,nlat2c,nlat =           1           1           1

  Atom
  Type  Shell  Min-alf     range
    1        0.129289   8.279963
    2        0.102474   9.300415
    3        0.143749   7.852478
    4        0.078997  10.592631
    5        0.095999   9.608947
    6        0.073120  11.010095
 Turnover EF->DM npopdm, npop0k=         105          79
 DEV264h/wkmem: perlsolv dist-mem
 DEV/wkmem: KPSTORE= F
 DEV/wkmem: psolv version, input do_psolv= F

 Need       26500-length r*4 array to pack grid wfcns/box
 Need      452875-length r*4 array to pack all grid wfcns
 Need       26500-length r*4 array for grid wfcns scratch
 WKMEM: using stripe-parallel+Merge  setup
 Minimum maxwkd for scf to complete=    29384385
 All grid wfcns stored in    226438 of 194809119 available
 WKMEM: in-core Broyden! uses    462690 out of 194582681 available
 >>>>> geom/basis data saved to file
  
 Atom type   1  radial valence charge =    5.999995363882
 Atom type   1      xc valence charge =    6.499995360087
  
 Atom type   2  radial valence charge =    0.999999985299
  
 Atom type   3  radial valence charge =    3.999996877569
  
 Atom type   4  radial valence charge =    9.999999976019
  
 Atom type   5  radial valence charge =    4.999999641069
  
 Atom type   6  radial valence charge =    3.999999473876
 mat0set: stripe-parallel, KPSTORE= F

   sij compute    +    0.28 =    1156.4 seconds wall (    0.01 usr    0.00 sys)

   sij/nlat-bcast +    0.00 =    1156.4 seconds wall (    0.00 usr    0.00 sys)

   vlocmat compute+    0.23 =    1156.7 seconds wall (    0.24 usr    0.00 sys)

   vlocmii compute+    0.02 =    1156.7 seconds wall (    0.02 usr    0.00 sys)

   nlocmat compute+    0.12 =    1156.8 seconds wall (    0.13 usr    0.00 sys)
 NLOCMAT: Max neqilat=           1

 After mat0set    +    0.04 =    1156.9 seconds wall (    0.03 usr    0.00 sys)
 Atom   2   Z=  6.0   occ=  6.00   rho=  5.9908535343   core=  0.0000000000
                               rho(xc)=  6.4908534496
     vxc(afsw):   -8.98271553  -8.71523580  -0.26747973  -0.00022970
     exc(afsw):   -6.96353456  -6.73488877  -0.22864579  -0.00018479
 Atom   3   Z=  6.0   occ=  6.00   rho=  5.9886946618   core=  0.0000000000
                               rho(xc)=  6.4886945764
     vxc(afsw):   -8.96829293  -8.70079640  -0.26749653  -0.00028397
     exc(afsw):   -6.96082614  -6.73216065  -0.22866549  -0.00022847
 Atom   4   Z=  6.0   occ=  6.00   rho=  5.9888307060   core=  0.0000000000
                               rho(xc)=  6.4888306193
     vxc(afsw):   -8.97007751  -8.70258232  -0.26749519  -0.00028054
     exc(afsw):   -6.96101999  -6.73235567  -0.22866432  -0.00022572
 Atom   7   Z=  6.0   occ=  6.00   rho=  5.9934898090   core=  0.0000000000
                               rho(xc)=  6.4934897311
     vxc(afsw):   -8.99494552  -8.72749439  -0.26745113  -0.00016345
     exc(afsw):   -6.96597978  -6.73735793  -0.22862185  -0.00013148
 Atom   8   Z=  6.0   occ=  6.00   rho=  5.9914581675   core=  0.0000000000
                               rho(xc)=  6.4914581057
     vxc(afsw):   -8.98681263  -8.71934278  -0.26746985  -0.00021449
     exc(afsw):   -6.96400056  -6.73535975  -0.22864080  -0.00017256
 Atom   9   Z=  6.0   occ=  6.00   rho=  5.9976511133   core=  0.0000000000
                               rho(xc)=  6.4976510431
     vxc(afsw):   -9.01604643  -8.74863905  -0.26740738  -0.00005895
     exc(afsw):   -6.96950511  -6.74092251  -0.22858260  -0.00004741
 Atom  10   Z=  6.0   occ=  6.00   rho=  5.9891080689   core=  0.0000000000
                               rho(xc)=  6.4891079905
     vxc(afsw):   -8.97297822  -8.70548554  -0.26749268  -0.00027357
     exc(afsw):   -6.96139712  -6.73273524  -0.22866188  -0.00022010
 Atom  11   Z=  1.0   occ=  1.00   rho=  0.9975700885   core=  0.0000000000
     vxc(afsw):   -0.79507653  -0.76971763  -0.02535890  -0.00003413
     exc(afsw):   -0.62685088  -0.60464748  -0.02220340  -0.00002878
 Atom  12   Z=  1.0   occ=  1.00   rho=  0.9960144198   core=  0.0000000000
     vxc(afsw):   -0.78978472  -0.76442715  -0.02535756  -0.00005585
     exc(afsw):   -0.62428272  -0.60207819  -0.02220453  -0.00004710
 Atom  14   Z=  4.0   occ=  4.00   rho=  3.9981036921   core=  0.0000000000
     vxc(afsw):   -3.87980401  -3.65687034  -0.22293367  -0.00004323
     exc(afsw):   -3.00506670  -2.81383656  -0.19123015  -0.00003330
 Atom  17   Z=  4.0   occ=  4.00   rho=  3.9970260393   core=  0.0000000000
     vxc(afsw):   -3.87971344  -3.65676447  -0.22294897  -0.00006786
     exc(afsw):   -3.00357249  -2.81233856  -0.19123393  -0.00005227
 Atom  18   Z=  4.0   occ=  4.00   rho=  3.9978949957   core=  0.0000000000
     vxc(afsw):   -3.88234069  -3.65940085  -0.22293984  -0.00004801
     exc(afsw):   -3.00473217  -2.81350145  -0.19123073  -0.00003698
 Atom  19   Z=  4.0   occ=  4.00   rho=  4.0030518603   core=  0.0000000000
     vxc(afsw):   -3.90684684  -3.68392827  -0.22291857   0.00006930
     exc(afsw):   -3.00795954  -2.81675072  -0.19120882   0.00005329
 Atom  20   Z=  4.0   occ=  4.00   rho=  3.9980632963   core=  0.0000000000
     vxc(afsw):   -3.88218324  -3.65924522  -0.22293802  -0.00004417
     exc(afsw):   -3.00491438  -2.81368428  -0.19123010  -0.00003402
 Atom  21   Z=  1.0   occ=  1.00   rho=  0.9969089920   core=  0.0000000000
     vxc(afsw):   -0.79273190  -0.76737340  -0.02535850  -0.00004338
     exc(afsw):   -0.62576331  -0.60355939  -0.02220392  -0.00003658
 Atom  22   Z=  1.0   occ=  1.00   rho=  0.9965451865   core=  0.0000000000
     vxc(afsw):   -0.79149213  -0.76613395  -0.02535818  -0.00004848
     exc(afsw):   -0.62516251  -0.60295833  -0.02220419  -0.00004088
 Atom  23   Z=  1.0   occ=  1.00   rho=  0.9963041722   core=  0.0000000000
     vxc(afsw):   -0.79071291  -0.76535500  -0.02535791  -0.00005183
     exc(afsw):   -0.62476320  -0.60255885  -0.02220434  -0.00004371
 Atom  24   Z=  1.0   occ=  1.00   rho=  0.9974214934   core=  0.0000000000
     vxc(afsw):   -0.79443061  -0.76907165  -0.02535897  -0.00003621
     exc(afsw):   -0.62661046  -0.60440690  -0.02220356  -0.00003053
 Atom  25   Z=  1.0   occ=  1.00   rho=  0.9972524588   core=  0.0000000000
     vxc(afsw):   -0.79393981  -0.76858111  -0.02535870  -0.00003859
     exc(afsw):   -0.62632832  -0.60412467  -0.02220365  -0.00003254
 Atom  26   Z=  1.0   occ=  1.00   rho=  0.9966111544   core=  0.0000000000
     vxc(afsw):   -0.79172665  -0.76636843  -0.02535823  -0.00004755
     exc(afsw):   -0.62527122  -0.60306709  -0.02220413  -0.00004010
 Atom  27   Z=  1.0   occ=  1.00   rho=  0.9960587367   core=  0.0000000000
     vxc(afsw):   -0.78992349  -0.76456587  -0.02535762  -0.00005524
     exc(afsw):   -0.62435630  -0.60215180  -0.02220450  -0.00004658
 Atom  28   Z=  1.0   occ=  1.00   rho=  0.9959430547   core=  0.0000000000
     vxc(afsw):   -0.78956538  -0.76420791  -0.02535747  -0.00005685
     exc(afsw):   -0.62416410  -0.60195952  -0.02220457  -0.00004793
 Atom  29   Z=  1.0   occ=  1.00   rho=  0.9964953011   core=  0.0000000000
     vxc(afsw):   -0.79133845  -0.76598034  -0.02535811  -0.00004917
     exc(afsw):   -0.62507962  -0.60287541  -0.02220422  -0.00004147
 Atom  30   Z=  1.0   occ=  1.00   rho=  0.9973369873   core=  0.0000000000
     vxc(afsw):   -0.79418931  -0.76883049  -0.02535882  -0.00003740
     exc(afsw):   -0.62646915  -0.60426554  -0.02220360  -0.00003154
 Atom  31   Z=  1.0   occ=  1.00   rho=  0.9974590121   core=  0.0000000000
     vxc(afsw):   -0.79455248  -0.76919349  -0.02535900  -0.00003568
     exc(afsw):   -0.62667245  -0.60446891  -0.02220354  -0.00003009
 Atom  32   Z=  1.0   occ=  1.00   rho=  0.9962932985   core=  0.0000000000
     vxc(afsw):   -0.79064973  -0.76529180  -0.02535793  -0.00005197
     exc(afsw):   -0.62474601  -0.60254165  -0.02220436  -0.00004382
 Atom  33   Z=  1.0   occ=  1.00   rho=  0.9978632582   core=  0.0000000000
     vxc(afsw):   -0.79559727  -0.77023754  -0.02535974  -0.00003000
     exc(afsw):   -0.62735073  -0.60514736  -0.02220337  -0.00002530
 Atom  34   Z=  1.0   occ=  1.00   rho=  0.9964582788   core=  0.0000000000
     vxc(afsw):   -0.79124479  -0.76588675  -0.02535803  -0.00004970
     exc(afsw):   -0.62501743  -0.60281320  -0.02220423  -0.00004191
 Atom  35   Z=  1.0   occ=  1.00   rho=  0.9962515919   core=  0.0000000000
     vxc(afsw):   -0.79053561  -0.76517775  -0.02535786  -0.00005257
     exc(afsw):   -0.62467627  -0.60247188  -0.02220438  -0.00004433
 Atom  36   Z=  1.0   occ=  1.00   rho=  0.9978355858   core=  0.0000000000
     vxc(afsw):   -0.79557761  -0.77021799  -0.02535963  -0.00003039
     exc(afsw):   -0.62730260  -0.60509923  -0.02220336  -0.00002562
 Atom  37   Z=  1.0   occ=  1.00   rho=  0.9975930884   core=  0.0000000000
     vxc(afsw):   -0.79518869  -0.76982987  -0.02535882  -0.00003381
     exc(afsw):   -0.62688664  -0.60468328  -0.02220336  -0.00002852
 Atom  38   Z=  1.0   occ=  1.00   rho=  0.9962566401   core=  0.0000000000
     vxc(afsw):   -0.79055880  -0.76520095  -0.02535785  -0.00005250
     exc(afsw):   -0.62468443  -0.60248005  -0.02220438  -0.00004427
 Atom  40   Z=  6.0   occ=  6.00   rho=  5.9912254594   core=  0.0000000000
                               rho(xc)=  6.4912253826
     vxc(afsw):   -8.98459094  -8.71711452  -0.26747642  -0.00022035
     exc(afsw):   -6.96392456  -6.73528216  -0.22864240  -0.00017727
 Atom  41   Z=  6.0   occ=  6.00   rho=  5.9962818280   core=  0.0000000000
                               rho(xc)=  6.4962817794
     vxc(afsw):   -9.00756995  -8.74015498  -0.26741497  -0.00009332
     exc(afsw):   -6.96821650  -6.73962039  -0.22859611  -0.00007506
 Atom  42   Z=  4.0   occ=  4.00   rho=  3.9975578948   core=  0.0000000000
     vxc(afsw):   -3.88249724  -3.65955351  -0.22294373  -0.00005571
     exc(afsw):   -3.00433601  -2.81310406  -0.19123196  -0.00004291
 Atom  44   Z=  4.0   occ=  4.00   rho=  3.9979661478   core=  0.0000000000
     vxc(afsw):   -3.88142454  -3.65848699  -0.22293754  -0.00004638
     exc(afsw):   -3.00485191  -2.81362137  -0.19123054  -0.00003573
 Atom  45   Z=  4.0   occ=  4.00   rho=  3.9983478549   core=  0.0000000000
     vxc(afsw):   -3.88028022  -3.65734812  -0.22293210  -0.00003766
     exc(afsw):   -3.00527465  -2.81404546  -0.19122918  -0.00002901
 Atom  46   Z=  1.0   occ=  1.00   rho=  0.9976146156   core=  0.0000000000
     vxc(afsw):   -0.79522756  -0.76986866  -0.02535890  -0.00003351
     exc(afsw):   -0.62692356  -0.60472020  -0.02220336  -0.00002826
 Atom  47   Z=  1.0   occ=  1.00   rho=  0.9963659837   core=  0.0000000000
     vxc(afsw):   -0.79090104  -0.76554304  -0.02535799  -0.00005097
     exc(afsw):   -0.62486597  -0.60266167  -0.02220431  -0.00004298
 Atom  48   Z=  1.0   occ=  1.00   rho=  0.9962817591   core=  0.0000000000
     vxc(afsw):   -0.79065281  -0.76529495  -0.02535787  -0.00005216
     exc(afsw):   -0.62472565  -0.60252130  -0.02220435  -0.00004398
 Atom  49   Z=  1.0   occ=  1.00   rho=  0.9966463411   core=  0.0000000000
     vxc(afsw):   -0.79187504  -0.76651683  -0.02535821  -0.00004707
     exc(afsw):   -0.62532824  -0.60312414  -0.02220410  -0.00003970
 Atom  50   Z=  1.0   occ=  1.00   rho=  0.9959431162   core=  0.0000000000
     vxc(afsw):   -0.78956439  -0.76420693  -0.02535747  -0.00005684
     exc(afsw):   -0.62416423  -0.60195966  -0.02220457  -0.00004793
 Atom  51   Z=  1.0   occ=  1.00   rho=  0.9959295654   core=  0.0000000000
     vxc(afsw):   -0.78952501  -0.76416756  -0.02535745  -0.00005704
     exc(afsw):   -0.62414164  -0.60193706  -0.02220458  -0.00004810
 Atom  52   Z=  1.0   occ=  1.00   rho=  0.9977170695   core=  0.0000000000
     vxc(afsw):   -0.79549057  -0.77013144  -0.02535913  -0.00003206
     exc(afsw):   -0.62709637  -0.60489304  -0.02220332  -0.00002704
 Atom  53   Z=  1.0   occ=  1.00   rho=  0.9964618536   core=  0.0000000000
     vxc(afsw):   -0.79121797  -0.76585988  -0.02535809  -0.00004963
     exc(afsw):   -0.62502463  -0.60282039  -0.02220424  -0.00004185
 Atom  54   Z=  1.0   occ=  1.00   rho=  0.9961313319   core=  0.0000000000
     vxc(afsw):   -0.79015411  -0.76479640  -0.02535771  -0.00005424
     exc(afsw):   -0.62447674  -0.60227229  -0.02220446  -0.00004574
 Atom  55   Z=  1.0   occ=  1.00   rho=  0.9972488838   core=  0.0000000000
     vxc(afsw):   -0.79395901  -0.76860036  -0.02535865  -0.00003864
     exc(afsw):   -0.62632133  -0.60411769  -0.02220364  -0.00003259
 ***** CAUTION: grid fineness questionable

 grid0xc compute+    0.48 =    1157.3 seconds wall (    0.48 usr   -0.00 sys)

 grid0xc Merge  +    0.04 =    1157.4 seconds wall (    0.00 usr    0.03 sys)

 grid0xc Bcast  +    0.13 =    1157.5 seconds wall (    0.13 usr    0.00 sys)


 AFTER SETUP PHASE+    6.45 =    1163.9 seconds wall (    0.17 usr    0.34 sys)

  
 *************************  iteration   0 begins here  *************************


 Before iterations+    0.05 =    1164.0 seconds wall (    0.04 usr    0.00 sys)
  
 grid-integrated up-density total =       78.4330574948
 grid-integrated dn-density total =       78.4330574948
 grid-integrated valence-density total =      156.8661149896
 Harris Fcnal XC piece=       42.6978073524
  
  

 After 0 iteration+    0.54 =    1164.5 seconds wall (    0.50 usr    0.04 sys)
 *************************  iteration   1 begins here  *************************


 erlsolv/begin  +    0.02 =    1164.6 seconds wall (    0.01 usr    0.00 sys)
 PERLSOLV: kpp-copmatible version

 erlsolv/schroed+    0.08 =    1164.6 seconds wall (    0.06 usr    0.01 sys)

 erlsolv/pop    +    0.00 =    1164.6 seconds wall (    0.00 usr    0.00 sys)

 erlsolv/dmat compute+    0.01 =    1164.6 seconds wall (    0.00 usr    0.00 sys)

 erlsolv/dmat compute+    0.03 =    1164.7 seconds wall (    0.00 usr    0.00 sys)

 erlsolv/rhoij  +    0.01 =    1164.7 seconds wall (    0.00 usr    0.01 sys)

 spin-up fermi level =   -0.350711 Ry,   gap(0K)= 0.198594 Ry = 2.702 eV
 spin-dn fermi level =   -0.451935 Ry,   gap(0K)= 0.004057 Ry = 0.055 eV

 k-vector:                  1
  weight:               1.000000
            level/UP/occup       level/DN/occup
  
    1    -1.943958  1.0000    -1.943958  1.0000
    2    -1.933040  1.0000    -1.933040  1.0000
    3    -1.920649  1.0000    -1.920649  1.0000
    4    -1.845042  1.0000    -1.845042  1.0000
             ...      ...         ...      ...
   60    -0.699016  1.0000    -0.699016  1.0000
   61    -0.696636  1.0000    -0.696636  1.0000
   62    -0.681412  1.0000    -0.681412  1.0000
   63    -0.678390  1.0000    -0.678390  1.0000
   64    -0.659962  1.0000    -0.659962  1.0000
   65    -0.643853  1.0000    -0.643853  1.0000
   66    -0.632298  1.0000    -0.632298  1.0000
   67    -0.625727  1.0000    -0.625727  1.0000
   68    -0.619790  1.0000    -0.619790  1.0000
   69    -0.611818  1.0000    -0.611818  1.0000
   70    -0.602836  1.0000    -0.602836  1.0000
   71    -0.594967  1.0000    -0.594967  1.0000
   72    -0.584836  1.0000    -0.584836  1.0000
   73    -0.577634  1.0000    -0.577634  1.0000
   74    -0.575532  1.0000    -0.575532  1.0000
   75    -0.556089  1.0000    -0.556089  1.0000
   76    -0.513580  1.0000    -0.513580  0.9979
   77    -0.510492  1.0000    -0.510492  0.9971
   78    -0.454065  1.0000    -0.454065  0.5530
   79    -0.450008  1.0000    -0.450008  0.4520
   80    -0.251414  0.0000    -0.251414  0.0000
   81    -0.058387  0.0000    -0.058387  0.0000
   82    -0.014637  0.0000    -0.014637  0.0000
   83    -0.003513  0.0000    -0.003513  0.0000
   84     0.019147  0.0000     0.019147  0.0000
   85     0.026255  0.0000     0.026255  0.0000
   86     0.037019  0.0000     0.037019  0.0000
   87     0.049015  0.0000     0.049015  0.0000
             ...      ...         ...      ...
  200     1.044814  0.0000     1.044814  0.0000
  
 delta movement in up-elecs =        9.7677021851
 delta movement in dn-elecs =        9.6544652315
 delta movement in electrons =       19.1921174948

 one-center local charge defect =         0.07769497

 one-center local charge defect =         0.07649567

 LMCC local dipole, |dip|=        4.5714067582
 Using LMCC treatment of supercell electrostatics
 DBG/LMCCINT, esns diagnostics redone
 LMCC chemical potential shift(Ry,eV)=       -0.0000027238       -0.0000370594
 LMCC esns total grid integral=        2.2449684706
  
 grid-integrated up-density total =       78.9146089563
 grid-integrated dn-density total =       77.9158087911
 grid-integrated valence-density total =      156.8304177474
  
 TOTAL single particle eigenvalue sum=      -152.5990852044
  
 rms,max scfchange=  1.1517D-02  6.8044D-01 for component#    310898
 electronic meth_bl(BROYDEN)=           1
>>>>> Broyden: first step (elec) simple blend ratio= 0.300000
<<<<< Broyden step complete, scf step=     1

 After blending   +   15.35 =    1180.0 seconds wall (    5.11 usr    0.81 sys)
  
 *************************  iteration   2 begins here  *************************


 erlsolv/begin  +    0.02 =    1180.0 seconds wall (    0.00 usr    0.00 sys)
 PERLSOLV: kpp-copmatible version

 erlsolv/schroed+    0.09 =    1180.1 seconds wall (    0.07 usr    0.00 sys)

 erlsolv/pop    +    0.00 =    1180.1 seconds wall (    0.00 usr    0.00 sys)

 erlsolv/dmat compute+    0.00 =    1180.1 seconds wall (    0.00 usr    0.00 sys)

 erlsolv/dmat compute+    0.01 =    1180.1 seconds wall (    0.00 usr    0.00 sys)

 erlsolv/rhoij  +    0.01 =    1180.1 seconds wall (    0.00 usr    0.00 sys)

 spin-up fermi level =   -0.400239 Ry,   gap(0K)= 0.126042 Ry = 1.715 eV
 spin-dn fermi level =   -0.467928 Ry,   gap(0K)= 0.016183 Ry = 0.220 eV
  
 delta movement in up-elecs =        8.0240170392
 delta movement in dn-elecs =        8.1477388922
 delta movement in electrons =       15.9568099774

 one-center local charge defect =         0.07626892

 one-center local charge defect =         0.07458830

 LMCC local dipole, |dip|=        3.2286279424
 Using LMCC treatment of supercell electrostatics
 DBG/LMCCINT, esns diagnostics redone
 LMCC chemical potential shift(Ry,eV)=       -0.0000108699       -0.0001478935
 LMCC esns total grid integral=        1.1521231955
  
 grid-integrated up-density total =       78.9162007240
 grid-integrated dn-density total =       77.9178867864
 grid-integrated valence-density total =      156.8340875104
  
 TOTAL single particle eigenvalue sum=      -148.3603637666
  
 rms,max scfchange=  8.3248D-03  7.7271D-01 for component#     53849
 electronic meth_bl(BROYDEN)=           1
>>>>> Broyden blend to get next step - elec
<<<<< Broyden step complete, scf step=     2

 After blending   +   17.60 =    1197.8 seconds wall (    5.14 usr    0.81 sys)
  
 *************************  iteration   3 begins here  *************************


 erlsolv/begin  +    0.00 =    1197.8 seconds wall (    0.00 usr    0.00 sys)
 PERLSOLV: kpp-copmatible version

 erlsolv/schroed+    0.08 =    1197.8 seconds wall (    0.06 usr    0.01 sys)

 erlsolv/pop    +    0.00 =    1197.8 seconds wall (    0.00 usr    0.00 sys)

 erlsolv/dmat compute+    0.01 =    1197.8 seconds wall (    0.00 usr    0.00 sys)

 erlsolv/dmat compute+    0.00 =    1197.8 seconds wall (    0.00 usr    0.00 sys)

 erlsolv/rhoij  +    0.01 =    1197.8 seconds wall (    0.00 usr    0.00 sys)

 spin-up fermi level =   -0.354578 Ry,   gap(0K)= 0.163955 Ry = 2.231 eV
 spin-dn fermi level =   -0.433128 Ry,   gap(0K)= 0.018704 Ry = 0.254 eV
  
 delta movement in up-elecs =        7.9268700264
 delta movement in dn-elecs =        7.7373586522
 delta movement in electrons =       15.4113904925

 one-center local charge defect =         0.07645444

 one-center local charge defect =         0.07516451

 LMCC local dipole, |dip|=        3.2009978612
 Using LMCC treatment of supercell electrostatics
 DBG/LMCCINT, esns diagnostics redone
 LMCC chemical potential shift(Ry,eV)=        0.0000041166        0.0000560098
 LMCC esns total grid integral=        0.9603273265
  
 grid-integrated up-density total =       78.9160642557
 grid-integrated dn-density total =       77.9173554755
 grid-integrated valence-density total =      156.8334197312
  
 TOTAL single particle eigenvalue sum=      -146.4523351617
  
 rms,max scfchange=  4.7711D-03  4.7996D-01 for component#     53849
 electronic meth_bl(BROYDEN)=           1
>>>>> Broyden blend to get next step - elec
<<<<< Broyden step complete, scf step=     3

 After blending   +   13.30 =    1211.1 seconds wall (    5.12 usr    0.82 sys)
  
 *************************  iteration   4 begins here  *************************


 erlsolv/begin  +    0.09 =    1211.2 seconds wall (    0.08 usr    0.00 sys)
 PERLSOLV: kpp-copmatible version

 erlsolv/schroed+    0.08 =    1211.3 seconds wall (    0.06 usr    0.01 sys)

 erlsolv/pop    +    0.00 =    1211.3 seconds wall (    0.00 usr    0.00 sys)

 erlsolv/dmat compute+    0.00 =    1211.3 seconds wall (    0.00 usr    0.00 sys)

 erlsolv/dmat compute+    0.01 =    1211.3 seconds wall (    0.00 usr    0.00 sys)

 erlsolv/rhoij  +    0.02 =    1211.3 seconds wall (    0.00 usr    0.01 sys)

 spin-up fermi level =   -0.370726 Ry,   gap(0K)= 0.169906 Ry = 2.312 eV
 spin-dn fermi level =   -0.442208 Ry,   gap(0K)= 0.023855 Ry = 0.325 eV
  
 delta movement in up-elecs =        7.6878272650
 delta movement in dn-elecs =        7.4671136565
 delta movement in electrons =       14.9069873163

 one-center local charge defect =         0.07644848

 one-center local charge defect =         0.07520456

 LMCC local dipole, |dip|=        2.8477389052
 Using LMCC treatment of supercell electrostatics
 DBG/LMCCINT, esns diagnostics redone
 LMCC chemical potential shift(Ry,eV)=        0.0000032340        0.0000440015
 LMCC esns total grid integral=        0.7968899265
  
 grid-integrated up-density total =       78.9161232645
 grid-integrated dn-density total =       77.9173683709
 grid-integrated valence-density total =      156.8334916354
  
 TOTAL single particle eigenvalue sum=      -145.8848710870
  
 rms,max scfchange=  2.9480D-03  2.7635D-01 for component#     53849
 electronic meth_bl(BROYDEN)=           1
>>>>> Broyden blend to get next step - elec
<<<<< Broyden step complete, scf step=     4

 After blending   +   11.28 =    1222.6 seconds wall (    4.71 usr    0.82 sys)
  
 *************************  iteration   5 begins here  *************************


 erlsolv/begin  +    0.01 =    1222.6 seconds wall (    0.00 usr    0.00 sys)
 PERLSOLV: kpp-copmatible version

 erlsolv/schroed+    0.08 =    1222.7 seconds wall (    0.06 usr    0.00 sys)

 erlsolv/pop    +    0.00 =    1222.7 seconds wall (    0.00 usr    0.00 sys)

 erlsolv/dmat compute+    0.00 =    1222.7 seconds wall (    0.00 usr    0.00 sys)

 erlsolv/dmat compute+    0.01 =    1222.7 seconds wall (    0.00 usr    0.00 sys)

 erlsolv/rhoij  +    0.01 =    1222.7 seconds wall (    0.00 usr    0.01 sys)

 spin-up fermi level =   -0.385465 Ry,   gap(0K)= 0.171535 Ry = 2.334 eV
 spin-dn fermi level =   -0.448640 Ry,   gap(0K)= 0.027491 Ry = 0.374 eV
  
 delta movement in up-elecs =        7.6346821052
 delta movement in dn-elecs =        7.3445995920
 delta movement in electrons =       14.7524766034

 one-center local charge defect =         0.07641212

 one-center local charge defect =         0.07508054

 LMCC local dipole, |dip|=        2.0241723392
 Using LMCC treatment of supercell electrostatics
 DBG/LMCCINT, esns diagnostics redone
 LMCC chemical potential shift(Ry,eV)=        0.0000013416        0.0000182540
 LMCC esns total grid integral=        0.7210211219
  
 grid-integrated up-density total =       78.9161744656
 grid-integrated dn-density total =       77.9175066067
 grid-integrated valence-density total =      156.8336810723
  
 TOTAL single particle eigenvalue sum=      -146.0871764080
  
 rms,max scfchange=  8.7644D-04  7.7304D-02 for component#     53849
 electronic meth_bl(BROYDEN)=           1
>>>>> Broyden blend to get next step - elec
<<<<< Broyden step complete, scf step=     5

 After blending   +   23.60 =    1246.3 seconds wall (    5.29 usr    0.82 sys)
  
 *************************  iteration   6 begins here  *************************


 erlsolv/begin  +    0.00 =    1246.3 seconds wall (    0.00 usr    0.00 sys)
 PERLSOLV: kpp-copmatible version

 erlsolv/schroed+    0.09 =    1246.4 seconds wall (    0.06 usr    0.01 sys)

 erlsolv/pop    +    0.00 =    1246.4 seconds wall (    0.00 usr    0.00 sys)

 erlsolv/dmat compute+    0.00 =    1246.4 seconds wall (    0.00 usr    0.00 sys)

 erlsolv/dmat compute+    0.01 =    1246.4 seconds wall (    0.00 usr    0.00 sys)

 erlsolv/rhoij  +    0.01 =    1246.4 seconds wall (    0.00 usr    0.01 sys)

 spin-up fermi level =   -0.386991 Ry,   gap(0K)= 0.167217 Ry = 2.275 eV
 spin-dn fermi level =   -0.445216 Ry,   gap(0K)= 0.019643 Ry = 0.267 eV
  
 delta movement in up-elecs =        7.6187214695
 delta movement in dn-elecs =        7.3175044462
 delta movement in electrons =       14.6980439699

 one-center local charge defect =         0.07642331

 one-center local charge defect =         0.07504417

 LMCC local dipole, |dip|=        1.5862932890
 Using LMCC treatment of supercell electrostatics
 DBG/LMCCINT, esns diagnostics redone
 LMCC chemical potential shift(Ry,eV)=       -0.0000007059       -0.0000096041
 LMCC esns total grid integral=        0.6971002451
  
 grid-integrated up-density total =       78.9161737059
 grid-integrated dn-density total =       77.9175539816
 grid-integrated valence-density total =      156.8337276876
  
 TOTAL single particle eigenvalue sum=      -146.1447842937
  
 rms,max scfchange=  8.6934D-04  9.1090D-02 for component#     55373
 electronic meth_bl(BROYDEN)=           1
>>>>> Broyden blend to get next step - elec
<<<<< Broyden step complete, scf step=     6

 After blending   +   21.91 =    1268.3 seconds wall (    5.34 usr    0.81 sys)
  
 *************************  iteration   7 begins here  *************************


 erlsolv/begin  +    0.00 =    1268.3 seconds wall (    0.00 usr    0.00 sys)
 PERLSOLV: kpp-copmatible version

 erlsolv/schroed+    0.08 =    1268.4 seconds wall (    0.06 usr    0.01 sys)

 erlsolv/pop    +    0.00 =    1268.4 seconds wall (    0.00 usr    0.00 sys)

 erlsolv/dmat compute+    0.01 =    1268.4 seconds wall (    0.00 usr    0.00 sys)

 erlsolv/dmat compute+    0.00 =    1268.4 seconds wall (    0.00 usr    0.00 sys)

 erlsolv/rhoij  +    0.01 =    1268.4 seconds wall (    0.00 usr    0.01 sys)

 spin-up fermi level =   -0.386790 Ry,   gap(0K)= 0.173641 Ry = 2.363 eV
 spin-dn fermi level =   -0.445048 Ry,   gap(0K)= 0.029664 Ry = 0.404 eV
  
 delta movement in up-elecs =        7.6176414036
 delta movement in dn-elecs =        7.3373173719
 delta movement in electrons =       14.7121666799

 one-center local charge defect =         0.07640650

 one-center local charge defect =         0.07510866

 LMCC local dipole, |dip|=        1.9544782639
 Using LMCC treatment of supercell electrostatics
 DBG/LMCCINT, esns diagnostics redone
 LMCC chemical potential shift(Ry,eV)=        0.0000010810        0.0000147081
 LMCC esns total grid integral=        0.7085478247
  
 grid-integrated up-density total =       78.9161930788
 grid-integrated dn-density total =       77.9174918589
 grid-integrated valence-density total =      156.8336849376
  
 TOTAL single particle eigenvalue sum=      -146.0846371380
  
 rms,max scfchange=  5.1788D-04  5.0493D-02 for component#     53849
 electronic meth_bl(BROYDEN)=           1
>>>>> Broyden blend to get next step - elec
<<<<< Broyden step complete, scf step=     7

 After blending   +   17.62 =    1286.1 seconds wall (    5.08 usr    0.80 sys)
  
 *************************  iteration   8 begins here  *************************


 erlsolv/begin  +    1.43 =    1287.5 seconds wall (    1.42 usr    0.00 sys)
 PERLSOLV: kpp-copmatible version

 erlsolv/schroed+    0.09 =    1287.6 seconds wall (    0.06 usr    0.00 sys)

 erlsolv/pop    +    0.00 =    1287.6 seconds wall (    0.00 usr    0.00 sys)

 erlsolv/dmat compute+    0.00 =    1287.6 seconds wall (    0.00 usr    0.00 sys)

 erlsolv/dmat compute+    0.01 =    1287.6 seconds wall (    0.00 usr    0.00 sys)

 erlsolv/rhoij  +    0.01 =    1287.6 seconds wall (    0.00 usr    0.01 sys)

 spin-up fermi level =   -0.387689 Ry,   gap(0K)= 0.170355 Ry = 2.318 eV
 spin-dn fermi level =   -0.443276 Ry,   gap(0K)= 0.028102 Ry = 0.382 eV
  
 delta movement in up-elecs =        7.6121395056
 delta movement in dn-elecs =        7.3388089399
 delta movement in electrons =       14.6946215113

 one-center local charge defect =         0.07639335

 one-center local charge defect =         0.07509312

 LMCC local dipole, |dip|=        1.7785075145
 Using LMCC treatment of supercell electrostatics
 DBG/LMCCINT, esns diagnostics redone
 LMCC chemical potential shift(Ry,eV)=        0.0000005013        0.0000068207
 LMCC esns total grid integral=        0.7012820111
  
 grid-integrated up-density total =       78.9162120025
 grid-integrated dn-density total =       77.9175136463
 grid-integrated valence-density total =      156.8337256488
  
 TOTAL single particle eigenvalue sum=      -146.0959829760
  
 rms,max scfchange=  1.1070D-04  1.1917D-02 for component#      2033
 ######################  ENERGY ANALYSIS  #######################
    Spherical-atom es ENERGY correction =      -444.3664168176
    Full spherical atom trace ENERGY =         -229.3881750550
    Spherical-atom-Vxc trace ENERGY =           266.1593503110
    non-spherical es ENERGY =                     0.7013122876
    Total Exc ENERGY =                         -146.2610121810

    total kinetic trace ENERGY =          403.4944622605
    non-local ps-pot trace ENERGY =        56.9217524521
    total electrostatic ENERGY =         -867.3101439866
    Total Vxc ENERGY =                   -189.7257904610

    TOTAL ENERGY (Rydberg) =                   -553.1549414550

 ################################################################

 After blending   +   23.13 =    1310.7 seconds wall (    5.15 usr    0.81 sys)
  
 >>>>> self-consistency achieved, iteration   8


 Final GAP(eV)=  2.3178 (up),  0.3823 (dn)

 spin-up fermi level =   -0.387689 Ry,   gap(0K)= 0.170355 Ry = 2.318 eV
 spin-dn fermi level =   -0.443276 Ry,   gap(0K)= 0.028102 Ry = 0.382 eV

 k-vector:                  1
  weight:               1.000000
            level/UP/occup       level/DN/occup
  
    1    -2.000615  1.0000    -1.998369  1.0000
    2    -1.951759  1.0000    -1.950682  1.0000
    3    -1.932760  1.0000    -1.930773  1.0000
    4    -1.887994  1.0000    -1.879954  1.0000
             ...      ...         ...      ...
   60    -0.639032  1.0000    -0.638299  1.0000
   61    -0.629461  1.0000    -0.622569  1.0000
   62    -0.618387  1.0000    -0.617770  1.0000
   63    -0.615191  1.0000    -0.613606  1.0000
   64    -0.610598  1.0000    -0.608755  1.0000
   65    -0.608030  1.0000    -0.605272  1.0000
   66    -0.598512  1.0000    -0.594324  1.0000
   67    -0.577450  1.0000    -0.571162  1.0000
   68    -0.569762  1.0000    -0.565269  1.0000
   69    -0.561791  1.0000    -0.552992  1.0000
   70    -0.555718  1.0000    -0.547557  1.0000
   71    -0.540016  1.0000    -0.529823  0.9998
   72    -0.531680  1.0000    -0.522227  0.9996
   73    -0.525528  1.0000    -0.516257  0.9993
   74    -0.505399  1.0000    -0.499025  0.9962
   75    -0.493248  1.0000    -0.487557  0.9882
   76    -0.489522  1.0000    -0.471864  0.9458
   77    -0.482915  0.9999    -0.471022  0.9413
   78    -0.480674  0.9999    -0.461424  0.8599
   79    -0.478521  0.9999    -0.433323  0.2699
   80    -0.308167  0.0004    -0.295832  0.0000
   81    -0.091452  0.0000    -0.086638  0.0000
   82    -0.056203  0.0000    -0.055437  0.0000
   83    -0.025691  0.0000    -0.022023  0.0000
   84    -0.001358  0.0000    -0.000358  0.0000
   85     0.010341  0.0000     0.011471  0.0000
   86     0.034948  0.0000     0.037211  0.0000
   87     0.041648  0.0000     0.042336  0.0000
   88     0.053647  0.0000     0.054389  0.0000
             ...      ...         ...      ...
  200     1.081126  0.0000     1.082138  0.0000
  
 >>>>> grid delta-density saved to file

 FINAL CONVERGED ENERGY (Rydberg) =     -553.1549414550
 Binding energy =      -39.9195464550 Ry =           -543.1376 eV

 AFTER ITERATIONS +    0.38 =    1311.1 seconds wall (    0.00 usr    0.02 sys)
 Atom  20   Z=  4.0   occ=  4.00   rho=  3.9980632963   core=  0.0000000000
     vxc(afs ):   -3.88218324  -3.65924522  -0.22293802
     exc(afs ):   -3.00491438  -2.81368428  -0.19123010
 Atom  40   Z=  6.0   occ=  6.00   rho=  5.9912254594   core=  0.0000000000
                               rho(xc)=  6.4912253826
     vxc(afs ):   -8.98459094  -8.71711452  -0.26747642
     exc(afs ):   -6.96392456  -6.73528216  -0.22864240

 atom xc0frc stress term=      121.5799295835
 mat0frc: stripe-parallel, KPSTORE= F
  
 total force contributions(Ry/bohr):
        atom       x force          y force          z force
          1      0.0000220594     0.0000757679    -0.0000269385
          2      0.0000044628     0.0000120063     0.0000053084
          3      0.0000237833    -0.0000116763    -0.0000034160
          4     -0.0000163934     0.0000048928    -0.0000067577
          5      0.0000649184     0.0000774578    -0.0000047453
          6     -0.0002091183    -0.0001107308    -0.0000396059
          7      0.0000691395    -0.0000197405    -0.0000382277
          8      0.0000025945     0.0000541312     0.0001152806
          9     -0.0001125913     0.0000522549    -0.0000194204
         10     -0.0000325915     0.0000000000    -0.0000015602
         11      0.0000296042     0.0000186034     0.0000347194
         12      0.0000148003    -0.0000109204     0.0000032342
         13     -0.0000350346    -0.0000389228     0.0000254948
         14      0.0003315937    -0.0000803809    -0.0000796690
         15      0.0001459629    -0.0001224002    -0.0000714757
         16      0.0001850441    -0.0001850342    -0.0000395257
         17      0.0009852122     0.0002133547     0.0000513415
         18     -0.0000276765     0.0000000000     0.0000104383
         19     -0.0000119950    -0.0000195420     0.0000746897
         20     -0.0000047979     0.0000275517     0.0000105624
         21      0.0000602618     0.0000149715    -0.0000593895
         22      0.0000455483    -0.0000267345    -0.0000171877
         23      0.0000301395    -0.0000568386    -0.0000534323
         24      0.0003717255    -0.0001575355    -0.0000803613
         25      0.0000594258    -0.0000563908     0.0000082613
         26      0.0000791876    -0.0001587263    -0.0001431688
         27      0.0004379278     0.0000425976     0.0003058518
         28      0.0001151351     0.0000090999     0.0000475408
         29     -0.0000710604    -0.0001600608     0.0000456306
         30      0.0000036448    -0.0000092159     0.0000152581
         31     -0.0000102573    -0.0000133219     0.0000254617
         32     -0.0000177131    -0.0000136262     0.0000071786
         33      0.0000162244    -0.0000059628     0.0000798869
         34      0.0000141089    -0.0000203855     0.0000492646
         35      0.0000150439    -0.0000277264    -0.0000032912
         36      0.0000110666    -0.0000278832    -0.0000037891
         37      0.0000071036    -0.0000139946    -0.0000067743
         38     -0.0000174803    -0.0000185433    -0.0000067015
         39      0.0000083677    -0.0000013503    -0.0000227441
         40      0.0000152206     0.0000189091     0.0000077411
         41      0.0000099349     0.0000097624     0.0000275341
         42     -0.0000029471     0.0000093354    -0.0000096335
         43      0.0000080538     0.0000026888    -0.0000014864
         44     -0.0000011800    -0.0000033522    -0.0000017052
         45      0.0000049560     0.0000164783     0.0000029657
         46     -0.0000082635    -0.0000104580    -0.0000156160
         47      0.0000020986    -0.0000013870    -0.0000015812
         48      0.0000064266     0.0000022713     0.0000083400
         49      0.0000020822    -0.0000029810     0.0000012563
         50      0.0000000000    -0.0000039638    -0.0000040239
         51     -0.0000011803     0.0000012417    -0.0000026108
         52     -0.0000012157     0.0000015463     0.0000000000
         53     -0.0000025671     0.0000000000     0.0000000000
         54      0.0000014543     0.0000015642     0.0000000000
         55      0.0000082717     0.0000032230    -0.0000034473
      f-defect        0.0026285220    -0.0007200764     0.0001949549

 AFTER FORCE RTNS +    0.77 =    1311.9 seconds wall (    0.74 usr    0.02 sys)
  
 >>>>> GSELECT begins, nslics=           0
 <<<<< GSELECT ends
 rms,max force=  1.8982D-04  1.0094D-03 for component#       17
 dynamics update step #           8
ASD: min/max mass factors=   0.1984   2.0000
 >>>>> GUPDATE begins, nslics=           0
 GUPDATE: Largest relax: atom#, dr(au)=    27    0.000979
 <<<<< GUPDATE ends

 ###############################################################################
   NEW GEOMETRY for step   9, of   9 total
atom, type, position;  step#      9
 AT1          Pt               -0.3474973443    1.4048343395   -0.1866345175 
 AT2          O                 2.4217534400    3.7110867434   -1.0033271744 
 AT3          O                -3.2968601135   -0.9759137677    0.0669622920 
 AT4          O                 1.3868639897   -1.9022749139   -1.0119146626 
 AT5          P                -4.8626095171   -0.6726797473   -2.5732850761 
 AT6          P                 3.3174535967   -2.7030767311    1.2368989244 
 AT7          O                -2.8826443995   -1.7593745399   -4.7328134245 
 AT8          O                -5.6619658538    1.9857917626   -3.3133103106 
 AT9          O                 5.2821584211   -0.8134993723    1.9310373100 
 AT10         O                 4.7692074506   -5.1350336837    0.0195909065 
 AT11         H                -2.1320805174   -3.4168741251   -4.3567181668 
 AT12         H                 3.5629565290   -6.3315732829   -0.7157113767 
 AT13         C                 1.7158766657   -3.6406139159    4.1891929276 
 AT14         C                -7.5439984842   -2.9369779805   -2.3403901556 
 AT15         C                -9.2889080631   -2.2599587381   -0.1225384758 
 AT16         C                -9.0102450297   -2.9347158980   -4.8519471308 
 AT17         C                -6.5331408598   -5.6244498123   -1.9275171941 
 AT18         C                -0.4384558681   -5.5437087780    3.8254308434 
 AT19         C                 0.6823563558   -1.2056723420    5.4005426969 
 AT20         C                 3.7051965422   -4.7548809805    6.0006499562 
 AT21         H                -9.9939744819   -0.3061620461   -0.2291663907 
 AT22         H                -8.2831219538   -2.5433181733    1.6673699520 
 AT23         H               -10.9548487194   -3.5136604060   -0.1914580075 
 AT24         H                -9.9516188934   -1.1512247656   -5.3320326724 
 AT25         H               -10.4924686927   -4.4071745511   -4.8167255321 
 AT26         H                -7.7403638426   -3.4544871224   -6.3996588560 
 AT27         H                -5.3810727475   -5.8084508378   -0.2184620704 
 AT28         H                -5.4265138837   -6.3255539081   -3.5306654294 
 AT29         H                -8.1751215539   -6.8709585813   -1.6781095785 
 AT30         H                -1.9928639394   -4.8705341211    2.6186975765 
 AT31         H                -1.1983462905   -5.9140602599    5.7298054031 
 AT32         H                 0.2510740407   -7.3391646701    3.0531780808 
 AT33         H                -0.7141427970   -0.2588567786    4.1827425244 
 AT34         H                 2.1583548856    0.1835436680    5.8150154610 
 AT35         H                -0.2542040505   -1.6640755028    7.2015602154 
 AT36         H                 4.4168140710   -6.6128720119    5.3931719623 
 AT37         H                 2.6911415286   -4.9774607042    7.7961473880 
 AT38         H                 5.3302693385   -3.4988015272    6.2948958386 
 AT39         P                 1.3908992690    6.4152922458   -0.0153712602 
 AT40         O                -1.7976546467    5.5880275916    0.5438895028 
 AT41         O                 2.4129828295    7.1009078910    2.4893974989 
 AT42         C                 1.8116087419    8.9703447029   -2.3773737197 
 AT43         C                 0.8245080175    8.4060951582   -5.0298237244 
 AT44         C                 0.4479257225   11.3058183401   -1.3007691275 
 AT45         C                 4.6903699782    9.4454530551   -2.4666548924 
 AT46         H                -2.6975452536    5.4358418225   -1.1069715875 
 AT47         H                 1.6745766011    6.7253768326   -5.8693867224 
 AT48         H                 1.1981092150   10.0337788544   -6.2779284195 
 AT49         H                -1.2254055721    8.1622451235   -4.9884681408 
 AT50         H                -1.6017243641   11.0109924024   -1.1634836128 
 AT51         H                 0.7329021239   12.8949978286   -2.6010680944 
 AT52         H                 1.1552395460   11.8815271222    0.5686582271 
 AT53         H                 5.7851645886    7.7773759328   -3.0531385153 
 AT54         H                 5.4115198823   10.0929513748   -0.6480716053 
 AT55         H                 4.9652148448   10.9490015368   -3.8879120552 
 ###############################################################################

 After geometry   +    0.12 =    1312.0 seconds wall (    0.00 usr    0.00 sys)
  
 LATVEC: nlat1c,nlat2c,nlat =           1           1           1

  Atom
  Type  Shell  Min-alf     range
    1        0.129289   8.279963
    2        0.102474   9.300415
    3        0.143749   7.852478
    4        0.078997  10.592631
    5        0.095999   9.608947
    6        0.073120  11.010095
 Turnover EF->DM npopdm, npop0k=         105          79
 DEV264h/wkmem: perlsolv dist-mem
 DEV/wkmem: KPSTORE= F
 DEV/wkmem: psolv version, input do_psolv= F

 Need       26500-length r*4 array to pack grid wfcns/box
 Need      452875-length r*4 array to pack all grid wfcns
 Need       26500-length r*4 array for grid wfcns scratch
 WKMEM: using stripe-parallel+Merge  setup
 Minimum maxwkd for scf to complete=    29384385
 All grid wfcns stored in    226438 of 194809119 available
 WKMEM: in-core Broyden! uses    462690 out of 194582681 available
 >>>>> geom/basis data saved to file
  
 Atom type   1  radial valence charge =    5.999995363882
 Atom type   1      xc valence charge =    6.499995360087
  
 Atom type   2  radial valence charge =    0.999999985299
  
 Atom type   3  radial valence charge =    3.999996877569
  
 Atom type   4  radial valence charge =    9.999999976019
  
 Atom type   5  radial valence charge =    4.999999641069
  
 Atom type   6  radial valence charge =    3.999999473876
 mat0set: stripe-parallel, KPSTORE= F

   sij compute    +    0.05 =    1312.0 seconds wall (    0.01 usr    0.00 sys)

   sij/nlat-bcast +    1.19 =    1313.2 seconds wall (    1.18 usr    0.00 sys)

   vlocmat compute+    0.24 =    1313.5 seconds wall (    0.24 usr    0.00 sys)

   vlocmii compute+    0.02 =    1313.5 seconds wall (    0.02 usr    0.00 sys)

   nlocmat compute+    0.13 =    1313.6 seconds wall (    0.13 usr    0.00 sys)
 NLOCMAT: Max neqilat=           1

 After mat0set    +    0.05 =    1313.7 seconds wall (    0.03 usr    0.00 sys)
 Atom   2   Z=  6.0   occ=  6.00   rho=  5.9908535343   core=  0.0000000000
                               rho(xc)=  6.4908534496
     vxc(afsw):   -8.98271553  -8.71523580  -0.26747973  -0.00022970
     exc(afsw):   -6.96353456  -6.73488877  -0.22864579  -0.00018479
 Atom   3   Z=  6.0   occ=  6.00   rho=  5.9886944525   core=  0.0000000000
                               rho(xc)=  6.4886943671
     vxc(afsw):   -8.96829086  -8.70079432  -0.26749653  -0.00028397
     exc(afsw):   -6.96082583  -6.73216034  -0.22866549  -0.00022848
 Atom   4   Z=  6.0   occ=  6.00   rho=  5.9888308322   core=  0.0000000000
                               rho(xc)=  6.4888307454
     vxc(afsw):   -8.97007874  -8.70258355  -0.26749519  -0.00028054
     exc(afsw):   -6.96102017  -6.73235586  -0.22866432  -0.00022572
 Atom   7   Z=  6.0   occ=  6.00   rho=  5.9934878994   core=  0.0000000000
                               rho(xc)=  6.4934878215
     vxc(afsw):   -8.99493625  -8.72748510  -0.26745115  -0.00016350
     exc(afsw):   -6.96597817  -6.73735630  -0.22862187  -0.00013152
 Atom   8   Z=  6.0   occ=  6.00   rho=  5.9914583988   core=  0.0000000000
                               rho(xc)=  6.4914583370
     vxc(afsw):   -8.98681614  -8.71934630  -0.26746983  -0.00021449
     exc(afsw):   -6.96400038  -6.73535958  -0.22864080  -0.00017255
 Atom   9   Z=  6.0   occ=  6.00   rho=  5.9976393712   core=  0.0000000000
                               rho(xc)=  6.4976393010
     vxc(afsw):   -9.01598099  -8.74857347  -0.26740752  -0.00005924
     exc(afsw):   -6.96949556  -6.74091285  -0.22858271  -0.00004765
 Atom  10   Z=  6.0   occ=  6.00   rho=  5.9891064939   core=  0.0000000000
                               rho(xc)=  6.4891064155
     vxc(afsw):   -8.97296396  -8.70547127  -0.26749269  -0.00027361
     exc(afsw):   -6.96139503  -6.73273314  -0.22866190  -0.00022014
 Atom  11   Z=  1.0   occ=  1.00   rho=  0.9975720201   core=  0.0000000000
     vxc(afsw):   -0.79508328  -0.76972438  -0.02535890  -0.00003410
     exc(afsw):   -0.62685406  -0.60465066  -0.02220340  -0.00002876
 Atom  12   Z=  1.0   occ=  1.00   rho=  0.9960147525   core=  0.0000000000
     vxc(afsw):   -0.78978574  -0.76442818  -0.02535756  -0.00005585
     exc(afsw):   -0.62428327  -0.60207874  -0.02220453  -0.00004709
 Atom  14   Z=  4.0   occ=  4.00   rho=  3.9981009308   core=  0.0000000000
     vxc(afsw):   -3.87978272  -3.65684905  -0.22293366  -0.00004330
     exc(afsw):   -3.00506505  -2.81383489  -0.19123016  -0.00003335
 Atom  17   Z=  4.0   occ=  4.00   rho=  3.9970284482   core=  0.0000000000
     vxc(afsw):   -3.87975292  -3.65680398  -0.22294895  -0.00006781
     exc(afsw):   -3.00357689  -2.81234296  -0.19123392  -0.00005222
 Atom  18   Z=  4.0   occ=  4.00   rho=  3.9978949274   core=  0.0000000000
     vxc(afsw):   -3.88234006  -3.65940023  -0.22293984  -0.00004801
     exc(afsw):   -3.00473213  -2.81350141  -0.19123073  -0.00003698
 Atom  19   Z=  4.0   occ=  4.00   rho=  4.0030512707   core=  0.0000000000
     vxc(afsw):   -3.90684109  -3.68392253  -0.22291856   0.00006928
     exc(afsw):   -3.00795924  -2.81675041  -0.19120883   0.00005328
 Atom  20   Z=  4.0   occ=  4.00   rho=  3.9980630803   core=  0.0000000000
     vxc(afsw):   -3.88218345  -3.65924543  -0.22293802  -0.00004417
     exc(afsw):   -3.00491415  -2.81368405  -0.19123010  -0.00003402
 Atom  21   Z=  1.0   occ=  1.00   rho=  0.9969105607   core=  0.0000000000
     vxc(afsw):   -0.79273708  -0.76737858  -0.02535850  -0.00004336
     exc(afsw):   -0.62576591  -0.60356199  -0.02220392  -0.00003656
 Atom  22   Z=  1.0   occ=  1.00   rho=  0.9965430887   core=  0.0000000000
     vxc(afsw):   -0.79148521  -0.76612703  -0.02535817  -0.00004850
     exc(afsw):   -0.62515904  -0.60295485  -0.02220419  -0.00004090
 Atom  23   Z=  1.0   occ=  1.00   rho=  0.9963037777   core=  0.0000000000
     vxc(afsw):   -0.79071152  -0.76535361  -0.02535791  -0.00005183
     exc(afsw):   -0.62476255  -0.60255820  -0.02220434  -0.00004371
 Atom  24   Z=  1.0   occ=  1.00   rho=  0.9974264096   core=  0.0000000000
     vxc(afsw):   -0.79444573  -0.76908676  -0.02535897  -0.00003614
     exc(afsw):   -0.62661863  -0.60441507  -0.02220356  -0.00003048
 Atom  25   Z=  1.0   occ=  1.00   rho=  0.9972526482   core=  0.0000000000
     vxc(afsw):   -0.79394046  -0.76858176  -0.02535870  -0.00003858
     exc(afsw):   -0.62632863  -0.60412498  -0.02220365  -0.00003254
 Atom  26   Z=  1.0   occ=  1.00   rho=  0.9966111190   core=  0.0000000000
     vxc(afsw):   -0.79172650  -0.76636827  -0.02535823  -0.00004755
     exc(afsw):   -0.62527117  -0.60306703  -0.02220413  -0.00004010
 Atom  27   Z=  1.0   occ=  1.00   rho=  0.9960625973   core=  0.0000000000
     vxc(afsw):   -0.78993590  -0.76457828  -0.02535763  -0.00005519
     exc(afsw):   -0.62436270  -0.60215820  -0.02220450  -0.00004654
 Atom  28   Z=  1.0   occ=  1.00   rho=  0.9959364591   core=  0.0000000000
     vxc(afsw):   -0.78954496  -0.76418751  -0.02535746  -0.00005694
     exc(afsw):   -0.62415314  -0.60194856  -0.02220458  -0.00004801
 Atom  29   Z=  1.0   occ=  1.00   rho=  0.9964962478   core=  0.0000000000
     vxc(afsw):   -0.79134136  -0.76598324  -0.02535811  -0.00004916
     exc(afsw):   -0.62508119  -0.60287698  -0.02220422  -0.00004146
 Atom  30   Z=  1.0   occ=  1.00   rho=  0.9973371926   core=  0.0000000000
     vxc(afsw):   -0.79419005  -0.76883123  -0.02535882  -0.00003740
     exc(afsw):   -0.62646949  -0.60426588  -0.02220360  -0.00003154
 Atom  31   Z=  1.0   occ=  1.00   rho=  0.9974586888   core=  0.0000000000
     vxc(afsw):   -0.79455168  -0.76919268  -0.02535900  -0.00003569
     exc(afsw):   -0.62667190  -0.60446837  -0.02220354  -0.00003010
 Atom  32   Z=  1.0   occ=  1.00   rho=  0.9962936582   core=  0.0000000000
     vxc(afsw):   -0.79065080  -0.76529286  -0.02535793  -0.00005197
     exc(afsw):   -0.62474661  -0.60254225  -0.02220436  -0.00004382
 Atom  33   Z=  1.0   occ=  1.00   rho=  0.9978649857   core=  0.0000000000
     vxc(afsw):   -0.79560270  -0.77024296  -0.02535974  -0.00002998
     exc(afsw):   -0.62735360  -0.60515023  -0.02220337  -0.00002527
 Atom  34   Z=  1.0   occ=  1.00   rho=  0.9964579312   core=  0.0000000000
     vxc(afsw):   -0.79124358  -0.76588555  -0.02535803  -0.00004970
     exc(afsw):   -0.62501685  -0.60281262  -0.02220423  -0.00004192
 Atom  35   Z=  1.0   occ=  1.00   rho=  0.9962518493   core=  0.0000000000
     vxc(afsw):   -0.79053645  -0.76517859  -0.02535786  -0.00005256
     exc(afsw):   -0.62467669  -0.60247231  -0.02220438  -0.00004433
 Atom  36   Z=  1.0   occ=  1.00   rho=  0.9978354544   core=  0.0000000000
     vxc(afsw):   -0.79557716  -0.77021754  -0.02535963  -0.00003039
     exc(afsw):   -0.62730238  -0.60509902  -0.02220336  -0.00002562
 Atom  37   Z=  1.0   occ=  1.00   rho=  0.9975932666   core=  0.0000000000
     vxc(afsw):   -0.79518934  -0.76983052  -0.02535882  -0.00003381
     exc(afsw):   -0.62688693  -0.60468357  -0.02220336  -0.00002852
 Atom  38   Z=  1.0   occ=  1.00   rho=  0.9962567711   core=  0.0000000000
     vxc(afsw):   -0.79055921  -0.76520136  -0.02535785  -0.00005250
     exc(afsw):   -0.62468464  -0.60248027  -0.02220438  -0.00004427
 Atom  40   Z=  6.0   occ=  6.00   rho=  5.9912257897   core=  0.0000000000
                               rho(xc)=  6.4912257128
     vxc(afsw):   -8.98459288  -8.71711646  -0.26747642  -0.00022034
     exc(afsw):   -6.96392487  -6.73528248  -0.22864239  -0.00017727
 Atom  41   Z=  6.0   occ=  6.00   rho=  5.9962823312   core=  0.0000000000
                               rho(xc)=  6.4962822826
     vxc(afsw):   -9.00757243  -8.74015747  -0.26741497  -0.00009330
     exc(afsw):   -6.96821688  -6.73962077  -0.22859610  -0.00007505
 Atom  42   Z=  4.0   occ=  4.00   rho=  3.9975581705   core=  0.0000000000
     vxc(afsw):   -3.88249749  -3.65955377  -0.22294372  -0.00005570
     exc(afsw):   -3.00433635  -2.81310439  -0.19123196  -0.00004290
 Atom  44   Z=  4.0   occ=  4.00   rho=  3.9979661344   core=  0.0000000000
     vxc(afsw):   -3.88142453  -3.65848698  -0.22293754  -0.00004638
     exc(afsw):   -3.00485189  -2.81362136  -0.19123054  -0.00003573
 Atom  45   Z=  4.0   occ=  4.00   rho=  3.9983479886   core=  0.0000000000
     vxc(afsw):   -3.88028059  -3.65734849  -0.22293210  -0.00003766
     exc(afsw):   -3.00527475  -2.81404557  -0.19122918  -0.00002901
 Atom  46   Z=  1.0   occ=  1.00   rho=  0.9976145592   core=  0.0000000000
     vxc(afsw):   -0.79522733  -0.76986843  -0.02535890  -0.00003351
     exc(afsw):   -0.62692347  -0.60472011  -0.02220336  -0.00002826
 Atom  47   Z=  1.0   occ=  1.00   rho=  0.9963660432   core=  0.0000000000
     vxc(afsw):   -0.79090123  -0.76554324  -0.02535799  -0.00005097
     exc(afsw):   -0.62486607  -0.60266176  -0.02220431  -0.00004298
 Atom  48   Z=  1.0   occ=  1.00   rho=  0.9962817591   core=  0.0000000000
     vxc(afsw):   -0.79065281  -0.76529495  -0.02535787  -0.00005216
     exc(afsw):   -0.62472565  -0.60252130  -0.02220435  -0.00004398
 Atom  49   Z=  1.0   occ=  1.00   rho=  0.9966463411   core=  0.0000000000
     vxc(afsw):   -0.79187504  -0.76651683  -0.02535821  -0.00004707
     exc(afsw):   -0.62532824  -0.60312414  -0.02220410  -0.00003970
 Atom  50   Z=  1.0   occ=  1.00   rho=  0.9959431105   core=  0.0000000000
     vxc(afsw):   -0.78956438  -0.76420691  -0.02535747  -0.00005684
     exc(afsw):   -0.62416422  -0.60195965  -0.02220457  -0.00004793
 Atom  51   Z=  1.0   occ=  1.00   rho=  0.9959295654   core=  0.0000000000
     vxc(afsw):   -0.78952501  -0.76416756  -0.02535745  -0.00005704
     exc(afsw):   -0.62414164  -0.60193706  -0.02220458  -0.00004810
 Atom  52   Z=  1.0   occ=  1.00   rho=  0.9977170344   core=  0.0000000000
     vxc(afsw):   -0.79549044  -0.77013131  -0.02535913  -0.00003206
     exc(afsw):   -0.62709631  -0.60489298  -0.02220332  -0.00002704
 Atom  53   Z=  1.0   occ=  1.00   rho=  0.9964619419   core=  0.0000000000
     vxc(afsw):   -0.79121825  -0.76586016  -0.02535809  -0.00004963
     exc(afsw):   -0.62502478  -0.60282054  -0.02220424  -0.00004185
 Atom  54   Z=  1.0   occ=  1.00   rho=  0.9961314139   core=  0.0000000000
     vxc(afsw):   -0.79015438  -0.76479667  -0.02535771  -0.00005424
     exc(afsw):   -0.62447688  -0.60227242  -0.02220446  -0.00004574
 Atom  55   Z=  1.0   occ=  1.00   rho=  0.9972488564   core=  0.0000000000
     vxc(afsw):   -0.79395896  -0.76860030  -0.02535865  -0.00003864
     exc(afsw):   -0.62632129  -0.60411764  -0.02220364  -0.00003259
 ***** CAUTION: grid fineness questionable

 grid0xc compute+    0.49 =    1314.2 seconds wall (    0.48 usr    0.00 sys)

 grid0xc Merge  +    0.03 =    1314.2 seconds wall (    0.00 usr    0.03 sys)

 grid0xc Bcast  +    0.13 =    1314.3 seconds wall (    0.13 usr    0.00 sys)


 AFTER SETUP PHASE+    8.59 =    1322.9 seconds wall (    0.17 usr    0.34 sys)

  
 *************************  iteration   0 begins here  *************************


 Before iterations+    0.05 =    1323.0 seconds wall (    0.05 usr    0.00 sys)
  
 grid-integrated up-density total =       78.4330539629
 grid-integrated dn-density total =       78.4330539629
 grid-integrated valence-density total =      156.8661079258
 Harris Fcnal XC piece=       42.6977570145
  
  

 After 0 iteration+    0.55 =    1323.5 seconds wall (    0.51 usr    0.04 sys)
 *************************  iteration   1 begins here  *************************


 erlsolv/begin  +    0.02 =    1323.5 seconds wall (    0.00 usr    0.00 sys)
 PERLSOLV: kpp-copmatible version

 erlsolv/schroed+    0.09 =    1323.6 seconds wall (    0.07 usr    0.01 sys)

 erlsolv/pop    +    0.00 =    1323.6 seconds wall (    0.00 usr    0.00 sys)

 erlsolv/dmat compute+    0.00 =    1323.6 seconds wall (    0.00 usr    0.00 sys)

 erlsolv/dmat compute+    0.01 =    1323.6 seconds wall (    0.00 usr    0.00 sys)

 erlsolv/rhoij  +    0.01 =    1323.6 seconds wall (    0.00 usr    0.01 sys)

 spin-up fermi level =   -0.350715 Ry,   gap(0K)= 0.198597 Ry = 2.702 eV
 spin-dn fermi level =   -0.451938 Ry,   gap(0K)= 0.004049 Ry = 0.055 eV

 k-vector:                  1
  weight:               1.000000
            level/UP/occup       level/DN/occup
  
    1    -1.943964  1.0000    -1.943964  1.0000
    2    -1.933036  1.0000    -1.933036  1.0000
    3    -1.920653  1.0000    -1.920653  1.0000
    4    -1.845047  1.0000    -1.845047  1.0000
             ...      ...         ...      ...
   60    -0.698997  1.0000    -0.698997  1.0000
   61    -0.696607  1.0000    -0.696607  1.0000
   62    -0.681415  1.0000    -0.681415  1.0000
   63    -0.678389  1.0000    -0.678389  1.0000
   64    -0.659961  1.0000    -0.659961  1.0000
   65    -0.643855  1.0000    -0.643855  1.0000
   66    -0.632294  1.0000    -0.632294  1.0000
   67    -0.625728  1.0000    -0.625728  1.0000
   68    -0.619795  1.0000    -0.619795  1.0000
   69    -0.611821  1.0000    -0.611821  1.0000
   70    -0.602840  1.0000    -0.602840  1.0000
   71    -0.594968  1.0000    -0.594968  1.0000
   72    -0.584839  1.0000    -0.584839  1.0000
   73    -0.577637  1.0000    -0.577637  1.0000
   74    -0.575551  1.0000    -0.575551  1.0000
   75    -0.556093  1.0000    -0.556093  1.0000
   76    -0.513585  1.0000    -0.513585  0.9979
   77    -0.510497  1.0000    -0.510497  0.9971
   78    -0.454063  1.0000    -0.454063  0.5529
   79    -0.450014  1.0000    -0.450014  0.4521
   80    -0.251417  0.0000    -0.251417  0.0000
   81    -0.058381  0.0000    -0.058381  0.0000
   82    -0.014640  0.0000    -0.014640  0.0000
   83    -0.003510  0.0000    -0.003510  0.0000
   84     0.019147  0.0000     0.019147  0.0000
   85     0.026253  0.0000     0.026253  0.0000
   86     0.037020  0.0000     0.037020  0.0000
   87     0.049014  0.0000     0.049014  0.0000
             ...      ...         ...      ...
  200     1.044805  0.0000     1.044805  0.0000
  
 delta movement in up-elecs =        9.7675470399
 delta movement in dn-elecs =        9.6543023448
 delta movement in electrons =       19.1917848029

 one-center local charge defect =         0.07769934

 one-center local charge defect =         0.07650022

 LMCC local dipole, |dip|=        4.5709972004
 Using LMCC treatment of supercell electrostatics
 DBG/LMCCINT, esns diagnostics redone
 LMCC chemical potential shift(Ry,eV)=       -0.0000027209       -0.0000370196
 LMCC esns total grid integral=        2.2449108781
  
 grid-integrated up-density total =       78.9146044947
 grid-integrated dn-density total =       77.9158040107
 grid-integrated valence-density total =      156.8304085054
  
 TOTAL single particle eigenvalue sum=      -152.5984723875
  
 rms,max scfchange=  1.1516D-02  6.8048D-01 for component#    310898
 electronic meth_bl(BROYDEN)=           1
>>>>> Broyden: first step (elec) simple blend ratio= 0.300000
<<<<< Broyden step complete, scf step=     1

 After blending   +   13.97 =    1337.6 seconds wall (    5.14 usr    0.81 sys)
  
 *************************  iteration   2 begins here  *************************


 erlsolv/begin  +    0.00 =    1337.6 seconds wall (    0.00 usr    0.00 sys)
 PERLSOLV: kpp-copmatible version

 erlsolv/schroed+    0.09 =    1337.7 seconds wall (    0.07 usr    0.00 sys)

 erlsolv/pop    +    0.00 =    1337.7 seconds wall (    0.00 usr    0.00 sys)

 erlsolv/dmat compute+    0.00 =    1337.7 seconds wall (    0.00 usr    0.00 sys)

 erlsolv/dmat compute+    0.01 =    1337.7 seconds wall (    0.00 usr    0.00 sys)

 erlsolv/rhoij  +    0.01 =    1337.7 seconds wall (    0.00 usr    0.01 sys)

 spin-up fermi level =   -0.400231 Ry,   gap(0K)= 0.126021 Ry = 1.715 eV
 spin-dn fermi level =   -0.467915 Ry,   gap(0K)= 0.016183 Ry = 0.220 eV
  
 delta movement in up-elecs =        8.0239759291
 delta movement in dn-elecs =        8.1480148100
 delta movement in electrons =       15.9569824287

 one-center local charge defect =         0.07627207

 one-center local charge defect =         0.07459026

 LMCC local dipole, |dip|=        3.2305563335
 Using LMCC treatment of supercell electrostatics
 DBG/LMCCINT, esns diagnostics redone
 LMCC chemical potential shift(Ry,eV)=       -0.0000108755       -0.0001479697
 LMCC esns total grid integral=        1.1522952469
  
 grid-integrated up-density total =       78.9161972264
 grid-integrated dn-density total =       77.9178847149
 grid-integrated valence-density total =      156.8340819413
  
 TOTAL single particle eigenvalue sum=      -148.3599556363
  
 rms,max scfchange=  8.3276D-03  7.7303D-01 for component#     53849
 electronic meth_bl(BROYDEN)=           1
>>>>> Broyden blend to get next step - elec
<<<<< Broyden step complete, scf step=     2

 After blending   +   20.44 =    1358.1 seconds wall (    5.20 usr    0.80 sys)
  
 *************************  iteration   3 begins here  *************************


 erlsolv/begin  +    0.01 =    1358.1 seconds wall (    0.00 usr    0.00 sys)
 PERLSOLV: kpp-copmatible version

 erlsolv/schroed+    0.09 =    1358.2 seconds wall (    0.06 usr    0.01 sys)

 erlsolv/pop    +    0.00 =    1358.2 seconds wall (    0.00 usr    0.00 sys)

 erlsolv/dmat compute+    0.00 =    1358.2 seconds wall (    0.00 usr    0.00 sys)

 erlsolv/dmat compute+    0.01 =    1358.2 seconds wall (    0.00 usr    0.00 sys)

 erlsolv/rhoij  +    0.01 =    1358.2 seconds wall (    0.00 usr    0.01 sys)

 spin-up fermi level =   -0.354588 Ry,   gap(0K)= 0.163949 Ry = 2.231 eV
 spin-dn fermi level =   -0.433138 Ry,   gap(0K)= 0.018710 Ry = 0.255 eV
  
 delta movement in up-elecs =        7.9268870833
 delta movement in dn-elecs =        7.7373742174
 delta movement in electrons =       15.4114046236

 one-center local charge defect =         0.07645827

 one-center local charge defect =         0.07516837

 LMCC local dipole, |dip|=        3.2009457306
 Using LMCC treatment of supercell electrostatics
 DBG/LMCCINT, esns diagnostics redone
 LMCC chemical potential shift(Ry,eV)=        0.0000041179        0.0000560271
 LMCC esns total grid integral=        0.9603284727
  
 grid-integrated up-density total =       78.9160601822
 grid-integrated dn-density total =       77.9173515826
 grid-integrated valence-density total =      156.8334117648
  
 TOTAL single particle eigenvalue sum=      -146.4522442009
  
 rms,max scfchange=  4.7717D-03  4.8002D-01 for component#     53849
 electronic meth_bl(BROYDEN)=           1
>>>>> Broyden blend to get next step - elec
<<<<< Broyden step complete, scf step=     3

 After blending   +   15.38 =    1373.6 seconds wall (    4.88 usr    0.81 sys)
  
 *************************  iteration   4 begins here  *************************


 erlsolv/begin  +    0.00 =    1373.6 seconds wall (    0.00 usr    0.00 sys)
 PERLSOLV: kpp-copmatible version

 erlsolv/schroed+    0.08 =    1373.7 seconds wall (    0.06 usr    0.01 sys)

 erlsolv/pop    +    0.00 =    1373.7 seconds wall (    0.00 usr    0.00 sys)

 erlsolv/dmat compute+    0.00 =    1373.7 seconds wall (    0.00 usr    0.00 sys)

 erlsolv/dmat compute+    0.01 =    1373.7 seconds wall (    0.00 usr    0.00 sys)

 erlsolv/rhoij  +    0.01 =    1373.7 seconds wall (    0.00 usr    0.01 sys)

 spin-up fermi level =   -0.370725 Ry,   gap(0K)= 0.169903 Ry = 2.312 eV
 spin-dn fermi level =   -0.442207 Ry,   gap(0K)= 0.023860 Ry = 0.325 eV
  
 delta movement in up-elecs =        7.6878433493
 delta movement in dn-elecs =        7.4671639719
 delta movement in electrons =       14.9070172402

 one-center local charge defect =         0.07645216

 one-center local charge defect =         0.07520835

 LMCC local dipole, |dip|=        2.8476604621
 Using LMCC treatment of supercell electrostatics
 DBG/LMCCINT, esns diagnostics redone
 LMCC chemical potential shift(Ry,eV)=        0.0000032344        0.0000440067
 LMCC esns total grid integral=        0.7969244984
  
 grid-integrated up-density total =       78.9161192265
 grid-integrated dn-density total =       77.9173639493
 grid-integrated valence-density total =      156.8334831758
  
 TOTAL single particle eigenvalue sum=      -145.8844678898
  
 rms,max scfchange=  2.9489D-03  2.7644D-01 for component#     53849
 electronic meth_bl(BROYDEN)=           1
>>>>> Broyden blend to get next step - elec
<<<<< Broyden step complete, scf step=     4

 After blending   +   18.07 =    1391.8 seconds wall (    5.02 usr    0.81 sys)
  
 *************************  iteration   5 begins here  *************************


 erlsolv/begin  +    0.02 =    1391.8 seconds wall (    0.01 usr    0.00 sys)
 PERLSOLV: kpp-copmatible version

 erlsolv/schroed+    0.08 =    1391.9 seconds wall (    0.06 usr    0.01 sys)

 erlsolv/pop    +    0.00 =    1391.9 seconds wall (    0.00 usr    0.00 sys)

 erlsolv/dmat compute+    0.00 =    1391.9 seconds wall (    0.00 usr    0.00 sys)

 erlsolv/dmat compute+    0.01 =    1391.9 seconds wall (    0.00 usr    0.00 sys)

 erlsolv/rhoij  +    0.01 =    1391.9 seconds wall (    0.00 usr    0.01 sys)

 spin-up fermi level =   -0.385467 Ry,   gap(0K)= 0.171530 Ry = 2.334 eV
 spin-dn fermi level =   -0.448643 Ry,   gap(0K)= 0.027495 Ry = 0.374 eV
  
 delta movement in up-elecs =        7.6346564436
 delta movement in dn-elecs =        7.3445956939
 delta movement in electrons =       14.7524128489

 one-center local charge defect =         0.07641562

 one-center local charge defect =         0.07508390

 LMCC local dipole, |dip|=        2.0245344446
 Using LMCC treatment of supercell electrostatics
 DBG/LMCCINT, esns diagnostics redone
 LMCC chemical potential shift(Ry,eV)=        0.0000013447        0.0000182955
 LMCC esns total grid integral=        0.7210297475
  
 grid-integrated up-density total =       78.9161703823
 grid-integrated dn-density total =       77.9175032476
 grid-integrated valence-density total =      156.8336736300
  
 TOTAL single particle eigenvalue sum=      -146.0867612989
  
 rms,max scfchange=  8.7792D-04  7.7442D-02 for component#     53849
 electronic meth_bl(BROYDEN)=           1
>>>>> Broyden blend to get next step - elec
<<<<< Broyden step complete, scf step=     5

 After blending   +   14.49 =    1406.4 seconds wall (    5.18 usr    0.81 sys)
  
 *************************  iteration   6 begins here  *************************


 erlsolv/begin  +    0.00 =    1406.4 seconds wall (    0.00 usr    0.00 sys)
 PERLSOLV: kpp-copmatible version

 erlsolv/schroed+    0.09 =    1406.5 seconds wall (    0.06 usr    0.00 sys)

 erlsolv/pop    +    0.00 =    1406.5 seconds wall (    0.00 usr    0.00 sys)

 erlsolv/dmat compute+    0.00 =    1406.5 seconds wall (    0.00 usr    0.00 sys)

 erlsolv/dmat compute+    0.01 =    1406.5 seconds wall (    0.00 usr    0.00 sys)

 erlsolv/rhoij  +    0.01 =    1406.5 seconds wall (    0.00 usr    0.00 sys)

 spin-up fermi level =   -0.386995 Ry,   gap(0K)= 0.167206 Ry = 2.275 eV
 spin-dn fermi level =   -0.445215 Ry,   gap(0K)= 0.019631 Ry = 0.267 eV
  
 delta movement in up-elecs =        7.6187100655
 delta movement in dn-elecs =        7.3175703957
 delta movement in electrons =       14.6980258207

 one-center local charge defect =         0.07642696

 one-center local charge defect =         0.07504732

 LMCC local dipole, |dip|=        1.5858174918
 Using LMCC treatment of supercell electrostatics
 DBG/LMCCINT, esns diagnostics redone
 LMCC chemical potential shift(Ry,eV)=       -0.0000007073       -0.0000096238
 LMCC esns total grid integral=        0.6970977819
  
 grid-integrated up-density total =       78.9161700612
 grid-integrated dn-density total =       77.9175508555
 grid-integrated valence-density total =      156.8337209167
  
 TOTAL single particle eigenvalue sum=      -146.1448476679
  
 rms,max scfchange=  8.7062D-04  9.1260D-02 for component#     55373
 electronic meth_bl(BROYDEN)=           1
>>>>> Broyden blend to get next step - elec
<<<<< Broyden step complete, scf step=     6

 After blending   +   16.80 =    1423.3 seconds wall (    4.88 usr    0.81 sys)
  
 *************************  iteration   7 begins here  *************************


 erlsolv/begin  +    0.01 =    1423.3 seconds wall (    0.00 usr    0.00 sys)
 PERLSOLV: kpp-copmatible version

 erlsolv/schroed+    0.08 =    1423.4 seconds wall (    0.07 usr    0.00 sys)

 erlsolv/pop    +    0.00 =    1423.4 seconds wall (    0.00 usr    0.00 sys)

 erlsolv/dmat compute+    0.00 =    1423.4 seconds wall (    0.00 usr    0.00 sys)

 erlsolv/dmat compute+    0.02 =    1423.4 seconds wall (    0.00 usr    0.00 sys)

 erlsolv/rhoij  +    0.01 =    1423.4 seconds wall (    0.00 usr    0.00 sys)

 spin-up fermi level =   -0.386797 Ry,   gap(0K)= 0.173641 Ry = 2.363 eV
 spin-dn fermi level =   -0.445050 Ry,   gap(0K)= 0.029660 Ry = 0.404 eV
  
 delta movement in up-elecs =        7.6176135226
 delta movement in dn-elecs =        7.3373059642
 delta movement in electrons =       14.7120982252

 one-center local charge defect =         0.07641025

 one-center local charge defect =         0.07511209

 LMCC local dipole, |dip|=        1.9540939595
 Using LMCC treatment of supercell electrostatics
 DBG/LMCCINT, esns diagnostics redone
 LMCC chemical potential shift(Ry,eV)=        0.0000010808        0.0000147053
 LMCC esns total grid integral=        0.7085404468
  
 grid-integrated up-density total =       78.9161887462
 grid-integrated dn-density total =       77.9174880968
 grid-integrated valence-density total =      156.8336768430
  
 TOTAL single particle eigenvalue sum=      -146.0848523454
  
 rms,max scfchange=  5.1775D-04  5.0467D-02 for component#     53849
 electronic meth_bl(BROYDEN)=           1
>>>>> Broyden blend to get next step - elec
<<<<< Broyden step complete, scf step=     7

 After blending   +   15.91 =    1439.3 seconds wall (    4.75 usr    0.80 sys)
  
 *************************  iteration   8 begins here  *************************


 erlsolv/begin  +    0.05 =    1439.4 seconds wall (    0.05 usr    0.00 sys)
 PERLSOLV: kpp-copmatible version

 erlsolv/schroed+    0.18 =    1439.5 seconds wall (    0.06 usr    0.00 sys)

 erlsolv/pop    +    0.00 =    1439.5 seconds wall (    0.00 usr    0.00 sys)

 erlsolv/dmat compute+    0.00 =    1439.5 seconds wall (    0.00 usr    0.00 sys)

 erlsolv/dmat compute+    0.01 =    1439.5 seconds wall (    0.00 usr    0.00 sys)

 erlsolv/rhoij  +    0.01 =    1439.6 seconds wall (    0.00 usr    0.01 sys)

 spin-up fermi level =   -0.387697 Ry,   gap(0K)= 0.170354 Ry = 2.318 eV
 spin-dn fermi level =   -0.443283 Ry,   gap(0K)= 0.028089 Ry = 0.382 eV
  
 delta movement in up-elecs =        7.6120968904
 delta movement in dn-elecs =        7.3387284351
 delta movement in electrons =       14.6944976805

 one-center local charge defect =         0.07639715

 one-center local charge defect =         0.07509642

 LMCC local dipole, |dip|=        1.7779035427
 Using LMCC treatment of supercell electrostatics
 DBG/LMCCINT, esns diagnostics redone
 LMCC chemical potential shift(Ry,eV)=        0.0000004999        0.0000068020
 LMCC esns total grid integral=        0.7012661674
  
 grid-integrated up-density total =       78.9162076129
 grid-integrated dn-density total =       77.9175096073
 grid-integrated valence-density total =      156.8337172202
  
 TOTAL single particle eigenvalue sum=      -146.0964153554
  
 rms,max scfchange=  1.1017D-04  1.1886D-02 for component#      2033
 ######################  ENERGY ANALYSIS  #######################
    Spherical-atom es ENERGY correction =      -444.3669887726
    Full spherical atom trace ENERGY =         -229.3863116439
    Spherical-atom-Vxc trace ENERGY =           266.1578209492
    non-spherical es ENERGY =                     0.7012964710
    Total Exc ENERGY =                         -146.2607590414

    total kinetic trace ENERGY =          403.4936845968
    non-local ps-pot trace ENERGY =        56.9216496449
    total electrostatic ENERGY =         -867.3095172379
    Total Vxc ENERGY =                   -189.7254417756

    TOTAL ENERGY (Rydberg) =                   -553.1549420377

 ################################################################

 After blending   +   18.55 =    1458.1 seconds wall (    5.26 usr    0.82 sys)
  
 >>>>> self-consistency achieved, iteration   8


 Final GAP(eV)=  2.3178 (up),  0.3822 (dn)

 spin-up fermi level =   -0.387697 Ry,   gap(0K)= 0.170354 Ry = 2.318 eV
 spin-dn fermi level =   -0.443283 Ry,   gap(0K)= 0.028089 Ry = 0.382 eV

 k-vector:                  1
  weight:               1.000000
            level/UP/occup       level/DN/occup
  
    1    -2.000628  1.0000    -1.998382  1.0000
    2    -1.951780  1.0000    -1.950702  1.0000
    3    -1.932753  1.0000    -1.930766  1.0000
    4    -1.888014  1.0000    -1.879975  1.0000
             ...      ...         ...      ...
   60    -0.639043  1.0000    -0.638310  1.0000
   61    -0.629471  1.0000    -0.622577  1.0000
   62    -0.618373  1.0000    -0.617750  1.0000
   63    -0.615175  1.0000    -0.613589  1.0000
   64    -0.610590  1.0000    -0.608750  1.0000
   65    -0.608029  1.0000    -0.605278  1.0000
   66    -0.598520  1.0000    -0.594333  1.0000
   67    -0.577463  1.0000    -0.571177  1.0000
   68    -0.569769  1.0000    -0.565275  1.0000
   69    -0.561795  1.0000    -0.552997  1.0000
   70    -0.555723  1.0000    -0.547564  1.0000
   71    -0.540026  1.0000    -0.529837  0.9998
   72    -0.531688  1.0000    -0.522236  0.9996
   73    -0.525538  1.0000    -0.516268  0.9993
   74    -0.505415  1.0000    -0.499046  0.9962
   75    -0.493263  1.0000    -0.487572  0.9882
   76    -0.489524  1.0000    -0.471869  0.9458
   77    -0.482921  0.9999    -0.471033  0.9413
   78    -0.480682  0.9999    -0.461423  0.8598
   79    -0.478528  0.9999    -0.433334  0.2699
   80    -0.308175  0.0004    -0.295843  0.0000
   81    -0.091455  0.0000    -0.086642  0.0000
   82    -0.056188  0.0000    -0.055442  0.0000
   83    -0.025679  0.0000    -0.022029  0.0000
   84    -0.001341  0.0000    -0.000362  0.0000
   85     0.010347  0.0000     0.011468  0.0000
   86     0.034942  0.0000     0.037204  0.0000
   87     0.041631  0.0000     0.042320  0.0000
   88     0.053616  0.0000     0.054357  0.0000
             ...      ...         ...      ...
  200     1.081136  0.0000     1.082146  0.0000
  
 >>>>> grid delta-density saved to file

 FINAL CONVERGED ENERGY (Rydberg) =     -553.1549420377
 Binding energy =      -39.9195470377 Ry =           -543.1376 eV

 AFTER ITERATIONS +    0.09 =    1458.2 seconds wall (    0.00 usr    0.02 sys)
 Atom  20   Z=  4.0   occ=  4.00   rho=  3.9980630803   core=  0.0000000000
     vxc(afs ):   -3.88218345  -3.65924543  -0.22293802
     exc(afs ):   -3.00491415  -2.81368405  -0.19123010
 Atom  40   Z=  6.0   occ=  6.00   rho=  5.9912257897   core=  0.0000000000
                               rho(xc)=  6.4912257128
     vxc(afs ):   -8.98459288  -8.71711646  -0.26747642
     exc(afs ):   -6.96392487  -6.73528248  -0.22864239

 atom xc0frc stress term=      121.5799295835
 mat0frc: stripe-parallel, KPSTORE= F
  
 total force contributions(Ry/bohr):
        atom       x force          y force          z force
          1     -0.0000211098     0.0000374454    -0.0000266283
          2      0.0000271255     0.0000285158     0.0000019906
          3      0.0000000000     0.0000588614     0.0000023432
          4     -0.0000383173     0.0000206405    -0.0000344925
          5      0.0001282063     0.0000436479    -0.0000104127
          6     -0.0001794017    -0.0000872003    -0.0000200509
          7      0.0000407435     0.0000084243    -0.0000364110
          8     -0.0000105273     0.0000466313     0.0000314023
          9      0.0000687650    -0.0000739539    -0.0000108043
         10     -0.0000041915     0.0000138388     0.0000000000
         11      0.0000215190     0.0000025840     0.0000325402
         12     -0.0000044806    -0.0000252591    -0.0000085408
         13     -0.0000517662    -0.0000316954     0.0000402314
         14      0.0000635949    -0.0000153320     0.0000444916
         15      0.0002774538    -0.0001755110    -0.0002042075
         16     -0.0002180435     0.0002177963     0.0001160681
         17      0.0010056523    -0.0000547126     0.0005546024
         18      0.0000193641    -0.0000437192     0.0000418123
         19      0.0000900154    -0.0000160135     0.0000190324
         20     -0.0000060742    -0.0000092594    -0.0000054931
         21      0.0000501848    -0.0000091672    -0.0000374979
         22      0.0000193560    -0.0000122427    -0.0000177253
         23      0.0000435432    -0.0000179755    -0.0000497298
         24      0.0004462952    -0.0002871205    -0.0000436410
         25      0.0000907744    -0.0000885901     0.0000119692
         26      0.0002844376    -0.0002859006    -0.0003771887
         27      0.0000967274     0.0000540371    -0.0000813352
         28      0.0000231465    -0.0000183423    -0.0000147645
         29      0.0002348522     0.0000416936     0.0000098860
         30     -0.0000281099     0.0000068046    -0.0000062750
         31     -0.0000073226    -0.0000058134     0.0000096263
         32     -0.0000209229     0.0000076298     0.0000127768
         33     -0.0000343071     0.0000294894     0.0000518909
         34     -0.0000069151    -0.0000301120     0.0000337291
         35     -0.0000250147    -0.0000480716     0.0000911529
         36      0.0000063477    -0.0000142439     0.0000020610
         37      0.0000046593    -0.0000111851     0.0000000000
         38     -0.0000053191     0.0000000000    -0.0000035265
         39      0.0000174017     0.0000187447     0.0000085543
         40      0.0000110624     0.0000138021    -0.0000082250
         41      0.0000000000     0.0000041757     0.0000020096
         42      0.0000087720     0.0000059184    -0.0000040949
         43     -0.0000021867     0.0000000000    -0.0000043712
         44     -0.0000029035    -0.0000011926    -0.0000045532
         45      0.0000000000     0.0000151441     0.0000000000
         46     -0.0000067144    -0.0000096993    -0.0000096564
         47      0.0000025180     0.0000000000     0.0000000000
         48      0.0000073905     0.0000044991     0.0000069886
         49      0.0000080224    -0.0000020283     0.0000012968
         50      0.0000000000    -0.0000031025    -0.0000027778
         51     -0.0000018104     0.0000000000    -0.0000023472
         52      0.0000000000     0.0000000000     0.0000000000
         53     -0.0000022719     0.0000000000     0.0000000000
         54      0.0000000000     0.0000000000     0.0000017450
         55      0.0000057183     0.0000014738    -0.0000018633
      f-defect        0.0024259393    -0.0006956459     0.0001015868

 AFTER FORCE RTNS +    0.77 =    1459.0 seconds wall (    0.75 usr    0.02 sys)
  
 >>>>> GSELECT begins, nslics=           0
 <<<<< GSELECT ends
 rms,max force=  2.0916D-04  1.1497D-03 for component#       17
 dynamics update step #           9
ASD: min/max mass factors=   0.1984   2.5198
 >>>>> GUPDATE begins, nslics=           0
 GUPDATE: Largest relax: atom#, dr(au)=    17    0.000865
 <<<<< GUPDATE ends

 ###############################################################################
   NEW GEOMETRY for step  10, of  10 total
atom, type, position;  step#     10
 AT1          Pt               -0.3475389457    1.4049081338   -0.1866869942 
 AT2          O                 2.4217626303    3.7110964047   -1.0033271744 
 AT3          O                -3.2968601135   -0.9758924437    0.0669622920 
 AT4          O                 1.3868489316   -1.9022668026   -1.0119282175 
 AT5          P                -4.8624686258   -0.6726317808   -2.5732965191 
 AT6          P                 3.3172573455   -2.7031721213    1.2368769903 
 AT7          O                -2.8826004839   -1.7593654597   -4.7328526702 
 AT8          O                -5.6619836194    1.9858704563   -3.3132573169 
 AT9          O                 5.2821928036   -0.8135363492    1.9310319079 
 AT10         O                 4.7692029913   -5.1350189607    0.0195909065 
 AT11         H                -2.1319888308   -3.4168631153   -4.3565795219 
 AT12         H                 3.5629506553   -6.3316063957   -0.7157225730 
 AT13         C                 1.7158268452   -3.6406444199    4.1892316469 
 AT14         C                -7.5436184756   -2.9370695960   -2.3401242979 
 AT15         C                -9.2887985736   -2.2600279987   -0.1226190607 
 AT16         C                -9.0104180910   -2.9345430330   -4.8518550075 
 AT17         C                -6.5323844607   -5.6244909642   -1.9271000512 
 AT18         C                -0.4384547899   -5.5437112124    3.8254331717 
 AT19         C                 0.6824144116   -1.2056826700    5.4005549720 
 AT20         C                 3.7051950237   -4.7548832954    6.0006485829 
 AT21         H                -9.9937373092   -0.3062053700   -0.2293436052 
 AT22         H                -8.2830194800   -2.5433829884    1.6672761114 
 AT23         H               -10.9546696265   -3.5137343391   -0.1916625458 
 AT24         H                -9.9509509300   -1.1516544945   -5.3320979893 
 AT25         H               -10.4923780357   -4.4072630267   -4.8167135784 
 AT26         H                -7.7402458207   -3.4546057513   -6.3998153631 
 AT27         H                -5.3808109322   -5.8083045737   -0.2186822232 
 AT28         H                -5.4261712190   -6.3258254508   -3.5308840058 
 AT29         H                -8.1750466186   -6.8709452780   -1.6781064241 
 AT30         H                -1.9928779943   -4.8705307188    2.6186944390 
 AT31         H                -1.1983886430   -5.9140938837    5.7298610796 
 AT32         H                 0.2510148424   -7.3391430827    3.0532142307 
 AT33         H                -0.7142676723   -0.2587494394    4.1829314033 
 AT34         H                 2.1583233430    0.1834063148    5.8151693133 
 AT35         H                -0.2542233452   -1.6641125819    7.2016305245 
 AT36         H                 4.4168233351   -6.6128927998    5.3931749701 
 AT37         H                 2.6911496271   -4.9774801456    7.7961473880 
 AT38         H                 5.3302543210   -3.4988015272    6.2948858820 
 AT39         P                 1.3909011556    6.4152942780   -0.0153712602 
 AT40         O                -1.7976449375    5.5880397053    0.5438822839 
 AT41         O                 2.4129828295    7.1009078910    2.4893974989 
 AT42         C                 1.8116206695    8.9703527503   -2.3773792877 
 AT43         C                 0.8245080175    8.4060951582   -5.0298248172 
 AT44         C                 0.4479236985   11.3058183401   -1.3007723014 
 AT45         C                 4.6903699782    9.4454747069   -2.4666548924 
 AT46         H                -2.6975489118    5.4358365380   -1.1069768486 
 AT47         H                 1.6745822589    6.7253768326   -5.8693867224 
 AT48         H                 1.1981117983   10.0337804270   -6.2779259767 
 AT49         H                -1.2254026604    8.1622451235   -4.9884681408 
 AT50         H                -1.6017243641   11.0109823809   -1.1634925852 
 AT51         H                 0.7329011186   12.8949978286   -2.6010693978 
 AT52         H                 1.1552395460   11.8815271222    0.5686582271 
 AT53         H                 5.7851545031    7.7773759328   -3.0531385153 
 AT54         H                 5.4115198823   10.0929513748   -0.6480694067 
 AT55         H                 4.9652368940   10.9490072194   -3.8879192398 
 ###############################################################################

 After geometry   +    0.09 =    1459.1 seconds wall (    0.00 usr    0.00 sys)
  
 LATVEC: nlat1c,nlat2c,nlat =           1           1           1

  Atom
  Type  Shell  Min-alf     range
    1        0.129289   8.279963
    2        0.102474   9.300415
    3        0.143749   7.852478
    4        0.078997  10.592631
    5        0.095999   9.608947
    6        0.073120  11.010095
 Turnover EF->DM npopdm, npop0k=         105          79
 DEV264h/wkmem: perlsolv dist-mem
 DEV/wkmem: KPSTORE= F
 DEV/wkmem: psolv version, input do_psolv= F

 Need       26500-length r*4 array to pack grid wfcns/box
 Need      452875-length r*4 array to pack all grid wfcns
 Need       26500-length r*4 array for grid wfcns scratch
 WKMEM: using stripe-parallel+Merge  setup
 Minimum maxwkd for scf to complete=    29384385
 All grid wfcns stored in    226438 of 194809119 available
 WKMEM: in-core Broyden! uses    462690 out of 194582681 available
 >>>>> geom/basis data saved to file
  
 Atom type   1  radial valence charge =    5.999995363882
 Atom type   1      xc valence charge =    6.499995360087
  
 Atom type   2  radial valence charge =    0.999999985299
  
 Atom type   3  radial valence charge =    3.999996877569
  
 Atom type   4  radial valence charge =    9.999999976019
  
 Atom type   5  radial valence charge =    4.999999641069
  
 Atom type   6  radial valence charge =    3.999999473876
 mat0set: stripe-parallel, KPSTORE= F

   sij compute    +    0.07 =    1459.1 seconds wall (    0.01 usr    0.00 sys)

   sij/nlat-bcast +    0.00 =    1459.1 seconds wall (    0.00 usr    0.00 sys)

   vlocmat compute+    0.27 =    1459.4 seconds wall (    0.24 usr    0.00 sys)

   vlocmii compute+    0.02 =    1459.4 seconds wall (    0.02 usr    0.00 sys)

   nlocmat compute+    0.21 =    1459.6 seconds wall (    0.13 usr    0.00 sys)
 NLOCMAT: Max neqilat=           1

 After mat0set    +    0.01 =    1459.6 seconds wall (    0.00 usr    0.00 sys)
 Atom   2   Z=  6.0   occ=  6.00   rho=  5.9908537296   core=  0.0000000000
                               rho(xc)=  6.4908536449
     vxc(afsw):   -8.98271688  -8.71523716  -0.26747973  -0.00022970
     exc(afsw):   -6.96353475  -6.73488896  -0.22864579  -0.00018479
 Atom   3   Z=  6.0   occ=  6.00   rho=  5.9886938028   core=  0.0000000000
                               rho(xc)=  6.4886937174
     vxc(afsw):   -8.96828440  -8.70078786  -0.26749654  -0.00028399
     exc(afsw):   -6.96082487  -6.73215937  -0.22866550  -0.00022849
 Atom   4   Z=  6.0   occ=  6.00   rho=  5.9888315993   core=  0.0000000000
                               rho(xc)=  6.4888315125
     vxc(afsw):   -8.97008657  -8.70259139  -0.26749518  -0.00028052
     exc(afsw):   -6.96102126  -6.73235695  -0.22866431  -0.00022570
 Atom   7   Z=  6.0   occ=  6.00   rho=  5.9934876552   core=  0.0000000000
                               rho(xc)=  6.4934875773
     vxc(afsw):   -8.99493400  -8.72748285  -0.26745114  -0.00016350
     exc(afsw):   -6.96597797  -6.73735610  -0.22862187  -0.00013153
 Atom   8   Z=  6.0   occ=  6.00   rho=  5.9914624256   core=  0.0000000000
                               rho(xc)=  6.4914623638
     vxc(afsw):   -8.98683630  -8.71936653  -0.26746978  -0.00021438
     exc(afsw):   -6.96400383  -6.73536306  -0.22864077  -0.00017247
 Atom   9   Z=  6.0   occ=  6.00   rho=  5.9976389850   core=  0.0000000000
                               rho(xc)=  6.4976389148
     vxc(afsw):   -9.01597930  -8.74857178  -0.26740752  -0.00005925
     exc(afsw):   -6.96949517  -6.74091245  -0.22858272  -0.00004766
 Atom  10   Z=  6.0   occ=  6.00   rho=  5.9891065028   core=  0.0000000000
                               rho(xc)=  6.4891064244
     vxc(afsw):   -8.97296357  -8.70547088  -0.26749269  -0.00027361
     exc(afsw):   -6.96139506  -6.73273316  -0.22866190  -0.00022014
 Atom  11   Z=  1.0   occ=  1.00   rho=  0.9975739422   core=  0.0000000000
     vxc(afsw):   -0.79508998  -0.76973108  -0.02535890  -0.00003408
     exc(afsw):   -0.62685723  -0.60465383  -0.02220339  -0.00002874
 Atom  12   Z=  1.0   occ=  1.00   rho=  0.9960147542   core=  0.0000000000
     vxc(afsw):   -0.78978575  -0.76442819  -0.02535756  -0.00005585
     exc(afsw):   -0.62428327  -0.60207874  -0.02220453  -0.00004709
 Atom  14   Z=  4.0   occ=  4.00   rho=  3.9980993672   core=  0.0000000000
     vxc(afsw):   -3.87976910  -3.65683544  -0.22293366  -0.00004333
     exc(afsw):   -3.00506418  -2.81383402  -0.19123017  -0.00003338
 Atom  17   Z=  4.0   occ=  4.00   rho=  3.9970288012   core=  0.0000000000
     vxc(afsw):   -3.87975888  -3.65680993  -0.22294895  -0.00006780
     exc(afsw):   -3.00357718  -2.81234326  -0.19123392  -0.00005222
 Atom  18   Z=  4.0   occ=  4.00   rho=  3.9978949309   core=  0.0000000000
     vxc(afsw):   -3.88234009  -3.65940026  -0.22293984  -0.00004801
     exc(afsw):   -3.00473213  -2.81350141  -0.19123073  -0.00003698
 Atom  19   Z=  4.0   occ=  4.00   rho=  4.0030514086   core=  0.0000000000
     vxc(afsw):   -3.90684246  -3.68392390  -0.22291857   0.00006929
     exc(afsw):   -3.00795931  -2.81675048  -0.19120883   0.00005328
 Atom  20   Z=  4.0   occ=  4.00   rho=  3.9980631396   core=  0.0000000000
     vxc(afsw):   -3.88218341  -3.65924539  -0.22293802  -0.00004417
     exc(afsw):   -3.00491421  -2.81368411  -0.19123010  -0.00003402
 Atom  21   Z=  1.0   occ=  1.00   rho=  0.9969142839   core=  0.0000000000
     vxc(afsw):   -0.79274963  -0.76739113  -0.02535850  -0.00004331
     exc(afsw):   -0.62577206  -0.60356814  -0.02220392  -0.00003652
 Atom  22   Z=  1.0   occ=  1.00   rho=  0.9965407545   core=  0.0000000000
     vxc(afsw):   -0.79147744  -0.76611927  -0.02535817  -0.00004854
     exc(afsw):   -0.62515518  -0.60295099  -0.02220419  -0.00004093
 Atom  23   Z=  1.0   occ=  1.00   rho=  0.9963039610   core=  0.0000000000
     vxc(afsw):   -0.79071193  -0.76535402  -0.02535791  -0.00005183
     exc(afsw):   -0.62476286  -0.60255851  -0.02220434  -0.00004371
 Atom  24   Z=  1.0   occ=  1.00   rho=  0.9974333709   core=  0.0000000000
     vxc(afsw):   -0.79446718  -0.76910820  -0.02535898  -0.00003604
     exc(afsw):   -0.62663020  -0.60442664  -0.02220356  -0.00003039
 Atom  25   Z=  1.0   occ=  1.00   rho=  0.9972529880   core=  0.0000000000
     vxc(afsw):   -0.79394163  -0.76858293  -0.02535870  -0.00003858
     exc(afsw):   -0.62632919  -0.60412554  -0.02220365  -0.00003254
 Atom  26   Z=  1.0   occ=  1.00   rho=  0.9966115532   core=  0.0000000000
     vxc(afsw):   -0.79172780  -0.76636957  -0.02535823  -0.00004754
     exc(afsw):   -0.62527189  -0.60306776  -0.02220413  -0.00004009
 Atom  27   Z=  1.0   occ=  1.00   rho=  0.9960637088   core=  0.0000000000
     vxc(afsw):   -0.78993932  -0.76458169  -0.02535763  -0.00005518
     exc(afsw):   -0.62436455  -0.60216005  -0.02220450  -0.00004653
 Atom  28   Z=  1.0   occ=  1.00   rho=  0.9959347611   core=  0.0000000000
     vxc(afsw):   -0.78953976  -0.76418230  -0.02535746  -0.00005696
     exc(afsw):   -0.62415031  -0.60194574  -0.02220458  -0.00004803
 Atom  29   Z=  1.0   occ=  1.00   rho=  0.9964965084   core=  0.0000000000
     vxc(afsw):   -0.79134230  -0.76598419  -0.02535811  -0.00004916
     exc(afsw):   -0.62508162  -0.60287741  -0.02220421  -0.00004146
 Atom  30   Z=  1.0   occ=  1.00   rho=  0.9973369830   core=  0.0000000000
     vxc(afsw):   -0.79418935  -0.76883053  -0.02535882  -0.00003740
     exc(afsw):   -0.62646914  -0.60426554  -0.02220360  -0.00003154
 Atom  31   Z=  1.0   occ=  1.00   rho=  0.9974585738   core=  0.0000000000
     vxc(afsw):   -0.79455167  -0.76919268  -0.02535900  -0.00003569
     exc(afsw):   -0.62667170  -0.60446816  -0.02220354  -0.00003010
 Atom  32   Z=  1.0   occ=  1.00   rho=  0.9962932484   core=  0.0000000000
     vxc(afsw):   -0.79064948  -0.76529155  -0.02535793  -0.00005197
     exc(afsw):   -0.62474593  -0.60254157  -0.02220436  -0.00004383
 Atom  33   Z=  1.0   occ=  1.00   rho=  0.9978658963   core=  0.0000000000
     vxc(afsw):   -0.79560530  -0.77024556  -0.02535974  -0.00002996
     exc(afsw):   -0.62735512  -0.60515175  -0.02220337  -0.00002526
 Atom  34   Z=  1.0   occ=  1.00   rho=  0.9964576207   core=  0.0000000000
     vxc(afsw):   -0.79124249  -0.76588446  -0.02535803  -0.00004971
     exc(afsw):   -0.62501634  -0.60281211  -0.02220423  -0.00004192
 Atom  35   Z=  1.0   occ=  1.00   rho=  0.9962513476   core=  0.0000000000
     vxc(afsw):   -0.79053493  -0.76517707  -0.02535786  -0.00005257
     exc(afsw):   -0.62467586  -0.60247148  -0.02220438  -0.00004433
 Atom  36   Z=  1.0   occ=  1.00   rho=  0.9978351753   core=  0.0000000000
     vxc(afsw):   -0.79557620  -0.77021657  -0.02535963  -0.00003039
     exc(afsw):   -0.62730192  -0.60509856  -0.02220336  -0.00002563
 Atom  37   Z=  1.0   occ=  1.00   rho=  0.9975936599   core=  0.0000000000
     vxc(afsw):   -0.79519081  -0.76983199  -0.02535882  -0.00003381
     exc(afsw):   -0.62688758  -0.60468422  -0.02220336  -0.00002851
 Atom  38   Z=  1.0   occ=  1.00   rho=  0.9962569929   core=  0.0000000000
     vxc(afsw):   -0.79055992  -0.76520207  -0.02535785  -0.00005249
     exc(afsw):   -0.62468501  -0.60248064  -0.02220438  -0.00004427
 Atom  40   Z=  6.0   occ=  6.00   rho=  5.9912255750   core=  0.0000000000
                               rho(xc)=  6.4912254981
     vxc(afsw):   -8.98459227  -8.71711585  -0.26747642  -0.00022035
     exc(afsw):   -6.96392462  -6.73528222  -0.22864240  -0.00017727
 Atom  41   Z=  6.0   occ=  6.00   rho=  5.9962823312   core=  0.0000000000
                               rho(xc)=  6.4962822826
     vxc(afsw):   -9.00757243  -8.74015747  -0.26741497  -0.00009330
     exc(afsw):   -6.96821688  -6.73962077  -0.22859610  -0.00007505
 Atom  42   Z=  4.0   occ=  4.00   rho=  3.9975581637   core=  0.0000000000
     vxc(afsw):   -3.88249753  -3.65955380  -0.22294372  -0.00005570
     exc(afsw):   -3.00433634  -2.81310438  -0.19123196  -0.00004290
 Atom  44   Z=  4.0   occ=  4.00   rho=  3.9979660955   core=  0.0000000000
     vxc(afsw):   -3.88142472  -3.65848717  -0.22293754  -0.00004638
     exc(afsw):   -3.00485184  -2.81362131  -0.19123054  -0.00003573
 Atom  45   Z=  4.0   occ=  4.00   rho=  3.9983482488   core=  0.0000000000
     vxc(afsw):   -3.88028084  -3.65734874  -0.22293210  -0.00003765
     exc(afsw):   -3.00527498  -2.81404580  -0.19122918  -0.00002901
 Atom  46   Z=  1.0   occ=  1.00   rho=  0.9976144806   core=  0.0000000000
     vxc(afsw):   -0.79522700  -0.76986810  -0.02535890  -0.00003351
     exc(afsw):   -0.62692334  -0.60471998  -0.02220336  -0.00002826
 Atom  47   Z=  1.0   occ=  1.00   rho=  0.9963660821   core=  0.0000000000
     vxc(afsw):   -0.79090136  -0.76554337  -0.02535799  -0.00005097
     exc(afsw):   -0.62486614  -0.60266183  -0.02220431  -0.00004298
 Atom  48   Z=  1.0   occ=  1.00   rho=  0.9962817822   core=  0.0000000000
     vxc(afsw):   -0.79065289  -0.76529502  -0.02535787  -0.00005216
     exc(afsw):   -0.62472569  -0.60252134  -0.02220435  -0.00004398
 Atom  49   Z=  1.0   occ=  1.00   rho=  0.9966463103   core=  0.0000000000
     vxc(afsw):   -0.79187493  -0.76651672  -0.02535821  -0.00004707
     exc(afsw):   -0.62532819  -0.60312409  -0.02220410  -0.00003970
 Atom  50   Z=  1.0   occ=  1.00   rho=  0.9959431050   core=  0.0000000000
     vxc(afsw):   -0.78956436  -0.76420689  -0.02535747  -0.00005684
     exc(afsw):   -0.62416421  -0.60195964  -0.02220457  -0.00004793
 Atom  51   Z=  1.0   occ=  1.00   rho=  0.9959295655   core=  0.0000000000
     vxc(afsw):   -0.78952501  -0.76416756  -0.02535745  -0.00005704
     exc(afsw):   -0.62414164  -0.60193706  -0.02220458  -0.00004810
 Atom  52   Z=  1.0   occ=  1.00   rho=  0.9977170344   core=  0.0000000000
     vxc(afsw):   -0.79549044  -0.77013131  -0.02535913  -0.00003206
     exc(afsw):   -0.62709631  -0.60489298  -0.02220332  -0.00002704
 Atom  53   Z=  1.0   occ=  1.00   rho=  0.9964620653   core=  0.0000000000
     vxc(afsw):   -0.79121865  -0.76586055  -0.02535809  -0.00004963
     exc(afsw):   -0.62502498  -0.60282074  -0.02220424  -0.00004185
 Atom  54   Z=  1.0   occ=  1.00   rho=  0.9961314348   core=  0.0000000000
     vxc(afsw):   -0.79015444  -0.76479673  -0.02535771  -0.00005424
     exc(afsw):   -0.62447691  -0.60227246  -0.02220446  -0.00004574
 Atom  55   Z=  1.0   occ=  1.00   rho=  0.9972488936   core=  0.0000000000
     vxc(afsw):   -0.79395914  -0.76860049  -0.02535865  -0.00003864
     exc(afsw):   -0.62632134  -0.60411770  -0.02220364  -0.00003259
 ***** CAUTION: grid fineness questionable

 grid0xc compute+    0.49 =    1460.1 seconds wall (    0.49 usr    0.00 sys)

 grid0xc Merge  +    0.03 =    1460.1 seconds wall (    0.00 usr    0.03 sys)

 grid0xc Bcast  +    0.14 =    1460.3 seconds wall (    0.13 usr    0.00 sys)


 AFTER SETUP PHASE+   14.99 =    1475.3 seconds wall (    0.17 usr    0.31 sys)

  
 *************************  iteration   0 begins here  *************************


 Before iterations+    0.05 =    1475.3 seconds wall (    0.05 usr    0.00 sys)
  
 grid-integrated up-density total =       78.4330620033
 grid-integrated dn-density total =       78.4330620033
 grid-integrated valence-density total =      156.8661240066
 Harris Fcnal XC piece=       42.6977576080
  
  

 After 0 iteration+    0.55 =    1475.9 seconds wall (    0.51 usr    0.04 sys)
 *************************  iteration   1 begins here  *************************


 erlsolv/begin  +    0.02 =    1475.9 seconds wall (    0.01 usr    0.00 sys)
 PERLSOLV: kpp-copmatible version

 erlsolv/schroed+    0.09 =    1476.0 seconds wall (    0.06 usr    0.00 sys)

 erlsolv/pop    +    0.00 =    1476.0 seconds wall (    0.00 usr    0.00 sys)

 erlsolv/dmat compute+    0.00 =    1476.0 seconds wall (    0.00 usr    0.00 sys)

 erlsolv/dmat compute+    0.01 =    1476.0 seconds wall (    0.00 usr    0.00 sys)

 erlsolv/rhoij  +    0.01 =    1476.0 seconds wall (    0.00 usr    0.01 sys)

 spin-up fermi level =   -0.350722 Ry,   gap(0K)= 0.198599 Ry = 2.702 eV
 spin-dn fermi level =   -0.451943 Ry,   gap(0K)= 0.004045 Ry = 0.055 eV

 k-vector:                  1
  weight:               1.000000
            level/UP/occup       level/DN/occup
  
    1    -1.943927  1.0000    -1.943927  1.0000
    2    -1.933037  1.0000    -1.933037  1.0000
    3    -1.920647  1.0000    -1.920647  1.0000
    4    -1.844993  1.0000    -1.844993  1.0000
             ...      ...         ...      ...
   60    -0.699012  1.0000    -0.699012  1.0000
   61    -0.696571  1.0000    -0.696571  1.0000
   62    -0.681411  1.0000    -0.681411  1.0000
   63    -0.678390  1.0000    -0.678390  1.0000
   64    -0.659963  1.0000    -0.659963  1.0000
   65    -0.643845  1.0000    -0.643845  1.0000
   66    -0.632263  1.0000    -0.632263  1.0000
   67    -0.625721  1.0000    -0.625721  1.0000
   68    -0.619784  1.0000    -0.619784  1.0000
   69    -0.611815  1.0000    -0.611815  1.0000
   70    -0.602834  1.0000    -0.602834  1.0000
   71    -0.594963  1.0000    -0.594963  1.0000
   72    -0.584837  1.0000    -0.584837  1.0000
   73    -0.577630  1.0000    -0.577630  1.0000
   74    -0.575548  1.0000    -0.575548  1.0000
   75    -0.556092  1.0000    -0.556092  1.0000
   76    -0.513586  1.0000    -0.513586  0.9979
   77    -0.510503  1.0000    -0.510503  0.9971
   78    -0.454066  1.0000    -0.454066  0.5529
   79    -0.450021  1.0000    -0.450021  0.4521
   80    -0.251422  0.0000    -0.251422  0.0000
   81    -0.058373  0.0000    -0.058373  0.0000
   82    -0.014641  0.0000    -0.014641  0.0000
   83    -0.003515  0.0000    -0.003515  0.0000
   84     0.019147  0.0000     0.019147  0.0000
   85     0.026254  0.0000     0.026254  0.0000
   86     0.037022  0.0000     0.037022  0.0000
   87     0.049013  0.0000     0.049013  0.0000
             ...      ...         ...      ...
  200     1.044800  0.0000     1.044800  0.0000
  
 delta movement in up-elecs =        9.7675508269
 delta movement in dn-elecs =        9.6543304730
 delta movement in electrons =       19.1918145764

 one-center local charge defect =         0.07769615

 one-center local charge defect =         0.07649698

 LMCC local dipole, |dip|=        4.5715552043
 Using LMCC treatment of supercell electrostatics
 DBG/LMCCINT, esns diagnostics redone
 LMCC chemical potential shift(Ry,eV)=       -0.0000027256       -0.0000370839
 LMCC esns total grid integral=        2.2449822133
  
 grid-integrated up-density total =       78.9146091673
 grid-integrated dn-density total =       77.9158092852
 grid-integrated valence-density total =      156.8304184526
  
 TOTAL single particle eigenvalue sum=      -152.5981467799
  
 rms,max scfchange=  1.1517D-02  6.8057D-01 for component#    310898
 electronic meth_bl(BROYDEN)=           1
>>>>> Broyden: first step (elec) simple blend ratio= 0.300000
<<<<< Broyden step complete, scf step=     1

 After blending   +   25.14 =    1501.1 seconds wall (    4.91 usr    0.82 sys)
  
 *************************  iteration   2 begins here  *************************


 erlsolv/begin  +    0.00 =    1501.1 seconds wall (    0.00 usr    0.00 sys)
 PERLSOLV: kpp-copmatible version

 erlsolv/schroed+    0.09 =    1501.2 seconds wall (    0.07 usr    0.00 sys)

 erlsolv/pop    +    0.00 =    1501.2 seconds wall (    0.00 usr    0.00 sys)

 erlsolv/dmat compute+    0.00 =    1501.2 seconds wall (    0.00 usr    0.00 sys)

 erlsolv/dmat compute+    0.01 =    1501.2 seconds wall (    0.00 usr    0.00 sys)

 erlsolv/rhoij  +    0.01 =    1501.2 seconds wall (    0.00 usr    0.01 sys)

 spin-up fermi level =   -0.400208 Ry,   gap(0K)= 0.125942 Ry = 1.714 eV
 spin-dn fermi level =   -0.467870 Ry,   gap(0K)= 0.016177 Ry = 0.220 eV
  
 delta movement in up-elecs =        8.0239935588
 delta movement in dn-elecs =        8.1491366354
 delta movement in electrons =       15.9580084873

 one-center local charge defect =         0.07626898

 one-center local charge defect =         0.07458737

 LMCC local dipole, |dip|=        3.2362219763
 Using LMCC treatment of supercell electrostatics
 DBG/LMCCINT, esns diagnostics redone
 LMCC chemical potential shift(Ry,eV)=       -0.0000108893       -0.0001481582
 LMCC esns total grid integral=        1.1529537493
  
 grid-integrated up-density total =       78.9162016386
 grid-integrated dn-density total =       77.9178889668
 grid-integrated valence-density total =      156.8340906054
  
 TOTAL single particle eigenvalue sum=      -148.3602548301
  
 rms,max scfchange=  8.3357D-03  7.7418D-01 for component#     53849
 electronic meth_bl(BROYDEN)=           1
>>>>> Broyden blend to get next step - elec
<<<<< Broyden step complete, scf step=     2

 After blending   +   18.05 =    1519.3 seconds wall (    4.81 usr    0.80 sys)
  
 *************************  iteration   3 begins here  *************************


 erlsolv/begin  +    0.02 =    1519.3 seconds wall (    0.01 usr    0.00 sys)
 PERLSOLV: kpp-copmatible version

 erlsolv/schroed+    0.09 =    1519.4 seconds wall (    0.07 usr    0.01 sys)

 erlsolv/pop    +    0.00 =    1519.4 seconds wall (    0.00 usr    0.00 sys)

 erlsolv/dmat compute+    0.00 =    1519.4 seconds wall (    0.00 usr    0.00 sys)

 erlsolv/dmat compute+    0.01 =    1519.4 seconds wall (    0.00 usr    0.00 sys)

 erlsolv/rhoij  +    0.01 =    1519.4 seconds wall (    0.00 usr    0.01 sys)

 spin-up fermi level =   -0.354606 Ry,   gap(0K)= 0.163934 Ry = 2.230 eV
 spin-dn fermi level =   -0.433157 Ry,   gap(0K)= 0.018717 Ry = 0.255 eV
  
 delta movement in up-elecs =        7.9270313583
 delta movement in dn-elecs =        7.7375048224
 delta movement in electrons =       15.4116680018

 one-center local charge defect =         0.07645501

 one-center local charge defect =         0.07516470

 LMCC local dipole, |dip|=        3.2012048398
 Using LMCC treatment of supercell electrostatics
 DBG/LMCCINT, esns diagnostics redone
 LMCC chemical potential shift(Ry,eV)=        0.0000041264        0.0000561424
 LMCC esns total grid integral=        0.9604162271
  
 grid-integrated up-density total =       78.9160651410
 grid-integrated dn-density total =       77.9173568406
 grid-integrated valence-density total =      156.8334219816
  
 TOTAL single particle eigenvalue sum=      -146.4532265487
  
 rms,max scfchange=  4.7736D-03  4.8037D-01 for component#     53849
 electronic meth_bl(BROYDEN)=           1
>>>>> Broyden blend to get next step - elec
<<<<< Broyden step complete, scf step=     3

 After blending   +   15.22 =    1534.6 seconds wall (    5.08 usr    0.81 sys)
  
 *************************  iteration   4 begins here  *************************


 erlsolv/begin  +    0.00 =    1534.6 seconds wall (    0.00 usr    0.00 sys)
 PERLSOLV: kpp-copmatible version

 erlsolv/schroed+    0.09 =    1534.7 seconds wall (    0.07 usr    0.01 sys)

 erlsolv/pop    +    0.00 =    1534.7 seconds wall (    0.00 usr    0.00 sys)

 erlsolv/dmat compute+    0.00 =    1534.7 seconds wall (    0.00 usr    0.00 sys)

 erlsolv/dmat compute+    0.01 =    1534.7 seconds wall (    0.00 usr    0.00 sys)

 erlsolv/rhoij  +    0.01 =    1534.7 seconds wall (    0.00 usr    0.01 sys)

 spin-up fermi level =   -0.370714 Ry,   gap(0K)= 0.169898 Ry = 2.312 eV
 spin-dn fermi level =   -0.442198 Ry,   gap(0K)= 0.023863 Ry = 0.325 eV
  
 delta movement in up-elecs =        7.6879359022
 delta movement in dn-elecs =        7.4672858177
 delta movement in electrons =       14.9072057475

 one-center local charge defect =         0.07644933

 one-center local charge defect =         0.07520565

 LMCC local dipole, |dip|=        2.8486088950
 Using LMCC treatment of supercell electrostatics
 DBG/LMCCINT, esns diagnostics redone
 LMCC chemical potential shift(Ry,eV)=        0.0000032386        0.0000440644
 LMCC esns total grid integral=        0.7970431467
  
 grid-integrated up-density total =       78.9161239537
 grid-integrated dn-density total =       77.9173684202
 grid-integrated valence-density total =      156.8334923739
  
 TOTAL single particle eigenvalue sum=      -145.8846132394
  
 rms,max scfchange=  2.9513D-03  2.7673D-01 for component#     53849
 electronic meth_bl(BROYDEN)=           1
>>>>> Broyden blend to get next step - elec
<<<<< Broyden step complete, scf step=     4

 After blending   +   17.84 =    1552.6 seconds wall (    5.30 usr    0.81 sys)
  
 *************************  iteration   5 begins here  *************************


 erlsolv/begin  +    0.00 =    1552.6 seconds wall (    0.00 usr    0.00 sys)
 PERLSOLV: kpp-copmatible version

 erlsolv/schroed+    0.09 =    1552.7 seconds wall (    0.07 usr    0.00 sys)

 erlsolv/pop    +    0.00 =    1552.7 seconds wall (    0.00 usr    0.00 sys)

 erlsolv/dmat compute+    0.00 =    1552.7 seconds wall (    0.00 usr    0.00 sys)

 erlsolv/dmat compute+    0.00 =    1552.7 seconds wall (    0.00 usr    0.00 sys)

 erlsolv/rhoij  +    0.02 =    1552.7 seconds wall (    0.00 usr    0.01 sys)

 spin-up fermi level =   -0.385462 Ry,   gap(0K)= 0.171514 Ry = 2.334 eV
 spin-dn fermi level =   -0.448642 Ry,   gap(0K)= 0.027503 Ry = 0.374 eV
  
 delta movement in up-elecs =        7.6346855930
 delta movement in dn-elecs =        7.3445981561
 delta movement in electrons =       14.7524262169

 one-center local charge defect =         0.07641241

 one-center local charge defect =         0.07508092

 LMCC local dipole, |dip|=        2.0256330278
 Using LMCC treatment of supercell electrostatics
 DBG/LMCCINT, esns diagnostics redone
 LMCC chemical potential shift(Ry,eV)=        0.0000013507        0.0000183777
 LMCC esns total grid integral=        0.7210817548
  
 grid-integrated up-density total =       78.9161753979
 grid-integrated dn-density total =       77.9175077957
 grid-integrated valence-density total =      156.8336831936
  
 TOTAL single particle eigenvalue sum=      -146.0864940246
  
 rms,max scfchange=  8.8221D-04  7.7913D-02 for component#     53849
 electronic meth_bl(BROYDEN)=           1
>>>>> Broyden blend to get next step - elec
<<<<< Broyden step complete, scf step=     5

 After blending   +   14.73 =    1567.4 seconds wall (    5.08 usr    0.82 sys)
  
 *************************  iteration   6 begins here  *************************


 erlsolv/begin  +    0.02 =    1567.4 seconds wall (    0.00 usr    0.00 sys)
 PERLSOLV: kpp-copmatible version

 erlsolv/schroed+    0.09 =    1567.5 seconds wall (    0.07 usr    0.00 sys)

 erlsolv/pop    +    0.00 =    1567.5 seconds wall (    0.00 usr    0.00 sys)

 erlsolv/dmat compute+    0.00 =    1567.5 seconds wall (    0.00 usr   -0.00 sys)

 erlsolv/dmat compute+    0.01 =    1567.5 seconds wall (    0.00 usr    0.00 sys)

 erlsolv/rhoij  +    0.01 =    1567.5 seconds wall (    0.00 usr    0.00 sys)

 spin-up fermi level =   -0.386992 Ry,   gap(0K)= 0.167190 Ry = 2.275 eV
 spin-dn fermi level =   -0.445207 Ry,   gap(0K)= 0.019594 Ry = 0.267 eV
  
 delta movement in up-elecs =        7.6188157308
 delta movement in dn-elecs =        7.3175949629
 delta movement in electrons =       14.6981353707

 one-center local charge defect =         0.07642402

 one-center local charge defect =         0.07504419

 LMCC local dipole, |dip|=        1.5850052546
 Using LMCC treatment of supercell electrostatics
 DBG/LMCCINT, esns diagnostics redone
 LMCC chemical potential shift(Ry,eV)=       -0.0000007140       -0.0000097146
 LMCC esns total grid integral=        0.6971128847
  
 grid-integrated up-density total =       78.9161745745
 grid-integrated dn-density total =       77.9175559483
 grid-integrated valence-density total =      156.8337305228
  
 TOTAL single particle eigenvalue sum=      -146.1450108189
  
 rms,max scfchange=  8.7416D-04  9.1657D-02 for component#     55373
 electronic meth_bl(BROYDEN)=           1
>>>>> Broyden blend to get next step - elec
<<<<< Broyden step complete, scf step=     6

 After blending   +   25.14 =    1592.7 seconds wall (    5.10 usr    0.82 sys)
  
 *************************  iteration   7 begins here  *************************


 erlsolv/begin  +    0.02 =    1592.7 seconds wall (    0.02 usr    0.00 sys)
 PERLSOLV: kpp-copmatible version

 erlsolv/schroed+    0.09 =    1592.8 seconds wall (    0.08 usr    0.00 sys)

 erlsolv/pop    +    0.00 =    1592.8 seconds wall (    0.00 usr    0.00 sys)

 erlsolv/dmat compute+    0.01 =    1592.8 seconds wall (    0.00 usr    0.00 sys)

 erlsolv/dmat compute+    0.02 =    1592.8 seconds wall (    0.00 usr    0.00 sys)

 erlsolv/rhoij  +    0.01 =    1592.8 seconds wall (    0.00 usr    0.01 sys)

 spin-up fermi level =   -0.386791 Ry,   gap(0K)= 0.173636 Ry = 2.362 eV
 spin-dn fermi level =   -0.445042 Ry,   gap(0K)= 0.029649 Ry = 0.403 eV
  
 delta movement in up-elecs =        7.6176862778
 delta movement in dn-elecs =        7.3372832936
 delta movement in electrons =       14.7121690624

 one-center local charge defect =         0.07640741

 one-center local charge defect =         0.07510906

 LMCC local dipole, |dip|=        1.9543868257
 Using LMCC treatment of supercell electrostatics
 DBG/LMCCINT, esns diagnostics redone
 LMCC chemical potential shift(Ry,eV)=        0.0000010804        0.0000146998
 LMCC esns total grid integral=        0.7085551514
  
 grid-integrated up-density total =       78.9161933496
 grid-integrated dn-density total =       77.9174930564
 grid-integrated valence-density total =      156.8336864060
  
 TOTAL single particle eigenvalue sum=      -146.0848737894
  
 rms,max scfchange=  5.1816D-04  5.0504D-02 for component#     53849
 electronic meth_bl(BROYDEN)=           1
>>>>> Broyden blend to get next step - elec
<<<<< Broyden step complete, scf step=     7

 After blending   +   29.31 =    1622.1 seconds wall (    6.04 usr    0.82 sys)
  
 *************************  iteration   8 begins here  *************************


 erlsolv/begin  +    0.23 =    1622.4 seconds wall (    0.17 usr    0.00 sys)
 PERLSOLV: kpp-copmatible version

 erlsolv/schroed+    0.34 =    1622.7 seconds wall (    0.31 usr    0.01 sys)

 erlsolv/pop    +    0.00 =    1622.7 seconds wall (    0.00 usr    0.00 sys)

 erlsolv/dmat compute+    0.00 =    1622.7 seconds wall (    0.00 usr    0.00 sys)

 erlsolv/dmat compute+    0.01 =    1622.7 seconds wall (    0.00 usr    0.00 sys)

 erlsolv/rhoij  +    0.01 =    1622.7 seconds wall (    0.00 usr    0.01 sys)

 spin-up fermi level =   -0.387695 Ry,   gap(0K)= 0.170354 Ry = 2.318 eV
 spin-dn fermi level =   -0.443281 Ry,   gap(0K)= 0.028064 Ry = 0.382 eV
  
 delta movement in up-elecs =        7.6121725366
 delta movement in dn-elecs =        7.3387231849
 delta movement in electrons =       14.6945810114

 one-center local charge defect =         0.07639436

 one-center local charge defect =         0.07509302

 LMCC local dipole, |dip|=        1.7776677348
 Using LMCC treatment of supercell electrostatics
 DBG/LMCCINT, esns diagnostics redone
 LMCC chemical potential shift(Ry,eV)=        0.0000004972        0.0000067649
 LMCC esns total grid integral=        0.7012687459
  
 grid-integrated up-density total =       78.9162125296
 grid-integrated dn-density total =       77.9175149791
 grid-integrated valence-density total =      156.8337275086
  
 TOTAL single particle eigenvalue sum=      -146.0966333549
  
 rms,max scfchange=  1.0959D-04  1.1843D-02 for component#      2033
 ######################  ENERGY ANALYSIS  #######################
    Spherical-atom es ENERGY correction =      -444.3673094450
    Full spherical atom trace ENERGY =         -229.3855366509
    Spherical-atom-Vxc trace ENERGY =           266.1573068561
    non-spherical es ENERGY =                     0.7012990984
    Total Exc ENERGY =                         -146.2607001725

    total kinetic trace ENERGY =          403.4933827611
    non-local ps-pot trace ENERGY =        56.9216419934
    total electrostatic ENERGY =         -867.3092648958
    Total Vxc ENERGY =                   -189.7253788711

    TOTAL ENERGY (Rydberg) =                   -553.1549403139

 ################################################################

 After blending   +   27.16 =    1649.9 seconds wall (    4.56 usr    0.82 sys)
  
 >>>>> self-consistency achieved, iteration   8


 Final GAP(eV)=  2.3178 (up),  0.3818 (dn)

 spin-up fermi level =   -0.387695 Ry,   gap(0K)= 0.170354 Ry = 2.318 eV
 spin-dn fermi level =   -0.443281 Ry,   gap(0K)= 0.028064 Ry = 0.382 eV

 k-vector:                  1
  weight:               1.000000
            level/UP/occup       level/DN/occup
  
    1    -2.000632  1.0000    -1.998387  1.0000
    2    -1.951793  1.0000    -1.950715  1.0000
    3    -1.932755  1.0000    -1.930769  1.0000
    4    -1.888013  1.0000    -1.879976  1.0000
             ...      ...         ...      ...
   60    -0.639040  1.0000    -0.638307  1.0000
   61    -0.629468  1.0000    -0.622581  1.0000
   62    -0.618438  1.0000    -0.617787  1.0000
   63    -0.615100  1.0000    -0.613539  1.0000
   64    -0.610606  1.0000    -0.608780  1.0000
   65    -0.608060  1.0000    -0.605295  1.0000
   66    -0.598524  1.0000    -0.594338  1.0000
   67    -0.577465  1.0000    -0.571182  1.0000
   68    -0.569769  1.0000    -0.565273  1.0000
   69    -0.561792  1.0000    -0.552997  1.0000
   70    -0.555721  1.0000    -0.547566  1.0000
   71    -0.540019  1.0000    -0.529835  0.9998
   72    -0.531681  1.0000    -0.522237  0.9996
   73    -0.525531  1.0000    -0.516255  0.9993
   74    -0.505412  1.0000    -0.499046  0.9962
   75    -0.493262  1.0000    -0.487570  0.9882
   76    -0.489515  1.0000    -0.471861  0.9457
   77    -0.482917  0.9999    -0.471034  0.9413
   78    -0.480676  0.9999    -0.461405  0.8597
   79    -0.478528  0.9999    -0.433341  0.2701
   80    -0.308174  0.0004    -0.295848  0.0000
   81    -0.091460  0.0000    -0.086641  0.0000
   82    -0.056223  0.0000    -0.055452  0.0000
   83    -0.025697  0.0000    -0.022029  0.0000
   84    -0.001369  0.0000    -0.000365  0.0000
   85     0.010331  0.0000     0.011467  0.0000
   86     0.034943  0.0000     0.037207  0.0000
   87     0.041637  0.0000     0.042337  0.0000
   88     0.053639  0.0000     0.054402  0.0000
             ...      ...         ...      ...
  200     1.081137  0.0000     1.082155  0.0000
  
 >>>>> grid delta-density saved to file

 FINAL CONVERGED ENERGY (Rydberg) =     -553.1549403139
 Binding energy =      -39.9195453139 Ry =           -543.1375 eV

 AFTER ITERATIONS +    0.05 =    1649.9 seconds wall (    0.00 usr    0.02 sys)
 Atom  20   Z=  4.0   occ=  4.00   rho=  3.9980631396   core=  0.0000000000
     vxc(afs ):   -3.88218341  -3.65924539  -0.22293802
     exc(afs ):   -3.00491421  -2.81368411  -0.19123010
 Atom  40   Z=  6.0   occ=  6.00   rho=  5.9912255750   core=  0.0000000000
                               rho(xc)=  6.4912254981
     vxc(afs ):   -8.98459227  -8.71711585  -0.26747642
     exc(afs ):   -6.96392462  -6.73528222  -0.22864240

 atom xc0frc stress term=      121.5799295835
 mat0frc: stripe-parallel, KPSTORE= F
  
 total force contributions(Ry/bohr):
        atom       x force          y force          z force
          1     -0.0000231345     0.0000346165    -0.0000189360
          2      0.0000283569     0.0000398987     0.0000027539
          3      0.0000375090     0.0000344333     0.0000232710
          4     -0.0000511148     0.0000409307    -0.0000466843
          5      0.0000649336     0.0000674837    -0.0000083414
          6     -0.0000017783     0.0000523622     0.0000417852
          7      0.0000368941    -0.0000571031    -0.0000076904
          8      0.0000049464    -0.0000305166    -0.0000340534
          9     -0.0000676426    -0.0001744106    -0.0000544671
         10     -0.0000356691    -0.0000266863    -0.0000031220
         11     -0.0000120876     0.0000374825     0.0000112204
         12      0.0000207847    -0.0000064685     0.0000014727
         13     -0.0000212160    -0.0000113996     0.0000076887
         14     -0.0000466191     0.0000296993    -0.0001833541
         15      0.0003377670    -0.0001611659    -0.0001463743
         16      0.0004033918    -0.0004315906     0.0001167934
         17      0.0005310754    -0.0001857168    -0.0000690082
         18     -0.0000396058    -0.0000418484     0.0000946969
         19     -0.0000535285    -0.0000475255     0.0000606015
         20     -0.0000015119    -0.0000284622    -0.0000065136
         21      0.0000285504     0.0000061382    -0.0000139515
         22     -0.0000081360     0.0000000000     0.0000325572
         23     -0.0000020745    -0.0000274852    -0.0000316558
         24      0.0001861721     0.0002362040    -0.0001168627
         25      0.0000570254    -0.0000415371     0.0000281240
         26      0.0001170550    -0.0002247844    -0.0001659317
         27      0.0003521782    -0.0000116136     0.0003322282
         28     -0.0000809971     0.0000949759     0.0002076774
         29      0.0004723844     0.0001994795     0.0000326551
         30     -0.0000215752     0.0000058003     0.0000022122
         31      0.0000115190     0.0000076448    -0.0000287373
         32      0.0000000000    -0.0000207543    -0.0000032079
         33      0.0000334799    -0.0000103653     0.0000735488
         34      0.0000524040     0.0000296556     0.0000220593
         35      0.0000043721    -0.0000418333     0.0000625745
         36      0.0000000000     0.0000000000     0.0000038504
         37      0.0000025619    -0.0000065154     0.0000017302
         38     -0.0000043137     0.0000034855    -0.0000019701
         39      0.0000253327     0.0000188565    -0.0000024915
         40      0.0000048340     0.0000107700     0.0000000000
         41      0.0000024788     0.0000084532     0.0000124553
         42      0.0000013840     0.0000078500    -0.0000027278
         43      0.0000055259     0.0000028063    -0.0000030587
         44      0.0000000000    -0.0000022013    -0.0000041287
         45      0.0000039988     0.0000000000    -0.0000042472
         46     -0.0000123202    -0.0000082897    -0.0000142009
         47      0.0000019924    -0.0000012091     0.0000000000
         48      0.0000069469     0.0000051589     0.0000014638
         49      0.0000036052    -0.0000028852     0.0000020171
         50     -0.0000026782    -0.0000024020    -0.0000015577
         51     -0.0000022952     0.0000017982    -0.0000029875
         52     -0.0000017173     0.0000000000     0.0000000000
         53     -0.0000028314     0.0000041787     0.0000016972
         54      0.0000000000     0.0000024011     0.0000037903
         55      0.0000024647     0.0000036680    -0.0000023333
      f-defect        0.0023490779    -0.0006185382     0.0002023292

 AFTER FORCE RTNS +    2.35 =    1652.3 seconds wall (    2.31 usr    0.02 sys)
  
 >>>>> GSELECT begins, nslics=           0
 <<<<< GSELECT ends
 rms,max force=  1.7912D-04  6.0219D-04 for component#       16

 ###############################################################################
 FINAL GEOMETRY for step  10, of  10 total
atom, type, position;  step#     10
 AT1          Pt               -0.3475389457    1.4049081338   -0.1866869942 
 AT2          O                 2.4217626303    3.7110964047   -1.0033271744 
 AT3          O                -3.2968601135   -0.9758924437    0.0669622920 
 AT4          O                 1.3868489316   -1.9022668026   -1.0119282175 
 AT5          P                -4.8624686258   -0.6726317808   -2.5732965191 
 AT6          P                 3.3172573455   -2.7031721213    1.2368769903 
 AT7          O                -2.8826004839   -1.7593654597   -4.7328526702 
 AT8          O                -5.6619836194    1.9858704563   -3.3132573169 
 AT9          O                 5.2821928036   -0.8135363492    1.9310319079 
 AT10         O                 4.7692029913   -5.1350189607    0.0195909065 
 AT11         H                -2.1319888308   -3.4168631153   -4.3565795219 
 AT12         H                 3.5629506553   -6.3316063957   -0.7157225730 
 AT13         C                 1.7158268452   -3.6406444199    4.1892316469 
 AT14         C                -7.5436184756   -2.9370695960   -2.3401242979 
 AT15         C                -9.2887985736   -2.2600279987   -0.1226190607 
 AT16         C                -9.0104180910   -2.9345430330   -4.8518550075 
 AT17         C                -6.5323844607   -5.6244909642   -1.9271000512 
 AT18         C                -0.4384547899   -5.5437112124    3.8254331717 
 AT19         C                 0.6824144116   -1.2056826700    5.4005549720 
 AT20         C                 3.7051950237   -4.7548832954    6.0006485829 
 AT21         H                -9.9937373092   -0.3062053700   -0.2293436052 
 AT22         H                -8.2830194800   -2.5433829884    1.6672761114 
 AT23         H               -10.9546696265   -3.5137343391   -0.1916625458 
 AT24         H                -9.9509509300   -1.1516544945   -5.3320979893 
 AT25         H               -10.4923780357   -4.4072630267   -4.8167135784 
 AT26         H                -7.7402458207   -3.4546057513   -6.3998153631 
 AT27         H                -5.3808109322   -5.8083045737   -0.2186822232 
 AT28         H                -5.4261712190   -6.3258254508   -3.5308840058 
 AT29         H                -8.1750466186   -6.8709452780   -1.6781064241 
 AT30         H                -1.9928779943   -4.8705307188    2.6186944390 
 AT31         H                -1.1983886430   -5.9140938837    5.7298610796 
 AT32         H                 0.2510148424   -7.3391430827    3.0532142307 
 AT33         H                -0.7142676723   -0.2587494394    4.1829314033 
 AT34         H                 2.1583233430    0.1834063148    5.8151693133 
 AT35         H                -0.2542233452   -1.6641125819    7.2016305245 
 AT36         H                 4.4168233351   -6.6128927998    5.3931749701 
 AT37         H                 2.6911496271   -4.9774801456    7.7961473880 
 AT38         H                 5.3302543210   -3.4988015272    6.2948858820 
 AT39         P                 1.3909011556    6.4152942780   -0.0153712602 
 AT40         O                -1.7976449375    5.5880397053    0.5438822839 
 AT41         O                 2.4129828295    7.1009078910    2.4893974989 
 AT42         C                 1.8116206695    8.9703527503   -2.3773792877 
 AT43         C                 0.8245080175    8.4060951582   -5.0298248172 
 AT44         C                 0.4479236985   11.3058183401   -1.3007723014 
 AT45         C                 4.6903699782    9.4454747069   -2.4666548924 
 AT46         H                -2.6975489118    5.4358365380   -1.1069768486 
 AT47         H                 1.6745822589    6.7253768326   -5.8693867224 
 AT48         H                 1.1981117983   10.0337804270   -6.2779259767 
 AT49         H                -1.2254026604    8.1622451235   -4.9884681408 
 AT50         H                -1.6017243641   11.0109823809   -1.1634925852 
 AT51         H                 0.7329011186   12.8949978286   -2.6010693978 
 AT52         H                 1.1552395460   11.8815271222    0.5686582271 
 AT53         H                 5.7851545031    7.7773759328   -3.0531385153 
 AT54         H                 5.4115198823   10.0929513748   -0.6480694067 
 AT55         H                 4.9652368940   10.9490072194   -3.8879192398 
 ###############################################################################

 FINAL RELAXED ENERGY =     -553.1549403139


 AFTER GEOMETRY   +    0.07 =    1652.4 seconds wall (    0.00 usr    0.00 sys)
 Normal exit: RELAX DONE
 Total TIME=    1652.4 seconds (usr=     461.4  sys=      72.1  lost=    1118.9)
