NEB log file generated by ORCA
All quantities are given in atomic units. Unless stated otherwise. 
iteration       : 0
climbing        : no
zoom on         : no
nim             : 9
barrier         :   0.11392972 (image:  5) 
distance        :   0.00000000    4.50355831    9.01124860   13.52644296   18.05014787   22.58042438   27.12470546   31.68491243   36.26023026 
energy          : -1977.86838856  -1977.84981889  -1977.81554050  -1977.77982917  -1977.75599416  -1977.75445884  -1977.75885989  -1977.86680747  -1977.92730488 
max(|Fr_perp|)   :   0.00000000    0.02400163    0.03516629    0.04339698    0.04586630    0.04322167    0.05257496    0.07680987    0.00000000 
Fr_paral         :   0.00000000   -0.00670610   -0.00866519   -0.00693832   -0.00698727    0.00768856   -0.00024601    0.02436185    0.00000000 
max(|Fsp_paral|) :   0.00000000    0.03002904    0.03224625    0.02212550    0.00149763    0.00036091    0.00347902    0.09645983    0.00000000 
max(|Fsp_perp|)  :   0.00000000    0.00000000    0.00000000    0.00000000    0.00000000    0.00000000    0.00000000    0.00000000    0.00000000 
max(|FNEB|)      :   0.00000000    0.03160074    0.03527485    0.04205995    0.04519440    0.04334266    0.05336014    0.10267608    0.00000000 
max(|Force|)     :   0.00004585    0.02433779    0.03517613    0.04402595    0.04662984    0.04380316    0.05261130    0.08205677    0.00025123 
ksp              :   0.02467174    0.05175192    0.07996377    0.09879096    0.10000000    0.10000000    0.09652541    0.01125340 
max(|step|)      :   0.00000000    0.03077712    0.03435547    0.04096373    0.04401649    0.04221301    0.05196940    0.10000000    0.00000000 
angle (deg.)     :    8.5713  7.8077  6.9505  21.0274  44.1163  53.5939  31.4710 
>
iteration       : 1
climbing        : no
zoom on         : no
nim             : 9
barrier         :   0.10479751 (image:  5) 
distance        :   0.00000000    4.62187547    9.13482611   13.60888933   18.05744405   22.58525517   27.11885619   31.29556027   36.19109907 
energy          : -1977.86838856  -1977.85268315  -1977.82218539  -1977.79019292  -1977.76756436  -1977.76359105  -1977.76883124  -1977.86900871  -1977.92730488 
max(|Fr_perp|)   :   0.00000000    0.01821624    0.03124147    0.04261405    0.04635609    0.03405835    0.04112329    0.06872310    0.00000000 
Fr_paral         :   0.00000000   -0.00600730   -0.00795809   -0.00644735   -0.00755976    0.00632960    0.00024399    0.02584970    0.00000000 
max(|Fsp_paral|) :   0.00000000    0.02839916    0.03055054    0.02177373    0.00562469    0.00015173    0.01324039    0.08660346    0.00000000 
max(|Fsp_perp|)  :   0.00000000    0.00000000    0.00000000    0.00000000    0.00000000    0.00000000    0.00000000    0.00000000    0.00000000 
max(|FNEB|)      :   0.00000000    0.02991764    0.03291689    0.03502120    0.04375712    0.03408482    0.04392626    0.09100540    0.00000000 
max(|Force|)     :   0.00004585    0.01852658    0.03199235    0.04319350    0.04720644    0.03434773    0.04111074    0.07458808    0.00025123 
ksp              :   0.02348779    0.04967924    0.07715434    0.09658772    0.10000000    0.10000000    0.09549973    0.01000000 
max(|step|)      :   0.00000000    0.03317615    0.03649283    0.03923737    0.04898583    0.03598979    0.04690699    0.10000000    0.00139365 
angle (deg.)     :    8.5660  7.7561  6.9276  20.9781  44.1268  52.5141  28.6615 
>
iteration       : 2
climbing        : no
zoom on         : no
nim             : 9
barrier         :   0.09864779 (image:  5) 
distance        :   0.00000000    4.74951802    9.26844754   13.70271543   18.08847787   22.59031089   27.05674971   30.87563562   36.10824792 
energy          : -1977.86838856  -1977.85437635  -1977.82659725  -1977.79753892  -1977.77581309  -1977.76974077  -1977.77634538  -1977.87038249  -1977.92730488 
max(|Fr_perp|)   :   0.00000000    0.01559999    0.02872032    0.04118386    0.04635561    0.03192533    0.04138726    0.06395189    0.00000000 
Fr_paral         :   0.00000000   -0.00554634   -0.00742983   -0.00612472   -0.00815009    0.00602714    0.00095252    0.02671136    0.00000000 
max(|Fsp_paral|) :   0.00000000    0.02682330    0.02867214    0.02147681    0.00871686    0.00093065    0.02134308    0.07578704    0.00000000 
max(|Fsp_perp|)  :   0.00000000    0.00000000    0.00000000    0.00000000    0.00000000    0.00000000    0.00000000    0.00000000    0.00000000 
max(|FNEB|)      :   0.00000000    0.02829827    0.03073573    0.03377831    0.04219254    0.03224839    0.04227086    0.08182677    0.00000000 
max(|Force|)     :   0.00004585    0.01573849    0.02940424    0.04173209    0.04730152    0.03138857    0.04138950    0.07019198    0.00025123 
ksp              :   0.02278466    0.04812981    0.07464290    0.09446360    0.10000000    0.10000000    0.09397832    0.01000000 
max(|step|)      :   0.00000000    0.03458315    0.03756195    0.04128027    0.05156325    0.03941057    0.05165897    0.10000000    0.00000000 
angle (deg.)     :    8.5966  7.7307  6.9629  20.9247  44.1263  50.8262  25.8464 
>
iteration       : 3
climbing        : no
zoom on         : no
nim             : 9
barrier         :   0.09263532 (image:  5) 
distance        :   0.00000000    4.88298621    9.40747396   13.80512086   18.13457270   22.59291502   26.96049104   30.45235649   36.02635843 
energy          : -1977.86838856  -1977.85553807  -1977.83003800  -1977.80388294  -1977.78334440  -1977.77575323  -1977.78418451  -1977.87176091  -1977.92730488 
max(|Fr_perp|)   :   0.00000000    0.01320466    0.02572395    0.03904864    0.04584167    0.03216904    0.04479758    0.05879709    0.00000000 
Fr_paral         :   0.00000000   -0.00516363   -0.00688965   -0.00571657   -0.00854555    0.00616782    0.00181382    0.02722719    0.00000000 
max(|Fsp_paral|) :   0.00000000    0.02551954    0.02673587    0.02100459    0.01085278    0.00237573    0.02825719    0.06528214    0.00000000 
max(|Fsp_perp|)  :   0.00000000    0.00000000    0.00000000    0.00000000    0.00000000    0.00000000    0.00000000    0.00000000    0.00000000 
max(|FNEB|)      :   0.00000000    0.02694961    0.02856536    0.03190892    0.04047178    0.03302235    0.04336197    0.07091820    0.00000000 
max(|Force|)     :   0.00004585    0.01332757    0.02632861    0.03954983    0.04686552    0.03158919    0.04481999    0.06527846    0.00025123 
ksp              :   0.02248491    0.04725955    0.07267054    0.09262479    0.10000000    0.10000000    0.09180858    0.01000000 
max(|step|)      :   0.00000000    0.04103310    0.04265329    0.04837827    0.06229700    0.05380285    0.07156244    0.10000000    0.00152475 
angle (deg.)     :    8.6345  7.7318  7.1021  20.8530  44.0600  47.4868  22.3609 
>
iteration       : 4
climbing        : no
zoom on         : no
nim             : 9
barrier         :   0.08590075 (image:  5) 
distance        :   0.00000000    5.04091722    9.56576169   13.93259081   18.21839826   22.57983267   26.75431519   29.99208617   35.92010926 
energy          : -1977.86838856  -1977.85623499  -1977.83269276  -1977.80948722  -1977.79090240  -1977.78248780  -1977.79348710  -1977.87436576  -1977.92730488 
max(|Fr_perp|)   :   0.00000000    0.01186122    0.02271490    0.03605734    0.04443329    0.03237720    0.04522622    0.05457365    0.00000000 
Fr_paral         :   0.00000000   -0.00490540   -0.00640315   -0.00524745   -0.00897017    0.00683617    0.00320153    0.02669234    0.00000000 
max(|Fsp_paral|) :   0.00000000    0.02448133    0.02497312    0.02004293    0.01092248    0.00487513    0.03188650    0.05577158    0.00000000 
max(|Fsp_perp|)  :   0.00000000    0.00000000    0.00000000    0.00000000    0.00000000    0.00000000    0.00000000    0.00000000    0.00000000 
max(|FNEB|)      :   0.00000000    0.02592105    0.02663573    0.02943959    0.03879580    0.03428583    0.04226373    0.06262307    0.00000000 
max(|Force|)     :   0.00004585    0.01198140    0.02325088    0.03651099    0.04555234    0.03167909    0.04531082    0.06082198    0.00025123 
ksp              :   0.02273291    0.04739840    0.07171449    0.09118604    0.10000000    0.10000000    0.08848336    0.01000000 
max(|step|)      :   0.00000000    0.04139218    0.04253342    0.04701078    0.06195130    0.05474952    0.06748908    0.10000000    0.00000000 
angle (deg.)     :    8.7191  7.7587  7.2603  20.9128  43.9331  43.9039  19.3533 
>
iteration       : 5
climbing        : no
zoom on         : no
nim             : 9
barrier         :   0.07915832 (image:  5) 
distance        :   0.00000000    5.20069715    9.72470998   14.05913962   18.29633948   22.56254704   26.56146254   29.55702266   35.84059114 
energy          : -1977.86838856  -1977.85680284  -1977.83493379  -1977.81457700  -1977.79805528  -1977.78923024  -1977.80295856  -1977.87669126  -1977.92730488 
max(|Fr_perp|)   :   0.00000000    0.00985524    0.01917696    0.03220917    0.04221740    0.03243058    0.04590118    0.04870013    0.00000000 
Fr_paral         :   0.00000000   -0.00464207   -0.00589570   -0.00462330   -0.00892220    0.00734646    0.00455926    0.02589358    0.00000000 
max(|Fsp_paral|) :   0.00000000    0.02370397    0.02309723    0.01877363    0.01087915    0.00691505    0.03585252    0.04620034    0.00000000 
max(|Fsp_perp|)  :   0.00000000    0.00000000    0.00000000    0.00000000    0.00000000    0.00000000    0.00000000    0.00000000    0.00000000 
max(|FNEB|)      :   0.00000000    0.02514841    0.02460311    0.02619841    0.03636769    0.03537573    0.04089555    0.05138413    0.00000000 
max(|Force|)     :   0.00004585    0.00996451    0.01963587    0.03259156    0.04336661    0.03162111    0.04605633    0.05467877    0.00025123 
ksp              :   0.02317252    0.04803680    0.07118170    0.08996626    0.10000000    0.10000000    0.08439142    0.01000000 
max(|step|)      :   0.00000000    0.04691657    0.04636624    0.04982247    0.06865722    0.06601905    0.07625511    0.10000000    0.00172291 
angle (deg.)     :    8.8249  7.8059  7.4571  21.0736  43.6580  39.1058  16.4715 
>
iteration       : 6
climbing        : no
zoom on         : no
nim             : 9
barrier         :   0.07183449 (image:  5) 
distance        :   0.00000000    5.38158855    9.89799661   14.19882173   18.38768971   22.53073820   26.31213232   29.11498344   35.76553960 
energy          : -1977.86838856  -1977.85715642  -1977.83671738  -1977.81916550  -1977.80500147  -1977.79655407  -1977.81332230  -1977.87951842  -1977.92730488 
max(|Fr_perp|)   :   0.00000000    0.00831621    0.01562967    0.02749847    0.03870255    0.03244075    0.04532059    0.04262733    0.00000000 
Fr_paral         :   0.00000000   -0.00445459   -0.00544757   -0.00406855   -0.00871201    0.00818328    0.00635125    0.02417222    0.00000000 
max(|Fsp_paral|) :   0.00000000    0.02318860    0.02125403    0.01714386    0.00996868    0.00924233    0.03824980    0.03780180    0.00000000 
max(|Fsp_perp|)  :   0.00000000    0.00000000    0.00000000    0.00000000    0.00000000    0.00000000    0.00000000    0.00000000    0.00000000 
max(|FNEB|)      :   0.00000000    0.02468438    0.02261110    0.02225457    0.03341111    0.03676190    0.03820497    0.04265093    0.00000000 
max(|Force|)     :   0.00004585    0.00842252    0.01602745    0.02782682    0.03986996    0.03146373    0.04563650    0.04801230    0.00025123 
ksp              :   0.02407063    0.04967654    0.07166867    0.08941620    0.10000000    0.10000000    0.07900079    0.01000000 
max(|step|)      :   0.00000000    0.05787535    0.05301433    0.05217840    0.07833618    0.08619248    0.08957592    0.10000000    0.00000000 
angle (deg.)     :    8.9567  7.8953  7.7137  21.4401  42.9858  32.6749  14.3510 
>
iteration       : 7
climbing        : no
zoom on         : no
nim             : 9
barrier         :   0.06355098 (image:  5) 
distance        :   0.00000000    5.60444329   10.09685508   14.35889194   18.49156837   22.46489273   25.96371465   28.66768561   35.69632027 
energy          : -1977.86838856  -1977.85732512  -1977.83819949  -1977.82297568  -1977.81177875  -1977.80483758  -1977.82476018  -1977.88334259  -1977.92730488 
max(|Fr_perp|)   :   0.00000000    0.00711743    0.01280320    0.02251326    0.03364417    0.03206890    0.04177350    0.03547961    0.00000000 
Fr_paral         :   0.00000000   -0.00430180   -0.00508885   -0.00335577   -0.00802424    0.00914139    0.00850729    0.02106716    0.00000000 
max(|Fsp_paral|) :   0.00000000    0.02274406    0.02021937    0.01446778    0.00654436    0.01184912    0.03812441    0.03095772    0.00000000 
max(|Fsp_perp|)  :   0.00000000    0.00000000    0.00000000    0.00000000    0.00000000    0.00000000    0.00000000    0.00000000    0.00000000 
max(|FNEB|)      :   0.00000000    0.02430249    0.02146761    0.02082663    0.03026449    0.03819602    0.03816144    0.03385404    0.00000000 
max(|Force|)     :   0.00004585    0.00721829    0.01313859    0.02276105    0.03474262    0.03088850    0.04237445    0.03945968    0.00025123 
ksp              :   0.02566788    0.05275332    0.07431308    0.09017001    0.10000000    0.10000000    0.07178589    0.01000000 
max(|step|)      :   0.00000000    0.06289989    0.05548218    0.05695776    0.07833085    0.10000000    0.09792056    0.08629367    0.00214795 
angle (deg.)     :    9.1194  7.9890  7.9266  22.0754  41.6958  26.0317  13.9656 
>
iteration       : 8
climbing        : no
zoom on         : no
nim             : 9
barrier         :   0.05566455 (image:  5) 
distance        :   0.00000000    5.84586638   10.30511458   14.50723412   18.56742813   22.36145238   25.57553878   28.28708255   35.64943677 
energy          : -1977.86838856  -1977.85730070  -1977.83926492  -1977.82475523  -1977.81726835  -1977.81272401  -1977.83519310  -1977.88705332  -1977.92730488 
max(|Fr_perp|)   :   0.00000000    0.00632740    0.01072692    0.04183757    0.02798656    0.03139326    0.03805449    0.02808212    0.00000000 
Fr_paral         :   0.00000000   -0.00418339   -0.00480678   -0.00250194   -0.00668221    0.01001863    0.01078492    0.01709244    0.00000000 
max(|Fsp_paral|) :   0.00000000    0.02225014    0.02130127    0.00975223    0.00089565    0.01515108    0.03651109    0.02516579    0.00000000 
max(|Fsp_perp|)  :   0.00000000    0.00000000    0.00000000    0.00000000    0.00000000    0.00000000    0.00000000    0.00000000    0.00000000 
max(|FNEB|)      :   0.00000000    0.02388158    0.02246559    0.04325036    0.02755117    0.03922959    0.03725496    0.02738113    0.00000000 
max(|Force|)     :   0.00004585    0.00608317    0.01101865    0.04190877    0.02891377    0.03004192    0.03911310    0.02996403    0.00025123 
ksp              :   0.02792362    0.05707988    0.08056023    0.09265198    0.10000000    0.10000000    0.06368535    0.01000000 
max(|step|)      :   0.00000000    0.05521708    0.05194313    0.10000000    0.06370161    0.09070350    0.08613792    0.06330845    0.00000000 
angle (deg.)     :    9.3121  8.0435  8.1271  22.7694  40.0210  20.8643  14.5157 
>
iteration       : 9
climbing        : no
zoom on         : no
nim             : 9
barrier         :   0.04999725 (image:  5) 
distance        :   0.00000000    6.05755362   10.50155452   14.59897187   18.59016046   22.24794763   25.24069124   28.02361239   35.62707565 
energy          : -1977.86838856  -1977.85712677  -1977.83981783  -1977.82341652  -1977.82054900  -1977.81839131  -1977.84229991  -1977.88935870  -1977.92730488 
max(|Fr_perp|)   :   0.00000000    0.01028908    0.00963589    0.07891829    0.03510831    0.02996423    0.03474845    0.02853937    0.00000000 
Fr_paral         :   0.00000000   -0.00407725   -0.00462273   -0.00094451   -0.00481445    0.01007027    0.01243571    0.01348759    0.00000000 
max(|Fsp_paral|) :   0.00000000    0.02184424    0.02527779    0.00283468    0.00518436    0.01885021    0.03465540    0.02110098    0.00000000 
max(|Fsp_perp|)  :   0.00000000    0.00000000    0.00000000    0.00000000    0.00000000    0.00000000    0.00000000    0.00000000    0.00000000 
max(|FNEB|)      :   0.00000000    0.02344865    0.02633845    0.07868350    0.03469349    0.03895758    0.03596006    0.03217138    0.00000000 
max(|Force|)     :   0.00004585    0.01008968    0.00999074    0.07893856    0.03499635    0.02860244    0.03688425    0.02794549    0.00025123 
ksp              :   0.03027234    0.06143014    0.09095413    0.09611594    0.10000000    0.10000000    0.05696215    0.01000000 
max(|step|)      :   0.00000000    0.06037874    0.05930738    0.03989675    0.06921274    0.10000000    0.09314042    0.06578520    0.00186778 
angle (deg.)     :    9.5681  8.1114  8.4302  23.6750  37.8115  15.8658  15.7294 
>
iteration       : 10
climbing        : no
zoom on         : no
nim             : 9
barrier         :   0.05006169 (image:  3) 
distance        :   0.00000000    6.28901594   10.72661770   14.68488303   18.60477066   22.12341484   24.88871236   27.76955654   35.62764744 
energy          : -1977.86838856  -1977.85682586  -1977.84020691  -1977.81832687  -1977.82245938  -1977.82352322  -1977.84823411  -1977.89080268  -1977.92730488 
max(|Fr_perp|)   :   0.00000000    0.01516624    0.00855394    0.13050155    0.05927169    0.03865247    0.05145977    0.04462297    0.00000000 
Fr_paral         :   0.00000000   -0.00393345   -0.00457778    0.00003792    0.00033295    0.00953940    0.01395512    0.00906345    0.00000000 
max(|Fsp_paral|) :   0.00000000    0.01841527    0.03221667    0.00098760    0.01732146    0.02270703    0.02885508    0.01397559    0.00000000 
max(|Fsp_perp|)  :   0.00000000    0.00000000    0.00000000    0.00000000    0.00000000    0.00000000    0.00000000    0.00000000    0.00000000 
max(|FNEB|)      :   0.00000000    0.01991240    0.03324204    0.13135979    0.06071364    0.04136209    0.04876403    0.04790055    0.00000000 
max(|Force|)     :   0.00004585    0.01501452    0.00889899    0.13125877    0.05953364    0.03844006    0.05194242    0.04429106    0.00025123 
ksp              :   0.03073828    0.06053874    0.10000000    0.10000000    0.09241630    0.09048280    0.04618033    0.01000000 
max(|step|)      :   0.00000000    0.01515867    0.02530610    0.10000000    0.04621935    0.03148763    0.03712250    0.03646515    0.00000000 
angle (deg.)     :    9.6847  7.8792  8.0592  23.5054  36.6951  14.6454  15.6763 
>
iteration       : 11
climbing        : no
zoom on         : no
nim             : 9
barrier         :   0.04225349 (image:  5) 
distance        :   0.00000000    6.34652714   10.82391742   14.67994181   18.55181022   22.06329860   24.78767405   27.71303011   35.61190254 
energy          : -1977.86838856  -1977.85700919  -1977.84014037  -1977.83049528  -1977.82627037  -1977.82613506  -1977.85222778  -1977.89295647  -1977.92730488 
max(|Fr_perp|)   :   0.00000000    0.00509197    0.00826201    0.02244544    0.01655329    0.02730616    0.03223228    0.02195660    0.00000000 
Fr_paral         :   0.00000000   -0.00407130   -0.00422293   -0.00166485   -0.00454639    0.01151165    0.01488347    0.01098064    0.00000000 
max(|Fsp_paral|) :   0.00000000    0.02370636    0.00902675    0.00941158    0.01058070    0.02382325    0.03510286    0.01309469    0.00000000 
max(|Fsp_perp|)  :   0.00000000    0.00000000    0.00000000    0.00000000    0.00000000    0.00000000    0.00000000    0.00000000    0.00000000 
max(|FNEB|)      :   0.00000000    0.02515791    0.01023638    0.02359467    0.02104984    0.03744780    0.03715887    0.02058758    0.00000000 
max(|Force|)     :   0.00004585    0.00541868    0.00857807    0.02239271    0.01713868    0.02582293    0.03506285    0.02225157    0.00025123 
ksp              :   0.03423807    0.07016869    0.09071273    0.09971180    0.10000000    0.10000000    0.04442247    0.01000000 
max(|step|)      :   0.00000000    0.03684864    0.02837554    0.04733743    0.03363484    0.05923582    0.05502269    0.03268296    0.00074859 
angle (deg.)     :    9.7760  8.0108  8.2385  23.8045  34.7085  12.9473  16.1895 
>
iteration       : 12
climbing        : no
zoom on         : no
nim             : 9
barrier         :   0.04269931 (image:  3) 
distance        :   0.00000000    6.48789959   10.93157710   14.71855208   18.48972673   21.95362221   24.57463775   27.62690997   35.60937278 
energy          : -1977.86838856  -1977.85672356  -1977.84034320  -1977.82568925  -1977.82655082  -1977.82782791  -1977.85402955  -1977.89360690  -1977.92730488 
max(|Fr_perp|)   :   0.00000000    0.01001575    0.00783878    0.07194438    0.03725710    0.02994245    0.03845037    0.02858449    0.00000000 
Fr_paral         :   0.00000000   -0.00401219   -0.00423743   -0.00032782    0.00001328    0.01069907    0.01567784    0.00902324    0.00000000 
max(|Fsp_paral|) :   0.00000000    0.02026285    0.01812781    0.00040982    0.00960947    0.02746279    0.03136424    0.01107062    0.00000000 
max(|Fsp_perp|)  :   0.00000000    0.00000000    0.00000000    0.00000000    0.00000000    0.00000000    0.00000000    0.00000000    0.00000000 
max(|FNEB|)      :   0.00000000    0.02170706    0.01906804    0.07188561    0.03587035    0.03688744    0.04218533    0.02816196    0.00000000 
max(|Force|)     :   0.00004585    0.00973257    0.00815290    0.07193218    0.03725760    0.02990160    0.03799070    0.02867299    0.00025123 
ksp              :   0.03458705    0.06911294    0.10000000    0.10000000    0.09818400    0.09549220    0.04026537    0.01000000 
max(|step|)      :   0.00000000    0.05901198    0.05783508    0.05597451    0.05367370    0.10000000    0.08949527    0.05444410    0.00175736 
angle (deg.)     :    10.0395  8.2381  9.0592  23.9129  30.9381  12.0589  17.0185 
>
iteration       : 13
climbing        : no
zoom on         : no
nim             : 9
barrier         :   0.05270239 (image:  3) 
distance        :   0.00000000    6.71356778   11.15263296   14.74808225   18.37617976   21.75734978   24.23607662   27.50128257   35.61779887 
energy          : -1977.86838856  -1977.85624006  -1977.84041697  -1977.81568617  -1977.82596573  -1977.82971031  -1977.85549606  -1977.89418772  -1977.92730488 
max(|Fr_perp|)   :   0.00000000    0.01713636    0.00751459    0.10963820    0.06158360    0.05438086    0.07501557    0.04892303    0.00000000 
Fr_paral         :   0.00000000   -0.00385397   -0.00444600   -0.00043787    0.00199384    0.00819162    0.01642579    0.00577164    0.00000000 
max(|Fsp_paral|) :   0.00000000    0.01224294    0.02613372    0.00084494    0.02188667    0.02783622    0.02049660    0.00603017    0.00000000 
max(|Fsp_perp|)  :   0.00000000    0.00000000    0.00000000    0.00000000    0.00000000    0.00000000    0.00000000    0.00000000    0.00000000 
max(|FNEB|)      :   0.00000000    0.01950569    0.02715029    0.10997967    0.05793464    0.05614574    0.07785515    0.04914112    0.00000000 
max(|Force|)     :   0.00004585    0.01737770    0.00744368    0.10984119    0.06183683    0.05449495    0.07487904    0.04906048    0.00025123 
ksp              :   0.03071713    0.05768956    0.10000000    0.10000000    0.08237559    0.07598011    0.03204727    0.01000000 
max(|step|)      :   0.00000000    0.01773572    0.02468665    0.10000000    0.05267759    0.05105102    0.07079049    0.04468200    0.00000000 
angle (deg.)     :    10.1862  7.8379  8.0638  23.5253  29.5352  12.0633  16.8325 
>
iteration       : 14
climbing        : no
zoom on         : no
nim             : 9
barrier         :   0.03755147 (image:  4) 
distance        :   0.00000000    6.75941819   11.24791766   14.74770770   18.29380792   21.66763195   24.14404338   27.46758756   35.60313101 
energy          : -1977.86838856  -1977.85656832  -1977.84037186  -1977.83239185  -1977.83083709  -1977.83235236  -1977.86045861  -1977.89703935  -1977.92730488 
max(|Fr_perp|)   :   0.00000000    0.00474010    0.00685638    0.02992484    0.01163314    0.02134152    0.02721869    0.01666358    0.00000000 
Fr_paral         :   0.00000000   -0.00402425   -0.00391264   -0.00083319   -0.00179816    0.01080752    0.01742705    0.00843422    0.00000000 
max(|Fsp_paral|) :   0.00000000    0.02142292    0.00236209    0.00459220    0.00427333    0.03035857    0.03475954    0.00386699    0.00000000 
max(|Fsp_perp|)  :   0.00000000    0.00000000    0.00000000    0.00000000    0.00000000    0.00000000    0.00000000    0.00000000    0.00000000 
max(|FNEB|)      :   0.00000000    0.02263835    0.00753691    0.03050682    0.01298616    0.03204250    0.03759023    0.01632422    0.00000000 
max(|Force|)     :   0.00004585    0.00508991    0.00714144    0.02989740    0.01177436    0.02017019    0.03097036    0.01685380    0.00025123 
ksp              :   0.03832968    0.07714791    0.09627369    0.10000000    0.10000000    0.09636832    0.02900580    0.01000000 
max(|step|)      :   0.00000000    0.03175965    0.01575384    0.10000000    0.04380642    0.05325686    0.05379605    0.03090171    0.00050376 
angle (deg.)     :    10.2472  8.0897  8.4012  23.4587  27.4156  13.0103  17.2132 
>
iteration       : 15
climbing        : no
zoom on         : no
nim             : 9
barrier         :   0.04260049 (image:  3) 
distance        :   0.00000000    6.88060692   11.30562861   14.77205806   18.22921992   21.51958612   23.94408681   27.44614808   35.61142921 
energy          : -1977.86838856  -1977.85625528  -1977.84064175  -1977.82578807  -1977.82968453  -1977.83216837  -1977.85965336  -1977.89719980  -1977.92730488 
max(|Fr_perp|)   :   0.00000000    0.01379623    0.00664585    0.10560849    0.05035144    0.03473707    0.04683958    0.03883316    0.00000000 
Fr_paral         :   0.00000000   -0.00389608   -0.00395499   -0.00005031    0.00066423    0.00854715    0.01751619    0.00646230    0.00000000 
max(|Fsp_paral|) :   0.00000000    0.01431608    0.01100689    0.00023939    0.01149091    0.02833201    0.02668115    0.00461700    0.00000000 
max(|Fsp_perp|)  :   0.00000000    0.00000000    0.00000000    0.00000000    0.00000000    0.00000000    0.00000000    0.00000000    0.00000000 
max(|FNEB|)      :   0.00000000    0.01679405    0.01185987    0.10632997    0.05140113    0.03808583    0.04524932    0.03992842    0.00000000 
max(|Force|)     :   0.00004585    0.01366350    0.00693461    0.10630475    0.05061445    0.03458639    0.04728005    0.03869881    0.00025123 
ksp              :   0.03557771    0.06848607    0.10000000    0.10000000    0.09163135    0.08636874    0.02844868    0.01000000 
max(|step|)      :   0.00000000    0.01579428    0.01115383    0.10000000    0.04834115    0.03581853    0.04255557    0.03755143    0.00000000 
angle (deg.)     :    10.3021  8.0011  8.0974  23.3521  26.2484  13.4135  17.2065 
>
iteration       : 16
climbing        : no
zoom on         : no
nim             : 9
barrier         :   0.03622695 (image:  4) 
distance        :   0.00000000    6.93583450   11.34801622   14.77089103   18.18697889   21.43198346   23.83349554   27.42661992   35.60770234 
energy          : -1977.86838856  -1977.85639677  -1977.84074637  -1977.83307192  -1977.83216160  -1977.83374451  -1977.86221800  -1977.89888438  -1977.92730488 
max(|Fr_perp|)   :   0.00000000    0.00467030    0.00640886    0.03314345    0.01325536    0.01866094    0.02478077    0.01447050    0.00000000 
Fr_paral         :   0.00000000   -0.00400046   -0.00373946   -0.00066968   -0.00106150    0.00993187    0.01828704    0.00777794    0.00000000 
max(|Fsp_paral|) :   0.00000000    0.01748800    0.00317455    0.00183546    0.00431839    0.02879694    0.03498146    0.00236264    0.00000000 
max(|Fsp_perp|)  :   0.00000000    0.00000000    0.00000000    0.00000000    0.00000000    0.00000000    0.00000000    0.00000000    0.00000000 
max(|FNEB|)      :   0.00000000    0.01869531    0.00731669    0.03337545    0.01294230    0.02793875    0.03694457    0.01425866    0.00000000 
max(|Force|)     :   0.00004585    0.00502747    0.00667891    0.03312145    0.01323593    0.01767850    0.02886406    0.01464956    0.00025123 
ksp              :   0.03979166    0.07867254    0.09773847    0.10000000    0.10000000    0.09606753    0.02532976    0.01000000 
max(|step|)      :   0.00000000    0.03034866    0.00987582    0.04779311    0.02628924    0.04950294    0.05905667    0.02514781    0.00070738 
angle (deg.)     :    10.3281  8.3012  8.5404  23.4349  24.3263  14.7453  17.5268 
>
iteration       : 17
climbing        : no
zoom on         : no
nim             : 9
barrier         :   0.04113187 (image:  3) 
distance        :   0.00000000    7.05126697   11.37170727   14.78188854   18.14284698   21.27935743   23.61392910   27.41719570   35.62108944 
energy          : -1977.86838856  -1977.85612705  -1977.84109871  -1977.82725668  -1977.83129700  -1977.83338619  -1977.86084800  -1977.89919573  -1977.92730488 
max(|Fr_perp|)   :   0.00000000    0.01132770    0.00606916    0.07781468    0.04182913    0.03596391    0.04743633    0.03195290    0.00000000 
Fr_paral         :   0.00000000   -0.00390377   -0.00382120   -0.00014406    0.00085834    0.00782299    0.01850538    0.00640972    0.00000000 
max(|Fsp_paral|) :   0.00000000    0.01020260    0.01004247    0.00127297    0.01303888    0.02573235    0.02685993    0.00480739    0.00000000 
max(|Fsp_perp|)  :   0.00000000    0.00000000    0.00000000    0.00000000    0.00000000    0.00000000    0.00000000    0.00000000    0.00000000 
max(|FNEB|)      :   0.00000000    0.01405084    0.01089892    0.07763074    0.03983257    0.03655089    0.04960146    0.03174576    0.00000000 
max(|Force|)     :   0.00004585    0.01150146    0.00634292    0.07780930    0.04186329    0.03590910    0.04704105    0.03202373    0.00025123 
ksp              :   0.03682921    0.06971247    0.10000000    0.10000000    0.09115944    0.08658812    0.02649937    0.01000000 
max(|step|)      :   0.00000000    0.04538579    0.03220093    0.04198692    0.03850706    0.08649365    0.10000000    0.04426785    0.00156855 
angle (deg.)     :    10.5824  8.7068  9.4851  23.0517  20.8160  17.8121  17.8284 
>
iteration       : 18
climbing        : no
zoom on         : no
nim             : 9
barrier         :   0.04905140 (image:  3) 
distance        :   0.00000000    7.22126718   11.49417919   14.78399944   18.01039288   21.00943604   23.27150005   27.39235209   35.65034680 
energy          : -1977.86838856  -1977.85599383  -1977.84138160  -1977.81933716  -1977.83081054  -1977.83420176  -1977.86138005  -1977.90024993  -1977.92730488 
max(|Fr_perp|)   :   0.00000000    0.01343899    0.00524390    0.10632992    0.05683217    0.04013093    0.05482646    0.04299076    0.00000000 
Fr_paral         :   0.00000000   -0.00380595   -0.00397610   -0.00043269    0.00250670    0.00565940    0.01914828    0.00536986    0.00000000 
max(|Fsp_paral|) :   0.00000000    0.00440723    0.01881792    0.00163353    0.02236150    0.02199101    0.02033996    0.00299496    0.00000000 
max(|Fsp_perp|)  :   0.00000000    0.00000000    0.00000000    0.00000000    0.00000000    0.00000000    0.00000000    0.00000000    0.00000000 
max(|FNEB|)      :   0.00000000    0.01394261    0.01972588    0.10633412    0.05285229    0.04137298    0.05639762    0.04305844    0.00000000 
max(|Force|)     :   0.00004585    0.01367613    0.00552516    0.10655452    0.05713685    0.04025704    0.05474765    0.04319427    0.00025123 
ksp              :   0.03270250    0.05945702    0.10000000    0.10000000    0.07886525    0.07262948    0.02287594    0.01000000 
max(|step|)      :   0.00000000    0.01311207    0.01855085    0.10000000    0.04970398    0.03890847    0.05303812    0.04049353    0.00000000 
angle (deg.)     :    10.7503  8.2571  8.3076  22.5699  19.8365  18.4988  17.7133 
>
iteration       : 19
climbing        : no
zoom on         : no
nim             : 9
barrier         :   0.03365644 (image:  4) 
distance        :   0.00000000    7.23912447   11.56628141   14.77521730   17.92330087   20.93262966   23.19353117   27.37618571   35.64360883 
energy          : -1977.86838856  -1977.85627483  -1977.84132225  -1977.83513832  -1977.83473212  -1977.83551667  -1977.86380124  -1977.90238452  -1977.92730488 
max(|Fr_perp|)   :   0.00000000    0.00415881    0.00503099    0.02447472    0.00721072    0.01234603    0.02032776    0.01222711    0.00000000 
Fr_paral         :   0.00000000   -0.00389818   -0.00359498   -0.00042681   -0.00067862    0.00745808    0.01961545    0.00700961    0.00000000 
max(|Fsp_paral|) :   0.00000000    0.01220302    0.00981937    0.00067546    0.00350911    0.02404025    0.03788118    0.00267947    0.00000000 
max(|Fsp_perp|)  :   0.00000000    0.00000000    0.00000000    0.00000000    0.00000000    0.00000000    0.00000000    0.00000000    0.00000000 
max(|FNEB|)      :   0.00000000    0.01322633    0.00911522    0.02438745    0.00795104    0.02147725    0.03356796    0.01151523    0.00000000 
max(|Force|)     :   0.00004585    0.00452797    0.00528609    0.02446039    0.00724693    0.01175897    0.02497763    0.01270414    0.00025123 
ksp              :   0.04239307    0.08237745    0.09891379    0.10000000    0.10000000    0.09790203    0.02226685    0.01000000 
max(|step|)      :   0.00000000    0.01835049    0.00864141    0.09556969    0.03840712    0.03584245    0.05183982    0.02607495    0.00039779 
angle (deg.)     :    10.8164  8.6170  8.8524  22.3581  18.5497  19.7318  17.8470 
>
iteration       : 20
climbing        : no
zoom on         : no
nim             : 9
barrier         :   0.04096283 (image:  3) 
distance        :   0.00000000    7.30730969   11.57467071   14.77409234   17.85855579   20.80572972   23.01014693   27.37315489   35.65929195 
energy          : -1977.86838856  -1977.85618448  -1977.84161989  -1977.82742572  -1977.83334372  -1977.83517924  -1977.86221162  -1977.90232556  -1977.92730488 
max(|Fr_perp|)   :   0.00000000    0.01107449    0.00488361    0.11035696    0.04778556    0.02585136    0.03416057    0.03479309    0.00000000 
Fr_paral         :   0.00000000   -0.00379595   -0.00368808   -0.00005203    0.00117841    0.00565742    0.01958646    0.00609656    0.00000000 
max(|Fsp_paral|) :   0.00000000    0.00606538    0.00659655    0.00296280    0.01351946    0.02210137    0.02435299    0.00511297    0.00000000 
max(|Fsp_perp|)  :   0.00000000    0.00000000    0.00000000    0.00000000    0.00000000    0.00000000    0.00000000    0.00000000    0.00000000 
max(|FNEB|)      :   0.00000000    0.01229043    0.00739469    0.11074225    0.04860418    0.02836386    0.03356560    0.03561981    0.00000000 
max(|Force|)     :   0.00004585    0.01088720    0.00514536    0.11035870    0.04776703    0.02565799    0.03430616    0.03454085    0.00025123 
ksp              :   0.03681374    0.06881380    0.10000000    0.10000000    0.08699749    0.08296464    0.02357143    0.01000000 
max(|step|)      :   0.00000000    0.01845668    0.01314460    0.01284586    0.02848162    0.04250569    0.05767272    0.02406662    0.00066427 
angle (deg.)     :    10.9821  8.7367  8.9111  21.9115  16.9574  21.3235  17.9066 
>
iteration       : 21
climbing        : no
zoom on         : no
nim             : 9
barrier         :   0.03969529 (image:  3) 
distance        :   0.00000000    7.37445950   11.62384800   14.76333504   17.75316979   20.64860553   22.81348282   27.35819204   35.67405554 
energy          : -1977.86838856  -1977.85626364  -1977.84180987  -1977.82869327  -1977.83399546  -1977.83558630  -1977.86195539  -1977.90322939  -1977.92730488 
max(|Fr_perp|)   :   0.00000000    0.01043131    0.00537065    0.10406890    0.04700241    0.02480906    0.03464781    0.03467843    0.00000000 
Fr_paral         :   0.00000000   -0.00375841   -0.00373768   -0.00000347    0.00114632    0.00496789    0.01983606    0.00603631    0.00000000 
max(|Fsp_paral|) :   0.00000000    0.00543823    0.00385203    0.00385436    0.01148896    0.02143656    0.02229037    0.00730680    0.00000000 
max(|Fsp_perp|)  :   0.00000000    0.00000000    0.00000000    0.00000000    0.00000000    0.00000000    0.00000000    0.00000000    0.00000000 
max(|FNEB|)      :   0.00000000    0.01152223    0.00619313    0.10457159    0.04773542    0.02724131    0.03433311    0.03583962    0.00000000 
max(|Force|)     :   0.00004585    0.01024574    0.00517079    0.10406901    0.04698342    0.02464143    0.03473583    0.03443315    0.00025123 
ksp              :   0.03749049    0.07026110    0.10000000    0.10000000    0.08797850    0.08437163    0.02458575    0.01000000 
max(|step|)      :   0.00000000    0.03175538    0.02629595    0.02813237    0.05019631    0.08987461    0.10000000    0.04663336    0.00208210 
angle (deg.)     :    11.2482  9.3833  9.5691  21.1402  14.6187  24.2333  17.6723 
>
iteration       : 22
climbing        : no
zoom on         : no
nim             : 9
barrier         :   0.03835577 (image:  3) 
distance        :   0.00000000    7.48769491   11.66193834   14.70172275   17.57509795   20.31552350   22.48886074   27.23706802   35.70686205 
energy          : -1977.86838856  -1977.85642344  -1977.84204952  -1977.83003279  -1977.83636232  -1977.83572642  -1977.86253340  -1977.90492969  -1977.92730488 
max(|Fr_perp|)   :   0.00000000    0.01303802    0.01909671    0.09969043    0.02411533    0.02896126    0.02051401    0.01689455    0.00000000 
Fr_paral         :   0.00000000   -0.00377024   -0.00228662   -0.00013420    0.00085781    0.00326420    0.02084390    0.00680195    0.00000000 
max(|Fsp_paral|) :   0.00000000    0.00356378    0.00123391    0.00426805    0.01301077    0.01435064    0.02479187    0.00711665    0.00000000 
max(|Fsp_perp|)  :   0.00000000    0.00000000    0.00000000    0.00000000    0.00000000    0.00000000    0.00000000    0.00000000    0.00000000 
max(|FNEB|)      :   0.00000000    0.01375528    0.01959232    0.10116015    0.02471518    0.03053191    0.02060102    0.01793491    0.00000000 
max(|Force|)     :   0.00004585    0.01293841    0.01901369    0.10055293    0.02426234    0.02901598    0.02111993    0.01676485    0.00025123 
ksp              :   0.03799802    0.07163266    0.10000000    0.10000000    0.08643958    0.08643958    0.02370437    0.01000000 
max(|step|)      :   0.00000000    0.01206761    0.01718849    0.08874856    0.02168281    0.02678588    0.01807343    0.01573443    0.00000000 
angle (deg.)     :    11.2990  9.1044  8.8231  20.9957  14.3212  24.5646  17.6636 
>
iteration       : 23
climbing        : no
zoom on         : no
nim             : 9
barrier         :   0.03159355 (image:  5) 
distance        :   0.00000000    7.50138851   11.66696330   14.68643016   17.52886418   20.26964155   22.41816750   27.21272474   35.70678154 
energy          : -1977.86838856  -1977.85663139  -1977.84250923  -1977.83685261  -1977.83705291  -1977.83679500  -1977.86260465  -1977.90532660  -1977.92730488 
max(|Fr_perp|)   :   0.00000000    0.00352585    0.00371755    0.02338778    0.00568804    0.00776316    0.01545111    0.01024705    0.00000000 
Fr_paral         :   0.00000000   -0.00373217   -0.00349917   -0.00018969   -0.00046314    0.00419120    0.02085093    0.00695740    0.00000000 
max(|Fsp_paral|) :   0.00000000    0.00553302    0.01177316    0.00457831    0.00238979    0.01719784    0.02919236    0.01072667    0.00000000 
max(|Fsp_perp|)  :   0.00000000    0.00000000    0.00000000    0.00000000    0.00000000    0.00000000    0.00000000    0.00000000    0.00000000 
max(|FNEB|)      :   0.00000000    0.00649352    0.01102934    0.02274285    0.00539818    0.01605499    0.02333214    0.01167744    0.00000000 
max(|Force|)     :   0.00004585    0.00389530    0.00396165    0.02338085    0.00563921    0.00750952    0.02058901    0.01080278    0.00025123 
ksp              :   0.04349243    0.08372198    0.09983589    0.09983589    0.10000000    0.10000000    0.02647651    0.01000000 
max(|step|)      :   0.00000000    0.00762410    0.00959460    0.02887242    0.00951299    0.01940314    0.02876622    0.01380363    0.00030967 
angle (deg.)     :    11.2896  9.4436  9.2388  20.9842  14.1071  25.0346  17.6698 
>
iteration       : 24
climbing        : no
zoom on         : no
nim             : 9
barrier         :   0.03382834 (image:  3) 
distance        :   0.00000000    7.52790297   11.63311292   14.66871097   17.50284805   20.20435501   22.31562576   27.17613664   35.71701439 
energy          : -1977.86838856  -1977.85663507  -1977.84267146  -1977.83456021  -1977.83710753  -1977.83669615  -1977.86170340  -1977.90543677  -1977.92730488 
max(|Fr_perp|)   :   0.00000000    0.00655319    0.01093078    0.05167637    0.01380697    0.01758228    0.01467779    0.00999881    0.00000000 
Fr_paral         :   0.00000000   -0.00372812   -0.00303244    0.00016206    0.00032863    0.00352837    0.02100884    0.00690310    0.00000000 
max(|Fsp_paral|) :   0.00000000    0.00276676    0.00456368    0.00518000    0.00735721    0.01612815    0.02151952    0.01267126    0.00000000 
max(|Fsp_perp|)  :   0.00000000    0.00000000    0.00000000    0.00000000    0.00000000    0.00000000    0.00000000    0.00000000    0.00000000 
max(|FNEB|)      :   0.00000000    0.00734573    0.01154055    0.05085665    0.01274217    0.01741532    0.01796389    0.01311007    0.00000000 
max(|Force|)     :   0.00004585    0.00638424    0.01103143    0.05168296    0.01381920    0.01759287    0.01988453    0.01056689    0.00025123 
ksp              :   0.04127003    0.07842011    0.10000000    0.10000000    0.09431735    0.09431735    0.02778580    0.01000000 
max(|step|)      :   0.00000000    0.02201148    0.02476685    0.04705413    0.04882880    0.07354071    0.10000000    0.05949709    0.00198861 
angle (deg.)     :    11.4712  10.4672  10.6067  20.4155  13.7733  27.4109  17.6511 
>
iteration       : 25
climbing        : no
zoom on         : no
nim             : 9
barrier         :   0.04036920 (image:  3) 
distance        :   0.00000000    7.60233266   11.58317120   14.58850371   17.33657550   19.94889720   21.97146226   27.01425365   35.76365784 
energy          : -1977.86838856  -1977.85686224  -1977.84326406  -1977.82801936  -1977.83748843  -1977.83698424  -1977.85954123  -1977.90577644  -1977.92730488 
max(|Fr_perp|)   :   0.00000000    0.01074241    0.01819694    0.08772493    0.02435307    0.02823108    0.02406063    0.01582902    0.00000000 
Fr_paral         :   0.00000000   -0.00364245   -0.00206731   -0.00015628    0.00153674    0.00166852    0.02115271    0.00690201    0.00000000 
max(|Fsp_paral|) :   0.00000000    0.00212121    0.00940210    0.00655182    0.01705999    0.01334152    0.00413967    0.01586320    0.00000000 
max(|Fsp_perp|)  :   0.00000000    0.00000000    0.00000000    0.00000000    0.00000000    0.00000000    0.00000000    0.00000000    0.00000000 
max(|FNEB|)      :   0.00000000    0.01121971    0.01963389    0.08700927    0.02084622    0.02866905    0.02415263    0.01634653    0.00000000 
max(|Force|)     :   0.00004585    0.01098671    0.01836970    0.08805294    0.02456580    0.02841399    0.02432002    0.01605365    0.00025123 
ksp              :   0.03564505    0.06589813    0.10000000    0.10000000    0.07988135    0.07988135    0.02969993    0.01000000 
max(|step|)      :   0.00000000    0.01289485    0.02256529    0.10000000    0.02395862    0.03294942    0.02775868    0.01878712    0.00000000 
angle (deg.)     :    11.6473  10.0086  9.2795  19.9068  13.7557  28.0646  17.4988 
>
iteration       : 26
climbing        : no
zoom on         : no
nim             : 9
barrier         :   0.03069334 (image:  5) 
distance        :   0.00000000    7.59413255   11.62743815   14.55719577   17.25565017   19.88835452   21.94909392   26.94622905   35.76560700 
energy          : -1977.86838856  -1977.85710916  -1977.84344544  -1977.83823944  -1977.83818231  -1977.83769521  -1977.86059127  -1977.90583479  -1977.92730488 
max(|Fr_perp|)   :   0.00000000    0.00581415    0.01021861    0.00928825    0.00663204    0.01323910    0.01288889    0.00878840    0.00000000 
Fr_paral         :   0.00000000   -0.00356907   -0.00347728   -0.00039758   -0.00027654    0.00235990    0.02101902    0.00723164    0.00000000 
max(|Fsp_paral|) :   0.00000000    0.00201759    0.01158454    0.00577398    0.00075977    0.01604693    0.01473583    0.01937160    0.00000000 
max(|Fsp_perp|)  :   0.00000000    0.00000000    0.00000000    0.00000000    0.00000000    0.00000000    0.00000000    0.00000000    0.00000000 
max(|FNEB|)      :   0.00000000    0.00617587    0.01099386    0.00996140    0.00662805    0.01477480    0.01263961    0.01993633    0.00000000 
max(|Force|)     :   0.00004585    0.00565703    0.01001777    0.00930025    0.00663163    0.01320126    0.01823140    0.00944305    0.00025123 
ksp              :   0.04307380    0.08313901    0.09840421    0.09857173    0.10000000    0.10000000    0.03286345    0.01000000 
max(|step|)      :   0.00000000    0.00433520    0.00858874    0.03336824    0.00943203    0.02037025    0.01547424    0.02720703    0.00020242 
angle (deg.)     :    11.6784  10.3542  9.7643  19.7537  13.7785  28.6488  17.3628 
>
iteration       : 27
climbing        : no
zoom on         : no
nim             : 9
barrier         :   0.03260448 (image:  3) 
distance        :   0.00000000    7.59956291   11.60388513   14.52852201   17.22642260   19.81635417   21.90687032   26.85817740   35.77913573 
energy          : -1977.86838856  -1977.85721446  -1977.84365982  -1977.83578407  -1977.83823394  -1977.83777416  -1977.86072381  -1977.90553909  -1977.92730488 
max(|Fr_perp|)   :   0.00000000    0.00700143    0.01112547    0.05788243    0.01226969    0.01531508    0.01269978    0.00891823    0.00000000 
Fr_paral         :   0.00000000   -0.00353447   -0.00318230    0.00028948    0.00042168    0.00197197    0.02107962    0.00738240    0.00000000 
max(|Fsp_paral|) :   0.00000000    0.00073108    0.00513846    0.00580644    0.00641736    0.01319404    0.01533539    0.01657400    0.00000000 
max(|Fsp_perp|)  :   0.00000000    0.00000000    0.00000000    0.00000000    0.00000000    0.00000000    0.00000000    0.00000000    0.00000000 
max(|FNEB|)      :   0.00000000    0.00713204    0.00966552    0.05861746    0.01261846    0.01618735    0.01287782    0.01718803    0.00000000 
max(|Force|)     :   0.00004585    0.00684645    0.01090333    0.05787304    0.01226381    0.01527863    0.01806518    0.00931787    0.00025123 
ksp              :   0.04084448    0.07826013    0.10000000    0.10000000    0.09450666    0.09450666    0.03115743    0.01000000 
max(|step|)      :   0.00000000    0.01700930    0.02659132    0.03445167    0.04500489    0.07365073    0.06003768    0.10000000    0.00179150 
angle (deg.)     :    11.8875  11.3638  10.9816  19.0143  14.5142  30.6558  17.0050 
>
iteration       : 28
climbing        : no
zoom on         : no
nim             : 9
barrier         :   0.03875724 (image:  3) 
distance        :   0.00000000    7.61337646   11.54923860   14.41545403   17.07875005   19.55321726   21.73780420   26.53688008   35.83201596 
energy          : -1977.86838856  -1977.85767094  -1977.84443879  -1977.82963132  -1977.83859941  -1977.83846523  -1977.86111816  -1977.90459185  -1977.92730488 
max(|Fr_perp|)   :   0.00000000    0.00652330    0.00863133    0.11396907    0.01900112    0.01300454    0.01217645    0.01026361    0.00000000 
Fr_paral         :   0.00000000   -0.00339268   -0.00315603    0.00039227    0.00119983    0.00113127    0.02122061    0.00784332    0.00000000 
max(|Fsp_paral|) :   0.00000000    0.00183111    0.00708915    0.00513964    0.01811318    0.00626303    0.01606873    0.00910200    0.00000000 
max(|Fsp_perp|)  :   0.00000000    0.00000000    0.00000000    0.00000000    0.00000000    0.00000000    0.00000000    0.00000000    0.00000000 
max(|FNEB|)      :   0.00000000    0.00624058    0.01104421    0.11576925    0.01982897    0.01348452    0.01281338    0.01137141    0.00000000 
max(|Force|)     :   0.00004585    0.00641845    0.00843279    0.11497341    0.01910546    0.01304841    0.01728152    0.01009171    0.00025123 
ksp              :   0.03479598    0.06540690    0.10000000    0.10000000    0.07923080    0.07923080    0.02682064    0.01000000 
max(|step|)      :   0.00000000    0.00444949    0.00787445    0.08254273    0.01413793    0.00961438    0.00913586    0.00810774    0.00000000 
angle (deg.)     :    11.9741  11.0731  10.0752  18.6770  14.8479  30.7730  17.0503 
>
iteration       : 29
climbing        : no
zoom on         : no
nim             : 9
barrier         :   0.02963273 (image:  5) 
distance        :   0.00000000    7.60895467   11.57082575   14.39919010   17.02509515   19.53142256   21.70026129   26.50889828   35.83033562 
energy          : -1977.86838856  -1977.85777330  -1977.84449067  -1977.83886900  -1977.83899722  -1977.83875583  -1977.86109178  -1977.90473367  -1977.92730488 
max(|Fr_perp|)   :   0.00000000    0.00282448    0.00248043    0.00808033    0.00379368    0.00441680    0.01145224    0.00800559    0.00000000 
Fr_paral         :   0.00000000   -0.00338081   -0.00373564   -0.00031515    0.00003960    0.00139515    0.02138280    0.00780796    0.00000000 
max(|Fsp_paral|) :   0.00000000    0.00141539    0.01101850    0.00520229    0.00271308    0.00911429    0.02266942    0.01563289    0.00000000 
max(|Fsp_perp|)  :   0.00000000    0.00000000    0.00000000    0.00000000    0.00000000    0.00000000    0.00000000    0.00000000    0.00000000 
max(|FNEB|)      :   0.00000000    0.00234192    0.01112806    0.00830080    0.00381181    0.00943115    0.01646973    0.01639101    0.00000000 
max(|Force|)     :   0.00004585    0.00310701    0.00319330    0.00806867    0.00379801    0.00466517    0.01697187    0.00877304    0.00025123 
ksp              :   0.04224047    0.08258223    0.09965628    0.09965628    0.10000000    0.10000000    0.03216165    0.01000000 
max(|step|)      :   0.00000000    0.00272266    0.00677858    0.02136028    0.00635794    0.00798220    0.01400743    0.01327860    0.00012840 
angle (deg.)     :    11.9600  11.2811  10.2867  18.6041  15.1155  30.8450  17.1094 
>
iteration       : 30
climbing        : no
zoom on         : no
nim             : 9
barrier         :   0.03040506 (image:  3) 
distance        :   0.00000000    7.61210225   11.54915667   14.38396321   17.00516917   19.50656141   21.65074616   26.46465912   35.83575011 
energy          : -1977.86838856  -1977.85782974  -1977.84464529  -1977.83798350  -1977.83906580  -1977.83886232  -1977.86055341  -1977.90466143  -1977.92730488 
max(|Fr_perp|)   :   0.00000000    0.00291700    0.00293679    0.03092459    0.00475286    0.00419887    0.01097238    0.00794422    0.00000000 
Fr_paral         :   0.00000000   -0.00336880   -0.00370210    0.00007287    0.00029680    0.00131345    0.02143032    0.00778300    0.00000000 
max(|Fsp_paral|) :   0.00000000    0.00049923    0.00791081    0.00547349    0.00473435    0.00934949    0.01797239    0.01680399    0.00000000 
max(|Fsp_perp|)  :   0.00000000    0.00000000    0.00000000    0.00000000    0.00000000    0.00000000    0.00000000    0.00000000    0.00000000 
max(|FNEB|)      :   0.00000000    0.00274645    0.00876381    0.03001810    0.00501893    0.00932956    0.01373916    0.01755488    0.00000000 
max(|Force|)     :   0.00004585    0.00319903    0.00320860    0.03092768    0.00476345    0.00423562    0.01653449    0.00872330    0.00025123 
ksp              :   0.04125445    0.08028088    0.10000000    0.10000000    0.09739867    0.09739867    0.03319230    0.01000000 
max(|step|)      :   0.00000000    0.01860729    0.03765391    0.07468664    0.05545342    0.05609120    0.08970571    0.10000000    0.00209593 
angle (deg.)     :    12.0253  12.8494  12.3575  17.5608  17.5294  31.8830  17.5459 
>
iteration       : 31
climbing        : no
zoom on         : no
nim             : 9
barrier         :   0.04013902 (image:  3) 
distance        :   0.00000000    7.61861252   11.45245078   14.26977311   16.82583405   19.32507554   21.35205700   26.14212278   35.88784003 
energy          : -1977.86838856  -1977.85822527  -1977.84541101  -1977.82824953  -1977.83895540  -1977.83921513  -1977.85745040  -1977.90379755  -1977.92730488 
max(|Fr_perp|)   :   0.00000000    0.00636598    0.01095367    0.08960217    0.02258085    0.01606070    0.01954309    0.01170043    0.00000000 
Fr_paral         :   0.00000000   -0.00326601   -0.00294734    0.00010960    0.00192284    0.00033941    0.02116098    0.00756936    0.00000000 
max(|Fsp_paral|) :   0.00000000    0.00342291    0.01108436    0.00656088    0.01696414    0.00950754    0.00478826    0.01716373    0.00000000 
max(|Fsp_perp|)  :   0.00000000    0.00000000    0.00000000    0.00000000    0.00000000    0.00000000    0.00000000    0.00000000    0.00000000 
max(|FNEB|)      :   0.00000000    0.00702740    0.01467824    0.08875561    0.01840651    0.01653861    0.01986236    0.01785191    0.00000000 
max(|Force|)     :   0.00004585    0.00655673    0.01108153    0.08991811    0.02282442    0.01615999    0.01999009    0.01191258    0.00025123 
ksp              :   0.03273591    0.06139930    0.10000000    0.10000000    0.07585021    0.07526595    0.03448661    0.01000000 
max(|step|)      :   0.00000000    0.00791770    0.01653782    0.10000000    0.02073842    0.01863387    0.02237871    0.02011355    0.00000000 
angle (deg.)     :    12.2213  12.4077  10.9752  16.9479  17.8697  32.4114  17.3834 
>
iteration       : 32
climbing        : no
zoom on         : no
nim             : 9
barrier         :   0.02895228 (image:  3) 
distance        :   0.00000000    7.60439983   11.50502959   14.23727830   16.74471327   19.27543061   21.35586827   26.06978263   35.89103619 
energy          : -1977.86838856  -1977.85838825  -1977.84538646  -1977.83943628  -1977.83957733  -1977.83962446  -1977.85868574  -1977.90361601  -1977.92730488 
max(|Fr_perp|)   :   0.00000000    0.00346939    0.00726539    0.00475665    0.00486178    0.00816084    0.00895095    0.00745775    0.00000000 
Fr_paral         :   0.00000000   -0.00321585   -0.00388512   -0.00037191    0.00033520    0.00080681    0.02107409    0.00790221    0.00000000 
max(|Fsp_paral|) :   0.00000000    0.00134001    0.01069772    0.00577258    0.00031330    0.01149260    0.00663987    0.02310190    0.00000000 
max(|Fsp_perp|)  :   0.00000000    0.00000000    0.00000000    0.00000000    0.00000000    0.00000000    0.00000000    0.00000000    0.00000000 
max(|FNEB|)      :   0.00000000    0.00369988    0.01174444    0.00585392    0.00491567    0.01102055    0.00735204    0.02387486    0.00000000 
max(|Force|)     :   0.00004585    0.00333404    0.00705149    0.00476973    0.00487660    0.00815611    0.01461700    0.00833625    0.00025123 
ksp              :   0.04108658    0.08150349    0.10000000    0.10000000    0.09956153    0.09941501    0.04016182    0.01000000 
max(|step|)      :   0.00000000    0.00447155    0.00859406    0.03731042    0.00865923    0.01655917    0.00994241    0.03272387    0.00012504 
angle (deg.)     :    12.2226  12.8026  11.5065  16.7276  18.0751  32.7974  17.2517 
>
iteration       : 33
climbing        : no
zoom on         : no
nim             : 9
barrier         :   0.03163960 (image:  3) 
distance        :   0.00000000    7.60473925   11.48556018   14.20743445   16.71964151   19.21778448   21.34695036   25.96184425   35.90610863 
energy          : -1977.86838856  -1977.85847332  -1977.84557809  -1977.83674896  -1977.83955215  -1977.83970268  -1977.85911268  -1977.90301544  -1977.92730488 
max(|Fr_perp|)   :   0.00000000    0.00430399    0.00704734    0.05915498    0.01108782    0.00910281    0.00908813    0.00737492    0.00000000 
Fr_paral         :   0.00000000   -0.00318468   -0.00368788    0.00045549    0.00068155    0.00067707    0.02103047    0.00818170    0.00000000 
max(|Fsp_paral|) :   0.00000000    0.00002024    0.00439574    0.00530735    0.00547763    0.00884693    0.01027362    0.01736389    0.00000000 
max(|Fsp_perp|)  :   0.00000000    0.00000000    0.00000000    0.00000000    0.00000000    0.00000000    0.00000000    0.00000000    0.00000000 
max(|FNEB|)      :   0.00000000    0.00430748    0.00626797    0.05986449    0.01154748    0.00936556    0.00956280    0.01822152    0.00000000 
max(|Force|)     :   0.00004585    0.00416971    0.00679269    0.05913956    0.01107313    0.00909771    0.01473154    0.00829051    0.00025123 
ksp              :   0.03820425    0.07488521    0.10000000    0.10000000    0.09202621    0.09159803    0.03638557    0.01000000 
max(|step|)      :   0.00000000    0.01426027    0.01965963    0.02897453    0.03636674    0.04733829    0.02888705    0.09471510    0.00079996 
angle (deg.)     :    12.3293  13.6750  12.2496  15.8506  19.1560  33.7939  17.0621 
>
iteration       : 34
climbing        : no
zoom on         : no
nim             : 9
barrier         :   0.03288640 (image:  3) 
distance        :   0.00000000    7.59859797   11.45937076   14.11097398   16.60151216   19.04625351   21.29187695   25.64879374   35.94916662 
energy          : -1977.86838856  -1977.85877367  -1977.84604211  -1977.83550216  -1977.83968128  -1977.84001426  -1977.86002933  -1977.90143036  -1977.92730488 
max(|Fr_perp|)   :   0.00000000    0.00352074    0.00502540    0.07273579    0.01247283    0.00542102    0.00906956    0.00863070    0.00000000 
Fr_paral         :   0.00000000   -0.00309178   -0.00391078    0.00065002    0.00085265    0.00053378    0.02097004    0.00870549    0.00000000 
max(|Fsp_paral|) :   0.00000000    0.00029655    0.00225497    0.00404826    0.00833392    0.00488922    0.02037439    0.01020013    0.00000000 
max(|Fsp_perp|)  :   0.00000000    0.00000000    0.00000000    0.00000000    0.00000000    0.00000000    0.00000000    0.00000000    0.00000000 
max(|FNEB|)      :   0.00000000    0.00346946    0.00573280    0.07329867    0.01311111    0.00723429    0.01370890    0.01124440    0.00000000 
max(|Force|)     :   0.00004585    0.00339005    0.00531495    0.07271307    0.01245611    0.00541901    0.01473779    0.01002593    0.00025123 
ksp              :   0.03631299    0.07115538    0.10000000    0.10000000    0.08856302    0.08765176    0.03287665    0.01000000 
max(|step|)      :   0.00000000    0.01622533    0.02353013    0.03224161    0.04996249    0.04747772    0.05321050    0.10000000    0.00117333 
angle (deg.)     :    12.4543  14.8786  13.1714  14.6051  21.1304  34.1590  17.5223 
>
iteration       : 35
climbing        : no
zoom on         : no
nim             : 9
barrier         :   0.03301620 (image:  3) 
distance        :   0.00000000    7.59226791   11.42914545   14.00625212   16.43681854   18.87541223   21.13670057   25.32063387   35.99724078 
energy          : -1977.86838856  -1977.85910022  -1977.84651702  -1977.83537236  -1977.83998401  -1977.84039814  -1977.85919589  -1977.90014648  -1977.92730488 
max(|Fr_perp|)   :   0.00000000    0.00640244    0.01134185    0.07752033    0.01415904    0.01415529    0.01144954    0.01006432    0.00000000 
Fr_paral         :   0.00000000   -0.00300054   -0.00358492    0.00053126    0.00099571    0.00022175    0.02110306    0.00876537    0.00000000 
max(|Fsp_paral|) :   0.00000000    0.00027576    0.00204535    0.00366022    0.00774397    0.00434621    0.01870125    0.01000892    0.00000000 
max(|Fsp_perp|)  :   0.00000000    0.00000000    0.00000000    0.00000000    0.00000000    0.00000000    0.00000000    0.00000000    0.00000000 
max(|FNEB|)      :   0.00000000    0.00640103    0.01077165    0.07891615    0.01485705    0.01432836    0.01359383    0.01120729    0.00000000 
max(|Force|)     :   0.00004585    0.00632479    0.01115960    0.07836480    0.01425824    0.01425315    0.01361323    0.00990793    0.00025123 
ksp              :   0.03524918    0.06945632    0.10000000    0.10000000    0.08721643    0.08609137    0.03498123    0.01000000 
max(|step|)      :   0.00000000    0.00552088    0.00929053    0.06806509    0.01281419    0.01235820    0.01172467    0.00966628    0.00000000 
angle (deg.)     :    12.4532  14.8560  12.7293  14.4631  21.4370  34.0409  17.7135 
>
iteration       : 36
climbing        : no
zoom on         : no
nim             : 9
barrier         :   0.02856847 (image:  3) 
distance        :   0.00000000    7.59208825   11.42309781   13.99341391   16.40985556   18.85883123   21.09289640   25.28539315   35.99776425 
energy          : -1977.86838856  -1977.85917361  -1977.84671382  -1977.83982009  -1977.84019806  -1977.84065459  -1977.85879224  -1977.90019568  -1977.92730488 
max(|Fr_perp|)   :   0.00000000    0.00222704    0.00227763    0.01449977    0.00207597    0.00265018    0.00729500    0.00687473    0.00000000 
Fr_paral         :   0.00000000   -0.00298185   -0.00425059   -0.00030387    0.00044609    0.00050036    0.02109656    0.00874948    0.00000000 
max(|Fsp_paral|) :   0.00000000    0.00087469    0.00996618    0.00391080    0.00008604    0.00589868    0.01898666    0.01554596    0.00000000 
max(|Fsp_perp|)  :   0.00000000    0.00000000    0.00000000    0.00000000    0.00000000    0.00000000    0.00000000    0.00000000    0.00000000 
max(|FNEB|)      :   0.00000000    0.00192091    0.01189109    0.01384970    0.00210678    0.00624785    0.01405428    0.01655522    0.00000000 
max(|Force|)     :   0.00004585    0.00248195    0.00315581    0.01448693    0.00211671    0.00273813    0.01312990    0.00800236    0.00025123 
ksp              :   0.03903008    0.07828249    0.10000000    0.10000000    0.09880926    0.09737106    0.04023153    0.01000000 
max(|step|)      :   0.00000000    0.00344981    0.01137993    0.02535982    0.00610393    0.00712048    0.01735363    0.01819998    0.00016566 
angle (deg.)     :    12.3699  15.2588  13.0722  14.3921  21.7558  33.8577  17.9740 
>
iteration       : 37
climbing        : no
zoom on         : no
nim             : 9
barrier         :   0.03008333 (image:  3) 
distance        :   0.00000000    7.59546617   11.38877528   13.97917288   16.40147369   18.83673989   21.03587534   25.22408484   36.00478480 
energy          : -1977.86838856  -1977.85921154  -1977.84691042  -1977.83830522  -1977.84019078  -1977.84066701  -1977.85793571  -1977.89996309  -1977.92730488 
max(|Fr_perp|)   :   0.00000000    0.00287950    0.00556546    0.04009077    0.00792408    0.00789389    0.00792760    0.00686113    0.00000000 
Fr_paral         :   0.00000000   -0.00297193   -0.00405187    0.00016978    0.00067460    0.00037794    0.02093309    0.00868875    0.00000000 
max(|Fsp_paral|) :   0.00000000    0.00068658    0.00524688    0.00422716    0.00317045    0.00613461    0.01229254    0.01640866    0.00000000 
max(|Fsp_perp|)  :   0.00000000    0.00000000    0.00000000    0.00000000    0.00000000    0.00000000    0.00000000    0.00000000    0.00000000 
max(|FNEB|)      :   0.00000000    0.00267863    0.00725291    0.03930298    0.00730325    0.00773423    0.00925431    0.01740153    0.00000000 
max(|Force|)     :   0.00004585    0.00266714    0.00569883    0.04009873    0.00795774    0.00789626    0.01276558    0.00797845    0.00025123 
ksp              :   0.03745480    0.07425592    0.10000000    0.10000000    0.09435900    0.09293427    0.04127168    0.01000000 
max(|step|)      :   0.00000000    0.01441348    0.03791803    0.05196199    0.03232148    0.03487186    0.06473611    0.08970789    0.00102494 
angle (deg.)     :    12.2202  16.9026  14.6245  13.7898  23.4905  33.5061  19.0705 
>
iteration       : 38
climbing        : no
zoom on         : no
nim             : 9
barrier         :   0.03661970 (image:  3) 
distance        :   0.00000000    7.59006549   11.29489896   13.90285255   16.31126862   18.72638344   20.81782117   24.93102950   36.04849983 
energy          : -1977.86838856  -1977.85946951  -1977.84758749  -1977.83176885  -1977.84016583  -1977.84078267  -1977.85515693  -1977.89869751  -1977.92730488 
max(|Fr_perp|)   :   0.00000000    0.00583342    0.01263836    0.07967747    0.01643659    0.01513761    0.01593430    0.01066238    0.00000000 
Fr_paral         :   0.00000000   -0.00289597   -0.00329872    0.00031855    0.00160240   -0.00002214    0.01975618    0.00844769    0.00000000 
max(|Fsp_paral|) :   0.00000000    0.00386470    0.00808845    0.00491456    0.01247072    0.00699362    0.00477785    0.01597956    0.00000000 
max(|Fsp_perp|)  :   0.00000000    0.00000000    0.00000000    0.00000000    0.00000000    0.00000000    0.00000000    0.00000000    0.00000000 
max(|FNEB|)      :   0.00000000    0.00650643    0.01449070    0.07873545    0.01350680    0.01569458    0.01623668    0.01690178    0.00000000 
max(|Force|)     :   0.00004585    0.00595656    0.01267561    0.07969251    0.01654443    0.01513804    0.01642887    0.01078404    0.00025123 
ksp              :   0.03192029    0.06112266    0.10000000    0.10000000    0.07936281    0.07784680    0.04251928    0.01000000 
max(|step|)      :   0.00000000    0.01715224    0.02904583    0.02989692    0.04642308    0.04057727    0.06519561    0.10000000    0.00119786 
angle (deg.)     :    12.2619  18.4274  15.9616  12.8751  25.6371  33.4777  20.2884 
>
iteration       : 39
climbing        : no
zoom on         : no
nim             : 9
barrier         :   0.04102344 (image:  3) 
distance        :   0.00000000    7.57344813   11.24402957   13.81219284   16.16856325   18.59495724   20.61223730   24.61383917   36.10702599 
energy          : -1977.86838856  -1977.85977353  -1977.84820470  -1977.82736511  -1977.84006291  -1977.84086684  -1977.85309744  -1977.89721140  -1977.92730488 
max(|Fr_perp|)   :   0.00000000    0.00820633    0.01370361    0.09456384    0.02298977    0.02127973    0.02039543    0.01416832    0.00000000 
Fr_paral         :   0.00000000   -0.00279899   -0.00302176   -0.00000460    0.00251199   -0.00047131    0.01839841    0.00820217    0.00000000 
max(|Fsp_paral|) :   0.00000000    0.00479871    0.01411417    0.00515169    0.01536300    0.00803669    0.01292416    0.01470655    0.00000000 
max(|Fsp_perp|)  :   0.00000000    0.00000000    0.00000000    0.00000000    0.00000000    0.00000000    0.00000000    0.00000000    0.00000000 
max(|FNEB|)      :   0.00000000    0.00908417    0.01810654    0.09388706    0.01878401    0.02232034    0.02144164    0.01555094    0.00000000 
max(|Force|)     :   0.00004585    0.00837829    0.01380869    0.09486084    0.02329619    0.02144848    0.02104769    0.01434268    0.00025123 
ksp              :   0.02885484    0.05417105    0.10000000    0.10000000    0.07199566    0.07023836    0.04348018    0.01000000 
max(|step|)      :   0.00000000    0.00967563    0.01928545    0.10000000    0.02000703    0.02377361    0.02283770    0.01656346    0.00000000 
angle (deg.)     :    12.5197  17.8535  14.3323  12.3717  25.7327  33.8495  20.0283 
>
iteration       : 40
climbing        : no
zoom on         : no
nim             : 9
barrier         :   0.02791690 (image:  3) 
distance        :   0.00000000    7.55381854   11.30387959   13.78271785   16.09192058   18.54892778   20.63123842   24.54955716   36.10488618 
energy          : -1977.86838856  -1977.85993452  -1977.84811235  -1977.84047166  -1977.84061298  -1977.84132743  -1977.85433804  -1977.89702796  -1977.92730488 
max(|Fr_perp|)   :   0.00000000    0.00342523    0.00843469    0.00747667    0.00297704    0.00884934    0.00595526    0.00616618    0.00000000 
Fr_paral         :   0.00000000   -0.00275624   -0.00457377   -0.00054828    0.00048358    0.00035013    0.01852892    0.00874774    0.00000000 
max(|Fsp_paral|) :   0.00000000    0.00029715    0.00851610    0.00427403    0.00344727    0.01027576    0.00565363    0.02521922    0.00000000 
max(|Fsp_perp|)  :   0.00000000    0.00000000    0.00000000    0.00000000    0.00000000    0.00000000    0.00000000    0.00000000    0.00000000 
max(|FNEB|)      :   0.00000000    0.00347343    0.01040141    0.00830148    0.00384467    0.01061686    0.00947122    0.02620992    0.00000000 
max(|Force|)     :   0.00004585    0.00331622    0.00822474    0.00750333    0.00300027    0.00885242    0.01120288    0.00748465    0.00025123 
ksp              :   0.03725458    0.07536755    0.10000000    0.10000000    0.09954440    0.09724112    0.05529682    0.01000000 
max(|step|)      :   0.00000000    0.00347996    0.00468866    0.04972459    0.00641436    0.01447771    0.01701718    0.03351324    0.00004494 
angle (deg.)     :    12.5281  18.2526  14.8746  12.2679  25.5756  34.0954  19.7363 
>
iteration       : 41
climbing        : no
zoom on         : no
nim             : 9
barrier         :   0.03093618 (image:  3) 
distance        :   0.00000000    7.54723064   11.29899754   13.76137591   16.08307377   18.49846387   20.66123306   24.43785671   36.11906907 
energy          : -1977.86838856  -1977.85999581  -1977.84822400  -1977.83745237  -1977.84053522  -1977.84130735  -1977.85515880  -1977.89611096  -1977.92730488 
max(|Fr_perp|)   :   0.00000000    0.00493960    0.00853973    0.06293161    0.01160903    0.01139455    0.00962262    0.00782218    0.00000000 
Fr_paral         :   0.00000000   -0.00273552   -0.00420669    0.00045839    0.00090756    0.00023661    0.01876682    0.00925787    0.00000000 
max(|Fsp_paral|) :   0.00000000    0.00052186    0.00280526    0.00347315    0.00309802    0.00680239    0.00352710    0.01655416    0.00000000 
max(|Fsp_perp|)  :   0.00000000    0.00000000    0.00000000    0.00000000    0.00000000    0.00000000    0.00000000    0.00000000    0.00000000 
max(|FNEB|)      :   0.00000000    0.00485434    0.00778665    0.06341117    0.01190486    0.01124107    0.00986437    0.01770414    0.00000000 
max(|Force|)     :   0.00004585    0.00483062    0.00826110    0.06291598    0.01158719    0.01139586    0.01175349    0.00761443    0.00025123 
ksp              :   0.03441631    0.06866302    0.10000000    0.10000000    0.09103133    0.08878505    0.04848821    0.01000000 
max(|step|)      :   0.00000000    0.00541606    0.00538593    0.01770628    0.01246545    0.01914567    0.01555570    0.04449103    0.00020053 
angle (deg.)     :    12.5913  18.5870  14.9648  12.0395  25.6287  34.3084  19.5496 
>
iteration       : 42
climbing        : no
zoom on         : no
nim             : 9
barrier         :   0.02910009 (image:  3) 
distance        :   0.00000000    7.53578439   11.30511031   13.72705190   16.04348438   18.42865124   20.67452399   24.28733994   36.13551299 
energy          : -1977.86838856  -1977.86012328  -1977.84837703  -1977.83928847  -1977.84063904  -1977.84144404  -1977.85603900  -1977.89504700  -1977.92730488 
max(|Fr_perp|)   :   0.00000000    0.00315945    0.00449397    0.03963290    0.00780103    0.00628333    0.00560693    0.00734755    0.00000000 
Fr_paral         :   0.00000000   -0.00270336   -0.00454595    0.00003826    0.00070035    0.00034734    0.01902349    0.00967121    0.00000000 
max(|Fsp_paral|) :   0.00000000    0.00072862    0.00718525    0.00262320    0.00077721    0.00463066    0.01401733    0.01389520    0.00000000 
max(|Fsp_perp|)  :   0.00000000    0.00000000    0.00000000    0.00000000    0.00000000    0.00000000    0.00000000    0.00000000    0.00000000 
max(|FNEB|)      :   0.00000000    0.00327992    0.00903646    0.03998848    0.00789299    0.00610308    0.00949218    0.01517956    0.00000000 
max(|Force|)     :   0.00004585    0.00305048    0.00423007    0.03963161    0.00778019    0.00628663    0.01203723    0.00920052    0.00025123 
ksp              :   0.03556265    0.07189114    0.10000000    0.10000000    0.09582298    0.09333330    0.04819438    0.01000000 
max(|step|)      :   0.00000000    0.01179919    0.02074531    0.02434211    0.02597314    0.04014540    0.02538601    0.10000000    0.00063274 
angle (deg.)     :    12.5718  19.7901  15.5452  11.5842  26.1298  34.1253  19.8339 
>
iteration       : 43
climbing        : no
zoom on         : no
nim             : 9
barrier         :   0.02777077 (image:  3) 
distance        :   0.00000000    7.52159103   11.27832513   13.65836386   15.97022541   18.29218480   20.62972355   23.95217134   36.17502863 
energy          : -1977.86838856  -1977.86036479  -1977.84883889  -1977.84061778  -1977.84080543  -1977.84162672  -1977.85643706  -1977.89285159  -1977.92730488 
max(|Fr_perp|)   :   0.00000000    0.00235370    0.00548794    0.01265660    0.00243396    0.00404932    0.00495671    0.00920778    0.00000000 
Fr_paral         :   0.00000000   -0.00264088   -0.00468374   -0.00060492    0.00056792    0.00038023    0.01914180    0.01015701    0.00000000 
max(|Fsp_paral|) :   0.00000000    0.00116241    0.00961773    0.00171033    0.00011180    0.00115832    0.02536351    0.00985313    0.00000000 
max(|Fsp_perp|)  :   0.00000000    0.00000000    0.00000000    0.00000000    0.00000000    0.00000000    0.00000000    0.00000000    0.00000000 
max(|FNEB|)      :   0.00000000    0.00256922    0.01130082    0.01308791    0.00241513    0.00405155    0.02180016    0.01128823    0.00000000 
max(|Force|)     :   0.00004585    0.00227343    0.00531606    0.01285572    0.00251431    0.00412204    0.01115029    0.01118464    0.00025123 
ksp              :   0.03599980    0.07335538    0.10000000    0.10000000    0.09937772    0.09671826    0.04869151    0.01000000 
max(|step|)      :   0.00000000    0.01178532    0.05183823    0.06003585    0.01107850    0.01858495    0.10000000    0.05178050    0.00000000 
angle (deg.)     :    11.9729  21.5067  16.2707  11.6138  27.5757  32.0477  22.2261 
>
iteration       : 44
climbing        : no
zoom on         : no
nim             : 9
barrier         :   0.03062863 (image:  3) 
distance        :   0.00000000    7.54641957   11.12632454   13.65017116   15.99259621   18.29627458   20.35909794   23.78304652   36.19963261 
energy          : -1977.86838856  -1977.86038343  -1977.84944396  -1977.83775993  -1977.84078810  -1977.84137313  -1977.85190220  -1977.89238256  -1977.92730488 
max(|Fr_perp|)   :   0.00000000    0.00760591    0.02079741    0.04964466    0.01072567    0.01961214    0.01294086    0.01107521    0.00000000 
Fr_paral         :   0.00000000   -0.00265244   -0.00335498    0.00000043    0.00102602   -0.00022823    0.01706826    0.00948801    0.00000000 
max(|Fsp_paral|) :   0.00000000    0.00436831    0.00449642    0.00442728    0.00608108    0.00624295    0.00633994    0.01865385    0.00000000 
max(|Fsp_perp|)  :   0.00000000    0.00000000    0.00000000    0.00000000    0.00000000    0.00000000    0.00000000    0.00000000    0.00000000 
max(|FNEB|)      :   0.00000000    0.00837805    0.02053398    0.04876000    0.00940237    0.02029274    0.01345223    0.01986746    0.00000000 
max(|Force|)     :   0.00004585    0.00772038    0.02084849    0.04964468    0.01078487    0.01961823    0.01349580    0.01116287    0.00025123 
ksp              :   0.03352247    0.06566732    0.10000000    0.10000000    0.09110194    0.08938286    0.05844397    0.01000000 
max(|step|)      :   0.00000000    0.00759080    0.02701653    0.03403550    0.01113067    0.01752025    0.05257826    0.06099872    0.00045697 
angle (deg.)     :    11.7599  22.4563  16.2070  11.4540  28.6011  31.2098  23.6038 
>
iteration       : 45
climbing        : no
zoom on         : no
nim             : 9
barrier         :   0.02770517 (image:  3) 
distance        :   0.00000000    7.53809085   11.05672777   13.61841735   15.97068033   18.26178277   20.20705072   23.58151038   36.22581298 
energy          : -1977.86838856  -1977.86060326  -1977.85041353  -1977.84068338  -1977.84098404  -1977.84186414  -1977.85033699  -1977.89140077  -1977.92730488 
max(|Fr_perp|)   :   0.00000000    0.00159764    0.00249761    0.01310313    0.00278815    0.00305450    0.00470779    0.00597237    0.00000000 
Fr_paral         :   0.00000000   -0.00253099   -0.00450922   -0.00070884    0.00061464    0.00032029    0.01514788    0.00955202    0.00000000 
max(|Fsp_paral|) :   0.00000000    0.00619895    0.00407905    0.00519285    0.00207795    0.00975535    0.01804284    0.02558385    0.00000000 
max(|Fsp_perp|)  :   0.00000000    0.00000000    0.00000000    0.00000000    0.00000000    0.00000000    0.00000000    0.00000000    0.00000000 
max(|FNEB|)      :   0.00000000    0.00571642    0.00418024    0.01423136    0.00354059    0.01009278    0.01885165    0.02679357    0.00000000 
max(|Force|)     :   0.00004585    0.00178384    0.00303859    0.01307029    0.00273279    0.00312323    0.00827299    0.00768159    0.00025123 
ksp              :   0.03529046    0.06839171    0.10000000    0.10000000    0.09902334    0.09616434    0.06864034    0.01000000 
max(|step|)      :   0.00000000    0.01224674    0.04390806    0.04080621    0.01608431    0.02356163    0.08125357    0.10000000    0.00103740 
angle (deg.)     :    11.4430  24.3271  16.9178  11.2679  30.4750  30.0479  25.9783 
>
iteration       : 46
climbing        : no
zoom on         : no
nim             : 9
barrier         :   0.02854665 (image:  3) 
distance        :   0.00000000    7.52333897   10.94341687   13.57387085   15.95123944   18.21115445   19.98032332   23.26817030   36.28560516 
energy          : -1977.86838856  -1977.86077528  -1977.85071511  -1977.83984191  -1977.84101416  -1977.84153043  -1977.84790669  -1977.88944744  -1977.92730488 
max(|Fr_perp|)   :   0.00000000    0.00878493    0.02375954    0.03790189    0.01033505    0.02362396    0.01502615    0.01138295    0.00000000 
Fr_paral         :   0.00000000   -0.00250927   -0.00310821   -0.00042055    0.00080277   -0.00024995    0.01241312    0.00934587    0.00000000 
max(|Fsp_paral|) :   0.00000000    0.00757412    0.01020846    0.00618118    0.00500571    0.01225832    0.03163471    0.02939584    0.00000000 
max(|Fsp_perp|)  :   0.00000000    0.00000000    0.00000000    0.00000000    0.00000000    0.00000000    0.00000000    0.00000000    0.00000000 
max(|FNEB|)      :   0.00000000    0.00846428    0.02598288    0.03913230    0.01110628    0.02348166    0.03324451    0.03049488    0.00000000 
max(|Force|)     :   0.00004585    0.00874917    0.02373815    0.03821178    0.01037640    0.02376354    0.01473754    0.01130092    0.00025123 
ksp              :   0.03399214    0.06570502    0.10000000    0.10000000    0.09625279    0.09464259    0.07455983    0.01000000 
max(|step|)      :   0.00000000    0.02059517    0.06322122    0.09521621    0.02702366    0.05713527    0.08089013    0.07419976    0.00000000 
angle (deg.)     :    11.9785  24.2544  17.9612  11.0702  29.3479  31.0760  24.1745 
>
iteration       : 47
climbing        : no
zoom on         : no
nim             : 9
barrier         :   0.03181874 (image:  3) 
distance        :   0.00000000    7.45109069   11.03146521   13.51423891   15.90559223   18.09508246   20.15664993   23.01364553   36.29197653 
energy          : -1977.86838856  -1977.86079057  -1977.84871014  -1977.83656982  -1977.84082300  -1977.84025323  -1977.85057387  -1977.88645727  -1977.92730488 
max(|Fr_perp|)   :   0.00000000    0.01704740    0.05174705    0.06426944    0.01867854    0.04797637    0.02648735    0.02121100    0.00000000 
Fr_paral         :   0.00000000   -0.00271836   -0.00003496   -0.00076627    0.00145236   -0.00196499    0.01508584    0.01146701    0.00000000 
max(|Fsp_paral|) :   0.00000000    0.00010926    0.00352043    0.00218673    0.01062629    0.00278264    0.00483128    0.00959065    0.00000000 
max(|Fsp_perp|)  :   0.00000000    0.00000000    0.00000000    0.00000000    0.00000000    0.00000000    0.00000000    0.00000000    0.00000000 
max(|FNEB|)      :   0.00000000    0.01702630    0.05183156    0.06385861    0.01605187    0.04843972    0.02602127    0.02131083    0.00000000 
max(|Force|)     :   0.00004585    0.01717560    0.05174682    0.06423500    0.01876727    0.04805583    0.02706624    0.02118220    0.00025123 
ksp              :   0.03149107    0.06566084    0.10000000    0.10000000    0.08958141    0.08958141    0.06038923    0.01000000 
max(|step|)      :   0.00000000    0.01392425    0.04104579    0.04678396    0.01478873    0.03879058    0.02076047    0.02711609    0.00010480 
angle (deg.)     :    12.1364  23.9458  17.3692  10.8691  29.2589  31.2026  23.9904 
>
iteration       : 48
climbing        : no
zoom on         : no
nim             : 9
barrier         :   0.02741127 (image:  3) 
distance        :   0.00000000    7.43682391   11.06081678   13.48752820   15.84470584   18.05358300   20.17364164   22.91207604   36.29161801 
energy          : -1977.86838856  -1977.86117424  -1977.85087435  -1977.84097729  -1977.84112953  -1977.84207868  -1977.85168701  -1977.88602380  -1977.92730488 
max(|Fr_perp|)   :   0.00000000    0.00124112    0.00633752    0.01855401    0.00318992    0.00292528    0.00348208    0.00979435    0.00000000 
Fr_paral         :   0.00000000   -0.00240191   -0.00493332   -0.00089133    0.00066879    0.00039423    0.01494985    0.01233409    0.00000000 
max(|Fsp_paral|) :   0.00000000    0.00143657    0.00052638    0.00171173    0.00392914    0.00379285    0.01064275    0.01056112    0.00000000 
max(|Fsp_perp|)  :   0.00000000    0.00000000    0.00000000    0.00000000    0.00000000    0.00000000    0.00000000    0.00000000    0.00000000 
max(|FNEB|)      :   0.00000000    0.00203147    0.00627927    0.01821658    0.00434945    0.00425015    0.00773230    0.01256542    0.00000000 
max(|Force|)     :   0.00004585    0.00141152    0.00619134    0.01851076    0.00322255    0.00289146    0.00917104    0.01138692    0.00025123 
ksp              :   0.03368694    0.06750477    0.10000000    0.10000000    0.09950014    0.09638378    0.06483656    0.01000000 
max(|step|)      :   0.00000000    0.00789259    0.00923426    0.03119467    0.01618920    0.01590954    0.01543412    0.04305292    0.00040632 
angle (deg.)     :    12.3456  24.1212  17.6798  10.6256  29.2327  31.0554  24.0185 
>
iteration       : 49
climbing        : no
zoom on         : no
nim             : 9
barrier         :   0.02741663 (image:  3) 
distance        :   0.00000000    7.40955664   11.09467649   13.45876155   15.78879294   17.99757364   20.18917690   22.76299969   36.30301986 
energy          : -1977.86838856  -1977.86127856  -1977.85062138  -1977.84097192  -1977.84111858  -1977.84195683  -1977.85222965  -1977.88473325  -1977.92730488 
max(|Fr_perp|)   :   0.00000000    0.00578180    0.01557801    0.02006292    0.00508253    0.01261995    0.00563239    0.01041847    0.00000000 
Fr_paral         :   0.00000000   -0.00240133   -0.00455300   -0.00088089    0.00068445    0.00021851    0.01526168    0.01266005    0.00000000 
max(|Fsp_paral|) :   0.00000000    0.00115810    0.00413073    0.00083637    0.00324453    0.00190191    0.01975553    0.00647370    0.00000000 
max(|Fsp_perp|)  :   0.00000000    0.00000000    0.00000000    0.00000000    0.00000000    0.00000000    0.00000000    0.00000000    0.00000000 
max(|FNEB|)      :   0.00000000    0.00596260    0.01487338    0.02019223    0.00558136    0.01250360    0.01722970    0.00857017    0.00000000 
max(|Force|)     :   0.00004585    0.00569037    0.01536933    0.02009637    0.00505664    0.01262324    0.00857899    0.01290843    0.00025123 
ksp              :   0.03333985    0.06832394    0.10000000    0.10000000    0.09951857    0.09676686    0.06304451    0.01000000 
max(|step|)      :   0.00000000    0.00640281    0.00804148    0.01131719    0.02481544    0.01811273    0.01987125    0.05462522    0.00054323 
angle (deg.)     :    12.4376  24.6548  18.0094  10.3375  29.6202  29.7636  25.2643 
>
iteration       : 50
climbing        : no
zoom on         : no
nim             : 9
barrier         :   0.02729250 (image:  3) 
distance        :   0.00000000    7.39832624   11.10711762   13.43044027   15.70676972   17.94142646   20.12579522   22.58181489   36.32456876 
energy          : -1977.86838856  -1977.86139665  -1977.85053174  -1977.84109606  -1977.84113526  -1977.84187929  -1977.85167087  -1977.88368754  -1977.92730488 
max(|Fr_perp|)   :   0.00000000    0.00688174    0.02136621    0.02042526    0.00596705    0.01826426    0.00897662    0.00981635    0.00000000 
Fr_paral         :   0.00000000   -0.00240160   -0.00429599   -0.00096886    0.00068113    0.00007499    0.01490495    0.01292852    0.00000000 
max(|Fsp_paral|) :   0.00000000    0.00266158    0.00626614    0.00115082    0.00109178    0.00255258    0.02103089    0.00554447    0.00000000 
max(|Fsp_perp|)  :   0.00000000    0.00000000    0.00000000    0.00000000    0.00000000    0.00000000    0.00000000    0.00000000    0.00000000 
max(|FNEB|)      :   0.00000000    0.00728663    0.02026954    0.02060263    0.00613502    0.01812712    0.02015567    0.00855948    0.00000000 
max(|Force|)     :   0.00004585    0.00679266    0.02116267    0.02046183    0.00594138    0.01826525    0.00886531    0.01247655    0.00025123 
ksp              :   0.03305659    0.06888480    0.10000000    0.10000000    0.09987075    0.09741722    0.06512840    0.01000000 
max(|step|)      :   0.00000000    0.00991030    0.02228115    0.02345272    0.04033780    0.03670429    0.04567515    0.10000000    0.00126455 
angle (deg.)     :    12.4089  26.0202  18.8084  10.0471  30.1157  26.7444  28.3883 
>
iteration       : 51
climbing        : no
zoom on         : no
nim             : 9
barrier         :   0.02819124 (image:  3) 
distance        :   0.00000000    7.40624787   11.09578080   13.37689137   15.58543638   17.83294530   19.97751328   22.26256739   36.37540193 
energy          : -1977.86838856  -1977.86157715  -1977.85115571  -1977.84019732  -1977.84115949  -1977.84212432  -1977.85036453  -1977.88185093  -1977.92730488 
max(|Fr_perp|)   :   0.00000000    0.00708967    0.01604635    0.04215563    0.00845428    0.01385589    0.00702450    0.01089446    0.00000000 
Fr_paral         :   0.00000000   -0.00234371   -0.00430695   -0.00053188    0.00081657    0.00018521    0.01335890    0.01362129    0.00000000 
max(|Fsp_paral|) :   0.00000000    0.00115614    0.00316792    0.00174360    0.00080247    0.00407507    0.01853083    0.00352236    0.00000000 
max(|Fsp_perp|)  :   0.00000000    0.00000000    0.00000000    0.00000000    0.00000000    0.00000000    0.00000000    0.00000000    0.00000000 
max(|FNEB|)      :   0.00000000    0.00735903    0.01566077    0.04302967    0.00867470    0.01376206    0.01804580    0.01123378    0.00000000 
max(|Force|)     :   0.00004585    0.00708368    0.01601993    0.04280582    0.00854514    0.01402850    0.00816581    0.01115255    0.00025123 
ksp              :   0.03171690    0.06495547    0.10000000    0.10000000    0.09680378    0.09373771    0.06744158    0.01000000 
max(|step|)      :   0.00000000    0.00844382    0.01796931    0.04937262    0.00995343    0.01579071    0.02070591    0.01288974    0.00000000 
angle (deg.)     :    12.3580  26.1838  18.7182  10.0986  30.0887  25.9676  29.1262 
>
iteration       : 52
climbing        : no
zoom on         : no
nim             : 9
barrier         :   0.02716319 (image:  4) 
distance        :   0.00000000    7.41231956   11.08558558   13.37078304   15.58433536   17.81717150   19.92384088   22.24674844   36.38101193 
energy          : -1977.86838856  -1977.86162899  -1977.85148038  -1977.84132281  -1977.84122537  -1977.84230208  -1977.84983767  -1977.88205413  -1977.92730488 
max(|Fr_perp|)   :   0.00000000    0.00217906    0.00511288    0.01792035    0.00344798    0.00517076    0.00367767    0.00780829    0.00000000 
Fr_paral         :   0.00000000   -0.00231824   -0.00496584   -0.00113394    0.00066322    0.00037216    0.01273511    0.01364331    0.00000000 
max(|Fsp_paral|) :   0.00000000    0.00058127    0.00405748    0.00155897    0.00046890    0.00495385    0.01465118    0.00683996    0.00000000 
max(|Fsp_perp|)  :   0.00000000    0.00000000    0.00000000    0.00000000    0.00000000    0.00000000    0.00000000    0.00000000    0.00000000 
max(|FNEB|)      :   0.00000000    0.00234787    0.00540659    0.01760378    0.00353958    0.00572578    0.01377273    0.00785278    0.00000000 
max(|Force|)     :   0.00004585    0.00227540    0.00521187    0.01786449    0.00347949    0.00516050    0.00717527    0.01037102    0.00025123 
ksp              :   0.03239653    0.06602201    0.09967714    0.10000000    0.10000000    0.09643253    0.07146482    0.01000000 
max(|step|)      :   0.00000000    0.00219710    0.00677073    0.00453902    0.00183593    0.00689507    0.02074815    0.00947747    0.00008825 
angle (deg.)     :    12.2935  26.4715  18.7942  10.1664  29.9925  25.1607  29.8808 
>
iteration       : 53
climbing        : no
zoom on         : no
nim             : 9
barrier         :   0.02716989 (image:  3) 
distance        :   0.00000000    7.41745030   11.07162210   13.36620538   15.58960365   17.79714197   19.87050662   22.22035298   36.38898289 
energy          : -1977.86838856  -1977.86164247  -1977.85157427  -1977.84121867  -1977.84123836  -1977.84228607  -1977.84927128  -1977.88203087  -1977.92730488 
max(|Fr_perp|)   :   0.00000000    0.00318917    0.00822308    0.02145841    0.00442239    0.00765224    0.00464011    0.00733418    0.00000000 
Fr_paral         :   0.00000000   -0.00231430   -0.00481516   -0.00108941    0.00071519    0.00032962    0.01208874    0.01363014    0.00000000 
max(|Fsp_paral|) :   0.00000000    0.00003446    0.00292687    0.00172382    0.00041904    0.00506923    0.01088593    0.00868143    0.00000000 
max(|Fsp_perp|)  :   0.00000000    0.00000000    0.00000000    0.00000000    0.00000000    0.00000000    0.00000000    0.00000000    0.00000000 
max(|FNEB|)      :   0.00000000    0.00318323    0.00840103    0.02109824    0.00433475    0.00824805    0.00973762    0.00914688    0.00000000 
max(|Force|)     :   0.00004585    0.00328643    0.00830384    0.02140329    0.00445862    0.00764271    0.00642955    0.00997696    0.00025123 
ksp              :   0.03234635    0.06569716    0.10000000    0.10000000    0.09993476    0.09646423    0.07332579    0.01000000 
max(|step|)      :   0.00000000    0.01072315    0.03157021    0.02095984    0.01329971    0.04384167    0.10000000    0.06854911    0.00113373 
angle (deg.)     :    12.0642  28.0279  19.2939  10.5072  29.3028  21.2608  33.7333 
>
iteration       : 54
climbing        : no
zoom on         : no
nim             : 9
barrier         :   0.02767788 (image:  3) 
distance        :   0.00000000    7.43355362   11.01309475   13.32905812   15.59085511   17.66752401   19.60440754   22.02385149   36.44156574 
energy          : -1977.86838856  -1977.86180153  -1977.85227085  -1977.84071068  -1977.84132278  -1977.84238034  -1977.84704567  -1977.88118783  -1977.92730488 
max(|Fr_perp|)   :   0.00000000    0.00318175    0.00477969    0.03405040    0.00592827    0.00570186    0.00334898    0.00551449    0.00000000 
Fr_paral         :   0.00000000   -0.00224503   -0.00460253   -0.00092528    0.00084036    0.00036033    0.00888140    0.01403603    0.00000000 
max(|Fsp_paral|) :   0.00000000    0.00248811    0.00232646    0.00129171    0.00547771    0.00499243    0.00339905    0.01489198    0.00000000 
max(|Fsp_perp|)  :   0.00000000    0.00000000    0.00000000    0.00000000    0.00000000    0.00000000    0.00000000    0.00000000    0.00000000 
max(|FNEB|)      :   0.00000000    0.00366130    0.00541240    0.03417595    0.00593737    0.00637466    0.00593061    0.01257354    0.00000000 
max(|Force|)     :   0.00004585    0.00333175    0.00490900    0.03442093    0.00605808    0.00575747    0.00590841    0.00868318    0.00025123 
ksp              :   0.03139753    0.06235179    0.10000000    0.10000000    0.09791133    0.09447698    0.07932763    0.01000000 
max(|step|)      :   0.00000000    0.00722824    0.01068530    0.06747106    0.01172172    0.01258501    0.01170837    0.02482302    0.00000000 
angle (deg.)     :    12.2094  28.0518  19.4019  10.3610  29.0904  21.0862  33.8437 
>
iteration       : 55
climbing        : no
zoom on         : no
nim             : 9
barrier         :   0.02837960 (image:  3) 
distance        :   0.00000000    7.41503901   11.03186160   13.31953958   15.54825182   17.63011573   19.61906349   21.93228219   36.44198001 
energy          : -1977.86838856  -1977.86187187  -1977.85221224  -1977.84000895  -1977.84129697  -1977.84235764  -1977.84736094  -1977.88019247  -1977.92730488 
max(|Fr_perp|)   :   0.00000000    0.00567664    0.00858856    0.04864541    0.00795815    0.00865753    0.00257380    0.00790207    0.00000000 
Fr_paral         :   0.00000000   -0.00222635   -0.00449783   -0.00051477    0.00089658    0.00033519    0.00911822    0.01498507    0.00000000 
max(|Fsp_paral|) :   0.00000000    0.00138703    0.00195391    0.00139350    0.00555210    0.00383357    0.00256349    0.01004672    0.00000000 
max(|Fsp_perp|)  :   0.00000000    0.00000000    0.00000000    0.00000000    0.00000000    0.00000000    0.00000000    0.00000000    0.00000000 
max(|FNEB|)      :   0.00000000    0.00544738    0.00888818    0.04883873    0.00868985    0.00835750    0.00248113    0.00936936    0.00000000 
max(|Force|)     :   0.00004585    0.00558680    0.00839760    0.04866229    0.00792986    0.00866397    0.00541310    0.00973643    0.00025123 
ksp              :   0.03066631    0.06129981    0.10000000    0.10000000    0.09591533    0.09255164    0.07668471    0.01000000 
max(|step|)      :   0.00000000    0.00306033    0.00393191    0.01728590    0.00787821    0.00621978    0.00381691    0.01412977    0.00007450 
angle (deg.)     :    12.2931  28.0356  19.3082  10.2761  29.0118  20.8982  34.0571 
>
iteration       : 56
climbing        : no
zoom on         : no
nim             : 9
barrier         :   0.02705961 (image:  4) 
distance        :   0.00000000    7.40603903   11.04328594   13.31194363   15.51857673   17.60767696   19.61647091   21.88168015   36.44344873 
energy          : -1977.86838856  -1977.86194027  -1977.85224241  -1977.84148486  -1977.84132895  -1977.84241252  -1977.84744706  -1977.87972957  -1977.92730488 
max(|Fr_perp|)   :   0.00000000    0.00345230    0.00499584    0.02407031    0.00477115    0.00508006    0.00244500    0.00656216    0.00000000 
Fr_paral         :   0.00000000   -0.00221629   -0.00482140   -0.00129482    0.00070205    0.00041393    0.00912193    0.01538332    0.00000000 
max(|Fsp_paral|) :   0.00000000    0.00029228    0.00166253    0.00120172    0.00282421    0.00375108    0.00505434    0.01085661    0.00000000 
max(|Fsp_perp|)  :   0.00000000    0.00000000    0.00000000    0.00000000    0.00000000    0.00000000    0.00000000    0.00000000    0.00000000 
max(|FNEB|)      :   0.00000000    0.00340362    0.00479476    0.02426105    0.00519583    0.00473992    0.00410699    0.00996825    0.00000000 
max(|Force|)     :   0.00004585    0.00336220    0.00483454    0.02411945    0.00474579    0.00508928    0.00537292    0.01020245    0.00025123 
ksp              :   0.03144694    0.06370194    0.09948144    0.10000000    0.10000000    0.09639604    0.07965123    0.01000000 
max(|step|)      :   0.00000000    0.01658836    0.01297190    0.03902277    0.04201122    0.03943894    0.01984914    0.09120561    0.00118595 
angle (deg.)     :    12.6391  28.4769  19.6374  10.1197  28.5580  19.7178  35.8890 
>
iteration       : 57
climbing        : no
zoom on         : no
nim             : 9
barrier         :   0.02705438 (image:  4) 
distance        :   0.00000000    7.36223048   11.08254973   13.27773090   15.37683690   17.47995056   19.59479835   21.57013301   36.46728599 
energy          : -1977.86838856  -1977.86221270  -1977.85231556  -1977.84158297  -1977.84133418  -1977.84246376  -1977.84768153  -1977.87637270  -1977.92730488 
max(|Fr_perp|)   :   0.00000000    0.00303948    0.00498495    0.02179374    0.00438274    0.00590661    0.00468195    0.00840039    0.00000000 
Fr_paral         :   0.00000000   -0.00217389   -0.00503698   -0.00138800    0.00068983    0.00041733    0.00888311    0.01745944    0.00000000 
max(|Fsp_paral|) :   0.00000000    0.00274215    0.00505770    0.00184303    0.00009566    0.00166110    0.01806304    0.00218937    0.00000000 
max(|Fsp_perp|)  :   0.00000000    0.00000000    0.00000000    0.00000000    0.00000000    0.00000000    0.00000000    0.00000000    0.00000000 
max(|FNEB|)      :   0.00000000    0.00358730    0.00678582    0.02139238    0.00440202    0.00612331    0.01898567    0.00621102    0.00000000 
max(|Force|)     :   0.00004585    0.00312951    0.00503979    0.02172223    0.00441592    0.00589326    0.00711376    0.01397897    0.00025123 
ksp              :   0.03054482    0.06346897    0.09917238    0.10000000    0.10000000    0.09624232    0.07888469    0.01000000 
max(|step|)      :   0.00000000    0.00769139    0.01089333    0.01815843    0.02986474    0.02662425    0.03658980    0.05827332    0.00076726 
angle (deg.)     :    12.7608  29.1610  20.0646  10.2708  28.4968  18.0900  38.5941 
>
iteration       : 58
climbing        : no
zoom on         : no
nim             : 9
barrier         :   0.02728653 (image:  3) 
distance        :   0.00000000    7.35727668   11.09504059   13.24348628   15.28403738   17.40362663   19.48777315   21.40147231   36.51084752 
energy          : -1977.86838856  -1977.86237764  -1977.85252642  -1977.84110203  -1977.84136770  -1977.84254555  -1977.84713398  -1977.87503077  -1977.92730488 
max(|Fr_perp|)   :   0.00000000    0.00102642    0.00243870    0.03234822    0.00179264    0.00163241    0.00406579    0.00738210    0.00000000 
Fr_paral         :   0.00000000   -0.00213520   -0.00513551   -0.00095411    0.00070533    0.00048376    0.00787237    0.01823434    0.00000000 
max(|Fsp_paral|) :   0.00000000    0.00328910    0.00495622    0.00251812    0.00141575    0.00284278    0.01691477    0.00074414    0.00000000 
max(|Fsp_perp|)  :   0.00000000    0.00000000    0.00000000    0.00000000    0.00000000    0.00000000    0.00000000    0.00000000    0.00000000 
max(|FNEB|)      :   0.00000000    0.00377406    0.00672492    0.03173794    0.00251113    0.00326358    0.01703045    0.00663796    0.00000000 
max(|Force|)     :   0.00004585    0.00110183    0.00317589    0.03229425    0.00183338    0.00161774    0.00623055    0.01354293    0.00025123 
ksp              :   0.02982600    0.06231859    0.10000000    0.10000000    0.09912374    0.09523880    0.08010465    0.01000000 
max(|step|)      :   0.00000000    0.01372452    0.01933814    0.03762611    0.04980706    0.05246586    0.06539935    0.10000000    0.00166584 
angle (deg.)     :    12.9633  30.6415  20.9752  10.7713  28.1702  16.3276  43.9088 
>
iteration       : 59
climbing        : no
zoom on         : no
nim             : 9
barrier         :   0.02709715 (image:  4) 
distance        :   0.00000000    7.36065099   11.11968900   13.16818435   15.13900496   17.25388899   19.29185668   21.13860289   36.61033168 
energy          : -1977.86838856  -1977.86250604  -1977.85266809  -1977.84141626  -1977.84129141  -1977.84235744  -1977.84625372  -1977.87289181  -1977.92730488 
max(|Fr_perp|)   :   0.00000000    0.01035850    0.01465421    0.03299593    0.01170679    0.01786678    0.00355192    0.00811457    0.00000000 
Fr_paral         :   0.00000000   -0.00211486   -0.00461896   -0.00140773    0.00088489    0.00005654    0.00618896    0.01916882    0.00000000 
max(|Fsp_paral|) :   0.00000000    0.00400142    0.00810650    0.00171290    0.00336911    0.00363264    0.01550056    0.00017508    0.00000000 
max(|Fsp_perp|)  :   0.00000000    0.00000000    0.00000000    0.00000000    0.00000000    0.00000000    0.00000000    0.00000000    0.00000000 
max(|FNEB|)      :   0.00000000    0.00981220    0.01468338    0.03296679    0.01262290    0.01875103    0.01530406    0.00821895    0.00000000 
max(|Force|)     :   0.00004585    0.01059537    0.01484326    0.03327699    0.01190287    0.01812056    0.00526321    0.01240919    0.00025123 
ksp              :   0.02954583    0.06223219    0.09967252    0.10000000    0.10000000    0.09647363    0.08350100    0.01000000 
max(|step|)      :   0.00000000    0.01462171    0.02188053    0.04912568    0.01881010    0.02794196    0.02280545    0.01224752    0.00000000 
angle (deg.)     :    12.7285  31.0973  20.8257  11.0587  27.9269  15.8981  44.4312 
>
iteration       : 60
climbing        : no
zoom on         : no
nim             : 9
barrier         :   0.02702871 (image:  4) 
distance        :   0.00000000    7.38549741   11.08373859   13.16462985   15.16822578   17.24133789   19.23446677   21.14424488   36.62802357 
energy          : -1977.86838856  -1977.86250763  -1977.85300430  -1977.84223736  -1977.84135985  -1977.84241905  -1977.84594866  -1977.87321008  -1977.92730488 
max(|Fr_perp|)   :   0.00000000    0.00947015    0.01234543    0.02529009    0.01003352    0.01484704    0.00283151    0.00702028    0.00000000 
Fr_paral         :   0.00000000   -0.00207429   -0.00467752   -0.00204023    0.00064378    0.00022934    0.00573918    0.01914352    0.00000000 
max(|Fsp_paral|) :   0.00000000    0.00193923    0.00667315    0.00040141    0.00164722    0.00366942    0.01110860    0.00259406    0.00000000 
max(|Fsp_perp|)  :   0.00000000    0.00000000    0.00000000    0.00000000    0.00000000    0.00000000    0.00000000    0.00000000    0.00000000 
max(|FNEB|)      :   0.00000000    0.00979522    0.01166501    0.02535328    0.00982321    0.01453824    0.01055631    0.00700334    0.00000000 
max(|Force|)     :   0.00004585    0.00938534    0.01221510    0.02536826    0.01001405    0.01485175    0.00442359    0.01159891    0.00025123 
ksp              :   0.02958228    0.06122641    0.09707810    0.10000000    0.10000000    0.09647310    0.08472020    0.01000000 
max(|step|)      :   0.00000000    0.00440969    0.01030122    0.00839403    0.00385191    0.00532525    0.01511080    0.00433591    0.00003895 
angle (deg.)     :    12.5668  31.4045  20.7559  11.2292  27.7346  15.6651  44.8192 
>
iteration       : 61
climbing        : no
zoom on         : no
nim             : 9
barrier         :   0.02694805 (image:  4) 
distance        :   0.00000000    7.39927669   11.05774511   13.16622337   15.18620004   17.22983913   19.19579394   21.14248231   36.64084904 
energy          : -1977.86838856  -1977.86256270  -1977.85328430  -1977.84260204  -1977.84144050  -1977.84256793  -1977.84575519  -1977.87333029  -1977.92730488 
max(|Fr_perp|)   :   0.00000000    0.00545324    0.00782276    0.01569062    0.00530826    0.00844635    0.00241961    0.00473613    0.00000000 
Fr_paral         :   0.00000000   -0.00206511   -0.00478920   -0.00226527    0.00052911    0.00044646    0.00544360    0.01909084    0.00000000 
max(|Fsp_paral|) :   0.00000000    0.00077496    0.00504526    0.00016416    0.00056207    0.00370426    0.00820074    0.00436735    0.00000000 
max(|Fsp_perp|)  :   0.00000000    0.00000000    0.00000000    0.00000000    0.00000000    0.00000000    0.00000000    0.00000000    0.00000000 
max(|FNEB|)      :   0.00000000    0.00558411    0.00742398    0.01571780    0.00523095    0.00806942    0.00750921    0.00469840    0.00000000 
max(|Force|)     :   0.00004585    0.00536810    0.00771934    0.01578239    0.00529098    0.00845744    0.00393285    0.01100210    0.00025123 
ksp              :   0.02945696    0.06044456    0.09612075    0.10000000    0.10000000    0.09623467    0.08558999    0.01000000 
max(|step|)      :   0.00000000    0.01225631    0.03840992    0.02018657    0.01350838    0.02731932    0.05752122    0.02920654    0.00068182 
angle (deg.)     :    12.0075  32.6552  20.5126  12.1215  26.7365  15.3170  46.5547 
>
iteration       : 62
climbing        : no
zoom on         : no
nim             : 9
barrier         :   0.02684968 (image:  4) 
distance        :   0.00000000    7.43729364   10.95809573   13.18171015   15.24478997   17.16349655   19.04638102   21.09908581   36.69801165 
energy          : -1977.86838856  -1977.86262773  -1977.85406661  -1977.84292123  -1977.84153888  -1977.84264919  -1977.84513880  -1977.87313649  -1977.92730488 
max(|Fr_perp|)   :   0.00000000    0.00110736    0.00369647    0.00455844    0.00125560    0.00275755    0.00229896    0.00386934    0.00000000 
Fr_paral         :   0.00000000   -0.00201475   -0.00432412   -0.00255799    0.00050801    0.00054268    0.00428730    0.01912643    0.00000000 
max(|Fsp_paral|) :   0.00000000    0.00337015    0.00211997    0.00144930    0.00342009    0.00258309    0.00027864    0.00944443    0.00000000 
max(|Fsp_perp|)  :   0.00000000    0.00000000    0.00000000    0.00000000    0.00000000    0.00000000    0.00000000    0.00000000    0.00000000 
max(|FNEB|)      :   0.00000000    0.00334968    0.00407271    0.00428164    0.00376726    0.00308319    0.00214806    0.00733296    0.00000000 
max(|Force|)     :   0.00004585    0.00114349    0.00372427    0.00443530    0.00126545    0.00274087    0.00313467    0.01026884    0.00025123 
ksp              :   0.02931027    0.05800709    0.09536634    0.10000000    0.10000000    0.09627824    0.08793307    0.01000000 
max(|step|)      :   0.00000000    0.00741398    0.01670585    0.01495962    0.01304696    0.02147120    0.03034003    0.03257674    0.00050386 
angle (deg.)     :    11.9435  33.1616  20.4254  12.9057  26.0325  15.8229  47.9014 
>
iteration       : 63
climbing        : no
zoom on         : no
nim             : 9
barrier         :   0.02695958 (image:  4) 
distance        :   0.00000000    7.42472322   10.92919888   13.17169688   15.24166904   17.10794976   18.96172975   21.01950907   36.73333943 
energy          : -1977.86838856  -1977.86272318  -1977.85441656  -1977.84301456  -1977.84142897  -1977.84262950  -1977.84491649  -1977.87220310  -1977.92730488 
max(|Fr_perp|)   :   0.00000000    0.00570710    0.00146700    0.00999399    0.01268983    0.00755786    0.00488338    0.00376984    0.00000000 
Fr_paral         :   0.00000000   -0.00194596   -0.00427000   -0.00277029    0.00064861    0.00040357    0.00364611    0.01971522    0.00000000 
max(|Fsp_paral|) :   0.00000000    0.00396398    0.00369582    0.00139671    0.00480351    0.00211324    0.00136580    0.00965504    0.00000000 
max(|Fsp_perp|)  :   0.00000000    0.00000000    0.00000000    0.00000000    0.00000000    0.00000000    0.00000000    0.00000000    0.00000000 
max(|FNEB|)      :   0.00000000    0.00637800    0.00516283    0.00975229    0.01183327    0.00789783    0.00478378    0.00745643    0.00000000 
max(|Force|)     :   0.00004585    0.00578786    0.00201431    0.00986959    0.01271711    0.00754205    0.00478958    0.01027510    0.00025123 
ksp              :   0.02891292    0.05664315    0.09470679    0.10000000    0.10000000    0.09599225    0.08835751    0.01000000 
max(|step|)      :   0.00000000    0.02619417    0.04215059    0.04580648    0.03501597    0.06263056    0.08103958    0.10000000    0.00251177 
angle (deg.)     :    11.9993  34.3861  20.5271  15.2505  23.9151  19.0905  51.9628 
>
iteration       : 64
climbing        : no
zoom on         : no
nim             : 9
barrier         :   0.02691410 (image:  4) 
distance        :   0.00000000    7.36670081   10.87535811   13.13624478   15.20151436   16.95180107   18.74119673   20.78213584   36.84805879 
energy          : -1977.86838856  -1977.86310543  -1977.85517169  -1977.84324250  -1977.84147445  -1977.84260745  -1977.84461069  -1977.86906251  -1977.92730488 
max(|Fr_perp|)   :   0.00000000    0.00843054    0.00561499    0.02047043    0.01457062    0.01277443    0.00442861    0.00317669    0.00000000 
Fr_paral         :   0.00000000   -0.00181843   -0.00406510   -0.00308971    0.00080612    0.00022677    0.00232944    0.02107873    0.00000000 
max(|Fsp_paral|) :   0.00000000    0.00336727    0.00570007    0.00176142    0.00730606    0.00070144    0.00353936    0.00894295    0.00000000 
max(|Fsp_perp|)  :   0.00000000    0.00000000    0.00000000    0.00000000    0.00000000    0.00000000    0.00000000    0.00000000    0.00000000 
max(|FNEB|)      :   0.00000000    0.00919440    0.00620995    0.02048870    0.01373742    0.01315540    0.00488273    0.00659693    0.00000000 
max(|Force|)     :   0.00004585    0.00867956    0.00570000    0.02064212    0.01485884    0.01302017    0.00445501    0.01094958    0.00025123 
ksp              :   0.02767369    0.05418634    0.09411047    0.10000000    0.10000000    0.09620731    0.08949615    0.01000000 
max(|step|)      :   0.00000000    0.01490879    0.01006947    0.03322258    0.02227533    0.02133158    0.00791738    0.01069698    0.00000000 
angle (deg.)     :    12.2221  34.0048  20.4197  15.4739  23.8844  19.5229  52.3202 
>
iteration       : 65
climbing        : no
zoom on         : no
nim             : 9
barrier         :   0.02689419 (image:  4) 
distance        :   0.00000000    7.34560130   10.90829290   13.12210238   15.14716612   16.94486767   18.75449036   20.74416138   36.84436560 
energy          : -1977.86838856  -1977.86316392  -1977.85504998  -1977.84338206  -1977.84149437  -1977.84261027  -1977.84469275  -1977.86849283  -1977.92730488 
max(|Fr_perp|)   :   0.00000000    0.00905010    0.00694330    0.01795979    0.01456956    0.01262582    0.00406279    0.00282620    0.00000000 
Fr_paral         :   0.00000000   -0.00180385   -0.00422523   -0.00317465    0.00075031    0.00030048    0.00242037    0.02127126    0.00000000 
max(|Fsp_paral|) :   0.00000000    0.00177381    0.00320161    0.00139568    0.00529029    0.00134410    0.00117415    0.00681675    0.00000000 
max(|Fsp_perp|)  :   0.00000000    0.00000000    0.00000000    0.00000000    0.00000000    0.00000000    0.00000000    0.00000000    0.00000000 
max(|FNEB|)      :   0.00000000    0.00873179    0.00708751    0.01817400    0.01522925    0.01252151    0.00408577    0.00492366    0.00000000 
max(|Force|)     :   0.00004585    0.00897071    0.00689548    0.01809886    0.01454779    0.01263145    0.00407884    0.01127187    0.00025123 
ksp              :   0.02748398    0.05463685    0.09368293    0.10000000    0.10000000    0.09626572    0.08929678    0.01000000 
max(|step|)      :   0.00000000    0.00385047    0.00632148    0.00520305    0.00943308    0.00398904    0.00499732    0.00771272    0.00005428 
angle (deg.)     :    12.3730  33.7477  20.3327  15.6522  23.8304  19.8887  52.6410 
>
iteration       : 66
climbing        : no
zoom on         : no
nim             : 9
barrier         :   0.02678985 (image:  4) 
distance        :   0.00000000    7.33234353   10.93064172   13.11215220   15.10757555   16.93746718   18.76126832   20.71568332   36.84378563 
energy          : -1977.86838856  -1977.86326482  -1977.85500216  -1977.84363456  -1977.84159871  -1977.84271693  -1977.84475162  -1977.86807075  -1977.92730488 
max(|Fr_perp|)   :   0.00000000    0.00552529    0.00401803    0.01055344    0.00877216    0.00760142    0.00277622    0.00261836    0.00000000 
Fr_paral         :   0.00000000   -0.00181779   -0.00446031   -0.00326291    0.00055831    0.00051413    0.00251155    0.02135286    0.00000000 
max(|Fsp_paral|) :   0.00000000    0.00042458    0.00135921    0.00106248    0.00385391    0.00179982    0.00026703    0.00154315    0.00000000 
max(|Fsp_perp|)  :   0.00000000    0.00000000    0.00000000    0.00000000    0.00000000    0.00000000    0.00000000    0.00000000    0.00000000 
max(|FNEB|)      :   0.00000000    0.00544962    0.00406004    0.01071501    0.00929748    0.00742190    0.00276872    0.00415975    0.00000000 
max(|Force|)     :   0.00004585    0.00544590    0.00398351    0.01069636    0.00875445    0.00761380    0.00280007    0.01137963    0.00025123 
ksp              :   0.02721311    0.05497133    0.09316059    0.10000000    0.10000000    0.09624335    0.08940786    0.01106765 
max(|step|)      :   0.00000000    0.00648679    0.01017987    0.01046548    0.01863972    0.00879216    0.00694609    0.00964179    0.00022603 
angle (deg.)     :    12.6062  33.3597  20.1653  16.1942  23.6552  20.7722  53.5753 
>
iteration       : 67
climbing        : no
zoom on         : no
nim             : 9
barrier         :   0.02674151 (image:  4) 
distance        :   0.00000000    7.31854720   10.96523807   13.09610937   15.03502704   16.91579262   18.76647616   20.71338349   36.87238989 
energy          : -1977.86838856  -1977.86337047  -1977.85492454  -1977.84384871  -1977.84164705  -1977.84278268  -1977.84483679  -1977.86837107  -1977.92730488 
max(|Fr_perp|)   :   0.00000000    0.00187265    0.00123783    0.00357026    0.00279955    0.00366893    0.00147126    0.00243956    0.00000000 
Fr_paral         :   0.00000000   -0.00183361   -0.00468662   -0.00339408    0.00042944    0.00060526    0.00257631    0.02090639    0.00000000 
max(|Fsp_paral|) :   0.00000000    0.00120553    0.00109708    0.00100239    0.00135139    0.00242618    0.00141932    0.00465698    0.00000000 
max(|Fsp_perp|)  :   0.00000000    0.00000000    0.00000000    0.00000000    0.00000000    0.00000000    0.00000000    0.00000000    0.00000000 
max(|FNEB|)      :   0.00000000    0.00224431    0.00169625    0.00342154    0.00292443    0.00401904    0.00149061    0.00383193    0.00000000 
max(|Force|)     :   0.00004585    0.00192151    0.00174940    0.00342206    0.00281594    0.00364791    0.00218158    0.01109435    0.00025123 
ksp              :   0.02688864    0.05531387    0.09259020    0.10000000    0.10000000    0.09617797    0.08926473    0.01005884 
max(|step|)      :   0.00000000    0.00546738    0.00954472    0.01283269    0.02084407    0.01162552    0.00774152    0.01687248    0.00038219 
angle (deg.)     :    12.8233  33.0254  20.0610  17.0213  23.3576  22.0088  54.7209 
>
iteration       : 68
climbing        : no
zoom on         : no
nim             : 9
barrier         :   0.02674954 (image:  4) 
distance        :   0.00000000    7.31240423   10.99696942   13.07853826   14.96003497   16.88494384   18.76999444   20.68807572   36.90412200 
energy          : -1977.86838856  -1977.86345301  -1977.85487633  -1977.84398014  -1977.84163902  -1977.84280267  -1977.84492153  -1977.86819590  -1977.92730488 
max(|Fr_perp|)   :   0.00000000    0.00258010    0.00209418    0.00585907    0.00436050    0.00437989    0.00163524    0.00222520    0.00000000 
Fr_paral         :   0.00000000   -0.00183503   -0.00480277   -0.00352479    0.00039676    0.00059956    0.00258207    0.02078655    0.00000000 
max(|Fsp_paral|) :   0.00000000    0.00239524    0.00309342    0.00109284    0.00100496    0.00272701    0.00352468    0.00085707    0.00000000 
max(|Fsp_perp|)  :   0.00000000    0.00000000    0.00000000    0.00000000    0.00000000    0.00000000    0.00000000    0.00000000    0.00000000 
max(|FNEB|)      :   0.00000000    0.00318446    0.00357791    0.00570584    0.00452820    0.00479163    0.00291160    0.00301998    0.00000000 
max(|Force|)     :   0.00004585    0.00265863    0.00206587    0.00570951    0.00437583    0.00435817    0.00234400    0.01068270    0.00025123 
ksp              :   0.02660587    0.05546249    0.09212321    0.10000000    0.10000000    0.09608485    0.08895584    0.01064822 
max(|step|)      :   0.00000000    0.00837551    0.00770991    0.01827015    0.01689268    0.01797960    0.01061800    0.01890478    0.00038305 
angle (deg.)     :    12.8567  33.0119  20.1837  18.0820  22.8288  23.4032  56.0635 
>
iteration       : 69
climbing        : no
zoom on         : no
nim             : 9
barrier         :   0.02672067 (image:  4) 
distance        :   0.00000000    7.33165832   11.00162129   13.06139956   14.92130451   16.84182367   18.75052920   20.68271487   36.96064124 
energy          : -1977.86838856  -1977.86351781  -1977.85503839  -1977.84422060  -1977.84166788  -1977.84282682  -1977.84495675  -1977.86840862  -1977.92730488 
max(|Fr_perp|)   :   0.00000000    0.00259380    0.00179187    0.00460727    0.00399047    0.00478113    0.00153513    0.00206875    0.00000000 
Fr_paral         :   0.00000000   -0.00182162   -0.00481011   -0.00371157    0.00037071    0.00061432    0.00247931    0.02051312    0.00000000 
max(|Fsp_paral|) :   0.00000000    0.00198525    0.00323891    0.00071112    0.00139723    0.00206425    0.00386381    0.00382087    0.00000000 
max(|Fsp_perp|)  :   0.00000000    0.00000000    0.00000000    0.00000000    0.00000000    0.00000000    0.00000000    0.00000000    0.00000000 
max(|FNEB|)      :   0.00000000    0.00310271    0.00360682    0.00451534    0.00422252    0.00509866    0.00323498    0.00308728    0.00000000 
max(|Force|)     :   0.00004585    0.00267204    0.00193791    0.00445745    0.00400467    0.00475853    0.00221241    0.01005084    0.00025123 
ksp              :   0.02640555    0.05496576    0.09140199    0.10000000    0.10000000    0.09609650    0.08892250    0.01000000 
max(|step|)      :   0.00000000    0.04231432    0.04103531    0.09083528    0.08239799    0.09027834    0.05520132    0.10000000    0.00389934 
angle (deg.)     :    12.9932  33.4031  23.2600  24.0689  20.5602  30.6454  62.3986 
>
iteration       : 70
climbing        : no
zoom on         : no
nim             : 9
barrier         :   0.02657014 (image:  4) 
distance        :   0.00000000    7.42972598   11.01782625   12.99104616   14.76909383   16.66194467   18.67743799   20.67553550   37.28143966 
energy          : -1977.86838856  -1977.86383662  -1977.85586829  -1977.84544078  -1977.84181842  -1977.84296496  -1977.84509285  -1977.86860098  -1977.92730488 
max(|Fr_perp|)   :   0.00000000    0.00131606    0.00226619    0.00222261    0.00141172    0.00310126    0.00123689    0.00230903    0.00000000 
Fr_paral         :   0.00000000   -0.00174386   -0.00475693   -0.00442978    0.00023028    0.00071332    0.00196508    0.01896520    0.00000000 
max(|Fsp_paral|) :   0.00000000    0.00019522    0.00358610    0.00167870    0.00276757    0.00103394    0.00512208    0.00508175    0.00000000 
max(|Fsp_perp|)  :   0.00000000    0.00000000    0.00000000    0.00000000    0.00000000    0.00000000    0.00000000    0.00000000    0.00000000 
max(|FNEB|)      :   0.00000000    0.00130004    0.00418335    0.00232974    0.00365808    0.00305320    0.00448921    0.00741203    0.00000000 
max(|Force|)     :   0.00004585    0.00122629    0.00268381    0.00251664    0.00145759    0.00319375    0.00156824    0.00870712    0.00025123 
ksp              :   0.02542054    0.05241924    0.08773014    0.10000000    0.10000000    0.09611804    0.08890527    0.01000000 
max(|step|)      :   0.00000000    0.00773162    0.02487933    0.01385548    0.02175544    0.01815809    0.02669837    0.04408104    0.00000000 
angle (deg.)     :    12.7004  34.0128  22.9172  24.3978  20.8693  29.3815  61.4979 
>
iteration       : 71
climbing        : no
zoom on         : no
nim             : 9
barrier         :   0.02662344 (image:  4) 
distance        :   0.00000000    7.42900919   10.95626660   13.04222553   14.85948789   16.71189669   18.60551717   20.61680917   37.27164074 
energy          : -1977.86838856  -1977.86382096  -1977.85638001  -1977.84523636  -1977.84176512  -1977.84273924  -1977.84496268  -1977.86733054  -1977.92730488 
max(|Fr_perp|)   :   0.00000000    0.00914732    0.00262729    0.00822727    0.00914756    0.01751285    0.00340193    0.00731158    0.00000000 
Fr_paral         :   0.00000000   -0.00160200   -0.00475204   -0.00482043    0.00050343    0.00030148    0.00170582    0.02058630    0.00000000 
max(|Fsp_paral|) :   0.00000000    0.00258389    0.00135577    0.00086212    0.00083961    0.00049658    0.00120159    0.01996150    0.00000000 
max(|Fsp_perp|)  :   0.00000000    0.00000000    0.00000000    0.00000000    0.00000000    0.00000000    0.00000000    0.00000000    0.00000000 
max(|FNEB|)      :   0.00000000    0.00864674    0.00278857    0.00860111    0.00905711    0.01746481    0.00341750    0.02194237    0.00000000 
max(|Force|)     :   0.00004585    0.00907123    0.00329454    0.00898065    0.00913460    0.01751970    0.00339483    0.01077508    0.00025123 
ksp              :   0.02544067    0.05059465    0.08826552    0.10000000    0.10000000    0.09670699    0.08919069    0.01357662 
max(|step|)      :   0.00000000    0.00761939    0.00274983    0.00777436    0.00808670    0.01560581    0.00301405    0.02029276    0.00015477 
angle (deg.)     :    12.7641  33.9313  23.0105  24.4273  20.7823  29.4613  61.6999 
>
iteration       : 72
climbing        : no
zoom on         : no
nim             : 9
barrier         :   0.02651906 (image:  4) 
distance        :   0.00000000    7.42062536   10.96433869   13.03986486   14.86082645   16.71022906   18.60599560   20.65958480   37.29726203 
energy          : -1977.86838856  -1977.86393819  -1977.85636598  -1977.84544193  -1977.84186950  -1977.84304177  -1977.84499022  -1977.86830051  -1977.92730488 
max(|Fr_perp|)   :   0.00000000    0.00085920    0.00079252    0.00113309    0.00105984    0.00096869    0.00118117    0.00129794    0.00000000 
Fr_paral         :   0.00000000   -0.00166202   -0.00470374   -0.00475543    0.00030579    0.00071899    0.00179047    0.01969988    0.00000000 
max(|Fsp_paral|) :   0.00000000    0.00153339    0.00056497    0.00010565    0.00069442    0.00068235    0.00050623    0.00524970    0.00000000 
max(|Fsp_perp|)  :   0.00000000    0.00000000    0.00000000    0.00000000    0.00000000    0.00000000    0.00000000    0.00000000    0.00000000 
max(|FNEB|)      :   0.00000000    0.00171358    0.00108401    0.00111694    0.00144832    0.00134932    0.00151234    0.00468592    0.00000000 
max(|Force|)     :   0.00004585    0.00090943    0.00175243    0.00272205    0.00100824    0.00111321    0.00155770    0.00961085    0.00025123 
ksp              :   0.02510358    0.05080204    0.08787592    0.10000000    0.10000000    0.09602155    0.08940895    0.01029881 
max(|step|)      :   0.00000000    0.00171495    0.00173702    0.00126049    0.00263837    0.00113046    0.00186899    0.00336907    0.00007441 
angle (deg.)     :    12.7836  33.9345  23.0361  24.5325  20.7738  29.4826  61.6989 
>
iteration       : 73
climbing        : no
zoom on         : no
nim             : 9
barrier         :   0.02650977 (image:  4) 
distance        :   0.00000000    7.41554550   10.96397689   13.04432267   14.87091805   16.71314654   18.60347937   20.65389163   37.29944468 
energy          : -1977.86838856  -1977.86396126  -1977.85639801  -1977.84545541  -1977.84187879  -1977.84305071  -1977.84499351  -1977.86817511  -1977.92730488 
max(|Fr_perp|)   :   0.00000000    0.00087026    0.00079790    0.00101701    0.00090233    0.00127856    0.00110015    0.00123879    0.00000000 
Fr_paral         :   0.00000000   -0.00165038   -0.00469331   -0.00475254    0.00031450    0.00071688    0.00177694    0.01985271    0.00000000 
max(|Fsp_paral|) :   0.00000000    0.00139296    0.00067922    0.00004135    0.00038223    0.00063630    0.00059369    0.00207101    0.00000000 
max(|Fsp_perp|)  :   0.00000000    0.00000000    0.00000000    0.00000000    0.00000000    0.00000000    0.00000000    0.00000000    0.00000000 
max(|FNEB|)      :   0.00000000    0.00160295    0.00115417    0.00105231    0.00111080    0.00137460    0.00148898    0.00189780    0.00000000 
max(|Force|)     :   0.00004585    0.00092004    0.00167622    0.00272979    0.00087909    0.00125316    0.00147422    0.00967809    0.00025123 
ksp              :   0.02503055    0.05070761    0.08785745    0.10000000    0.10000000    0.09602135    0.08942560    0.01072466 
max(|step|)      :   0.00000000    0.00738037    0.00482119    0.00526141    0.00870938    0.00487930    0.00602298    0.00808569    0.00045879 
angle (deg.)     :    12.9180  33.8523  23.1853  25.0519  20.6995  29.7934  61.8939 
>
iteration       : 74
climbing        : no
zoom on         : no
nim             : 9
barrier         :   0.02647963 (image:  4) 
distance        :   0.00000000    7.39359939   10.97155401   13.05998120   14.90301655   16.72094098   18.60318210   20.64923493   37.32000988 
energy          : -1977.86838856  -1977.86405759  -1977.85648100  -1977.84551419  -1977.84190893  -1977.84308665  -1977.84502437  -1977.86800269  -1977.92730488 
max(|Fr_perp|)   :   0.00000000    0.00114067    0.00079927    0.00102749    0.00103540    0.00124440    0.00105166    0.00124455    0.00000000 
Fr_paral         :   0.00000000   -0.00162053   -0.00468462   -0.00477281    0.00035011    0.00072599    0.00173695    0.02010947    0.00000000 
max(|Fsp_paral|) :   0.00000000    0.00053573    0.00063491    0.00038376    0.00061826    0.00025846    0.00072272    0.00240652    0.00000000 
max(|Fsp_perp|)  :   0.00000000    0.00000000    0.00000000    0.00000000    0.00000000    0.00000000    0.00000000    0.00000000    0.00000000 
max(|FNEB|)      :   0.00000000    0.00104164    0.00111635    0.00100283    0.00124979    0.00129707    0.00154276    0.00326570    0.00000000 
max(|Force|)     :   0.00004585    0.00106724    0.00167000    0.00270893    0.00102378    0.00120972    0.00137909    0.00945212    0.00025123 
ksp              :   0.02472026    0.05047189    0.08774632    0.10000000    0.10000000    0.09599714    0.08941112    0.01131151 
max(|step|)      :   0.00000000    0.01044900    0.00694172    0.00866127    0.00958606    0.00778342    0.00874451    0.01197339    0.00072024 
angle (deg.)     :    13.1494  33.6594  23.4633  26.0242  20.6090  30.4747  62.4030 
>
iteration       : 75
climbing        : no
zoom on         : no
nim             : 9
barrier         :   0.02643442 (image:  4) 
distance        :   0.00000000    7.36726132   10.99055051   13.08574949   14.93687404   16.73439937   18.61581783   20.65500372   37.36222063 
energy          : -1977.86838856  -1977.86419627  -1977.85657842  -1977.84559801  -1977.84195414  -1977.84314551  -1977.84509392  -1977.86794707  -1977.92730488 
max(|Fr_perp|)   :   0.00000000    0.00086653    0.00083028    0.00099344    0.00099734    0.00190390    0.00102882    0.00139484    0.00000000 
Fr_paral         :   0.00000000   -0.00158442   -0.00468179   -0.00485891    0.00038329    0.00072322    0.00171061    0.02028044    0.00000000 
max(|Fsp_paral|) :   0.00000000    0.00075841    0.00038054    0.00058834    0.00133634    0.00017710    0.00051702    0.00429797    0.00000000 
max(|Fsp_perp|)  :   0.00000000    0.00000000    0.00000000    0.00000000    0.00000000    0.00000000    0.00000000    0.00000000    0.00000000 
max(|FNEB|)      :   0.00000000    0.00112165    0.00095403    0.00107418    0.00178999    0.00187813    0.00128460    0.00484273    0.00000000 
max(|Force|)     :   0.00004585    0.00091440    0.00153261    0.00266560    0.00098314    0.00187931    0.00131691    0.00920494    0.00025123 
ksp              :   0.02427329    0.05020942    0.08759390    0.10000000    0.10000000    0.09594379    0.08931015    0.01150311 
max(|step|)      :   0.00000000    0.02491286    0.02093398    0.02616959    0.02236224    0.02272747    0.02586297    0.03399036    0.00237202 
angle (deg.)     :    13.7751  33.1609  24.7759  29.1337  20.5379  32.4631  64.0886 
>
iteration       : 76
climbing        : no
zoom on         : no
nim             : 9
barrier         :   0.02635187 (image:  4) 
distance        :   0.00000000    7.32483476   11.04769092   13.16640887   15.01984282   16.79255678   18.66669100   20.70284262   37.51109284 
energy          : -1977.86838856  -1977.86448820  -1977.85685740  -1977.84579961  -1977.84203669  -1977.84320741  -1977.84529126  -1977.86813258  -1977.92730488 
max(|Fr_perp|)   :   0.00000000    0.00675728    0.00134853    0.00323680    0.00601526    0.01107069    0.00217551    0.00351606    0.00000000 
Fr_paral         :   0.00000000   -0.00146230   -0.00461865   -0.00511694    0.00054924    0.00057349    0.00165550    0.01993331    0.00000000 
max(|Fsp_paral|) :   0.00000000    0.00318477    0.00018871    0.00027287    0.00206911    0.00061233    0.00034335    0.00076858    0.00000000 
max(|Fsp_perp|)  :   0.00000000    0.00000000    0.00000000    0.00000000    0.00000000    0.00000000    0.00000000    0.00000000    0.00000000 
max(|FNEB|)      :   0.00000000    0.00735584    0.00129652    0.00320151    0.00620948    0.01113146    0.00217089    0.00343415    0.00000000 
max(|Force|)     :   0.00004585    0.00669006    0.00212384    0.00349455    0.00600205    0.01108385    0.00216831    0.00877401    0.00025123 
ksp              :   0.02332096    0.04938256    0.08714841    0.10000000    0.10000000    0.09600161    0.08888460    0.01087424 
max(|step|)      :   0.00000000    0.03294985    0.02812147    0.03505772    0.03227887    0.03190389    0.03551007    0.04618137    0.00332297 
angle (deg.)     :    14.6026  32.5817  27.5694  33.4108  20.5850  35.2121  66.4489 
>
iteration       : 77
climbing        : no
zoom on         : no
nim             : 9
barrier         :   0.02617135 (image:  4) 
distance        :   0.00000000    7.29501868   11.12863534   13.27647690   15.13080545   16.89141661   18.75868273   20.78407122   37.73103072 
energy          : -1977.86838856  -1977.86489892  -1977.85721309  -1977.84612785  -1977.84221720  -1977.84354532  -1977.84555221  -1977.86826233  -1977.92730488 
max(|Fr_perp|)   :   0.00000000    0.00267555    0.00093186    0.00156367    0.00238884    0.00498183    0.00159806    0.00292911    0.00000000 
Fr_paral         :   0.00000000   -0.00137566   -0.00455824   -0.00556580    0.00058545    0.00074292    0.00164646    0.01970372    0.00000000 
max(|Fsp_paral|) :   0.00000000    0.00614102    0.00005488    0.00019239    0.00255088    0.00048636    0.00036398    0.00108447    0.00000000 
max(|Fsp_perp|)  :   0.00000000    0.00000000    0.00000000    0.00000000    0.00000000    0.00000000    0.00000000    0.00000000    0.00000000 
max(|FNEB|)      :   0.00000000    0.00644749    0.00094000    0.00158588    0.00260782    0.00503451    0.00159423    0.00294030    0.00000000 
max(|Force|)     :   0.00004585    0.00261443    0.00171666    0.00226323    0.00237516    0.00500015    0.00159239    0.00889514    0.00025123 
ksp              :   0.02200043    0.04843103    0.08655178    0.10000000    0.10000000    0.09543278    0.08853132    0.01043409 
max(|step|)      :   0.00000000    0.05899144    0.05467425    0.06429722    0.06147915    0.05840090    0.06618495    0.08477061    0.00617175 
angle (deg.)     :    16.1144  31.7076  35.1465  41.5171  21.0743  40.7194  71.1588 
>
iteration       : 78
climbing        : no
zoom on         : no
nim             : 9
barrier         :   0.02592518 (image:  4) 
distance        :   0.00000000    7.32414200   11.29793334   13.47936918   15.35427049   17.12150251   19.00705082   21.00762265   38.21130809 
energy          : -1977.86838856  -1977.86538437  -1977.85775245  -1977.84666290  -1977.84246338  -1977.84395019  -1977.84599396  -1977.86831920  -1977.92730488 
max(|Fr_perp|)   :   0.00000000    0.00073407    0.00152163    0.00566590    0.00208207    0.00698841    0.00187836    0.00405594    0.00000000 
Fr_paral         :   0.00000000   -0.00120812   -0.00448150   -0.00590533    0.00071878    0.00074434    0.00159064    0.01913664    0.00000000 
max(|Fsp_paral|) :   0.00000000    0.00893924    0.00002868    0.00051221    0.00320603    0.00047491    0.00109648    0.00028937    0.00000000 
max(|Fsp_perp|)  :   0.00000000    0.00000000    0.00000000    0.00000000    0.00000000    0.00000000    0.00000000    0.00000000    0.00000000 
max(|FNEB|)      :   0.00000000    0.00930105    0.00152046    0.00567293    0.00313714    0.00693373    0.00192908    0.00404071    0.00000000 
max(|Force|)     :   0.00004585    0.00086909    0.00190880    0.00562977    0.00205586    0.00696903    0.00185380    0.00915328    0.00025123 
ksp              :   0.02042914    0.04692356    0.08542125    0.10000000    0.10000000    0.09483849    0.08774350    0.01024077 
max(|step|)      :   0.00000000    0.06887977    0.06708291    0.07711199    0.07652417    0.07229028    0.08150577    0.10000000    0.00758041 
angle (deg.)     :    17.8738  31.2020  45.6497  50.8621  22.3776  47.1215  76.8345 
>
iteration       : 79
climbing        : no
zoom on         : no
nim             : 9
barrier         :   0.02575328 (image:  4) 
distance        :   0.00000000    7.43128435   11.51394094   13.73925945   15.68542333   17.48859611   19.39618677   21.40293464   38.91091288 
energy          : -1977.86838856  -1977.86563811  -1977.85833169  -1977.84733906  -1977.84263527  -1977.84433284  -1977.84638508  -1977.86836099  -1977.92730488 
max(|Fr_perp|)   :   0.00000000    0.01001294    0.00192816    0.00436894    0.00872899    0.01167068    0.00158475    0.00194931    0.00000000 
Fr_paral         :   0.00000000   -0.00096701   -0.00436568   -0.00621259    0.00101311    0.00056205    0.00146181    0.01788265    0.00000000 
max(|Fsp_paral|) :   0.00000000    0.00925911    0.00038325    0.00404534    0.00463725    0.00021303    0.00172880    0.00115903    0.00000000 
max(|Fsp_perp|)  :   0.00000000    0.00000000    0.00000000    0.00000000    0.00000000    0.00000000    0.00000000    0.00000000    0.00000000 
max(|FNEB|)      :   0.00000000    0.01066690    0.00196653    0.00542216    0.00918123    0.01197472    0.00181212    0.00243782    0.00000000 
max(|Force|)     :   0.00004585    0.01030543    0.00219702    0.00459035    0.00887587    0.01193610    0.00160497    0.00901394    0.00025123 
ksp              :   0.01962696    0.04514205    0.08355237    0.10000000    0.10000000    0.09407569    0.08688571    0.01010259 
max(|step|)      :   0.00000000    0.02407248    0.00443796    0.01223642    0.02071968    0.02702388    0.00408950    0.00550153    0.00000000 
angle (deg.)     :    17.6973  31.5418  45.6218  51.2678  22.5390  46.5599  76.4879 
>
iteration       : 80
climbing        : no
zoom on         : no
nim             : 9
barrier         :   0.02592313 (image:  4) 
distance        :   0.00000000    7.51461311   11.51680668   13.75162042   15.65316457   17.48733081   19.38421849   21.40145393   38.90385014 
energy          : -1977.86838856  -1977.86531340  -1977.85836139  -1977.84721882  -1977.84246543  -1977.84409367  -1977.84639726  -1977.86852518  -1977.92730488 
max(|Fr_perp|)   :   0.00000000    0.01784412    0.00186164    0.00809175    0.01736410    0.01896605    0.00238620    0.00303856    0.00000000 
Fr_paral         :   0.00000000   -0.00084582   -0.00443584   -0.00655391    0.00132396    0.00019626    0.00152342    0.01763878    0.00000000 
max(|Fsp_paral|) :   0.00000000    0.00578085    0.00165865    0.00165990    0.00216849    0.00106346    0.00162381    0.00038626    0.00000000 
max(|Fsp_perp|)  :   0.00000000    0.00000000    0.00000000    0.00000000    0.00000000    0.00000000    0.00000000    0.00000000    0.00000000 
max(|FNEB|)      :   0.00000000    0.01895363    0.00205130    0.00814352    0.01734532    0.01895857    0.00246260    0.00302025    0.00000000 
max(|Force|)     :   0.00004585    0.01780498    0.00179346    0.00799628    0.01736779    0.01896638    0.00236184    0.00872985    0.00025123 
ksp              :   0.02067635    0.04481235    0.08349715    0.10000000    0.10000000    0.09434705    0.08634944    0.01000000 
max(|step|)      :   0.00000000    0.01468345    0.00297072    0.00728652    0.00869875    0.00738483    0.00262072    0.00300838    0.00011525 
angle (deg.)     :    17.6093  31.7416  45.6247  51.4934  22.5135  46.1377  76.2054 
>
iteration       : 81
climbing        : no
zoom on         : no
nim             : 9
barrier         :   0.02573030 (image:  4) 
distance        :   0.00000000    7.56981633   11.52433347   13.75855326   15.63383211   17.48305714   19.37416320   21.39851351   38.89685762 
energy          : -1977.86838856  -1977.86553548  -1977.85835457  -1977.84720818  -1977.84265826  -1977.84436342  -1977.84640394  -1977.86861932  -1977.92730488 
max(|Fr_perp|)   :   0.00000000    0.00900493    0.00109335    0.00392347    0.00787621    0.01027141    0.00140856    0.00176430    0.00000000 
Fr_paral         :   0.00000000   -0.00103332   -0.00447102   -0.00660563    0.00094042    0.00070065    0.00158872    0.01757165    0.00000000 
max(|Fsp_paral|) :   0.00000000    0.00653324    0.00217547    0.00015707    0.00085333    0.00169769    0.00065123    0.00042873    0.00000000 
max(|Fsp_perp|)  :   0.00000000    0.00000000    0.00000000    0.00000000    0.00000000    0.00000000    0.00000000    0.00000000    0.00000000 
max(|FNEB|)      :   0.00000000    0.01020256    0.00212259    0.00391761    0.00788370    0.01019866    0.00144382    0.00178293    0.00000000 
max(|Force|)     :   0.00004585    0.00895926    0.00174608    0.00380869    0.00787351    0.01027860    0.00148061    0.00852477    0.00025123 
ksp              :   0.01997955    0.04509709    0.08408521    0.10000000    0.10000000    0.09403567    0.08689829    0.01000000 
max(|step|)      :   0.00000000    0.10000000    0.01877235    0.04368370    0.04110803    0.02823984    0.01592098    0.01816399    0.00133620 
angle (deg.)     :    17.1865  33.0297  45.9691  53.4004  22.9011  43.6675  74.4765 
>
iteration       : 82
climbing        : no
zoom on         : no
nim             : 9
barrier         :   0.02606307 (image:  4) 
distance        :   0.00000000    7.94689568   11.57974994   13.80213807   15.52241892   17.45948362   19.32656457   21.39245494   38.86518578 
energy          : -1977.86838856  -1977.86466436  -1977.85812748  -1977.84668454  -1977.84232549  -1977.84409309  -1977.84633652  -1977.86894847  -1977.92730488 
max(|Fr_perp|)   :   0.00000000    0.02275862    0.00386689    0.00871397    0.01863021    0.02135853    0.00241174    0.00354516    0.00000000 
Fr_paral         :   0.00000000   -0.00096198   -0.00470689   -0.00700932    0.00117351    0.00006312    0.00170212    0.01695852    0.00000000 
max(|Fsp_paral|) :   0.00000000    0.00412524    0.00542217    0.00763647    0.00718447    0.00458032    0.00085589    0.00146324    0.00000000 
max(|Fsp_perp|)  :   0.00000000    0.00000000    0.00000000    0.00000000    0.00000000    0.00000000    0.00000000    0.00000000    0.00000000 
max(|FNEB|)      :   0.00000000    0.02380632    0.00587664    0.00938023    0.01937510    0.02242951    0.00219046    0.00369854    0.00000000 
max(|Force|)     :   0.00004585    0.02321073    0.00468092    0.00905417    0.01893650    0.02174413    0.00226947    0.00926725    0.00025123 
ksp              :   0.02292058    0.04541579    0.08493203    0.10000000    0.10000000    0.09390991    0.08611899    0.01000000 
max(|step|)      :   0.00000000    0.02634985    0.00650451    0.01038244    0.02144518    0.02482593    0.00242449    0.00409370    0.00000000 
angle (deg.)     :    17.3802  32.6638  45.9730  53.0701  22.4757  43.7685  74.4261 
>
iteration       : 83
climbing        : no
zoom on         : no
nim             : 9
barrier         :   0.02572809 (image:  4) 
distance        :   0.00000000    7.92883557   11.60472419   13.78850868   15.54599302   17.44067112   19.32825069   21.38811005   38.86075080 
energy          : -1977.86838856  -1977.86512646  -1977.85806028  -1977.84694000  -1977.84266047  -1977.84442346  -1977.84637906  -1977.86896643  -1977.92730488 
max(|Fr_perp|)   :   0.00000000    0.00957495    0.00292149    0.00293388    0.00644731    0.00876785    0.00156515    0.00168545    0.00000000 
Fr_paral         :   0.00000000   -0.00118539   -0.00471419   -0.00673626    0.00079669    0.00083246    0.00171065    0.01719263    0.00000000 
max(|Fsp_paral|) :   0.00000000    0.00004786    0.00369401    0.00456960    0.00460182    0.00307868    0.00069548    0.00205594    0.00000000 
max(|Fsp_perp|)  :   0.00000000    0.00000000    0.00000000    0.00000000    0.00000000    0.00000000    0.00000000    0.00000000    0.00000000 
max(|FNEB|)      :   0.00000000    0.00956616    0.00403695    0.00580925    0.00639214    0.00859919    0.00140761    0.00245393    0.00000000 
max(|Force|)     :   0.00004585    0.00952259    0.00371826    0.00433704    0.00644410    0.00877921    0.00141240    0.00852696    0.00025123 
ksp              :   0.02141123    0.04612956    0.08502968    0.10000000    0.10000000    0.09383282    0.08699192    0.01000000 
max(|step|)      :   0.00000000    0.00364568    0.00464155    0.00685972    0.00577461    0.00348330    0.00161836    0.00254621    0.00002790 
angle (deg.)     :    17.5005  32.4523  45.9566  52.8725  22.2624  43.8234  74.3686 
>
iteration       : 84
climbing        : no
zoom on         : no
nim             : 9
barrier         :   0.02569116 (image:  4) 
distance        :   0.00000000    7.92580400   11.62261104   13.77993976   15.56231818   17.42772015   19.33051853   21.38369235   38.85648999 
energy          : -1977.86838856  -1977.86521025  -1977.85800408  -1977.84705078  -1977.84269740  -1977.84446926  -1977.84639905  -1977.86891814  -1977.92730488 
max(|Fr_perp|)   :   0.00000000    0.00525177    0.00218767    0.00190855    0.00410598    0.00482584    0.00104619    0.00122983    0.00000000 
Fr_paral         :   0.00000000   -0.00124324   -0.00471044   -0.00657219    0.00078173    0.00090551    0.00169222    0.01733534    0.00000000 
max(|Fsp_paral|) :   0.00000000    0.00094865    0.00261024    0.00211569    0.00278955    0.00200706    0.00007495    0.00182624    0.00000000 
max(|Fsp_perp|)  :   0.00000000    0.00000000    0.00000000    0.00000000    0.00000000    0.00000000    0.00000000    0.00000000    0.00000000 
max(|FNEB|)      :   0.00000000    0.00542111    0.00278530    0.00299650    0.00405670    0.00469291    0.00102635    0.00215874    0.00000000 
max(|Force|)     :   0.00004585    0.00519843    0.00297887    0.00390714    0.00410134    0.00484075    0.00126154    0.00807976    0.00025123 
ksp              :   0.02113408    0.04637839    0.08474945    0.10000000    0.10000000    0.09379290    0.08703256    0.01000000 
max(|step|)      :   0.00000000    0.00491901    0.01093875    0.01097915    0.01264955    0.00857298    0.00415156    0.00834270    0.00016169 
angle (deg.)     :    17.7609  32.2308  45.7199  52.5675  21.8508  43.6578  74.0283 
>
iteration       : 85
climbing        : no
zoom on         : no
nim             : 9
barrier         :   0.02563888 (image:  4) 
distance        :   0.00000000    7.94018908   11.66814740   13.76970776   15.59574741   17.40058858   19.33119068   21.36704312   38.83976959 
energy          : -1977.86838856  -1977.86524616  -1977.85785338  -1977.84719142  -1977.84274967  -1977.84448752  -1977.84642827  -1977.86869754  -1977.92730488 
max(|Fr_perp|)   :   0.00000000    0.00058212    0.00071514    0.00056720    0.00118856    0.00085391    0.00069454    0.00076766    0.00000000 
Fr_paral         :   0.00000000   -0.00130392   -0.00469148   -0.00630679    0.00080348    0.00093259    0.00165394    0.01756999    0.00000000 
max(|Fsp_paral|) :   0.00000000    0.00195660    0.00051518    0.00241146    0.00071279    0.00019753    0.00132821    0.00118189    0.00000000 
max(|Fsp_perp|)  :   0.00000000    0.00000000    0.00000000    0.00000000    0.00000000    0.00000000    0.00000000    0.00000000    0.00000000 
max(|FNEB|)      :   0.00000000    0.00219079    0.00099424    0.00243624    0.00121708    0.00104145    0.00121399    0.00124808    0.00000000 
max(|Force|)     :   0.00004585    0.00058839    0.00157680    0.00289150    0.00119566    0.00107287    0.00113292    0.00801657    0.00025123 
ksp              :   0.02103073    0.04698155    0.08440819    0.10000000    0.10000000    0.09389967    0.08708706    0.01000000 
max(|step|)      :   0.00000000    0.00563811    0.00535602    0.00362747    0.00373048    0.00360404    0.00338844    0.00536828    0.00006406 
angle (deg.)     :    17.8653  32.4405  45.4120  52.5871  21.7825  43.2125  73.6262 
>
iteration       : 86
climbing        : no
zoom on         : no
nim             : 9
barrier         :   0.02562334 (image:  4) 
distance        :   0.00000000    7.96150645   11.69125126   13.77694465   15.60411851   17.39590357   19.32471881   21.35429531   38.82634326 
energy          : -1977.86838856  -1977.86522595  -1977.85779035  -1977.84716194  -1977.84276521  -1977.84449623  -1977.84642992  -1977.86852941  -1977.92730488 
max(|Fr_perp|)   :   0.00000000    0.00273858    0.00073070    0.00072558    0.00174655    0.00211451    0.00079321    0.00091057    0.00000000 
Fr_paral         :   0.00000000   -0.00131943   -0.00469969   -0.00628984    0.00081993    0.00092397    0.00163168    0.01773172    0.00000000 
max(|Fsp_paral|) :   0.00000000    0.00193757    0.00005081    0.00294509    0.00119361    0.00048829    0.00143786    0.00096940    0.00000000 
max(|Fsp_perp|)  :   0.00000000    0.00000000    0.00000000    0.00000000    0.00000000    0.00000000    0.00000000    0.00000000    0.00000000 
max(|FNEB|)      :   0.00000000    0.00307795    0.00070846    0.00319632    0.00177649    0.00207400    0.00126829    0.00090651    0.00000000 
max(|Force|)     :   0.00004585    0.00279189    0.00149945    0.00266241    0.00173961    0.00209557    0.00102527    0.00824776    0.00025123 
ksp              :   0.02110843    0.04722536    0.08455684    0.10000000    0.10000000    0.09391995    0.08712801    0.01000000 
max(|step|)      :   0.00000000    0.03065357    0.02549179    0.02018617    0.01479740    0.01651362    0.01865628    0.02563171    0.00092651 
angle (deg.)     :    18.3353  33.9042  43.7340  52.8584  21.6550  40.7238  71.4768 
>
iteration       : 87
climbing        : no
zoom on         : no
nim             : 9
barrier         :   0.02555184 (image:  4) 
distance        :   0.00000000    8.07626941   11.79866243   13.82744441   15.63791414   17.38686646   19.29116867   21.29601682   38.76452869 
energy          : -1977.86838856  -1977.86513080  -1977.85749933  -1977.84689380  -1977.84283671  -1977.84455346  -1977.84640405  -1977.86762502  -1977.92730488 
max(|Fr_perp|)   :   0.00000000    0.00425208    0.00260175    0.00150296    0.00188696    0.00444158    0.00102298    0.00310292    0.00000000 
Fr_paral         :   0.00000000   -0.00135859   -0.00472181   -0.00623969    0.00090254    0.00088882    0.00151471    0.01825484    0.00000000 
max(|Fsp_paral|) :   0.00000000    0.00156751    0.00140672    0.00334162    0.00211778    0.00099363    0.00119818    0.02098199    0.00000000 
max(|Fsp_perp|)  :   0.00000000    0.00000000    0.00000000    0.00000000    0.00000000    0.00000000    0.00000000    0.00000000    0.00000000 
max(|FNEB|)      :   0.00000000    0.00403946    0.00322782    0.00431368    0.00200871    0.00435106    0.00128304    0.02179442    0.00000000 
max(|Force|)     :   0.00004585    0.00430501    0.00308573    0.00314204    0.00186909    0.00442157    0.00111186    0.00907244    0.00025123 
ksp              :   0.02147463    0.04835458    0.08570993    0.10000000    0.10000000    0.09395318    0.08743494    0.01268938 
max(|step|)      :   0.00000000    0.00480419    0.00309537    0.00773838    0.00335966    0.00304459    0.00278483    0.01537106    0.00005951 
angle (deg.)     :    18.3095  34.2914  43.5179  53.0212  21.7925  40.3281  71.3292 
>
iteration       : 88
climbing        : no
zoom on         : no
nim             : 9
barrier         :   0.02554758 (image:  4) 
distance        :   0.00000000    8.09361506   11.79976196   13.84201798   15.63206520   17.39666415   19.28605198   21.32897275   38.78547123 
energy          : -1977.86838856  -1977.86512595  -1977.85754924  -1977.84681988  -1977.84284098  -1977.84457939  -1977.84640291  -1977.86823904  -1977.92730488 
max(|Fr_perp|)   :   0.00000000    0.00373251    0.00208415    0.00112564    0.00091395    0.00337452    0.00108383    0.00201100    0.00000000 
Fr_paral         :   0.00000000   -0.00136028   -0.00474874   -0.00634542    0.00089269    0.00091433    0.00153035    0.01764734    0.00000000 
max(|Fsp_paral|) :   0.00000000    0.00110434    0.00068673    0.00158867    0.00087973    0.00022507    0.00042675    0.00230556    0.00000000 
max(|Fsp_perp|)  :   0.00000000    0.00000000    0.00000000    0.00000000    0.00000000    0.00000000    0.00000000    0.00000000    0.00000000 
max(|FNEB|)      :   0.00000000    0.00355167    0.00239469    0.00231891    0.00120406    0.00335557    0.00107877    0.00304119    0.00000000 
max(|Force|)     :   0.00004585    0.00378576    0.00257865    0.00280433    0.00097893    0.00335544    0.00113178    0.00870921    0.00025123 
ksp              :   0.02149364    0.04818517    0.08598297    0.10000000    0.10000000    0.09387585    0.08745187    0.01052674 
max(|step|)      :   0.00000000    0.01312271    0.00793503    0.01173786    0.00656163    0.00639418    0.00707791    0.00533427    0.00036623 
angle (deg.)     :    18.4192  35.1084  42.8776  53.2549  21.9007  39.3662  70.6181 
>
iteration       : 89
climbing        : no
zoom on         : no
nim             : 9
barrier         :   0.02552611 (image:  4) 
distance        :   0.00000000    8.14158717   11.82996784   13.87093631   15.63875463   17.40517601   19.27894226   21.33643782   38.78443990 
energy          : -1977.86838856  -1977.86510756  -1977.85752520  -1977.84668031  -1977.84286245  -1977.84462430  -1977.84639945  -1977.86834904  -1977.92730488 
max(|Fr_perp|)   :   0.00000000    0.00144835    0.00186069    0.00099223    0.00105419    0.00140480    0.00101930    0.00164352    0.00000000 
Fr_paral         :   0.00000000   -0.00136998   -0.00478594   -0.00639008    0.00091150    0.00093361    0.00151378    0.01745665    0.00000000 
max(|Fsp_paral|) :   0.00000000    0.00061095    0.00035558    0.00007404    0.00004881    0.00022508    0.00143878    0.00143093    0.00000000 
max(|Fsp_perp|)  :   0.00000000    0.00000000    0.00000000    0.00000000    0.00000000    0.00000000    0.00000000    0.00000000    0.00000000 
max(|FNEB|)      :   0.00000000    0.00153011    0.00202385    0.00100343    0.00105497    0.00142220    0.00191807    0.00202526    0.00000000 
max(|Force|)     :   0.00004585    0.00150219    0.00237008    0.00262406    0.00104908    0.00138686    0.00119334    0.00858742    0.00025123 
ksp              :   0.02156815    0.04830203    0.08653897    0.10000000    0.10000000    0.09378805    0.08752925    0.01013932 
max(|step|)      :   0.00000000    0.01742024    0.01102654    0.01296103    0.00901391    0.00970934    0.00761728    0.00865147    0.00053859 
angle (deg.)     :    18.5909  36.2053  42.1566  53.5282  22.0127  38.3902  69.8172 
>
iteration       : 90
climbing        : no
zoom on         : no
nim             : 9
barrier         :   0.02548884 (image:  4) 
distance        :   0.00000000    8.20345925   11.87131519   13.90751324   15.65812237   17.41797473   19.29018767   21.34895004   38.78849255 
energy          : -1977.86838856  -1977.86508128  -1977.85751894  -1977.84655577  -1977.84289971  -1977.84467629  -1977.84642942  -1977.86840202  -1977.92730488 
max(|Fr_perp|)   :   0.00000000    0.00099699    0.00096324    0.00058233    0.00107313    0.00106084    0.00076203    0.00108713    0.00000000 
Fr_paral         :   0.00000000   -0.00136722   -0.00486416   -0.00636039    0.00094653    0.00095109    0.00153572    0.01750291    0.00000000 
max(|Fsp_paral|) :   0.00000000    0.00009122    0.00002758    0.00106165    0.00032696    0.00012704    0.00156057    0.00261688    0.00000000 
max(|Fsp_perp|)  :   0.00000000    0.00000000    0.00000000    0.00000000    0.00000000    0.00000000    0.00000000    0.00000000    0.00000000 
max(|FNEB|)      :   0.00000000    0.00098199    0.00097614    0.00100909    0.00106954    0.00107363    0.00194975    0.00287464    0.00000000 
max(|Force|)     :   0.00004585    0.00094331    0.00155908    0.00260146    0.00106945    0.00109518    0.00114340    0.00829327    0.00025123 
ksp              :   0.02167786    0.04838013    0.08709064    0.10000000    0.10000000    0.09372697    0.08753677    0.01000000 
max(|step|)      :   0.00000000    0.01697646    0.01301660    0.00959556    0.01176222    0.01248186    0.01010448    0.01199175    0.00075009 
angle (deg.)     :    18.8269  37.4705  41.6114  53.8727  22.2705  37.5305  69.1105 
>
iteration       : 91
climbing        : no
zoom on         : no
nim             : 9
barrier         :   0.02543753 (image:  4) 
distance        :   0.00000000    8.26043888   11.91908235   13.94614598   15.69250716   17.44976646   19.33143643   21.37552795   38.80989994 
energy          : -1977.86838856  -1977.86507410  -1977.85753278  -1977.84649033  -1977.84295103  -1977.84475091  -1977.84650011  -1977.86840097  -1977.92730488 
max(|Fr_perp|)   :   0.00000000    0.00180156    0.00079777    0.00057659    0.00079927    0.00113014    0.00066303    0.00081652    0.00000000 
Fr_paral         :   0.00000000   -0.00134417   -0.00493837   -0.00634418    0.00098323    0.00096933    0.00161021    0.01765896    0.00000000 
max(|Fsp_paral|) :   0.00000000    0.00056365    0.00005053    0.00125322    0.00039069    0.00011553    0.00083708    0.00198281    0.00000000 
max(|Fsp_perp|)  :   0.00000000    0.00000000    0.00000000    0.00000000    0.00000000    0.00000000    0.00000000    0.00000000    0.00000000 
max(|FNEB|)      :   0.00000000    0.00170964    0.00075515    0.00130882    0.00076731    0.00111915    0.00126130    0.00196769    0.00000000 
max(|Force|)     :   0.00004585    0.00174928    0.00178594    0.00301487    0.00077044    0.00110690    0.00102761    0.00797671    0.00025123 
ksp              :   0.02172680    0.04840861    0.08747768    0.10000000    0.10000000    0.09363188    0.08744307    0.01000000 
max(|step|)      :   0.00000000    0.03459608    0.03196754    0.01909651    0.03007801    0.03185350    0.02554713    0.03078320    0.00239703 
angle (deg.)     :    19.4168  40.5564  40.5292  54.6859  23.1352  35.3538  67.3816 
>
iteration       : 92
climbing        : no
zoom on         : no
nim             : 9
barrier         :   0.02532950 (image:  4) 
distance        :   0.00000000    8.37395509   12.03779557   14.03885867   15.79380807   17.54982113   19.44309375   21.45267184   38.88109431 
energy          : -1977.86838856  -1977.86506724  -1977.85754204  -1977.84635639  -1977.84305906  -1977.84492724  -1977.84661598  -1977.86816051  -1977.92730488 
max(|Fr_perp|)   :   0.00000000    0.00415951    0.00175755    0.00345654    0.00416322    0.00201271    0.00321712    0.00664633    0.00000000 
Fr_paral         :   0.00000000   -0.00130336   -0.00493868   -0.00617056    0.00112572    0.00099356    0.00175165    0.01735072    0.00000000 
max(|Fsp_paral|) :   0.00000000    0.00112271    0.00028706    0.00054442    0.00003942    0.00029733    0.00038747    0.00580985    0.00000000 
max(|Fsp_perp|)  :   0.00000000    0.00000000    0.00000000    0.00000000    0.00000000    0.00000000    0.00000000    0.00000000    0.00000000 
max(|FNEB|)      :   0.00000000    0.00433379    0.00181194    0.00341968    0.00415637    0.00198755    0.00311776    0.00605256    0.00000000 
max(|Force|)     :   0.00004585    0.00420762    0.00272723    0.00326163    0.00409066    0.00199113    0.00336219    0.00762650    0.00025123 
ksp              :   0.02180121    0.04853951    0.08828404    0.10000000    0.10000000    0.09336206    0.08736165    0.01081027 
max(|step|)      :   0.00000000    0.00486761    0.00642485    0.00469457    0.00672396    0.00757479    0.00612347    0.00604528    0.00053997 
angle (deg.)     :    19.5408  41.1915  40.4303  54.8537  23.3620  35.0062  67.1134 
>
iteration       : 93
climbing        : no
zoom on         : no
nim             : 9
barrier         :   0.02527733 (image:  4) 
distance        :   0.00000000    8.38809197   12.06084670   14.05673887   15.81986525   17.57753368   19.47636769   21.48145777   38.90774780 
energy          : -1977.86838856  -1977.86510679  -1977.85757362  -1977.84639581  -1977.84311122  -1977.84498583  -1977.84667044  -1977.86834533  -1977.92730488 
max(|Fr_perp|)   :   0.00000000    0.00057179    0.00104577    0.00096448    0.00130918    0.00095391    0.00126000    0.00231087    0.00000000 
Fr_paral         :   0.00000000   -0.00128976   -0.00492589   -0.00614545    0.00114041    0.00099325    0.00179521    0.01749294    0.00000000 
max(|Fsp_paral|) :   0.00000000    0.00088903    0.00046611    0.00003028    0.00020321    0.00037200    0.00067945    0.00083625    0.00000000 
max(|Fsp_perp|)  :   0.00000000    0.00000000    0.00000000    0.00000000    0.00000000    0.00000000    0.00000000    0.00000000    0.00000000 
max(|FNEB|)      :   0.00000000    0.00123487    0.00119534    0.00096008    0.00134420    0.00132251    0.00108435    0.00223242    0.00000000 
max(|Force|)     :   0.00004585    0.00069346    0.00193436    0.00325368    0.00123599    0.00120768    0.00156078    0.00786688    0.00025123 
ksp              :   0.02168474    0.04850662    0.08830522    0.10000000    0.10000000    0.09332547    0.08732742    0.01015391 
max(|step|)      :   0.00000000    0.02155546    0.02380633    0.01570192    0.02288492    0.02539251    0.02012804    0.02295175    0.00206434 
angle (deg.)     :    19.9780  43.6229  39.7901  55.4817  24.2431  33.3837  65.8344 
>
iteration       : 94
climbing        : no
zoom on         : no
nim             : 9
barrier         :   0.02517506 (image:  4) 
distance        :   0.00000000    8.45754222   12.14855292   14.13191389   15.90818295   17.67232753   19.57532566   21.56496875   38.98680272 
energy          : -1977.86838856  -1977.86513667  -1977.85761715  -1977.84633957  -1977.84321349  -1977.84513120  -1977.84676312  -1977.86838059  -1977.92730488 
max(|Fr_perp|)   :   0.00000000    0.00140708    0.00126466    0.00211362    0.00109897    0.00255397    0.00100853    0.00285687    0.00000000 
Fr_paral         :   0.00000000   -0.00125454   -0.00486173   -0.00600594    0.00123084    0.00097877    0.00186887    0.01737328    0.00000000 
max(|Fsp_paral|) :   0.00000000    0.00091449    0.00071526    0.00067898    0.00046170    0.00022062    0.00112718    0.00045247    0.00000000 
max(|Fsp_perp|)  :   0.00000000    0.00000000    0.00000000    0.00000000    0.00000000    0.00000000    0.00000000    0.00000000    0.00000000 
max(|FNEB|)      :   0.00000000    0.00133559    0.00137041    0.00206627    0.00102443    0.00254002    0.00131664    0.00285894    0.00000000 
max(|Force|)     :   0.00004585    0.00136039    0.00170500    0.00328779    0.00117464    0.00253770    0.00160163    0.00815882    0.00025123 
ksp              :   0.02162540    0.04850740    0.08882438    0.10000000    0.10000000    0.09314425    0.08731020    0.01002847 
max(|step|)      :   0.00000000    0.03704687    0.04327913    0.02952936    0.04342114    0.04711749    0.03781870    0.04306225    0.00378657 
angle (deg.)     :    20.7493  48.2432  38.7300  56.6177  26.1117  30.4235  63.4356 
>
iteration       : 95
climbing        : no
zoom on         : no
nim             : 9
barrier         :   0.02499653 (image:  4) 
distance        :   0.00000000    8.57625624   12.30715014   14.28453023   16.08462597   17.86496010   19.77110237   21.74408717   39.15900077 
energy          : -1977.86838856  -1977.86520469  -1977.85771637  -1977.84621875  -1977.84339203  -1977.84539640  -1977.84691596  -1977.86847557  -1977.92730488 
max(|Fr_perp|)   :   0.00000000    0.00150888    0.00146959    0.00279784    0.00264888    0.00246923    0.00159199    0.00431727    0.00000000 
Fr_paral         :   0.00000000   -0.00120027   -0.00466246   -0.00571707    0.00140283    0.00094323    0.00197716    0.01685886    0.00000000 
max(|Fsp_paral|) :   0.00000000    0.00080475    0.00078281    0.00111801    0.00078368    0.00031979    0.00144931    0.00085106    0.00000000 
max(|Fsp_perp|)  :   0.00000000    0.00000000    0.00000000    0.00000000    0.00000000    0.00000000    0.00000000    0.00000000    0.00000000 
max(|FNEB|)      :   0.00000000    0.00138574    0.00199032    0.00285664    0.00253913    0.00248618    0.00200034    0.00439134    0.00000000 
max(|Force|)     :   0.00004585    0.00146480    0.00226397    0.00310430    0.00272679    0.00245563    0.00178971    0.00789950    0.00025123 
ksp              :   0.02146352    0.04842521    0.08982238    0.10000000    0.10000000    0.09278325    0.08731209    0.01000000 
max(|step|)      :   0.00000000    0.08083938    0.09453174    0.06524197    0.09553843    0.10000000    0.08315506    0.09402668    0.00838141 
angle (deg.)     :    22.4355  58.3072  37.0001  58.8767  30.7891  24.6896  58.1274 
>
iteration       : 96
climbing        : no
zoom on         : no
nim             : 9
barrier         :   0.02460700 (image:  4) 
distance        :   0.00000000    8.83776392   12.65782718   14.66990897   16.52546739   18.34015424   20.26414746   22.22641268   39.62819730 
energy          : -1977.86838856  -1977.86530317  -1977.85787355  -1977.84591207  -1977.84378155  -1977.84585443  -1977.84723407  -1977.86868065  -1977.92730488 
max(|Fr_perp|)   :   0.00000000    0.00296210    0.00289515    0.00467784    0.00338151    0.00671932    0.00210344    0.00833565    0.00000000 
Fr_paral         :   0.00000000   -0.00106242   -0.00409325   -0.00505160    0.00169674    0.00067702    0.00221845    0.01557877    0.00000000 
max(|Fsp_paral|) :   0.00000000    0.00070814    0.00010762    0.00000437    0.00173828    0.00106436    0.00197381    0.00112994    0.00000000 
max(|Fsp_perp|)  :   0.00000000    0.00000000    0.00000000    0.00000000    0.00000000    0.00000000    0.00000000    0.00000000    0.00000000 
max(|FNEB|)      :   0.00000000    0.00298833    0.00302151    0.00481118    0.00331724    0.00705116    0.00263721    0.00863567    0.00000000 
max(|Force|)     :   0.00004585    0.00305857    0.00261569    0.00459093    0.00354850    0.00701166    0.00237103    0.00845389    0.00025123 
ksp              :   0.02128995    0.04846085    0.09221287    0.10000000    0.10000000    0.09243109    0.08737123    0.01000000 
max(|step|)      :   0.00000000    0.00394971    0.00399357    0.00635900    0.00438444    0.00931962    0.00348563    0.01141389    0.00000000 
angle (deg.)     :    22.4396  58.2676  36.9881  58.8867  30.7389  24.6062  58.1400 
>
iteration       : 97
climbing        : no
zoom on         : no
nim             : 9
barrier         :   0.02458683 (image:  4) 
distance        :   0.00000000    8.83423177   12.65791850   14.66807714   16.51952770   18.33469944   20.25440625   22.22735656   39.63004106 
energy          : -1977.86838856  -1977.86532877  -1977.85790238  -1977.84596298  -1977.84380173  -1977.84589775  -1977.84725597  -1977.86887252  -1977.92730488 
max(|Fr_perp|)   :   0.00000000    0.00199788    0.00219559    0.00286288    0.00129969    0.00359850    0.00125843    0.00455012    0.00000000 
Fr_paral         :   0.00000000   -0.00108078   -0.00422648   -0.00514630    0.00172791    0.00076627    0.00223652    0.01550734    0.00000000 
max(|Fsp_paral|) :   0.00000000    0.00053398    0.00002783    0.00001491    0.00154819    0.00124946    0.00152194    0.00074319    0.00000000 
max(|Fsp_perp|)  :   0.00000000    0.00000000    0.00000000    0.00000000    0.00000000    0.00000000    0.00000000    0.00000000    0.00000000 
max(|FNEB|)      :   0.00000000    0.00207797    0.00222221    0.00286436    0.00138476    0.00357630    0.00199587    0.00449295    0.00000000 
max(|Force|)     :   0.00004585    0.00203583    0.00163703    0.00262455    0.00127931    0.00360247    0.00192719    0.00685459    0.00025123 
ksp              :   0.02120034    0.04838462    0.09208875    0.10000000    0.10000000    0.09232752    0.08735577    0.01000000 
max(|step|)      :   0.00000000    0.00160248    0.00314367    0.00203358    0.00149667    0.00180543    0.00279405    0.00325741    0.00001121 
angle (deg.)     :    22.4429  58.2382  36.9780  58.8978  30.6869  24.5727  58.1602 
>
iteration       : 98
climbing        : no
zoom on         : no
nim             : 9
barrier         :   0.02459066 (image:  4) 
distance        :   0.00000000    8.83148693   12.65794281   14.66667801   16.51452128   18.32921274   20.24683137   22.22816033   39.63228579 
energy          : -1977.86838856  -1977.86534630  -1977.85791964  -1977.84598846  -1977.84379789  -1977.84590854  -1977.84726094  -1977.86895602  -1977.92730488 
max(|Fr_perp|)   :   0.00000000    0.00084572    0.00164879    0.00175658    0.00106509    0.00189646    0.00112866    0.00311757    0.00000000 
Fr_paral         :   0.00000000   -0.00108760   -0.00431714   -0.00520635    0.00172652    0.00079453    0.00222825    0.01548597    0.00000000 
max(|Fsp_paral|) :   0.00000000    0.00041475    0.00002851    0.00000720    0.00141473    0.00132147    0.00122361    0.00045131    0.00000000 
max(|Fsp_perp|)  :   0.00000000    0.00000000    0.00000000    0.00000000    0.00000000    0.00000000    0.00000000    0.00000000    0.00000000 
max(|FNEB|)      :   0.00000000    0.00101472    0.00162165    0.00175728    0.00145292    0.00205537    0.00163887    0.00308440    0.00000000 
max(|Force|)     :   0.00004585    0.00087773    0.00153647    0.00263013    0.00122196    0.00189388    0.00179603    0.00677851    0.00025123 
ksp              :   0.02113445    0.04831545    0.09198268    0.10000000    0.10000000    0.09227520    0.08732552    0.01000000 
max(|step|)      :   0.00000000    0.01064203    0.01892671    0.01269043    0.00950143    0.01392868    0.01806185    0.01759644    0.00034649 
angle (deg.)     :    22.4705  58.0997  36.9710  58.9979  30.3106  24.5727  58.3610 
>
iteration       : 99
climbing        : no
zoom on         : no
nim             : 9
barrier         :   0.02462037 (image:  4) 
distance        :   0.00000000    8.81485161   12.65790129   14.65881364   16.48236840   18.28940191   20.20148380   22.23443424   39.65247777 
energy          : -1977.86838856  -1977.86541055  -1977.85796687  -1977.84607437  -1977.84376819  -1977.84590209  -1977.84722451  -1977.86936810  -1977.92730488 
max(|Fr_perp|)   :   0.00000000    0.00058806    0.00147687    0.00161271    0.00087504    0.00148697    0.00081463    0.00190047    0.00000000 
Fr_paral         :   0.00000000   -0.00110868   -0.00481581   -0.00555287    0.00169490    0.00088523    0.00207131    0.01550024    0.00000000 
max(|Fsp_paral|) :   0.00000000    0.00017082    0.00042404    0.00040567    0.00070585    0.00129190    0.00041430    0.00150069    0.00000000 
max(|Fsp_perp|)  :   0.00000000    0.00000000    0.00000000    0.00000000    0.00000000    0.00000000    0.00000000    0.00000000    0.00000000 
max(|FNEB|)      :   0.00000000    0.00061591    0.00186691    0.00166434    0.00085849    0.00150466    0.00100100    0.00191203    0.00000000 
max(|Force|)     :   0.00004585    0.00064058    0.00264023    0.00293337    0.00110347    0.00148342    0.00116142    0.00656607    0.00025123 
ksp              :   0.02088615    0.04809659    0.09156973    0.10000000    0.10000000    0.09219952    0.08736537    0.01000000 
max(|step|)      :   0.00000000    0.00657339    0.00928754    0.01004108    0.00714076    0.01275882    0.00904087    0.01060253    0.00024879 
angle (deg.)     :    22.4595  58.1449  37.0405  59.0728  30.0189  24.9328  58.6838 
>
iteration       : 100
climbing        : no
zoom on         : no
nim             : 9
barrier         :   0.02465579 (image:  4) 
distance        :   0.00000000    8.80956902   12.65540477   14.65463935   16.46534228   18.25849515   20.19047147   22.23157672   39.67609041 
energy          : -1977.86838856  -1977.86541313  -1977.85802863  -1977.84612882  -1977.84373277  -1977.84588225  -1977.84719398  -1977.86939263  -1977.92730488 
max(|Fr_perp|)   :   0.00000000    0.00519996    0.00321764    0.00354680    0.00233863    0.00277331    0.00123009    0.00231718    0.00000000 
Fr_paral         :   0.00000000   -0.00109492   -0.00489474   -0.00586758    0.00163572    0.00090112    0.00197044    0.01577753    0.00000000 
max(|Fsp_paral|) :   0.00000000    0.00002738    0.00037936    0.00064260    0.00075274    0.00037577    0.00008972    0.00168719    0.00000000 
max(|Fsp_perp|)  :   0.00000000    0.00000000    0.00000000    0.00000000    0.00000000    0.00000000    0.00000000    0.00000000    0.00000000 
max(|FNEB|)      :   0.00000000    0.00520406    0.00329263    0.00359795    0.00233896    0.00277674    0.00121376    0.00249145    0.00000000 
max(|Force|)     :   0.00004585    0.00516155    0.00346969    0.00376627    0.00236939    0.00277089    0.00127588    0.00695810    0.00025123 
ksp              :   0.02086109    0.04781640    0.09125381    0.10000000    0.10000000    0.09215385    0.08736568    0.01000000 
max(|step|)      :   0.00000000    0.00881242    0.01188852    0.01208266    0.01336890    0.01930635    0.00983740    0.01520149    0.00046593 
angle (deg.)     :    22.4563  58.2740  37.3383  59.1577  29.7562  25.4798  59.1719 
>
iteration       : 101
climbing        : no
zoom on         : no
nim             : 9
barrier         :   0.02467709 (image:  4) 
distance        :   0.00000000    8.80297211   12.65202978   14.65031281   16.44601796   18.22502964   20.18252746   22.22889053   39.71438923 
energy          : -1977.86838856  -1977.86546964  -1977.85812214  -1977.84620106  -1977.84371147  -1977.84588825  -1977.84715295  -1977.86933908  -1977.92730488 
max(|Fr_perp|)   :   0.00000000    0.00087471    0.00112415    0.00231045    0.00124093    0.00155064    0.00174666    0.00225402    0.00000000 
Fr_paral         :   0.00000000   -0.00109310   -0.00493786   -0.00620915    0.00159938    0.00089333    0.00185103    0.01614094    0.00000000 
max(|Fsp_paral|) :   0.00000000    0.00020336    0.00023814    0.00099931    0.00072115    0.00068510    0.00039956    0.00176964    0.00000000 
max(|Fsp_perp|)  :   0.00000000    0.00000000    0.00000000    0.00000000    0.00000000    0.00000000    0.00000000    0.00000000    0.00000000 
max(|FNEB|)      :   0.00000000    0.00085374    0.00134228    0.00253679    0.00125865    0.00172190    0.00157590    0.00218628    0.00000000 
max(|Force|)     :   0.00004585    0.00090115    0.00228787    0.00308306    0.00132598    0.00156525    0.00199794    0.00740709    0.00025123 
ksp              :   0.02064562    0.04744274    0.09092020    0.10000000    0.10000000    0.09206105    0.08744856    0.01000000 
max(|step|)      :   0.00000000    0.00855537    0.01225850    0.01303921    0.01650141    0.01977320    0.01163438    0.01943055    0.00052573 
angle (deg.)     :    22.4755  58.5077  38.0439  59.1848  29.7832  26.0823  59.8173 
>
iteration       : 102
climbing        : no
zoom on         : no
nim             : 9
barrier         :   0.02470650 (image:  4) 
distance        :   0.00000000    8.80173810   12.64832856   14.64513000   16.43094649   18.20897058   20.18520592   22.22352052   39.76766213 
energy          : -1977.86838856  -1977.86549937  -1977.85822210  -1977.84633686  -1977.84368206  -1977.84589860  -1977.84716733  -1977.86906433  -1977.92730488 
max(|Fr_perp|)   :   0.00000000    0.00167770    0.00161424    0.00192982    0.00137964    0.00150503    0.00139171    0.00351651    0.00000000 
Fr_paral         :   0.00000000   -0.00108128   -0.00491997   -0.00634246    0.00154432    0.00094935    0.00183781    0.01658044    0.00000000 
max(|Fsp_paral|) :   0.00000000    0.00006293    0.00014045    0.00084979    0.00033826    0.00115804    0.00117508    0.00107817    0.00000000 
max(|Fsp_perp|)  :   0.00000000    0.00000000    0.00000000    0.00000000    0.00000000    0.00000000    0.00000000    0.00000000    0.00000000 
max(|FNEB|)      :   0.00000000    0.00168693    0.00162025    0.00211653    0.00136332    0.00166144    0.00150731    0.00352936    0.00000000 
max(|Force|)     :   0.00004585    0.00164049    0.00199242    0.00298836    0.00141198    0.00150368    0.00163908    0.00810845    0.00025123 
ksp              :   0.02052463    0.04703404    0.09032917    0.10000000    0.10000000    0.09192564    0.08730395    0.01000000 
max(|step|)      :   0.00000000    0.01709409    0.02384332    0.02477365    0.02933211    0.03230942    0.02338021    0.03874475    0.00097268 
angle (deg.)     :    22.5671  59.1133  39.8928  59.2014  30.1892  27.3002  61.1596 
>
iteration       : 103
climbing        : no
zoom on         : no
nim             : 9
barrier         :   0.02475066 (image:  4) 
distance        :   0.00000000    8.80184688   12.64242876   14.63935766   16.41349133   18.20230309   20.19705911   22.22472595   39.89031521 
energy          : -1977.86838856  -1977.86551811  -1977.85839054  -1977.84660623  -1977.84363789  -1977.84592898  -1977.84717274  -1977.86841592  -1977.92730488 
max(|Fr_perp|)   :   0.00000000    0.00457633    0.00299688    0.00219635    0.00198405    0.00108409    0.00096124    0.00317998    0.00000000 
Fr_paral         :   0.00000000   -0.00105152   -0.00491760   -0.00638329    0.00143757    0.00101366    0.00180105    0.01723968    0.00000000 
max(|Fsp_paral|) :   0.00000000    0.00043574    0.00002741    0.00034790    0.00064322    0.00122251    0.00192718    0.00002035    0.00000000 
max(|Fsp_perp|)  :   0.00000000    0.00000000    0.00000000    0.00000000    0.00000000    0.00000000    0.00000000    0.00000000    0.00000000 
max(|FNEB|)      :   0.00000000    0.00463930    0.00300289    0.00216604    0.00199643    0.00224328    0.00199455    0.00318680    0.00000000 
max(|Force|)     :   0.00004585    0.00461197    0.00278967    0.00277013    0.00199617    0.00137962    0.00118909    0.00916526    0.00025123 
ksp              :   0.02043772    0.04635545    0.08920634    0.10000000    0.10000000    0.09166898    0.08714638    0.01000000 
max(|step|)      :   0.00000000    0.01917747    0.02462308    0.02583994    0.03671452    0.03947778    0.03141999    0.04245120    0.00097489 
angle (deg.)     :    22.7800  59.9706  42.2914  59.1794  30.9145  28.6488  62.6931 
>
iteration       : 104
climbing        : no
zoom on         : no
nim             : 9
barrier         :   0.02478035 (image:  4) 
distance        :   0.00000000    8.79600617   12.63924732   14.64124507   16.41265140   18.21899290   20.20957087   22.24873507   40.05199432 
energy          : -1977.86838856  -1977.86557610  -1977.85860299  -1977.84690939  -1977.84360821  -1977.84593664  -1977.84709964  -1977.86775411  -1977.92730488 
max(|Fr_perp|)   :   0.00000000    0.00104821    0.00235947    0.00291030    0.00255447    0.00433511    0.00115731    0.00360730    0.00000000 
Fr_paral         :   0.00000000   -0.00100467   -0.00499452   -0.00637883    0.00129303    0.00098311    0.00163677    0.01747119    0.00000000 
max(|Fsp_paral|) :   0.00000000    0.00065215    0.00031148    0.00045629    0.00154245    0.00050662    0.00129146    0.01724444    0.00000000 
max(|Fsp_perp|)  :   0.00000000    0.00000000    0.00000000    0.00000000    0.00000000    0.00000000    0.00000000    0.00000000    0.00000000 
max(|FNEB|)      :   0.00000000    0.00122906    0.00236546    0.00294952    0.00226636    0.00432801    0.00144824    0.01971327    0.00000000 
max(|Force|)     :   0.00004585    0.00111345    0.00245823    0.00269013    0.00244783    0.00433072    0.00133543    0.00981767    0.00025123 
ksp              :   0.02021458    0.04554031    0.08801042    0.10000000    0.10000000    0.09154336    0.08731943    0.01230425 
max(|step|)      :   0.00000000    0.00681634    0.01122184    0.01145154    0.01222646    0.01547504    0.00746270    0.02384812    0.00042611 
angle (deg.)     :    22.7882  59.6627  41.3874  59.0690  30.8125  27.9322  62.1739 
>
iteration       : 105
climbing        : no
zoom on         : no
nim             : 9
barrier         :   0.02475752 (image:  4) 
distance        :   0.00000000    8.79336446   12.64299741   14.63987079   16.41891477   18.22698776   20.19024053   22.26431255   40.01013055 
energy          : -1977.86838856  -1977.86559605  -1977.85856506  -1977.84686654  -1977.84363104  -1977.84595847  -1977.84711650  -1977.86852816  -1977.92730488 
max(|Fr_perp|)   :   0.00000000    0.00282999    0.00213560    0.00153127    0.00255599    0.00287602    0.00117098    0.00296123    0.00000000 
Fr_paral         :   0.00000000   -0.00102713   -0.00513726   -0.00636804    0.00135530    0.00096469    0.00166733    0.01693206    0.00000000 
max(|Fsp_paral|) :   0.00000000    0.00028754    0.00006015    0.00082061    0.00127306    0.00034295    0.00043941    0.00155637    0.00000000 
max(|Fsp_perp|)  :   0.00000000    0.00000000    0.00000000    0.00000000    0.00000000    0.00000000    0.00000000    0.00000000    0.00000000 
max(|FNEB|)      :   0.00000000    0.00278774    0.00212247    0.00138598    0.00230821    0.00287993    0.00113329    0.00323130    0.00000000 
max(|Force|)     :   0.00004585    0.00279468    0.00242917    0.00267699    0.00244031    0.00287256    0.00112651    0.00900915    0.00025123 
ksp              :   0.02015148    0.04571096    0.08823810    0.10000000    0.10000000    0.09153919    0.08732942    0.01000000 
max(|step|)      :   0.00000000    0.00264716    0.00219799    0.00288211    0.00244395    0.00294457    0.00170391    0.00488792    0.00002491 
angle (deg.)     :    22.8308  59.7344  41.3479  58.9901  30.8724  28.0090  62.2673 
>
iteration       : 106
climbing        : no
zoom on         : no
nim             : 9
barrier         :   0.02473574 (image:  4) 
distance        :   0.00000000    8.79363815   12.64401163   14.64162447   16.42480366   18.23243060   20.19432763   22.26554031   40.01660092 
energy          : -1977.86838856  -1977.86561843  -1977.85858452  -1977.84689223  -1977.84365282  -1977.84599673  -1977.84712428  -1977.86855675  -1977.92730488 
max(|Fr_perp|)   :   0.00000000    0.00065896    0.00104632    0.00137794    0.00053936    0.00087032    0.00068747    0.00168867    0.00000000 
Fr_paral         :   0.00000000   -0.00103600   -0.00514658   -0.00632615    0.00137643    0.00101374    0.00167283    0.01691597    0.00000000 
max(|Fsp_paral|) :   0.00000000    0.00016713    0.00009510    0.00101143    0.00107227    0.00040910    0.00046629    0.00146905    0.00000000 
max(|Fsp_perp|)  :   0.00000000    0.00000000    0.00000000    0.00000000    0.00000000    0.00000000    0.00000000    0.00000000    0.00000000 
max(|FNEB|)      :   0.00000000    0.00069710    0.00097378    0.00135591    0.00147172    0.00086927    0.00114491    0.00135797    0.00000000 
max(|Force|)     :   0.00004585    0.00071425    0.00207284    0.00270028    0.00100315    0.00099536    0.00119692    0.00889247    0.00025123 
ksp              :   0.02007900    0.04567161    0.08821352    0.10000000    0.10000000    0.09147178    0.08736922    0.01000000 
max(|step|)      :   0.00000000    0.00416791    0.00361904    0.00608690    0.00590542    0.00608142    0.00623958    0.00917447    0.00013397 
angle (deg.)     :    22.9607  60.0197  41.6456  58.8534  31.0661  28.3811  62.6935 
>
iteration       : 107
climbing        : no
zoom on         : no
nim             : 9
barrier         :   0.02472374 (image:  4) 
distance        :   0.00000000    8.79170621   12.64598269   14.64643489   16.43504149   18.24251202   20.20124987   22.27683190   40.05830159 
energy          : -1977.86838856  -1977.86564739  -1977.85862813  -1977.84695967  -1977.84366482  -1977.84601229  -1977.84711749  -1977.86853254  -1977.92730488 
max(|Fr_perp|)   :   0.00000000    0.00077472    0.00137653    0.00128068    0.00134002    0.00185741    0.00078418    0.00177437    0.00000000 
Fr_paral         :   0.00000000   -0.00102975   -0.00515045   -0.00627575    0.00137436    0.00100724    0.00163951    0.01676380    0.00000000 
max(|Fsp_paral|) :   0.00000000    0.00003713    0.00014858    0.00135255    0.00082729    0.00050737    0.00072265    0.00156608    0.00000000 
max(|Fsp_perp|)  :   0.00000000    0.00000000    0.00000000    0.00000000    0.00000000    0.00000000    0.00000000    0.00000000    0.00000000 
max(|FNEB|)      :   0.00000000    0.00078016    0.00126432    0.00165032    0.00121723    0.00185705    0.00149258    0.00214291    0.00000000 
max(|Force|)     :   0.00004585    0.00080995    0.00239772    0.00272418    0.00115273    0.00185765    0.00128148    0.00870409    0.00025123 
ksp              :   0.01997847    0.04553016    0.08800599    0.10000000    0.10000000    0.09145469    0.08743149    0.01000000 
max(|step|)      :   0.00000000    0.01276085    0.01094425    0.01688333    0.02096233    0.02387204    0.01864336    0.02764261    0.00045958 
angle (deg.)     :    23.4204  61.0041  42.3087  58.4447  31.5682  29.7309  64.0805 
>
iteration       : 108
climbing        : no
zoom on         : no
nim             : 9
barrier         :   0.02468488 (image:  4) 
distance        :   0.00000000    8.78823221   12.65437759   14.66904279   16.46475775   18.26475692   20.23104747   22.31078947   40.18761637 
energy          : -1977.86838856  -1977.86571504  -1977.85873018  -1977.84705832  -1977.84370367  -1977.84605329  -1977.84712215  -1977.86838368  -1977.92730488 
max(|Fr_perp|)   :   0.00000000    0.00171274    0.00204607    0.00272264    0.00166803    0.00422592    0.00110121    0.00215652    0.00000000 
Fr_paral         :   0.00000000   -0.00099846   -0.00507888   -0.00604612    0.00137358    0.00099363    0.00154507    0.01621571    0.00000000 
max(|Fsp_paral|) :   0.00000000    0.00029235    0.00053583    0.00132394    0.00018842    0.00006853    0.00069591    0.00129543    0.00000000 
max(|Fsp_perp|)  :   0.00000000    0.00000000    0.00000000    0.00000000    0.00000000    0.00000000    0.00000000    0.00000000    0.00000000 
max(|FNEB|)      :   0.00000000    0.00179616    0.00217282    0.00261349    0.00161018    0.00422601    0.00144320    0.00244899    0.00000000 
max(|Force|)     :   0.00004585    0.00173836    0.00229286    0.00296295    0.00148257    0.00422547    0.00122542    0.00813982    0.00025123 
ksp              :   0.01974752    0.04521401    0.08776911    0.10000000    0.10000000    0.09143341    0.08753640    0.01001777 
max(|step|)      :   0.00000000    0.01827580    0.01776945    0.02961061    0.02883209    0.02929980    0.02473390    0.04085525    0.00056598 
angle (deg.)     :    24.3902  62.4659  42.7030  57.7781  32.5559  31.7711  66.1665 
>
iteration       : 109
climbing        : no
zoom on         : no
nim             : 9
barrier         :   0.02466786 (image:  4) 
distance        :   0.00000000    8.79410938   12.67854961   14.70722687   16.50788232   18.30414509   20.28619645   22.36080035   40.37699893 
energy          : -1977.86838856  -1977.86576932  -1977.85874050  -1977.84693973  -1977.84372070  -1977.84601040  -1977.84714170  -1977.86771733  -1977.92730488 
max(|Fr_perp|)   :   0.00000000    0.00438608    0.00722962    0.01353934    0.00493704    0.00867149    0.00217799    0.02006119    0.00000000 
Fr_paral         :   0.00000000   -0.00090885   -0.00477162   -0.00553589    0.00141467    0.00086464    0.00142422    0.01497101    0.00000000 
max(|Fsp_paral|) :   0.00000000    0.00082942    0.00092010    0.00049404    0.00019427    0.00065081    0.00002446    0.01929783    0.00000000 
max(|Fsp_perp|)  :   0.00000000    0.00000000    0.00000000    0.00000000    0.00000000    0.00000000    0.00000000    0.00000000    0.00000000 
max(|FNEB|)      :   0.00000000    0.00450200    0.00703979    0.01358397    0.00499578    0.00865169    0.00217548    0.01966287    0.00000000 
max(|Force|)     :   0.00004585    0.00435681    0.00749122    0.01329800    0.00474787    0.00866302    0.00222219    0.01992159    0.00025123 
ksp              :   0.01955620    0.04520067    0.08825546    0.10000000    0.10000000    0.09164609    0.08751858    0.01244894 
max(|step|)      :   0.00000000    0.00847402    0.00795302    0.01341182    0.01293491    0.01462900    0.01088028    0.01943657    0.00024875 
angle (deg.)     :    23.9776  61.7965  42.3100  58.0751  32.0452  30.8304  65.2318 
>
iteration       : 110
climbing        : no
zoom on         : no
nim             : 9
barrier         :   0.02463627 (image:  4) 
distance        :   0.00000000    8.79166104   12.66868546   14.69023333   16.48512511   18.28048390   20.25824505   22.34197072   40.29050308 
energy          : -1977.86838856  -1977.86576502  -1977.85876058  -1977.84707777  -1977.84375228  -1977.84612380  -1977.84715547  -1977.86838675  -1977.92730488 
max(|Fr_perp|)   :   0.00000000    0.00124123    0.00157900    0.00238082    0.00172672    0.00207195    0.00081727    0.00452966    0.00000000 
Fr_paral         :   0.00000000   -0.00095596   -0.00501545   -0.00588667    0.00138366    0.00100851    0.00148494    0.01554296    0.00000000 
max(|Fsp_paral|) :   0.00000000    0.00068399    0.00065280    0.00091335    0.00002062    0.00035401    0.00055651    0.00127527    0.00000000 
max(|Fsp_perp|)  :   0.00000000    0.00000000    0.00000000    0.00000000    0.00000000    0.00000000    0.00000000    0.00000000    0.00000000 
max(|FNEB|)      :   0.00000000    0.00133913    0.00142983    0.00245660    0.00172050    0.00186772    0.00088050    0.00453762    0.00000000 
max(|Force|)     :   0.00004585    0.00120958    0.00188297    0.00305154    0.00154257    0.00185657    0.00082423    0.00728943    0.00025123 
ksp              :   0.01958416    0.04517245    0.08785150    0.10000000    0.10000000    0.09133649    0.08756764    0.01000661 
max(|step|)      :   0.00000000    0.00263865    0.00273366    0.00416964    0.00591627    0.00727480    0.00358460    0.00690944    0.00008939 
angle (deg.)     :    24.1192  62.0274  42.2838  57.9814  32.1522  31.1874  65.5690 
>
iteration       : 111
climbing        : no
zoom on         : no
nim             : 9
barrier         :   0.02462001 (image:  4) 
distance        :   0.00000000    8.79430848   12.67216524   14.69702202   16.49007552   18.28224985   20.26901165   22.34791276   40.31765620 
energy          : -1977.86838856  -1977.86577638  -1977.85877422  -1977.84708131  -1977.84376855  -1977.84614436  -1977.84716703  -1977.86836458  -1977.92730488 
max(|Fr_perp|)   :   0.00000000    0.00065567    0.00094961    0.00111570    0.00078491    0.00079662    0.00049361    0.00107606    0.00000000 
Fr_paral         :   0.00000000   -0.00095051   -0.00498824   -0.00585147    0.00138084    0.00100456    0.00147053    0.01544316    0.00000000 
max(|Fsp_paral|) :   0.00000000    0.00072754    0.00076836    0.00064708    0.00003887    0.00070684    0.00019541    0.00035394    0.00000000 
max(|Fsp_perp|)  :   0.00000000    0.00000000    0.00000000    0.00000000    0.00000000    0.00000000    0.00000000    0.00000000    0.00000000 
max(|FNEB|)      :   0.00000000    0.00114181    0.00104085    0.00124227    0.00079651    0.00134422    0.00063675    0.00138672    0.00000000 
max(|Force|)     :   0.00004585    0.00062834    0.00171155    0.00310200    0.00087151    0.00096703    0.00082155    0.00719995    0.00025123 
ksp              :   0.01954898    0.04514580    0.08788998    0.10000000    0.10000000    0.09131508    0.08757665    0.01008766 
max(|step|)      :   0.00000000    0.00607200    0.00727903    0.01193907    0.01278739    0.01332807    0.00903779    0.01616749    0.00023237 
angle (deg.)     :    24.6004  62.5560  41.9118  57.7055  32.5671  31.9592  66.3752 
>
iteration       : 112
climbing        : no
zoom on         : no
nim             : 9
barrier         :   0.02457973 (image:  4) 
distance        :   0.00000000    8.80633014   12.68599228   14.71251363   16.50134558   18.29239277   20.29431537   22.36595178   40.38222023 
energy          : -1977.86838856  -1977.86579807  -1977.85874920  -1977.84704925  -1977.84380883  -1977.84618755  -1977.84718931  -1977.86837324  -1977.92730488 
max(|Fr_perp|)   :   0.00000000    0.00066489    0.00132731    0.00086275    0.00090243    0.00103857    0.00069748    0.00219652    0.00000000 
Fr_paral         :   0.00000000   -0.00092341   -0.00491743   -0.00574534    0.00139281    0.00097272    0.00144219    0.01499622    0.00000000 
max(|Fsp_paral|) :   0.00000000    0.00095213    0.00076048    0.00013313    0.00009821    0.00117341    0.00037401    0.00015838    0.00000000 
max(|Fsp_perp|)  :   0.00000000    0.00000000    0.00000000    0.00000000    0.00000000    0.00000000    0.00000000    0.00000000    0.00000000 
max(|FNEB|)      :   0.00000000    0.00141523    0.00164238    0.00088891    0.00088357    0.00166885    0.00085900    0.00220380    0.00000000 
max(|Force|)     :   0.00004585    0.00071278    0.00196527    0.00318554    0.00081551    0.00103036    0.00091708    0.00658637    0.00025123 
ksp              :   0.01948522    0.04529501    0.08813502    0.10000000    0.10000000    0.09129020    0.08762218    0.01005608 
max(|step|)      :   0.00000000    0.01668345    0.01972204    0.03273457    0.03406358    0.03076132    0.02359673    0.04009716    0.00054524 
angle (deg.)     :    25.8584  63.8126  41.4225  57.0581  34.0454  33.4967  68.2369 
>
iteration       : 113
climbing        : no
zoom on         : no
nim             : 9
barrier         :   0.02448511 (image:  4) 
distance        :   0.00000000    8.85156272   12.72103420   14.74268427   16.53058588   18.33814599   20.35115116   22.41868310   40.55721803 
energy          : -1977.86838856  -1977.86582643  -1977.85866653  -1977.84700670  -1977.84390345  -1977.84630404  -1977.84721888  -1977.86830147  -1977.92730488 
max(|Fr_perp|)   :   0.00000000    0.00075936    0.00151124    0.00136764    0.00179951    0.00208208    0.00125990    0.00326438    0.00000000 
Fr_paral         :   0.00000000   -0.00084241   -0.00487247   -0.00560950    0.00140987    0.00083586    0.00137917    0.01409449    0.00000000 
max(|Fsp_paral|) :   0.00000000    0.00117557    0.00055717    0.00015239    0.00087860    0.00090206    0.00058996    0.00263604    0.00000000 
max(|Fsp_perp|)  :   0.00000000    0.00000000    0.00000000    0.00000000    0.00000000    0.00000000    0.00000000    0.00000000    0.00000000 
max(|FNEB|)      :   0.00000000    0.00149671    0.00198030    0.00136086    0.00163329    0.00237478    0.00151831    0.00324649    0.00000000 
max(|Force|)     :   0.00004585    0.00070573    0.00216194    0.00315945    0.00168030    0.00196045    0.00131748    0.00527667    0.00025123 
ksp              :   0.01941761    0.04573527    0.08859334    0.10000000    0.10000000    0.09117612    0.08781344    0.01032011 
max(|step|)      :   0.00000000    0.03311023    0.03332031    0.05420255    0.05268867    0.04817000    0.03941956    0.06281637    0.00079503 
angle (deg.)     :    27.9493  65.8202  40.8773  56.0755  36.4875  35.7465  71.0758 
>
iteration       : 114
climbing        : no
zoom on         : no
nim             : 9
barrier         :   0.02430493 (image:  4) 
distance        :   0.00000000    8.94885400   12.77849687   14.79284803   16.59277222   18.41870497   20.45275155   22.52416799   40.85397123 
energy          : -1977.86838856  -1977.86581092  -1977.85847776  -1977.84687611  -1977.84408362  -1977.84648052  -1977.84726916  -1977.86817583  -1977.92730488 
max(|Fr_perp|)   :   0.00000000    0.00084776    0.00180067    0.00309430    0.00122683    0.00275776    0.00480687    0.00295710    0.00000000 
Fr_paral         :   0.00000000   -0.00072761   -0.00480790   -0.00536073    0.00148792    0.00067620    0.00133078    0.01264413    0.00000000 
max(|Fsp_paral|) :   0.00000000    0.00092930    0.00045273    0.00029882    0.00117984    0.00090756    0.00076533    0.00725703    0.00000000 
max(|Fsp_perp|)  :   0.00000000    0.00000000    0.00000000    0.00000000    0.00000000    0.00000000    0.00000000    0.00000000    0.00000000 
max(|FNEB|)      :   0.00000000    0.00134732    0.00220681    0.00307327    0.00151262    0.00305599    0.00486455    0.00604726    0.00000000 
max(|Force|)     :   0.00004585    0.00082770    0.00194858    0.00324110    0.00132954    0.00263470    0.00477783    0.00512481    0.00025123 
ksp              :   0.01954486    0.04669919    0.08965956    0.10000000    0.10000000    0.09112439    0.08820412    0.01078773 
max(|step|)      :   0.00000000    0.05539738    0.05598764    0.09701929    0.09324592    0.08143499    0.06926692    0.10000000    0.00162326 
angle (deg.)     :    31.4156  69.0857  41.8701  54.8560  40.6976  39.3227  75.6960 
>
iteration       : 115
climbing        : no
zoom on         : no
nim             : 9
barrier         :   0.02404016 (image:  4) 
distance        :   0.00000000    9.10901502   12.87651229   14.89731970   16.72440443   18.59079426   20.65582211   22.77338128   41.43220072 
energy          : -1977.86838856  -1977.86571148  -1977.85815819  -1977.84670506  -1977.84434840  -1977.84667725  -1977.84730831  -1977.86781308  -1977.92730488 
max(|Fr_perp|)   :   0.00000000    0.00303677    0.00167046    0.00287292    0.00208373    0.00688739    0.00617162    0.00429316    0.00000000 
Fr_paral         :   0.00000000   -0.00048702   -0.00471578   -0.00506095    0.00155973    0.00020010    0.00128417    0.00956156    0.00000000 
max(|Fsp_paral|) :   0.00000000    0.00010956    0.00060403    0.00075340    0.00181905    0.00063854    0.00003687    0.01947271    0.00000000 
max(|Fsp_perp|)  :   0.00000000    0.00000000    0.00000000    0.00000000    0.00000000    0.00000000    0.00000000    0.00000000    0.00000000 
max(|FNEB|)      :   0.00000000    0.00311514    0.00189851    0.00282625    0.00221722    0.00704047    0.00632343    0.01558187    0.00000000 
max(|Force|)     :   0.00004585    0.00311442    0.00243166    0.00341150    0.00215202    0.00707500    0.00623410    0.00443202    0.00025123 
ksp              :   0.02002619    0.04830018    0.09118091    0.10000000    0.10000000    0.09129148    0.08892730    0.01219696 
max(|step|)      :   0.00000000    0.01104940    0.00673402    0.01002471    0.00786451    0.02497260    0.02242924    0.05526896    0.00000000 
angle (deg.)     :    31.4766  68.8991  41.7689  54.8485  40.7089  38.7595  75.6838 
>
iteration       : 116
climbing        : no
zoom on         : no
nim             : 9
barrier         :   0.02406183 (image:  4) 
distance        :   0.00000000    9.10568000   12.87274868   14.87740796   16.72309030   18.58488841   20.64392558   22.89944059   41.51017666 
energy          : -1977.86838856  -1977.86564879  -1977.85816544  -1977.84675414  -1977.84432673  -1977.84609928  -1977.84687006  -1977.86902209  -1977.92730488 
max(|Fr_perp|)   :   0.00000000    0.01173604    0.00549158    0.00789673    0.00465540    0.02572572    0.02346133    0.01166459    0.00000000 
Fr_paral         :   0.00000000   -0.00049097   -0.00477769   -0.00538828    0.00164467   -0.00046769    0.00139565    0.00358489    0.00000000 
max(|Fsp_paral|) :   0.00000000    0.00065236    0.00014410    0.00113720    0.00072674    0.00205361    0.00327329    0.00881187    0.00000000 
max(|Fsp_perp|)  :   0.00000000    0.00000000    0.00000000    0.00000000    0.00000000    0.00000000    0.00000000    0.00000000    0.00000000 
max(|FNEB|)      :   0.00000000    0.01177407    0.00545408    0.00798360    0.00481517    0.02574352    0.02315383    0.01422481    0.00000000 
max(|Force|)     :   0.00004585    0.01174308    0.00581833    0.00769352    0.00481845    0.02572435    0.02342509    0.01160723    0.00025123 
ksp              :   0.02024773    0.04823817    0.09092061    0.10000000    0.10000000    0.09337001    0.09048700    0.01000000 
max(|step|)      :   0.00000000    0.00974971    0.00466805    0.00685966    0.00398425    0.02140182    0.01916796    0.01603035    0.00024813 
angle (deg.)     :    31.4755  68.8994  41.7051  54.8413  40.7740  38.7837  75.6261 
>
iteration       : 117
climbing        : no
zoom on         : no
nim             : 9
barrier         :   0.02398695 (image:  4) 
distance        :   0.00000000    9.10405180   12.87227240   14.87884488   16.72214292   18.58825399   20.65276634   22.87325410   41.48855266 
energy          : -1977.86838856  -1977.86579582  -1977.85820232  -1977.84685997  -1977.84440161  -1977.84677050  -1977.84741526  -1977.86911332  -1977.92730488 
max(|Fr_perp|)   :   0.00000000    0.00084526    0.00146017    0.00148405    0.00082245    0.00137571    0.00107635    0.00507637    0.00000000 
Fr_paral         :   0.00000000   -0.00057220   -0.00484763   -0.00541842    0.00160385    0.00030960    0.00136346    0.00580678    0.00000000 
max(|Fsp_paral|) :   0.00000000    0.00051543    0.00011780    0.00107674    0.00105961    0.00050451    0.00243915    0.00527968    0.00000000 
max(|Fsp_perp|)  :   0.00000000    0.00000000    0.00000000    0.00000000    0.00000000    0.00000000    0.00000000    0.00000000    0.00000000 
max(|FNEB|)      :   0.00000000    0.00097340    0.00138230    0.00156552    0.00112030    0.00139694    0.00279076    0.01035606    0.00000000 
max(|Force|)     :   0.00004585    0.00087572    0.00230200    0.00343782    0.00100826    0.00138012    0.00099745    0.00408430    0.00025123 
ksp              :   0.01972805    0.04821916    0.09077612    0.10000000    0.10000000    0.09111184    0.08869267    0.01000000 
max(|step|)      :   0.00000000    0.00082110    0.00118758    0.00140768    0.00125586    0.00104123    0.00273749    0.01245842    0.00003180 
angle (deg.)     :    31.4673  68.8891  41.6216  54.8430  40.7841  38.7662  75.5552 
>
iteration       : 118
climbing        : no
zoom on         : no
nim             : 9
barrier         :   0.02398021 (image:  4) 
distance        :   0.00000000    9.10543313   12.87066354   14.87829918   16.72086047   18.58705389   20.65934301   22.85584637   41.47126942 
energy          : -1977.86838856  -1977.86580374  -1977.85821199  -1977.84686274  -1977.84440835  -1977.84677226  -1977.84742956  -1977.86910366  -1977.92730488 
max(|Fr_perp|)   :   0.00000000    0.00100553    0.00125906    0.00133350    0.00082792    0.00194426    0.00198478    0.00459444    0.00000000 
Fr_paral         :   0.00000000   -0.00058413   -0.00485441   -0.00543067    0.00159958    0.00030884    0.00139153    0.00707715    0.00000000 
max(|Fsp_paral|) :   0.00000000    0.00051046    0.00021254    0.00098093    0.00109779    0.00075285    0.00162897    0.00419133    0.00000000 
max(|Fsp_perp|)  :   0.00000000    0.00000000    0.00000000    0.00000000    0.00000000    0.00000000    0.00000000    0.00000000    0.00000000 
max(|FNEB|)      :   0.00000000    0.00093634    0.00111820    0.00165314    0.00104654    0.00197487    0.00200601    0.00878577    0.00000000 
max(|Force|)     :   0.00004585    0.00103658    0.00210325    0.00342926    0.00087148    0.00194851    0.00190228    0.00392191    0.00025123 
ksp              :   0.01970106    0.04819361    0.09078842    0.10000000    0.10000000    0.09112800    0.08866111    0.01000000 
max(|step|)      :   0.00000000    0.00560223    0.00690381    0.01043334    0.00654238    0.00803775    0.01262344    0.06762630    0.00049725 
angle (deg.)     :    31.4739  68.7360  41.0845  54.8456  41.0189  38.1984  74.8542 
>
iteration       : 119
climbing        : no
zoom on         : no
nim             : 9
barrier         :   0.02393952 (image:  4) 
distance        :   0.00000000    9.11340999   12.86046985   14.86901345   16.71153431   18.58594040   20.67995155   22.76522050   41.37292208 
energy          : -1977.86838856  -1977.86584610  -1977.85825348  -1977.84687574  -1977.84444904  -1977.84676859  -1977.84750647  -1977.86875001  -1977.92730488 
max(|Fr_perp|)   :   0.00000000    0.00297416    0.00115726    0.00148892    0.00126555    0.00577629    0.00322721    0.00191668    0.00000000 
Fr_paral         :   0.00000000   -0.00065828   -0.00492410   -0.00562643    0.00165401    0.00029903    0.00155998    0.01214530    0.00000000 
max(|Fsp_paral|) :   0.00000000    0.00049573    0.00059493    0.00085382    0.00148219    0.00124948    0.00182629    0.00072266    0.00000000 
max(|Fsp_perp|)  :   0.00000000    0.00000000    0.00000000    0.00000000    0.00000000    0.00000000    0.00000000    0.00000000    0.00000000 
max(|FNEB|)      :   0.00000000    0.00301210    0.00116344    0.00151390    0.00147167    0.00571094    0.00352439    0.00180242    0.00000000 
max(|Force|)     :   0.00004585    0.00296167    0.00202546    0.00335544    0.00116411    0.00577101    0.00327024    0.00564656    0.00025123 
ksp              :   0.01955831    0.04810256    0.09087686    0.10000000    0.10000000    0.09127970    0.08850567    0.01000000 
max(|step|)      :   0.00000000    0.00658598    0.01000924    0.01181952    0.01104343    0.01366102    0.00754669    0.04602701    0.00054202 
angle (deg.)     :    31.5964  68.4263  40.5322  54.8610  41.4472  36.7041  73.6206 
>
iteration       : 120
climbing        : no
zoom on         : no
nim             : 9
barrier         :   0.02393861 (image:  4) 
distance        :   0.00000000    9.12278665   12.85040196   14.85240376   16.70274872   18.59047584   20.65664030   22.70575538   41.29199026 
energy          : -1977.86838856  -1977.86586013  -1977.85823790  -1977.84680393  -1977.84444995  -1977.84674596  -1977.84749760  -1977.86835607  -1977.92730488 
max(|Fr_perp|)   :   0.00000000    0.00543498    0.00192501    0.00457444    0.00470810    0.00780033    0.00404345    0.01138946    0.00000000 
Fr_paral         :   0.00000000   -0.00075176   -0.00502578   -0.00575094    0.00163607    0.00021747    0.00158467    0.01390116    0.00000000 
max(|Fsp_paral|) :   0.00000000    0.00039609    0.00075893    0.00127153    0.00174369    0.00000280    0.00204788    0.00308251    0.00000000 
max(|Fsp_perp|)  :   0.00000000    0.00000000    0.00000000    0.00000000    0.00000000    0.00000000    0.00000000    0.00000000    0.00000000 
max(|FNEB|)      :   0.00000000    0.00540719    0.00214092    0.00468475    0.00469568    0.00780043    0.00423785    0.01133843    0.00000000 
max(|Force|)     :   0.00004585    0.00544818    0.00231548    0.00433184    0.00457115    0.00780292    0.00400153    0.01128358    0.00025123 
ksp              :   0.01950590    0.04816258    0.09114991    0.10000000    0.10000000    0.09136787    0.08854197    0.01012212 
max(|step|)      :   0.00000000    0.00347101    0.00154279    0.00299677    0.00298201    0.00476918    0.00279672    0.00830273    0.00005349 
angle (deg.)     :    31.6259  68.3828  40.5021  54.8607  41.4045  36.5596  73.5658 
>
iteration       : 121
climbing        : no
zoom on         : no
nim             : 9
barrier         :   0.02388031 (image:  4) 
distance        :   0.00000000    9.12309105   12.85040412   14.85067384   16.70275433   18.58728821   20.64803474   22.71779130   41.29872117 
energy          : -1977.86838856  -1977.86589062  -1977.85823692  -1977.84684372  -1977.84450825  -1977.84683016  -1977.84752737  -1977.86874145  -1977.92730488 
max(|Fr_perp|)   :   0.00000000    0.00115949    0.00111885    0.00194424    0.00200923    0.00216818    0.00130897    0.00240909    0.00000000 
Fr_paral         :   0.00000000   -0.00075489   -0.00503392   -0.00579974    0.00167061    0.00028292    0.00159955    0.01359814    0.00000000 
max(|Fsp_paral|) :   0.00000000    0.00069080    0.00065395    0.00138901    0.00151672    0.00013863    0.00128732    0.00109704    0.00000000 
max(|Fsp_perp|)  :   0.00000000    0.00000000    0.00000000    0.00000000    0.00000000    0.00000000    0.00000000    0.00000000    0.00000000 
max(|FNEB|)      :   0.00000000    0.00110961    0.00122939    0.00206414    0.00202936    0.00216259    0.00184134    0.00240024    0.00000000 
max(|Force|)     :   0.00004585    0.00117314    0.00150568    0.00309211    0.00187132    0.00217201    0.00134102    0.00635913    0.00025123 
ksp              :   0.01941421    0.04825943    0.09119809    0.10000000    0.10000000    0.09124918    0.08862156    0.01000000 
max(|step|)      :   0.00000000    0.00383129    0.00604517    0.00671040    0.00785388    0.00523054    0.00417641    0.01216255    0.00041955 
angle (deg.)     :    31.7399  68.1576  40.1790  54.8741  41.5136  35.6612  72.8647 
>
iteration       : 122
climbing        : no
zoom on         : no
nim             : 9
barrier         :   0.02382867 (image:  4) 
distance        :   0.00000000    9.13054703   12.84517353   14.84097001   16.69837991   18.58149359   20.62488164   22.70087950   41.26446339 
energy          : -1977.86838856  -1977.86589774  -1977.85821111  -1977.84680599  -1977.84455989  -1977.84685337  -1977.84752848  -1977.86883447  -1977.92730488 
max(|Fr_perp|)   :   0.00000000    0.00067795    0.00093398    0.00077691    0.00052147    0.00090020    0.00062545    0.00179537    0.00000000 
Fr_paral         :   0.00000000   -0.00079199   -0.00508880   -0.00590467    0.00171530    0.00029776    0.00161697    0.01391601    0.00000000 
max(|Fsp_paral|) :   0.00000000    0.00068755    0.00069407    0.00154508    0.00120513    0.00056172    0.00064769    0.00059422    0.00000000 
max(|Fsp_perp|)  :   0.00000000    0.00000000    0.00000000    0.00000000    0.00000000    0.00000000    0.00000000    0.00000000    0.00000000 
max(|FNEB|)      :   0.00000000    0.00091893    0.00104873    0.00151645    0.00132883    0.00088079    0.00104424    0.00176806    0.00000000 
max(|Force|)     :   0.00004585    0.00066346    0.00144818    0.00297869    0.00097191    0.00090365    0.00086858    0.00729882    0.00025123 
ksp              :   0.01940772    0.04843982    0.09151657    0.10000000    0.10000000    0.09133761    0.08878773    0.01000000 
max(|step|)      :   0.00000000    0.00554918    0.00905498    0.00949277    0.01210265    0.00679937    0.00598949    0.01258315    0.00058279 
angle (deg.)     :    31.9577  67.7799  39.6948  54.9030  41.6041  34.3559  71.8411 
>
iteration       : 123
climbing        : no
zoom on         : no
nim             : 9
barrier         :   0.02376928 (image:  4) 
distance        :   0.00000000    9.14325942   12.83828416   14.82749515   16.69113859   18.56744434   20.58663094   22.67842825   41.21605609 
energy          : -1977.86838856  -1977.86589290  -1977.85815093  -1977.84670667  -1977.84461927  -1977.84686727  -1977.84751510  -1977.86897786  -1977.92730488 
max(|Fr_perp|)   :   0.00000000    0.00118678    0.00072074    0.00141727    0.00120391    0.00139718    0.00095485    0.00290115    0.00000000 
Fr_paral         :   0.00000000   -0.00083665   -0.00517378   -0.00598917    0.00175787    0.00029505    0.00162319    0.01415327    0.00000000 
max(|Fsp_paral|) :   0.00000000    0.00059630    0.00076697    0.00158640    0.00059703    0.00096962    0.00042485    0.00038470    0.00000000 
max(|Fsp_perp|)  :   0.00000000    0.00000000    0.00000000    0.00000000    0.00000000    0.00000000    0.00000000    0.00000000    0.00000000 
max(|FNEB|)      :   0.00000000    0.00122946    0.00095110    0.00179741    0.00105501    0.00158583    0.00098427    0.00292137    0.00000000 
max(|Force|)     :   0.00004585    0.00117159    0.00161398    0.00279057    0.00105633    0.00139306    0.00098674    0.00821564    0.00025123 
ksp              :   0.01944954    0.04876374    0.09209628    0.10000000    0.10000000    0.09148818    0.08903526    0.01000000 
max(|step|)      :   0.00000000    0.01043691    0.01515952    0.01759544    0.01727605    0.00650776    0.00645343    0.01679352    0.00059001 
angle (deg.)     :    32.4969  66.9904  38.8213  54.9381  41.3919  32.7460  70.4431 
>
iteration       : 124
climbing        : no
zoom on         : no
nim             : 9
barrier         :   0.02368015 (image:  4) 
distance        :   0.00000000    9.16930289   12.83154814   14.80927788   16.66863020   18.51924122   20.53197395   22.62406522   41.12862605 
energy          : -1977.86838856  -1977.86587258  -1977.85799584  -1977.84648848  -1977.84470840  -1977.84687783  -1977.84751823  -1977.86906455  -1977.92730488 
max(|Fr_perp|)   :   0.00000000    0.00039594    0.00110833    0.00218264    0.00207354    0.00191130    0.00184461    0.00291948    0.00000000 
Fr_paral         :   0.00000000   -0.00089347   -0.00532547   -0.00602902    0.00180722    0.00030219    0.00165677    0.01463478    0.00000000 
max(|Fsp_paral|) :   0.00000000    0.00048910    0.00079156    0.00077441    0.00041635    0.00012740    0.00061857    0.00079931    0.00000000 
max(|Fsp_perp|)  :   0.00000000    0.00000000    0.00000000    0.00000000    0.00000000    0.00000000    0.00000000    0.00000000    0.00000000 
max(|FNEB|)      :   0.00000000    0.00067687    0.00133319    0.00218644    0.00217201    0.00199778    0.00174616    0.00306380    0.00000000 
max(|Force|)     :   0.00004585    0.00044523    0.00176223    0.00259053    0.00186996    0.00192489    0.00173517    0.00827417    0.00025123 
ksp              :   0.01956236    0.04949909    0.09323454    0.10000000    0.10000000    0.09175478    0.08932084    0.01000000 
max(|step|)      :   0.00000000    0.02345232    0.03227865    0.03949282    0.03450569    0.01363036    0.01893993    0.03640758    0.00108817 
angle (deg.)     :    33.9148  65.1402  37.2840  54.9992  41.2983  29.3926  67.3800 
>
iteration       : 125
climbing        : no
zoom on         : no
nim             : 9
barrier         :   0.02350502 (image:  4) 
distance        :   0.00000000    9.23124010   12.82180768   14.76957608   16.61360947   18.43057878   20.42973234   22.50517745   40.94411555 
energy          : -1977.86838856  -1977.86568834  -1977.85748255  -1977.84595955  -1977.84488354  -1977.84689226  -1977.84751436  -1977.86867992  -1977.92730488 
max(|Fr_perp|)   :   0.00000000    0.00886924    0.00871514    0.00688564    0.00258029    0.00318859    0.00398087    0.01224589    0.00000000 
Fr_paral         :   0.00000000   -0.00097279   -0.00544810   -0.00578437    0.00188148    0.00021884    0.00169249    0.01535621    0.00000000 
max(|Fsp_paral|) :   0.00000000    0.00050487    0.00023164    0.00117983    0.00132303    0.00093019    0.00059753    0.00096557    0.00000000 
max(|Fsp_perp|)  :   0.00000000    0.00000000    0.00000000    0.00000000    0.00000000    0.00000000    0.00000000    0.00000000    0.00000000 
max(|FNEB|)      :   0.00000000    0.00884079    0.00865745    0.00678454    0.00267887    0.00315114    0.00391712    0.01224198    0.00000000 
max(|Force|)     :   0.00004585    0.00885476    0.00906102    0.00663666    0.00251175    0.00318571    0.00392946    0.01227255    0.00025123 
ksp              :   0.02033903    0.05175876    0.09588001    0.10000000    0.10000000    0.09230867    0.08992666    0.01000000 
max(|step|)      :   0.00000000    0.00832948    0.01262401    0.01383968    0.01467411    0.00675417    0.00833767    0.01639693    0.00064124 
angle (deg.)     :    33.4939  65.6752  37.7801  54.9083  41.2166  30.7721  68.6374 
>
