 MPINFO::: Global Communicator        :::
 MPINFO::: Global Context =    0      :::
 MPINFO::: Global Size =      20      :::
 MPINFO::: Global Root =       0      :::
 MPINFO::: Global Rank =       0      :::
 version 2.68: slics foundation version
 ========================================================================
    Program: SEQQUEST - LCAO-PS-DFT electronic structure code
    Version:  2.68e     Last revised: 29Mar20-PAS
    Copyright 2007 Sandia Corporation.

    Written by Peter A. Schultz (Sandia National Laboratories)
    Based on a code originally written by Peter J. Feibelman

    Documentation:  http://www.cs.sandia.gov/~paschul/Quest/
               and  http://dft.sandia.gov/Quest/
    Questions, comments to:  paschul@sandia.gov
 ========================================================================
  Maximum dimension parameters for this run are:
  
   maxwkd (r8 workspace)   = 220000000
   maxr1d (grid dimension) =       600
  
   norbd (basis fcns) =      8500
   natmd (atoms)      =       650     ntypd (atom types) =         7
   nshld (shell/atm)  =         7     noad  (bf/atm)     =        21
   nald  (gauss/shell)=         6     nrd   (rad pts/atm)=       200
   nkd   (kpts/ibz)   =      2000     nsymd (sym/group)  =        48
   nimgd (NEB images) =        12
  
   nlatd (lattice images)=      2000
   neq3d (do not ask) =        14
   Default record length (r8) for i/o=   1000000
 ------------------------------------------------------------------------

 Before input     +    2.41 =       2.4 seconds wall (    1.91 usr    0.28 sys)
  
##### Run options:
 do setup                                                                        
 do iters                                                                        
 do force                                                                        
 do relax                                                                        
 do post                                                                         
 setup data                                                                      
 >>>>> Options (set/scf/frc/relax/cell/neb/md)= T T T T F F F
 >>>>> use blas3= T
 >>>>> split basis = T
 >>>>> Output level set =           2
 >>>> do_bands, do_optic, do_nonscf= F F F
setup data:
title
 Title line(s) for this run:
title2
functional
 PBE-SP
spin polarization
   2.00000000
 vdw_potential type, default=OFF 
   OFF   
dimension of system (0=cluster ... 3=bulk)
  0
coordinates
CARTESIAN
scale
   1.00000000
 scalez factor: scale z-direction
   1.00000000
primitive lattice vectors
  60.00000000  0.00000000  0.00000000
   0.00000000 60.00000000  0.00000000
   0.00000000  0.00000000 60.00000000
 > Input Cell volume{bohr^3)=   216000.000000
grid dimensions
  128 128 128
 nearby option: 0=0,1=pt,2=wt
  2
atom types
  6
atom file
 O = O.atm
>>>>> atom type name=O           
type number, label:
  1 O                      
notes6
 notes for this atom file:
 Constructed by Peter A. Schultz, 17-January-2007
 Troullier/Martins-type ppot [N.Troullier,J.L.Martins, PRB 43,8861(1991)]
 generated by fhi98PP [M.Fuchs,M.Scheffler, Comput.Phys.Commun. 119,67(1999)]
 ppot: [He-core]s2p4, l=1; Rs=1.15, Rp=1.15
   NB: a middlin' hard T-M potential, without partial core correction
 basis: refined in H2O
mass
   1.59994000D+01
energy = E(H2O) - E(H2)
  -3.20919400D+01
effective nuclear charge (s2p4 to  9.0)
   6.00000000D+00
pseudopotentials: Lmax, and effective gaussian range
  1   5.87000000
functional type used in generating potential:
 PBE    = dft fcnal used to generate pot
radial mesh: number of points for local and non-local pot integrals
  80  59
mesh points for nuclear potential;  tm91fh
      0.01666667  0.01804829  0.01954444  0.02116462  0.02291911  0.02481905
      0.02687648  0.02910446  0.03151714  0.03412983  0.03695910  0.04002291
      0.04334070  0.04693352  0.05082419  0.05503737  0.05959982  0.06454048
      0.06989072  0.07568447  0.08195850  0.08875264  0.09610999  0.10407725
      0.11270497  0.12204790  0.13216534  0.14312149  0.15498587  0.16783378
      0.18174674  0.19681305  0.21312832  0.23079608  0.24992845  0.27064683
      0.29308272  0.31737848  0.34368829  0.37217912  0.40303175  0.43644199
      0.47262184  0.51180091  0.55422781  0.60017179  0.64992440  0.70380136
      0.76214458  0.82532429  0.89374143  0.96783016  1.04806065  1.13494203
      1.22902564  1.33090852  1.44123721  1.56071186  1.69009063  1.83019454
      1.98191269  2.14620786  2.32412265  2.51678610  2.72542082  2.95135079
      3.19600974  3.46095025  3.74785362  4.05854048  4.39498245  4.75931454
      5.15384877  5.58108881  6.04374589  6.54475598  7.08729845  7.67481621
      8.31103759  9.00000000
radwts: weights for radial points
      0.00132734  0.00143737  0.00155652  0.00168555  0.00182528  0.00197659
      0.00214045  0.00231788  0.00251003  0.00271810  0.00294343  0.00318743
      0.00345166  0.00373779  0.00404764  0.00438318  0.00474654  0.00514001
      0.00556610  0.00602752  0.00652718  0.00706827  0.00765421  0.00828872
      0.00897584  0.00971991  0.01052566  0.01139821  0.01234309  0.01336630
      0.01447433  0.01567421  0.01697356  0.01838063  0.01990433  0.02155435
      0.02334114  0.02527606  0.02737138  0.02964039  0.03209750  0.03475829
      0.03763966  0.04075988  0.04413877  0.04779775  0.05176005  0.05605082
      0.06069728  0.06572892  0.07117767  0.07707811  0.08346767  0.09038691
      0.09787974  0.10599371  0.11478030  0.12429527  0.13459901  0.14575690
      0.15783976  0.17092424  0.18509340  0.20043714  0.21705283  0.23504592
      0.25453058  0.27563048  0.29847949  0.32322263  0.35001691  0.37903236
      0.41045311  0.44447856  0.48132462  0.52122512  0.56443327  0.61122325
      0.66189199  0.71676104
non-local potential: l,potential*integration weight
  0   0.93730511  0.93554052  0.93361839  0.93153365  0.92928327  0.92686634
      0.92428390  0.92153850  0.91863349  0.91557199  0.91235563  0.90898303
      0.90544833  0.90173964  0.89783801  0.89371685  0.88934220  0.88467387
      0.87966724  0.87427564  0.86845278  0.86215507  0.85534357  0.84798554
      0.84005562  0.83153648  0.82241863  0.81269851  0.80237370  0.79143391
      0.77984650  0.76753677  0.75436432  0.74009742  0.72438611  0.70673257
      0.68645949  0.66269421  0.63442591  0.60072027  0.56103450  0.51518157
      0.46260034  0.40186561  0.33154312  0.25174338  0.16543037  0.07940357
      0.00465384 -0.04517076 -0.05908610 -0.03875595 -0.00829872  0.00001909
      0.00000545  0.00000199  0.00000064  0.00000018  0.00000004  0.00000000
      0.00000000  0.00000000  0.00000000  0.00000000  0.00000000  0.00000000
      0.00000000  0.00000000  0.00000000  0.00000000  0.00000000  0.00000000
      0.00000000  0.00000000  0.00000000  0.00000000  0.00000000  0.00000000
      0.00000000  0.00000000
non-local potential: l,potential*integration weight
  1   0.90370413  0.89915413  0.89421569  0.88886460  0.88307711  0.87682988
      0.87009965  0.86286267  0.85509381  0.84676537  0.83784560  0.82829704
      0.81807474  0.80712459  0.79538197  0.78277097  0.76920439  0.75458466
      0.73880543  0.72175375  0.70331247  0.68336251  0.66178511  0.63846390
      0.61328705  0.58614966  0.55695625  0.52562300  0.49207935  0.45626822
      0.41814517  0.37767819  0.33485145  0.28967777  0.24222327  0.19264571
      0.14124931  0.08857314  0.03556416 -0.01609767 -0.06361358 -0.10313288
     -0.13071331 -0.14337790 -0.13932187 -0.11803667 -0.08124130 -0.03422899
      0.01331497  0.04813719  0.05745893  0.03806545  0.00846852  0.00000828
      0.00000560  0.00000199  0.00000064  0.00000018  0.00000004  0.00000000
      0.00000000  0.00000000  0.00000000  0.00000000  0.00000000  0.00000000
      0.00000000  0.00000000  0.00000000  0.00000000  0.00000000  0.00000000
      0.00000000  0.00000000  0.00000000  0.00000000  0.00000000  0.00000000
      0.00000000  0.00000000

 For atom type  1, l= 1 potential used as local nuclear potential
number of radial functions  ****  O/pbe   - by Peter Schultz / 17Jan07 ****
  5
angular momentum, number of alphas
  0  5
alphas - s - 5s/2/5s284 Eopt(flat) + check (c1)
   2.40227000D-01  6.83348000D-01  1.98182200D+00  3.96390000D+00
   7.92780000D+00
wave function coefficients
   3.33034000D-01  1.10004600D+00  1.16492600D+00 -1.95149900D+00
   6.44755000D-01
angular momentum, number of alphas
  1  4
alphas - p - 4p/2/4p563 Eopt + reopt(c1)
   1.29289000D-01  4.02185000D-01  1.18213300D+00  3.84037500D+00
wave function coefficients
   5.93100000D-02  3.75369000D-01  1.45605400D+00  3.86770800D+00
angular momentum, number of alphas
  0  1
alphas - s - second zeta s polarization
   2.40227000D-01
wave function coefficients
   1.00000000D+00
angular momentum, number of alphas
  1  1
alphas - p - second zeta p polarization
   1.29289000D-01
wave function coefficients
   1.00000000D+00
angular momentum, number of alphas
  2  2
alphas
   2.50000000D-01  1.20000000D+00
wave function coefficients
   1.17200000D-01  1.00000000D+00
shell occupancies for oxygen, O s(2.0)p(4.5)p'(-0.5), -0.5 pseudoion (H2O)
      2.00000000  4.50000000  0.00000000 -0.50000000  0.00000000
end atom file
atom file
 H = H.atm
>>>>> atom type name=H           
type number, label:
  2 H                      
notes3
 notes for this atom file:
 bare nuclear potential
 generated March-2001, by Peter A. Schultz
 Changed to triple-zeta s (to recover double-zeta, remove third zeta)
mass
   1.00079000D+00
energy = E(H2)/2
  -1.16555500D+00
effective nuclear charge (s1 to 10.0)
   1.00000000D+00
pseudopotentials: Lmax, and effective gaussian range
 -1   1.71000000
radial mesh: number of points for local and non-local pot integrals
 100  80
mesh points for nuclear potential
      0.00200000  0.00217968  0.00237551  0.00258893  0.00282152  0.00307501
      0.00335127  0.00365236  0.00398049  0.00433810  0.00472785  0.00515260
      0.00561552  0.00612003  0.00666986  0.00726909  0.00792215  0.00863389
      0.00940957  0.01025494  0.01117626  0.01218036  0.01327466  0.01446727
      0.01576703  0.01718357  0.01872736  0.02040986  0.02224351  0.02424190
      0.02641983  0.02879343  0.03138027  0.03419952  0.03727205  0.04062063
      0.04427005  0.04824734  0.05258195  0.05730599  0.06245444  0.06806544
      0.07418054  0.08084503  0.08810827  0.09602405  0.10465099  0.11405299
      0.12429968  0.13546694  0.14763749  0.16090146  0.17535709  0.19111143
      0.20828116  0.22699345  0.24738688  0.26961248  0.29383487  0.32023343
      0.34900367  0.38035868  0.41453067  0.45177272  0.49236064  0.53659505
      0.58480355  0.63734316  0.69460302  0.75700718  0.82501783  0.89913865
      0.97991859  1.06795593  1.16390267  1.26846941  1.38243058  1.50663019
      1.64198808  1.78950672  1.95027865  2.12549457  2.31645214  2.52456563
      2.75137635  2.99856407  3.26795950  3.56155782  3.88153345  4.23025616
      4.61030863  5.02450558  5.47591460  5.96787887  6.50404194  7.08837469
      7.72520477  8.41924860  9.17564635 10.00000000
radwts: weights for radial points
      0.00017206  0.00018752  0.00020437  0.00022273  0.00024274  0.00026455
      0.00028832  0.00031422  0.00034245  0.00037322  0.00040675  0.00044329
      0.00048312  0.00052652  0.00057382  0.00062538  0.00068156  0.00074279
      0.00080953  0.00088226  0.00096152  0.00104790  0.00114205  0.00124465
      0.00135647  0.00147834  0.00161116  0.00175591  0.00191366  0.00208559
      0.00227296  0.00247716  0.00269972  0.00294226  0.00320660  0.00349468
      0.00380865  0.00415083  0.00452374  0.00493016  0.00537310  0.00585582
      0.00638192  0.00695528  0.00758015  0.00826117  0.00900336  0.00981224
      0.01069378  0.01165453  0.01270159  0.01384272  0.01508637  0.01644175
      0.01791890  0.01952876  0.02128325  0.02319537  0.02527928  0.02755040
      0.03002557  0.03272311  0.03566301  0.03886703  0.04235890  0.04616448
      0.05031197  0.05483207  0.05975826  0.06512703  0.07097814  0.07735492
      0.08430461  0.09187866  0.10013317  0.10912928  0.11893362  0.12961879
      0.14126394  0.15395530  0.16778687  0.18286109  0.19928960  0.21719407
      0.23670711  0.25797323  0.28114992  0.30640885  0.33393707  0.36393847
      0.39663525  0.43226954  0.47110528  0.51343007  0.55955739  0.60982886
      0.66461678  0.72432694  0.78940154  0.86032254
number of radial functions  **** H PBE bare-core basis 11Apr01-PAS ****
  4
angular momentum, number of alphas
  0  5
alphas - s - Ham-II/PBE/4s408 + a5(19.22) + full recontract in H2
   1.02474000D-01  3.72304000D-01  1.23085800D+00  4.78332400D+00
   1.92200000D+01
wave function coefficients
   1.04060000D-01  4.80100000D-01  5.85350000D-01  3.97563000D-01
   2.69130000D-01
angular momentum, number of alphas
  0  2
alphas - s - second zeta s polarization (H2O Eopt)
   1.02474000D-01  3.72304000D-01
wave function coefficients
   7.52810000D-02  1.20939000D-01
angular momentum, number of alphas
  0  1
alphas - s - third zeta s polarization (H2O Eopt)
   1.02474000D-01
wave function coefficients
   1.00000000D+00
angular momentum, number of alphas
  1  1
alphas - p - angular polarization (dzp Eopt H2)
   1.10000000D+00
wave function coefficients
   1.00000000D+00
shell occupancies for hydrogen, H: s(1.00)p(0.00)
      1.00000000  0.00000000  0.00000000  0.00000000
end atom file
atom file
 C = C.atm
>>>>> atom type name=C           
type number, label:
  3 C                      
notes5
 notes for this atom file:
 Constructed by Peter A. Schultz, 4-January-2007
 Hamann-type ppot [D.R. Hamann,  PRB 40, 2980 (1989)]
 generated by fhi98PP [M.Fuchs,M.Scheffler, Comput.Phys.Commun. 119,67(1999)]
 ppot: [He-core]s2p2, l=1; Def: Rs=0.73, Rp=0.48
 basis: refined in 4-lyr Td(111) slab
energy - Td/16^3/k8^3/pbe
  -1.13937680D+01
effective nuclear charge (s2p2 to  9.0)
   4.00000000D+00
pseudopotentials: Lmax, and effective gaussian range
  1   3.69000000
functional type used in generating potential:
 PBE    = dft fcnal used to generate pot
radial mesh: number of points for local and non-local pot integrals
 120 102
mesh points for nuclear potential;  ham1fh
      0.02500000  0.02626767  0.02759962  0.02899911  0.03046956  0.03201457
      0.03363793  0.03534360  0.03713576  0.03901879  0.04099731  0.04307615
      0.04526040  0.04755541  0.04996679  0.05250045  0.05516258  0.05795969
      0.06089864  0.06398662  0.06723117  0.07064025  0.07422219  0.07798576
      0.08194016  0.08609508  0.09046069  0.09504766  0.09986722  0.10493116
      0.11025188  0.11584240  0.12171640  0.12788824  0.13437304  0.14118667
      0.14834579  0.15586793  0.16377149  0.17207581  0.18080122  0.18996907
      0.19960179  0.20972295  0.22035733  0.23153093  0.24327112  0.25560662
      0.26856761  0.28218580  0.29649454  0.31152882  0.32732544  0.34392306
      0.36136229  0.37968581  0.39893845  0.41916733  0.44042196  0.46275433
      0.48621912  0.51087372  0.53677848  0.56399679  0.59259525  0.62264384
      0.65421610  0.68738929  0.72224459  0.75886729  0.79734700  0.83777790
      0.88025891  0.92489401  0.97179240  1.02106886  1.07284397  1.12724443
      1.18440337  1.24446064  1.30756323  1.37386555  1.44352985  1.51672659
      1.59363491  1.67444300  1.75934861  1.84855951  1.94229400  2.04078147
      2.14426292  2.25299158  2.36723353  2.48726831  2.61338967  2.74590624
      2.88514230  3.03143856  3.18515304  3.34666189  3.51636033  3.69466363
      3.88200811  4.07885224  4.28567769  4.50299059  4.73132273  4.97123286
      5.22330806  5.48816518  5.76645235  6.05885056  6.36607535  6.68887851
      7.02804998  7.38441975  7.75885988  8.15228666  8.56566284  9.00000000
radwts: weights for radial points
      0.00123658  0.00129928  0.00136516  0.00143438  0.00150712  0.00158354
      0.00166383  0.00174820  0.00183685  0.00192999  0.00202785  0.00213068
      0.00223872  0.00235224  0.00247151  0.00259683  0.00272851  0.00286686
      0.00301223  0.00316497  0.00332546  0.00349408  0.00367126  0.00385741
      0.00405301  0.00425853  0.00447446  0.00470135  0.00493974  0.00519022
      0.00545340  0.00572992  0.00602047  0.00632574  0.00664650  0.00698352
      0.00733764  0.00770970  0.00810064  0.00851140  0.00894298  0.00939645
      0.00987291  0.01037354  0.01089955  0.01145223  0.01203293  0.01264309
      0.01328418  0.01395777  0.01466553  0.01540917  0.01619052  0.01701149
      0.01787408  0.01878042  0.01973272  0.02073330  0.02178462  0.02288924
      0.02404988  0.02526938  0.02655071  0.02789701  0.02931157  0.03079787
      0.03235953  0.03400038  0.03572443  0.03753590  0.03943922  0.04143906
      0.04354030  0.04574809  0.04806782  0.05050519  0.05306614  0.05575696
      0.05858421  0.06155483  0.06467608  0.06795559  0.07140140  0.07502194
      0.07882606  0.08282307  0.08702276  0.09143541  0.09607180  0.10094329
      0.10606180  0.11143986  0.11709061  0.12302790  0.12926625  0.13582092
      0.14270796  0.14994422  0.15754741  0.16553613  0.17392994  0.18274936
      0.19201600  0.20175251  0.21198273  0.22273169  0.23402570  0.24589238
      0.25836079  0.27146144  0.28522637  0.29968928  0.31488556  0.33085239
      0.34762885  0.36525599  0.38377694  0.40323704  0.42368389  0.44516753
non-local potential: l,potential*integration weight
  0   0.39100562  0.39067485  0.39033823  0.38999879  0.38965989  0.38932513
      0.38899826  0.38868306  0.38838318  0.38810195  0.38784228  0.38760641
      0.38739580  0.38721103  0.38705165  0.38691622  0.38680233  0.38670670
      0.38662533  0.38655366  0.38648687  0.38641999  0.38634820  0.38626692
      0.38617198  0.38605973  0.38592700  0.38577121  0.38559025  0.38538253
      0.38514689  0.38488257  0.38458924  0.38426700  0.38391647  0.38353887
      0.38313623  0.38271151  0.38226892  0.38181401  0.38135384  0.38089688
      0.38045258  0.38003039  0.37963798  0.37927841  0.37894605  0.37862117
      0.37826346  0.37780501  0.37714366  0.37613777  0.37460355  0.37231704
      0.36902414  0.36446416  0.35841004  0.35071546  0.34133721  0.33029683
      0.31759520  0.30316280  0.28690443  0.26875136  0.24853666  0.22574940
      0.19972621  0.17051836  0.13937240  0.10806813  0.07821470  0.05122470
      0.02840362  0.01081157 -0.00100516 -0.00724855 -0.00892743 -0.00764520
     -0.00514007 -0.00276292 -0.00116667 -0.00036807 -0.00007497 -0.00000151
      0.00000748  0.00000523  0.00000292  0.00000155  0.00000081  0.00000043
      0.00000024  0.00000016  0.00000011  0.00000009  0.00000008  0.00000006
      0.00000005  0.00000005  0.00000004  0.00000004  0.00000003  0.00000003
      0.00000000  0.00000000  0.00000000  0.00000000  0.00000000  0.00000000
      0.00000000  0.00000000  0.00000000  0.00000000  0.00000000  0.00000000
      0.00000000  0.00000000  0.00000000  0.00000000  0.00000000  0.00000000
non-local potential: l,potential*integration weight
  1   0.36560952  0.36397730  0.36227137  0.36049107  0.35863582  0.35670508
      0.35469817  0.35261419  0.35045178  0.34820898  0.34588303  0.34347014
      0.34096535  0.33836235  0.33565334  0.33282903  0.32987859  0.32678968
      0.32354862  0.32014045  0.31654911  0.31275762  0.30874814  0.30450211
      0.30000028  0.29522270  0.29014867  0.28475665  0.27902413  0.27292752
      0.26644201  0.25954147  0.25219842  0.24438401  0.23606814  0.22721973
      0.21780705  0.20779831  0.19716246  0.18587019  0.17389525  0.16121597
      0.14781711  0.13369188  0.11884413  0.10329073  0.08706409  0.07021525
      0.05281777  0.03497339  0.01682028 -0.00145547 -0.01960454 -0.03729507
     -0.05408874 -0.06941146 -0.08252221 -0.09249895 -0.09828416 -0.09883540
     -0.09337182 -0.08162950 -0.06406125 -0.04206903 -0.01838077  0.00287418
      0.01747263  0.02350852  0.02232316  0.01698540  0.01056097  0.00526361
      0.00203413  0.00063797  0.00029470  0.00031888  0.00036305  0.00033630
      0.00025811  0.00017000  0.00009990  0.00005521  0.00003035  0.00001705
      0.00000966  0.00000539  0.00000293  0.00000155  0.00000081  0.00000043
      0.00000024  0.00000016  0.00000011  0.00000009  0.00000008  0.00000006
      0.00000005  0.00000005  0.00000004  0.00000004  0.00000003  0.00000003
      0.00000000  0.00000000  0.00000000  0.00000000  0.00000000  0.00000000
      0.00000000  0.00000000  0.00000000  0.00000000  0.00000000  0.00000000
      0.00000000  0.00000000  0.00000000  0.00000000  0.00000000  0.00000000

 For atom type  3, l= 1 potential used as local nuclear potential
number of radial functions  ****  C/pbe  basis - by Peter Schultz -  8Jan07 ****
  5
angular momentum, number of alphas
  0  5
alphas - s - 5s/2/5s312 Eopt + reopt(c2,c1)
   1.55830000D-01  4.58320000D-01  1.40253800D+00  2.80520000D+00
   5.61040000D+00
wave function coefficients
   2.61700000D-01  7.05480000D-01  3.62537000D-01 -1.29642800D+00
   4.50261000D-01
angular momentum, number of alphas
  1  4
alphas - p - 4p/2/4p361 Eopt + reopt(c1)
   1.43749000D-01  4.89605000D-01  1.38713100D+00  4.55300700D+00
wave function coefficients
   8.49200000D-02  5.16452000D-01  1.01732000D+00  1.69318600D+00
angular momentum, number of alphas
  0  1
alphas - p - second zeta p polarization
   1.55830000D-01
wave function coefficients
   1.00000000D+00
angular momentum, number of alphas
  1  1
alphas - p - second zeta p polarization
   1.43749000D-01
wave function coefficients
   1.00000000D+00
angular momentum, number of alphas
  2  1
alphas - d - angular polarization (dzp Eopt)
   7.30000000D-01
wave function coefficients
   1.00000000D+00
shell occupation numbers for C, carbon - s(2.00)p(2.00)
      2.00000000  2.00000000  0.00000000  0.00000000  0.00000000
end atom file
atom file
 Pt = Pt.atm
>>>>> atom type name=Pt          
type number, label:
  4 Pt                     
notes7
 notes for this atom file:
 Constructed by Peter A. Schultz, 15-December-2006 (cosmetics: 17Sep07)
 Hamann-type ppot [D.R. Hamann,  PRB 40, 2980 (1989)]
 generated by fhi98PP [M.Fuchs,M.Scheffler, Comput.Phys.Commun. 119,67(1999)]
 ppot: [p6-core]d9s0.5[+0.5],l=2,Rp0=1.65,Rpc=NONE; Def: Rs=1.39,Rd=0.76
   NB: semicore p6 is CORE, and NO partial core, with Rp-opted p0-potl
 basis: refined in fcc(111) slab, pp/bas checked hcp v fcc, oxides
   NB: 2p/1p->2p/2p and to /3d are most important available basis upgrades
energy = fcc/24^3/k16^3/uc/pbe
  -5.27160690D+01
effective nuclear charge (d9s0.5[+0.5], Rp0=1.65,Rpc=NONE to 11.0)
   1.00000000D+01
pseudopotentials: Lmax, and effective gaussian range
  2   0.96000000
functional type used in generating potential:
 PBE    = dft fcnal used to generate pot
radial mesh: number of points for local and non-local pot integrals
 120 110
mesh points for nuclear potential;  ham1fh
      0.01000000  0.01060615  0.01124905  0.01193092  0.01265411  0.01342115
      0.01423467  0.01509751  0.01601266  0.01698327  0.01801272  0.01910456
      0.02026260  0.02149082  0.02279349  0.02417513  0.02564052  0.02719473
      0.02884314  0.03059148  0.03244580  0.03441251  0.03649844  0.03871081
      0.04105728  0.04354598  0.04618553  0.04898509  0.05195434  0.05510357
      0.05844369  0.06198628  0.06574360  0.06972868  0.07395531  0.07843814
      0.08319269  0.08823545  0.09358388  0.09925650  0.10527297  0.11165413
      0.11842209  0.12560029  0.13321360  0.14128839  0.14985264  0.15893602
      0.16856998  0.17878792  0.18962522  0.20111942  0.21331035  0.22624024
      0.23995388  0.25449878  0.26992532  0.28628694  0.30364034  0.32204561
      0.34156653  0.36227072  0.38422989  0.40752014  0.43222212  0.45842143
      0.48620882  0.51568056  0.54693873  0.58009163  0.61525411  0.65254797
      0.69210242  0.73405447  0.77854946  0.82574154  0.87579418  0.92888078
      0.98518524  1.04490262  1.10823979  1.17541617  1.24666447  1.32223152
      1.40237909  1.48738483  1.57754323  1.67316662  1.77458626  1.88215348
      1.99624093  2.11724384  2.24558139  2.38169816  2.52606571  2.67918415
      2.84158392  3.01382762  3.19651193  3.39026973  3.59577222  3.81373133
      4.04490212  4.29008541  4.55013058  4.82593849  5.11846459  5.42872228
      5.75778636  6.10679679  6.47696261  6.86956618  7.28596756  7.72760928
      8.19602127  8.69282624  9.21974523  9.77860361 10.37133741 11.00000000
radwts: weights for radial points
      0.00058849  0.00062416  0.00066200  0.00070213  0.00074469  0.00078982
      0.00083770  0.00088848  0.00094233  0.00099945  0.00106004  0.00112429
      0.00119244  0.00126472  0.00134138  0.00142269  0.00150893  0.00160039
      0.00169740  0.00180029  0.00190941  0.00202515  0.00214791  0.00227810
      0.00241619  0.00256265  0.00271799  0.00288274  0.00305748  0.00324281
      0.00343937  0.00364785  0.00386896  0.00410348  0.00435222  0.00461603
      0.00489583  0.00519259  0.00550734  0.00584117  0.00619524  0.00657077
      0.00696906  0.00739149  0.00783953  0.00831472  0.00881872  0.00935327
      0.00992022  0.01052154  0.01115931  0.01183574  0.01255316  0.01331408
      0.01412112  0.01497707  0.01588491  0.01684778  0.01786902  0.01895216
      0.02010095  0.02131937  0.02261166  0.02398227  0.02543596  0.02697778
      0.02861304  0.03034743  0.03218696  0.03413798  0.03620727  0.03840198
      0.04072974  0.04319858  0.04581708  0.04859430  0.05153987  0.05466397
      0.05797745  0.06149178  0.06521912  0.06917241  0.07336532  0.07781239
      0.08252901  0.08753154  0.09283730  0.09846467  0.10443314  0.11076339
      0.11747736  0.12459830  0.13215087  0.14016124  0.14865717  0.15766808
      0.16722519  0.17736161  0.18811246  0.19951496  0.21160864  0.22443538
      0.23803962  0.25246848  0.26777195  0.28400305  0.30121800  0.31947645
      0.33884164  0.35938065  0.38116465  0.40426909  0.42877401  0.45476432
      0.48233003  0.51156665  0.54257546  0.57546387  0.61034584  0.64734218
non-local potential: l,potential*integration weight
  0   1.17760684  1.17755100  1.17728436  1.17666389  1.17554142  1.17385865
      1.17180095  1.16991330  1.16897946  1.16957344  1.17158756  1.17424398
      1.17662181  1.17817367  1.17884059  1.17885857  1.17852627  1.17807485
      1.17763816  1.17727293  1.17698992  1.17677867  1.17662214  1.17650387
      1.17641051  1.17633213  1.17626169  1.17619430  1.17612655  1.17605601
      1.17598082  1.17589948  1.17581065  1.17571301  1.17560518  1.17548563
      1.17535258  1.17520391  1.17503703  1.17484875  1.17463519  1.17439167
      1.17411259  1.17379121  1.17341941  1.17298742  1.17248352  1.17189375
      1.17120145  1.17038685  1.16942649  1.16829255  1.16695181  1.16536433
      1.16348095  1.16123814  1.15855114  1.15531541  1.15141799  1.14672206
      1.14104501  1.13416799  1.12585282  1.11586866  1.10404768  1.09037324
      1.07507553  1.05867170  1.04185381  1.02515268  1.00846135  0.99075362
      0.97031786  0.94528617  0.91396846  0.87520813  0.82936530  0.77883233
      0.72568625  0.66936962  0.60838322  0.54232300  0.47193130  0.39865240
      0.32449303  0.25203634  0.18436202  0.12474287  0.07608610  0.04019464
      0.01709356  0.00482255  0.00000234 -0.00095162 -0.00064784 -0.00030395
     -0.00016620 -0.00014347 -0.00014539 -0.00013681 -0.00011306 -0.00008148
     -0.00005131 -0.00002833 -0.00001375 -0.00000588 -0.00000221 -0.00000071
     -0.00000018 -0.00000002  0.00000000  0.00000000  0.00000000  0.00000000
      0.00000000  0.00000000  0.00000000  0.00000000  0.00000000  0.00000000
non-local potential: l,potential*integration weight
  1   1.17217730  1.17179226  1.17117646  1.17018566  1.16867040  1.16657103
      1.16407148  1.16171519  1.16028432  1.16035114  1.16180616  1.16386961
      1.16561857  1.16650348  1.16646310  1.16573098  1.16460324  1.16330833
      1.16197722  1.16066361  1.15937508  1.15809777  1.15681111  1.15549488
      1.15413178  1.15270773  1.15121136  1.14963322  1.14796512  1.14619965
      1.14432979  1.14234864  1.14024929  1.13802469  1.13566755  1.13317032
      1.13052512  1.12772366  1.12475724  1.12161667  1.11829222  1.11477363
      1.11105001  1.10710983  1.10294084  1.09853003  1.09386352  1.08892646
      1.08370288  1.07817550  1.07232540  1.06613159  1.05957029  1.05261390
      1.04522938  1.03737526  1.02899772  1.02002827  1.01038382  0.99995912
      0.98861802  0.97619757  0.96252207  0.94743409  0.93085363  0.91286695
      0.89382167  0.87436640  0.85533880  0.83743055  0.82071299  0.80435975
      0.78688881  0.76670206  0.74241021  0.71314033  0.67947581  0.64398078
      0.60886507  0.57363236  0.53670561  0.49737647  0.45575153  0.41219909
      0.36712934  0.32101078  0.27444602  0.22824394  0.18346910  0.14143077
      0.10356905  0.07122875  0.04536442  0.02627880  0.01351222  0.00594836
      0.00210418  0.00050145 -0.00001183 -0.00011839 -0.00011154 -0.00008142
     -0.00005131 -0.00002833 -0.00001375 -0.00000588 -0.00000221 -0.00000071
     -0.00000018 -0.00000002  0.00000000  0.00000000  0.00000000  0.00000000
      0.00000000  0.00000000  0.00000000  0.00000000  0.00000000  0.00000000
non-local potential: l,potential*integration weight
  2   1.17242532  1.17205483  1.17145435  1.17047969  1.16898140  1.16689986
      1.16441900  1.16208229  1.16067187  1.16076002  1.16223721  1.16432364
      1.16609632  1.16700560  1.16699013  1.16628329  1.16518098  1.16391138
      1.16260512  1.16131545  1.16004940  1.15879244  1.15752315  1.15622029
      1.15486529  1.15344256  1.15193884  1.15034240  1.14864233  1.14682792
      1.14488817  1.14281140  1.14058500  1.13819509  1.13562625  1.13286123
      1.12988062  1.12666239  1.12318142  1.11940898  1.11531223  1.11085398
      1.10599207  1.10067848  1.09485822  1.08846838  1.08143702  1.07368192
      1.06510941  1.05561320  1.04507325  1.03335454  1.02030570  1.00575724
      0.98951642  0.97135168  0.95097187  0.92805215  0.90231450  0.87347696
      0.84116448  0.80496228  0.76446553  0.71930402  0.66920677  0.61412602
      0.55438829  0.49080404  0.42463614  0.35734917  0.29021390  0.22408069
      0.15960153  0.09765888  0.03959157 -0.01254174 -0.05537995 -0.08461301
     -0.09812111 -0.09846684 -0.09065662 -0.07905560 -0.06638173 -0.05394941
     -0.04237225 -0.03211444 -0.02353007 -0.01669918 -0.01145782 -0.00755412
     -0.00474269 -0.00280513 -0.00154663 -0.00079182 -0.00038677 -0.00020423
     -0.00014591 -0.00014120 -0.00014526 -0.00013681 -0.00011306 -0.00008148
     -0.00005131 -0.00002833 -0.00001375 -0.00000588 -0.00000221 -0.00000071
     -0.00000018 -0.00000002  0.00000000  0.00000000  0.00000000  0.00000000
      0.00000000  0.00000000  0.00000000  0.00000000  0.00000000  0.00000000

 For atom type  4, l= 2 potential used as local nuclear potential
number of radial functions  **** Pt basis - by Peter Schultz /14Dec06 ****
  5
angular momentum, number of alphas
  2  5
alphas - d - 5d/2/5d378 Eopt + reopt(c2,c1)
   1.64638000D-01  4.32460000D-01  9.59320000D-01  2.00089400D+00
   4.00100000D+00
wave function coefficients
   3.29350000D-02  2.09710000D-01  9.40000000D-01  1.91492400D+00
  -1.65387800D+00
angular momentum, number of alphas
  0  4
alphas - s - 4s/2/4s519 Eopt + reopt(c1)
   7.89970000D-02  2.27776000D-01  6.94844000D-01  1.38980000D+00
wave function coefficients
   1.31726000D-01  4.11753000D-01 -1.09914400D+00  4.52036000D-01
angular momentum, number of alphas
  0  1
alphas - s - second zeta s polarization
   7.89970000D-02
wave function coefficients
   1.00000000D+00
angular momentum, number of alphas
  1  2
alphas - p - angular polarization Eopt
   1.30000000D-01  4.37830000D-01
wave function coefficients
   7.73600000D-01 -1.00000000D+00
angular momentum, number of alphas
  2  2
alphas - d - second zeta d polarization
   1.64638000D-01  4.32460000D-01
wave function coefficients
   8.33300000D-01 -1.00000000D+00
shell occupation numbers for platinum, Pt: d(8.7)s(1.3)
      8.70000000  1.30000000  0.00000000  0.00000000  0.00000000
end atom file
atom file
 P = P.atm
>>>>> atom type name=P           
type number, label:
  5 P                      
notes5
 notes for this atom file:
 Constructed by Peter A. Schultz, 29-September-2005
 Hamann-type ppot [D.R. Hamann,  PRB 40, 2980 (1989)]
 generated by fhi98PP [M.Fuchs,M.Scheffler, Comput.Phys.Commun. 119,67(1999)]
 Potential is standard Hamann, out to l=2
 Basis refined in PH# molecule
effective nuclear charge (s2p3 to 10.0)
   5.00000000D+00
pseudopotentials: Lmax, and effective gaussian range
  2   1.03000000
functional type used in generating potential:
 PBE    = dft fcnal used to generate pot
radial mesh: number of points for local and non-local pot integrals
  80  67
mesh points for nuclear potential;  ham1fh
      0.02000000  0.02163686  0.02340768  0.02532343  0.02739597  0.02963814
      0.03206381  0.03468800  0.03752696  0.04059828  0.04392095  0.04751557
      0.05140438  0.05561146  0.06016286  0.06508676  0.07041365  0.07617650
      0.08241100  0.08915575  0.09645251  0.10434646  0.11288647  0.12212542
      0.13212051  0.14293363  0.15463173  0.16728723  0.18097849  0.19579028
      0.21181432  0.22914980  0.24790408  0.26819325  0.29014295  0.31388907
      0.33957865  0.36737073  0.39743740  0.42996481  0.46515435  0.50322391
      0.54440918  0.58896518  0.63716776  0.68931539  0.74573092  0.80676366
      0.87279149  0.94422323  1.02150115  1.10510371  1.19554854  1.29339564
      1.39925081  1.51376948  1.63766068  1.77169149  1.91669177  2.07355927
      2.24326527  2.42686048  2.62548164  2.84035853  3.07282156  3.32431002
      3.59638101  3.89071906  4.20914658  4.55363511  4.92631757  5.32950141
      5.76568298  6.23756288  6.74806277  7.30034343  7.89782430  8.54420472
      9.24348674 10.00000000
radwts: weights for radial points
      0.00157332  0.00170208  0.00184139  0.00199209  0.00215513  0.00233151
      0.00252233  0.00272876  0.00295209  0.00319370  0.00345508  0.00373786
      0.00404377  0.00437473  0.00473277  0.00512011  0.00553915  0.00599249
      0.00648294  0.00701352  0.00758753  0.00820851  0.00888032  0.00960711
      0.01039338  0.01124401  0.01216425  0.01315980  0.01423684  0.01540202
      0.01666257  0.01802628  0.01950160  0.02109767  0.02282436  0.02469237
      0.02671327  0.02889956  0.03126478  0.03382358  0.03659180  0.03958657
      0.04282645  0.04633149  0.05012339  0.05422563  0.05866361  0.06346481
      0.06865895  0.07427819  0.08035733  0.08693401  0.09404893  0.10174616
      0.11007336  0.11908208  0.12882809  0.13937175  0.15077833  0.16311846
      0.17646854  0.19091123  0.20653594  0.22343943  0.24172635  0.26150992
      0.28291264  0.30606702  0.33111641  0.35821592  0.38753333  0.41925016
      0.45356279  0.49068366  0.53084260  0.57428827  0.62128966  0.67213777
      0.72714744  0.78665925
non-local potential: l,potential*integration weight
  0   0.79194237  0.79229810  0.79266574  0.79304318  0.79342803  0.79381774
      0.79421004  0.79460337  0.79499775  0.79539576  0.79580377  0.79623330
      0.79670225  0.79723568  0.79786573  0.79863038  0.79957067  0.80072655
      0.80213199  0.80381019  0.80577020  0.80800573  0.81049653  0.81321184
      0.81611461  0.81916536  0.82232435  0.82555105  0.82879989  0.83201365
      0.83511867  0.83802416  0.84061777  0.84275146  0.84422684  0.84478331
      0.84408273  0.84168845  0.83704005  0.82942523  0.81795185  0.80152598
      0.77884664  0.74843234  0.70869711  0.65809533  0.59537193  0.52002684
      0.43324210  0.33952550  0.24715199  0.16037180  0.08254019  0.03045955
      0.00670300  0.00006632 -0.00023287  0.00021569  0.00025203  0.00015010
      0.00007297  0.00003143  0.00001194  0.00000386  0.00000100  0.00000019
      0.00000003  0.00000000  0.00000000  0.00000000  0.00000000  0.00000000
      0.00000000  0.00000000  0.00000000  0.00000000  0.00000000  0.00000000
      0.00000000  0.00000000
non-local potential: l,potential*integration weight
  1   0.77817286  0.77740024  0.77654692  0.77560319  0.77455839  0.77340108
      0.77211929  0.77070105  0.76913505  0.76741166  0.76552404  0.76346945
      0.76125036  0.75887521  0.75635826  0.75371821  0.75097540  0.74814761
      0.74524509  0.74226579  0.73919198  0.73598912  0.73260739  0.72898529
      0.72505429  0.72074307  0.71598039  0.71069588  0.70481820  0.69827168
      0.69097400  0.68283645  0.67376315  0.66364636  0.65236302  0.63977478
      0.62572842  0.61005619  0.59257641  0.57309522  0.55140960  0.52731218
      0.50059906  0.47108050  0.43859184  0.40299709  0.36418172  0.32207688
      0.27689000  0.22989923  0.18395087  0.13827535  0.09073908  0.05221867
      0.02735294  0.01277374  0.00515564  0.00180322  0.00057961  0.00019521
      0.00007640  0.00003154  0.00001194  0.00000386  0.00000100  0.00000019
      0.00000003  0.00000000  0.00000000  0.00000000  0.00000000  0.00000000
      0.00000000  0.00000000  0.00000000  0.00000000  0.00000000  0.00000000
      0.00000000  0.00000000
non-local potential: l,potential*integration weight
  2   0.76912150  0.76760675  0.76595028  0.76413732  0.76215174  0.75997614
      0.75759211  0.75498067  0.75212294  0.74900101  0.74559909  0.74190468
      0.73790967  0.73361098  0.72901030  0.72411268  0.71892357  0.71344449
      0.70766799  0.70157269  0.69511970  0.68825139  0.68089270  0.67295452
      0.66433807  0.65493899  0.64464987  0.63336088  0.62095779  0.60731858
      0.59231097  0.57579252  0.55760996  0.53759553  0.51556511  0.49132052
      0.46465378  0.43535337  0.40321407  0.36805232  0.32972900  0.28818284
      0.24347833  0.19587209  0.14589934  0.09447627  0.04301278 -0.00644446
     -0.05093042 -0.08591183 -0.10520305 -0.10682550 -0.09345241 -0.06169428
     -0.02082920  0.00992786  0.01975432  0.01381332  0.00525699  0.00110801
      0.00015516  0.00003395  0.00001195  0.00000386  0.00000100  0.00000019
      0.00000003  0.00000000  0.00000000  0.00000000  0.00000000  0.00000000
      0.00000000  0.00000000  0.00000000  0.00000000  0.00000000  0.00000000
      0.00000000  0.00000000

 For atom type  5, l= 2 potential used as local nuclear potential
number of radial functions  **** P /pbe   - by Peter Schultz / 29Sep05 ****
  5
angular momentum, number of alphas
  0  4
alphas - s - 4s/2/4s444 Eopt + check(c1)
   1.28870000D-01  3.45430000D-01  1.62562100D+00  3.25130000D+00
wave function coefficients
   2.92671000D-01  7.38220000D-01 -1.26921800D+00  4.98262000D-01
angular momentum, number of alphas
  1  4
alphas - p - 4p/2/4p466 Eopt + reopt(c1)
   9.59990000D-02  2.83991000D-01  7.14882000D-01  1.42980000D+00
wave function coefficients
   5.29800000D-02  3.08537000D-01  3.90265000D-01 -2.95490000D-01
angular momentum, number of alphas
  0  1
alphas - s - second zeta s polarization
   1.28870000D-01
wave function coefficients
   1.00000000D+00
angular momentum, number of alphas
  1  1
alphas - p - second zeta p polarization
   9.59990000D-02
wave function coefficients
   1.00000000D+00
angular momentum, number of alphas
  2  2
alphas - d - angular polarization (dzp Eopt)
   2.20000000D-01  8.40000000D-01
wave function coefficients
   1.28980000D-01  1.00000000D+00
shell occupancies for phosphorus, P: s(2)p(3)
      2.00000000  3.00000000  0.00000000  0.00000000  0.00000000
end atom file
atom file
 Si = Si.atm
>>>>> atom type name=Si          
type number, label:
  6 Si                     
notes5
 notes for this atom file:
 Constructed by Peter A. Schultz, 27-July-2009
 Hamann-type ppot [D.R. Hamann,  PRB 40, 2980 (1989)]
 generated by fhi98PP [M.Fuchs,M.Scheffler, Comput.Phys.Commun. 119,67(1999)]
 ppot: s2p2, l=2, Rd=def, Rpc=NONE; def: Rs=1.05, Rp=1.28, Rd=1.28
 basis: refined in 4l-Si111 slab, d-fcn in Si_i[0]:Si(110-split)
energy - Td 2-atm-fcc/24^3/k12^3/uc  3p/-7.876267, 4p/-7.876617
  -7.87661700D+00
effective nuclear charge (s2p2 to 11.0)
   4.00000000D+00
pseudopotentials: Lmax, and effective gaussian range
  2   0.86000000
functional type used in generating potential:
 PBE    = dft fcnal used to generate pot
radial mesh: number of points for local and non-local pot integrals
 100  83
mesh points for nuclear potential;  ham1fh
      0.02500000  0.02658530  0.02827113  0.03006385  0.03197026  0.03399756
      0.03615341  0.03844597  0.04088390  0.04347643  0.04623336  0.04916511
      0.05228276  0.05559811  0.05912370  0.06287285  0.06685974  0.07109945
      0.07560800  0.08040246  0.08550093  0.09092272  0.09668830  0.10281950
      0.10933949  0.11627292  0.12364601  0.13148665  0.13982447  0.14869102
      0.15811981  0.16814650  0.17880900  0.19014762  0.20220526  0.21502749
      0.22866281  0.24316277  0.25858219  0.27497940  0.29241638  0.31095908
      0.33067761  0.35164652  0.37394512  0.39765771  0.42287397  0.44968924
      0.47820492  0.50852883  0.54077564  0.57506729  0.61153343  0.65031197
      0.69154953  0.73540204  0.78203533  0.83162573  0.88436075  0.94043980
      1.00007493  1.06349165  1.13092974  1.20264422  1.27890625  1.36000421
      1.44624475  1.53795397  1.63547865  1.73918756  1.84947286  1.96675157
      2.09146715  2.22409119  2.36512518  2.51510242  2.67459000  2.84419100
      3.02454674  3.21633919  3.42029358  3.63718111  3.86782191  4.11308809
      4.37390709  4.65126513  4.94621098  5.25985994  5.59339799  5.94808634
      6.32526618  6.72636373  7.15289567  7.60647483  8.08881634  8.60174407
      9.14719756  9.72723932 10.34406267 11.00000000
radwts: weights for radial points
      0.00153706  0.00163453  0.00173818  0.00184840  0.00196561  0.00209026
      0.00222280  0.00236376  0.00251365  0.00267304  0.00284255  0.00302280
      0.00321448  0.00341832  0.00363508  0.00386558  0.00411071  0.00437138
      0.00464857  0.00494335  0.00525682  0.00559016  0.00594465  0.00632161
      0.00672247  0.00714876  0.00760207  0.00808414  0.00859677  0.00914191
      0.00972161  0.01033808  0.01099364  0.01169077  0.01243210  0.01322044
      0.01405878  0.01495027  0.01589830  0.01690644  0.01797851  0.01911856
      0.02033091  0.02162013  0.02299111  0.02444902  0.02599938  0.02764805
      0.02940127  0.03126566  0.03324828  0.03535662  0.03759865  0.03998285
      0.04251824  0.04521441  0.04808154  0.05113049  0.05437277  0.05782066
      0.06148718  0.06538620  0.06953247  0.07394166  0.07863045  0.08361656
      0.08891885  0.09455737  0.10055344  0.10692973  0.11371035  0.12092095
      0.12858878  0.13674285  0.14541398  0.15463497  0.16444067  0.17486818
      0.18595692  0.19774881  0.21028845  0.22362325  0.23780364  0.25288324
      0.26891906  0.28597175  0.30410578  0.32338972  0.34389650  0.36570365
      0.38889364  0.41355415  0.43977843  0.46766564  0.49732124  0.52885736
      0.56239324  0.59805570  0.63597959  0.67630830
non-local potential: l,potential*integration weight
  0   0.49635482  0.49662152  0.49690159  0.49719521  0.49750252  0.49782355
      0.49815820  0.49850629  0.49886754  0.49924155  0.49962789  0.50002614
      0.50043594  0.50085717  0.50129009  0.50173553  0.50219518  0.50267186
      0.50316976  0.50369477  0.50425460  0.50485886  0.50551887  0.50624734
      0.50705767  0.50796308  0.50897559  0.51010488  0.51135727  0.51273497
      0.51423566  0.51585233  0.51757344  0.51938280  0.52125941  0.52317743
      0.52510704  0.52701586  0.52886906  0.53062693  0.53224159  0.53365449
      0.53479419  0.53557339  0.53588492  0.53559700  0.53454789  0.53254023
      0.52933536  0.52464807  0.51814288  0.50943301  0.49808374  0.48362184
      0.46555234  0.44338360  0.41666231  0.38502462  0.34828168  0.30657281
      0.26063374  0.21221421  0.16437910  0.12024310  0.07999860  0.04427474
      0.01844335  0.00465239 -0.00036131 -0.00096993 -0.00031637  0.00016928
      0.00027794  0.00021562  0.00013412  0.00007560  0.00003973  0.00001938
      0.00000862  0.00000339  0.00000111  0.00000026  0.00000002  0.00000000
      0.00000000  0.00000000  0.00000000  0.00000000  0.00000000  0.00000000
      0.00000000  0.00000000  0.00000000  0.00000000  0.00000000  0.00000000
      0.00000000  0.00000000  0.00000000  0.00000000
non-local potential: l,potential*integration weight
  1   0.48556431  0.48514567  0.48469678  0.48421506  0.48369769  0.48314152
      0.48254315  0.48189881  0.48120444  0.48045563  0.47964766  0.47877556
      0.47783416  0.47681823  0.47572256  0.47454227  0.47327292  0.47191088
      0.47045353  0.46889955  0.46724907  0.46550371  0.46366644  0.46174118
      0.45973220  0.45764326  0.45547655  0.45323166  0.45090466  0.44848733
      0.44596688  0.44332602  0.44054332  0.43759376  0.43444924  0.43107925
      0.42745179  0.42353460  0.41929566  0.41470273  0.40972242  0.40431979
      0.39845820  0.39209919  0.38520225  0.37772467  0.36962163  0.36084655
      0.35135191  0.34109042  0.33001685  0.31809044  0.30527765  0.29155478
      0.27690886  0.26133454  0.24482443  0.22735249  0.20885783  0.18925125
      0.16849304  0.14682249  0.12507799  0.10415181  0.08294995  0.06051852
      0.04024720  0.02486409  0.01409900  0.00703714  0.00292197  0.00095112
      0.00025189  0.00009925  0.00008107  0.00006269  0.00003796  0.00001925
      0.00000861  0.00000339  0.00000111  0.00000026  0.00000002  0.00000000
      0.00000000  0.00000000  0.00000000  0.00000000  0.00000000  0.00000000
      0.00000000  0.00000000  0.00000000  0.00000000  0.00000000  0.00000000
      0.00000000  0.00000000  0.00000000  0.00000000
non-local potential: l,potential*integration weight
  2   0.48036980  0.47962095  0.47882078  0.47796536  0.47705040  0.47607124
      0.47502280  0.47389958  0.47269564  0.47140457  0.47001952  0.46853325
      0.46693815  0.46522637  0.46338997  0.46142106  0.45931204  0.45705587
      0.45464629  0.45207809  0.44934720  0.44645076  0.44338693  0.44015448
      0.43675212  0.43317764  0.42942683  0.42549239  0.42136296  0.41702233
      0.41244910  0.40761669  0.40249369  0.39704433  0.39122901  0.38500492
      0.37832689  0.37114845  0.36342235  0.35510010  0.34613118  0.33646273
      0.32603960  0.31480447  0.30269811  0.28965997  0.27562924  0.26054668
      0.24435740  0.22701482  0.20848620  0.18876007  0.16785573  0.14583465
      0.12281305  0.09897388  0.07457621  0.04996154  0.02556215  0.00192844
     -0.02018704 -0.03962357 -0.05454960 -0.06305460 -0.06532168 -0.06222653
     -0.05190617 -0.03470137 -0.01524675  0.00085249  0.00980919  0.01124245
      0.00800936  0.00395947  0.00136711  0.00033609  0.00007208  0.00002149
      0.00000868  0.00000339  0.00000111  0.00000026  0.00000002  0.00000000
      0.00000000  0.00000000  0.00000000  0.00000000  0.00000000  0.00000000
      0.00000000  0.00000000  0.00000000  0.00000000  0.00000000  0.00000000
      0.00000000  0.00000000  0.00000000  0.00000000

 For atom type  6, l= 2 potential used as local nuclear potential
number of radial functions  **** Si/pbe   - by Peter Schultz / 28Jul09 ****
  5
angular momentum, number of alphas
  0  4
alphas - s - 4s/2/4s442
   1.04272000D-01  2.75189000D-01  1.27139800D+00  2.54280000D+00
wave function coefficients
   2.72301000D-01  5.67333000D-01 -1.00198900D+00  3.81459000D-01
angular momentum, number of alphas
  1  4
alphas - p - 4p/2/4p475 a1max + reopt(c1)
   7.31200000D-02  2.15660000D-01  5.30398000D-01  1.06080000D+00
wave function coefficients
   3.40890000D-02  2.10226000D-01  2.41205000D-01 -1.67987000D-01
angular momentum, number of alphas
  0  1
alphas - s - second zeta s polarization
   1.04272000D-01
wave function coefficients
   1.00000000D+00
angular momentum, number of alphas
  1  1
alphas - p - second zeta p polarization
   7.31200000D-02
wave function coefficients
   1.00000000D+00
angular momentum, number of alphas
  2  2
alphas - d - angular polarization Eopt
   2.60000000D-01  7.40000000D-01
wave function coefficients
   3.47500000D-01  1.00000000D+00
shell occupancies for silicon, Si: s(2.00)p(2.00)
      2.00000000  2.00000000  0.00000000  0.00000000  0.00000000
end atom file
 ionopt (0=none,2=gaussian lmcc,3=dble layer):
    2
 charge state for system
   0.00000000
number of atoms in unit cell
   37
atom, type, position;  step#     0
 AT1          Pt               -0.4215427733   -0.4174793063    0.7220418296    
 AT2          O                 3.1979573364   -0.5735754195    1.8619733773    
 AT3          O                -3.7675842933    0.0589279843   -0.9322246065    
 AT4          P                 4.8022871196    2.0835565156    1.9398363626    
 AT5          P                -4.4460789982   -2.8325978240   -1.8613650205    
 AT6          O                -7.5025960046   -2.8756276040   -2.3843006848    
 AT7          O                -3.6926323582   -4.7768634552    0.1045605138    
 AT8          O                 4.1465492669    3.3703241268   -0.8592823406    
 AT9          O                 7.6168594313    1.8552037007    2.3686126839    
 AT10         C                 3.3086599538    4.1533966116    4.2923865314    
 AT11         C                -2.9493756275   -3.5023452379   -4.9165090909    
 AT12         C                -3.7022582827   -6.1586983463   -5.8527557648    
 AT13         C                -0.0700646338   -3.5147154427   -4.5142665220    
 AT14         C                -3.6882865741   -1.5429973692   -6.9170519763    
 AT15         C                 0.5151971176    4.7112635250    3.8303528306    
 AT16         C                 3.7201155231    2.9313615817    6.9054075527    
 AT17         C                 4.7488927103    6.6677756700    4.2561429061    
 AT18         H                -8.2128925087   -1.3080351710   -1.6720896089    
 AT19         H                 4.9079022676    2.2140613968   -2.1054372911    
 AT20         H                -3.1056493038   -7.6536885179   -4.5242968274    
 AT21         H                -2.6579349899   -6.4015112420   -7.6532141583    
 AT22         H                -5.7378616918   -6.3277346857   -6.2714462316    
 AT23         H                 0.5675533982   -4.8951427996   -3.0936919409    
 AT24         H                 0.6730602651   -1.6458872374   -3.9781597218    
 AT25         H                 0.8032654721   -4.0000253037   -6.3315297455    
 AT26         H                -5.7375459415   -1.5878146273   -7.2742371243    
 AT27         H                -2.6708650146   -2.0498581979   -8.6656631876    
 AT28         H                -3.0871768556    0.3532596082   -6.3467698996    
 AT29         H                -0.6917378361    3.0022241956    3.8460994466    
 AT30         H                 0.2178193766    5.7897412062    2.0873290384    
 AT31         H                -0.2165534033    5.8698266833    5.3924802069    
 AT32         H                 2.6161584688    1.1969697046    7.2086546188    
 AT33         H                 3.0683811150    4.3610176186    8.2688593782    
 AT34         H                 5.7367634115    2.5639752480    7.2560855332    
 AT35         H                 4.4442142102    7.7333353644    2.5141265171    
 AT36         H                 6.7791204228    6.3595789657    4.4843279752    
 AT37         H                 4.0381512723    7.8017404638    5.8402726111    
origin offset
   0.00000000  0.00000000  0.00000000
 symmetry center
   0.00000000  0.00000000  0.00000000
end setup phase data
 >>>> Total number of electrons=             108.0000000000
 >>>> Spin!  Number of up/dn electrons=       55.0000000000       53.0000000000
 >>>> Minimum number of occupied states=          55
 >>>> Number of basis functions, norb=         343
 ************** VERSION 2.65 CHANGE: ***************
 **** grid range default changed from 2.d-7 to 2.d-8
 **** This will cause numerical changes in results
 **** To recover pre-2.65, use input cutgrd/2.d-7
 ***************************************************
run phase input data
history
    8
no ges
states
  200
temperature
   0.01000000
iterations
  300
blend ratio
   0.30000000
convergence criterion
   0.02000000
geometry relaxation
gmethod
asd
gsteps
  200
end geometry relaxation

 >>>> Relax params (gstop,gblend,gconv,atoms-relaxd):
 >>>>    200  1.5000000  0.000800000000     37

end run phase data
cutXXX for code (grd,slo,ii,1c)
   2.00000000D-08  1.00000000D-01  1.00000000D-02  1.00000000D-04
cutall for code (s,t,nl,loc;frc)
   3.00000000D-09  3.00000000D-09  1.50000000D-07  6.00000000D-08
   3.00000000D-07  3.00000000D-07  5.00000000D-06  6.00000000D-06

 ##### output #####

 MPINFO::: Local Communicator         :::
 MPINFO::: Local Context =    0       :::
 MPINFO::: Local Size =      20       :::
 MPINFO::: Local Root =       0       :::
 MPINFO::: Local Rank =       0       :::
 Maximum record length (r8) for i/o=     1000000
 Flavor of dft that will be used for this run=PBE-SP
 ***** Note: basis transformed to split basis form
  
 LATVEC: nlat1c,nlat2c,nlat =           1           1           1

  Atom
  Type  Shell  Min-alf     range
    1        0.129289   8.279963
    2        0.102474   9.300415
    3        0.143749   7.852478
    4        0.078997  10.592631
    5        0.095999   9.608947
    6        0.073120  11.010095
 Turnover EF->DM npopdm, npop0k=          88          55
 DEV264h/wkmem: perlsolv dist-mem
 DEV/wkmem: KPSTORE= F
 DEV/wkmem: psolv version, input do_psolv= F

 Need       21250-length r*4 array to pack grid wfcns/box
 Need      312125-length r*4 array to pack all grid wfcns
 Need       25000-length r*4 array for grid wfcns scratch
 WKMEM: using stripe-parallel+Merge  setup
 Minimum maxwkd for scf to complete=    29376447
 All grid wfcns stored in    156063 of 194817057 available
 WKMEM: in-core Broyden! uses    211770 out of 194660994 available
 >>>>> geom/basis data saved to file
  
 Atom type   1  radial valence charge =    5.999995363882
 Atom type   1      xc valence charge =    6.499995360087
  
 Atom type   2  radial valence charge =    0.999999985299
  
 Atom type   3  radial valence charge =    3.999996877569
  
 Atom type   4  radial valence charge =    9.999999976019
  
 Atom type   5  radial valence charge =    4.999999641069
  
 Atom type   6  radial valence charge =    3.999999473876
 mat0set: stripe-parallel, KPSTORE= F

   sij compute    +    1.65 =       4.1 seconds wall (    0.02 usr    0.01 sys)

   sij/nlat-bcast +    0.27 =       4.3 seconds wall (    0.00 usr    0.00 sys)

   vlocmat compute+    0.16 =       4.5 seconds wall (    0.15 usr    0.00 sys)

   vlocmii compute+    0.02 =       4.5 seconds wall (    0.01 usr    0.00 sys)

   nlocmat compute+    0.09 =       4.6 seconds wall (    0.08 usr    0.00 sys)
 NLOCMAT: Max neqilat=           1

 After mat0set    +    0.13 =       4.7 seconds wall (    0.00 usr    0.01 sys)
 Atom   2   Z=  6.0   occ=  6.00   rho=  5.9927689072   core=  0.0000000000
                               rho(xc)=  6.4927688514
     vxc(afsw):   -8.99275265  -8.72529219  -0.26746046  -0.00018156
     exc(afsw):   -6.96529143  -6.73666296  -0.22862847  -0.00014606
 Atom   3   Z=  6.0   occ=  6.00   rho=  5.9877615366   core=  0.0000000000
                               rho(xc)=  6.4877614723
     vxc(afsw):   -8.95544897  -8.68794640  -0.26750257  -0.00030743
     exc(afsw):   -6.95929276  -6.73061881  -0.22867395  -0.00024736
 Atom   6   Z=  6.0   occ=  6.00   rho=  5.9884812860   core=  0.0000000000
                               rho(xc)=  6.4884812225
     vxc(afsw):   -8.96589617  -8.69839810  -0.26749807  -0.00028933
     exc(afsw):   -6.96050316  -6.73183574  -0.22866741  -0.00023279
 Atom   7   Z=  6.0   occ=  6.00   rho=  5.9943080413   core=  0.0000000000
                               rho(xc)=  6.4943079671
     vxc(afsw):   -8.99790318  -8.73045829  -0.26744489  -0.00014290
     exc(afsw):   -6.96684353  -6.73822957  -0.22861396  -0.00011495
 Atom   8   Z=  6.0   occ=  6.00   rho=  5.9934683904   core=  0.0000000000
                               rho(xc)=  6.4934683103
     vxc(afsw):   -8.99356947  -8.72611485  -0.26745462  -0.00016399
     exc(afsw):   -6.96617619  -6.73755456  -0.22862163  -0.00013192
 Atom   9   Z=  6.0   occ=  6.00   rho=  5.9912791740   core=  0.0000000000
                               rho(xc)=  6.4912791003
     vxc(afsw):   -8.98652172  -8.71905237  -0.26746935  -0.00021898
     exc(afsw):   -6.96374385  -6.73510113  -0.22864272  -0.00017618
 Atom  10   Z=  4.0   occ=  4.00   rho=  3.9976577955   core=  0.0000000000
     vxc(afsw):   -3.88245096  -3.65950848  -0.22294247  -0.00005343
     exc(afsw):   -3.00446084  -2.81322924  -0.19123160  -0.00004115
 Atom  11   Z=  4.0   occ=  4.00   rho=  4.0024116903   core=  0.0000000000
     vxc(afsw):   -3.90117437  -3.67826217  -0.22291220   0.00005478
     exc(afsw):   -3.00760936  -2.81639734  -0.19121202   0.00004215
 Atom  13   Z=  4.0   occ=  4.00   rho=  4.0011948552   core=  0.0000000000
     vxc(afsw):   -3.89003949  -3.66713275  -0.22290674   0.00002716
     exc(afsw):   -3.00703988  -2.81582201  -0.19121787   0.00002091
 Atom  15   Z=  4.0   occ=  4.00   rho=  3.9975337660   core=  0.0000000000
     vxc(afsw):   -3.88221095  -3.65926754  -0.22294341  -0.00005626
     exc(afsw):   -3.00432296  -2.81309089  -0.19123207  -0.00004333
 Atom  17   Z=  4.0   occ=  4.00   rho=  3.9981149605   core=  0.0000000000
     vxc(afsw):   -3.88159060  -3.65865410  -0.22293649  -0.00004298
     exc(afsw):   -3.00499374  -2.81376379  -0.19122996  -0.00003311
 Atom  18   Z=  1.0   occ=  1.00   rho=  0.9972335567   core=  0.0000000000
     vxc(afsw):   -0.79363914  -0.76828013  -0.02535901  -0.00003883
     exc(afsw):   -0.62630536  -0.60410160  -0.02220376  -0.00003274
 Atom  19   Z=  1.0   occ=  1.00   rho=  0.9966849525   core=  0.0000000000
     vxc(afsw):   -0.79185919  -0.76650075  -0.02535844  -0.00004649
     exc(afsw):   -0.62539674  -0.60319261  -0.02220413  -0.00003921
 Atom  20   Z=  1.0   occ=  1.00   rho=  0.9972500000   core=  0.0000000000
     vxc(afsw):   -0.79401136  -0.76865279  -0.02535857  -0.00003863
     exc(afsw):   -0.62632124  -0.60411762  -0.02220362  -0.00003258
 Atom  21   Z=  1.0   occ=  1.00   rho=  0.9975979920   core=  0.0000000000
     vxc(afsw):   -0.79530309  -0.76994443  -0.02535866  -0.00003375
     exc(afsw):   -0.62689076  -0.60468745  -0.02220331  -0.00002846
 Atom  22   Z=  1.0   occ=  1.00   rho=  0.9972688716   core=  0.0000000000
     vxc(afsw):   -0.79388049  -0.76852160  -0.02535889  -0.00003834
     exc(afsw):   -0.62635981  -0.60415612  -0.02220369  -0.00003233
 Atom  23   Z=  1.0   occ=  1.00   rho=  0.9974545870   core=  0.0000000000
     vxc(afsw):   -0.79449119  -0.76913214  -0.02535906  -0.00003574
     exc(afsw):   -0.62666670  -0.60446314  -0.02220356  -0.00003014
 Atom  24   Z=  1.0   occ=  1.00   rho=  0.9958859883   core=  0.0000000000
     vxc(afsw):   -0.78938865  -0.76403127  -0.02535739  -0.00005763
     exc(afsw):   -0.62406928  -0.60186467  -0.02220461  -0.00004860
 Atom  25   Z=  1.0   occ=  1.00   rho=  0.9966276644   core=  0.0000000000
     vxc(afsw):   -0.79168394  -0.76632558  -0.02535836  -0.00004730
     exc(afsw):   -0.62530151  -0.60309735  -0.02220416  -0.00003988
 Atom  26   Z=  1.0   occ=  1.00   rho=  0.9972360176   core=  0.0000000000
     vxc(afsw):   -0.79375816  -0.76839928  -0.02535888  -0.00003880
     exc(afsw):   -0.62630588  -0.60410217  -0.02220372  -0.00003272
 Atom  27   Z=  1.0   occ=  1.00   rho=  0.9968790834   core=  0.0000000000
     vxc(afsw):   -0.79260919  -0.76725070  -0.02535850  -0.00004380
     exc(afsw):   -0.62571457  -0.60351062  -0.02220395  -0.00003694
 Atom  28   Z=  1.0   occ=  1.00   rho=  0.9970938477   core=  0.0000000000
     vxc(afsw):   -0.79325474  -0.76789596  -0.02535878  -0.00004079
     exc(afsw):   -0.62607176  -0.60386793  -0.02220383  -0.00003440
 Atom  29   Z=  1.0   occ=  1.00   rho=  0.9973911611   core=  0.0000000000
     vxc(afsw):   -0.79422060  -0.76886151  -0.02535908  -0.00003663
     exc(afsw):   -0.62656404  -0.60436041  -0.02220363  -0.00003088
 Atom  30   Z=  1.0   occ=  1.00   rho=  0.9962947212   core=  0.0000000000
     vxc(afsw):   -0.79066647  -0.76530856  -0.02535792  -0.00005196
     exc(afsw):   -0.62474800  -0.60254364  -0.02220436  -0.00004382
 Atom  31   Z=  1.0   occ=  1.00   rho=  0.9958367847   core=  0.0000000000
     vxc(afsw):   -0.78923763  -0.76388031  -0.02535732  -0.00005831
     exc(afsw):   -0.62398748  -0.60178285  -0.02220464  -0.00004917
 Atom  32   Z=  1.0   occ=  1.00   rho=  0.9962913549   core=  0.0000000000
     vxc(afsw):   -0.79067971  -0.76532183  -0.02535788  -0.00005202
     exc(afsw):   -0.62474168  -0.60253733  -0.02220435  -0.00004387
 Atom  33   Z=  1.0   occ=  1.00   rho=  0.9969993850   core=  0.0000000000
     vxc(afsw):   -0.79304577  -0.76768722  -0.02535856  -0.00004212
     exc(afsw):   -0.62591218  -0.60370833  -0.02220385  -0.00003553
 Atom  34   Z=  1.0   occ=  1.00   rho=  0.9969455923   core=  0.0000000000
     vxc(afsw):   -0.79267446  -0.76731570  -0.02535875  -0.00004285
     exc(afsw):   -0.62582942  -0.60362546  -0.02220397  -0.00003613
 Atom  35   Z=  1.0   occ=  1.00   rho=  0.9961629628   core=  0.0000000000
     vxc(afsw):   -0.79024069  -0.76488292  -0.02535777  -0.00005378
     exc(afsw):   -0.62452963  -0.60232519  -0.02220444  -0.00004535
 Atom  36   Z=  1.0   occ=  1.00   rho=  0.9960094014   core=  0.0000000000
     vxc(afsw):   -0.78977680  -0.76441925  -0.02535755  -0.00005594
     exc(afsw):   -0.62427416  -0.60206963  -0.02220453  -0.00004717
 Atom  37   Z=  1.0   occ=  1.00   rho=  0.9965173757   core=  0.0000000000
     vxc(afsw):   -0.79142098  -0.76606286  -0.02535812  -0.00004886
     exc(afsw):   -0.62511588  -0.60291168  -0.02220420  -0.00004121
 ***** CAUTION: grid fineness questionable

 grid0xc compute+    0.49 =       5.2 seconds wall (    0.06 usr    0.03 sys)

 grid0xc Merge  +    0.09 =       5.3 seconds wall (    0.01 usr    0.09 sys)

 grid0xc Bcast  +    0.17 =       5.5 seconds wall (    0.17 usr    0.00 sys)


 AFTER SETUP PHASE+    3.68 =       9.2 seconds wall (    0.25 usr    0.46 sys)

  
 *************************  iteration   0 begins here  *************************


 Before iterations+    0.04 =       9.2 seconds wall (    0.03 usr    0.00 sys)
  
 grid-integrated up-density total =       53.9573024995
 grid-integrated dn-density total =       53.9573024995
 grid-integrated valence-density total =      107.9146049989
 Harris Fcnal XC piece=       29.2840938162
  
  

 After 0 iteration+    0.57 =       9.8 seconds wall (    0.49 usr    0.08 sys)
 *************************  iteration   1 begins here  *************************


 erlsolv/begin  +    0.06 =       9.8 seconds wall (    0.05 usr    0.01 sys)
 PERLSOLV: kpp-copmatible version

 erlsolv/schroed+    0.18 =      10.0 seconds wall (    0.07 usr    0.03 sys)

 erlsolv/pop    +    0.00 =      10.0 seconds wall (    0.00 usr    0.00 sys)

 erlsolv/dmat compute+    0.00 =      10.0 seconds wall (    0.00 usr    0.00 sys)

 erlsolv/dmat compute+    0.01 =      10.0 seconds wall (    0.00 usr    0.01 sys)

 erlsolv/rhoij  +    0.01 =      10.0 seconds wall (    0.00 usr    0.01 sys)

 spin-up fermi level =   -0.263591 Ry,   gap(0K)= 0.359564 Ry = 4.892 eV
 spin-dn fermi level =   -0.473306 Ry,   gap(0K)= 0.027346 Ry = 0.372 eV

 k-vector:                  1
  weight:               1.000000
            level/UP/occup       level/DN/occup
  
    1    -1.928121  1.0000    -1.928121  1.0000
    2    -1.920465  1.0000    -1.920465  1.0000
    3    -1.836298  1.0000    -1.836298  1.0000
    4    -1.829338  1.0000    -1.829338  1.0000
             ...      ...         ...      ...
   36    -0.720941  1.0000    -0.720941  1.0000
   37    -0.706507  1.0000    -0.706507  1.0000
   38    -0.705907  1.0000    -0.705907  1.0000
   39    -0.705175  1.0000    -0.705175  1.0000
   40    -0.699450  1.0000    -0.699450  1.0000
   41    -0.692007  1.0000    -0.692007  1.0000
   42    -0.682028  1.0000    -0.682028  1.0000
   43    -0.661459  1.0000    -0.661459  1.0000
   44    -0.640962  1.0000    -0.640962  1.0000
   45    -0.621949  1.0000    -0.621949  1.0000
   46    -0.612105  1.0000    -0.612105  1.0000
   47    -0.599654  1.0000    -0.599654  1.0000
   48    -0.585406  1.0000    -0.585406  1.0000
   49    -0.576092  1.0000    -0.576092  1.0000
   50    -0.567386  1.0000    -0.567386  0.9999
   51    -0.544958  1.0000    -0.544958  0.9992
   52    -0.538002  1.0000    -0.538002  0.9985
   53    -0.485580  1.0000    -0.485580  0.7734
   54    -0.458234  1.0000    -0.458234  0.1814
   55    -0.443373  1.0000    -0.443373  0.0477
   56    -0.083809  0.0000    -0.083809  0.0000
   57    -0.008722  0.0000    -0.008722  0.0000
   58     0.002755  0.0000     0.002755  0.0000
   59     0.021859  0.0000     0.021859  0.0000
   60     0.037139  0.0000     0.037139  0.0000
   61     0.052055  0.0000     0.052055  0.0000
   62     0.060477  0.0000     0.060477  0.0000
   63     0.079815  0.0000     0.079815  0.0000
             ...      ...         ...      ...
  200     2.770700  0.0000     2.770700  0.0000
  
 delta movement in up-elecs =        6.8661620847
 delta movement in dn-elecs =        6.6868115131
 delta movement in electrons =       12.8989275659

 one-center local charge defect =         0.05207413

 one-center local charge defect =         0.04974457

 LMCC local dipole, |dip|=        3.7134192419
 Using LMCC treatment of supercell electrostatics
 DBG/LMCCINT, esns diagnostics redone
 LMCC chemical potential shift(Ry,eV)=        0.0000119992        0.0001632583
 LMCC esns total grid integral=        1.3632003395
  
 grid-integrated up-density total =       54.9429786107
 grid-integrated dn-density total =       52.9453093024
 grid-integrated valence-density total =      107.8882879131
  
 TOTAL single particle eigenvalue sum=      -103.3956019367
  
 rms,max scfchange=  1.2453D-02  5.5705D-01 for component#    154114
 electronic meth_bl(BROYDEN)=           1
 EBROYDDJ: in-core history
>>>>> Broyden: first step (elec) simple blend ratio= 0.300000
<<<<< Broyden step complete, scf step=     1

 After blending   +   13.48 =      23.5 seconds wall (    5.18 usr    1.21 sys)
  
 *************************  iteration   2 begins here  *************************


 erlsolv/begin  +    0.13 =      23.6 seconds wall (    0.12 usr    0.00 sys)
 PERLSOLV: kpp-copmatible version

 erlsolv/schroed+    0.09 =      23.7 seconds wall (    0.07 usr    0.01 sys)

 erlsolv/pop    +    0.00 =      23.7 seconds wall (    0.00 usr    0.00 sys)

 erlsolv/dmat compute+    0.00 =      23.7 seconds wall (    0.00 usr    0.00 sys)

 erlsolv/dmat compute+    0.01 =      23.7 seconds wall (    0.00 usr    0.00 sys)

 erlsolv/rhoij  +    0.00 =      23.7 seconds wall (    0.00 usr    0.00 sys)

 spin-up fermi level =   -0.280119 Ry,   gap(0K)= 0.338470 Ry = 4.605 eV
 spin-dn fermi level =   -0.465565 Ry,   gap(0K)= 0.035790 Ry = 0.487 eV
  
 delta movement in up-elecs =        5.7764227639
 delta movement in dn-elecs =        5.4844064935
 delta movement in electrons =       10.6581058604

 one-center local charge defect =         0.05122930

 one-center local charge defect =         0.04822161

 LMCC local dipole, |dip|=        1.7815658497
 Using LMCC treatment of supercell electrostatics
 DBG/LMCCINT, esns diagnostics redone
 LMCC chemical potential shift(Ry,eV)=        0.0000025164        0.0000342383
 LMCC esns total grid integral=        0.6283436948
  
 grid-integrated up-density total =       54.9439303885
 grid-integrated dn-density total =       52.9469431095
 grid-integrated valence-density total =      107.8908734979
  
 TOTAL single particle eigenvalue sum=      -100.0733361761
  
 rms,max scfchange=  5.0799D-03  2.7335D-01 for component#    118682
 electronic meth_bl(BROYDEN)=           1
>>>>> Broyden blend to get next step - elec
<<<<< Broyden step complete, scf step=     2

 After blending   +   11.08 =      34.8 seconds wall (    6.26 usr    1.43 sys)
  
 *************************  iteration   3 begins here  *************************


 erlsolv/begin  +    0.00 =      34.8 seconds wall (    0.00 usr    0.00 sys)
 PERLSOLV: kpp-copmatible version

 erlsolv/schroed+    0.09 =      34.9 seconds wall (    0.07 usr    0.01 sys)

 erlsolv/pop    +    0.00 =      34.9 seconds wall (    0.00 usr    0.00 sys)

 erlsolv/dmat compute+    0.00 =      34.9 seconds wall (    0.00 usr    0.00 sys)

 erlsolv/dmat compute+    0.01 =      34.9 seconds wall (    0.00 usr    0.00 sys)

 erlsolv/rhoij  +    0.00 =      34.9 seconds wall (    0.00 usr    0.00 sys)

 spin-up fermi level =   -0.257422 Ry,   gap(0K)= 0.335480 Ry = 4.564 eV
 spin-dn fermi level =   -0.420857 Ry,   gap(0K)= 0.048580 Ry = 0.661 eV
  
 delta movement in up-elecs =        5.6054208183
 delta movement in dn-elecs =        5.6255139163
 delta movement in electrons =       10.4518895799

 one-center local charge defect =         0.05137820

 one-center local charge defect =         0.04911391

 LMCC local dipole, |dip|=        2.6144994580
 Using LMCC treatment of supercell electrostatics
 DBG/LMCCINT, esns diagnostics redone
 LMCC chemical potential shift(Ry,eV)=        0.0000067568        0.0000919317
 LMCC esns total grid integral=        0.5838105127
  
 grid-integrated up-density total =       54.9438247602
 grid-integrated dn-density total =       52.9460907072
 grid-integrated valence-density total =      107.8899154674
  
 TOTAL single particle eigenvalue sum=       -99.0577118247
  
 rms,max scfchange=  3.4514D-03  2.6181D-01 for component#      1033
 electronic meth_bl(BROYDEN)=           1
>>>>> Broyden blend to get next step - elec
<<<<< Broyden step complete, scf step=     3

 After blending   +   10.77 =      45.7 seconds wall (    6.00 usr    1.16 sys)
  
 *************************  iteration   4 begins here  *************************


 erlsolv/begin  +    0.01 =      45.7 seconds wall (    0.00 usr    0.00 sys)
 PERLSOLV: kpp-copmatible version

 erlsolv/schroed+    0.08 =      45.8 seconds wall (    0.07 usr    0.00 sys)

 erlsolv/pop    +    0.00 =      45.8 seconds wall (    0.00 usr    0.00 sys)

 erlsolv/dmat compute+    0.00 =      45.8 seconds wall (    0.00 usr    0.00 sys)

 erlsolv/dmat compute+    0.01 =      45.8 seconds wall (    0.00 usr    0.00 sys)

 erlsolv/rhoij  +    0.00 =      45.8 seconds wall (    0.00 usr    0.00 sys)

 spin-up fermi level =   -0.277640 Ry,   gap(0K)= 0.335915 Ry = 4.570 eV
 spin-dn fermi level =   -0.436646 Ry,   gap(0K)= 0.062049 Ry = 0.844 eV
  
 delta movement in up-elecs =        5.4992137545
 delta movement in dn-elecs =        5.4702096811
 delta movement in electrons =       10.1763294803

 one-center local charge defect =         0.05121259

 one-center local charge defect =         0.04863233

 LMCC local dipole, |dip|=        2.2431159853
 Using LMCC treatment of supercell electrostatics
 DBG/LMCCINT, esns diagnostics redone
 LMCC chemical potential shift(Ry,eV)=        0.0000050651        0.0000689149
 LMCC esns total grid integral=        0.4927734627
  
 grid-integrated up-density total =       54.9440105622
 grid-integrated dn-density total =       52.9465937640
 grid-integrated valence-density total =      107.8906043261
  
 TOTAL single particle eigenvalue sum=       -99.0429487771
  
 rms,max scfchange=  1.2380D-03  9.0490D-02 for component#      1033
 electronic meth_bl(BROYDEN)=           1
>>>>> Broyden blend to get next step - elec
<<<<< Broyden step complete, scf step=     4

 After blending   +   13.76 =      59.5 seconds wall (    5.58 usr    1.24 sys)
  
 *************************  iteration   5 begins here  *************************


 erlsolv/begin  +    0.00 =      59.5 seconds wall (    0.00 usr    0.00 sys)
 PERLSOLV: kpp-copmatible version

 erlsolv/schroed+    0.06 =      59.6 seconds wall (    0.06 usr    0.01 sys)

 erlsolv/pop    +    0.00 =      59.6 seconds wall (    0.00 usr    0.00 sys)

 erlsolv/dmat compute+    0.00 =      59.6 seconds wall (    0.00 usr    0.00 sys)

 erlsolv/dmat compute+    0.01 =      59.6 seconds wall (    0.00 usr    0.00 sys)

 erlsolv/rhoij  +    0.00 =      59.6 seconds wall (    0.00 usr    0.00 sys)

 spin-up fermi level =   -0.288253 Ry,   gap(0K)= 0.333032 Ry = 4.531 eV
 spin-dn fermi level =   -0.436499 Ry,   gap(0K)= 0.073056 Ry = 0.994 eV
  
 delta movement in up-elecs =        5.4857379940
 delta movement in dn-elecs =        5.4766114545
 delta movement in electrons =       10.1597821970

 one-center local charge defect =         0.05124008

 one-center local charge defect =         0.04861999

 LMCC local dipole, |dip|=        2.1005317368
 Using LMCC treatment of supercell electrostatics
 DBG/LMCCINT, esns diagnostics redone
 LMCC chemical potential shift(Ry,eV)=        0.0000043060        0.0000585867
 LMCC esns total grid integral=        0.4801575802
  
 grid-integrated up-density total =       54.9439923667
 grid-integrated dn-density total =       52.9466145595
 grid-integrated valence-density total =      107.8906069263
  
 TOTAL single particle eigenvalue sum=       -99.2857035442
  
 rms,max scfchange=  5.5423D-04  6.7289D-02 for component#      1033
 electronic meth_bl(BROYDEN)=           1
>>>>> Broyden blend to get next step - elec
<<<<< Broyden step complete, scf step=     5

 After blending   +   11.08 =      70.7 seconds wall (    6.25 usr    1.41 sys)
  
 *************************  iteration   6 begins here  *************************


 erlsolv/begin  +    0.00 =      70.7 seconds wall (    0.00 usr    0.00 sys)
 PERLSOLV: kpp-copmatible version

 erlsolv/schroed+    0.07 =      70.8 seconds wall (    0.07 usr    0.00 sys)

 erlsolv/pop    +    0.00 =      70.8 seconds wall (    0.00 usr    0.00 sys)

 erlsolv/dmat compute+    0.00 =      70.8 seconds wall (    0.00 usr    0.00 sys)

 erlsolv/dmat compute+    0.01 =      70.8 seconds wall (    0.00 usr    0.00 sys)

 erlsolv/rhoij  +    0.00 =      70.8 seconds wall (    0.00 usr    0.00 sys)

 spin-up fermi level =   -0.297675 Ry,   gap(0K)= 0.331659 Ry = 4.512 eV
 spin-dn fermi level =   -0.435904 Ry,   gap(0K)= 0.078984 Ry = 1.075 eV
  
 delta movement in up-elecs =        5.4789874477
 delta movement in dn-elecs =        5.4922937343
 delta movement in electrons =       10.1529746426

 one-center local charge defect =         0.05121261

 one-center local charge defect =         0.04854509

 LMCC local dipole, |dip|=        2.0098501819
 Using LMCC treatment of supercell electrostatics
 DBG/LMCCINT, esns diagnostics redone
 LMCC chemical potential shift(Ry,eV)=        0.0000039508        0.0000537542
 LMCC esns total grid integral=        0.4735120216
  
 grid-integrated up-density total =       54.9440270536
 grid-integrated dn-density total =       52.9466960089
 grid-integrated valence-density total =      107.8907230626
  
 TOTAL single particle eigenvalue sum=       -99.4836693435
  
 rms,max scfchange=  1.8052D-04  2.8660D-02 for component#      1033
 electronic meth_bl(BROYDEN)=           1
>>>>> Broyden blend to get next step - elec
<<<<< Broyden step complete, scf step=     6

 After blending   +   14.97 =      85.8 seconds wall (    6.02 usr    1.46 sys)
  
 *************************  iteration   7 begins here  *************************


 erlsolv/begin  +    0.02 =      85.8 seconds wall (    0.02 usr    0.00 sys)
 PERLSOLV: kpp-copmatible version

 erlsolv/schroed+    0.07 =      85.9 seconds wall (    0.06 usr    0.00 sys)

 erlsolv/pop    +    0.00 =      85.9 seconds wall (    0.00 usr    0.00 sys)

 erlsolv/dmat compute+    0.00 =      85.9 seconds wall (    0.00 usr    0.00 sys)

 erlsolv/dmat compute+    0.01 =      85.9 seconds wall (    0.00 usr    0.00 sys)

 erlsolv/rhoij  +    0.00 =      85.9 seconds wall (    0.00 usr    0.00 sys)

 spin-up fermi level =   -0.299982 Ry,   gap(0K)= 0.332049 Ry = 4.518 eV
 spin-dn fermi level =   -0.434461 Ry,   gap(0K)= 0.082049 Ry = 1.116 eV
  
 delta movement in up-elecs =        5.4780818796
 delta movement in dn-elecs =        5.5152348989
 delta movement in electrons =       10.1666123149

 one-center local charge defect =         0.05119598

 one-center local charge defect =         0.04855923

 LMCC local dipole, |dip|=        2.0456639071
 Using LMCC treatment of supercell electrostatics
 DBG/LMCCINT, esns diagnostics redone
 LMCC chemical potential shift(Ry,eV)=        0.0000041268        0.0000561483
 LMCC esns total grid integral=        0.4743886298
  
 grid-integrated up-density total =       54.9440464093
 grid-integrated dn-density total =       52.9466835677
 grid-integrated valence-density total =      107.8907299770
  
 TOTAL single particle eigenvalue sum=       -99.5233972386
  
 rms,max scfchange=  1.9113D-04  3.1213D-02 for component#      1033
 electronic meth_bl(BROYDEN)=           1
>>>>> Broyden blend to get next step - elec
<<<<< Broyden step complete, scf step=     7

 After blending   +   12.08 =      97.9 seconds wall (    6.28 usr    1.50 sys)
  
 *************************  iteration   8 begins here  *************************


 erlsolv/begin  +    0.09 =      98.0 seconds wall (    0.09 usr    0.00 sys)
 PERLSOLV: kpp-copmatible version

 erlsolv/schroed+    0.07 =      98.1 seconds wall (    0.07 usr    0.00 sys)

 erlsolv/pop    +    0.00 =      98.1 seconds wall (    0.00 usr    0.00 sys)

 erlsolv/dmat compute+    0.00 =      98.1 seconds wall (    0.00 usr    0.00 sys)

 erlsolv/dmat compute+    0.01 =      98.1 seconds wall (    0.00 usr    0.00 sys)

 erlsolv/rhoij  +    0.00 =      98.1 seconds wall (    0.00 usr    0.00 sys)

 spin-up fermi level =   -0.302245 Ry,   gap(0K)= 0.331909 Ry = 4.516 eV
 spin-dn fermi level =   -0.433659 Ry,   gap(0K)= 0.083602 Ry = 1.137 eV
  
 delta movement in up-elecs =        5.4786753932
 delta movement in dn-elecs =        5.5313606229
 delta movement in electrons =       10.1793243669

 one-center local charge defect =         0.05118029

 one-center local charge defect =         0.04856556

 LMCC local dipole, |dip|=        2.0407651748
 Using LMCC treatment of supercell electrostatics
 DBG/LMCCINT, esns diagnostics redone
 LMCC chemical potential shift(Ry,eV)=        0.0000041122        0.0000559504
 LMCC esns total grid integral=        0.4744883036
  
 grid-integrated up-density total =       54.9440638382
 grid-integrated dn-density total =       52.9466782637
 grid-integrated valence-density total =      107.8907421019
  
 TOTAL single particle eigenvalue sum=       -99.5696630629
  
 rms,max scfchange=  1.6188D-04  2.6657D-02 for component#      1033
 electronic meth_bl(BROYDEN)=           1
>>>>> Broyden blend to get next step - elec
<<<<< Broyden step complete, scf step=     8

 After blending   +   16.87 =     115.0 seconds wall (    6.08 usr    1.43 sys)
  
 *************************  iteration   9 begins here  *************************


 erlsolv/begin  +    0.00 =     115.0 seconds wall (    0.00 usr    0.00 sys)
 PERLSOLV: kpp-copmatible version

 erlsolv/schroed+    0.07 =     115.1 seconds wall (    0.07 usr    0.01 sys)

 erlsolv/pop    +    0.00 =     115.1 seconds wall (    0.00 usr    0.00 sys)

 erlsolv/dmat compute+    0.00 =     115.1 seconds wall (    0.00 usr    0.00 sys)

 erlsolv/dmat compute+    0.01 =     115.1 seconds wall (    0.00 usr    0.00 sys)

 erlsolv/rhoij  +    0.00 =     115.1 seconds wall (    0.00 usr    0.00 sys)

 spin-up fermi level =   -0.306083 Ry,   gap(0K)= 0.331112 Ry = 4.505 eV
 spin-dn fermi level =   -0.433001 Ry,   gap(0K)= 0.085176 Ry = 1.159 eV
  
 delta movement in up-elecs =        5.4833832058
 delta movement in dn-elecs =        5.5614093832
 delta movement in electrons =       10.2072846475

 one-center local charge defect =         0.05114431

 one-center local charge defect =         0.04858405

 LMCC local dipole, |dip|=        2.0422872084
 Using LMCC treatment of supercell electrostatics
 DBG/LMCCINT, esns diagnostics redone
 LMCC chemical potential shift(Ry,eV)=        0.0000041309        0.0000562040
 LMCC esns total grid integral=        0.4751676933
  
 grid-integrated up-density total =       54.9441013143
 grid-integrated dn-density total =       52.9466608126
 grid-integrated valence-density total =      107.8907621269
  
 TOTAL single particle eigenvalue sum=       -99.6607009573
  
 rms,max scfchange=  8.2477D-05  1.2687D-02 for component#      1033
 ######################  ENERGY ANALYSIS  #######################
    Spherical-atom es ENERGY correction =      -312.8566615708
    Full spherical atom trace ENERGY =         -154.0571335420
    Spherical-atom-Vxc trace ENERGY =           180.6045433490
    non-spherical es ENERGY =                     0.4752419813
    Total Exc ENERGY =                         -100.4515611957

    total kinetic trace ENERGY =          282.3795671012
    non-local ps-pot trace ENERGY =        38.0680027274
    total electrostatic ENERGY =         -606.2815796110
    Total Vxc ENERGY =                   -130.2748459091

    TOTAL ENERGY (Rydberg) =                   -386.2855709781

 ################################################################

 After blending   +   11.14 =     126.2 seconds wall (    6.62 usr    1.52 sys)
  
 >>>>> self-consistency achieved, iteration   9


 Final GAP(eV)=  4.5050 (up),  1.1589 (dn)

 spin-up fermi level =   -0.306083 Ry,   gap(0K)= 0.331112 Ry = 4.505 eV
 spin-dn fermi level =   -0.433001 Ry,   gap(0K)= 0.085176 Ry = 1.159 eV

 k-vector:                  1
  weight:               1.000000
            level/UP/occup       level/DN/occup
  
    1    -1.978365  1.0000    -1.975136  1.0000
    2    -1.946295  1.0000    -1.942220  1.0000
    3    -1.866271  1.0000    -1.856539  1.0000
    4    -1.824366  1.0000    -1.812767  1.0000
             ...      ...         ...      ...
   36    -0.684295  1.0000    -0.671645  1.0000
   37    -0.674650  1.0000    -0.669430  1.0000
   38    -0.672158  1.0000    -0.659526  1.0000
   39    -0.652964  1.0000    -0.640410  1.0000
   40    -0.637709  1.0000    -0.632530  1.0000
   41    -0.634237  1.0000    -0.630798  1.0000
   42    -0.632264  1.0000    -0.622415  1.0000
   43    -0.623443  1.0000    -0.619888  1.0000
   44    -0.620579  1.0000    -0.602198  1.0000
   45    -0.608666  1.0000    -0.582359  1.0000
   46    -0.597329  1.0000    -0.562150  1.0000
   47    -0.579968  1.0000    -0.548818  1.0000
   48    -0.574149  1.0000    -0.527382  0.9999
   49    -0.552901  1.0000    -0.507690  0.9994
   50    -0.531812  1.0000    -0.497314  0.9984
   51    -0.517038  1.0000    -0.493052  0.9975
   52    -0.511043  1.0000    -0.483690  0.9938
   53    -0.499195  1.0000    -0.478715  0.9898
   54    -0.484384  1.0000    -0.393539  0.0190
   55    -0.471639  1.0000    -0.372087  0.0023
   56    -0.140527  0.0000    -0.094025  0.0000
   57    -0.034789  0.0000    -0.032461  0.0000
   58    -0.026343  0.0000    -0.019488  0.0000
   59     0.000675  0.0000     0.010817  0.0000
   60     0.021172  0.0000     0.028157  0.0000
   61     0.041375  0.0000     0.043004  0.0000
   62     0.058010  0.0000     0.061721  0.0000
   63     0.075735  0.0000     0.082436  0.0000
             ...      ...         ...      ...
  200     2.783690  0.0000     2.788294  0.0000
  
 >>>>> grid delta-density saved to file

 FINAL CONVERGED ENERGY (Rydberg) =     -386.2855709781
 Binding energy =      -26.5566179781 Ry =           -361.3242 eV

 AFTER ITERATIONS +    0.35 =     126.6 seconds wall (    0.00 usr    0.04 sys)
 Atom  20   Z=  1.0   occ=  1.00   rho=  0.9972500000   core=  0.0000000000
     vxc(afs ):   -0.79401136  -0.76865279  -0.02535857
     exc(afs ):   -0.62632124  -0.60411762  -0.02220362

 atom xc0frc stress term=       83.3387208902
 mat0frc: stripe-parallel, KPSTORE= F
  
 total force contributions(Ry/bohr):
        atom       x force          y force          z force
          1      0.0021253233    -0.0147171336     0.0165699530
          2     -0.0037618462    -0.0022799772    -0.0015236530
          3      0.0026881384     0.0014068517    -0.0003082558
          4      0.0122614258     0.0050273071    -0.0005970702
          5     -0.0031795638    -0.0086110187     0.0004324299
          6     -0.0013416118     0.0006468025     0.0004025268
          7      0.0017098773     0.0020367048    -0.0027057186
          8     -0.0013481272     0.0002331986    -0.0003824821
          9     -0.0034866687     0.0004308422     0.0000000000
         10     -0.0002853812    -0.0005049378    -0.0003964326
         11      0.0001968991    -0.0000045424    -0.0007690995
         12      0.0002039838     0.0009744442     0.0000839877
         13      0.0015099364     0.0028912565    -0.0011385743
         14      0.0004047449    -0.0003310466    -0.0001152093
         15     -0.0030248856    -0.0020727729     0.0010859618
         16     -0.0008217872    -0.0002120074    -0.0001743079
         17      0.0002141424    -0.0004867380     0.0004196453
         18     -0.0003221186    -0.0000869194    -0.0006520557
         19      0.0002077574     0.0008554982     0.0008864708
         20      0.0001147297    -0.0005389703     0.0007481552
         21      0.0001173124     0.0001353602    -0.0000750567
         22     -0.0008783185    -0.0001619723    -0.0001266684
         23      0.0001418335    -0.0005448943    -0.0000561784
         24     -0.0002011928    -0.0035637236    -0.0022124247
         25     -0.0006639213    -0.0005317770     0.0003116639
         26     -0.0003406668    -0.0000640832     0.0000238553
         27     -0.0000849672    -0.0000577337     0.0001465606
         28     -0.0000967850    -0.0001636197    -0.0002779043
         29      0.0015461661     0.0039131723     0.0018659836
         30      0.0006435927     0.0007254679     0.0010541590
         31      0.0002561988     0.0002041719    -0.0007139884
         32     -0.0000699191     0.0002342025     0.0002633209
         33     -0.0000859864     0.0000419806     0.0000715523
         34      0.0006343415    -0.0001948210    -0.0000173221
         35      0.0001027240    -0.0000360486     0.0000558126
         36      0.0004137090    -0.0002305487    -0.0000351970
         37     -0.0000695549    -0.0002487811     0.0001982941
      f-defect        0.0054295342    -0.0158868062     0.0123427336

 AFTER FORCE RTNS +    0.60 =     127.2 seconds wall (    0.56 usr    0.04 sys)
  
 >>>>> GSELECT begins, nslics=           0
 <<<<< GSELECT ends
 rms,max force=  4.9210D-03  2.2264D-02 for component#        1
 dynamics update step #           1
ASD: min/max mass factors=   1.0000   1.0000
 >>>>> GUPDATE begins, nslics=           0
 GUPDATE: Largest relax: atom#, dr(au)=     1    0.022264
 <<<<< GUPDATE ends

 ###############################################################################
   NEW GEOMETRY for step   2, of   2 total
atom, type, position;  step#      2
 AT1          Pt               -0.4194174500   -0.4321964399    0.7386117826 
 AT2          O                 3.1941954902   -0.5758553967    1.8604497243 
 AT3          O                -3.7648961549    0.0603348360   -0.9325328623 
 AT4          P                 4.8145485454    2.0885838227    1.9392392924 
 AT5          P                -4.4492585620   -2.8412088427   -1.8609325906 
 AT6          O                -7.5039376164   -2.8749808015   -2.3838981580 
 AT7          O                -3.6909224809   -4.7748267504    0.1018547952 
 AT8          O                 4.1452011397    3.3705573254   -0.8596648227 
 AT9          O                 7.6133727626    1.8556345429    2.3686126839 
 AT10         C                 3.3083745726    4.1528916738    4.2919900988 
 AT11         C                -2.9491787284   -3.5023497803   -4.9172781904 
 AT12         C                -3.7020542989   -6.1577239021   -5.8526717771 
 AT13         C                -0.0685546974   -3.5118241862   -4.5154050963 
 AT14         C                -3.6878818292   -1.5433284158   -6.9171671856 
 AT15         C                 0.5121722320    4.7091907521    3.8314387924 
 AT16         C                 3.7192937359    2.9311495743    6.9052332448 
 AT17         C                 4.7491068527    6.6672889320    4.2565625514 
 AT18         H                -8.2132146273   -1.3081220904   -1.6727416646 
 AT19         H                 4.9081100250    2.2149168950   -2.1045508203 
 AT20         H                -3.1055345741   -7.6542274882   -4.5235486722 
 AT21         H                -2.6578176775   -6.4013758818   -7.6532892150 
 AT22         H                -5.7387400103   -6.3278966580   -6.2715729000 
 AT23         H                 0.5676952317   -4.8956876939   -3.0937481193 
 AT24         H                 0.6728590723   -1.6494509610   -3.9803721465 
 AT25         H                 0.8026015508   -4.0005570807   -6.3312180816 
 AT26         H                -5.7378866083   -1.5878787105   -7.2742132690 
 AT27         H                -2.6709499818   -2.0499159316   -8.6655166270 
 AT28         H                -3.0872736406    0.3530959885   -6.3470478039 
 AT29         H                -0.6901916700    3.0061373679    3.8479654302 
 AT30         H                 0.2184629693    5.7904666741    2.0883831974 
 AT31         H                -0.2162972045    5.8700308552    5.3917662185 
 AT32         H                 2.6160885497    1.1972039071    7.2089179397 
 AT33         H                 3.0682951286    4.3610595992    8.2689309305 
 AT34         H                 5.7373977530    2.5637804270    7.2560682111 
 AT35         H                 4.4443169342    7.7332993158    2.5141823297 
 AT36         H                 6.7795341318    6.3593484170    4.4842927782 
 AT37         H                 4.0380817174    7.8014916827    5.8404709052 
 ###############################################################################

 After geometry   +    0.00 =     127.2 seconds wall (    0.00 usr    0.00 sys)
  
 LATVEC: nlat1c,nlat2c,nlat =           1           1           1

  Atom
  Type  Shell  Min-alf     range
    1        0.129289   8.279963
    2        0.102474   9.300415
    3        0.143749   7.852478
    4        0.078997  10.592631
    5        0.095999   9.608947
    6        0.073120  11.010095
 Turnover EF->DM npopdm, npop0k=          88          55
 DEV264h/wkmem: perlsolv dist-mem
 DEV/wkmem: KPSTORE= F
 DEV/wkmem: psolv version, input do_psolv= F

 Need       21250-length r*4 array to pack grid wfcns/box
 Need      312000-length r*4 array to pack all grid wfcns
 Need       25000-length r*4 array for grid wfcns scratch
 WKMEM: using stripe-parallel+Merge  setup
 Minimum maxwkd for scf to complete=    29376447
 All grid wfcns stored in    156000 of 194817057 available
 WKMEM: in-core Broyden! uses    211770 out of 194661057 available
 >>>>> geom/basis data saved to file
  
 Atom type   1  radial valence charge =    5.999995363882
 Atom type   1      xc valence charge =    6.499995360087
  
 Atom type   2  radial valence charge =    0.999999985299
  
 Atom type   3  radial valence charge =    3.999996877569
  
 Atom type   4  radial valence charge =    9.999999976019
  
 Atom type   5  radial valence charge =    4.999999641069
  
 Atom type   6  radial valence charge =    3.999999473876
 mat0set: stripe-parallel, KPSTORE= F

   sij compute    +    0.02 =     127.2 seconds wall (    0.01 usr    0.00 sys)

   sij/nlat-bcast +    0.04 =     127.2 seconds wall (    0.04 usr    0.00 sys)

   vlocmat compute+    0.15 =     127.4 seconds wall (    0.15 usr    0.00 sys)

   vlocmii compute+    0.01 =     127.4 seconds wall (    0.01 usr    0.00 sys)

   nlocmat compute+    0.18 =     127.6 seconds wall (    0.08 usr    0.00 sys)
 NLOCMAT: Max neqilat=           1

 After mat0set    +    0.16 =     127.7 seconds wall (    0.08 usr    0.00 sys)
 Atom   2   Z=  6.0   occ=  6.00   rho=  5.9931357251   core=  0.0000000000
                               rho(xc)=  6.4931356693
     vxc(afsw):   -8.99447249  -8.72701574  -0.26745675  -0.00017235
     exc(afsw):   -6.96561127  -6.73698618  -0.22862509  -0.00013864
 Atom   3   Z=  6.0   occ=  6.00   rho=  5.9877869420   core=  0.0000000000
                               rho(xc)=  6.4877868749
     vxc(afsw):   -8.95601954  -8.68851717  -0.26750237  -0.00030679
     exc(afsw):   -6.95934038  -6.73066665  -0.22867373  -0.00024684
 Atom   6   Z=  6.0   occ=  6.00   rho=  5.9884421422   core=  0.0000000000
                               rho(xc)=  6.4884420786
     vxc(afsw):   -8.96541042  -8.69791208  -0.26749834  -0.00029031
     exc(afsw):   -6.96044244  -6.73177467  -0.22866777  -0.00023358
 Atom   7   Z=  6.0   occ=  6.00   rho=  5.9941022898   core=  0.0000000000
                               rho(xc)=  6.4941022156
     vxc(afsw):   -8.99685067  -8.72940341  -0.26744725  -0.00014807
     exc(afsw):   -6.96667983  -6.73806398  -0.22861585  -0.00011911
 Atom   8   Z=  6.0   occ=  6.00   rho=  5.9935299479   core=  0.0000000000
                               rho(xc)=  6.4935298679
     vxc(afsw):   -8.99381512  -8.72636114  -0.26745398  -0.00016245
     exc(afsw):   -6.96623466  -6.73761361  -0.22862105  -0.00013068
 Atom   9   Z=  6.0   occ=  6.00   rho=  5.9910558675   core=  0.0000000000
                               rho(xc)=  6.4910557938
     vxc(afsw):   -8.98546672  -8.71799453  -0.26747220  -0.00022460
     exc(afsw):   -6.96354281  -6.73489813  -0.22864468  -0.00018069
 Atom  10   Z=  4.0   occ=  4.00   rho=  3.9976571483   core=  0.0000000000
     vxc(afsw):   -3.88245159  -3.65950911  -0.22294248  -0.00005344
     exc(afsw):   -3.00446004  -2.81322844  -0.19123160  -0.00004116
 Atom  11   Z=  4.0   occ=  4.00   rho=  4.0024097582   core=  0.0000000000
     vxc(afsw):   -3.90116053  -3.67824835  -0.22291218   0.00005473
     exc(afsw):   -3.00760814  -2.81639611  -0.19121203   0.00004211
 Atom  13   Z=  4.0   occ=  4.00   rho=  4.0011642724   core=  0.0000000000
     vxc(afsw):   -3.88974454  -3.66683782  -0.22290671   0.00002646
     exc(afsw):   -3.00702782  -2.81580981  -0.19121801   0.00002038
 Atom  15   Z=  4.0   occ=  4.00   rho=  3.9975132884   core=  0.0000000000
     vxc(afsw):   -3.88214104  -3.65919753  -0.22294351  -0.00005673
     exc(afsw):   -3.00430108  -2.81306892  -0.19123216  -0.00004369
 Atom  17   Z=  4.0   occ=  4.00   rho=  3.9981130929   core=  0.0000000000
     vxc(afsw):   -3.88162104  -3.65868448  -0.22293656  -0.00004303
     exc(afsw):   -3.00499048  -2.81376052  -0.19122996  -0.00003314
 Atom  18   Z=  1.0   occ=  1.00   rho=  0.9972407540   core=  0.0000000000
     vxc(afsw):   -0.79366573  -0.76830671  -0.02535902  -0.00003873
     exc(afsw):   -0.62631717  -0.60411342  -0.02220376  -0.00003266
 Atom  19   Z=  1.0   occ=  1.00   rho=  0.9966970337   core=  0.0000000000
     vxc(afsw):   -0.79189679  -0.76653833  -0.02535845  -0.00004633
     exc(afsw):   -0.62541680  -0.60321268  -0.02220412  -0.00003906
 Atom  20   Z=  1.0   occ=  1.00   rho=  0.9972297335   core=  0.0000000000
     vxc(afsw):   -0.79393818  -0.76857962  -0.02535856  -0.00003891
     exc(afsw):   -0.62628798  -0.60408434  -0.02220364  -0.00003282
 Atom  21   Z=  1.0   occ=  1.00   rho=  0.9975927686   core=  0.0000000000
     vxc(afsw):   -0.79528356  -0.76992490  -0.02535866  -0.00003382
     exc(afsw):   -0.62688222  -0.60467890  -0.02220332  -0.00002853
 Atom  22   Z=  1.0   occ=  1.00   rho=  0.9972540063   core=  0.0000000000
     vxc(afsw):   -0.79383092  -0.76847204  -0.02535888  -0.00003854
     exc(afsw):   -0.62633524  -0.60413154  -0.02220370  -0.00003250
 Atom  23   Z=  1.0   occ=  1.00   rho=  0.9974493308   core=  0.0000000000
     vxc(afsw):   -0.79447191  -0.76911286  -0.02535905  -0.00003582
     exc(afsw):   -0.62665809  -0.60445452  -0.02220356  -0.00003021
 Atom  24   Z=  1.0   occ=  1.00   rho=  0.9958897038   core=  0.0000000000
     vxc(afsw):   -0.78940021  -0.76404282  -0.02535739  -0.00005758
     exc(afsw):   -0.62407545  -0.60187085  -0.02220460  -0.00004855
 Atom  25   Z=  1.0   occ=  1.00   rho=  0.9966202818   core=  0.0000000000
     vxc(afsw):   -0.79166179  -0.76630344  -0.02535835  -0.00004740
     exc(afsw):   -0.62528922  -0.60308506  -0.02220417  -0.00003997
 Atom  26   Z=  1.0   occ=  1.00   rho=  0.9972300980   core=  0.0000000000
     vxc(afsw):   -0.79373842  -0.76837955  -0.02535887  -0.00003888
     exc(afsw):   -0.62629610  -0.60409238  -0.02220372  -0.00003279
 Atom  27   Z=  1.0   occ=  1.00   rho=  0.9968798406   core=  0.0000000000
     vxc(afsw):   -0.79261164  -0.76725314  -0.02535850  -0.00004379
     exc(afsw):   -0.62571583  -0.60351188  -0.02220395  -0.00003693
 Atom  28   Z=  1.0   occ=  1.00   rho=  0.9970936624   core=  0.0000000000
     vxc(afsw):   -0.79325531  -0.76789653  -0.02535878  -0.00004080
     exc(afsw):   -0.62607141  -0.60386758  -0.02220383  -0.00003440
 Atom  29   Z=  1.0   occ=  1.00   rho=  0.9973290228   core=  0.0000000000
     vxc(afsw):   -0.79399999  -0.76864095  -0.02535905  -0.00003750
     exc(afsw):   -0.62646176  -0.60425809  -0.02220368  -0.00003162
 Atom  30   Z=  1.0   occ=  1.00   rho=  0.9962796342   core=  0.0000000000
     vxc(afsw):   -0.79061765  -0.76525975  -0.02535790  -0.00005217
     exc(afsw):   -0.62472300  -0.60251863  -0.02220437  -0.00004400
 Atom  31   Z=  1.0   occ=  1.00   rho=  0.9958378338   core=  0.0000000000
     vxc(afsw):   -0.78924085  -0.76388353  -0.02535732  -0.00005830
     exc(afsw):   -0.62398923  -0.60178459  -0.02220463  -0.00004915
 Atom  32   Z=  1.0   occ=  1.00   rho=  0.9962893817   core=  0.0000000000
     vxc(afsw):   -0.79067350  -0.76531562  -0.02535788  -0.00005205
     exc(afsw):   -0.62473840  -0.60253405  -0.02220435  -0.00004389
 Atom  33   Z=  1.0   occ=  1.00   rho=  0.9969992456   core=  0.0000000000
     vxc(afsw):   -0.79304530  -0.76768674  -0.02535856  -0.00004213
     exc(afsw):   -0.62591195  -0.60370810  -0.02220385  -0.00003553
 Atom  34   Z=  1.0   occ=  1.00   rho=  0.9969373971   core=  0.0000000000
     vxc(afsw):   -0.79264937  -0.76729063  -0.02535874  -0.00004297
     exc(afsw):   -0.62581580  -0.60361183  -0.02220397  -0.00003623
 Atom  35   Z=  1.0   occ=  1.00   rho=  0.9961621976   core=  0.0000000000
     vxc(afsw):   -0.79023829  -0.76488053  -0.02535777  -0.00005379
     exc(afsw):   -0.62452836  -0.60232392  -0.02220444  -0.00004536
 Atom  36   Z=  1.0   occ=  1.00   rho=  0.9960064453   core=  0.0000000000
     vxc(afsw):   -0.78976742  -0.76440987  -0.02535754  -0.00005598
     exc(afsw):   -0.62426925  -0.60206472  -0.02220453  -0.00004721
 Atom  37   Z=  1.0   occ=  1.00   rho=  0.9965128933   core=  0.0000000000
     vxc(afsw):   -0.79140603  -0.76604791  -0.02535812  -0.00004893
     exc(afsw):   -0.62510846  -0.60290426  -0.02220420  -0.00004126
 ***** CAUTION: grid fineness questionable

 grid0xc compute+    0.35 =     128.1 seconds wall (    0.35 usr    0.00 sys)

 grid0xc Merge  +    0.10 =     128.2 seconds wall (    0.00 usr    0.09 sys)

 grid0xc Bcast  +    0.21 =     128.4 seconds wall (    0.21 usr   -0.00 sys)


 AFTER SETUP PHASE+    4.16 =     132.5 seconds wall (    0.25 usr    0.54 sys)

  
 *************************  iteration   0 begins here  *************************


 Before iterations+    0.06 =     132.6 seconds wall (    0.05 usr    0.01 sys)
  
 grid-integrated up-density total =       53.9570328387
 grid-integrated dn-density total =       53.9570328387
 grid-integrated valence-density total =      107.9140656774
 Harris Fcnal XC piece=       29.2819758350
  
  

 After 0 iteration+    0.65 =     133.2 seconds wall (    0.57 usr    0.08 sys)
 *************************  iteration   1 begins here  *************************


 erlsolv/begin  +    0.20 =     133.5 seconds wall (    0.20 usr    0.00 sys)
 PERLSOLV: kpp-copmatible version

 erlsolv/schroed+    0.31 =     133.8 seconds wall (    0.06 usr    0.00 sys)

 erlsolv/pop    +    0.00 =     133.8 seconds wall (    0.00 usr    0.00 sys)

 erlsolv/dmat compute+    0.00 =     133.8 seconds wall (    0.00 usr    0.00 sys)

 erlsolv/dmat compute+    0.01 =     133.8 seconds wall (    0.00 usr    0.00 sys)

 erlsolv/rhoij  +    0.01 =     133.8 seconds wall (    0.00 usr    0.00 sys)

 spin-up fermi level =   -0.262874 Ry,   gap(0K)= 0.358062 Ry = 4.872 eV
 spin-dn fermi level =   -0.472493 Ry,   gap(0K)= 0.025785 Ry = 0.351 eV

 k-vector:                  1
  weight:               1.000000
            level/UP/occup       level/DN/occup
  
    1    -1.929102  1.0000    -1.929102  1.0000
    2    -1.922541  1.0000    -1.922541  1.0000
    3    -1.838258  1.0000    -1.838258  1.0000
    4    -1.832952  1.0000    -1.832952  1.0000
             ...      ...         ...      ...
   36    -0.720440  1.0000    -0.720440  1.0000
   37    -0.706880  1.0000    -0.706880  1.0000
   38    -0.705491  1.0000    -0.705491  1.0000
   39    -0.704809  1.0000    -0.704809  1.0000
   40    -0.699933  1.0000    -0.699933  1.0000
   41    -0.692559  1.0000    -0.692559  1.0000
   42    -0.682799  1.0000    -0.682799  1.0000
   43    -0.661845  1.0000    -0.661845  1.0000
   44    -0.642253  1.0000    -0.642253  1.0000
   45    -0.621809  1.0000    -0.621809  1.0000
   46    -0.613701  1.0000    -0.613701  1.0000
   47    -0.600866  1.0000    -0.600866  1.0000
   48    -0.586306  1.0000    -0.586306  1.0000
   49    -0.576201  1.0000    -0.576201  1.0000
   50    -0.567903  1.0000    -0.567903  0.9999
   51    -0.544769  1.0000    -0.544769  0.9993
   52    -0.538117  1.0000    -0.538117  0.9986
   53    -0.484128  1.0000    -0.484128  0.7620
   54    -0.458343  1.0000    -0.458343  0.1954
   55    -0.441905  1.0000    -0.441905  0.0448
   56    -0.083843  0.0000    -0.083843  0.0000
   57    -0.008381  0.0000    -0.008381  0.0000
   58     0.002642  0.0000     0.002642  0.0000
   59     0.021738  0.0000     0.021738  0.0000
   60     0.037253  0.0000     0.037253  0.0000
   61     0.051732  0.0000     0.051732  0.0000
   62     0.060715  0.0000     0.060715  0.0000
   63     0.080268  0.0000     0.080268  0.0000
             ...      ...         ...      ...
  200     2.768778  0.0000     2.768778  0.0000
  
 delta movement in up-elecs =        6.8655482444
 delta movement in dn-elecs =        6.6801367981
 delta movement in electrons =       12.8900546242

 one-center local charge defect =         0.05224358

 one-center local charge defect =         0.04989023

 LMCC local dipole, |dip|=        3.6140195741
 Using LMCC treatment of supercell electrostatics
 DBG/LMCCINT, esns diagnostics redone
 LMCC chemical potential shift(Ry,eV)=        0.0000113604        0.0001545677
 LMCC esns total grid integral=        1.3589574583
  
 grid-integrated up-density total =       54.9427981480
 grid-integrated dn-density total =       52.9451524916
 grid-integrated valence-density total =      107.8879506396
  
 TOTAL single particle eigenvalue sum=      -103.4180854080
  
 rms,max scfchange=  1.2421D-02  5.4901D-01 for component#    154114
 electronic meth_bl(BROYDEN)=           1
>>>>> Broyden: first step (elec) simple blend ratio= 0.300000
<<<<< Broyden step complete, scf step=     1

 After blending   +   12.54 =     146.3 seconds wall (    6.09 usr    1.48 sys)
  
 *************************  iteration   2 begins here  *************************


 erlsolv/begin  +    0.00 =     146.3 seconds wall (    0.00 usr    0.00 sys)
 PERLSOLV: kpp-copmatible version

 erlsolv/schroed+    0.06 =     146.4 seconds wall (    0.06 usr    0.01 sys)

 erlsolv/pop    +    0.00 =     146.4 seconds wall (    0.00 usr    0.00 sys)

 erlsolv/dmat compute+    0.00 =     146.4 seconds wall (    0.00 usr    0.00 sys)

 erlsolv/dmat compute+    0.00 =     146.4 seconds wall (    0.00 usr    0.00 sys)

 erlsolv/rhoij  +    0.01 =     146.4 seconds wall (    0.00 usr    0.00 sys)

 spin-up fermi level =   -0.279275 Ry,   gap(0K)= 0.339214 Ry = 4.615 eV
 spin-dn fermi level =   -0.464960 Ry,   gap(0K)= 0.038434 Ry = 0.523 eV
  
 delta movement in up-elecs =        5.7743595309
 delta movement in dn-elecs =        5.5020280372
 delta movement in electrons =       10.6567196662

 one-center local charge defect =         0.05137643

 one-center local charge defect =         0.04844636

 LMCC local dipole, |dip|=        1.9890026901
 Using LMCC treatment of supercell electrostatics
 DBG/LMCCINT, esns diagnostics redone
 LMCC chemical potential shift(Ry,eV)=        0.0000035133        0.0000478008
 LMCC esns total grid integral=        0.6209919792
  
 grid-integrated up-density total =       54.9437730344
 grid-integrated dn-density total =       52.9467072866
 grid-integrated valence-density total =      107.8904803211
  
 TOTAL single particle eigenvalue sum=      -100.0574528001
  
 rms,max scfchange=  4.7634D-03  2.3712D-01 for component#    118682
 electronic meth_bl(BROYDEN)=           1
>>>>> Broyden blend to get next step - elec
<<<<< Broyden step complete, scf step=     2

 After blending   +   11.76 =     158.2 seconds wall (    6.36 usr    1.37 sys)
  
 *************************  iteration   3 begins here  *************************


 erlsolv/begin  +    0.29 =     158.4 seconds wall (    0.27 usr    0.00 sys)
 PERLSOLV: kpp-copmatible version

 erlsolv/schroed+    0.09 =     158.5 seconds wall (    0.07 usr    0.01 sys)

 erlsolv/pop    +    0.00 =     158.5 seconds wall (    0.00 usr    0.00 sys)

 erlsolv/dmat compute+    0.00 =     158.5 seconds wall (    0.00 usr    0.00 sys)

 erlsolv/dmat compute+    0.01 =     158.6 seconds wall (    0.00 usr    0.00 sys)

 erlsolv/rhoij  +    0.01 =     158.6 seconds wall (    0.00 usr    0.00 sys)

 spin-up fermi level =   -0.260660 Ry,   gap(0K)= 0.336818 Ry = 4.583 eV
 spin-dn fermi level =   -0.423807 Ry,   gap(0K)= 0.048189 Ry = 0.656 eV
  
 delta movement in up-elecs =        5.5896496172
 delta movement in dn-elecs =        5.5916165864
 delta movement in electrons =       10.4072926539

 one-center local charge defect =         0.05149370

 one-center local charge defect =         0.04914734

 LMCC local dipole, |dip|=        2.4676512473
 Using LMCC treatment of supercell electrostatics
 DBG/LMCCINT, esns diagnostics redone
 LMCC chemical potential shift(Ry,eV)=        0.0000058222        0.0000792153
 LMCC esns total grid integral=        0.5670660850
  
 grid-integrated up-density total =       54.9437016347
 grid-integrated dn-density total =       52.9460493577
 grid-integrated valence-density total =      107.8897509924
  
 TOTAL single particle eigenvalue sum=       -99.0586986767
  
 rms,max scfchange=  3.0332D-03  2.2734D-01 for component#      1033
 electronic meth_bl(BROYDEN)=           1
>>>>> Broyden blend to get next step - elec
<<<<< Broyden step complete, scf step=     3

 After blending   +   11.84 =     170.4 seconds wall (    6.11 usr    1.48 sys)
  
 *************************  iteration   4 begins here  *************************


 erlsolv/begin  +    0.00 =     170.4 seconds wall (    0.00 usr    0.00 sys)
 PERLSOLV: kpp-copmatible version

 erlsolv/schroed+    0.07 =     170.5 seconds wall (    0.06 usr    0.01 sys)

 erlsolv/pop    +    0.00 =     170.5 seconds wall (    0.00 usr    0.00 sys)

 erlsolv/dmat compute+    0.00 =     170.5 seconds wall (    0.00 usr    0.00 sys)

 erlsolv/dmat compute+    0.01 =     170.5 seconds wall (    0.00 usr    0.00 sys)

 erlsolv/rhoij  +    0.00 =     170.5 seconds wall (    0.00 usr    0.00 sys)

 spin-up fermi level =   -0.278787 Ry,   gap(0K)= 0.336245 Ry = 4.575 eV
 spin-dn fermi level =   -0.437019 Ry,   gap(0K)= 0.061157 Ry = 0.832 eV
  
 delta movement in up-elecs =        5.4948428740
 delta movement in dn-elecs =        5.4595522478
 delta movement in electrons =       10.1621113025

 one-center local charge defect =         0.05134993

 one-center local charge defect =         0.04871275

 LMCC local dipole, |dip|=        2.1463663444
 Using LMCC treatment of supercell electrostatics
 DBG/LMCCINT, esns diagnostics redone
 LMCC chemical potential shift(Ry,eV)=        0.0000045698        0.0000621753
 LMCC esns total grid integral=        0.4885457137
  
 grid-integrated up-density total =       54.9438645328
 grid-integrated dn-density total =       52.9465032400
 grid-integrated valence-density total =      107.8903677729
  
 TOTAL single particle eigenvalue sum=       -99.0493858097
  
 rms,max scfchange=  1.0072D-03  7.4591D-02 for component#      1033
 electronic meth_bl(BROYDEN)=           1
>>>>> Broyden blend to get next step - elec
<<<<< Broyden step complete, scf step=     4

 After blending   +   16.85 =     187.3 seconds wall (    5.82 usr    1.14 sys)
  
 *************************  iteration   5 begins here  *************************


 erlsolv/begin  +    0.03 =     187.4 seconds wall (    0.02 usr    0.00 sys)
 PERLSOLV: kpp-copmatible version

 erlsolv/schroed+    3.83 =     191.2 seconds wall (    3.81 usr    0.01 sys)

 erlsolv/pop    +    0.00 =     191.2 seconds wall (    0.00 usr    0.00 sys)

 erlsolv/dmat compute+    0.00 =     191.2 seconds wall (    0.00 usr    0.00 sys)

 erlsolv/dmat compute+    0.31 =     191.5 seconds wall (    0.31 usr    0.00 sys)

 erlsolv/rhoij  +    0.33 =     191.8 seconds wall (    0.33 usr    0.00 sys)

 spin-up fermi level =   -0.288624 Ry,   gap(0K)= 0.333569 Ry = 4.538 eV
 spin-dn fermi level =   -0.435774 Ry,   gap(0K)= 0.072837 Ry = 0.991 eV
  
 delta movement in up-elecs =        5.4817887536
 delta movement in dn-elecs =        5.4788300802
 delta movement in electrons =       10.1551953714

 one-center local charge defect =         0.05138068

 one-center local charge defect =         0.04871256

 LMCC local dipole, |dip|=        2.0624072463
 Using LMCC treatment of supercell electrostatics
 DBG/LMCCINT, esns diagnostics redone
 LMCC chemical potential shift(Ry,eV)=        0.0000041744        0.0000567966
 LMCC esns total grid integral=        0.4788617187
  
 grid-integrated up-density total =       54.9438426486
 grid-integrated dn-density total =       52.9465120873
 grid-integrated valence-density total =      107.8903547359
  
 TOTAL single particle eigenvalue sum=       -99.2747704706
  
 rms,max scfchange=  5.0155D-04  6.3350D-02 for component#      1033
 electronic meth_bl(BROYDEN)=           1
>>>>> Broyden blend to get next step - elec
<<<<< Broyden step complete, scf step=     5

 After blending   +   13.55 =     205.4 seconds wall (    8.23 usr    1.47 sys)
  
 *************************  iteration   6 begins here  *************************


 erlsolv/begin  +    2.05 =     207.4 seconds wall (    2.01 usr    0.00 sys)
 PERLSOLV: kpp-copmatible version

 erlsolv/schroed+    4.00 =     211.4 seconds wall (    3.80 usr    0.00 sys)

 erlsolv/pop    +    0.00 =     211.4 seconds wall (    0.00 usr    0.00 sys)

 erlsolv/dmat compute+    0.00 =     211.4 seconds wall (    0.00 usr    0.00 sys)

 erlsolv/dmat compute+    0.05 =     211.5 seconds wall (    0.03 usr    0.00 sys)

 erlsolv/rhoij  +    0.69 =     212.2 seconds wall (    0.00 usr    0.00 sys)

 spin-up fermi level =   -0.297147 Ry,   gap(0K)= 0.333005 Ry = 4.531 eV
 spin-dn fermi level =   -0.435341 Ry,   gap(0K)= 0.079944 Ry = 1.088 eV
  
 delta movement in up-elecs =        5.4754497242
 delta movement in dn-elecs =        5.4963926273
 delta movement in electrons =       10.1517333725

 one-center local charge defect =         0.05135519

 one-center local charge defect =         0.04864180

 LMCC local dipole, |dip|=        1.9889194236
 Using LMCC treatment of supercell electrostatics
 DBG/LMCCINT, esns diagnostics redone
 LMCC chemical potential shift(Ry,eV)=        0.0000038910        0.0000529407
 LMCC esns total grid integral=        0.4734531358
  
 grid-integrated up-density total =       54.9438756479
 grid-integrated dn-density total =       52.9465890632
 grid-integrated valence-density total =      107.8904647111
  
 TOTAL single particle eigenvalue sum=       -99.4436024029
  
 rms,max scfchange=  1.8460D-04  3.1994D-02 for component#      1033
 electronic meth_bl(BROYDEN)=           1
>>>>> Broyden blend to get next step - elec
<<<<< Broyden step complete, scf step=     6

 After blending   +   20.14 =     232.3 seconds wall (   11.31 usr    1.47 sys)
  
 *************************  iteration   7 begins here  *************************


 erlsolv/begin  +    0.07 =     232.4 seconds wall (    0.06 usr    0.00 sys)
 PERLSOLV: kpp-copmatible version

 erlsolv/schroed+    0.06 =     232.5 seconds wall (    0.06 usr    0.00 sys)

 erlsolv/pop    +    0.00 =     232.5 seconds wall (    0.00 usr    0.00 sys)

 erlsolv/dmat compute+    0.00 =     232.5 seconds wall (    0.00 usr    0.00 sys)

 erlsolv/dmat compute+    0.01 =     232.5 seconds wall (    0.00 usr    0.00 sys)

 erlsolv/rhoij  +    0.00 =     232.5 seconds wall (    0.00 usr    0.00 sys)

 spin-up fermi level =   -0.299895 Ry,   gap(0K)= 0.333317 Ry = 4.535 eV
 spin-dn fermi level =   -0.434141 Ry,   gap(0K)= 0.083584 Ry = 1.137 eV
  
 delta movement in up-elecs =        5.4748372744
 delta movement in dn-elecs =        5.5178587310
 delta movement in electrons =       10.1652326690

 one-center local charge defect =         0.05133801

 one-center local charge defect =         0.04864652

 LMCC local dipole, |dip|=        2.0157512506
 Using LMCC treatment of supercell electrostatics
 DBG/LMCCINT, esns diagnostics redone
 LMCC chemical potential shift(Ry,eV)=        0.0000040209        0.0000547076
 LMCC esns total grid integral=        0.4739921040
  
 grid-integrated up-density total =       54.9438949883
 grid-integrated dn-density total =       52.9465864184
 grid-integrated valence-density total =      107.8904814067
  
 TOTAL single particle eigenvalue sum=       -99.4919200203
  
 rms,max scfchange=  1.9081D-04  3.1235D-02 for component#      1033
 electronic meth_bl(BROYDEN)=           1
>>>>> Broyden blend to get next step - elec
<<<<< Broyden step complete, scf step=     7

 After blending   +   13.28 =     245.8 seconds wall (    5.75 usr    1.49 sys)
  
 *************************  iteration   8 begins here  *************************


 erlsolv/begin  +    0.00 =     245.8 seconds wall (    0.00 usr    0.00 sys)
 PERLSOLV: kpp-copmatible version

 erlsolv/schroed+    0.06 =     245.8 seconds wall (    0.05 usr    0.01 sys)

 erlsolv/pop    +    0.00 =     245.8 seconds wall (    0.00 usr    0.00 sys)

 erlsolv/dmat compute+    0.00 =     245.8 seconds wall (    0.00 usr    0.00 sys)

 erlsolv/dmat compute+    0.00 =     245.8 seconds wall (    0.00 usr    0.00 sys)

 erlsolv/rhoij  +    0.00 =     245.8 seconds wall (    0.00 usr    0.00 sys)

 spin-up fermi level =   -0.303306 Ry,   gap(0K)= 0.333264 Ry = 4.534 eV
 spin-dn fermi level =   -0.433149 Ry,   gap(0K)= 0.086965 Ry = 1.183 eV
  
 delta movement in up-elecs =        5.4762981994
 delta movement in dn-elecs =        5.5421752434
 delta movement in electrons =       10.1858334165

 one-center local charge defect =         0.05131455

 one-center local charge defect =         0.04865360

 LMCC local dipole, |dip|=        2.0144643971
 Using LMCC treatment of supercell electrostatics
 DBG/LMCCINT, esns diagnostics redone
 LMCC chemical potential shift(Ry,eV)=        0.0000040252        0.0000547668
 LMCC esns total grid integral=        0.4744377330
  
 grid-integrated up-density total =       54.9439208916
 grid-integrated dn-density total =       52.9465810861
 grid-integrated valence-density total =      107.8905019777
  
 TOTAL single particle eigenvalue sum=       -99.5577415022
  
 rms,max scfchange=  1.6004D-04  2.5088D-02 for component#      1033
 electronic meth_bl(BROYDEN)=           1
>>>>> Broyden blend to get next step - elec
<<<<< Broyden step complete, scf step=     8

 After blending   +   12.44 =     258.3 seconds wall (    5.77 usr    1.18 sys)
  
 *************************  iteration   9 begins here  *************************


 erlsolv/begin  +    0.00 =     258.3 seconds wall (    0.00 usr    0.00 sys)
 PERLSOLV: kpp-copmatible version

 erlsolv/schroed+    0.06 =     258.3 seconds wall (    0.05 usr    0.01 sys)

 erlsolv/pop    +    0.00 =     258.3 seconds wall (    0.00 usr    0.00 sys)

 erlsolv/dmat compute+    0.00 =     258.3 seconds wall (    0.00 usr    0.00 sys)

 erlsolv/dmat compute+    0.00 =     258.3 seconds wall (    0.00 usr    0.00 sys)

 erlsolv/rhoij  +    0.00 =     258.3 seconds wall (    0.00 usr    0.00 sys)

 spin-up fermi level =   -0.306913 Ry,   gap(0K)= 0.332702 Ry = 4.527 eV
 spin-dn fermi level =   -0.433086 Ry,   gap(0K)= 0.089169 Ry = 1.213 eV
  
 delta movement in up-elecs =        5.4816026378
 delta movement in dn-elecs =        5.5684173591
 delta movement in electrons =       10.2121143687

 one-center local charge defect =         0.05128301

 one-center local charge defect =         0.04866429

 LMCC local dipole, |dip|=        2.0147877268
 Using LMCC treatment of supercell electrostatics
 DBG/LMCCINT, esns diagnostics redone
 LMCC chemical potential shift(Ry,eV)=        0.0000040317        0.0000548547
 LMCC esns total grid integral=        0.4751979684
  
 grid-integrated up-density total =       54.9439541339
 grid-integrated dn-density total =       52.9465706756
 grid-integrated valence-density total =      107.8905248096
  
 TOTAL single particle eigenvalue sum=       -99.6450422540
  
 rms,max scfchange=  7.9078D-05  1.1749D-02 for component#    197114
 ######################  ENERGY ANALYSIS  #######################
    Spherical-atom es ENERGY correction =      -312.8339618107
    Full spherical atom trace ENERGY =         -154.0998573719
    Spherical-atom-Vxc trace ENERGY =           180.6322508531
    non-spherical es ENERGY =                     0.4752627764
    Total Exc ENERGY =                         -100.4597687826

    total kinetic trace ENERGY =          282.4057802586
    non-local ps-pot trace ENERGY =        38.0684371705
    total electrostatic ENERGY =         -606.3005229823
    Total Vxc ENERGY =                   -130.2870554809

    TOTAL ENERGY (Rydberg) =                   -386.2860743357

 ################################################################

 After blending   +   12.01 =     270.3 seconds wall (    6.08 usr    1.42 sys)
  
 >>>>> self-consistency achieved, iteration   9


 Final GAP(eV)=  4.5267 (up),  1.2132 (dn)

 spin-up fermi level =   -0.306913 Ry,   gap(0K)= 0.332702 Ry = 4.527 eV
 spin-dn fermi level =   -0.433086 Ry,   gap(0K)= 0.089169 Ry = 1.213 eV

 k-vector:                  1
  weight:               1.000000
            level/UP/occup       level/DN/occup
  
    1    -1.977246  1.0000    -1.974217  1.0000
    2    -1.945814  1.0000    -1.941891  1.0000
    3    -1.862628  1.0000    -1.852847  1.0000
    4    -1.822146  1.0000    -1.810536  1.0000
             ...      ...         ...      ...
   36    -0.683589  1.0000    -0.671636  1.0000
   37    -0.674540  1.0000    -0.668836  1.0000
   38    -0.672349  1.0000    -0.658802  1.0000
   39    -0.652819  1.0000    -0.639522  1.0000
   40    -0.637138  1.0000    -0.632137  1.0000
   41    -0.635412  1.0000    -0.630245  1.0000
   42    -0.631624  1.0000    -0.622696  1.0000
   43    -0.623623  1.0000    -0.619791  1.0000
   44    -0.620432  1.0000    -0.602803  1.0000
   45    -0.610261  1.0000    -0.582287  1.0000
   46    -0.598071  1.0000    -0.561764  1.0000
   47    -0.581099  1.0000    -0.549877  1.0000
   48    -0.574332  1.0000    -0.528186  0.9999
   49    -0.553793  1.0000    -0.508100  0.9994
   50    -0.531228  1.0000    -0.498499  0.9986
   51    -0.517055  1.0000    -0.494511  0.9979
   52    -0.512198  1.0000    -0.485734  0.9949
   53    -0.499681  1.0000    -0.481040  0.9918
   54    -0.486943  1.0000    -0.391871  0.0160
   55    -0.473264  1.0000    -0.368764  0.0016
   56    -0.140562  0.0000    -0.092278  0.0000
   57    -0.034557  0.0000    -0.030776  0.0000
   58    -0.026010  0.0000    -0.018237  0.0000
   59     0.001185  0.0000     0.011872  0.0000
   60     0.020499  0.0000     0.028175  0.0000
   61     0.041995  0.0000     0.044217  0.0000
   62     0.059143  0.0000     0.062578  0.0000
   63     0.077052  0.0000     0.083664  0.0000
             ...      ...         ...      ...
  200     2.783331  0.0000     2.787919  0.0000
  
 >>>>> grid delta-density saved to file

 FINAL CONVERGED ENERGY (Rydberg) =     -386.2860743357
 Binding energy =      -26.5571213357 Ry =           -361.3310 eV

 AFTER ITERATIONS +    0.17 =     270.5 seconds wall (    0.01 usr    0.04 sys)
 Atom  20   Z=  1.0   occ=  1.00   rho=  0.9972297335   core=  0.0000000000
     vxc(afs ):   -0.79393818  -0.76857962  -0.02535856
     exc(afs ):   -0.62628798  -0.60408434  -0.02220364

 atom xc0frc stress term=       83.3387208902
 mat0frc: stripe-parallel, KPSTORE= F
  
 total force contributions(Ry/bohr):
        atom       x force          y force          z force
          1     -0.0051848710    -0.0041192280     0.0056067688
          2      0.0033590537     0.0025713346     0.0005420796
          3      0.0008451842    -0.0046102158     0.0015276617
          4     -0.0075031325     0.0023391010    -0.0023511665
          5     -0.0021555978     0.0031695641    -0.0034582490
          6     -0.0008191073    -0.0006884907    -0.0002951087
          7      0.0021965897    -0.0047660975     0.0051842537
          8      0.0009288386     0.0000759844     0.0005669019
          9      0.0126635335    -0.0009712875     0.0018001708
         10      0.0000734688    -0.0007539486    -0.0003017039
         11      0.0001078586    -0.0001111103    -0.0000065617
         12      0.0001697424    -0.0002142225    -0.0002281397
         13     -0.0006605576    -0.0022719832    -0.0000261258
         14     -0.0005978318    -0.0000179853     0.0000633002
         15      0.0010874979     0.0018653258    -0.0003163387
         16      0.0004697126     0.0002184849    -0.0000959333
         17     -0.0003727320    -0.0001086818     0.0002873685
         18     -0.0002330894     0.0008436641    -0.0001002943
         19      0.0002513012     0.0006051655     0.0004162013
         20     -0.0000849034     0.0001539644     0.0001492982
         21      0.0000204448    -0.0000245864     0.0000413221
         22     -0.0002194232     0.0000086924     0.0000029811
         23     -0.0000938053     0.0006373709    -0.0010730527
         24      0.0010772173     0.0003388521    -0.0010184000
         25     -0.0002138881    -0.0005963184    -0.0005119550
         26      0.0001000365    -0.0000444668     0.0000326041
         27      0.0000271362    -0.0001272253    -0.0000765420
         28     -0.0001343485    -0.0001753316    -0.0001145410
         29     -0.0013302796    -0.0001282833     0.0017139928
         30      0.0002933247     0.0000607523     0.0013620023
         31     -0.0000422416     0.0004768994     0.0000435900
         32     -0.0003269802    -0.0002312051     0.0002223869
         33     -0.0000562516    -0.0000340575    -0.0000095965
         34     -0.0001448522    -0.0000744442    -0.0000452401
         35      0.0001411410    -0.0001248551     0.0002729689
         36      0.0003246434    -0.0001810768     0.0000749666
         37      0.0000513203    -0.0002184074     0.0001754734
      f-defect        0.0040141523    -0.0072283534     0.0100573439

 AFTER FORCE RTNS +    0.61 =     271.1 seconds wall (    0.56 usr    0.05 sys)
  
 >>>>> GSELECT begins, nslics=           0
 <<<<< GSELECT ends
 rms,max force=  3.5212D-03  1.2828D-02 for component#        9
 dynamics update step #           2
ASD: min/max mass factors=   0.5000   1.2599
 >>>>> GUPDATE begins, nslics=           0
 GUPDATE: Largest relax: atom#, dr(au)=     1    0.027356
 <<<<< GUPDATE ends

 ###############################################################################
   NEW GEOMETRY for step   3, of   3 total
atom, type, position;  step#      3
 AT1          Pt               -0.4357642308   -0.4451834778    0.7562887162 
 AT2          O                 3.1958750171   -0.5745697294    1.8607207642 
 AT3          O                -3.7647332253    0.0594461061   -0.9322383688 
 AT4          P                 4.8107969792    2.0897533732    1.9380637091 
 AT5          P                -4.4503363609   -2.8396240606   -1.8626617152 
 AT6          O                -7.5053251924   -2.8761471117   -2.3843980752 
 AT7          O                -3.6901160393   -4.7765765442    0.1037581082 
 AT8          O                 4.1456655590    3.3705953176   -0.8593813718 
 AT9          O                 7.6168029804    1.8553714467    2.3691003028 
 AT10         C                 3.3085201052    4.1513981942    4.2913924606 
 AT11         C                -2.9489225546   -3.5026136772   -4.9172937752 
 AT12         C                -3.7019694277   -6.1578310133   -5.8527858470 
 AT13         C                -0.0688849762   -3.5129601779   -4.5154181592 
 AT14         C                -3.6881807451   -1.5433374085   -6.9171355355 
 AT15         C                 0.5127159810    4.7101234151    3.8312806231 
 AT16         C                 3.7195285922    2.9312588168    6.9051852781 
 AT17         C                 4.7484875941    6.6671083676    4.2570399866 
 AT18         H                -8.2135284672   -1.3069861509   -1.6728767044 
 AT19         H                 4.9088181826    2.2166222292   -2.1033779804 
 AT20         H                -3.1056718265   -7.6539785939   -4.5233073211 
 AT21         H                -2.6578074551   -6.4013881750   -7.6532685540 
 AT22         H                -5.7389594335   -6.3278879656   -6.2715699189 
 AT23         H                 0.5676772476   -4.8955654988   -3.0939538422 
 AT24         H                 0.6746023936   -1.6489025777   -3.9820202805 
 AT25         H                 0.8022354946   -4.0015776428   -6.3320942610 
 AT26         H                -5.7378365900   -1.5879009440   -7.2741969669 
 AT27         H                -2.6709426222   -2.0499504364   -8.6655373860 
 AT28         H                -3.0876024557    0.3526668683   -6.3473281404 
 AT29         H                -0.6920477928    3.0059583758    3.8503569431 
 AT30         H                 0.2190842080    5.7905953427    2.0912678113 
 AT31         H                -0.2163605556    5.8707460766    5.3918315918 
 AT32         H                 2.6156340811    1.1968825558    7.2092270344 
 AT33         H                 3.0681896043    4.3609957096    8.2689129281 
 AT34         H                 5.7373253269    2.5637432049    7.2560455910 
 AT35         H                 4.4445386784    7.7331031580    2.5146111865 
 AT36         H                 6.7803346563    6.3589019073    4.4844776352 
 AT37         H                 4.0382005029    7.8009861596    5.8408770539 
 ###############################################################################

 After geometry   +    0.04 =     271.2 seconds wall (    0.00 usr    0.00 sys)
  
 LATVEC: nlat1c,nlat2c,nlat =           1           1           1

  Atom
  Type  Shell  Min-alf     range
    1        0.129289   8.279963
    2        0.102474   9.300415
    3        0.143749   7.852478
    4        0.078997  10.592631
    5        0.095999   9.608947
    6        0.073120  11.010095
 Turnover EF->DM npopdm, npop0k=          88          55
 DEV264h/wkmem: perlsolv dist-mem
 DEV/wkmem: KPSTORE= F
 DEV/wkmem: psolv version, input do_psolv= F

 Need       21250-length r*4 array to pack grid wfcns/box
 Need      312125-length r*4 array to pack all grid wfcns
 Need       25000-length r*4 array for grid wfcns scratch
 WKMEM: using stripe-parallel+Merge  setup
 Minimum maxwkd for scf to complete=    29376447
 All grid wfcns stored in    156063 of 194817057 available
 WKMEM: in-core Broyden! uses    211770 out of 194660994 available
 >>>>> geom/basis data saved to file
  
 Atom type   1  radial valence charge =    5.999995363882
 Atom type   1      xc valence charge =    6.499995360087
  
 Atom type   2  radial valence charge =    0.999999985299
  
 Atom type   3  radial valence charge =    3.999996877569
  
 Atom type   4  radial valence charge =    9.999999976019
  
 Atom type   5  radial valence charge =    4.999999641069
  
 Atom type   6  radial valence charge =    3.999999473876
 mat0set: stripe-parallel, KPSTORE= F

   sij compute    +    0.01 =     271.2 seconds wall (    0.01 usr    0.00 sys)

   sij/nlat-bcast +    0.05 =     271.2 seconds wall (    0.05 usr    0.00 sys)

   vlocmat compute+    0.19 =     271.4 seconds wall (    0.15 usr    0.00 sys)

   vlocmii compute+    0.02 =     271.4 seconds wall (    0.01 usr    0.00 sys)

   nlocmat compute+    0.09 =     271.5 seconds wall (    0.08 usr    0.00 sys)
 NLOCMAT: Max neqilat=           1

 After mat0set    +    0.01 =     271.5 seconds wall (    0.00 usr    0.00 sys)
 Atom   1   Z= 10.0   occ= 10.00   rho=  9.9988498304   core=  0.0000000000
     vxc(afsw):  -11.08847634 -10.00386188  -1.08461446  -0.00003334
     exc(afsw):   -8.56910001  -7.67448014  -0.89461987  -0.00002561
 Atom   2   Z=  6.0   occ=  6.00   rho=  5.9929594140   core=  0.0000000000
                               rho(xc)=  6.4929593582
     vxc(afsw):   -8.99363146  -8.72617290  -0.26745856  -0.00017678
     exc(afsw):   -6.96546026  -6.73683354  -0.22862671  -0.00014221
 Atom   3   Z=  6.0   occ=  6.00   rho=  5.9877464718   core=  0.0000000000
                               rho(xc)=  6.4877464048
     vxc(afsw):   -8.95523685  -8.68773421  -0.26750263  -0.00030780
     exc(afsw):   -6.95926571  -6.73059162  -0.22867409  -0.00024766
 Atom   6   Z=  6.0   occ=  6.00   rho=  5.9885175747   core=  0.0000000000
                               rho(xc)=  6.4885175111
     vxc(afsw):   -8.96632237  -8.69882455  -0.26749782  -0.00028842
     exc(afsw):   -6.96055910  -6.73189202  -0.22866709  -0.00023205
 Atom   7   Z=  6.0   occ=  6.00   rho=  5.9943518185   core=  0.0000000000
                               rho(xc)=  6.4943517444
     vxc(afsw):   -8.99796844  -8.73052394  -0.26744450  -0.00014180
     exc(afsw):   -6.96689804  -6.73828451  -0.22861353  -0.00011406
 Atom   8   Z=  6.0   occ=  6.00   rho=  5.9935234700   core=  0.0000000000
                               rho(xc)=  6.4935233900
     vxc(afsw):   -8.99379268  -8.72633863  -0.26745405  -0.00016261
     exc(afsw):   -6.96622810  -6.73760698  -0.22862111  -0.00013081
 Atom   9   Z=  6.0   occ=  6.00   rho=  5.9912828692   core=  0.0000000000
                               rho(xc)=  6.4912827955
     vxc(afsw):   -8.98653264  -8.71906330  -0.26746934  -0.00021889
     exc(afsw):   -6.96374838  -6.73510570  -0.22864268  -0.00017610
 Atom  10   Z=  4.0   occ=  4.00   rho=  3.9976679200   core=  0.0000000000
     vxc(afsw):   -3.88245678  -3.65951441  -0.22294237  -0.00005320
     exc(afsw):   -3.00447247  -2.81324091  -0.19123156  -0.00004097
 Atom  11   Z=  4.0   occ=  4.00   rho=  4.0024069477   core=  0.0000000000
     vxc(afsw):   -3.90113915  -3.67822700  -0.22291215   0.00005467
     exc(afsw):   -3.00760644  -2.81639440  -0.19121205   0.00004206
 Atom  13   Z=  4.0   occ=  4.00   rho=  4.0011685711   core=  0.0000000000
     vxc(afsw):   -3.88977747  -3.66687075  -0.22290672   0.00002656
     exc(afsw):   -3.00702997  -2.81581198  -0.19121799   0.00002045
 Atom  15   Z=  4.0   occ=  4.00   rho=  3.9975197512   core=  0.0000000000
     vxc(afsw):   -3.88215874  -3.65921527  -0.22294347  -0.00005658
     exc(afsw):   -3.00430828  -2.81307615  -0.19123213  -0.00004358
 Atom  17   Z=  4.0   occ=  4.00   rho=  3.9981071324   core=  0.0000000000
     vxc(afsw):   -3.88163135  -3.65869471  -0.22293664  -0.00004316
     exc(afsw):   -3.00498410  -2.81375412  -0.19122998  -0.00003325
 Atom  18   Z=  1.0   occ=  1.00   rho=  0.9972267928   core=  0.0000000000
     vxc(afsw):   -0.79362263  -0.76826364  -0.02535900  -0.00003892
     exc(afsw):   -0.62629398  -0.60409022  -0.02220376  -0.00003282
 Atom  19   Z=  1.0   occ=  1.00   rho=  0.9967199841   core=  0.0000000000
     vxc(afsw):   -0.79196763  -0.76660915  -0.02535848  -0.00004601
     exc(afsw):   -0.62545493  -0.60325083  -0.02220411  -0.00003879
 Atom  20   Z=  1.0   occ=  1.00   rho=  0.9972318031   core=  0.0000000000
     vxc(afsw):   -0.79394558  -0.76858701  -0.02535856  -0.00003888
     exc(afsw):   -0.62629137  -0.60408774  -0.02220363  -0.00003279
 Atom  21   Z=  1.0   occ=  1.00   rho=  0.9975931306   core=  0.0000000000
     vxc(afsw):   -0.79528491  -0.76992625  -0.02535866  -0.00003382
     exc(afsw):   -0.62688281  -0.60467949  -0.02220332  -0.00002852
 Atom  22   Z=  1.0   occ=  1.00   rho=  0.9972507307   core=  0.0000000000
     vxc(afsw):   -0.79382016  -0.76846128  -0.02535888  -0.00003859
     exc(afsw):   -0.62632982  -0.60412612  -0.02220370  -0.00003254
 Atom  23   Z=  1.0   occ=  1.00   rho=  0.9974527965   core=  0.0000000000
     vxc(afsw):   -0.79448509  -0.76912604  -0.02535905  -0.00003577
     exc(afsw):   -0.62666376  -0.60446020  -0.02220356  -0.00003016
 Atom  24   Z=  1.0   occ=  1.00   rho=  0.9958785282   core=  0.0000000000
     vxc(afsw):   -0.78936577  -0.76400839  -0.02535738  -0.00005774
     exc(afsw):   -0.62405688  -0.60185226  -0.02220461  -0.00004868
 Atom  25   Z=  1.0   occ=  1.00   rho=  0.9966198459   core=  0.0000000000
     vxc(afsw):   -0.79166251  -0.76630416  -0.02535835  -0.00004741
     exc(afsw):   -0.62528844  -0.60308427  -0.02220416  -0.00003998
 Atom  26   Z=  1.0   occ=  1.00   rho=  0.9972305462   core=  0.0000000000
     vxc(afsw):   -0.79373975  -0.76838088  -0.02535887  -0.00003888
     exc(afsw):   -0.62629684  -0.60409312  -0.02220372  -0.00003278
 Atom  27   Z=  1.0   occ=  1.00   rho=  0.9968792902   core=  0.0000000000
     vxc(afsw):   -0.79260972  -0.76725122  -0.02535850  -0.00004380
     exc(afsw):   -0.62571492  -0.60351097  -0.02220395  -0.00003693
 Atom  28   Z=  1.0   occ=  1.00   rho=  0.9970917959   core=  0.0000000000
     vxc(afsw):   -0.79325153  -0.76789276  -0.02535877  -0.00004082
     exc(afsw):   -0.62606824  -0.60386442  -0.02220383  -0.00003443
 Atom  29   Z=  1.0   occ=  1.00   rho=  0.9972908351   core=  0.0000000000
     vxc(afsw):   -0.79387431  -0.76851530  -0.02535901  -0.00003803
     exc(afsw):   -0.62639861  -0.60419490  -0.02220370  -0.00003207
 Atom  30   Z=  1.0   occ=  1.00   rho=  0.9962645269   core=  0.0000000000
     vxc(afsw):   -0.79056721  -0.76520932  -0.02535789  -0.00005238
     exc(afsw):   -0.62469801  -0.60249363  -0.02220438  -0.00004417
 Atom  31   Z=  1.0   occ=  1.00   rho=  0.9958391065   core=  0.0000000000
     vxc(afsw):   -0.78924479  -0.76388746  -0.02535732  -0.00005828
     exc(afsw):   -0.62399134  -0.60178671  -0.02220463  -0.00004914
 Atom  32   Z=  1.0   occ=  1.00   rho=  0.9962812617   core=  0.0000000000
     vxc(afsw):   -0.79064686  -0.76528899  -0.02535787  -0.00005216
     exc(afsw):   -0.62472496  -0.60252061  -0.02220436  -0.00004399
 Atom  33   Z=  1.0   occ=  1.00   rho=  0.9969994015   core=  0.0000000000
     vxc(afsw):   -0.79304558  -0.76768702  -0.02535856  -0.00004212
     exc(afsw):   -0.62591222  -0.60370836  -0.02220385  -0.00003552
 Atom  34   Z=  1.0   occ=  1.00   rho=  0.9969385984   core=  0.0000000000
     vxc(afsw):   -0.79265322  -0.76729448  -0.02535874  -0.00004295
     exc(afsw):   -0.62581779  -0.60361382  -0.02220397  -0.00003622
 Atom  35   Z=  1.0   occ=  1.00   rho=  0.9961573519   core=  0.0000000000
     vxc(afsw):   -0.79022329  -0.76486553  -0.02535776  -0.00005386
     exc(afsw):   -0.62452031  -0.60231586  -0.02220445  -0.00004541
 Atom  36   Z=  1.0   occ=  1.00   rho=  0.9960023167   core=  0.0000000000
     vxc(afsw):   -0.78975428  -0.76439674  -0.02535754  -0.00005604
     exc(afsw):   -0.62426240  -0.60205787  -0.02220453  -0.00004726
 Atom  37   Z=  1.0   occ=  1.00   rho=  0.9965064994   core=  0.0000000000
     vxc(afsw):   -0.79138478  -0.76602667  -0.02535811  -0.00004902
     exc(afsw):   -0.62509789  -0.60289369  -0.02220420  -0.00004134
 ***** CAUTION: grid fineness questionable

 grid0xc compute+    0.36 =     271.9 seconds wall (    0.35 usr    0.00 sys)

 grid0xc Merge  +    0.08 =     272.0 seconds wall (    0.00 usr    0.07 sys)

 grid0xc Bcast  +    0.20 =     272.2 seconds wall (    0.20 usr    0.00 sys)


 AFTER SETUP PHASE+    4.56 =     276.7 seconds wall (    0.30 usr    0.56 sys)

  
 *************************  iteration   0 begins here  *************************


 Before iterations+    0.05 =     276.8 seconds wall (    0.05 usr    0.01 sys)
  
 grid-integrated up-density total =       53.9570274672
 grid-integrated dn-density total =       53.9570274672
 grid-integrated valence-density total =      107.9140549344
 Harris Fcnal XC piece=       29.2789340848
  
  

 After 0 iteration+    0.65 =     277.4 seconds wall (    0.56 usr    0.09 sys)
 *************************  iteration   1 begins here  *************************


 erlsolv/begin  +    0.09 =     277.5 seconds wall (    0.09 usr    0.00 sys)
 PERLSOLV: kpp-copmatible version

 erlsolv/schroed+    0.37 =     277.9 seconds wall (    0.17 usr    0.00 sys)

 erlsolv/pop    +    0.00 =     277.9 seconds wall (    0.00 usr    0.00 sys)

 erlsolv/dmat compute+    0.00 =     277.9 seconds wall (    0.00 usr    0.00 sys)

 erlsolv/dmat compute+    0.01 =     277.9 seconds wall (    0.00 usr    0.00 sys)

 erlsolv/rhoij  +    0.00 =     277.9 seconds wall (    0.00 usr    0.00 sys)

 spin-up fermi level =   -0.263781 Ry,   gap(0K)= 0.356324 Ry = 4.848 eV
 spin-dn fermi level =   -0.472473 Ry,   gap(0K)= 0.026099 Ry = 0.355 eV

 k-vector:                  1
  weight:               1.000000
            level/UP/occup       level/DN/occup
  
    1    -1.928187  1.0000    -1.928187  1.0000
    2    -1.921605  1.0000    -1.921605  1.0000
    3    -1.837089  1.0000    -1.837089  1.0000
    4    -1.831697  1.0000    -1.831697  1.0000
             ...      ...         ...      ...
   36    -0.719912  1.0000    -0.719912  1.0000
   37    -0.706586  1.0000    -0.706586  1.0000
   38    -0.705524  1.0000    -0.705524  1.0000
   39    -0.704850  1.0000    -0.704850  1.0000
   40    -0.699824  1.0000    -0.699824  1.0000
   41    -0.691811  1.0000    -0.691811  1.0000
   42    -0.683115  1.0000    -0.683115  1.0000
   43    -0.661452  1.0000    -0.661452  1.0000
   44    -0.641496  1.0000    -0.641496  1.0000
   45    -0.621483  1.0000    -0.621483  1.0000
   46    -0.613144  1.0000    -0.613144  1.0000
   47    -0.600375  1.0000    -0.600375  1.0000
   48    -0.586087  1.0000    -0.586087  1.0000
   49    -0.576316  1.0000    -0.576316  1.0000
   50    -0.567759  1.0000    -0.567759  0.9999
   51    -0.544412  1.0000    -0.544412  0.9992
   52    -0.538035  1.0000    -0.538035  0.9986
   53    -0.484247  1.0000    -0.484247  0.7645
   54    -0.458148  1.0000    -0.458148  0.1927
   55    -0.441943  1.0000    -0.441943  0.0451
   56    -0.085619  0.0000    -0.085619  0.0000
   57    -0.008625  0.0000    -0.008625  0.0000
   58     0.002612  0.0000     0.002612  0.0000
   59     0.021582  0.0000     0.021582  0.0000
   60     0.037298  0.0000     0.037298  0.0000
   61     0.051647  0.0000     0.051647  0.0000
   62     0.060464  0.0000     0.060464  0.0000
   63     0.080206  0.0000     0.080206  0.0000
             ...      ...         ...      ...
  200     2.767298  0.0000     2.767298  0.0000
  
 delta movement in up-elecs =        6.8665983823
 delta movement in dn-elecs =        6.6816120256
 delta movement in electrons =       12.8960104671

 one-center local charge defect =         0.05226232

 one-center local charge defect =         0.04984092

 LMCC local dipole, |dip|=        3.6868306955
 Using LMCC treatment of supercell electrostatics
 DBG/LMCCINT, esns diagnostics redone
 LMCC chemical potential shift(Ry,eV)=        0.0000119083        0.0001620222
 LMCC esns total grid integral=        1.3596630455
  
 grid-integrated up-density total =       54.9427723436
 grid-integrated dn-density total =       52.9451946844
 grid-integrated valence-density total =      107.8879670280
  
 TOTAL single particle eigenvalue sum=      -103.3958668785
  
 rms,max scfchange=  1.2440D-02  5.5320D-01 for component#    154114
 electronic meth_bl(BROYDEN)=           1
>>>>> Broyden: first step (elec) simple blend ratio= 0.300000
<<<<< Broyden step complete, scf step=     1

 After blending   +   15.47 =     293.4 seconds wall (    5.85 usr    1.12 sys)
  
 *************************  iteration   2 begins here  *************************


 erlsolv/begin  +    0.05 =     293.4 seconds wall (    0.05 usr    0.00 sys)
 PERLSOLV: kpp-copmatible version

 erlsolv/schroed+    0.06 =     293.5 seconds wall (    0.05 usr    0.01 sys)

 erlsolv/pop    +    0.00 =     293.5 seconds wall (    0.00 usr    0.00 sys)

 erlsolv/dmat compute+    0.00 =     293.5 seconds wall (    0.00 usr    0.00 sys)

 erlsolv/dmat compute+    0.01 =     293.5 seconds wall (    0.00 usr    0.00 sys)

 erlsolv/rhoij  +    0.00 =     293.5 seconds wall (    0.00 usr    0.00 sys)

 spin-up fermi level =   -0.280212 Ry,   gap(0K)= 0.337100 Ry = 4.587 eV
 spin-dn fermi level =   -0.464442 Ry,   gap(0K)= 0.038403 Ry = 0.523 eV
  
 delta movement in up-elecs =        5.7763081316
 delta movement in dn-elecs =        5.5058505337
 delta movement in electrons =       10.6638918731

 one-center local charge defect =         0.05143766

 one-center local charge defect =         0.04841486

 LMCC local dipole, |dip|=        1.9159973718
 Using LMCC treatment of supercell electrostatics
 DBG/LMCCINT, esns diagnostics redone
 LMCC chemical potential shift(Ry,eV)=        0.0000031521        0.0000428868
 LMCC esns total grid integral=        0.6230880883
  
 grid-integrated up-density total =       54.9437052239
 grid-integrated dn-density total =       52.9467323095
 grid-integrated valence-density total =      107.8904375334
  
 TOTAL single particle eigenvalue sum=      -100.0463029378
  
 rms,max scfchange=  4.8226D-03  2.4525D-01 for component#    118682
 electronic meth_bl(BROYDEN)=           1
>>>>> Broyden blend to get next step - elec
<<<<< Broyden step complete, scf step=     2

 After blending   +   12.32 =     305.8 seconds wall (    6.23 usr    1.49 sys)
  
 *************************  iteration   3 begins here  *************************


 erlsolv/begin  +    0.01 =     305.8 seconds wall (    0.00 usr    0.00 sys)
 PERLSOLV: kpp-copmatible version

 erlsolv/schroed+    0.06 =     305.9 seconds wall (    0.05 usr    0.01 sys)

 erlsolv/pop    +    0.00 =     305.9 seconds wall (    0.00 usr    0.00 sys)

 erlsolv/dmat compute+    0.00 =     305.9 seconds wall (    0.00 usr    0.00 sys)

 erlsolv/dmat compute+    0.00 =     305.9 seconds wall (    0.00 usr    0.00 sys)

 erlsolv/rhoij  +    0.00 =     305.9 seconds wall (    0.00 usr    0.00 sys)

 spin-up fermi level =   -0.260441 Ry,   gap(0K)= 0.334702 Ry = 4.554 eV
 spin-dn fermi level =   -0.422426 Ry,   gap(0K)= 0.048404 Ry = 0.659 eV
  
 delta movement in up-elecs =        5.5943842367
 delta movement in dn-elecs =        5.6042511817
 delta movement in electrons =       10.4268957909

 one-center local charge defect =         0.05155196

 one-center local charge defect =         0.04912865

 LMCC local dipole, |dip|=        2.5449504594
 Using LMCC treatment of supercell electrostatics
 DBG/LMCCINT, esns diagnostics redone
 LMCC chemical potential shift(Ry,eV)=        0.0000063258        0.0000860678
 LMCC esns total grid integral=        0.5716088271
  
 grid-integrated up-density total =       54.9436361028
 grid-integrated dn-density total =       52.9460613713
 grid-integrated valence-density total =      107.8896974741
  
 TOTAL single particle eigenvalue sum=       -99.0456700339
  
 rms,max scfchange=  3.1437D-03  2.3726D-01 for component#      1033
 electronic meth_bl(BROYDEN)=           1
>>>>> Broyden blend to get next step - elec
<<<<< Broyden step complete, scf step=     3

 After blending   +   12.26 =     318.2 seconds wall (    6.11 usr    1.48 sys)
  
 *************************  iteration   4 begins here  *************************


 erlsolv/begin  +    0.00 =     318.2 seconds wall (    0.00 usr    0.00 sys)
 PERLSOLV: kpp-copmatible version

 erlsolv/schroed+    0.07 =     318.2 seconds wall (    0.05 usr    0.01 sys)

 erlsolv/pop    +    0.00 =     318.2 seconds wall (    0.00 usr    0.00 sys)

 erlsolv/dmat compute+    0.00 =     318.2 seconds wall (    0.00 usr    0.00 sys)

 erlsolv/dmat compute+    0.01 =     318.2 seconds wall (    0.00 usr    0.00 sys)

 erlsolv/rhoij  +    0.00 =     318.2 seconds wall (    0.00 usr    0.00 sys)

 spin-up fermi level =   -0.279274 Ry,   gap(0K)= 0.334462 Ry = 4.551 eV
 spin-dn fermi level =   -0.436418 Ry,   gap(0K)= 0.061458 Ry = 0.836 eV
  
 delta movement in up-elecs =        5.4974265738
 delta movement in dn-elecs =        5.4655369441
 delta movement in electrons =       10.1712958218

 one-center local charge defect =         0.05140920

 one-center local charge defect =         0.04868367

 LMCC local dipole, |dip|=        2.1925970263
 Using LMCC treatment of supercell electrostatics
 DBG/LMCCINT, esns diagnostics redone
 LMCC chemical potential shift(Ry,eV)=        0.0000048219        0.0000656060
 LMCC esns total grid integral=        0.4899007702
  
 grid-integrated up-density total =       54.9437981483
 grid-integrated dn-density total =       52.9465258295
 grid-integrated valence-density total =      107.8903239778
  
 TOTAL single particle eigenvalue sum=       -99.0373372229
  
 rms,max scfchange=  1.0620D-03  7.8193D-02 for component#      1033
 electronic meth_bl(BROYDEN)=           1
>>>>> Broyden blend to get next step - elec
<<<<< Broyden step complete, scf step=     4

 After blending   +   14.02 =     332.3 seconds wall (    5.92 usr    1.51 sys)
  
 *************************  iteration   5 begins here  *************************


 erlsolv/begin  +    0.07 =     332.3 seconds wall (    0.07 usr    0.00 sys)
 PERLSOLV: kpp-copmatible version

 erlsolv/schroed+    0.06 =     332.4 seconds wall (    0.05 usr    0.01 sys)

 erlsolv/pop    +    0.00 =     332.4 seconds wall (    0.00 usr    0.00 sys)

 erlsolv/dmat compute+    0.00 =     332.4 seconds wall (    0.00 usr    0.00 sys)

 erlsolv/dmat compute+    0.00 =     332.4 seconds wall (    0.00 usr    0.00 sys)

 erlsolv/rhoij  +    0.00 =     332.4 seconds wall (    0.00 usr    0.00 sys)

 spin-up fermi level =   -0.289149 Ry,   gap(0K)= 0.331830 Ry = 4.515 eV
 spin-dn fermi level =   -0.435470 Ry,   gap(0K)= 0.072648 Ry = 0.988 eV
  
 delta movement in up-elecs =        5.4847519316
 delta movement in dn-elecs =        5.4817325514
 delta movement in electrons =       10.1631557087

 one-center local charge defect =         0.05144095

 one-center local charge defect =         0.04867035

 LMCC local dipole, |dip|=        2.0928032409
 Using LMCC treatment of supercell electrostatics
 DBG/LMCCINT, esns diagnostics redone
 LMCC chemical potential shift(Ry,eV)=        0.0000043118        0.0000586653
 LMCC esns total grid integral=        0.4795464280
  
 grid-integrated up-density total =       54.9437754900
 grid-integrated dn-density total =       52.9465482292
 grid-integrated valence-density total =      107.8903237192
  
 TOTAL single particle eigenvalue sum=       -99.2644413620
  
 rms,max scfchange=  5.1882D-04  6.4409D-02 for component#      1033
 electronic meth_bl(BROYDEN)=           1
>>>>> Broyden blend to get next step - elec
<<<<< Broyden step complete, scf step=     5

 After blending   +   17.91 =     350.3 seconds wall (    6.66 usr    1.34 sys)
  
 *************************  iteration   6 begins here  *************************


 erlsolv/begin  +    0.13 =     350.5 seconds wall (    0.00 usr    0.00 sys)
 PERLSOLV: kpp-copmatible version

 erlsolv/schroed+    0.06 =     350.5 seconds wall (    0.05 usr    0.01 sys)

 erlsolv/pop    +    0.00 =     350.5 seconds wall (    0.00 usr    0.00 sys)

 erlsolv/dmat compute+    0.00 =     350.5 seconds wall (    0.00 usr    0.00 sys)

 erlsolv/dmat compute+    0.01 =     350.5 seconds wall (    0.00 usr    0.00 sys)

 erlsolv/rhoij  +    0.01 =     350.5 seconds wall (    0.00 usr    0.00 sys)

 spin-up fermi level =   -0.298017 Ry,   gap(0K)= 0.331051 Ry = 4.504 eV
 spin-dn fermi level =   -0.434926 Ry,   gap(0K)= 0.079651 Ry = 1.084 eV
  
 delta movement in up-elecs =        5.4786556215
 delta movement in dn-elecs =        5.4987069645
 delta movement in electrons =       10.1585641411

 one-center local charge defect =         0.05141653

 one-center local charge defect =         0.04858847

 LMCC local dipole, |dip|=        2.0101257200
 Using LMCC treatment of supercell electrostatics
 DBG/LMCCINT, esns diagnostics redone
 LMCC chemical potential shift(Ry,eV)=        0.0000039863        0.0000542366
 LMCC esns total grid integral=        0.4737707323
  
 grid-integrated up-density total =       54.9438065647
 grid-integrated dn-density total =       52.9466361885
 grid-integrated valence-density total =      107.8904427532
  
 TOTAL single particle eigenvalue sum=       -99.4442905513
  
 rms,max scfchange=  1.7977D-04  3.0984D-02 for component#      1033
 electronic meth_bl(BROYDEN)=           1
>>>>> Broyden blend to get next step - elec
<<<<< Broyden step complete, scf step=     6

 After blending   +   11.80 =     362.3 seconds wall (    6.30 usr    1.46 sys)
  
 *************************  iteration   7 begins here  *************************


 erlsolv/begin  +    0.00 =     362.3 seconds wall (    0.00 usr    0.00 sys)
 PERLSOLV: kpp-copmatible version

 erlsolv/schroed+    0.06 =     362.4 seconds wall (    0.06 usr    0.00 sys)

 erlsolv/pop    +    0.00 =     362.4 seconds wall (    0.00 usr    0.00 sys)

 erlsolv/dmat compute+    0.00 =     362.4 seconds wall (    0.00 usr    0.00 sys)

 erlsolv/dmat compute+    0.01 =     362.4 seconds wall (    0.00 usr    0.00 sys)

 erlsolv/rhoij  +    0.00 =     362.4 seconds wall (    0.00 usr    0.00 sys)

 spin-up fermi level =   -0.300379 Ry,   gap(0K)= 0.331382 Ry = 4.509 eV
 spin-dn fermi level =   -0.433764 Ry,   gap(0K)= 0.082939 Ry = 1.128 eV
  
 delta movement in up-elecs =        5.4779183114
 delta movement in dn-elecs =        5.5184142530
 delta movement in electrons =       10.1703108638

 one-center local charge defect =         0.05140103

 one-center local charge defect =         0.04858851

 LMCC local dipole, |dip|=        2.0400112735
 Using LMCC treatment of supercell electrostatics
 DBG/LMCCINT, esns diagnostics redone
 LMCC chemical potential shift(Ry,eV)=        0.0000041337        0.0000562427
 LMCC esns total grid integral=        0.4743828596
  
 grid-integrated up-density total =       54.9438244938
 grid-integrated dn-density total =       52.9466380933
 grid-integrated valence-density total =      107.8904625871
  
 TOTAL single particle eigenvalue sum=       -99.4853234181
  
 rms,max scfchange=  1.8703D-04  3.1187D-02 for component#      1033
 electronic meth_bl(BROYDEN)=           1
>>>>> Broyden blend to get next step - elec
<<<<< Broyden step complete, scf step=     7

 After blending   +   12.04 =     374.5 seconds wall (    6.10 usr    1.51 sys)
  
 *************************  iteration   8 begins here  *************************


 erlsolv/begin  +    0.00 =     374.5 seconds wall (    0.00 usr    0.00 sys)
 PERLSOLV: kpp-copmatible version

 erlsolv/schroed+    0.06 =     374.5 seconds wall (    0.05 usr    0.01 sys)

 erlsolv/pop    +    0.00 =     374.5 seconds wall (    0.00 usr    0.00 sys)

 erlsolv/dmat compute+    0.00 =     374.5 seconds wall (    0.00 usr    0.00 sys)

 erlsolv/dmat compute+    0.00 =     374.5 seconds wall (    0.00 usr    0.00 sys)

 erlsolv/rhoij  +    0.00 =     374.5 seconds wall (    0.00 usr    0.00 sys)

 spin-up fermi level =   -0.303449 Ry,   gap(0K)= 0.331293 Ry = 4.508 eV
 spin-dn fermi level =   -0.432687 Ry,   gap(0K)= 0.086022 Ry = 1.170 eV
  
 delta movement in up-elecs =        5.4783536848
 delta movement in dn-elecs =        5.5408671857
 delta movement in electrons =       10.1872221244

 one-center local charge defect =         0.05138092

 one-center local charge defect =         0.04858818

 LMCC local dipole, |dip|=        2.0394903962
 Using LMCC treatment of supercell electrostatics
 DBG/LMCCINT, esns diagnostics redone
 LMCC chemical potential shift(Ry,eV)=        0.0000041439        0.0000563813
 LMCC esns total grid integral=        0.4747214515
  
 grid-integrated up-density total =       54.9438473549
 grid-integrated dn-density total =       52.9466401382
 grid-integrated valence-density total =      107.8904874931
  
 TOTAL single particle eigenvalue sum=       -99.5449168329
  
 rms,max scfchange=  1.6310D-04  2.6004D-02 for component#      1033
 electronic meth_bl(BROYDEN)=           1
>>>>> Broyden blend to get next step - elec
<<<<< Broyden step complete, scf step=     8

 After blending   +   11.86 =     386.4 seconds wall (    5.35 usr    1.27 sys)
  
 *************************  iteration   9 begins here  *************************


 erlsolv/begin  +    0.07 =     386.5 seconds wall (    0.01 usr    0.00 sys)
 PERLSOLV: kpp-copmatible version

 erlsolv/schroed+    0.06 =     386.5 seconds wall (    0.05 usr    0.01 sys)

 erlsolv/pop    +    0.00 =     386.5 seconds wall (    0.00 usr    0.00 sys)

 erlsolv/dmat compute+    0.00 =     386.5 seconds wall (    0.00 usr    0.00 sys)

 erlsolv/dmat compute+    0.01 =     386.5 seconds wall (    0.00 usr    0.00 sys)

 erlsolv/rhoij  +    0.00 =     386.5 seconds wall (    0.00 usr    0.00 sys)

 spin-up fermi level =   -0.307408 Ry,   gap(0K)= 0.330413 Ry = 4.496 eV
 spin-dn fermi level =   -0.432236 Ry,   gap(0K)= 0.088498 Ry = 1.204 eV
  
 delta movement in up-elecs =        5.4836989015
 delta movement in dn-elecs =        5.5705261870
 delta movement in electrons =       10.2149009777

 one-center local charge defect =         0.05134729

 one-center local charge defect =         0.04858930

 LMCC local dipole, |dip|=        2.0367902058
 Using LMCC treatment of supercell electrostatics
 DBG/LMCCINT, esns diagnostics redone
 LMCC chemical potential shift(Ry,eV)=        0.0000041450        0.0000563960
 LMCC esns total grid integral=        0.4754777038
  
 grid-integrated up-density total =       54.9438829900
 grid-integrated dn-density total =       52.9466394034
 grid-integrated valence-density total =      107.8905223934
  
 TOTAL single particle eigenvalue sum=       -99.6394339465
  
 rms,max scfchange=  6.7966D-05  1.0150D-02 for component#      1033
 ######################  ENERGY ANALYSIS  #######################
    Spherical-atom es ENERGY correction =      -312.8546269548
    Full spherical atom trace ENERGY =         -154.0496592108
    Spherical-atom-Vxc trace ENERGY =           180.5955021005
    non-spherical es ENERGY =                     0.4755451741
    Total Exc ENERGY =                         -100.4527382517

    total kinetic trace ENERGY =          282.3815737032
    non-local ps-pot trace ENERGY =        38.0666692172
    total electrostatic ENERGY =         -606.2814818113
    Total Vxc ENERGY =                   -130.2785898531

    TOTAL ENERGY (Rydberg) =                   -386.2859771426

 ################################################################

 After blending   +   12.08 =     398.6 seconds wall (    5.97 usr    1.47 sys)
  
 >>>>> self-consistency achieved, iteration   9


 Final GAP(eV)=  4.4955 (up),  1.2041 (dn)

 spin-up fermi level =   -0.307408 Ry,   gap(0K)= 0.330413 Ry = 4.496 eV
 spin-dn fermi level =   -0.432236 Ry,   gap(0K)= 0.088498 Ry = 1.204 eV

 k-vector:                  1
  weight:               1.000000
            level/UP/occup       level/DN/occup
  
    1    -1.978284  1.0000    -1.975197  1.0000
    2    -1.945620  1.0000    -1.941765  1.0000
    3    -1.864107  1.0000    -1.854229  1.0000
    4    -1.821194  1.0000    -1.809521  1.0000
             ...      ...         ...      ...
   36    -0.683746  1.0000    -0.671546  1.0000
   37    -0.674905  1.0000    -0.668932  1.0000
   38    -0.672209  1.0000    -0.659085  1.0000
   39    -0.652716  1.0000    -0.639796  1.0000
   40    -0.637388  1.0000    -0.631921  1.0000
   41    -0.635182  1.0000    -0.630623  1.0000
   42    -0.631995  1.0000    -0.622360  1.0000
   43    -0.623069  1.0000    -0.619495  1.0000
   44    -0.620134  1.0000    -0.601986  1.0000
   45    -0.610444  1.0000    -0.582674  1.0000
   46    -0.597696  1.0000    -0.561489  1.0000
   47    -0.581204  1.0000    -0.550607  1.0000
   48    -0.573910  1.0000    -0.528248  0.9999
   49    -0.553737  1.0000    -0.507159  0.9994
   50    -0.530598  1.0000    -0.498157  0.9986
   51    -0.517222  1.0000    -0.493829  0.9979
   52    -0.511658  1.0000    -0.484478  0.9946
   53    -0.498795  1.0000    -0.479621  0.9913
   54    -0.485288  1.0000    -0.391123  0.0161
   55    -0.472615  1.0000    -0.370216  0.0020
   56    -0.142201  0.0000    -0.094076  0.0000
   57    -0.034408  0.0000    -0.033041  0.0000
   58    -0.027012  0.0000    -0.020536  0.0000
   59     0.001093  0.0000     0.011464  0.0000
   60     0.020454  0.0000     0.027413  0.0000
   61     0.041580  0.0000     0.043875  0.0000
   62     0.057984  0.0000     0.062109  0.0000
   63     0.077040  0.0000     0.083440  0.0000
             ...      ...         ...      ...
  200     2.782629  0.0000     2.787044  0.0000
  
 >>>>> grid delta-density saved to file

 FINAL CONVERGED ENERGY (Rydberg) =     -386.2859771426
 Binding energy =      -26.5570241426 Ry =           -361.3297 eV

 AFTER ITERATIONS +    0.18 =     398.8 seconds wall (    0.00 usr    0.04 sys)
 Atom  20   Z=  1.0   occ=  1.00   rho=  0.9972318031   core=  0.0000000000
     vxc(afs ):   -0.79394558  -0.76858701  -0.02535856
     exc(afs ):   -0.62629137  -0.60408774  -0.02220363

 atom xc0frc stress term=       83.3387208902
 mat0frc: stripe-parallel, KPSTORE= F
  
 total force contributions(Ry/bohr):
        atom       x force          y force          z force
          1      0.0030910835     0.0049439609     0.0007924986
          2     -0.0006314289     0.0006870620    -0.0000702413
          3     -0.0012819584    -0.0034864946     0.0002863438
          4      0.0004635115     0.0005829355    -0.0010973274
          5     -0.0010414647    -0.0009670427    -0.0007484962
          6      0.0008720616     0.0017838847    -0.0001774405
          7      0.0005230159     0.0003198236     0.0003661859
          8     -0.0004238199     0.0011928198     0.0003493751
          9      0.0023183456    -0.0001432414     0.0004718051
         10     -0.0002996165     0.0008554039     0.0002596660
         11     -0.0001838716    -0.0000253141    -0.0003118436
         12     -0.0001790821    -0.0001813774    -0.0001398742
         13      0.0001121833    -0.0004781142    -0.0004744440
         14     -0.0003126646    -0.0004064075    -0.0001103097
         15      0.0004155480    -0.0001307513     0.0014809225
         16      0.0000671668    -0.0006187047    -0.0001468049
         17      0.0009152370    -0.0005640592     0.0000528496
         18      0.0001661535    -0.0002488299    -0.0005119470
         19      0.0006620219    -0.0002766459    -0.0009583064
         20     -0.0000442160     0.0000668915     0.0001395148
         21      0.0000616728    -0.0000252952    -0.0000444192
         22     -0.0000910055    -0.0000047185     0.0000077142
         23      0.0000113488     0.0002764033    -0.0007033692
         24      0.0003756075    -0.0008050602    -0.0010067889
         25     -0.0005153558    -0.0005381283    -0.0000061713
         26     -0.0001277907    -0.0000792181    -0.0000050272
         27     -0.0000770671    -0.0001015402     0.0000585234
         28      0.0000060709     0.0001717145     0.0000825494
         29     -0.0003349628     0.0007384579     0.0015435680
         30      0.0000183554     0.0007012423    -0.0005296797
         31      0.0001847090     0.0003389936     0.0000293011
         32     -0.0000289106     0.0001630152     0.0001515907
         33     -0.0000658765     0.0001027838    -0.0000127950
         34     -0.0000340735    -0.0001061575    -0.0000454376
         35      0.0000519318    -0.0000451687     0.0002143012
         36     -0.0006419375    -0.0000493358    -0.0000379826
         37     -0.0001239259    -0.0001079248     0.0003221504
      f-defect        0.0038769960     0.0035358623    -0.0005298464

 AFTER FORCE RTNS +    0.60 =     399.4 seconds wall (    0.55 usr    0.05 sys)
  
 >>>>> GSELECT begins, nslics=           0
 <<<<< GSELECT ends
 rms,max force=  1.4779D-03  5.8844D-03 for component#        1
 dynamics update step #           3
ASD: min/max mass factors=   0.2500   1.2599
 >>>>> GUPDATE begins, nslics=           0
 GUPDATE: Largest relax: atom#, dr(au)=     1    0.007414
 <<<<< GUPDATE ends

 ###############################################################################
   NEW GEOMETRY for step   4, of   4 total
atom, type, position;  step#      4
 AT1          Pt               -0.4318697097   -0.4389544774    0.7572872018 
 AT2          O                 3.1957335394   -0.5744157866    1.8607050259 
 AT3          O                -3.7658154674    0.0565027724   -0.9319966345 
 AT4          P                 4.8111503460    2.0901977852    1.9372271407 
 AT5          P                -4.4513493492   -2.8405646618   -1.8633897455 
 AT6          O                -7.5047758280   -2.8750233348   -2.3845098557 
 AT7          O                -3.6898545313   -4.7764166324    0.1039412011 
 AT8          O                 4.1456526609    3.3706316185   -0.8593707393 
 AT9          O                 7.6179621532    1.8552998260    2.3693362053 
 AT10         C                 3.3083313587    4.1519370650    4.2915560399 
 AT11         C                -2.9489722068   -3.5026205129   -4.9173779844 
 AT12         C                -3.7021250022   -6.1579885818   -5.8529073602 
 AT13         C                -0.0688288845   -3.5131992350   -4.5156553812 
 AT14         C                -3.6884841217   -1.5437317432   -6.9172425684 
 AT15         C                 0.5127386913    4.7101162693    3.8313615578 
 AT16         C                 3.7195359474    2.9311910648    6.9051692021 
 AT17         C                 4.7488349209    6.6668943106    4.2570600427 
 AT18         H                -8.2134237970   -1.3071429039   -1.6731992108 
 AT19         H                 4.9092352302    2.2164479532   -2.1039816756 
 AT20         H                -3.1058238252   -7.6537486447   -4.5228277191 
 AT21         H                -2.6577683764   -6.4014042033   -7.6532967001 
 AT22         H                -5.7390504390   -6.3278926841   -6.2715622048 
 AT23         H                 0.5676879385   -4.8953051192   -3.0946164355 
 AT24         H                 0.6754657832   -1.6507531283   -3.9843345343 
 AT25         H                 0.8008962916   -4.0029760224   -6.3321102976 
 AT26         H                -5.7378632000   -1.5879174396   -7.2741980138 
 AT27         H                -2.6709979149   -2.0500232876   -8.6654953978 
 AT28         H                -3.0875948069    0.3528832150   -6.3472241346 
 AT29         H                -0.6929304867    3.0079043602    3.8544245537 
 AT30         H                 0.2190957711    5.7910370977    2.0909341340 
 AT31         H                -0.2158411240    5.8716993815    5.3919139914 
 AT32         H                 2.6155932900    1.1971125603    7.2094409195 
 AT33         H                 3.0681039159    4.3611294049    8.2688962850 
 AT34         H                 5.7372863562    2.5636217899    7.2559936229 
 AT35         H                 4.4447192026    7.7329461435    2.5153561355 
 AT36         H                 6.7799302610    6.3588708276    4.4844537077 
 AT37         H                 4.0378826402    7.8007093387    5.8417033510 
 ###############################################################################

 After geometry   +    0.04 =     399.4 seconds wall (    0.00 usr    0.00 sys)
  
 LATVEC: nlat1c,nlat2c,nlat =           1           1           1

  Atom
  Type  Shell  Min-alf     range
    1        0.129289   8.279963
    2        0.102474   9.300415
    3        0.143749   7.852478
    4        0.078997  10.592631
    5        0.095999   9.608947
    6        0.073120  11.010095
 Turnover EF->DM npopdm, npop0k=          88          55
 DEV264h/wkmem: perlsolv dist-mem
 DEV/wkmem: KPSTORE= F
 DEV/wkmem: psolv version, input do_psolv= F

 Need       21250-length r*4 array to pack grid wfcns/box
 Need      312125-length r*4 array to pack all grid wfcns
 Need       25000-length r*4 array for grid wfcns scratch
 WKMEM: using stripe-parallel+Merge  setup
 Minimum maxwkd for scf to complete=    29376447
 All grid wfcns stored in    156063 of 194817057 available
 WKMEM: in-core Broyden! uses    211770 out of 194660994 available
 >>>>> geom/basis data saved to file
  
 Atom type   1  radial valence charge =    5.999995363882
 Atom type   1      xc valence charge =    6.499995360087
  
 Atom type   2  radial valence charge =    0.999999985299
  
 Atom type   3  radial valence charge =    3.999996877569
  
 Atom type   4  radial valence charge =    9.999999976019
  
 Atom type   5  radial valence charge =    4.999999641069
  
 Atom type   6  radial valence charge =    3.999999473876
 mat0set: stripe-parallel, KPSTORE= F

   sij compute    +    0.01 =     399.4 seconds wall (    0.01 usr    0.01 sys)

   sij/nlat-bcast +    0.20 =     399.6 seconds wall (    0.20 usr    0.00 sys)

   vlocmat compute+    0.16 =     399.8 seconds wall (    0.16 usr    0.00 sys)

   vlocmii compute+    0.02 =     399.8 seconds wall (    0.02 usr    0.00 sys)

   nlocmat compute+    0.08 =     399.9 seconds wall (    0.08 usr    0.00 sys)
 NLOCMAT: Max neqilat=           1

 After mat0set    +    0.01 =     399.9 seconds wall (    0.00 usr    0.00 sys)
 Atom   1   Z= 10.0   occ= 10.00   rho=  9.9988956256   core=  0.0000000000
     vxc(afsw):  -11.08909782 -10.00447813  -1.08461969  -0.00003201
     exc(afsw):   -8.56909828  -7.67447955  -0.89461873  -0.00002459
 Atom   2   Z=  6.0   occ=  6.00   rho=  5.9929581364   core=  0.0000000000
                               rho(xc)=  6.4929580805
     vxc(afsw):   -8.99362489  -8.72616630  -0.26745860  -0.00017681
     exc(afsw):   -6.96545974  -6.73683302  -0.22862672  -0.00014223
 Atom   3   Z=  6.0   occ=  6.00   rho=  5.9876329249   core=  0.0000000000
                               rho(xc)=  6.4876328606
     vxc(afsw):   -8.95289847  -8.68539509  -0.26750338  -0.00031066
     exc(afsw):   -6.95905125  -6.73037614  -0.22867511  -0.00024996
 Atom   6   Z=  6.0   occ=  6.00   rho=  5.9884666773   core=  0.0000000000
                               rho(xc)=  6.4884666138
     vxc(afsw):   -8.96569465  -8.69819647  -0.26749818  -0.00028970
     exc(afsw):   -6.96048063  -6.73181309  -0.22866754  -0.00023309
 Atom   7   Z=  6.0   occ=  6.00   rho=  5.9943652915   core=  0.0000000000
                               rho(xc)=  6.4943652173
     vxc(afsw):   -8.99801927  -8.73057492  -0.26744434  -0.00014146
     exc(afsw):   -6.96691060  -6.73829720  -0.22861340  -0.00011379
 Atom   8   Z=  6.0   occ=  6.00   rho=  5.9935267708   core=  0.0000000000
                               rho(xc)=  6.4935266907
     vxc(afsw):   -8.99380673  -8.72635272  -0.26745401  -0.00016253
     exc(afsw):   -6.96623112  -6.73761003  -0.22862108  -0.00013074
 Atom   9   Z=  6.0   occ=  6.00   rho=  5.9913608563   core=  0.0000000000
                               rho(xc)=  6.4913607785
     vxc(afsw):   -8.98688844  -8.71942010  -0.26746834  -0.00021693
     exc(afsw):   -6.96381748  -6.73517548  -0.22864200  -0.00017452
 Atom  10   Z=  4.0   occ=  4.00   rho=  3.9976626253   core=  0.0000000000
     vxc(afsw):   -3.88245436  -3.65951194  -0.22294242  -0.00005332
     exc(afsw):   -3.00446636  -2.81323478  -0.19123158  -0.00004106
 Atom  11   Z=  4.0   occ=  4.00   rho=  4.0024077131   core=  0.0000000000
     vxc(afsw):   -3.90114586  -3.67823370  -0.22291216   0.00005469
     exc(afsw):   -3.00760685  -2.81639480  -0.19121204   0.00004208
 Atom  13   Z=  4.0   occ=  4.00   rho=  4.0011655060   core=  0.0000000000
     vxc(afsw):   -3.88974166  -3.66683494  -0.22290672   0.00002649
     exc(afsw):   -3.00702912  -2.81581111  -0.19121800   0.00002040
 Atom  15   Z=  4.0   occ=  4.00   rho=  3.9975209897   core=  0.0000000000
     vxc(afsw):   -3.88215831  -3.65921485  -0.22294345  -0.00005655
     exc(afsw):   -3.00430990  -2.81307777  -0.19123213  -0.00004356
 Atom  17   Z=  4.0   occ=  4.00   rho=  3.9981078877   core=  0.0000000000
     vxc(afsw):   -3.88164448  -3.65870783  -0.22293665  -0.00004314
     exc(afsw):   -3.00498424  -2.81375426  -0.19122998  -0.00003323
 Atom  18   Z=  1.0   occ=  1.00   rho=  0.9972312916   core=  0.0000000000
     vxc(afsw):   -0.79363832  -0.76827931  -0.02535900  -0.00003886
     exc(afsw):   -0.62630140  -0.60409764  -0.02220376  -0.00003277
 Atom  19   Z=  1.0   occ=  1.00   rho=  0.9967155109   core=  0.0000000000
     vxc(afsw):   -0.79195271  -0.76659423  -0.02535848  -0.00004607
     exc(afsw):   -0.62544753  -0.60324343  -0.02220411  -0.00003885
 Atom  20   Z=  1.0   occ=  1.00   rho=  0.9972304172   core=  0.0000000000
     vxc(afsw):   -0.79394044  -0.76858188  -0.02535856  -0.00003890
     exc(afsw):   -0.62628910  -0.60408547  -0.02220363  -0.00003281
 Atom  21   Z=  1.0   occ=  1.00   rho=  0.9975922944   core=  0.0000000000
     vxc(afsw):   -0.79528181  -0.76992315  -0.02535866  -0.00003383
     exc(afsw):   -0.62688144  -0.60467813  -0.02220332  -0.00002853
 Atom  22   Z=  1.0   occ=  1.00   rho=  0.9972494526   core=  0.0000000000
     vxc(afsw):   -0.79381599  -0.76845712  -0.02535888  -0.00003861
     exc(afsw):   -0.62632771  -0.60412400  -0.02220370  -0.00003256
 Atom  23   Z=  1.0   occ=  1.00   rho=  0.9974621051   core=  0.0000000000
     vxc(afsw):   -0.79452093  -0.76916187  -0.02535906  -0.00003564
     exc(afsw):   -0.62667897  -0.60447542  -0.02220355  -0.00003005
 Atom  24   Z=  1.0   occ=  1.00   rho=  0.9958768121   core=  0.0000000000
     vxc(afsw):   -0.78936062  -0.76400325  -0.02535738  -0.00005776
     exc(afsw):   -0.62405402  -0.60184941  -0.02220461  -0.00004870
 Atom  25   Z=  1.0   occ=  1.00   rho=  0.9966072564   core=  0.0000000000
     vxc(afsw):   -0.79162588  -0.76626755  -0.02535833  -0.00004758
     exc(afsw):   -0.62526745  -0.60306328  -0.02220417  -0.00004012
 Atom  26   Z=  1.0   occ=  1.00   rho=  0.9972299540   core=  0.0000000000
     vxc(afsw):   -0.79373773  -0.76837886  -0.02535887  -0.00003888
     exc(afsw):   -0.62629587  -0.60409215  -0.02220372  -0.00003279
 Atom  27   Z=  1.0   occ=  1.00   rho=  0.9968792810   core=  0.0000000000
     vxc(afsw):   -0.79260952  -0.76725102  -0.02535850  -0.00004380
     exc(afsw):   -0.62571491  -0.60351096  -0.02220395  -0.00003693
 Atom  28   Z=  1.0   occ=  1.00   rho=  0.9970944083   core=  0.0000000000
     vxc(afsw):   -0.79325965  -0.76790087  -0.02535878  -0.00004079
     exc(afsw):   -0.62607258  -0.60386876  -0.02220383  -0.00003439
 Atom  29   Z=  1.0   occ=  1.00   rho=  0.9972113185   core=  0.0000000000
     vxc(afsw):   -0.79360703  -0.76824809  -0.02535894  -0.00003914
     exc(afsw):   -0.62626725  -0.60406349  -0.02220376  -0.00003301
 Atom  30   Z=  1.0   occ=  1.00   rho=  0.9962607972   core=  0.0000000000
     vxc(afsw):   -0.79055589  -0.76519801  -0.02535788  -0.00005243
     exc(afsw):   -0.62469181  -0.60248743  -0.02220438  -0.00004422
 Atom  31   Z=  1.0   occ=  1.00   rho=  0.9958429824   core=  0.0000000000
     vxc(afsw):   -0.78925673  -0.76389940  -0.02535733  -0.00005823
     exc(afsw):   -0.62399778  -0.60179315  -0.02220463  -0.00004910
 Atom  32   Z=  1.0   occ=  1.00   rho=  0.9962799996   core=  0.0000000000
     vxc(afsw):   -0.79064296  -0.76528509  -0.02535787  -0.00005218
     exc(afsw):   -0.62472286  -0.60251851  -0.02220436  -0.00004400
 Atom  33   Z=  1.0   occ=  1.00   rho=  0.9969967657   core=  0.0000000000
     vxc(afsw):   -0.79303649  -0.76767794  -0.02535856  -0.00004216
     exc(afsw):   -0.62590787  -0.60370402  -0.02220385  -0.00003556
 Atom  34   Z=  1.0   occ=  1.00   rho=  0.9969396961   core=  0.0000000000
     vxc(afsw):   -0.79265697  -0.76729822  -0.02535874  -0.00004293
     exc(afsw):   -0.62581961  -0.60361564  -0.02220397  -0.00003620
 Atom  35   Z=  1.0   occ=  1.00   rho=  0.9961493219   core=  0.0000000000
     vxc(afsw):   -0.79019851  -0.76484076  -0.02535775  -0.00005397
     exc(afsw):   -0.62450697  -0.60230252  -0.02220445  -0.00004551
 Atom  36   Z=  1.0   occ=  1.00   rho=  0.9960033090   core=  0.0000000000
     vxc(afsw):   -0.78975747  -0.76439993  -0.02535754  -0.00005603
     exc(afsw):   -0.62426405  -0.60205951  -0.02220453  -0.00004724
 Atom  37   Z=  1.0   occ=  1.00   rho=  0.9964967231   core=  0.0000000000
     vxc(afsw):   -0.79135175  -0.76599365  -0.02535810  -0.00004915
     exc(afsw):   -0.62508174  -0.60287753  -0.02220421  -0.00004145
 ***** CAUTION: grid fineness questionable

 grid0xc compute+    0.36 =     400.3 seconds wall (    0.36 usr    0.00 sys)

 grid0xc Merge  +    0.08 =     400.4 seconds wall (    0.00 usr    0.08 sys)

 grid0xc Bcast  +    0.21 =     400.6 seconds wall (    0.20 usr    0.00 sys)


 AFTER SETUP PHASE+    9.20 =     409.8 seconds wall (    0.22 usr    0.53 sys)

  
 *************************  iteration   0 begins here  *************************


 Before iterations+    0.04 =     409.8 seconds wall (    0.03 usr    0.01 sys)
  
 grid-integrated up-density total =       53.9569561960
 grid-integrated dn-density total =       53.9569561960
 grid-integrated valence-density total =      107.9139123920
 Harris Fcnal XC piece=       29.2774677341
  
  

 After 0 iteration+    0.57 =     410.4 seconds wall (    0.49 usr    0.08 sys)
 *************************  iteration   1 begins here  *************************


 erlsolv/begin  +    0.20 =     410.6 seconds wall (    0.07 usr    0.00 sys)
 PERLSOLV: kpp-copmatible version

 erlsolv/schroed+    0.07 =     410.6 seconds wall (    0.05 usr    0.01 sys)

 erlsolv/pop    +    0.00 =     410.6 seconds wall (    0.00 usr    0.00 sys)

 erlsolv/dmat compute+    0.00 =     410.6 seconds wall (    0.00 usr    0.00 sys)

 erlsolv/dmat compute+    0.00 =     410.6 seconds wall (    0.00 usr    0.00 sys)

 erlsolv/rhoij  +    0.00 =     410.6 seconds wall (    0.00 usr    0.00 sys)

 spin-up fermi level =   -0.263698 Ry,   gap(0K)= 0.356581 Ry = 4.852 eV
 spin-dn fermi level =   -0.472612 Ry,   gap(0K)= 0.026170 Ry = 0.356 eV

 k-vector:                  1
  weight:               1.000000
            level/UP/occup       level/DN/occup
  
    1    -1.928582  1.0000    -1.928582  1.0000
    2    -1.921466  1.0000    -1.921466  1.0000
    3    -1.837352  1.0000    -1.837352  1.0000
    4    -1.831478  1.0000    -1.831478  1.0000
             ...      ...         ...      ...
   36    -0.720035  1.0000    -0.720035  1.0000
   37    -0.706774  1.0000    -0.706774  1.0000
   38    -0.705585  1.0000    -0.705585  1.0000
   39    -0.704957  1.0000    -0.704957  1.0000
   40    -0.699829  1.0000    -0.699829  1.0000
   41    -0.691924  1.0000    -0.691924  1.0000
   42    -0.682845  1.0000    -0.682845  1.0000
   43    -0.661374  1.0000    -0.661374  1.0000
   44    -0.641500  1.0000    -0.641500  1.0000
   45    -0.621176  1.0000    -0.621176  1.0000
   46    -0.613081  1.0000    -0.613081  1.0000
   47    -0.600441  1.0000    -0.600441  1.0000
   48    -0.586025  1.0000    -0.586025  1.0000
   49    -0.576283  1.0000    -0.576283  1.0000
   50    -0.567771  1.0000    -0.567771  0.9999
   51    -0.544454  1.0000    -0.544454  0.9992
   52    -0.538073  1.0000    -0.538073  0.9986
   53    -0.484431  1.0000    -0.484431  0.7653
   54    -0.458262  1.0000    -0.458262  0.1923
   55    -0.441989  1.0000    -0.441989  0.0447
   56    -0.085407  0.0000    -0.085407  0.0000
   57    -0.008610  0.0000    -0.008610  0.0000
   58     0.002591  0.0000     0.002591  0.0000
   59     0.021689  0.0000     0.021689  0.0000
   60     0.037294  0.0000     0.037294  0.0000
   61     0.051533  0.0000     0.051533  0.0000
   62     0.060625  0.0000     0.060625  0.0000
   63     0.080325  0.0000     0.080325  0.0000
             ...      ...         ...      ...
  200     2.768451  0.0000     2.768451  0.0000
  
 delta movement in up-elecs =        6.8673146629
 delta movement in dn-elecs =        6.6828136930
 delta movement in electrons =       12.8972971282

 one-center local charge defect =         0.05230706

 one-center local charge defect =         0.04989643

 LMCC local dipole, |dip|=        3.6733487254
 Using LMCC treatment of supercell electrostatics
 DBG/LMCCINT, esns diagnostics redone
 LMCC chemical potential shift(Ry,eV)=        0.0000118057        0.0001606254
 LMCC esns total grid integral=        1.3600325357
  
 grid-integrated up-density total =       54.9427185216
 grid-integrated dn-density total =       52.9451302208
 grid-integrated valence-density total =      107.8878487424
  
 TOTAL single particle eigenvalue sum=      -103.4014493872
  
 rms,max scfchange=  1.2433D-02  5.5222D-01 for component#    154114
 electronic meth_bl(BROYDEN)=           1
>>>>> Broyden: first step (elec) simple blend ratio= 0.300000
<<<<< Broyden step complete, scf step=     1

 After blending   +   17.92 =     428.6 seconds wall (    5.15 usr    1.43 sys)
  
 *************************  iteration   2 begins here  *************************


 erlsolv/begin  +    0.08 =     428.6 seconds wall (    0.08 usr    0.00 sys)
 PERLSOLV: kpp-copmatible version

 erlsolv/schroed+    0.07 =     428.7 seconds wall (    0.06 usr    0.00 sys)

 erlsolv/pop    +    0.00 =     428.7 seconds wall (    0.00 usr    0.00 sys)

 erlsolv/dmat compute+    0.00 =     428.7 seconds wall (    0.00 usr    0.00 sys)

 erlsolv/dmat compute+    0.01 =     428.7 seconds wall (    0.00 usr    0.00 sys)

 erlsolv/rhoij  +    0.00 =     428.7 seconds wall (    0.00 usr    0.00 sys)

 spin-up fermi level =   -0.280072 Ry,   gap(0K)= 0.337211 Ry = 4.588 eV
 spin-dn fermi level =   -0.464423 Ry,   gap(0K)= 0.038466 Ry = 0.523 eV
  
 delta movement in up-elecs =        5.7776966570
 delta movement in dn-elecs =        5.5052702291
 delta movement in electrons =       10.6666167816

 one-center local charge defect =         0.05148585

 one-center local charge defect =         0.04847638

 LMCC local dipole, |dip|=        1.9332409089
 Using LMCC treatment of supercell electrostatics
 DBG/LMCCINT, esns diagnostics redone
 LMCC chemical potential shift(Ry,eV)=        0.0000032104        0.0000436803
 LMCC esns total grid integral=        0.6236334552
  
 grid-integrated up-density total =       54.9436481720
 grid-integrated dn-density total =       52.9466617239
 grid-integrated valence-density total =      107.8903098959
  
 TOTAL single particle eigenvalue sum=      -100.0471153582
  
 rms,max scfchange=  4.8364D-03  2.4583D-01 for component#    118682
 electronic meth_bl(BROYDEN)=           1
>>>>> Broyden blend to get next step - elec
<<<<< Broyden step complete, scf step=     2

 After blending   +   13.16 =     441.9 seconds wall (    5.54 usr    1.51 sys)
  
 *************************  iteration   3 begins here  *************************


 erlsolv/begin  +    0.00 =     441.9 seconds wall (    0.00 usr    0.00 sys)
 PERLSOLV: kpp-copmatible version

 erlsolv/schroed+    0.06 =     441.9 seconds wall (    0.05 usr    0.01 sys)

 erlsolv/pop    +    0.00 =     441.9 seconds wall (    0.00 usr    0.00 sys)

 erlsolv/dmat compute+    0.00 =     441.9 seconds wall (    0.00 usr    0.00 sys)

 erlsolv/dmat compute+    0.00 =     442.0 seconds wall (    0.00 usr    0.00 sys)

 erlsolv/rhoij  +    0.00 =     442.0 seconds wall (    0.00 usr    0.00 sys)

 spin-up fermi level =   -0.260349 Ry,   gap(0K)= 0.334843 Ry = 4.556 eV
 spin-dn fermi level =   -0.422389 Ry,   gap(0K)= 0.048437 Ry = 0.659 eV
  
 delta movement in up-elecs =        5.5957037403
 delta movement in dn-elecs =        5.6059501254
 delta movement in electrons =       10.4289657225

 one-center local charge defect =         0.05159789

 one-center local charge defect =         0.04919366

 LMCC local dipole, |dip|=        2.5327546430
 Using LMCC treatment of supercell electrostatics
 DBG/LMCCINT, esns diagnostics redone
 LMCC chemical potential shift(Ry,eV)=        0.0000062477        0.0000850049
 LMCC esns total grid integral=        0.5722251947
  
 grid-integrated up-density total =       54.9435819571
 grid-integrated dn-density total =       52.9459874926
 grid-integrated valence-density total =      107.8895694497
  
 TOTAL single particle eigenvalue sum=       -99.0486910879
  
 rms,max scfchange=  3.1508D-03  2.3797D-01 for component#      1033
 electronic meth_bl(BROYDEN)=           1
>>>>> Broyden blend to get next step - elec
<<<<< Broyden step complete, scf step=     3

 After blending   +   16.78 =     458.7 seconds wall (    5.97 usr    1.24 sys)
  
 *************************  iteration   4 begins here  *************************


 erlsolv/begin  +    0.00 =     458.7 seconds wall (    0.00 usr    0.00 sys)
 PERLSOLV: kpp-copmatible version

 erlsolv/schroed+    0.07 =     458.8 seconds wall (    0.05 usr    0.01 sys)

 erlsolv/pop    +    0.00 =     458.8 seconds wall (    0.00 usr    0.00 sys)

 erlsolv/dmat compute+    0.00 =     458.8 seconds wall (    0.00 usr    0.00 sys)

 erlsolv/dmat compute+    0.01 =     458.8 seconds wall (    0.00 usr    0.00 sys)

 erlsolv/rhoij  +    0.01 =     458.8 seconds wall (    0.00 usr    0.00 sys)

 spin-up fermi level =   -0.279153 Ry,   gap(0K)= 0.334666 Ry = 4.553 eV
 spin-dn fermi level =   -0.436411 Ry,   gap(0K)= 0.061638 Ry = 0.839 eV
  
 delta movement in up-elecs =        5.4982075439
 delta movement in dn-elecs =        5.4669985269
 delta movement in electrons =       10.1738800093

 one-center local charge defect =         0.05145529

 one-center local charge defect =         0.04874958

 LMCC local dipole, |dip|=        2.1872276730
 Using LMCC treatment of supercell electrostatics
 DBG/LMCCINT, esns diagnostics redone
 LMCC chemical potential shift(Ry,eV)=        0.0000047877        0.0000651399
 LMCC esns total grid integral=        0.4902152337
  
 grid-integrated up-density total =       54.9437436747
 grid-integrated dn-density total =       52.9464512512
 grid-integrated valence-density total =      107.8901949259
  
 TOTAL single particle eigenvalue sum=       -99.0398470545
  
 rms,max scfchange=  1.0660D-03  7.8738D-02 for component#      1033
 electronic meth_bl(BROYDEN)=           1
>>>>> Broyden blend to get next step - elec
<<<<< Broyden step complete, scf step=     4

 After blending   +   12.09 =     470.9 seconds wall (    6.13 usr    1.48 sys)
  
 *************************  iteration   5 begins here  *************************


 erlsolv/begin  +    0.05 =     471.0 seconds wall (    0.04 usr    0.00 sys)
 PERLSOLV: kpp-copmatible version

 erlsolv/schroed+    0.06 =     471.0 seconds wall (    0.05 usr    0.01 sys)

 erlsolv/pop    +    0.00 =     471.0 seconds wall (    0.00 usr    0.00 sys)

 erlsolv/dmat compute+    0.00 =     471.0 seconds wall (    0.00 usr    0.00 sys)

 erlsolv/dmat compute+    0.00 =     471.0 seconds wall (    0.00 usr    0.00 sys)

 erlsolv/rhoij  +    0.01 =     471.0 seconds wall (    0.00 usr    0.00 sys)

 spin-up fermi level =   -0.289126 Ry,   gap(0K)= 0.332004 Ry = 4.517 eV
 spin-dn fermi level =   -0.435449 Ry,   gap(0K)= 0.072928 Ry = 0.992 eV
  
 delta movement in up-elecs =        5.4850720558
 delta movement in dn-elecs =        5.4824557755
 delta movement in electrons =       10.1645761419

 one-center local charge defect =         0.05148688

 one-center local charge defect =         0.04873896

 LMCC local dipole, |dip|=        2.0871435033
 Using LMCC treatment of supercell electrostatics
 DBG/LMCCINT, esns diagnostics redone
 LMCC chemical potential shift(Ry,eV)=        0.0000042809        0.0000582445
 LMCC esns total grid integral=        0.4796699459
  
 grid-integrated up-density total =       54.9437214100
 grid-integrated dn-density total =       52.9464710436
 grid-integrated valence-density total =      107.8901924536
  
 TOTAL single particle eigenvalue sum=       -99.2672862467
  
 rms,max scfchange=  5.1592D-04  6.4432D-02 for component#      1033
 electronic meth_bl(BROYDEN)=           1
>>>>> Broyden blend to get next step - elec
<<<<< Broyden step complete, scf step=     5

 After blending   +   11.71 =     482.7 seconds wall (    6.46 usr    1.44 sys)
  
 *************************  iteration   6 begins here  *************************


 erlsolv/begin  +    0.00 =     482.7 seconds wall (    0.00 usr    0.00 sys)
 PERLSOLV: kpp-copmatible version

 erlsolv/schroed+    0.06 =     482.8 seconds wall (    0.05 usr    0.01 sys)

 erlsolv/pop    +    0.00 =     482.8 seconds wall (    0.00 usr    0.00 sys)

 erlsolv/dmat compute+    0.00 =     482.8 seconds wall (    0.00 usr    0.00 sys)

 erlsolv/dmat compute+    0.00 =     482.8 seconds wall (    0.00 usr    0.00 sys)

 erlsolv/rhoij  +    0.00 =     482.8 seconds wall (    0.00 usr    0.00 sys)

 spin-up fermi level =   -0.297981 Ry,   gap(0K)= 0.331167 Ry = 4.506 eV
 spin-dn fermi level =   -0.434915 Ry,   gap(0K)= 0.079865 Ry = 1.087 eV
  
 delta movement in up-elecs =        5.4789844220
 delta movement in dn-elecs =        5.4992064303
 delta movement in electrons =       10.1602794822

 one-center local charge defect =         0.05146072

 one-center local charge defect =         0.04865928

 LMCC local dipole, |dip|=        2.0068007321
 Using LMCC treatment of supercell electrostatics
 DBG/LMCCINT, esns diagnostics redone
 LMCC chemical potential shift(Ry,eV)=        0.0000039674        0.0000539797
 LMCC esns total grid integral=        0.4739391782
  
 grid-integrated up-density total =       54.9437544320
 grid-integrated dn-density total =       52.9465570721
 grid-integrated valence-density total =      107.8903115040
  
 TOTAL single particle eigenvalue sum=       -99.4455176446
  
 rms,max scfchange=  1.8009D-04  3.0983D-02 for component#      1033
 electronic meth_bl(BROYDEN)=           1
>>>>> Broyden blend to get next step - elec
<<<<< Broyden step complete, scf step=     6

 After blending   +   17.42 =     500.2 seconds wall (    5.86 usr    1.46 sys)
  
 *************************  iteration   7 begins here  *************************


 erlsolv/begin  +    0.00 =     500.2 seconds wall (    0.00 usr    0.00 sys)
 PERLSOLV: kpp-copmatible version

 erlsolv/schroed+    0.06 =     500.3 seconds wall (    0.05 usr    0.01 sys)

 erlsolv/pop    +    0.00 =     500.3 seconds wall (    0.00 usr    0.00 sys)

 erlsolv/dmat compute+    0.00 =     500.3 seconds wall (    0.00 usr    0.00 sys)

 erlsolv/dmat compute+    0.00 =     500.3 seconds wall (    0.00 usr    0.00 sys)

 erlsolv/rhoij  +    0.00 =     500.3 seconds wall (    0.00 usr    0.00 sys)

 spin-up fermi level =   -0.300437 Ry,   gap(0K)= 0.331512 Ry = 4.510 eV
 spin-dn fermi level =   -0.433716 Ry,   gap(0K)= 0.083226 Ry = 1.132 eV
  
 delta movement in up-elecs =        5.4782282257
 delta movement in dn-elecs =        5.5198500065
 delta movement in electrons =       10.1730718689

 one-center local charge defect =         0.05144424

 one-center local charge defect =         0.04866098

 LMCC local dipole, |dip|=        2.0364433561
 Using LMCC treatment of supercell electrostatics
 DBG/LMCCINT, esns diagnostics redone
 LMCC chemical potential shift(Ry,eV)=        0.0000041173        0.0000560187
 LMCC esns total grid integral=        0.4745978092
  
 grid-integrated up-density total =       54.9437732130
 grid-integrated dn-density total =       52.9465572909
 grid-integrated valence-density total =      107.8903305039
  
 TOTAL single particle eigenvalue sum=       -99.4892515639
  
 rms,max scfchange=  1.8872D-04  3.1227D-02 for component#      1033
 electronic meth_bl(BROYDEN)=           1
>>>>> Broyden blend to get next step - elec
<<<<< Broyden step complete, scf step=     7

 After blending   +   12.30 =     512.6 seconds wall (    6.03 usr    1.50 sys)
  
 *************************  iteration   8 begins here  *************************


 erlsolv/begin  +    0.02 =     512.6 seconds wall (    0.01 usr    0.00 sys)
 PERLSOLV: kpp-copmatible version

 erlsolv/schroed+    0.06 =     512.7 seconds wall (    0.05 usr    0.01 sys)

 erlsolv/pop    +    0.00 =     512.7 seconds wall (    0.00 usr    0.00 sys)

 erlsolv/dmat compute+    0.00 =     512.7 seconds wall (    0.00 usr    0.00 sys)

 erlsolv/dmat compute+    0.01 =     512.7 seconds wall (    0.00 usr    0.00 sys)

 erlsolv/rhoij  +    0.00 =     512.7 seconds wall (    0.00 usr    0.00 sys)

 spin-up fermi level =   -0.303434 Ry,   gap(0K)= 0.331467 Ry = 4.510 eV
 spin-dn fermi level =   -0.432708 Ry,   gap(0K)= 0.086167 Ry = 1.172 eV
  
 delta movement in up-elecs =        5.4786818721
 delta movement in dn-elecs =        5.5417877463
 delta movement in electrons =       10.1899710191

 one-center local charge defect =         0.05142429

 one-center local charge defect =         0.04866161

 LMCC local dipole, |dip|=        2.0349500080
 Using LMCC treatment of supercell electrostatics
 DBG/LMCCINT, esns diagnostics redone
 LMCC chemical potential shift(Ry,eV)=        0.0000041250        0.0000561241
 LMCC esns total grid integral=        0.4749408853
  
 grid-integrated up-density total =       54.9437962179
 grid-integrated dn-density total =       52.9465581690
 grid-integrated valence-density total =      107.8903543869
  
 TOTAL single particle eigenvalue sum=       -99.5485915209
  
 rms,max scfchange=  1.6271D-04  2.5971D-02 for component#      1033
 electronic meth_bl(BROYDEN)=           1
>>>>> Broyden blend to get next step - elec
<<<<< Broyden step complete, scf step=     8

 After blending   +   13.91 =     526.6 seconds wall (    6.12 usr    1.53 sys)
  
 *************************  iteration   9 begins here  *************************


 erlsolv/begin  +    0.00 =     526.6 seconds wall (    0.00 usr    0.00 sys)
 PERLSOLV: kpp-copmatible version

 erlsolv/schroed+    0.06 =     526.7 seconds wall (    0.05 usr    0.00 sys)

 erlsolv/pop    +    0.00 =     526.7 seconds wall (    0.00 usr    0.00 sys)

 erlsolv/dmat compute+    0.00 =     526.7 seconds wall (    0.00 usr    0.00 sys)

 erlsolv/dmat compute+    0.01 =     526.7 seconds wall (    0.00 usr    0.00 sys)

 erlsolv/rhoij  +    0.00 =     526.7 seconds wall (    0.00 usr    0.00 sys)

 spin-up fermi level =   -0.307420 Ry,   gap(0K)= 0.330679 Ry = 4.499 eV
 spin-dn fermi level =   -0.432312 Ry,   gap(0K)= 0.088606 Ry = 1.206 eV
  
 delta movement in up-elecs =        5.4839947942
 delta movement in dn-elecs =        5.5716530961
 delta movement in electrons =       10.2181610350

 one-center local charge defect =         0.05139005

 one-center local charge defect =         0.04866422

 LMCC local dipole, |dip|=        2.0325996094
 Using LMCC treatment of supercell electrostatics
 DBG/LMCCINT, esns diagnostics redone
 LMCC chemical potential shift(Ry,eV)=        0.0000041311        0.0000562069
 LMCC esns total grid integral=        0.4756790174
  
 grid-integrated up-density total =       54.9438321801
 grid-integrated dn-density total =       52.9465560211
 grid-integrated valence-density total =      107.8903882012
  
 TOTAL single particle eigenvalue sum=       -99.6447262607
  
 rms,max scfchange=  6.5301D-05  9.6589D-03 for component#      1033
 ######################  ENERGY ANALYSIS  #######################
    Spherical-atom es ENERGY correction =      -312.8499540649
    Full spherical atom trace ENERGY =         -154.0644754488
    Spherical-atom-Vxc trace ENERGY =           180.6066185284
    non-spherical es ENERGY =                     0.4757474018
    Total Exc ENERGY =                         -100.4540050763

    total kinetic trace ENERGY =          282.3867397265
    non-local ps-pot trace ENERGY =        38.0646258070
    total electrostatic ENERGY =         -606.2834291171
    Total Vxc ENERGY =                   -130.2789846229

    TOTAL ENERGY (Rydberg) =                   -386.2860686598

 ################################################################

 After blending   +   25.70 =     552.4 seconds wall (    6.00 usr    1.39 sys)
  
 >>>>> self-consistency achieved, iteration   9


 Final GAP(eV)=  4.4992 (up),  1.2056 (dn)

 spin-up fermi level =   -0.307420 Ry,   gap(0K)= 0.330679 Ry = 4.499 eV
 spin-dn fermi level =   -0.432312 Ry,   gap(0K)= 0.088606 Ry = 1.206 eV

 k-vector:                  1
  weight:               1.000000
            level/UP/occup       level/DN/occup
  
    1    -1.978322  1.0000    -1.975292  1.0000
    2    -1.946173  1.0000    -1.942319  1.0000
    3    -1.863442  1.0000    -1.853604  1.0000
    4    -1.821707  1.0000    -1.810018  1.0000
             ...      ...         ...      ...
   36    -0.683685  1.0000    -0.671834  1.0000
   37    -0.674833  1.0000    -0.668910  1.0000
   38    -0.672506  1.0000    -0.658944  1.0000
   39    -0.652704  1.0000    -0.639736  1.0000
   40    -0.637315  1.0000    -0.632061  1.0000
   41    -0.635408  1.0000    -0.630395  1.0000
   42    -0.631821  1.0000    -0.622718  1.0000
   43    -0.623417  1.0000    -0.619801  1.0000
   44    -0.620414  1.0000    -0.602325  1.0000
   45    -0.610528  1.0000    -0.582287  1.0000
   46    -0.597743  1.0000    -0.561607  1.0000
   47    -0.581208  1.0000    -0.549922  1.0000
   48    -0.574172  1.0000    -0.528053  0.9999
   49    -0.553819  1.0000    -0.507557  0.9995
   50    -0.530804  1.0000    -0.498114  0.9986
   51    -0.516922  1.0000    -0.493915  0.9979
   52    -0.511741  1.0000    -0.484612  0.9947
   53    -0.498855  1.0000    -0.479821  0.9914
   54    -0.485427  1.0000    -0.391215  0.0161
   55    -0.472760  1.0000    -0.369454  0.0019
   56    -0.142081  0.0000    -0.093706  0.0000
   57    -0.034504  0.0000    -0.032778  0.0000
   58    -0.026811  0.0000    -0.020129  0.0000
   59     0.001208  0.0000     0.011655  0.0000
   60     0.020690  0.0000     0.027501  0.0000
   61     0.041707  0.0000     0.043786  0.0000
   62     0.057911  0.0000     0.062100  0.0000
   63     0.077036  0.0000     0.083544  0.0000
             ...      ...         ...      ...
  200     2.783608  0.0000     2.788142  0.0000
  
 >>>>> grid delta-density saved to file

 FINAL CONVERGED ENERGY (Rydberg) =     -386.2860686598
 Binding energy =      -26.5571156598 Ry =           -361.3309 eV

 AFTER ITERATIONS +    0.20 =     552.6 seconds wall (    0.00 usr    0.04 sys)
 Atom  20   Z=  1.0   occ=  1.00   rho=  0.9972304172   core=  0.0000000000
     vxc(afs ):   -0.79394044  -0.76858188  -0.02535856
     exc(afs ):   -0.62628910  -0.60408547  -0.02220363

 atom xc0frc stress term=       83.3387208902
 mat0frc: stripe-parallel, KPSTORE= F
  
 total force contributions(Ry/bohr):
        atom       x force          y force          z force
          1     -0.0001016143     0.0004765842     0.0002084742
          2      0.0005569478     0.0010114551     0.0001919830
          3      0.0011760060     0.0010934494    -0.0005756189
          4      0.0014851181     0.0004763230    -0.0001935235
          5      0.0002169404    -0.0010603876     0.0002113030
          6     -0.0007415348    -0.0003935625     0.0008783345
          7      0.0002792513     0.0000848426    -0.0000479122
          8     -0.0001541967     0.0008487744    -0.0003923024
          9      0.0001067262    -0.0000795434     0.0001015709
         10     -0.0000111922     0.0002846665     0.0000829789
         11     -0.0003538291    -0.0002264098    -0.0002953852
         12     -0.0000198781    -0.0001203960    -0.0000797867
         13     -0.0005645367    -0.0011389892    -0.0007664044
         14      0.0000410182     0.0001935366     0.0000664507
         15      0.0005601470     0.0009742657     0.0016307209
         16      0.0000564164    -0.0003649598    -0.0001540956
         17      0.0001822273    -0.0002493372     0.0007492070
         18     -0.0000675381     0.0004215833    -0.0001077502
         19      0.0003238869     0.0001281519    -0.0004490846
         20     -0.0000670735     0.0000228859     0.0000865480
         21      0.0000406382    -0.0000820843    -0.0000721753
         22     -0.0001330641    -0.0000231755    -0.0000141806
         23      0.0000983933    -0.0000437988    -0.0002941666
         24      0.0005800525     0.0003232220    -0.0004749727
         25     -0.0003288788    -0.0005030736    -0.0003232423
         26     -0.0002833208    -0.0001114579    -0.0000436736
         27     -0.0000823389    -0.0001367508    -0.0000332464
         28     -0.0001527291    -0.0002584245    -0.0000580112
         29     -0.0004631420    -0.0001308404     0.0013126773
         30     -0.0000533665     0.0003850198    -0.0002451602
         31      0.0002607823     0.0003124060    -0.0001408633
         32     -0.0000858004     0.0000283041     0.0001231973
         33     -0.0000050174     0.0000296715    -0.0000472128
         34     -0.0000142835    -0.0000853729    -0.0000417786
         35     -0.0000292385     0.0001929224    -0.0001368093
         36     -0.0001354862    -0.0001427458     0.0000396422
         37      0.0001371941    -0.0003020812    -0.0001605453
      f-defect        0.0022536859     0.0018346732     0.0005351861

 AFTER FORCE RTNS +    0.55 =     553.1 seconds wall (    0.50 usr    0.04 sys)
  
 >>>>> GSELECT begins, nslics=           0
 <<<<< GSELECT ends
 rms,max force=  7.8366D-04  1.9805D-03 for component#       15
 dynamics update step #           4
ASD: min/max mass factors=   0.3150   1.5874
 >>>>> GUPDATE begins, nslics=           0
 GUPDATE: Largest relax: atom#, dr(au)=    29    0.006149
 <<<<< GUPDATE ends

 ###############################################################################
   NEW GEOMETRY for step   5, of   5 total
atom, type, position;  step#      5
 AT1          Pt               -0.4319977357   -0.4383540189    0.7575498629 
 AT2          O                 3.1959390032   -0.5740426503    1.8607758504 
 AT3          O                -3.7650746301    0.0571916023   -0.9323592516 
 AT4          P                 4.8126260878    2.0906711009    1.9370348390 
 AT5          P                -4.4511014071   -2.8417765838   -1.8631482463 
 AT6          O                -7.5050093968   -2.8751472992   -2.3842331977 
 AT7          O                -3.6894301809   -4.7762877055    0.1038683937 
 AT8          O                 4.1455991766    3.3709260225   -0.8595068124 
 AT9          O                 7.6180155163    1.8552600543    2.3693869908 
 AT10         C                 3.3083243080    4.1521163936    4.2916083133 
 AT11         C                -2.9493120646   -3.5028379827   -4.9176617061 
 AT12         C                -3.7021704787   -6.1582640200   -5.8530898936 
 AT13         C                -0.0692927521   -3.5141351175   -4.5162851190 
 AT14         C                -3.6884582819   -1.5436098227   -6.9172007071 
 AT15         C                 0.5129347980    4.7104573583    3.8319324708 
 AT16         C                 3.7195634484    2.9310131596    6.9050940859 
 AT17         C                 4.7490160984    6.6666464099    4.2578049335 
 AT18         H                -8.2134371733   -1.3070594074   -1.6732205513 
 AT19         H                 4.9098772029    2.2167019618   -2.1048718014 
 AT20         H                -3.1062356502   -7.6536081276   -4.5222963227 
 AT21         H                -2.6577280274   -6.4014857033   -7.6533683617 
 AT22         H                -5.7393054522   -6.3279370992   -6.2715893814 
 AT23         H                 0.5679510821   -4.8954222551   -3.0954031567 
 AT24         H                 0.6770684937   -1.6498600518   -3.9856469045 
 AT25         H                 0.7996704793   -4.0048511016   -6.3333151011 
 AT26         H                -5.7379806629   -1.5879636493   -7.2742161205 
 AT27         H                -2.6710904167   -2.0501769172   -8.6655327478 
 AT28         H                -3.0876910202    0.3527204178   -6.3472606794 
 AT29         H                -0.6949673061    3.0073289467    3.8601974837 
 AT30         H                 0.2189899197    5.7918007769    2.0904478634 
 AT31         H                -0.2149195930    5.8728033361    5.3914162202 
 AT32         H                 2.6153515271    1.1971923137    7.2097880570 
 AT33         H                 3.0680892987    4.3612158460    8.2687587411 
 AT34         H                 5.7372547749    2.5634330274    7.2559012489 
 AT35         H                 4.4447007835    7.7330676770    2.5152699510 
 AT36         H                 6.7798449101    6.3587809034    4.4844786807 
 AT37         H                 4.0379690671    7.8005190395    5.8416022139 
 ###############################################################################

 After geometry   +    0.01 =     553.1 seconds wall (    0.00 usr    0.00 sys)
  
 LATVEC: nlat1c,nlat2c,nlat =           1           1           1

  Atom
  Type  Shell  Min-alf     range
    1        0.129289   8.279963
    2        0.102474   9.300415
    3        0.143749   7.852478
    4        0.078997  10.592631
    5        0.095999   9.608947
    6        0.073120  11.010095
 Turnover EF->DM npopdm, npop0k=          88          55
 DEV264h/wkmem: perlsolv dist-mem
 DEV/wkmem: KPSTORE= F
 DEV/wkmem: psolv version, input do_psolv= F

 Need       21250-length r*4 array to pack grid wfcns/box
 Need      312125-length r*4 array to pack all grid wfcns
 Need       25000-length r*4 array for grid wfcns scratch
 WKMEM: using stripe-parallel+Merge  setup
 Minimum maxwkd for scf to complete=    29376447
 All grid wfcns stored in    156063 of 194817057 available
 WKMEM: in-core Broyden! uses    211770 out of 194660994 available
 >>>>> geom/basis data saved to file
  
 Atom type   1  radial valence charge =    5.999995363882
 Atom type   1      xc valence charge =    6.499995360087
  
 Atom type   2  radial valence charge =    0.999999985299
  
 Atom type   3  radial valence charge =    3.999996877569
  
 Atom type   4  radial valence charge =    9.999999976019
  
 Atom type   5  radial valence charge =    4.999999641069
  
 Atom type   6  radial valence charge =    3.999999473876
 mat0set: stripe-parallel, KPSTORE= F

   sij compute    +    0.01 =     553.1 seconds wall (    0.01 usr    0.01 sys)

   sij/nlat-bcast +    0.03 =     553.2 seconds wall (    0.03 usr   -0.00 sys)

   vlocmat compute+    0.16 =     553.3 seconds wall (    0.16 usr    0.00 sys)

   vlocmii compute+    0.02 =     553.3 seconds wall (    0.01 usr    0.00 sys)

   nlocmat compute+    0.08 =     553.4 seconds wall (    0.08 usr    0.00 sys)
 NLOCMAT: Max neqilat=           1

 After mat0set    +    0.01 =     553.4 seconds wall (    0.00 usr    0.00 sys)
 Atom   1   Z= 10.0   occ= 10.00   rho=  9.9988957083   core=  0.0000000000
     vxc(afsw):  -11.08911755 -10.00449770  -1.08461986  -0.00003201
     exc(afsw):   -8.56909561  -7.67447689  -0.89461872  -0.00002459
 Atom   2   Z=  6.0   occ=  6.00   rho=  5.9929230427   core=  0.0000000000
                               rho(xc)=  6.4929229868
     vxc(afsw):   -8.99345858  -8.72599961  -0.26745897  -0.00017769
     exc(afsw):   -6.96542984  -6.73680280  -0.22862704  -0.00014294
 Atom   3   Z=  6.0   occ=  6.00   rho=  5.9876514411   core=  0.0000000000
                               rho(xc)=  6.4876513768
     vxc(afsw):   -8.95330924  -8.68580599  -0.26750325  -0.00031019
     exc(afsw):   -6.95908691  -6.73041197  -0.22867494  -0.00024958
 Atom   6   Z=  6.0   occ=  6.00   rho=  5.9884644723   core=  0.0000000000
                               rho(xc)=  6.4884644088
     vxc(afsw):   -8.96567400  -8.69817581  -0.26749819  -0.00028975
     exc(afsw):   -6.96047722  -6.73180965  -0.22866756  -0.00023313
 Atom   7   Z=  6.0   occ=  6.00   rho=  5.9943723031   core=  0.0000000000
                               rho(xc)=  6.4943722290
     vxc(afsw):   -8.99802994  -8.73058566  -0.26744428  -0.00014129
     exc(afsw):   -6.96691918  -6.73830585  -0.22861333  -0.00011365
 Atom   8   Z=  6.0   occ=  6.00   rho=  5.9935391377   core=  0.0000000000
                               rho(xc)=  6.4935390577
     vxc(afsw):   -8.99386183  -8.72640796  -0.26745387  -0.00016222
     exc(afsw):   -6.96624206  -6.73762109  -0.22862097  -0.00013049
 Atom   9   Z=  6.0   occ=  6.00   rho=  5.9913658581   core=  0.0000000000
                               rho(xc)=  6.4913657803
     vxc(afsw):   -8.98690991  -8.71944163  -0.26746829  -0.00021680
     exc(afsw):   -6.96382213  -6.73518018  -0.22864195  -0.00017442
 Atom  10   Z=  4.0   occ=  4.00   rho=  3.9976611415   core=  0.0000000000
     vxc(afsw):   -3.88245393  -3.65951149  -0.22294244  -0.00005335
     exc(afsw):   -3.00446463  -2.81323305  -0.19123159  -0.00004109
 Atom  11   Z=  4.0   occ=  4.00   rho=  4.0024131028   core=  0.0000000000
     vxc(afsw):   -3.90119352  -3.67828132  -0.22291220   0.00005481
     exc(afsw):   -3.00760968  -2.81639766  -0.19121202   0.00004217
 Atom  13   Z=  4.0   occ=  4.00   rho=  4.0011643028   core=  0.0000000000
     vxc(afsw):   -3.88969954  -3.66679279  -0.22290675   0.00002646
     exc(afsw):   -3.00703049  -2.81581249  -0.19121801   0.00002038
 Atom  15   Z=  4.0   occ=  4.00   rho=  3.9975318023   core=  0.0000000000
     vxc(afsw):   -3.88215891  -3.65921559  -0.22294332  -0.00005630
     exc(afsw):   -3.00432366  -2.81309158  -0.19123209  -0.00004337
 Atom  17   Z=  4.0   occ=  4.00   rho=  3.9981116699   core=  0.0000000000
     vxc(afsw):   -3.88166428  -3.65872762  -0.22293665  -0.00004306
     exc(afsw):   -3.00498706  -2.81375710  -0.19122996  -0.00003317
 Atom  18   Z=  1.0   occ=  1.00   rho=  0.9972303299   core=  0.0000000000
     vxc(afsw):   -0.79363539  -0.76827639  -0.02535900  -0.00003887
     exc(afsw):   -0.62629980  -0.60409604  -0.02220376  -0.00003278
 Atom  19   Z=  1.0   occ=  1.00   rho=  0.9967161675   core=  0.0000000000
     vxc(afsw):   -0.79195327  -0.76659479  -0.02535848  -0.00004606
     exc(afsw):   -0.62544867  -0.60324456  -0.02220411  -0.00003884
 Atom  20   Z=  1.0   occ=  1.00   rho=  0.9972303411   core=  0.0000000000
     vxc(afsw):   -0.79394033  -0.76858177  -0.02535856  -0.00003890
     exc(afsw):   -0.62628897  -0.60408534  -0.02220363  -0.00003281
 Atom  21   Z=  1.0   occ=  1.00   rho=  0.9975917542   core=  0.0000000000
     vxc(afsw):   -0.79527986  -0.76992120  -0.02535866  -0.00003384
     exc(afsw):   -0.62688056  -0.60467724  -0.02220332  -0.00002854
 Atom  22   Z=  1.0   occ=  1.00   rho=  0.9972452588   core=  0.0000000000
     vxc(afsw):   -0.79380206  -0.76844318  -0.02535887  -0.00003867
     exc(afsw):   -0.62632077  -0.60411707  -0.02220371  -0.00003261
 Atom  23   Z=  1.0   occ=  1.00   rho=  0.9974666023   core=  0.0000000000
     vxc(afsw):   -0.79454012  -0.76918107  -0.02535905  -0.00003558
     exc(afsw):   -0.62668626  -0.60448271  -0.02220355  -0.00003000
 Atom  24   Z=  1.0   occ=  1.00   rho=  0.9958674948   core=  0.0000000000
     vxc(afsw):   -0.78933193  -0.76397457  -0.02535736  -0.00005789
     exc(afsw):   -0.62403853  -0.60183392  -0.02220462  -0.00004881
 Atom  25   Z=  1.0   occ=  1.00   rho=  0.9966000722   core=  0.0000000000
     vxc(afsw):   -0.79160762  -0.76624930  -0.02535832  -0.00004769
     exc(afsw):   -0.62525540  -0.60305122  -0.02220417  -0.00004021
 Atom  26   Z=  1.0   occ=  1.00   rho=  0.9972276866   core=  0.0000000000
     vxc(afsw):   -0.79373009  -0.76837122  -0.02535887  -0.00003892
     exc(afsw):   -0.62629212  -0.60408840  -0.02220372  -0.00003282
 Atom  27   Z=  1.0   occ=  1.00   rho=  0.9968787218   core=  0.0000000000
     vxc(afsw):   -0.79260725  -0.76724875  -0.02535850  -0.00004380
     exc(afsw):   -0.62571400  -0.60351005  -0.02220395  -0.00003694
 Atom  28   Z=  1.0   occ=  1.00   rho=  0.9970931005   core=  0.0000000000
     vxc(afsw):   -0.79325596  -0.76789719  -0.02535878  -0.00004080
     exc(afsw):   -0.62607040  -0.60386657  -0.02220383  -0.00003441
 Atom  29   Z=  1.0   occ=  1.00   rho=  0.9971284411   core=  0.0000000000
     vxc(afsw):   -0.79334157  -0.76798272  -0.02535885  -0.00004030
     exc(afsw):   -0.62612991  -0.60392610  -0.02220381  -0.00003399
 Atom  30   Z=  1.0   occ=  1.00   rho=  0.9962544949   core=  0.0000000000
     vxc(afsw):   -0.79053678  -0.76517891  -0.02535787  -0.00005252
     exc(afsw):   -0.62468133  -0.60247694  -0.02220438  -0.00004429
 Atom  31   Z=  1.0   occ=  1.00   rho=  0.9958487633   core=  0.0000000000
     vxc(afsw):   -0.78927456  -0.76391722  -0.02535734  -0.00005815
     exc(afsw):   -0.62400739  -0.60180276  -0.02220463  -0.00004903
 Atom  32   Z=  1.0   occ=  1.00   rho=  0.9962751805   core=  0.0000000000
     vxc(afsw):   -0.79062738  -0.76526952  -0.02535786  -0.00005225
     exc(afsw):   -0.62471488  -0.60251052  -0.02220436  -0.00004406
 Atom  33   Z=  1.0   occ=  1.00   rho=  0.9969936261   core=  0.0000000000
     vxc(afsw):   -0.79302558  -0.76766703  -0.02535855  -0.00004220
     exc(afsw):   -0.62590270  -0.60369884  -0.02220386  -0.00003559
 Atom  34   Z=  1.0   occ=  1.00   rho=  0.9969410310   core=  0.0000000000
     vxc(afsw):   -0.79266166  -0.76730291  -0.02535875  -0.00004292
     exc(afsw):   -0.62582181  -0.60361784  -0.02220397  -0.00003619
 Atom  35   Z=  1.0   occ=  1.00   rho=  0.9961502138   core=  0.0000000000
     vxc(afsw):   -0.79020125  -0.76484350  -0.02535775  -0.00005396
     exc(afsw):   -0.62450845  -0.60230400  -0.02220445  -0.00004550
 Atom  36   Z=  1.0   occ=  1.00   rho=  0.9960032201   core=  0.0000000000
     vxc(afsw):   -0.78975720  -0.76439966  -0.02535754  -0.00005603
     exc(afsw):   -0.62426390  -0.60205936  -0.02220453  -0.00004725
 Atom  37   Z=  1.0   occ=  1.00   rho=  0.9964957798   core=  0.0000000000
     vxc(afsw):   -0.79134882  -0.76599072  -0.02535810  -0.00004917
     exc(afsw):   -0.62508017  -0.60287596  -0.02220421  -0.00004146
 ***** CAUTION: grid fineness questionable

 grid0xc compute+    0.36 =     553.8 seconds wall (    0.36 usr    0.00 sys)

 grid0xc Merge  +    0.08 =     553.9 seconds wall (    0.00 usr    0.07 sys)

 grid0xc Bcast  +    0.21 =     554.1 seconds wall (    0.21 usr    0.00 sys)


 AFTER SETUP PHASE+    5.65 =     559.7 seconds wall (    0.27 usr    0.54 sys)

  
 *************************  iteration   0 begins here  *************************


 Before iterations+    0.05 =     559.8 seconds wall (    0.04 usr    0.01 sys)
  
 grid-integrated up-density total =       53.9569067027
 grid-integrated dn-density total =       53.9569067027
 grid-integrated valence-density total =      107.9138134054
 Harris Fcnal XC piece=       29.2772604074
  
  

 After 0 iteration+    0.67 =     560.4 seconds wall (    0.57 usr    0.10 sys)
 *************************  iteration   1 begins here  *************************


 erlsolv/begin  +    0.00 =     560.4 seconds wall (    0.00 usr    0.00 sys)
 PERLSOLV: kpp-copmatible version

 erlsolv/schroed+    0.07 =     560.5 seconds wall (    0.06 usr    0.00 sys)

 erlsolv/pop    +    0.00 =     560.5 seconds wall (    0.00 usr    0.00 sys)

 erlsolv/dmat compute+    0.00 =     560.5 seconds wall (    0.00 usr    0.00 sys)

 erlsolv/dmat compute+    0.01 =     560.5 seconds wall (    0.00 usr    0.00 sys)

 erlsolv/rhoij  +    0.00 =     560.5 seconds wall (    0.00 usr    0.00 sys)

 spin-up fermi level =   -0.263613 Ry,   gap(0K)= 0.356495 Ry = 4.850 eV
 spin-dn fermi level =   -0.472551 Ry,   gap(0K)= 0.026123 Ry = 0.355 eV

 k-vector:                  1
  weight:               1.000000
            level/UP/occup       level/DN/occup
  
    1    -1.928561  1.0000    -1.928561  1.0000
    2    -1.921543  1.0000    -1.921543  1.0000
    3    -1.837507  1.0000    -1.837507  1.0000
    4    -1.831676  1.0000    -1.831676  1.0000
             ...      ...         ...      ...
   36    -0.719973  1.0000    -0.719973  1.0000
   37    -0.706748  1.0000    -0.706748  1.0000
   38    -0.705488  1.0000    -0.705488  1.0000
   39    -0.704918  1.0000    -0.704918  1.0000
   40    -0.699757  1.0000    -0.699757  1.0000
   41    -0.691933  1.0000    -0.691933  1.0000
   42    -0.682900  1.0000    -0.682900  1.0000
   43    -0.661388  1.0000    -0.661388  1.0000
   44    -0.641553  1.0000    -0.641553  1.0000
   45    -0.621206  1.0000    -0.621206  1.0000
   46    -0.613164  1.0000    -0.613164  1.0000
   47    -0.600535  1.0000    -0.600535  1.0000
   48    -0.586076  1.0000    -0.586076  1.0000
   49    -0.576275  1.0000    -0.576275  1.0000
   50    -0.567744  1.0000    -0.567744  0.9999
   51    -0.544443  1.0000    -0.544443  0.9992
   52    -0.538055  1.0000    -0.538055  0.9986
   53    -0.484357  1.0000    -0.484357  0.7651
   54    -0.458234  1.0000    -0.458234  0.1928
   55    -0.441861  1.0000    -0.441861  0.0444
   56    -0.085365  0.0000    -0.085365  0.0000
   57    -0.008691  0.0000    -0.008691  0.0000
   58     0.002523  0.0000     0.002523  0.0000
   59     0.021699  0.0000     0.021699  0.0000
   60     0.037297  0.0000     0.037297  0.0000
   61     0.051455  0.0000     0.051455  0.0000
   62     0.060587  0.0000     0.060587  0.0000
   63     0.080289  0.0000     0.080289  0.0000
             ...      ...         ...      ...
  200     2.768077  0.0000     2.768077  0.0000
  
 delta movement in up-elecs =        6.8666912220
 delta movement in dn-elecs =        6.6818860809
 delta movement in electrons =       12.8955490073

 one-center local charge defect =         0.05232154

 one-center local charge defect =         0.04990871

 LMCC local dipole, |dip|=        3.6710942644
 Using LMCC treatment of supercell electrostatics
 DBG/LMCCINT, esns diagnostics redone
 LMCC chemical potential shift(Ry,eV)=        0.0000117663        0.0001600897
 LMCC esns total grid integral=        1.3594435050
  
 grid-integrated up-density total =       54.9426928618
 grid-integrated dn-density total =       52.9451066854
 grid-integrated valence-density total =      107.8877995473
  
 TOTAL single particle eigenvalue sum=      -103.3967945492
  
 rms,max scfchange=  1.2431D-02  5.5183D-01 for component#    154114
 electronic meth_bl(BROYDEN)=           1
>>>>> Broyden: first step (elec) simple blend ratio= 0.300000
<<<<< Broyden step complete, scf step=     1

 After blending   +   13.40 =     573.9 seconds wall (    6.21 usr    1.48 sys)
  
 *************************  iteration   2 begins here  *************************


 erlsolv/begin  +    0.00 =     573.9 seconds wall (    0.00 usr    0.00 sys)
 PERLSOLV: kpp-copmatible version

 erlsolv/schroed+    0.06 =     574.0 seconds wall (    0.05 usr    0.01 sys)

 erlsolv/pop    +    0.00 =     574.0 seconds wall (    0.00 usr    0.00 sys)

 erlsolv/dmat compute+    0.00 =     574.0 seconds wall (    0.00 usr    0.00 sys)

 erlsolv/dmat compute+    0.01 =     574.0 seconds wall (    0.00 usr    0.00 sys)

 erlsolv/rhoij  +    0.01 =     574.0 seconds wall (    0.00 usr    0.00 sys)

 spin-up fermi level =   -0.279959 Ry,   gap(0K)= 0.337367 Ry = 4.590 eV
 spin-dn fermi level =   -0.464348 Ry,   gap(0K)= 0.038674 Ry = 0.526 eV
  
 delta movement in up-elecs =        5.7768370725
 delta movement in dn-elecs =        5.5059080272
 delta movement in electrons =       10.6647230760

 one-center local charge defect =         0.05150516

 one-center local charge defect =         0.04850381

 LMCC local dipole, |dip|=        1.9406146420
 Using LMCC treatment of supercell electrostatics
 DBG/LMCCINT, esns diagnostics redone
 LMCC chemical potential shift(Ry,eV)=        0.0000032615        0.0000443752
 LMCC esns total grid integral=        0.6226795706
  
 grid-integrated up-density total =       54.9436182649
 grid-integrated dn-density total =       52.9466240361
 grid-integrated valence-density total =      107.8902423010
  
 TOTAL single particle eigenvalue sum=      -100.0392512783
  
 rms,max scfchange=  4.8035D-03  2.4287D-01 for component#    118682
 electronic meth_bl(BROYDEN)=           1
>>>>> Broyden blend to get next step - elec
<<<<< Broyden step complete, scf step=     2

 After blending   +   12.37 =     586.4 seconds wall (    5.75 usr    1.52 sys)
  
 *************************  iteration   3 begins here  *************************


 erlsolv/begin  +    0.00 =     586.4 seconds wall (    0.00 usr    0.00 sys)
 PERLSOLV: kpp-copmatible version

 erlsolv/schroed+    0.06 =     586.5 seconds wall (    0.05 usr    0.01 sys)

 erlsolv/pop    +    0.00 =     586.5 seconds wall (    0.00 usr    0.00 sys)

 erlsolv/dmat compute+    0.00 =     586.5 seconds wall (    0.00 usr    0.00 sys)

 erlsolv/dmat compute+    0.01 =     586.5 seconds wall (    0.00 usr    0.00 sys)

 erlsolv/rhoij  +    0.00 =     586.5 seconds wall (    0.00 usr    0.00 sys)

 spin-up fermi level =   -0.260545 Ry,   gap(0K)= 0.334967 Ry = 4.557 eV
 spin-dn fermi level =   -0.422612 Ry,   gap(0K)= 0.048510 Ry = 0.660 eV
  
 delta movement in up-elecs =        5.5941633671
 delta movement in dn-elecs =        5.6030087635
 delta movement in electrons =       10.4244665655

 one-center local charge defect =         0.05161367

 one-center local charge defect =         0.04920419

 LMCC local dipole, |dip|=        2.5240568622
 Using LMCC treatment of supercell electrostatics
 DBG/LMCCINT, esns diagnostics redone
 LMCC chemical potential shift(Ry,eV)=        0.0000061923        0.0000842510
 LMCC esns total grid integral=        0.5706254024
  
 grid-integrated up-density total =       54.9435557905
 grid-integrated dn-density total =       52.9459665101
 grid-integrated valence-density total =      107.8895223006
  
 TOTAL single particle eigenvalue sum=       -99.0410377258
  
 rms,max scfchange=  3.1130D-03  2.3494D-01 for component#      1033
 electronic meth_bl(BROYDEN)=           1
>>>>> Broyden blend to get next step - elec
<<<<< Broyden step complete, scf step=     3

 After blending   +   12.24 =     598.7 seconds wall (    5.83 usr    1.41 sys)
  
 *************************  iteration   4 begins here  *************************


 erlsolv/begin  +    0.15 =     598.9 seconds wall (    0.05 usr    0.00 sys)
 PERLSOLV: kpp-copmatible version

 erlsolv/schroed+    1.18 =     600.0 seconds wall (    0.97 usr    0.01 sys)

 erlsolv/pop    +    0.00 =     600.0 seconds wall (    0.00 usr    0.00 sys)

 erlsolv/dmat compute+    0.00 =     600.0 seconds wall (    0.00 usr    0.00 sys)

 erlsolv/dmat compute+    0.00 =     600.0 seconds wall (    0.00 usr    0.00 sys)

 erlsolv/rhoij  +    0.00 =     600.0 seconds wall (    0.00 usr    0.00 sys)

 spin-up fermi level =   -0.279179 Ry,   gap(0K)= 0.334716 Ry = 4.554 eV
 spin-dn fermi level =   -0.436410 Ry,   gap(0K)= 0.061628 Ry = 0.839 eV
  
 delta movement in up-elecs =        5.4978974683
 delta movement in dn-elecs =        5.4662543773
 delta movement in electrons =       10.1726705211

 one-center local charge defect =         0.05147336

 one-center local charge defect =         0.04876651

 LMCC local dipole, |dip|=        2.1812746799
 Using LMCC treatment of supercell electrostatics
 DBG/LMCCINT, esns diagnostics redone
 LMCC chemical potential shift(Ry,eV)=        0.0000047568        0.0000647195
 LMCC esns total grid integral=        0.4898246551
  
 grid-integrated up-density total =       54.9437146715
 grid-integrated dn-density total =       52.9464238746
 grid-integrated valence-density total =      107.8901385462
  
 TOTAL single particle eigenvalue sum=       -99.0327131418
  
 rms,max scfchange=  1.0482D-03  7.7493D-02 for component#      1033
 electronic meth_bl(BROYDEN)=           1
>>>>> Broyden blend to get next step - elec
<<<<< Broyden step complete, scf step=     4

 After blending   +   12.15 =     612.2 seconds wall (    6.23 usr    1.41 sys)
  
 *************************  iteration   5 begins here  *************************


 erlsolv/begin  +    0.06 =     612.2 seconds wall (    0.05 usr    0.00 sys)
 PERLSOLV: kpp-copmatible version

 erlsolv/schroed+    0.06 =     612.3 seconds wall (    0.05 usr    0.00 sys)

 erlsolv/pop    +    0.00 =     612.3 seconds wall (    0.00 usr    0.00 sys)

 erlsolv/dmat compute+    0.00 =     612.3 seconds wall (    0.00 usr    0.00 sys)

 erlsolv/dmat compute+    0.01 =     612.3 seconds wall (    0.00 usr    0.00 sys)

 erlsolv/rhoij  +    0.00 =     612.3 seconds wall (    0.00 usr    0.00 sys)

 spin-up fermi level =   -0.289096 Ry,   gap(0K)= 0.332092 Ry = 4.518 eV
 spin-dn fermi level =   -0.435356 Ry,   gap(0K)= 0.072964 Ry = 0.993 eV
  
 delta movement in up-elecs =        5.4849555553
 delta movement in dn-elecs =        5.4825481359
 delta movement in electrons =       10.1642284769

 one-center local charge defect =         0.05150520

 one-center local charge defect =         0.04875819

 LMCC local dipole, |dip|=        2.0858818749
 Using LMCC treatment of supercell electrostatics
 DBG/LMCCINT, esns diagnostics redone
 LMCC chemical potential shift(Ry,eV)=        0.0000042758        0.0000581752
 LMCC esns total grid integral=        0.4795178955
  
 grid-integrated up-density total =       54.9436919268
 grid-integrated dn-density total =       52.9464415074
 grid-integrated valence-density total =      107.8901334342
  
 TOTAL single particle eigenvalue sum=       -99.2590822575
  
 rms,max scfchange=  5.1308D-04  6.4153D-02 for component#      1033
 electronic meth_bl(BROYDEN)=           1
>>>>> Broyden blend to get next step - elec
<<<<< Broyden step complete, scf step=     5

 After blending   +   12.10 =     624.4 seconds wall (    5.85 usr    1.24 sys)
  
 *************************  iteration   6 begins here  *************************


 erlsolv/begin  +    0.00 =     624.4 seconds wall (    0.00 usr    0.00 sys)
 PERLSOLV: kpp-copmatible version

 erlsolv/schroed+    0.06 =     624.5 seconds wall (    0.05 usr    0.01 sys)

 erlsolv/pop    +    0.00 =     624.5 seconds wall (    0.00 usr    0.00 sys)

 erlsolv/dmat compute+    0.00 =     624.5 seconds wall (    0.00 usr    0.00 sys)

 erlsolv/dmat compute+    0.00 =     624.5 seconds wall (    0.00 usr    0.00 sys)

 erlsolv/rhoij  +    0.00 =     624.5 seconds wall (    0.00 usr    0.00 sys)

 spin-up fermi level =   -0.297875 Ry,   gap(0K)= 0.331338 Ry = 4.508 eV
 spin-dn fermi level =   -0.434830 Ry,   gap(0K)= 0.079969 Ry = 1.088 eV
  
 delta movement in up-elecs =        5.4787059197
 delta movement in dn-elecs =        5.4994813646
 delta movement in electrons =       10.1600138499

 one-center local charge defect =         0.05147944

 one-center local charge defect =         0.04867980

 LMCC local dipole, |dip|=        2.0077509064
 Using LMCC treatment of supercell electrostatics
 DBG/LMCCINT, esns diagnostics redone
 LMCC chemical potential shift(Ry,eV)=        0.0000039701        0.0000540162
 LMCC esns total grid integral=        0.4738766759
  
 grid-integrated up-density total =       54.9437248984
 grid-integrated dn-density total =       52.9465262117
 grid-integrated valence-density total =      107.8902511102
  
 TOTAL single particle eigenvalue sum=       -99.4362677811
  
 rms,max scfchange=  1.8216D-04  3.1304D-02 for component#      1033
 electronic meth_bl(BROYDEN)=           1
>>>>> Broyden blend to get next step - elec
<<<<< Broyden step complete, scf step=     6

 After blending   +   14.32 =     638.8 seconds wall (    6.04 usr    1.39 sys)
  
 *************************  iteration   7 begins here  *************************


 erlsolv/begin  +    0.05 =     638.9 seconds wall (    0.05 usr    0.00 sys)
 PERLSOLV: kpp-copmatible version

 erlsolv/schroed+    0.19 =     639.1 seconds wall (    0.18 usr    0.00 sys)

 erlsolv/pop    +    0.00 =     639.1 seconds wall (    0.00 usr    0.00 sys)

 erlsolv/dmat compute+    0.00 =     639.1 seconds wall (    0.00 usr    0.00 sys)

 erlsolv/dmat compute+    0.01 =     639.1 seconds wall (    0.00 usr    0.00 sys)

 erlsolv/rhoij  +    0.00 =     639.1 seconds wall (    0.00 usr    0.00 sys)

 spin-up fermi level =   -0.300342 Ry,   gap(0K)= 0.331739 Ry = 4.514 eV
 spin-dn fermi level =   -0.433653 Ry,   gap(0K)= 0.083360 Ry = 1.134 eV
  
 delta movement in up-elecs =        5.4777469867
 delta movement in dn-elecs =        5.5200022677
 delta movement in electrons =       10.1725073027

 one-center local charge defect =         0.05146302

 one-center local charge defect =         0.04868066

 LMCC local dipole, |dip|=        2.0363748256
 Using LMCC treatment of supercell electrostatics
 DBG/LMCCINT, esns diagnostics redone
 LMCC chemical potential shift(Ry,eV)=        0.0000041138        0.0000559711
 LMCC esns total grid integral=        0.4744775859
  
 grid-integrated up-density total =       54.9437438322
 grid-integrated dn-density total =       52.9465273035
 grid-integrated valence-density total =      107.8902711357
  
 TOTAL single particle eigenvalue sum=       -99.4813133824
  
 rms,max scfchange=  1.8870D-04  3.1150D-02 for component#      1033
 electronic meth_bl(BROYDEN)=           1
>>>>> Broyden blend to get next step - elec
<<<<< Broyden step complete, scf step=     7

 After blending   +   13.17 =     652.2 seconds wall (    6.02 usr    1.49 sys)
  
 *************************  iteration   8 begins here  *************************


 erlsolv/begin  +    0.00 =     652.2 seconds wall (    0.00 usr    0.00 sys)
 PERLSOLV: kpp-copmatible version

 erlsolv/schroed+    0.06 =     652.3 seconds wall (    0.06 usr    0.00 sys)

 erlsolv/pop    +    0.00 =     652.3 seconds wall (    0.00 usr    0.00 sys)

 erlsolv/dmat compute+    0.00 =     652.3 seconds wall (    0.00 usr    0.00 sys)

 erlsolv/dmat compute+    0.00 =     652.3 seconds wall (    0.00 usr    0.00 sys)

 erlsolv/rhoij  +    0.00 =     652.3 seconds wall (    0.00 usr    0.00 sys)

 spin-up fermi level =   -0.303368 Ry,   gap(0K)= 0.331743 Ry = 4.514 eV
 spin-dn fermi level =   -0.432644 Ry,   gap(0K)= 0.086386 Ry = 1.175 eV
  
 delta movement in up-elecs =        5.4779674063
 delta movement in dn-elecs =        5.5422407841
 delta movement in electrons =       10.1893605627

 one-center local charge defect =         0.05144283

 one-center local charge defect =         0.04868101

 LMCC local dipole, |dip|=        2.0344252342
 Using LMCC treatment of supercell electrostatics
 DBG/LMCCINT, esns diagnostics redone
 LMCC chemical potential shift(Ry,eV)=        0.0000041184        0.0000560344
 LMCC esns total grid integral=        0.4748010676
  
 grid-integrated up-density total =       54.9437664775
 grid-integrated dn-density total =       52.9465286042
 grid-integrated valence-density total =      107.8902950817
  
 TOTAL single particle eigenvalue sum=       -99.5413776755
  
 rms,max scfchange=  1.6073D-04  2.5704D-02 for component#      1033
 electronic meth_bl(BROYDEN)=           1
>>>>> Broyden blend to get next step - elec
<<<<< Broyden step complete, scf step=     8

 After blending   +   12.15 =     664.5 seconds wall (    6.63 usr    1.50 sys)
  
 *************************  iteration   9 begins here  *************************


 erlsolv/begin  +    0.13 =     664.6 seconds wall (    0.12 usr    0.00 sys)
 PERLSOLV: kpp-copmatible version

 erlsolv/schroed+    0.06 =     664.7 seconds wall (    0.05 usr    0.01 sys)

 erlsolv/pop    +    0.00 =     664.7 seconds wall (    0.00 usr    0.00 sys)

 erlsolv/dmat compute+    0.00 =     664.7 seconds wall (    0.00 usr    0.00 sys)

 erlsolv/dmat compute+    0.00 =     664.7 seconds wall (    0.00 usr    0.00 sys)

 erlsolv/rhoij  +    0.00 =     664.7 seconds wall (    0.00 usr    0.00 sys)

 spin-up fermi level =   -0.306953 Ry,   gap(0K)= 0.331087 Ry = 4.505 eV
 spin-dn fermi level =   -0.432332 Ry,   gap(0K)= 0.088666 Ry = 1.206 eV
  
 delta movement in up-elecs =        5.4826311190
 delta movement in dn-elecs =        5.5691594330
 delta movement in electrons =       10.2147335986

 one-center local charge defect =         0.05141202

 one-center local charge defect =         0.04868299

 LMCC local dipole, |dip|=        2.0322636475
 Using LMCC treatment of supercell electrostatics
 DBG/LMCCINT, esns diagnostics redone
 LMCC chemical potential shift(Ry,eV)=        0.0000041230        0.0000560965
 LMCC esns total grid integral=        0.4754920196
  
 grid-integrated up-density total =       54.9437996319
 grid-integrated dn-density total =       52.9465268131
 grid-integrated valence-density total =      107.8903264450
  
 TOTAL single particle eigenvalue sum=       -99.6264406760
  
 rms,max scfchange=  7.1539D-05  1.1298D-02 for component#      1033
 ######################  ENERGY ANALYSIS  #######################
    Spherical-atom es ENERGY correction =      -312.8540297198
    Full spherical atom trace ENERGY =         -154.0513553142
    Spherical-atom-Vxc trace ENERGY =           180.5957072802
    non-spherical es ENERGY =                     0.4755609313
    Total Exc ENERGY =                         -100.4519033720

    total kinetic trace ENERGY =          282.3828506800
    non-local ps-pot trace ENERGY =        38.0642260321
    total electrostatic ENERGY =         -606.2811935346
    Total Vxc ENERGY =                   -130.2762404961

    TOTAL ENERGY (Rydberg) =                   -386.2860201944

 ################################################################

 After blending   +   14.52 =     679.2 seconds wall (    5.49 usr    1.22 sys)
  
 >>>>> self-consistency achieved, iteration   9


 Final GAP(eV)=  4.5047 (up),  1.2064 (dn)

 spin-up fermi level =   -0.306953 Ry,   gap(0K)= 0.331087 Ry = 4.505 eV
 spin-dn fermi level =   -0.432332 Ry,   gap(0K)= 0.088666 Ry = 1.206 eV

 k-vector:                  1
  weight:               1.000000
            level/UP/occup       level/DN/occup
  
    1    -1.978102  1.0000    -1.975071  1.0000
    2    -1.945958  1.0000    -1.942094  1.0000
    3    -1.863102  1.0000    -1.853260  1.0000
    4    -1.821393  1.0000    -1.809692  1.0000
             ...      ...         ...      ...
   36    -0.683567  1.0000    -0.671693  1.0000
   37    -0.674716  1.0000    -0.668714  1.0000
   38    -0.672375  1.0000    -0.658971  1.0000
   39    -0.652430  1.0000    -0.639661  1.0000
   40    -0.637206  1.0000    -0.631945  1.0000
   41    -0.634652  1.0000    -0.630406  1.0000
   42    -0.631842  1.0000    -0.622603  1.0000
   43    -0.623173  1.0000    -0.619662  1.0000
   44    -0.620175  1.0000    -0.602074  1.0000
   45    -0.609916  1.0000    -0.582302  1.0000
   46    -0.597387  1.0000    -0.561471  1.0000
   47    -0.580730  1.0000    -0.549965  1.0000
   48    -0.573576  1.0000    -0.527784  0.9999
   49    -0.553280  1.0000    -0.507116  0.9994
   50    -0.530344  1.0000    -0.497656  0.9985
   51    -0.516757  1.0000    -0.493634  0.9978
   52    -0.511558  1.0000    -0.484625  0.9947
   53    -0.498555  1.0000    -0.479904  0.9915
   54    -0.485653  1.0000    -0.391239  0.0162
   55    -0.472496  1.0000    -0.370018  0.0020
   56    -0.141409  0.0000    -0.093534  0.0000
   57    -0.034609  0.0000    -0.033124  0.0000
   58    -0.026798  0.0000    -0.020203  0.0000
   59     0.001421  0.0000     0.011800  0.0000
   60     0.020927  0.0000     0.027648  0.0000
   61     0.041703  0.0000     0.043899  0.0000
   62     0.057878  0.0000     0.062274  0.0000
   63     0.077019  0.0000     0.083639  0.0000
             ...      ...         ...      ...
  200     2.783351  0.0000     2.787883  0.0000
  
 >>>>> grid delta-density saved to file

 FINAL CONVERGED ENERGY (Rydberg) =     -386.2860201944
 Binding energy =      -26.5570671944 Ry =           -361.3303 eV

 AFTER ITERATIONS +    0.18 =     679.4 seconds wall (    0.00 usr    0.03 sys)
 Atom  20   Z=  1.0   occ=  1.00   rho=  0.9972303411   core=  0.0000000000
     vxc(afs ):   -0.79394033  -0.76858177  -0.02535856
     exc(afs ):   -0.62628897  -0.60408534  -0.02220363

 atom xc0frc stress term=       83.3387208902
 mat0frc: stripe-parallel, KPSTORE= F
  
 total force contributions(Ry/bohr):
        atom       x force          y force          z force
          1      0.0000873992     0.0004682392     0.0002030251
          2      0.0004066414     0.0009364606     0.0002073750
          3      0.0001935284    -0.0005153406     0.0004007538
          4     -0.0004914905     0.0003992430    -0.0002876771
          5     -0.0001114782     0.0003809733    -0.0002902867
          6     -0.0002153723    -0.0001521663     0.0001959332
          7      0.0001980882    -0.0005446296     0.0006143255
          8      0.0002606678     0.0000194238    -0.0007838156
          9      0.0012212680    -0.0002142800     0.0002452274
         10      0.0001806246     0.0000095052     0.0001203836
         11     -0.0002659063    -0.0002456991    -0.0001443213
         12     -0.0002317336    -0.0000779652    -0.0000907004
         13      0.0000252378     0.0002609360    -0.0008276175
         14     -0.0001630593    -0.0000289011    -0.0000579293
         15     -0.0002227762     0.0001803226     0.0008622833
         16     -0.0000206738    -0.0002686580    -0.0000290251
         17     -0.0000483664     0.0000776613    -0.0002558112
         18     -0.0000312116     0.0004675228    -0.0000839993
         19     -0.0000829933     0.0005519171     0.0002035841
         20     -0.0000144971     0.0000122718    -0.0000490775
         21      0.0000408474    -0.0001506277    -0.0000709559
         22     -0.0000372072    -0.0000425492    -0.0000215495
         23      0.0000964381    -0.0002278772     0.0000095878
         24     -0.0001363018    -0.0009971214    -0.0007085231
         25     -0.0004300784    -0.0002332310    -0.0000100273
         26     -0.0001931017    -0.0000837368    -0.0000327688
         27     -0.0001003440    -0.0000947066     0.0000203978
         28     -0.0000907667    -0.0001585100    -0.0000099977
         29      0.0006982403     0.0008693326     0.0009681898
         30     -0.0000862801    -0.0002865958     0.0003826864
         31      0.0001855265     0.0005706887     0.0002458811
         32     -0.0000331112     0.0000219616     0.0000428409
         33      0.0000582572    -0.0000506575    -0.0000530087
         34      0.0000064619    -0.0000741322    -0.0000103258
         35      0.0000740237    -0.0000847838     0.0003629599
         36      0.0001024354    -0.0001649016     0.0001229891
         37      0.0000689695    -0.0001073029     0.0001606028
      f-defect        0.0008979059     0.0004220857     0.0015516086

 AFTER FORCE RTNS +    0.67 =     680.0 seconds wall (    0.56 usr    0.03 sys)
  
 >>>>> GSELECT begins, nslics=           0
 <<<<< GSELECT ends
 rms,max force=  5.9937D-04  1.4767D-03 for component#       29
 dynamics update step #           5
ASD: min/max mass factors=   0.3150   1.5874
 >>>>> GUPDATE begins, nslics=           0
 GUPDATE: Largest relax: atom#, dr(au)=    29    0.004827
 <<<<< GUPDATE ends

 ###############################################################################
   NEW GEOMETRY for step   6, of   6 total
atom, type, position;  step#      6
 AT1          Pt               -0.4317536077   -0.4370461088    0.7581169632 
 AT2          O                 3.1962348156   -0.5733614194    1.8609267059 
 AT3          O                -3.7650136725    0.0570292802   -0.9322330221 
 AT4          P                 4.8124712780    2.0907968546    1.9369442264 
 AT5          P                -4.4511716339   -2.8415365856   -1.8633311155 
 AT6          O                -7.5050772348   -2.8751952286   -2.3841714826 
 AT7          O                -3.6894216031   -4.7763112895    0.1038949957 
 AT8          O                 4.1457188659    3.3709349412   -0.8598667123 
 AT9          O                 7.6188507232    1.8551135114    2.3695546981 
 AT10         C                 3.3084933967    4.1521252918    4.2917210083 
 AT11         C                -2.9498465191   -3.5033318222   -4.9179517827 
 AT12         C                -3.7025199075   -6.1583815830   -5.8532266598 
 AT13         C                -0.0692679703   -3.5138788971   -4.5170977802 
 AT14         C                -3.6885096424   -1.5436189260   -6.9172189536 
 AT15         C                 0.5127269959    4.7106255604    3.8327367949 
 AT16         C                 3.7195413368    2.9307258180    6.9050630422 
 AT17         C                 4.7489777100    6.6667080497    4.2576018960 
 AT18         H                -8.2134552406   -1.3067887735   -1.6732691758 
 AT19         H                 4.9098550281    2.2168494275   -2.1048174062 
 AT20         H                -3.1062586629   -7.6535886474   -4.5223742284 
 AT21         H                -2.6576758773   -6.4016780107   -7.6534589516 
 AT22         H                -5.7394861645   -6.3281437573   -6.2716940455 
 AT23         H                 0.5680976522   -4.8957685909   -3.0953885848 
 AT24         H                 0.6770523774   -1.6499779510   -3.9857306800 
 AT25         H                 0.7972337942   -4.0061725132   -6.3333719128 
 AT26         H                -5.7381570097   -1.5880401205   -7.2742460461 
 AT27         H                -2.6712726223   -2.0503488863   -8.6654957092 
 AT28         H                -3.0878577326    0.3524292805   -6.3472790423 
 AT29         H                -0.6926848020    3.0101707407    3.8633624359 
 AT30         H                 0.2189214392    5.7915733057    2.0907516017 
 AT31         H                -0.2143864920    5.8744431809    5.3921227469 
 AT32         H                 2.6150601056    1.1973856038    7.2101651118 
 AT33         H                 3.0681763861    4.3611401192    8.2686794996 
 AT34         H                 5.7372781166    2.5631652473    7.2558639499 
 AT35         H                 4.4447227993    7.7330424610    2.5153779007 
 AT36         H                 6.7799439745    6.3586214285    4.4845976224 
 AT37         H                 4.0380404301    7.8004080128    5.8417683902 
 ###############################################################################

 After geometry   +    0.18 =     680.2 seconds wall (    0.00 usr    0.00 sys)
  
 LATVEC: nlat1c,nlat2c,nlat =           1           1           1

  Atom
  Type  Shell  Min-alf     range
    1        0.129289   8.279963
    2        0.102474   9.300415
    3        0.143749   7.852478
    4        0.078997  10.592631
    5        0.095999   9.608947
    6        0.073120  11.010095
 Turnover EF->DM npopdm, npop0k=          88          55
 DEV264h/wkmem: perlsolv dist-mem
 DEV/wkmem: KPSTORE= F
 DEV/wkmem: psolv version, input do_psolv= F

 Need       21250-length r*4 array to pack grid wfcns/box
 Need      312125-length r*4 array to pack all grid wfcns
 Need       25000-length r*4 array for grid wfcns scratch
 WKMEM: using stripe-parallel+Merge  setup
 Minimum maxwkd for scf to complete=    29376447
 All grid wfcns stored in    156063 of 194817057 available
 WKMEM: in-core Broyden! uses    211770 out of 194660994 available
 >>>>> geom/basis data saved to file
  
 Atom type   1  radial valence charge =    5.999995363882
 Atom type   1      xc valence charge =    6.499995360087
  
 Atom type   2  radial valence charge =    0.999999985299
  
 Atom type   3  radial valence charge =    3.999996877569
  
 Atom type   4  radial valence charge =    9.999999976019
  
 Atom type   5  radial valence charge =    4.999999641069
  
 Atom type   6  radial valence charge =    3.999999473876
 mat0set: stripe-parallel, KPSTORE= F

   sij compute    +    0.01 =     680.2 seconds wall (    0.01 usr    0.00 sys)

   sij/nlat-bcast +    0.03 =     680.3 seconds wall (    0.03 usr    0.00 sys)

   vlocmat compute+    0.70 =     681.0 seconds wall (    0.37 usr    0.00 sys)

   vlocmii compute+    0.01 =     681.0 seconds wall (    0.01 usr    0.00 sys)

   nlocmat compute+    0.08 =     681.0 seconds wall (    0.08 usr    0.00 sys)
 NLOCMAT: Max neqilat=           1

 After mat0set    +    0.01 =     681.1 seconds wall (    0.00 usr    0.00 sys)
 Atom   1   Z= 10.0   occ= 10.00   rho=  9.9988995528   core=  0.0000000000
     vxc(afsw):  -11.08920483 -10.00458425  -1.08462058  -0.00003190
     exc(afsw):   -8.56909054  -7.67447193  -0.89461861  -0.00002450
 Atom   2   Z=  6.0   occ=  6.00   rho=  5.9928632507   core=  0.0000000000
                               rho(xc)=  6.4928631948
     vxc(afsw):   -8.99317627  -8.72571666  -0.26745962  -0.00017919
     exc(afsw):   -6.96537880  -6.73675121  -0.22862759  -0.00014415
 Atom   3   Z=  6.0   occ=  6.00   rho=  5.9876442395   core=  0.0000000000
                               rho(xc)=  6.4876441752
     vxc(afsw):   -8.95315960  -8.68565630  -0.26750330  -0.00031037
     exc(afsw):   -6.95907318  -6.73039817  -0.22867501  -0.00024973
 Atom   6   Z=  6.0   occ=  6.00   rho=  5.9884649985   core=  0.0000000000
                               rho(xc)=  6.4884649350
     vxc(afsw):   -8.96568203  -8.69818385  -0.26749818  -0.00028974
     exc(afsw):   -6.96047803  -6.73181048  -0.22866756  -0.00023312
 Atom   7   Z=  6.0   occ=  6.00   rho=  5.9943756367   core=  0.0000000000
                               rho(xc)=  6.4943755625
     vxc(afsw):   -8.99804507  -8.73060083  -0.26744424  -0.00014120
     exc(afsw):   -6.96692207  -6.73830877  -0.22861330  -0.00011358
 Atom   8   Z=  6.0   occ=  6.00   rho=  5.9935144673   core=  0.0000000000
                               rho(xc)=  6.4935143872
     vxc(afsw):   -8.99376141  -8.72630729  -0.26745413  -0.00016284
     exc(afsw):   -6.96621879  -6.73759759  -0.22862120  -0.00013099
 Atom   9   Z=  6.0   occ=  6.00   rho=  5.9914235634   core=  0.0000000000
                               rho(xc)=  6.4914234821
     vxc(afsw):   -8.98716891  -8.71970136  -0.26746755  -0.00021535
     exc(afsw):   -6.96387295  -6.73523151  -0.22864144  -0.00017325
 Atom  10   Z=  4.0   occ=  4.00   rho=  3.9976633374   core=  0.0000000000
     vxc(afsw):   -3.88245471  -3.65951229  -0.22294242  -0.00005330
     exc(afsw):   -3.00446718  -2.81323560  -0.19123158  -0.00004105
 Atom  11   Z=  4.0   occ=  4.00   rho=  4.0024217612   core=  0.0000000000
     vxc(afsw):   -3.90127067  -3.67835841  -0.22291227   0.00005500
     exc(afsw):   -3.00761419  -2.81640221  -0.19121197   0.00004232
 Atom  13   Z=  4.0   occ=  4.00   rho=  4.0011550817   core=  0.0000000000
     vxc(afsw):   -3.88958576  -3.66667900  -0.22290676   0.00002626
     exc(afsw):   -3.00702837  -2.81581032  -0.19121805   0.00002022
 Atom  15   Z=  4.0   occ=  4.00   rho=  3.9975416546   core=  0.0000000000
     vxc(afsw):   -3.88214900  -3.65920581  -0.22294319  -0.00005608
     exc(afsw):   -3.00433674  -2.81310469  -0.19123205  -0.00004319
 Atom  17   Z=  4.0   occ=  4.00   rho=  3.9981106611   core=  0.0000000000
     vxc(afsw):   -3.88165926  -3.65872260  -0.22293665  -0.00004308
     exc(afsw):   -3.00498630  -2.81375633  -0.19122997  -0.00003318
 Atom  18   Z=  1.0   occ=  1.00   rho=  0.9972269769   core=  0.0000000000
     vxc(afsw):   -0.79362501  -0.76826602  -0.02535900  -0.00003892
     exc(afsw):   -0.62629423  -0.60409047  -0.02220376  -0.00003282
 Atom  19   Z=  1.0   occ=  1.00   rho=  0.9967183356   core=  0.0000000000
     vxc(afsw):   -0.79196005  -0.76660157  -0.02535848  -0.00004603
     exc(afsw):   -0.62545227  -0.60324816  -0.02220411  -0.00003881
 Atom  20   Z=  1.0   occ=  1.00   rho=  0.9972320299   core=  0.0000000000
     vxc(afsw):   -0.79394647  -0.76858791  -0.02535856  -0.00003888
     exc(afsw):   -0.62629174  -0.60408811  -0.02220363  -0.00003279
 Atom  21   Z=  1.0   occ=  1.00   rho=  0.9975924489   core=  0.0000000000
     vxc(afsw):   -0.79528257  -0.76992391  -0.02535866  -0.00003383
     exc(afsw):   -0.62688169  -0.60467837  -0.02220332  -0.00002853
 Atom  22   Z=  1.0   occ=  1.00   rho=  0.9972412179   core=  0.0000000000
     vxc(afsw):   -0.79378823  -0.76842936  -0.02535887  -0.00003872
     exc(afsw):   -0.62631410  -0.60411040  -0.02220371  -0.00003265
 Atom  23   Z=  1.0   occ=  1.00   rho=  0.9974618560   core=  0.0000000000
     vxc(afsw):   -0.79452291  -0.76916386  -0.02535905  -0.00003564
     exc(afsw):   -0.62667847  -0.60447492  -0.02220355  -0.00003006
 Atom  24   Z=  1.0   occ=  1.00   rho=  0.9958677986   core=  0.0000000000
     vxc(afsw):   -0.78933287  -0.76397551  -0.02535736  -0.00005788
     exc(afsw):   -0.62403904  -0.60183442  -0.02220462  -0.00004881
 Atom  25   Z=  1.0   occ=  1.00   rho=  0.9965734375   core=  0.0000000000
     vxc(afsw):   -0.79152721  -0.76616893  -0.02535828  -0.00004806
     exc(afsw):   -0.62521109  -0.60300690  -0.02220419  -0.00004053
 Atom  26   Z=  1.0   occ=  1.00   rho=  0.9972242062   core=  0.0000000000
     vxc(afsw):   -0.79371835  -0.76835948  -0.02535887  -0.00003897
     exc(afsw):   -0.62628637  -0.60408265  -0.02220372  -0.00003286
 Atom  27   Z=  1.0   occ=  1.00   rho=  0.9968793543   core=  0.0000000000
     vxc(afsw):   -0.79260891  -0.76725041  -0.02535850  -0.00004379
     exc(afsw):   -0.62571506  -0.60351111  -0.02220395  -0.00003693
 Atom  28   Z=  1.0   occ=  1.00   rho=  0.9970904880   core=  0.0000000000
     vxc(afsw):   -0.79324834  -0.76788957  -0.02535877  -0.00004084
     exc(afsw):   -0.62606604  -0.60386222  -0.02220383  -0.00003444
 Atom  29   Z=  1.0   occ=  1.00   rho=  0.9970624407   core=  0.0000000000
     vxc(afsw):   -0.79312067  -0.76776188  -0.02535879  -0.00004123
     exc(afsw):   -0.62602082  -0.60381696  -0.02220386  -0.00003477
 Atom  30   Z=  1.0   occ=  1.00   rho=  0.9962560679   core=  0.0000000000
     vxc(afsw):   -0.79054146  -0.76518359  -0.02535787  -0.00005250
     exc(afsw):   -0.62468394  -0.60247956  -0.02220438  -0.00004427
 Atom  31   Z=  1.0   occ=  1.00   rho=  0.9958552094   core=  0.0000000000
     vxc(afsw):   -0.78929447  -0.76393712  -0.02535735  -0.00005806
     exc(afsw):   -0.62401810  -0.60181348  -0.02220462  -0.00004896
 Atom  32   Z=  1.0   occ=  1.00   rho=  0.9962703257   core=  0.0000000000
     vxc(afsw):   -0.79061175  -0.76525389  -0.02535786  -0.00005231
     exc(afsw):   -0.62470683  -0.60250247  -0.02220436  -0.00004412
 Atom  33   Z=  1.0   occ=  1.00   rho=  0.9969941656   core=  0.0000000000
     vxc(afsw):   -0.79302739  -0.76766883  -0.02535855  -0.00004220
     exc(afsw):   -0.62590359  -0.60369973  -0.02220386  -0.00003559
 Atom  34   Z=  1.0   occ=  1.00   rho=  0.9969417595   core=  0.0000000000
     vxc(afsw):   -0.79266455  -0.76730581  -0.02535875  -0.00004291
     exc(afsw):   -0.62582300  -0.60361903  -0.02220397  -0.00003618
 Atom  35   Z=  1.0   occ=  1.00   rho=  0.9961490629   core=  0.0000000000
     vxc(afsw):   -0.79019770  -0.76483995  -0.02535775  -0.00005397
     exc(afsw):   -0.62450654  -0.60230209  -0.02220445  -0.00004551
 Atom  36   Z=  1.0   occ=  1.00   rho=  0.9960026800   core=  0.0000000000
     vxc(afsw):   -0.78975548  -0.76439794  -0.02535754  -0.00005603
     exc(afsw):   -0.62426300  -0.60205847  -0.02220453  -0.00004725
 Atom  37   Z=  1.0   occ=  1.00   rho=  0.9964945711   core=  0.0000000000
     vxc(afsw):   -0.79134477  -0.76598667  -0.02535810  -0.00004918
     exc(afsw):   -0.62507818  -0.60287396  -0.02220421  -0.00004148
 ***** CAUTION: grid fineness questionable

 grid0xc compute+    0.30 =     681.4 seconds wall (    0.30 usr    0.00 sys)

 grid0xc Merge  +    0.07 =     681.4 seconds wall (    0.00 usr    0.07 sys)

 grid0xc Bcast  +    0.17 =     681.6 seconds wall (    0.17 usr    0.00 sys)


 AFTER SETUP PHASE+    5.40 =     687.0 seconds wall (    0.27 usr    0.55 sys)

  
 *************************  iteration   0 begins here  *************************


 Before iterations+    0.04 =     687.1 seconds wall (    0.03 usr    0.01 sys)
  
 grid-integrated up-density total =       53.9568486285
 grid-integrated dn-density total =       53.9568486285
 grid-integrated valence-density total =      107.9136972569
 Harris Fcnal XC piece=       29.2770129923
  
  

 After 0 iteration+    0.83 =     687.9 seconds wall (    0.58 usr    0.09 sys)
 *************************  iteration   1 begins here  *************************


 erlsolv/begin  +    0.20 =     688.1 seconds wall (    0.19 usr    0.00 sys)
 PERLSOLV: kpp-copmatible version

 erlsolv/schroed+    0.07 =     688.1 seconds wall (    0.06 usr    0.00 sys)

 erlsolv/pop    +    0.00 =     688.1 seconds wall (    0.00 usr    0.00 sys)

 erlsolv/dmat compute+    0.00 =     688.1 seconds wall (    0.00 usr    0.00 sys)

 erlsolv/dmat compute+    0.01 =     688.1 seconds wall (    0.00 usr    0.00 sys)

 erlsolv/rhoij  +    0.00 =     688.2 seconds wall (    0.00 usr    0.00 sys)

 spin-up fermi level =   -0.263640 Ry,   gap(0K)= 0.356524 Ry = 4.851 eV
 spin-dn fermi level =   -0.472620 Ry,   gap(0K)= 0.026107 Ry = 0.355 eV

 k-vector:                  1
  weight:               1.000000
            level/UP/occup       level/DN/occup
  
    1    -1.928497  1.0000    -1.928497  1.0000
    2    -1.921403  1.0000    -1.921403  1.0000
    3    -1.837411  1.0000    -1.837411  1.0000
    4    -1.831490  1.0000    -1.831490  1.0000
             ...      ...         ...      ...
   36    -0.719992  1.0000    -0.719992  1.0000
   37    -0.706898  1.0000    -0.706898  1.0000
   38    -0.705397  1.0000    -0.705397  1.0000
   39    -0.704805  1.0000    -0.704805  1.0000
   40    -0.699880  1.0000    -0.699880  1.0000
   41    -0.691941  1.0000    -0.691941  1.0000
   42    -0.682841  1.0000    -0.682841  1.0000
   43    -0.661338  1.0000    -0.661338  1.0000
   44    -0.641477  1.0000    -0.641477  1.0000
   45    -0.621140  1.0000    -0.621140  1.0000
   46    -0.613083  1.0000    -0.613083  1.0000
   47    -0.600475  1.0000    -0.600475  1.0000
   48    -0.586027  1.0000    -0.586027  1.0000
   49    -0.576256  1.0000    -0.576256  1.0000
   50    -0.567725  1.0000    -0.567725  0.9999
   51    -0.544458  1.0000    -0.544458  0.9992
   52    -0.538090  1.0000    -0.538090  0.9986
   53    -0.484423  1.0000    -0.484423  0.7650
   54    -0.458316  1.0000    -0.458316  0.1930
   55    -0.441902  1.0000    -0.441902  0.0443
   56    -0.085378  0.0000    -0.085378  0.0000
   57    -0.008646  0.0000    -0.008646  0.0000
   58     0.002518  0.0000     0.002518  0.0000
   59     0.021715  0.0000     0.021715  0.0000
   60     0.037271  0.0000     0.037271  0.0000
   61     0.051464  0.0000     0.051464  0.0000
   62     0.060594  0.0000     0.060594  0.0000
   63     0.080258  0.0000     0.080258  0.0000
             ...      ...         ...      ...
  200     2.768188  0.0000     2.768188  0.0000
  
 delta movement in up-elecs =        6.8672764026
 delta movement in dn-elecs =        6.6830207767
 delta movement in electrons =       12.8971172545

 one-center local charge defect =         0.05236631

 one-center local charge defect =         0.04995337

 LMCC local dipole, |dip|=        3.6734270495
 Using LMCC treatment of supercell electrostatics
 DBG/LMCCINT, esns diagnostics redone
 LMCC chemical potential shift(Ry,eV)=        0.0000117889        0.0001603977
 LMCC esns total grid integral=        1.3599330803
  
 grid-integrated up-density total =       54.9426391072
 grid-integrated dn-density total =       52.9450530310
 grid-integrated valence-density total =      107.8876921382
  
 TOTAL single particle eigenvalue sum=      -103.3981230057
  
 rms,max scfchange=  1.2434D-02  5.5190D-01 for component#    154114
 electronic meth_bl(BROYDEN)=           1
>>>>> Broyden: first step (elec) simple blend ratio= 0.300000
<<<<< Broyden step complete, scf step=     1

 After blending   +   14.23 =     702.4 seconds wall (    5.81 usr    1.44 sys)
  
 *************************  iteration   2 begins here  *************************


 erlsolv/begin  +    0.04 =     702.4 seconds wall (    0.00 usr    0.00 sys)
 PERLSOLV: kpp-copmatible version

 erlsolv/schroed+    0.06 =     702.5 seconds wall (    0.05 usr    0.01 sys)

 erlsolv/pop    +    0.00 =     702.5 seconds wall (    0.00 usr    0.00 sys)

 erlsolv/dmat compute+    0.00 =     702.5 seconds wall (    0.00 usr    0.00 sys)

 erlsolv/dmat compute+    0.00 =     702.5 seconds wall (    0.00 usr    0.00 sys)

 erlsolv/rhoij  +    0.00 =     702.5 seconds wall (    0.00 usr    0.00 sys)

 spin-up fermi level =   -0.280045 Ry,   gap(0K)= 0.337367 Ry = 4.590 eV
 spin-dn fermi level =   -0.464378 Ry,   gap(0K)= 0.038607 Ry = 0.525 eV
  
 delta movement in up-elecs =        5.7773163884
 delta movement in dn-elecs =        5.5061086776
 delta movement in electrons =       10.6662520489

 one-center local charge defect =         0.05155419

 one-center local charge defect =         0.04854958

 LMCC local dipole, |dip|=        1.9348426287
 Using LMCC treatment of supercell electrostatics
 DBG/LMCCINT, esns diagnostics redone
 LMCC chemical potential shift(Ry,eV)=        0.0000032297        0.0000439424
 LMCC esns total grid integral=        0.6231943219
  
 grid-integrated up-density total =       54.9435603770
 grid-integrated dn-density total =       52.9465694043
 grid-integrated valence-density total =      107.8901297813
  
 TOTAL single particle eigenvalue sum=      -100.0414485537
  
 rms,max scfchange=  4.8196D-03  2.4438D-01 for component#    118682
 electronic meth_bl(BROYDEN)=           1
>>>>> Broyden blend to get next step - elec
<<<<< Broyden step complete, scf step=     2

 After blending   +   11.69 =     714.2 seconds wall (    5.96 usr    1.49 sys)
  
 *************************  iteration   3 begins here  *************************


 erlsolv/begin  +    0.01 =     714.2 seconds wall (    0.00 usr    0.00 sys)
 PERLSOLV: kpp-copmatible version

 erlsolv/schroed+    0.05 =     714.2 seconds wall (    0.05 usr    0.00 sys)

 erlsolv/pop    +    0.00 =     714.2 seconds wall (    0.00 usr    0.00 sys)

 erlsolv/dmat compute+    0.00 =     714.3 seconds wall (    0.00 usr    0.00 sys)

 erlsolv/dmat compute+    0.00 =     714.3 seconds wall (    0.00 usr    0.00 sys)

 erlsolv/rhoij  +    0.00 =     714.3 seconds wall (    0.00 usr    0.00 sys)

 spin-up fermi level =   -0.260495 Ry,   gap(0K)= 0.334920 Ry = 4.557 eV
 spin-dn fermi level =   -0.422502 Ry,   gap(0K)= 0.048437 Ry = 0.659 eV
  
 delta movement in up-elecs =        5.5948654915
 delta movement in dn-elecs =        5.6049885721
 delta movement in electrons =       10.4267841163

 one-center local charge defect =         0.05166341

 one-center local charge defect =         0.04925767

 LMCC local dipole, |dip|=        2.5309390185
 Using LMCC treatment of supercell electrostatics
 DBG/LMCCINT, esns diagnostics redone
 LMCC chemical potential shift(Ry,eV)=        0.0000062363        0.0000848496
 LMCC esns total grid integral=        0.5714729506
  
 grid-integrated up-density total =       54.9434971416
 grid-integrated dn-density total =       52.9459042725
 grid-integrated valence-density total =      107.8894014141
  
 TOTAL single particle eigenvalue sum=       -99.0430623685
  
 rms,max scfchange=  3.1334D-03  2.3670D-01 for component#      1033
 electronic meth_bl(BROYDEN)=           1
>>>>> Broyden blend to get next step - elec
<<<<< Broyden step complete, scf step=     3

 After blending   +   13.13 =     727.4 seconds wall (    5.79 usr    1.18 sys)
  
 *************************  iteration   4 begins here  *************************


 erlsolv/begin  +    0.00 =     727.4 seconds wall (    0.00 usr    0.00 sys)
 PERLSOLV: kpp-copmatible version

 erlsolv/schroed+    0.08 =     727.5 seconds wall (    0.05 usr    0.00 sys)

 erlsolv/pop    +    0.00 =     727.5 seconds wall (    0.00 usr    0.00 sys)

 erlsolv/dmat compute+    0.00 =     727.5 seconds wall (    0.00 usr    0.00 sys)

 erlsolv/dmat compute+    0.00 =     727.5 seconds wall (    0.00 usr    0.00 sys)

 erlsolv/rhoij  +    0.00 =     727.5 seconds wall (    0.00 usr    0.00 sys)

 spin-up fermi level =   -0.279231 Ry,   gap(0K)= 0.334729 Ry = 4.554 eV
 spin-dn fermi level =   -0.436436 Ry,   gap(0K)= 0.061604 Ry = 0.838 eV
  
 delta movement in up-elecs =        5.4980664484
 delta movement in dn-elecs =        5.4671187783
 delta movement in electrons =       10.1737198748

 one-center local charge defect =         0.05152227

 one-center local charge defect =         0.04881796

 LMCC local dipole, |dip|=        2.1860491439
 Using LMCC treatment of supercell electrostatics
 DBG/LMCCINT, esns diagnostics redone
 LMCC chemical potential shift(Ry,eV)=        0.0000047799        0.0000650343
 LMCC esns total grid integral=        0.4900730912
  
 grid-integrated up-density total =       54.9436571866
 grid-integrated dn-density total =       52.9463639838
 grid-integrated valence-density total =      107.8900211703
  
 TOTAL single particle eigenvalue sum=       -99.0355596379
  
 rms,max scfchange=  1.0587D-03  7.8272D-02 for component#      1033
 electronic meth_bl(BROYDEN)=           1
>>>>> Broyden blend to get next step - elec
<<<<< Broyden step complete, scf step=     4

 After blending   +   10.81 =     738.3 seconds wall (    5.82 usr    1.36 sys)
  
 *************************  iteration   5 begins here  *************************


 erlsolv/begin  +    0.00 =     738.3 seconds wall (    0.00 usr    0.00 sys)
 PERLSOLV: kpp-copmatible version

 erlsolv/schroed+    0.06 =     738.3 seconds wall (    0.05 usr    0.01 sys)

 erlsolv/pop    +    0.00 =     738.3 seconds wall (    0.00 usr    0.00 sys)

 erlsolv/dmat compute+    0.00 =     738.4 seconds wall (    0.00 usr    0.00 sys)

 erlsolv/dmat compute+    0.01 =     738.4 seconds wall (    0.00 usr    0.00 sys)

 erlsolv/rhoij  +    0.00 =     738.4 seconds wall (    0.00 usr    0.00 sys)

 spin-up fermi level =   -0.289197 Ry,   gap(0K)= 0.332087 Ry = 4.518 eV
 spin-dn fermi level =   -0.435434 Ry,   gap(0K)= 0.072915 Ry = 0.992 eV
  
 delta movement in up-elecs =        5.4850787042
 delta movement in dn-elecs =        5.4829453386
 delta movement in electrons =       10.1649965995

 one-center local charge defect =         0.05155387

 one-center local charge defect =         0.04880908

 LMCC local dipole, |dip|=        2.0877625419
 Using LMCC treatment of supercell electrostatics
 DBG/LMCCINT, esns diagnostics redone
 LMCC chemical potential shift(Ry,eV)=        0.0000042826        0.0000582682
 LMCC esns total grid integral=        0.4796214214
  
 grid-integrated up-density total =       54.9436352518
 grid-integrated dn-density total =       52.9463820601
 grid-integrated valence-density total =      107.8900173119
  
 TOTAL single particle eigenvalue sum=       -99.2630477502
  
 rms,max scfchange=  5.1422D-04  6.4334D-02 for component#      1033
 electronic meth_bl(BROYDEN)=           1
>>>>> Broyden blend to get next step - elec
<<<<< Broyden step complete, scf step=     5

 After blending   +   11.90 =     750.3 seconds wall (    6.09 usr    1.51 sys)
  
 *************************  iteration   6 begins here  *************************


 erlsolv/begin  +    0.02 =     750.3 seconds wall (    0.01 usr    0.00 sys)
 PERLSOLV: kpp-copmatible version

 erlsolv/schroed+    0.06 =     750.3 seconds wall (    0.05 usr    0.01 sys)

 erlsolv/pop    +    0.00 =     750.3 seconds wall (    0.00 usr    0.00 sys)

 erlsolv/dmat compute+    0.00 =     750.3 seconds wall (    0.00 usr    0.00 sys)

 erlsolv/dmat compute+    0.00 =     750.3 seconds wall (    0.00 usr    0.00 sys)

 erlsolv/rhoij  +    0.00 =     750.3 seconds wall (    0.00 usr    0.00 sys)

 spin-up fermi level =   -0.298014 Ry,   gap(0K)= 0.331314 Ry = 4.508 eV
 spin-dn fermi level =   -0.434908 Ry,   gap(0K)= 0.079897 Ry = 1.087 eV
  
 delta movement in up-elecs =        5.4788409901
 delta movement in dn-elecs =        5.4997398053
 delta movement in electrons =       10.1607201409

 one-center local charge defect =         0.05152766

 one-center local charge defect =         0.04873052

 LMCC local dipole, |dip|=        2.0090142968
 Using LMCC treatment of supercell electrostatics
 DBG/LMCCINT, esns diagnostics redone
 LMCC chemical potential shift(Ry,eV)=        0.0000039746        0.0000540778
 LMCC esns total grid integral=        0.4739373108
  
 grid-integrated up-density total =       54.9436682367
 grid-integrated dn-density total =       52.9464675484
 grid-integrated valence-density total =      107.8901357851
  
 TOTAL single particle eigenvalue sum=       -99.4418626435
  
 rms,max scfchange=  1.8214D-04  3.1123D-02 for component#      1033
 electronic meth_bl(BROYDEN)=           1
>>>>> Broyden blend to get next step - elec
<<<<< Broyden step complete, scf step=     6

 After blending   +   11.90 =     762.3 seconds wall (    6.04 usr    1.45 sys)
  
 *************************  iteration   7 begins here  *************************


 erlsolv/begin  +    0.00 =     762.3 seconds wall (    0.00 usr    0.00 sys)
 PERLSOLV: kpp-copmatible version

 erlsolv/schroed+    0.06 =     762.3 seconds wall (    0.05 usr    0.00 sys)

 erlsolv/pop    +    0.00 =     762.3 seconds wall (    0.00 usr    0.00 sys)

 erlsolv/dmat compute+    0.00 =     762.3 seconds wall (    0.00 usr    0.00 sys)

 erlsolv/dmat compute+    0.01 =     762.3 seconds wall (    0.00 usr    0.00 sys)

 erlsolv/rhoij  +    0.00 =     762.3 seconds wall (    0.00 usr    0.00 sys)

 spin-up fermi level =   -0.300442 Ry,   gap(0K)= 0.331729 Ry = 4.513 eV
 spin-dn fermi level =   -0.433718 Ry,   gap(0K)= 0.083257 Ry = 1.133 eV
  
 delta movement in up-elecs =        5.4778395365
 delta movement in dn-elecs =        5.5202619174
 delta movement in electrons =       10.1731954459

 one-center local charge defect =         0.05151116

 one-center local charge defect =         0.04873178

 LMCC local dipole, |dip|=        2.0378573475
 Using LMCC treatment of supercell electrostatics
 DBG/LMCCINT, esns diagnostics redone
 LMCC chemical potential shift(Ry,eV)=        0.0000041201        0.0000560579
 LMCC esns total grid integral=        0.4745518168
  
 grid-integrated up-density total =       54.9436871958
 grid-integrated dn-density total =       52.9464676205
 grid-integrated valence-density total =      107.8901548163
  
 TOTAL single particle eigenvalue sum=       -99.4857943204
  
 rms,max scfchange=  1.8906D-04  3.1192D-02 for component#      1033
 electronic meth_bl(BROYDEN)=           1
>>>>> Broyden blend to get next step - elec
<<<<< Broyden step complete, scf step=     7

 After blending   +   12.06 =     774.4 seconds wall (    5.47 usr    1.45 sys)
  
 *************************  iteration   8 begins here  *************************


 erlsolv/begin  +    0.00 =     774.4 seconds wall (    0.00 usr    0.00 sys)
 PERLSOLV: kpp-copmatible version

 erlsolv/schroed+    0.06 =     774.4 seconds wall (    0.06 usr    0.00 sys)

 erlsolv/pop    +    0.00 =     774.4 seconds wall (    0.00 usr    0.00 sys)

 erlsolv/dmat compute+    0.00 =     774.4 seconds wall (    0.00 usr    0.00 sys)

 erlsolv/dmat compute+    0.01 =     774.5 seconds wall (    0.00 usr    0.00 sys)

 erlsolv/rhoij  +    0.00 =     774.5 seconds wall (    0.00 usr    0.00 sys)

 spin-up fermi level =   -0.303482 Ry,   gap(0K)= 0.331726 Ry = 4.513 eV
 spin-dn fermi level =   -0.432691 Ry,   gap(0K)= 0.086277 Ry = 1.174 eV
  
 delta movement in up-elecs =        5.4780717906
 delta movement in dn-elecs =        5.5426818260
 delta movement in electrons =       10.1901871366

 one-center local charge defect =         0.05149060

 one-center local charge defect =         0.04873201

 LMCC local dipole, |dip|=        2.0358095947
 Using LMCC treatment of supercell electrostatics
 DBG/LMCCINT, esns diagnostics redone
 LMCC chemical potential shift(Ry,eV)=        0.0000041254        0.0000561290
 LMCC esns total grid integral=        0.4748817027
  
 grid-integrated up-density total =       54.9437106824
 grid-integrated dn-density total =       52.9464691998
 grid-integrated valence-density total =      107.8901798821
  
 TOTAL single particle eigenvalue sum=       -99.5462568942
  
 rms,max scfchange=  1.6087D-04  2.5701D-02 for component#      1033
 electronic meth_bl(BROYDEN)=           1
>>>>> Broyden blend to get next step - elec
<<<<< Broyden step complete, scf step=     8

 After blending   +   16.76 =     791.2 seconds wall (    5.73 usr    1.30 sys)
  
 *************************  iteration   9 begins here  *************************


 erlsolv/begin  +    0.02 =     791.2 seconds wall (    0.00 usr    0.00 sys)
 PERLSOLV: kpp-copmatible version

 erlsolv/schroed+    0.07 =     791.3 seconds wall (    0.06 usr    0.01 sys)

 erlsolv/pop    +    0.00 =     791.3 seconds wall (    0.00 usr    0.00 sys)

 erlsolv/dmat compute+    0.00 =     791.3 seconds wall (    0.00 usr    0.00 sys)

 erlsolv/dmat compute+    0.00 =     791.3 seconds wall (    0.00 usr    0.00 sys)

 erlsolv/rhoij  +    0.00 =     791.3 seconds wall (    0.00 usr    0.00 sys)

 spin-up fermi level =   -0.306870 Ry,   gap(0K)= 0.331105 Ry = 4.505 eV
 spin-dn fermi level =   -0.432405 Ry,   gap(0K)= 0.088398 Ry = 1.203 eV
  
 delta movement in up-elecs =        5.4826158351
 delta movement in dn-elecs =        5.5682351112
 delta movement in electrons =       10.2144584185

 one-center local charge defect =         0.05146100

 one-center local charge defect =         0.04873353

 LMCC local dipole, |dip|=        2.0338442270
 Using LMCC treatment of supercell electrostatics
 DBG/LMCCINT, esns diagnostics redone
 LMCC chemical potential shift(Ry,eV)=        0.0000041314        0.0000562104
 LMCC esns total grid integral=        0.4755475266
  
 grid-integrated up-density total =       54.9437420650
 grid-integrated dn-density total =       52.9464676127
 grid-integrated valence-density total =      107.8902096777
  
 TOTAL single particle eigenvalue sum=       -99.6265992246
  
 rms,max scfchange=  7.4935D-05  1.2004D-02 for component#      1033
 ######################  ENERGY ANALYSIS  #######################
    Spherical-atom es ENERGY correction =      -312.8529415992
    Full spherical atom trace ENERGY =         -154.0557982052
    Spherical-atom-Vxc trace ENERGY =           180.5993480782
    non-spherical es ENERGY =                     0.4756166324
    Total Exc ENERGY =                         -100.4521684282

    total kinetic trace ENERGY =          282.3855442964
    non-local ps-pot trace ENERGY =        38.0638691048
    total electrostatic ENERGY =         -606.2831884951
    Total Vxc ENERGY =                   -130.2765321182

    TOTAL ENERGY (Rydberg) =                   -386.2859435221

 ################################################################

 After blending   +   11.32 =     802.6 seconds wall (    6.37 usr    1.42 sys)
  
 >>>>> self-consistency achieved, iteration   9


 Final GAP(eV)=  4.5050 (up),  1.2027 (dn)

 spin-up fermi level =   -0.306870 Ry,   gap(0K)= 0.331105 Ry = 4.505 eV
 spin-dn fermi level =   -0.432405 Ry,   gap(0K)= 0.088398 Ry = 1.203 eV

 k-vector:                  1
  weight:               1.000000
            level/UP/occup       level/DN/occup
  
    1    -1.978146  1.0000    -1.975109  1.0000
    2    -1.946113  1.0000    -1.942232  1.0000
    3    -1.863149  1.0000    -1.853295  1.0000
    4    -1.821647  1.0000    -1.809924  1.0000
             ...      ...         ...      ...
   36    -0.683524  1.0000    -0.671782  1.0000
   37    -0.674757  1.0000    -0.668730  1.0000
   38    -0.672391  1.0000    -0.659046  1.0000
   39    -0.652404  1.0000    -0.639654  1.0000
   40    -0.637199  1.0000    -0.631989  1.0000
   41    -0.634370  1.0000    -0.630480  1.0000
   42    -0.631866  1.0000    -0.622694  1.0000
   43    -0.623222  1.0000    -0.619528  1.0000
   44    -0.620045  1.0000    -0.602050  1.0000
   45    -0.609684  1.0000    -0.582276  1.0000
   46    -0.597234  1.0000    -0.561509  1.0000
   47    -0.580573  1.0000    -0.549850  1.0000
   48    -0.573421  1.0000    -0.527632  0.9999
   49    -0.553130  1.0000    -0.507011  0.9994
   50    -0.530246  1.0000    -0.497471  0.9985
   51    -0.516677  1.0000    -0.493500  0.9978
   52    -0.511477  1.0000    -0.484581  0.9946
   53    -0.498471  1.0000    -0.479844  0.9914
   54    -0.485630  1.0000    -0.391446  0.0164
   55    -0.472423  1.0000    -0.370377  0.0020
   56    -0.141317  0.0000    -0.093647  0.0000
   57    -0.034701  0.0000    -0.033668  0.0000
   58    -0.026829  0.0000    -0.020421  0.0000
   59     0.001455  0.0000     0.011776  0.0000
   60     0.020940  0.0000     0.027647  0.0000
   61     0.041687  0.0000     0.043818  0.0000
   62     0.057997  0.0000     0.062320  0.0000
   63     0.077060  0.0000     0.083660  0.0000
             ...      ...         ...      ...
  200     2.783378  0.0000     2.787907  0.0000
  
 >>>>> grid delta-density saved to file

 FINAL CONVERGED ENERGY (Rydberg) =     -386.2859435221
 Binding energy =      -26.5569905221 Ry =           -361.3292 eV

 AFTER ITERATIONS +    0.22 =     802.9 seconds wall (    0.01 usr    0.04 sys)
 Atom  20   Z=  1.0   occ=  1.00   rho=  0.9972320299   core=  0.0000000000
     vxc(afs ):   -0.79394647  -0.76858791  -0.02535856
     exc(afs ):   -0.62629174  -0.60408811  -0.02220363

 atom xc0frc stress term=       83.3387208902
 mat0frc: stripe-parallel, KPSTORE= F
  
 total force contributions(Ry/bohr):
        atom       x force          y force          z force
          1     -0.0000914420    -0.0003626259     0.0000417142
          2      0.0001367030     0.0001212972     0.0001555094
          3      0.0003525639    -0.0001014107     0.0002969784
          4      0.0005666060     0.0005087280    -0.0001363870
          5      0.0000626612    -0.0000268638    -0.0000153969
          6     -0.0002173911     0.0001001577     0.0000907642
          7      0.0001241660    -0.0003129700     0.0003967740
          8      0.0000277996     0.0002482781    -0.0002645994
          9     -0.0005535314    -0.0001030156    -0.0000287805
         10      0.0000196397     0.0001611090     0.0000946815
         11     -0.0000069590     0.0001843124     0.0000226668
         12     -0.0000369174    -0.0002017867    -0.0001762078
         13     -0.0004601186    -0.0003165512     0.0004452838
         14     -0.0004010070    -0.0002448183    -0.0001247585
         15      0.0008952111     0.0019998335     0.0009001786
         16      0.0001133565    -0.0000150588     0.0000563094
         17      0.0001796983    -0.0000221229     0.0001352831
         18      0.0000077571     0.0003250102    -0.0001355621
         19      0.0000970507     0.0002952100    -0.0001046830
         20     -0.0000445589     0.0000092607    -0.0000548481
         21     -0.0000351484    -0.0001329505    -0.0000265199
         22     -0.0001148420    -0.0000332117    -0.0000360554
         23     -0.0000817162     0.0002116701    -0.0003963031
         24     -0.0001054807    -0.0008793884    -0.0008291214
         25      0.0001369445    -0.0001788075    -0.0007580203
         26     -0.0001284468    -0.0000501991    -0.0000435049
         27     -0.0000785896    -0.0000741383    -0.0000326456
         28     -0.0000200479    -0.0000375170     0.0000461006
         29     -0.0009052617    -0.0012059471     0.0007996444
         30     -0.0001441204    -0.0003754554     0.0004555515
         31      0.0003119459     0.0003084718    -0.0000635534
         32     -0.0000398473    -0.0001144665    -0.0000222191
         33      0.0000852475    -0.0000846467    -0.0001178994
         34     -0.0000175527    -0.0000703146     0.0000069703
         35      0.0000381744     0.0000144045     0.0002078879
         36     -0.0000231067    -0.0001018216     0.0000664308
         37      0.0000915359    -0.0001296207     0.0000435660
      f-defect       -0.0002590244    -0.0006879657     0.0008952291

 AFTER FORCE RTNS +    0.61 =     803.5 seconds wall (    0.57 usr    0.04 sys)
  
 >>>>> GSELECT begins, nslics=           0
 <<<<< GSELECT ends
 rms,max force=  6.2838D-04  2.3688D-03 for component#       15
 dynamics update step #           6
ASD: min/max mass factors=   0.1575   2.0000
 >>>>> GUPDATE begins, nslics=           0
 GUPDATE: Largest relax: atom#, dr(au)=    31    0.002119
 <<<<< GUPDATE ends

 ###############################################################################
   NEW GEOMETRY for step   7, of   7 total
atom, type, position;  step#      7
 AT1          Pt               -0.4318987629   -0.4376217415    0.7581831803 
 AT2          O                 3.1966369239   -0.5730046270    1.8613841326 
 AT3          O                -3.7647543694    0.0569546948   -0.9320146009 
 AT4          P                 4.8124820557    2.0908065314    1.9369416321 
 AT5          P                -4.4511518969   -2.8415450472   -1.8633359652 
 AT6          O                -7.5052150883   -2.8751317159   -2.3841139266 
 AT7          O                -3.6893636154   -4.7764574521    0.1040802962 
 AT8          O                 4.1457510523    3.3712223978   -0.8601730657 
 AT9          O                 7.6185020202    1.8550486156    2.3695365675 
 AT10         C                 3.3085175648    4.1523235489    4.2918375212 
 AT11         C                -2.9498520425   -3.5031855333   -4.9179337920 
 AT12         C                -3.7025798625   -6.1587092906   -5.8535128265 
 AT13         C                -0.0694128986   -3.5139786045   -4.5169575246 
 AT14         C                -3.6887113778   -1.5437420873   -6.9172817162 
 AT15         C                 0.5131484726    4.7115671073    3.8331606104 
 AT16         C                 3.7195868280    2.9307197748    6.9050856398 
 AT17         C                 4.7490490233    6.6666992702    4.2576555832 
 AT18         H                -8.2134462595   -1.3064124764   -1.6734261296 
 AT19         H                 4.9099357636    2.2170950100   -2.1049044910 
 AT20         H                -3.1063958416   -7.6535601373   -4.5225430834 
 AT21         H                -2.6577506106   -6.4019606929   -7.6535153388 
 AT22         H                -5.7398996745   -6.3282633421   -6.2718238698 
 AT23         H                 0.5680652231   -4.8956845896   -3.0955458578 
 AT24         H                 0.6769561278   -1.6507803805   -3.9864872416 
 AT25         H                 0.7972456963   -4.0061880537   -6.3334377938 
 AT26         H                -5.7383786951   -1.5881267587   -7.2743211309 
 AT27         H                -2.6714945392   -2.0505582340   -8.6655878921 
 AT28         H                -3.0879461487    0.3522638217   -6.3470757276 
 AT29         H                -0.6934033086    3.0092135799    3.8639971141 
 AT30         H                 0.2186861301    5.7909602901    2.0914953923 
 AT31         H                -0.2128955755    5.8759174932    5.3918189994 
 AT32         H                 2.6150284787    1.1972947517    7.2101474766 
 AT33         H                 3.0683535255    4.3609642283    8.2684345115 
 AT34         H                 5.7371958708    2.5628357783    7.2558966104 
 AT35         H                 4.4447574423    7.7330555329    2.5155665571 
 AT36         H                 6.7798926669    6.3583953373    4.4847451295 
 AT37         H                 4.0382082856    7.8001703187    5.8418482800 
 ###############################################################################

 After geometry   +    0.05 =     803.5 seconds wall (    0.00 usr    0.00 sys)
  
 LATVEC: nlat1c,nlat2c,nlat =           1           1           1

  Atom
  Type  Shell  Min-alf     range
    1        0.129289   8.279963
    2        0.102474   9.300415
    3        0.143749   7.852478
    4        0.078997  10.592631
    5        0.095999   9.608947
    6        0.073120  11.010095
 Turnover EF->DM npopdm, npop0k=          88          55
 DEV264h/wkmem: perlsolv dist-mem
 DEV/wkmem: KPSTORE= F
 DEV/wkmem: psolv version, input do_psolv= F

 Need       21250-length r*4 array to pack grid wfcns/box
 Need      312125-length r*4 array to pack all grid wfcns
 Need       25000-length r*4 array for grid wfcns scratch
 WKMEM: using stripe-parallel+Merge  setup
 Minimum maxwkd for scf to complete=    29376447
 All grid wfcns stored in    156063 of 194817057 available
 WKMEM: in-core Broyden! uses    211770 out of 194660994 available
 >>>>> geom/basis data saved to file
  
 Atom type   1  radial valence charge =    5.999995363882
 Atom type   1      xc valence charge =    6.499995360087
  
 Atom type   2  radial valence charge =    0.999999985299
  
 Atom type   3  radial valence charge =    3.999996877569
  
 Atom type   4  radial valence charge =    9.999999976019
  
 Atom type   5  radial valence charge =    4.999999641069
  
 Atom type   6  radial valence charge =    3.999999473876
 mat0set: stripe-parallel, KPSTORE= F

   sij compute    +    0.01 =     803.5 seconds wall (    0.01 usr    0.01 sys)

   sij/nlat-bcast +    1.01 =     804.5 seconds wall (    1.01 usr    0.00 sys)

   vlocmat compute+    0.16 =     804.7 seconds wall (    0.15 usr    0.00 sys)

   vlocmii compute+    0.01 =     804.7 seconds wall (    0.01 usr    0.00 sys)

   nlocmat compute+    0.09 =     804.8 seconds wall (    0.08 usr    0.00 sys)
 NLOCMAT: Max neqilat=           1

 After mat0set    +    0.01 =     804.8 seconds wall (    0.00 usr    0.00 sys)
 Atom   1   Z= 10.0   occ= 10.00   rho=  9.9988947319   core=  0.0000000000
     vxc(afsw):  -11.08914913 -10.00452900  -1.08462013  -0.00003204
     exc(afsw):   -8.56908915  -7.67447042  -0.89461873  -0.00002461
 Atom   2   Z=  6.0   occ=  6.00   rho=  5.9928139203   core=  0.0000000000
                               rho(xc)=  6.4928138645
     vxc(afsw):   -8.99295196  -8.72549184  -0.26746012  -0.00018043
     exc(afsw):   -6.96533508  -6.73670704  -0.22862804  -0.00014515
 Atom   3   Z=  6.0   occ=  6.00   rho=  5.9876388229   core=  0.0000000000
                               rho(xc)=  6.4876387586
     vxc(afsw):   -8.95305095  -8.68554762  -0.26750333  -0.00031051
     exc(afsw):   -6.95906288  -6.73038783  -0.22867506  -0.00024984
 Atom   6   Z=  6.0   occ=  6.00   rho=  5.9884608140   core=  0.0000000000
                               rho(xc)=  6.4884607505
     vxc(afsw):   -8.96563023  -8.69813202  -0.26749821  -0.00028984
     exc(afsw):   -6.96047155  -6.73180395  -0.22866760  -0.00023320
 Atom   7   Z=  6.0   occ=  6.00   rho=  5.9943977541   core=  0.0000000000
                               rho(xc)=  6.4943976799
     vxc(afsw):   -8.99814559  -8.73070159  -0.26744399  -0.00014065
     exc(afsw):   -6.96694120  -6.73832810  -0.22861310  -0.00011314
 Atom   8   Z=  6.0   occ=  6.00   rho=  5.9935131266   core=  0.0000000000
                               rho(xc)=  6.4935130466
     vxc(afsw):   -8.99376097  -8.72630684  -0.26745413  -0.00016287
     exc(afsw):   -6.96621676  -6.73759555  -0.22862121  -0.00013102
 Atom   9   Z=  6.0   occ=  6.00   rho=  5.9914025848   core=  0.0000000000
                               rho(xc)=  6.4914025070
     vxc(afsw):   -8.98707240  -8.71960456  -0.26746783  -0.00021588
     exc(afsw):   -6.96385508  -6.73521345  -0.22864163  -0.00017368
 Atom  10   Z=  4.0   occ=  4.00   rho=  3.9976626048   core=  0.0000000000
     vxc(afsw):   -3.88245416  -3.65951174  -0.22294242  -0.00005332
     exc(afsw):   -3.00446635  -2.81323476  -0.19123158  -0.00004106
 Atom  11   Z=  4.0   occ=  4.00   rho=  4.0024214775   core=  0.0000000000
     vxc(afsw):   -3.90126715  -3.67835488  -0.22291227   0.00005500
     exc(afsw):   -3.00761410  -2.81640213  -0.19121197   0.00004232
 Atom  13   Z=  4.0   occ=  4.00   rho=  4.0011582937   core=  0.0000000000
     vxc(afsw):   -3.88961786  -3.66671109  -0.22290677   0.00002633
     exc(afsw):   -3.00702958  -2.81581155  -0.19121803   0.00002027
 Atom  15   Z=  4.0   occ=  4.00   rho=  3.9975552737   core=  0.0000000000
     vxc(afsw):   -3.88215783  -3.65921478  -0.22294305  -0.00005577
     exc(afsw):   -3.00435330  -2.81312130  -0.19123200  -0.00004295
 Atom  17   Z=  4.0   occ=  4.00   rho=  3.9981117061   core=  0.0000000000
     vxc(afsw):   -3.88166049  -3.65872384  -0.22293665  -0.00004306
     exc(afsw):   -3.00498727  -2.81375731  -0.19122996  -0.00003317
 Atom  18   Z=  1.0   occ=  1.00   rho=  0.9972229396   core=  0.0000000000
     vxc(afsw):   -0.79361294  -0.76825395  -0.02535899  -0.00003898
     exc(afsw):   -0.62628751  -0.60408375  -0.02220377  -0.00003287
 Atom  19   Z=  1.0   occ=  1.00   rho=  0.9967214305   core=  0.0000000000
     vxc(afsw):   -0.79196948  -0.76661099  -0.02535849  -0.00004598
     exc(afsw):   -0.62545742  -0.60325331  -0.02220411  -0.00003877
 Atom  20   Z=  1.0   occ=  1.00   rho=  0.9972366198   core=  0.0000000000
     vxc(afsw):   -0.79396323  -0.76860467  -0.02535856  -0.00003881
     exc(afsw):   -0.62629927  -0.60409564  -0.02220363  -0.00003273
 Atom  21   Z=  1.0   occ=  1.00   rho=  0.9975971620   core=  0.0000000000
     vxc(afsw):   -0.79530029  -0.76994163  -0.02535866  -0.00003376
     exc(afsw):   -0.62688939  -0.60468608  -0.02220331  -0.00002847
 Atom  22   Z=  1.0   occ=  1.00   rho=  0.9972333598   core=  0.0000000000
     vxc(afsw):   -0.79376174  -0.76840287  -0.02535886  -0.00003883
     exc(afsw):   -0.62630113  -0.60409741  -0.02220371  -0.00003275
 Atom  23   Z=  1.0   occ=  1.00   rho=  0.9974647659   core=  0.0000000000
     vxc(afsw):   -0.79453383  -0.76917478  -0.02535905  -0.00003560
     exc(afsw):   -0.62668323  -0.60447969  -0.02220355  -0.00003002
 Atom  24   Z=  1.0   occ=  1.00   rho=  0.9958699800   core=  0.0000000000
     vxc(afsw):   -0.78933964  -0.76398228  -0.02535737  -0.00005786
     exc(afsw):   -0.62404266  -0.60183805  -0.02220462  -0.00004878
 Atom  25   Z=  1.0   occ=  1.00   rho=  0.9965737513   core=  0.0000000000
     vxc(afsw):   -0.79152826  -0.76616998  -0.02535828  -0.00004806
     exc(afsw):   -0.62521161  -0.60300742  -0.02220419  -0.00004052
 Atom  26   Z=  1.0   occ=  1.00   rho=  0.9972200311   core=  0.0000000000
     vxc(afsw):   -0.79370435  -0.76834548  -0.02535886  -0.00003902
     exc(afsw):   -0.62627947  -0.60407575  -0.02220373  -0.00003291
 Atom  27   Z=  1.0   occ=  1.00   rho=  0.9968799195   core=  0.0000000000
     vxc(afsw):   -0.79261016  -0.76725166  -0.02535850  -0.00004379
     exc(afsw):   -0.62571601  -0.60351206  -0.02220395  -0.00003693
 Atom  28   Z=  1.0   occ=  1.00   rho=  0.9970879243   core=  0.0000000000
     vxc(afsw):   -0.79323994  -0.76788117  -0.02535877  -0.00004088
     exc(afsw):   -0.62606180  -0.60385797  -0.02220383  -0.00003447
 Atom  29   Z=  1.0   occ=  1.00   rho=  0.9970597562   core=  0.0000000000
     vxc(afsw):   -0.79311531  -0.76775653  -0.02535878  -0.00004127
     exc(afsw):   -0.62601627  -0.60381241  -0.02220386  -0.00003480
 Atom  30   Z=  1.0   occ=  1.00   rho=  0.9962608685   core=  0.0000000000
     vxc(afsw):   -0.79055593  -0.76519804  -0.02535788  -0.00005243
     exc(afsw):   -0.62469193  -0.60248755  -0.02220438  -0.00004421
 Atom  31   Z=  1.0   occ=  1.00   rho=  0.9958651759   core=  0.0000000000
     vxc(afsw):   -0.78932525  -0.76396789  -0.02535736  -0.00005792
     exc(afsw):   -0.62403467  -0.60183005  -0.02220462  -0.00004884
 Atom  32   Z=  1.0   occ=  1.00   rho=  0.9962698010   core=  0.0000000000
     vxc(afsw):   -0.79060998  -0.76525212  -0.02535786  -0.00005232
     exc(afsw):   -0.62470596  -0.60250160  -0.02220436  -0.00004412
 Atom  33   Z=  1.0   occ=  1.00   rho=  0.9969945065   core=  0.0000000000
     vxc(afsw):   -0.79302833  -0.76766977  -0.02535855  -0.00004219
     exc(afsw):   -0.62590415  -0.60370030  -0.02220386  -0.00003558
 Atom  34   Z=  1.0   occ=  1.00   rho=  0.9969440522   core=  0.0000000000
     vxc(afsw):   -0.79267237  -0.76731362  -0.02535875  -0.00004287
     exc(afsw):   -0.62582678  -0.60362282  -0.02220397  -0.00003615
 Atom  35   Z=  1.0   occ=  1.00   rho=  0.9961470464   core=  0.0000000000
     vxc(afsw):   -0.79019148  -0.76483374  -0.02535775  -0.00005400
     exc(afsw):   -0.62450319  -0.60229873  -0.02220445  -0.00004553
 Atom  36   Z=  1.0   occ=  1.00   rho=  0.9960024310   core=  0.0000000000
     vxc(afsw):   -0.78975470  -0.76439716  -0.02535754  -0.00005604
     exc(afsw):   -0.62426259  -0.60205806  -0.02220453  -0.00004725
 Atom  37   Z=  1.0   occ=  1.00   rho=  0.9964932178   core=  0.0000000000
     vxc(afsw):   -0.79134040  -0.76598230  -0.02535810  -0.00004920
     exc(afsw):   -0.62507593  -0.60287172  -0.02220421  -0.00004149
 ***** CAUTION: grid fineness questionable

 grid0xc compute+    0.36 =     805.2 seconds wall (    0.36 usr    0.00 sys)

 grid0xc Merge  +    0.08 =     805.2 seconds wall (    0.00 usr    0.08 sys)

 grid0xc Bcast  +    0.21 =     805.5 seconds wall (    0.21 usr    0.00 sys)


 AFTER SETUP PHASE+    3.61 =     809.1 seconds wall (    0.27 usr    0.54 sys)

  
 *************************  iteration   0 begins here  *************************


 Before iterations+    0.04 =     809.1 seconds wall (    0.02 usr    0.01 sys)
  
 grid-integrated up-density total =       53.9568314241
 grid-integrated dn-density total =       53.9568314241
 grid-integrated valence-density total =      107.9136628481
 Harris Fcnal XC piece=       29.2767556853
  
  

 After 0 iteration+    0.59 =     809.7 seconds wall (    0.50 usr    0.08 sys)
 *************************  iteration   1 begins here  *************************


 erlsolv/begin  +    1.89 =     811.6 seconds wall (    0.02 usr    0.00 sys)
 PERLSOLV: kpp-copmatible version

 erlsolv/schroed+    2.34 =     813.9 seconds wall (    0.64 usr    0.01 sys)

 erlsolv/pop    +    0.00 =     813.9 seconds wall (    0.00 usr    0.00 sys)

 erlsolv/dmat compute+    0.07 =     814.0 seconds wall (    0.07 usr    0.00 sys)

 erlsolv/dmat compute+    0.33 =     814.3 seconds wall (    0.33 usr    0.00 sys)

 erlsolv/rhoij  +    0.03 =     814.4 seconds wall (    0.02 usr    0.00 sys)

 spin-up fermi level =   -0.263682 Ry,   gap(0K)= 0.356508 Ry = 4.851 eV
 spin-dn fermi level =   -0.472622 Ry,   gap(0K)= 0.026117 Ry = 0.355 eV

 k-vector:                  1
  weight:               1.000000
            level/UP/occup       level/DN/occup
  
    1    -1.928421  1.0000    -1.928421  1.0000
    2    -1.921448  1.0000    -1.921448  1.0000
    3    -1.837339  1.0000    -1.837339  1.0000
    4    -1.831551  1.0000    -1.831551  1.0000
             ...      ...         ...      ...
   36    -0.720001  1.0000    -0.720001  1.0000
   37    -0.706841  1.0000    -0.706841  1.0000
   38    -0.705478  1.0000    -0.705478  1.0000
   39    -0.704876  1.0000    -0.704876  1.0000
   40    -0.699816  1.0000    -0.699816  1.0000
   41    -0.691924  1.0000    -0.691924  1.0000
   42    -0.682886  1.0000    -0.682886  1.0000
   43    -0.661329  1.0000    -0.661329  1.0000
   44    -0.641496  1.0000    -0.641496  1.0000
   45    -0.621156  1.0000    -0.621156  1.0000
   46    -0.613117  1.0000    -0.613117  1.0000
   47    -0.600450  1.0000    -0.600450  1.0000
   48    -0.586034  1.0000    -0.586034  1.0000
   49    -0.576262  1.0000    -0.576262  1.0000
   50    -0.567726  1.0000    -0.567726  0.9999
   51    -0.544452  1.0000    -0.544452  0.9992
   52    -0.538085  1.0000    -0.538085  0.9986
   53    -0.484426  1.0000    -0.484426  0.7650
   54    -0.458308  1.0000    -0.458308  0.1929
   55    -0.441936  1.0000    -0.441936  0.0444
   56    -0.085428  0.0000    -0.085428  0.0000
   57    -0.008675  0.0000    -0.008675  0.0000
   58     0.002522  0.0000     0.002522  0.0000
   59     0.021703  0.0000     0.021703  0.0000
   60     0.037302  0.0000     0.037302  0.0000
   61     0.051434  0.0000     0.051434  0.0000
   62     0.060580  0.0000     0.060580  0.0000
   63     0.080302  0.0000     0.080302  0.0000
             ...      ...         ...      ...
  200     2.768098  0.0000     2.768098  0.0000
  
 delta movement in up-elecs =        6.8672965708
 delta movement in dn-elecs =        6.6830607186
 delta movement in electrons =       12.8972851458

 one-center local charge defect =         0.05238201

 one-center local charge defect =         0.04996788

 LMCC local dipole, |dip|=        3.6762608747
 Using LMCC treatment of supercell electrostatics
 DBG/LMCCINT, esns diagnostics redone
 LMCC chemical potential shift(Ry,eV)=        0.0000118028        0.0001605860
 LMCC esns total grid integral=        1.3599976882
  
 grid-integrated up-density total =       54.9426242174
 grid-integrated dn-density total =       52.9450394481
 grid-integrated valence-density total =      107.8876636655
  
 TOTAL single particle eigenvalue sum=      -103.3990362292
  
 rms,max scfchange=  1.2436D-02  5.5210D-01 for component#    154114
 electronic meth_bl(BROYDEN)=           1
>>>>> Broyden: first step (elec) simple blend ratio= 0.300000
<<<<< Broyden step complete, scf step=     1

 After blending   +   16.55 =     830.9 seconds wall (   10.12 usr    1.49 sys)
  
 *************************  iteration   2 begins here  *************************


 erlsolv/begin  +    0.02 =     830.9 seconds wall (    0.01 usr    0.00 sys)
 PERLSOLV: kpp-copmatible version

 erlsolv/schroed+    0.06 =     831.0 seconds wall (    0.06 usr    0.01 sys)

 erlsolv/pop    +    0.00 =     831.0 seconds wall (    0.00 usr    0.00 sys)

 erlsolv/dmat compute+    0.00 =     831.0 seconds wall (    0.00 usr    0.00 sys)

 erlsolv/dmat compute+    0.01 =     831.0 seconds wall (    0.00 usr    0.00 sys)

 erlsolv/rhoij  +    0.01 =     831.0 seconds wall (    0.00 usr    0.00 sys)

 spin-up fermi level =   -0.280080 Ry,   gap(0K)= 0.337323 Ry = 4.590 eV
 spin-dn fermi level =   -0.464399 Ry,   gap(0K)= 0.038574 Ry = 0.525 eV
  
 delta movement in up-elecs =        5.7772456822
 delta movement in dn-elecs =        5.5059621775
 delta movement in electrons =       10.6660941251

 one-center local charge defect =         0.05157059

 one-center local charge defect =         0.04856527

 LMCC local dipole, |dip|=        1.9335959004
 Using LMCC treatment of supercell electrostatics
 DBG/LMCCINT, esns diagnostics redone
 LMCC chemical potential shift(Ry,eV)=        0.0000032262        0.0000438953
 LMCC esns total grid integral=        0.6232180835
  
 grid-integrated up-density total =       54.9435445819
 grid-integrated dn-density total =       52.9465543781
 grid-integrated valence-density total =      107.8900989600
  
 TOTAL single particle eigenvalue sum=      -100.0420755414
  
 rms,max scfchange=  4.8205D-03  2.4450D-01 for component#    118682
 electronic meth_bl(BROYDEN)=           1
>>>>> Broyden blend to get next step - elec
<<<<< Broyden step complete, scf step=     2

 After blending   +   23.49 =     854.5 seconds wall (   18.18 usr    1.49 sys)
  
 *************************  iteration   3 begins here  *************************


 erlsolv/begin  +    0.69 =     855.2 seconds wall (    0.69 usr    0.00 sys)
 PERLSOLV: kpp-copmatible version

 erlsolv/schroed+    3.21 =     858.4 seconds wall (    3.17 usr    0.01 sys)

 erlsolv/pop    +    0.00 =     858.4 seconds wall (    0.00 usr    0.00 sys)

 erlsolv/dmat compute+    0.07 =     858.5 seconds wall (    0.07 usr    0.00 sys)

 erlsolv/dmat compute+    0.55 =     859.0 seconds wall (    0.54 usr    0.00 sys)

 erlsolv/rhoij  +    0.26 =     859.3 seconds wall (    0.25 usr    0.00 sys)

 spin-up fermi level =   -0.260426 Ry,   gap(0K)= 0.335024 Ry = 4.558 eV
 spin-dn fermi level =   -0.422504 Ry,   gap(0K)= 0.048446 Ry = 0.659 eV
  
 delta movement in up-elecs =        5.5944796111
 delta movement in dn-elecs =        5.6049225526
 delta movement in electrons =       10.4263558407

 one-center local charge defect =         0.05167886

 one-center local charge defect =         0.04927205

 LMCC local dipole, |dip|=        2.5311845338
 Using LMCC treatment of supercell electrostatics
 DBG/LMCCINT, esns diagnostics redone
 LMCC chemical potential shift(Ry,eV)=        0.0000062420        0.0000849279
 LMCC esns total grid integral=        0.5714816742
  
 grid-integrated up-density total =       54.9434822142
 grid-integrated dn-density total =       52.9458910136
 grid-integrated valence-density total =      107.8893732279
  
 TOTAL single particle eigenvalue sum=       -99.0430204290
  
 rms,max scfchange=  3.1336D-03  2.3674D-01 for component#      1033
 electronic meth_bl(BROYDEN)=           1
>>>>> Broyden blend to get next step - elec
<<<<< Broyden step complete, scf step=     3

 After blending   +   15.21 =     874.5 seconds wall (    6.63 usr    1.39 sys)
  
 *************************  iteration   4 begins here  *************************


 erlsolv/begin  +    0.04 =     874.5 seconds wall (    0.02 usr    0.00 sys)
 PERLSOLV: kpp-copmatible version

 erlsolv/schroed+    0.06 =     874.6 seconds wall (    0.05 usr    0.01 sys)

 erlsolv/pop    +    0.00 =     874.6 seconds wall (    0.00 usr    0.00 sys)

 erlsolv/dmat compute+    0.00 =     874.6 seconds wall (    0.00 usr    0.00 sys)

 erlsolv/dmat compute+    0.01 =     874.6 seconds wall (    0.01 usr    0.00 sys)

 erlsolv/rhoij  +    0.00 =     874.6 seconds wall (    0.00 usr    0.00 sys)

 spin-up fermi level =   -0.279171 Ry,   gap(0K)= 0.334825 Ry = 4.556 eV
 spin-dn fermi level =   -0.436431 Ry,   gap(0K)= 0.061594 Ry = 0.838 eV
  
 delta movement in up-elecs =        5.4976874004
 delta movement in dn-elecs =        5.4669373475
 delta movement in electrons =       10.1730201913

 one-center local charge defect =         0.05153746

 one-center local charge defect =         0.04883186

 LMCC local dipole, |dip|=        2.1852445415
 Using LMCC treatment of supercell electrostatics
 DBG/LMCCINT, esns diagnostics redone
 LMCC chemical potential shift(Ry,eV)=        0.0000047796        0.0000650305
 LMCC esns total grid integral=        0.4900308916
  
 grid-integrated up-density total =       54.9436425261
 grid-integrated dn-density total =       52.9463510122
 grid-integrated valence-density total =      107.8899935383
  
 TOTAL single particle eigenvalue sum=       -99.0341575758
  
 rms,max scfchange=  1.0582D-03  7.8187D-02 for component#      1033
 electronic meth_bl(BROYDEN)=           1
>>>>> Broyden blend to get next step - elec
<<<<< Broyden step complete, scf step=     4

 After blending   +   13.08 =     887.7 seconds wall (    6.06 usr    1.46 sys)
  
 *************************  iteration   5 begins here  *************************


 erlsolv/begin  +    0.00 =     887.7 seconds wall (    0.00 usr    0.00 sys)
 PERLSOLV: kpp-copmatible version

 erlsolv/schroed+    0.06 =     887.7 seconds wall (    0.05 usr    0.01 sys)

 erlsolv/pop    +    0.00 =     887.7 seconds wall (    0.00 usr    0.00 sys)

 erlsolv/dmat compute+    0.00 =     887.7 seconds wall (    0.00 usr    0.00 sys)

 erlsolv/dmat compute+    0.01 =     887.8 seconds wall (    0.00 usr    0.00 sys)

 erlsolv/rhoij  +    0.01 =     887.8 seconds wall (    0.00 usr    0.00 sys)

 spin-up fermi level =   -0.289128 Ry,   gap(0K)= 0.332135 Ry = 4.519 eV
 spin-dn fermi level =   -0.435419 Ry,   gap(0K)= 0.072876 Ry = 0.992 eV
  
 delta movement in up-elecs =        5.4848951681
 delta movement in dn-elecs =        5.4827511031
 delta movement in electrons =       10.1645245320

 one-center local charge defect =         0.05156938

 one-center local charge defect =         0.04882341

 LMCC local dipole, |dip|=        2.0881014302
 Using LMCC treatment of supercell electrostatics
 DBG/LMCCINT, esns diagnostics redone
 LMCC chemical potential shift(Ry,eV)=        0.0000042860        0.0000583139
 LMCC esns total grid integral=        0.4796327799
  
 grid-integrated up-density total =       54.9436201847
 grid-integrated dn-density total =       52.9463689649
 grid-integrated valence-density total =      107.8899891496
  
 TOTAL single particle eigenvalue sum=       -99.2604631732
  
 rms,max scfchange=  5.1608D-04  6.4438D-02 for component#      1033
 electronic meth_bl(BROYDEN)=           1
>>>>> Broyden blend to get next step - elec
<<<<< Broyden step complete, scf step=     5

 After blending   +   16.51 =     904.3 seconds wall (    7.18 usr    1.40 sys)
  
 *************************  iteration   6 begins here  *************************


 erlsolv/begin  +    0.00 =     904.3 seconds wall (    0.00 usr    0.00 sys)
 PERLSOLV: kpp-copmatible version

 erlsolv/schroed+    0.06 =     904.3 seconds wall (    0.05 usr    0.01 sys)

 erlsolv/pop    +    0.00 =     904.3 seconds wall (    0.00 usr    0.00 sys)

 erlsolv/dmat compute+    0.00 =     904.3 seconds wall (    0.00 usr    0.00 sys)

 erlsolv/dmat compute+    0.01 =     904.3 seconds wall (    0.00 usr    0.00 sys)

 erlsolv/rhoij  +    0.00 =     904.4 seconds wall (    0.00 usr    0.00 sys)

 spin-up fermi level =   -0.298002 Ry,   gap(0K)= 0.331309 Ry = 4.508 eV
 spin-dn fermi level =   -0.434891 Ry,   gap(0K)= 0.079885 Ry = 1.087 eV
  
 delta movement in up-elecs =        5.4787031849
 delta movement in dn-elecs =        5.4996568111
 delta movement in electrons =       10.1603478521

 one-center local charge defect =         0.05154329

 one-center local charge defect =         0.04874482

 LMCC local dipole, |dip|=        2.0092069002
 Using LMCC treatment of supercell electrostatics
 DBG/LMCCINT, esns diagnostics redone
 LMCC chemical potential shift(Ry,eV)=        0.0000039754        0.0000540888
 LMCC esns total grid integral=        0.4739411696
  
 grid-integrated up-density total =       54.9436532667
 grid-integrated dn-density total =       52.9464537358
 grid-integrated valence-density total =      107.8901070025
  
 TOTAL single particle eigenvalue sum=       -99.4402984909
  
 rms,max scfchange=  1.8191D-04  3.1172D-02 for component#      1033
 electronic meth_bl(BROYDEN)=           1
>>>>> Broyden blend to get next step - elec
<<<<< Broyden step complete, scf step=     6

 After blending   +   25.40 =     929.8 seconds wall (    7.31 usr    1.47 sys)
  
 *************************  iteration   7 begins here  *************************


 erlsolv/begin  +    0.20 =     929.9 seconds wall (    0.17 usr    0.00 sys)
 PERLSOLV: kpp-copmatible version

 erlsolv/schroed+    1.63 =     931.6 seconds wall (    1.61 usr    0.01 sys)

 erlsolv/pop    +    0.00 =     931.6 seconds wall (    0.00 usr    0.00 sys)

 erlsolv/dmat compute+    0.00 =     931.6 seconds wall (    0.00 usr    0.00 sys)

 erlsolv/dmat compute+    0.01 =     931.6 seconds wall (    0.00 usr    0.00 sys)

 erlsolv/rhoij  +    0.01 =     931.6 seconds wall (    0.00 usr    0.00 sys)

 spin-up fermi level =   -0.300426 Ry,   gap(0K)= 0.331707 Ry = 4.513 eV
 spin-dn fermi level =   -0.433717 Ry,   gap(0K)= 0.083220 Ry = 1.132 eV
  
 delta movement in up-elecs =        5.4777763780
 delta movement in dn-elecs =        5.5201018201
 delta movement in electrons =       10.1728611338

 one-center local charge defect =         0.05152679

 one-center local charge defect =         0.04874573

 LMCC local dipole, |dip|=        2.0382352844
 Using LMCC treatment of supercell electrostatics
 DBG/LMCCINT, esns diagnostics redone
 LMCC chemical potential shift(Ry,eV)=        0.0000041196        0.0000560499
 LMCC esns total grid integral=        0.4745569757
  
 grid-integrated up-density total =       54.9436723613
 grid-integrated dn-density total =       52.9464544851
 grid-integrated valence-density total =      107.8901268465
  
 TOTAL single particle eigenvalue sum=       -99.4841964831
  
 rms,max scfchange=  1.8845D-04  3.1171D-02 for component#      1033
 electronic meth_bl(BROYDEN)=           1
>>>>> Broyden blend to get next step - elec
<<<<< Broyden step complete, scf step=     7

 After blending   +   12.85 =     944.4 seconds wall (    5.70 usr    1.48 sys)
  
 *************************  iteration   8 begins here  *************************


 erlsolv/begin  +    0.00 =     944.4 seconds wall (    0.00 usr    0.00 sys)
 PERLSOLV: kpp-copmatible version

 erlsolv/schroed+    0.08 =     944.5 seconds wall (    0.05 usr    0.01 sys)

 erlsolv/pop    +    0.00 =     944.5 seconds wall (    0.00 usr    0.00 sys)

 erlsolv/dmat compute+    0.00 =     944.5 seconds wall (    0.00 usr    0.00 sys)

 erlsolv/dmat compute+    0.01 =     944.5 seconds wall (    0.00 usr    0.00 sys)

 erlsolv/rhoij  +    0.00 =     944.5 seconds wall (    0.00 usr    0.00 sys)

 spin-up fermi level =   -0.303443 Ry,   gap(0K)= 0.331687 Ry = 4.513 eV
 spin-dn fermi level =   -0.432701 Ry,   gap(0K)= 0.086206 Ry = 1.173 eV
  
 delta movement in up-elecs =        5.4780169001
 delta movement in dn-elecs =        5.5422787260
 delta movement in electrons =       10.1896931323

 one-center local charge defect =         0.05150653

 one-center local charge defect =         0.04874595

 LMCC local dipole, |dip|=        2.0364417055
 Using LMCC treatment of supercell electrostatics
 DBG/LMCCINT, esns diagnostics redone
 LMCC chemical potential shift(Ry,eV)=        0.0000041252        0.0000561261
 LMCC esns total grid integral=        0.4748699475
  
 grid-integrated up-density total =       54.9436951524
 grid-integrated dn-density total =       52.9464558901
 grid-integrated valence-density total =      107.8901510425
  
 TOTAL single particle eigenvalue sum=       -99.5439122303
  
 rms,max scfchange=  1.6047D-04  2.5750D-02 for component#      1033
 electronic meth_bl(BROYDEN)=           1
>>>>> Broyden blend to get next step - elec
<<<<< Broyden step complete, scf step=     8

 After blending   +   12.90 =     957.4 seconds wall (    6.13 usr    1.50 sys)
  
 *************************  iteration   9 begins here  *************************


 erlsolv/begin  +    0.02 =     957.4 seconds wall (    0.00 usr    0.00 sys)
 PERLSOLV: kpp-copmatible version

 erlsolv/schroed+    0.05 =     957.5 seconds wall (    0.04 usr    0.01 sys)

 erlsolv/pop    +    0.00 =     957.5 seconds wall (    0.00 usr    0.00 sys)

 erlsolv/dmat compute+    0.00 =     957.5 seconds wall (    0.00 usr    0.00 sys)

 erlsolv/dmat compute+    0.01 =     957.5 seconds wall (    0.00 usr    0.00 sys)

 erlsolv/rhoij  +    0.01 =     957.5 seconds wall (    0.00 usr    0.00 sys)

 spin-up fermi level =   -0.306864 Ry,   gap(0K)= 0.331057 Ry = 4.504 eV
 spin-dn fermi level =   -0.432391 Ry,   gap(0K)= 0.088380 Ry = 1.202 eV
  
 delta movement in up-elecs =        5.4825855209
 delta movement in dn-elecs =        5.5681656147
 delta movement in electrons =       10.2142119069

 one-center local charge defect =         0.05147684

 one-center local charge defect =         0.04874760

 LMCC local dipole, |dip|=        2.0351753127
 Using LMCC treatment of supercell electrostatics
 DBG/LMCCINT, esns diagnostics redone
 LMCC chemical potential shift(Ry,eV)=        0.0000041353        0.0000562639
 LMCC esns total grid integral=        0.4755630805
  
 grid-integrated up-density total =       54.9437270201
 grid-integrated dn-density total =       52.9464544943
 grid-integrated valence-density total =      107.8901815144
  
 TOTAL single particle eigenvalue sum=       -99.6248655354
  
 rms,max scfchange=  7.5800D-05  1.2159D-02 for component#      1033
 ######################  ENERGY ANALYSIS  #######################
    Spherical-atom es ENERGY correction =      -312.8521004702
    Full spherical atom trace ENERGY =         -154.0580174768
    Spherical-atom-Vxc trace ENERGY =           180.6010908661
    non-spherical es ENERGY =                     0.4756316952
    Total Exc ENERGY =                         -100.4525101369

    total kinetic trace ENERGY =          282.3871728402
    non-local ps-pot trace ENERGY =        38.0637548581
    total electrostatic ENERGY =         -606.2843230840
    Total Vxc ENERGY =                   -130.2768780839

    TOTAL ENERGY (Rydberg) =                   -386.2859055226

 ################################################################

 After blending   +   17.12 =     974.6 seconds wall (    6.03 usr    1.49 sys)
  
 >>>>> self-consistency achieved, iteration   9


 Final GAP(eV)=  4.5043 (up),  1.2025 (dn)

 spin-up fermi level =   -0.306864 Ry,   gap(0K)= 0.331057 Ry = 4.504 eV
 spin-dn fermi level =   -0.432391 Ry,   gap(0K)= 0.088380 Ry = 1.202 eV

 k-vector:                  1
  weight:               1.000000
            level/UP/occup       level/DN/occup
  
    1    -1.978133  1.0000    -1.975091  1.0000
    2    -1.945991  1.0000    -1.942105  1.0000
    3    -1.863190  1.0000    -1.853327  1.0000
    4    -1.821649  1.0000    -1.809933  1.0000
             ...      ...         ...      ...
   36    -0.683596  1.0000    -0.671716  1.0000
   37    -0.674763  1.0000    -0.668738  1.0000
   38    -0.672337  1.0000    -0.659047  1.0000
   39    -0.652389  1.0000    -0.639678  1.0000
   40    -0.637233  1.0000    -0.631994  1.0000
   41    -0.634288  1.0000    -0.630461  1.0000
   42    -0.631867  1.0000    -0.622603  1.0000
   43    -0.623149  1.0000    -0.619492  1.0000
   44    -0.620006  1.0000    -0.601978  1.0000
   45    -0.609621  1.0000    -0.582298  1.0000
   46    -0.597213  1.0000    -0.561479  1.0000
   47    -0.580525  1.0000    -0.549871  1.0000
   48    -0.573362  1.0000    -0.527625  0.9999
   49    -0.553089  1.0000    -0.506960  0.9994
   50    -0.530215  1.0000    -0.497430  0.9985
   51    -0.516693  1.0000    -0.493474  0.9978
   52    -0.511460  1.0000    -0.484557  0.9946
   53    -0.498465  1.0000    -0.479815  0.9914
   54    -0.485615  1.0000    -0.391436  0.0164
   55    -0.472392  1.0000    -0.370470  0.0020
   56    -0.141335  0.0000    -0.093654  0.0000
   57    -0.034703  0.0000    -0.033280  0.0000
   58    -0.026872  0.0000    -0.020301  0.0000
   59     0.001506  0.0000     0.011807  0.0000
   60     0.020959  0.0000     0.027662  0.0000
   61     0.041700  0.0000     0.043907  0.0000
   62     0.058072  0.0000     0.062368  0.0000
   63     0.077132  0.0000     0.083712  0.0000
             ...      ...         ...      ...
  200     2.783263  0.0000     2.787788  0.0000
  
 >>>>> grid delta-density saved to file

 FINAL CONVERGED ENERGY (Rydberg) =     -386.2859055226
 Binding energy =      -26.5569525226 Ry =           -361.3287 eV

 AFTER ITERATIONS +    0.21 =     974.9 seconds wall (    0.01 usr    0.04 sys)
 Atom  20   Z=  1.0   occ=  1.00   rho=  0.9972366198   core=  0.0000000000
     vxc(afs ):   -0.79396323  -0.76860467  -0.02535856
     exc(afs ):   -0.62629927  -0.60409564  -0.02220363

 atom xc0frc stress term=       83.3387208902
 mat0frc: stripe-parallel, KPSTORE= F
  
 total force contributions(Ry/bohr):
        atom       x force          y force          z force
          1      0.0001390078     0.0000465640     0.0001152794
          2     -0.0002713971    -0.0004491736    -0.0001500574
          3      0.0000582856     0.0000382480    -0.0000126186
          4      0.0002439318     0.0007723952    -0.0002133572
          5      0.0000182320    -0.0001905817     0.0001182666
          6     -0.0000830522     0.0001581585     0.0001127806
          7      0.0000309186    -0.0000089323     0.0000513258
          8     -0.0000738538    -0.0001154854     0.0000521647
          9      0.0002172341    -0.0001095299     0.0000420193
         10      0.0001208754     0.0000690938    -0.0000076925
         11     -0.0001163896    -0.0001304382    -0.0000737562
         12     -0.0002403553     0.0001049695    -0.0001058479
         13     -0.0005387705    -0.0006353236    -0.0000098449
         14     -0.0003259803    -0.0001566351    -0.0001063101
         15      0.0002954146     0.0002577716     0.0009501234
         16      0.0000925997    -0.0001976566    -0.0000682036
         17      0.0002226294    -0.0000768549     0.0001541844
         18      0.0000426000     0.0002184041    -0.0001520476
         19      0.0001194922     0.0002329758    -0.0001521325
         20     -0.0000016086    -0.0001023227     0.0000241779
         21      0.0000293934    -0.0001100307    -0.0001343222
         22      0.0000743960    -0.0000186908     0.0000023452
         23     -0.0000473239     0.0000758499    -0.0002446206
         24      0.0000653649    -0.0003273088    -0.0005764684
         25      0.0000497709    -0.0001934797    -0.0006366785
         26     -0.0001053179    -0.0000416098    -0.0000161557
         27     -0.0000801442    -0.0000395067     0.0000053995
         28     -0.0000358552    -0.0000629181    -0.0000386022
         29     -0.0000460277     0.0000261592     0.0009179961
         30     -0.0001405166     0.0000018867    -0.0001442478
         31     -0.0000157389     0.0003015213     0.0002550785
         32     -0.0000192440    -0.0000355706    -0.0000376281
         33      0.0000097378     0.0000454293     0.0000512279
         34      0.0000309617    -0.0000134459     0.0000000000
         35      0.0000395407     0.0000404907     0.0001532899
         36      0.0000487726    -0.0000653676     0.0000486866
         37      0.0000659301    -0.0000455486     0.0001020859
      f-defect       -0.0001264862    -0.0007364936     0.0002758397

 AFTER FORCE RTNS +    3.34 =     978.2 seconds wall (    3.28 usr    0.04 sys)
  
 >>>>> GSELECT begins, nslics=           0
 <<<<< GSELECT ends
 rms,max force=  3.9185D-04  1.0278D-03 for component#       15
 dynamics update step #           7
ASD: min/max mass factors=   0.1984   1.5874
 >>>>> GUPDATE begins, nslics=           0
 GUPDATE: Largest relax: atom#, dr(au)=    24    0.001568
 <<<<< GUPDATE ends

 ###############################################################################
   NEW GEOMETRY for step   8, of   8 total
atom, type, position;  step#      8
 AT1          Pt               -0.4317884323   -0.4375847836    0.7582746777 
 AT2          O                 3.1965292199   -0.5731828817    1.8613245823 
 AT3          O                -3.7646148560    0.0570462460   -0.9320448050 
 AT4          P                 4.8125341630    2.0909715258    1.9368960560 
 AT5          P                -4.4511441578   -2.8416259443   -1.8632857641 
 AT6          O                -7.5053001242   -2.8749697799   -2.3839984522 
 AT7          O                -3.6892419304   -4.7764926064    0.1042822972 
 AT8          O                 4.1457217434    3.3711765674   -0.8601523641 
 AT9          O                 7.6185704447    1.8550141159    2.3695498027 
 AT10         C                 3.3087112496    4.1524342614    4.2918251952 
 AT11         C                -2.9498982317   -3.5032372977   -4.9179630621 
 AT12         C                -3.7028015852   -6.1586124585   -5.8536104690 
 AT13         C                -0.0697354323   -3.5143589394   -4.5169634182 
 AT14         C                -3.6890511638   -1.5439053561   -6.9173925287 
 AT15         C                 0.5134809923    4.7118572559    3.8342300725 
 AT16         C                 3.7196304214    2.9306267235    6.9050535314 
 AT17         C                 4.7492300932    6.6666367623    4.2577809852 
 AT18         H                -8.2133625366   -1.3059832412   -1.6737249527 
 AT19         H                 4.9100998994    2.2174150282   -2.1051134619 
 AT20         H                -3.1063958416   -7.6536228716   -4.5225282599 
 AT21         H                -2.6576927053   -6.4021774545   -7.6537799549 
 AT22         H                -5.7397815782   -6.3282930120   -6.2718201470 
 AT23         H                 0.5680092046   -4.8955948042   -3.0958354212 
 AT24         H                 0.6771100188   -1.6515509756   -3.9878444424 
 AT25         H                 0.7973005580   -4.0064013233   -6.3341395945 
 AT26         H                -5.7386580642   -1.5882371340   -7.2743639859 
 AT27         H                -2.6718303104   -2.0507237508   -8.6655652705 
 AT28         H                -3.0880125228    0.3521473497   -6.3471471869 
 AT29         H                -0.6934814904    3.0092580135    3.8655564057 
 AT30         H                 0.2186158718    5.7909602901    2.0914232685 
 AT31         H                -0.2129551741    5.8770592638    5.3927849051 
 AT32         H                 2.6149808314    1.1972066800    7.2100543105 
 AT33         H                 3.0683657944    4.3610214656    8.2684990545 
 AT34         H                 5.7372860617    2.5627966107    7.2558966104 
 AT35         H                 4.4448228508    7.7331225129    2.5158201305 
 AT36         H                 6.7800466292    6.3581889888    4.4848988203 
 AT37         H                 4.0383918392    7.8000435085    5.8421324939 
 ###############################################################################

 After geometry   +    0.04 =     978.2 seconds wall (    0.00 usr    0.00 sys)
  
 LATVEC: nlat1c,nlat2c,nlat =           1           1           1

  Atom
  Type  Shell  Min-alf     range
    1        0.129289   8.279963
    2        0.102474   9.300415
    3        0.143749   7.852478
    4        0.078997  10.592631
    5        0.095999   9.608947
    6        0.073120  11.010095
 Turnover EF->DM npopdm, npop0k=          88          55
 DEV264h/wkmem: perlsolv dist-mem
 DEV/wkmem: KPSTORE= F
 DEV/wkmem: psolv version, input do_psolv= F

 Need       21250-length r*4 array to pack grid wfcns/box
 Need      312125-length r*4 array to pack all grid wfcns
 Need       25000-length r*4 array for grid wfcns scratch
 WKMEM: using stripe-parallel+Merge  setup
 Minimum maxwkd for scf to complete=    29376447
 All grid wfcns stored in    156063 of 194817057 available
 WKMEM: in-core Broyden! uses    211770 out of 194660994 available
 >>>>> geom/basis data saved to file
  
 Atom type   1  radial valence charge =    5.999995363882
 Atom type   1      xc valence charge =    6.499995360087
  
 Atom type   2  radial valence charge =    0.999999985299
  
 Atom type   3  radial valence charge =    3.999996877569
  
 Atom type   4  radial valence charge =    9.999999976019
  
 Atom type   5  radial valence charge =    4.999999641069
  
 Atom type   6  radial valence charge =    3.999999473876
 mat0set: stripe-parallel, KPSTORE= F

   sij compute    +    0.01 =     978.2 seconds wall (    0.01 usr    0.00 sys)

   sij/nlat-bcast +    0.09 =     978.3 seconds wall (    0.09 usr    0.00 sys)

   vlocmat compute+    1.85 =     980.2 seconds wall (    0.36 usr    0.00 sys)

   vlocmii compute+    0.02 =     980.2 seconds wall (    0.02 usr    0.00 sys)

   nlocmat compute+    0.09 =     980.3 seconds wall (    0.09 usr    0.00 sys)
 NLOCMAT: Max neqilat=           1

 After mat0set    +    0.01 =     980.3 seconds wall (    0.00 usr    0.00 sys)
 Atom   1   Z= 10.0   occ= 10.00   rho=  9.9988948385   core=  0.0000000000
     vxc(afsw):  -11.08915655 -10.00453636  -1.08462019  -0.00003204
     exc(afsw):   -8.56908828  -7.67446956  -0.89461872  -0.00002461
 Atom   2   Z=  6.0   occ=  6.00   rho=  5.9928314373   core=  0.0000000000
                               rho(xc)=  6.4928313815
     vxc(afsw):   -8.99303418  -8.72557425  -0.26745994  -0.00017999
     exc(afsw):   -6.96535022  -6.73672234  -0.22862788  -0.00014479
 Atom   3   Z=  6.0   occ=  6.00   rho=  5.9876409317   core=  0.0000000000
                               rho(xc)=  6.4876408674
     vxc(afsw):   -8.95309907  -8.68559575  -0.26750332  -0.00031046
     exc(afsw):   -6.95906696  -6.73039192  -0.22867504  -0.00024980
 Atom   6   Z=  6.0   occ=  6.00   rho=  5.9884500328   core=  0.0000000000
                               rho(xc)=  6.4884499693
     vxc(afsw):   -8.96549732  -8.69799903  -0.26749829  -0.00029012
     exc(afsw):   -6.96045479  -6.73178709  -0.22866769  -0.00023342
 Atom   7   Z=  6.0   occ=  6.00   rho=  5.9944173942   core=  0.0000000000
                               rho(xc)=  6.4944173201
     vxc(afsw):   -8.99823192  -8.73078815  -0.26744377  -0.00014015
     exc(afsw):   -6.96695839  -6.73834548  -0.22861292  -0.00011274
 Atom   8   Z=  6.0   occ=  6.00   rho=  5.9935130796   core=  0.0000000000
                               rho(xc)=  6.4935129996
     vxc(afsw):   -8.99375978  -8.72630565  -0.26745413  -0.00016287
     exc(afsw):   -6.96621686  -6.73759565  -0.22862121  -0.00013102
 Atom   9   Z=  6.0   occ=  6.00   rho=  5.9914076691   core=  0.0000000000
                               rho(xc)=  6.4914075913
     vxc(afsw):   -8.98709487  -8.71962710  -0.26746777  -0.00021575
     exc(afsw):   -6.96385961  -6.73521803  -0.22864158  -0.00017358
 Atom  10   Z=  4.0   occ=  4.00   rho=  3.9976621975   core=  0.0000000000
     vxc(afsw):   -3.88245565  -3.65951322  -0.22294243  -0.00005333
     exc(afsw):   -3.00446578  -2.81323420  -0.19123158  -0.00004107
 Atom  11   Z=  4.0   occ=  4.00   rho=  4.0024222479   core=  0.0000000000
     vxc(afsw):   -3.90127408  -3.67836180  -0.22291227   0.00005501
     exc(afsw):   -3.00761450  -2.81640253  -0.19121197   0.00004233
 Atom  13   Z=  4.0   occ=  4.00   rho=  4.0011620045   core=  0.0000000000
     vxc(afsw):   -3.88964611  -3.66673934  -0.22290678   0.00002641
     exc(afsw):   -3.00703152  -2.81581350  -0.19121802   0.00002034
 Atom  15   Z=  4.0   occ=  4.00   rho=  3.9975739692   core=  0.0000000000
     vxc(afsw):   -3.88214926  -3.65920644  -0.22294281  -0.00005534
     exc(afsw):   -3.00437702  -2.81314508  -0.19123193  -0.00004262
 Atom  17   Z=  4.0   occ=  4.00   rho=  3.9981136895   core=  0.0000000000
     vxc(afsw):   -3.88166559  -3.65872895  -0.22293664  -0.00004301
     exc(afsw):   -3.00498900  -2.81375904  -0.19122995  -0.00003313
 Atom  18   Z=  1.0   occ=  1.00   rho=  0.9972191086   core=  0.0000000000
     vxc(afsw):   -0.79360210  -0.76824311  -0.02535899  -0.00003903
     exc(afsw):   -0.62628112  -0.60407735  -0.02220377  -0.00003291
 Atom  19   Z=  1.0   occ=  1.00   rho=  0.9967252111   core=  0.0000000000
     vxc(afsw):   -0.79198085  -0.76662236  -0.02535849  -0.00004593
     exc(afsw):   -0.62546371  -0.60325960  -0.02220410  -0.00003873
 Atom  20   Z=  1.0   occ=  1.00   rho=  0.9972354659   core=  0.0000000000
     vxc(afsw):   -0.79395910  -0.76860054  -0.02535856  -0.00003883
     exc(afsw):   -0.62629737  -0.60409374  -0.02220363  -0.00003275
 Atom  21   Z=  1.0   occ=  1.00   rho=  0.9975953381   core=  0.0000000000
     vxc(afsw):   -0.79529364  -0.76993499  -0.02535866  -0.00003379
     exc(afsw):   -0.62688640  -0.60468308  -0.02220332  -0.00002849
 Atom  22   Z=  1.0   occ=  1.00   rho=  0.9972351902   core=  0.0000000000
     vxc(afsw):   -0.79376777  -0.76840891  -0.02535886  -0.00003881
     exc(afsw):   -0.62630415  -0.60410044  -0.02220371  -0.00003272
 Atom  23   Z=  1.0   occ=  1.00   rho=  0.9974696351   core=  0.0000000000
     vxc(afsw):   -0.79455206  -0.76919301  -0.02535906  -0.00003553
     exc(afsw):   -0.62669121  -0.60448767  -0.02220354  -0.00002997
 Atom  24   Z=  1.0   occ=  1.00   rho=  0.9958714942   core=  0.0000000000
     vxc(afsw):   -0.78934439  -0.76398702  -0.02535737  -0.00005784
     exc(afsw):   -0.62404518  -0.60184056  -0.02220461  -0.00004877
 Atom  25   Z=  1.0   occ=  1.00   rho=  0.9965764240   core=  0.0000000000
     vxc(afsw):   -0.79153740  -0.76617911  -0.02535828  -0.00004802
     exc(afsw):   -0.62521602  -0.60301183  -0.02220419  -0.00004049
 Atom  26   Z=  1.0   occ=  1.00   rho=  0.9972146418   core=  0.0000000000
     vxc(afsw):   -0.79368621  -0.76832735  -0.02535886  -0.00003910
     exc(afsw):   -0.62627057  -0.60406684  -0.02220373  -0.00003297
 Atom  27   Z=  1.0   occ=  1.00   rho=  0.9968828292   core=  0.0000000000
     vxc(afsw):   -0.79261932  -0.76726081  -0.02535850  -0.00004375
     exc(afsw):   -0.62572084  -0.60351689  -0.02220395  -0.00003689
 Atom  28   Z=  1.0   occ=  1.00   rho=  0.9970871821   core=  0.0000000000
     vxc(afsw):   -0.79323804  -0.76787927  -0.02535877  -0.00004089
     exc(afsw):   -0.62606056  -0.60385673  -0.02220383  -0.00003448
 Atom  29   Z=  1.0   occ=  1.00   rho=  0.9970365367   core=  0.0000000000
     vxc(afsw):   -0.79304089  -0.76768213  -0.02535876  -0.00004159
     exc(afsw):   -0.62597779  -0.60377392  -0.02220388  -0.00003507
 Atom  30   Z=  1.0   occ=  1.00   rho=  0.9962613646   core=  0.0000000000
     vxc(afsw):   -0.79055759  -0.76519971  -0.02535788  -0.00005243
     exc(afsw):   -0.62469275  -0.60248837  -0.02220438  -0.00004421
 Atom  31   Z=  1.0   occ=  1.00   rho=  0.9958688853   core=  0.0000000000
     vxc(afsw):   -0.78933674  -0.76397938  -0.02535737  -0.00005787
     exc(afsw):   -0.62404083  -0.60183621  -0.02220462  -0.00004880
 Atom  32   Z=  1.0   occ=  1.00   rho=  0.9962699248   core=  0.0000000000
     vxc(afsw):   -0.79061028  -0.76525242  -0.02535786  -0.00005232
     exc(afsw):   -0.62470617  -0.60250181  -0.02220436  -0.00004412
 Atom  33   Z=  1.0   occ=  1.00   rho=  0.9969945640   core=  0.0000000000
     vxc(afsw):   -0.79302869  -0.76767014  -0.02535855  -0.00004219
     exc(afsw):   -0.62590424  -0.60370039  -0.02220386  -0.00003558
 Atom  34   Z=  1.0   occ=  1.00   rho=  0.9969429297   core=  0.0000000000
     vxc(afsw):   -0.79266896  -0.76731021  -0.02535875  -0.00004289
     exc(afsw):   -0.62582491  -0.60362095  -0.02220397  -0.00003617
 Atom  35   Z=  1.0   occ=  1.00   rho=  0.9961442990   core=  0.0000000000
     vxc(afsw):   -0.79018299  -0.76482525  -0.02535774  -0.00005404
     exc(afsw):   -0.62449862  -0.60229417  -0.02220445  -0.00004557
 Atom  36   Z=  1.0   occ=  1.00   rho=  0.9960016701   core=  0.0000000000
     vxc(afsw):   -0.78975227  -0.76439473  -0.02535754  -0.00005605
     exc(afsw):   -0.62426133  -0.60205679  -0.02220453  -0.00004726
 Atom  37   Z=  1.0   occ=  1.00   rho=  0.9964925440   core=  0.0000000000
     vxc(afsw):   -0.79133808  -0.76597999  -0.02535810  -0.00004921
     exc(afsw):   -0.62507482  -0.60287061  -0.02220421  -0.00004150
 ***** CAUTION: grid fineness questionable

 grid0xc compute+    0.36 =     980.7 seconds wall (    0.36 usr    0.00 sys)

 grid0xc Merge  +    0.05 =     980.7 seconds wall (    0.00 usr    0.05 sys)

 grid0xc Bcast  +    0.19 =     980.9 seconds wall (    0.19 usr    0.00 sys)


 AFTER SETUP PHASE+    5.38 =     986.3 seconds wall (    0.22 usr    0.56 sys)

  
 *************************  iteration   0 begins here  *************************


 Before iterations+    0.03 =     986.3 seconds wall (    0.03 usr    0.00 sys)
  
 grid-integrated up-density total =       53.9568480867
 grid-integrated dn-density total =       53.9568480867
 grid-integrated valence-density total =      107.9136961734
 Harris Fcnal XC piece=       29.2767039097
  
  

 After 0 iteration+    0.54 =     986.8 seconds wall (    0.47 usr    0.07 sys)
 *************************  iteration   1 begins here  *************************


 erlsolv/begin  +    0.71 =     987.6 seconds wall (    0.05 usr    0.00 sys)
 PERLSOLV: kpp-copmatible version

 erlsolv/schroed+    3.00 =     990.6 seconds wall (    2.34 usr    0.01 sys)

 erlsolv/pop    +    0.00 =     990.6 seconds wall (    0.00 usr   -0.00 sys)

 erlsolv/dmat compute+    0.00 =     990.6 seconds wall (    0.00 usr    0.00 sys)

 erlsolv/dmat compute+    0.18 =     990.7 seconds wall (    0.18 usr    0.00 sys)

 erlsolv/rhoij  +    0.17 =     990.9 seconds wall (    0.17 usr    0.00 sys)

 spin-up fermi level =   -0.263648 Ry,   gap(0K)= 0.356504 Ry = 4.851 eV
 spin-dn fermi level =   -0.472609 Ry,   gap(0K)= 0.026096 Ry = 0.355 eV

 k-vector:                  1
  weight:               1.000000
            level/UP/occup       level/DN/occup
  
    1    -1.928374  1.0000    -1.928374  1.0000
    2    -1.921431  1.0000    -1.921431  1.0000
    3    -1.837311  1.0000    -1.837311  1.0000
    4    -1.831553  1.0000    -1.831553  1.0000
             ...      ...         ...      ...
   36    -0.719980  1.0000    -0.719980  1.0000
   37    -0.706828  1.0000    -0.706828  1.0000
   38    -0.705449  1.0000    -0.705449  1.0000
   39    -0.704875  1.0000    -0.704875  1.0000
   40    -0.699804  1.0000    -0.699804  1.0000
   41    -0.691913  1.0000    -0.691913  1.0000
   42    -0.682864  1.0000    -0.682864  1.0000
   43    -0.661308  1.0000    -0.661308  1.0000
   44    -0.641485  1.0000    -0.641485  1.0000
   45    -0.621141  1.0000    -0.621141  1.0000
   46    -0.613100  1.0000    -0.613100  1.0000
   47    -0.600444  1.0000    -0.600444  1.0000
   48    -0.586041  1.0000    -0.586041  1.0000
   49    -0.576263  1.0000    -0.576263  1.0000
   50    -0.567726  1.0000    -0.567726  0.9999
   51    -0.544451  1.0000    -0.544451  0.9992
   52    -0.538079  1.0000    -0.538079  0.9986
   53    -0.484405  1.0000    -0.484405  0.7649
   54    -0.458309  1.0000    -0.458309  0.1931
   55    -0.441900  1.0000    -0.441900  0.0443
   56    -0.085396  0.0000    -0.085396  0.0000
   57    -0.008679  0.0000    -0.008679  0.0000
   58     0.002509  0.0000     0.002509  0.0000
   59     0.021682  0.0000     0.021682  0.0000
   60     0.037275  0.0000     0.037275  0.0000
   61     0.051390  0.0000     0.051390  0.0000
   62     0.060550  0.0000     0.060550  0.0000
   63     0.080275  0.0000     0.080275  0.0000
             ...      ...         ...      ...
  200     2.768037  0.0000     2.768037  0.0000
  
 delta movement in up-elecs =        6.8671431743
 delta movement in dn-elecs =        6.6827929535
 delta movement in electrons =       12.8967841835

 one-center local charge defect =         0.05235826

 one-center local charge defect =         0.04994418

 LMCC local dipole, |dip|=        3.6759209184
 Using LMCC treatment of supercell electrostatics
 DBG/LMCCINT, esns diagnostics redone
 LMCC chemical potential shift(Ry,eV)=        0.0000117903        0.0001604164
 LMCC esns total grid integral=        1.3599259979
  
 grid-integrated up-density total =       54.9426467396
 grid-integrated dn-density total =       52.9450619677
 grid-integrated valence-density total =      107.8877087072
  
 TOTAL single particle eigenvalue sum=      -103.3968496224
  
 rms,max scfchange=  1.2436D-02  5.5200D-01 for component#    154114
 electronic meth_bl(BROYDEN)=           1
>>>>> Broyden: first step (elec) simple blend ratio= 0.300000
<<<<< Broyden step complete, scf step=     1

 After blending   +   16.96 =    1007.9 seconds wall (    9.14 usr    1.54 sys)
  
 *************************  iteration   2 begins here  *************************


 erlsolv/begin  +    0.12 =    1008.0 seconds wall (    0.12 usr    0.00 sys)
 PERLSOLV: kpp-copmatible version

 erlsolv/schroed+    0.06 =    1008.1 seconds wall (    0.05 usr    0.00 sys)

 erlsolv/pop    +    0.00 =    1008.1 seconds wall (    0.00 usr    0.00 sys)

 erlsolv/dmat compute+    0.00 =    1008.1 seconds wall (    0.00 usr    0.00 sys)

 erlsolv/dmat compute+    0.00 =    1008.1 seconds wall (    0.00 usr    0.00 sys)

 erlsolv/rhoij  +    0.01 =    1008.1 seconds wall (    0.00 usr    0.00 sys)

 spin-up fermi level =   -0.280040 Ry,   gap(0K)= 0.337356 Ry = 4.590 eV
 spin-dn fermi level =   -0.464366 Ry,   gap(0K)= 0.038618 Ry = 0.525 eV
  
 delta movement in up-elecs =        5.7770948755
 delta movement in dn-elecs =        5.5060584343
 delta movement in electrons =       10.6657683986

 one-center local charge defect =         0.05154994

 one-center local charge defect =         0.04854631

 LMCC local dipole, |dip|=        1.9358673332
 Using LMCC treatment of supercell electrostatics
 DBG/LMCCINT, esns diagnostics redone
 LMCC chemical potential shift(Ry,eV)=        0.0000032348        0.0000440116
 LMCC esns total grid integral=        0.6231223423
  
 grid-integrated up-density total =       54.9435642407
 grid-integrated dn-density total =       52.9465721965
 grid-integrated valence-density total =      107.8901364372
  
 TOTAL single particle eigenvalue sum=      -100.0398990205
  
 rms,max scfchange=  4.8178D-03  2.4413D-01 for component#    118682
 electronic meth_bl(BROYDEN)=           1
>>>>> Broyden blend to get next step - elec
<<<<< Broyden step complete, scf step=     2

 After blending   +   13.42 =    1021.5 seconds wall (    7.09 usr    1.51 sys)
  
 *************************  iteration   3 begins here  *************************


 erlsolv/begin  +    0.04 =    1021.5 seconds wall (    0.04 usr    0.00 sys)
 PERLSOLV: kpp-copmatible version

 erlsolv/schroed+    0.06 =    1021.6 seconds wall (    0.06 usr    0.00 sys)

 erlsolv/pop    +    0.00 =    1021.6 seconds wall (    0.00 usr    0.00 sys)

 erlsolv/dmat compute+    0.00 =    1021.6 seconds wall (    0.00 usr    0.00 sys)

 erlsolv/dmat compute+    0.01 =    1021.6 seconds wall (    0.00 usr    0.00 sys)

 erlsolv/rhoij  +    0.00 =    1021.6 seconds wall (    0.00 usr    0.00 sys)

 spin-up fermi level =   -0.260439 Ry,   gap(0K)= 0.335066 Ry = 4.559 eV
 spin-dn fermi level =   -0.422521 Ry,   gap(0K)= 0.048428 Ry = 0.659 eV
  
 delta movement in up-elecs =        5.5942766710
 delta movement in dn-elecs =        5.6045800798
 delta movement in electrons =       10.4257632960

 one-center local charge defect =         0.05165802

 one-center local charge defect =         0.04925101

 LMCC local dipole, |dip|=        2.5301575295
 Using LMCC treatment of supercell electrostatics
 DBG/LMCCINT, esns diagnostics redone
 LMCC chemical potential shift(Ry,eV)=        0.0000062318        0.0000847888
 LMCC esns total grid integral=        0.5712979914
  
 grid-integrated up-density total =       54.9435023467
 grid-integrated dn-density total =       52.9459111285
 grid-integrated valence-density total =      107.8894134752
  
 TOTAL single particle eigenvalue sum=       -99.0413716008
  
 rms,max scfchange=  3.1295D-03  2.3638D-01 for component#      1033
 electronic meth_bl(BROYDEN)=           1
>>>>> Broyden blend to get next step - elec
<<<<< Broyden step complete, scf step=     3

 After blending   +   13.13 =    1034.7 seconds wall (    6.14 usr    1.50 sys)
  
 *************************  iteration   4 begins here  *************************


 erlsolv/begin  +    0.12 =    1034.9 seconds wall (    0.12 usr    0.00 sys)
 PERLSOLV: kpp-copmatible version

 erlsolv/schroed+    0.08 =    1034.9 seconds wall (    0.05 usr    0.01 sys)

 erlsolv/pop    +    0.00 =    1034.9 seconds wall (    0.00 usr    0.00 sys)

 erlsolv/dmat compute+    0.00 =    1034.9 seconds wall (    0.00 usr    0.00 sys)

 erlsolv/dmat compute+    0.01 =    1034.9 seconds wall (    0.00 usr    0.00 sys)

 erlsolv/rhoij  +    0.00 =    1034.9 seconds wall (    0.00 usr    0.00 sys)

 spin-up fermi level =   -0.279160 Ry,   gap(0K)= 0.334856 Ry = 4.556 eV
 spin-dn fermi level =   -0.436422 Ry,   gap(0K)= 0.061577 Ry = 0.838 eV
  
 delta movement in up-elecs =        5.4976720635
 delta movement in dn-elecs =        5.4669729124
 delta movement in electrons =       10.1729419890

 one-center local charge defect =         0.05151718

 one-center local charge defect =         0.04881191

 LMCC local dipole, |dip|=        2.1850287645
 Using LMCC treatment of supercell electrostatics
 DBG/LMCCINT, esns diagnostics redone
 LMCC chemical potential shift(Ry,eV)=        0.0000047763        0.0000649855
 LMCC esns total grid integral=        0.4899938298
  
 grid-integrated up-density total =       54.9436623508
 grid-integrated dn-density total =       52.9463704663
 grid-integrated valence-density total =      107.8900328170
  
 TOTAL single particle eigenvalue sum=       -99.0330621806
  
 rms,max scfchange=  1.0562D-03  7.8047D-02 for component#      1033
 electronic meth_bl(BROYDEN)=           1
>>>>> Broyden blend to get next step - elec
<<<<< Broyden step complete, scf step=     4

 After blending   +   12.02 =    1047.0 seconds wall (    5.82 usr    1.48 sys)
  
 *************************  iteration   5 begins here  *************************


 erlsolv/begin  +    0.02 =    1047.0 seconds wall (    0.02 usr    0.00 sys)
 PERLSOLV: kpp-copmatible version

 erlsolv/schroed+    0.06 =    1047.1 seconds wall (    0.05 usr    0.00 sys)

 erlsolv/pop    +    0.00 =    1047.1 seconds wall (    0.00 usr    0.00 sys)

 erlsolv/dmat compute+    0.00 =    1047.1 seconds wall (    0.00 usr   -0.00 sys)

 erlsolv/dmat compute+    0.01 =    1047.1 seconds wall (    0.00 usr    0.00 sys)

 erlsolv/rhoij  +    0.00 =    1047.1 seconds wall (    0.00 usr    0.00 sys)

 spin-up fermi level =   -0.289118 Ry,   gap(0K)= 0.332174 Ry = 4.519 eV
 spin-dn fermi level =   -0.435401 Ry,   gap(0K)= 0.072876 Ry = 0.992 eV
  
 delta movement in up-elecs =        5.4848584123
 delta movement in dn-elecs =        5.4828932591
 delta movement in electrons =       10.1645139470

 one-center local charge defect =         0.05154907

 one-center local charge defect =         0.04880352

 LMCC local dipole, |dip|=        2.0883449612
 Using LMCC treatment of supercell electrostatics
 DBG/LMCCINT, esns diagnostics redone
 LMCC chemical potential shift(Ry,eV)=        0.0000042853        0.0000583047
 LMCC esns total grid integral=        0.4796090032
  
 grid-integrated up-density total =       54.9436395070
 grid-integrated dn-density total =       52.9463879168
 grid-integrated valence-density total =      107.8900274238
  
 TOTAL single particle eigenvalue sum=       -99.2594111959
  
 rms,max scfchange=  5.1538D-04  6.4380D-02 for component#      1033
 electronic meth_bl(BROYDEN)=           1
>>>>> Broyden blend to get next step - elec
<<<<< Broyden step complete, scf step=     5

 After blending   +   11.16 =    1058.2 seconds wall (    6.04 usr    1.48 sys)
  
 *************************  iteration   6 begins here  *************************


 erlsolv/begin  +    0.00 =    1058.2 seconds wall (    0.00 usr    0.00 sys)
 PERLSOLV: kpp-copmatible version

 erlsolv/schroed+    0.06 =    1058.3 seconds wall (    0.05 usr    0.01 sys)

 erlsolv/pop    +    0.00 =    1058.3 seconds wall (    0.00 usr    0.00 sys)

 erlsolv/dmat compute+    0.00 =    1058.3 seconds wall (    0.00 usr    0.00 sys)

 erlsolv/dmat compute+    0.01 =    1058.3 seconds wall (    0.00 usr    0.00 sys)

 erlsolv/rhoij  +    0.03 =    1058.3 seconds wall (    0.00 usr    0.00 sys)

 spin-up fermi level =   -0.297970 Ry,   gap(0K)= 0.331359 Ry = 4.508 eV
 spin-dn fermi level =   -0.434876 Ry,   gap(0K)= 0.079892 Ry = 1.087 eV
  
 delta movement in up-elecs =        5.4786574956
 delta movement in dn-elecs =        5.4997380507
 delta movement in electrons =       10.1602954918

 one-center local charge defect =         0.05152304

 one-center local charge defect =         0.04872507

 LMCC local dipole, |dip|=        2.0098133705
 Using LMCC treatment of supercell electrostatics
 DBG/LMCCINT, esns diagnostics redone
 LMCC chemical potential shift(Ry,eV)=        0.0000039754        0.0000540880
 LMCC esns total grid integral=        0.4739307425
  
 grid-integrated up-density total =       54.9436724471
 grid-integrated dn-density total =       52.9464727108
 grid-integrated valence-density total =      107.8901451579
  
 TOTAL single particle eigenvalue sum=       -99.4385969848
  
 rms,max scfchange=  1.8213D-04  3.1212D-02 for component#      1033
 electronic meth_bl(BROYDEN)=           1
>>>>> Broyden blend to get next step - elec
<<<<< Broyden step complete, scf step=     6

 After blending   +   12.52 =    1070.8 seconds wall (    6.07 usr    1.50 sys)
  
 *************************  iteration   7 begins here  *************************


 erlsolv/begin  +    0.00 =    1070.9 seconds wall (    0.00 usr    0.00 sys)
 PERLSOLV: kpp-copmatible version

 erlsolv/schroed+    0.06 =    1070.9 seconds wall (    0.05 usr    0.00 sys)

 erlsolv/pop    +    0.00 =    1070.9 seconds wall (    0.00 usr    0.00 sys)

 erlsolv/dmat compute+    0.00 =    1070.9 seconds wall (    0.00 usr    0.00 sys)

 erlsolv/dmat compute+    0.01 =    1070.9 seconds wall (    0.00 usr    0.00 sys)

 erlsolv/rhoij  +    0.00 =    1070.9 seconds wall (    0.00 usr    0.00 sys)

 spin-up fermi level =   -0.300405 Ry,   gap(0K)= 0.331754 Ry = 4.514 eV
 spin-dn fermi level =   -0.433702 Ry,   gap(0K)= 0.083239 Ry = 1.133 eV
  
 delta movement in up-elecs =        5.4777170752
 delta movement in dn-elecs =        5.5201219472
 delta movement in electrons =       10.1727231724

 one-center local charge defect =         0.05150659

 one-center local charge defect =         0.04872601

 LMCC local dipole, |dip|=        2.0384867807
 Using LMCC treatment of supercell electrostatics
 DBG/LMCCINT, esns diagnostics redone
 LMCC chemical potential shift(Ry,eV)=        0.0000041189        0.0000560411
 LMCC esns total grid integral=        0.4745271893
  
 grid-integrated up-density total =       54.9436916435
 grid-integrated dn-density total =       52.9464730159
 grid-integrated valence-density total =      107.8901646594
  
 TOTAL single particle eigenvalue sum=       -99.4829101614
  
 rms,max scfchange=  1.8830D-04  3.1154D-02 for component#      1033
 electronic meth_bl(BROYDEN)=           1
>>>>> Broyden blend to get next step - elec
<<<<< Broyden step complete, scf step=     7

 After blending   +   12.08 =    1083.0 seconds wall (    6.11 usr    1.57 sys)
  
 *************************  iteration   8 begins here  *************************


 erlsolv/begin  +    0.00 =    1083.0 seconds wall (    0.00 usr    0.00 sys)
 PERLSOLV: kpp-copmatible version

 erlsolv/schroed+    0.06 =    1083.1 seconds wall (    0.05 usr    0.00 sys)

 erlsolv/pop    +    0.00 =    1083.1 seconds wall (    0.00 usr    0.00 sys)

 erlsolv/dmat compute+    0.00 =    1083.1 seconds wall (    0.00 usr    0.00 sys)

 erlsolv/dmat compute+    0.01 =    1083.1 seconds wall (    0.00 usr    0.00 sys)

 erlsolv/rhoij  +    0.01 =    1083.1 seconds wall (    0.00 usr    0.00 sys)

 spin-up fermi level =   -0.303434 Ry,   gap(0K)= 0.331736 Ry = 4.514 eV
 spin-dn fermi level =   -0.432692 Ry,   gap(0K)= 0.086242 Ry = 1.173 eV
  
 delta movement in up-elecs =        5.4779951031
 delta movement in dn-elecs =        5.5423802936
 delta movement in electrons =       10.1896738891

 one-center local charge defect =         0.05148625

 one-center local charge defect =         0.04872620

 LMCC local dipole, |dip|=        2.0366115157
 Using LMCC treatment of supercell electrostatics
 DBG/LMCCINT, esns diagnostics redone
 LMCC chemical potential shift(Ry,eV)=        0.0000041240        0.0000561101
 LMCC esns total grid integral=        0.4748544210
  
 grid-integrated up-density total =       54.9437150505
 grid-integrated dn-density total =       52.9464748263
 grid-integrated valence-density total =      107.8901898768
  
 TOTAL single particle eigenvalue sum=       -99.5432066564
  
 rms,max scfchange=  1.6011D-04  2.5701D-02 for component#      1033
 electronic meth_bl(BROYDEN)=           1
>>>>> Broyden blend to get next step - elec
<<<<< Broyden step complete, scf step=     8

 After blending   +   11.96 =    1095.0 seconds wall (    6.16 usr    1.52 sys)
  
 *************************  iteration   9 begins here  *************************


 erlsolv/begin  +    0.02 =    1095.1 seconds wall (    0.02 usr    0.00 sys)
 PERLSOLV: kpp-copmatible version

 erlsolv/schroed+    0.06 =    1095.1 seconds wall (    0.06 usr    0.00 sys)

 erlsolv/pop    +    0.00 =    1095.1 seconds wall (    0.00 usr    0.00 sys)

 erlsolv/dmat compute+    0.00 =    1095.1 seconds wall (    0.00 usr    0.00 sys)

 erlsolv/dmat compute+    0.01 =    1095.1 seconds wall (    0.00 usr    0.00 sys)

 erlsolv/rhoij  +    0.00 =    1095.1 seconds wall (    0.00 usr    0.00 sys)

 spin-up fermi level =   -0.306832 Ry,   gap(0K)= 0.331116 Ry = 4.505 eV
 spin-dn fermi level =   -0.432398 Ry,   gap(0K)= 0.088409 Ry = 1.203 eV
  
 delta movement in up-elecs =        5.4825654400
 delta movement in dn-elecs =        5.5680654442
 delta movement in electrons =       10.2140772333

 one-center local charge defect =         0.05145673

 one-center local charge defect =         0.04872782

 LMCC local dipole, |dip|=        2.0354012811
 Using LMCC treatment of supercell electrostatics
 DBG/LMCCINT, esns diagnostics redone
 LMCC chemical potential shift(Ry,eV)=        0.0000041337        0.0000562421
 LMCC esns total grid integral=        0.4755492934
  
 grid-integrated up-density total =       54.9437457540
 grid-integrated dn-density total =       52.9464732937
 grid-integrated valence-density total =      107.8902190477
  
 TOTAL single particle eigenvalue sum=       -99.6237855389
  
 rms,max scfchange=  7.6199D-05  1.2206D-02 for component#      1033
 ######################  ENERGY ANALYSIS  #######################
    Spherical-atom es ENERGY correction =      -312.8541658127
    Full spherical atom trace ENERGY =         -154.0525136129
    Spherical-atom-Vxc trace ENERGY =           180.5968207847
    non-spherical es ENERGY =                     0.4756180214
    Total Exc ENERGY =                         -100.4516777205

    total kinetic trace ENERGY =          282.3841768582
    non-local ps-pot trace ENERGY =        38.0636974753
    total electrostatic ENERGY =         -606.2821149531
    Total Vxc ENERGY =                   -130.2756537284

    TOTAL ENERGY (Rydberg) =                   -386.2859183401

 ################################################################

 After blending   +   12.69 =    1107.8 seconds wall (    6.04 usr    1.49 sys)
  
 >>>>> self-consistency achieved, iteration   9


 Final GAP(eV)=  4.5051 (up),  1.2029 (dn)

 spin-up fermi level =   -0.306832 Ry,   gap(0K)= 0.331116 Ry = 4.505 eV
 spin-dn fermi level =   -0.432398 Ry,   gap(0K)= 0.088409 Ry = 1.203 eV

 k-vector:                  1
  weight:               1.000000
            level/UP/occup       level/DN/occup
  
    1    -1.978070  1.0000    -1.975030  1.0000
    2    -1.946029  1.0000    -1.942145  1.0000
    3    -1.863127  1.0000    -1.853268  1.0000
    4    -1.821614  1.0000    -1.809893  1.0000
             ...      ...         ...      ...
   36    -0.683635  1.0000    -0.671656  1.0000
   37    -0.674743  1.0000    -0.668711  1.0000
   38    -0.672281  1.0000    -0.659043  1.0000
   39    -0.652389  1.0000    -0.639737  1.0000
   40    -0.637304  1.0000    -0.632029  1.0000
   41    -0.634277  1.0000    -0.630427  1.0000
   42    -0.631847  1.0000    -0.622612  1.0000
   43    -0.623149  1.0000    -0.619443  1.0000
   44    -0.619943  1.0000    -0.601987  1.0000
   45    -0.609610  1.0000    -0.582297  1.0000
   46    -0.597201  1.0000    -0.561490  1.0000
   47    -0.580520  1.0000    -0.549868  1.0000
   48    -0.573335  1.0000    -0.527610  0.9999
   49    -0.553056  1.0000    -0.506943  0.9994
   50    -0.530184  1.0000    -0.497407  0.9985
   51    -0.516671  1.0000    -0.493463  0.9978
   52    -0.511451  1.0000    -0.484568  0.9946
   53    -0.498449  1.0000    -0.479847  0.9914
   54    -0.485656  1.0000    -0.391439  0.0164
   55    -0.472390  1.0000    -0.370446  0.0020
   56    -0.141274  0.0000    -0.093652  0.0000
   57    -0.034733  0.0000    -0.033749  0.0000
   58    -0.026881  0.0000    -0.020469  0.0000
   59     0.001483  0.0000     0.011765  0.0000
   60     0.020943  0.0000     0.027612  0.0000
   61     0.041689  0.0000     0.043857  0.0000
   62     0.058128  0.0000     0.062384  0.0000
   63     0.077140  0.0000     0.083704  0.0000
             ...      ...         ...      ...
  200     2.783215  0.0000     2.787726  0.0000
  
 >>>>> grid delta-density saved to file

 FINAL CONVERGED ENERGY (Rydberg) =     -386.2859183401
 Binding energy =      -26.5569653401 Ry =           -361.3289 eV

 AFTER ITERATIONS +    0.18 =    1108.0 seconds wall (    0.00 usr    0.04 sys)
 Atom  20   Z=  1.0   occ=  1.00   rho=  0.9972354659   core=  0.0000000000
     vxc(afs ):   -0.79395910  -0.76860054  -0.02535856
     exc(afs ):   -0.62629737  -0.60409374  -0.02220363

 atom xc0frc stress term=       83.3387208902
 mat0frc: stripe-parallel, KPSTORE= F
  
 total force contributions(Ry/bohr):
        atom       x force          y force          z force
          1      0.0000252795     0.0000304608     0.0000781639
          2     -0.0001247780    -0.0001314708    -0.0001017268
          3     -0.0001023684    -0.0001637789     0.0001012208
          4      0.0002144928     0.0005720306    -0.0002196615
          5      0.0000221286    -0.0001479768     0.0002130725
          6     -0.0000572301     0.0000229257     0.0001082111
          7     -0.0000615247     0.0001241204    -0.0002306817
          8     -0.0000464694    -0.0000461480    -0.0000198163
          9      0.0000946359    -0.0000799986     0.0000221968
         10      0.0000790271     0.0000261780     0.0001874676
         11     -0.0002609622    -0.0001678477    -0.0001166880
         12      0.0001020500    -0.0000917164    -0.0001202228
         13     -0.0003194867    -0.0007331858    -0.0007643576
         14     -0.0001709295    -0.0000135755     0.0000236532
         15     -0.0002881811     0.0004395652     0.0003740740
         16      0.0001462007    -0.0001215367     0.0000178183
         17      0.0002341567    -0.0000402496     0.0002079653
         18      0.0000323125     0.0002027057    -0.0001023842
         19      0.0000863456     0.0002139664    -0.0001392289
         20     -0.0000560493     0.0000017164    -0.0000716256
         21     -0.0000697219    -0.0000498832     0.0000247348
         22     -0.0001241320    -0.0000198741    -0.0000359768
         23      0.0000152762    -0.0001333425    -0.0000249941
         24      0.0001214018     0.0000530352    -0.0002925455
         25     -0.0001995459    -0.0001528520    -0.0001674113
         26     -0.0001324422    -0.0000290445    -0.0000050114
         27     -0.0000469919    -0.0000568705    -0.0000650530
         28     -0.0000756791    -0.0001290086    -0.0000620411
         29      0.0001352501     0.0002094475     0.0009197689
         30     -0.0000906816    -0.0002407012     0.0003301928
         31      0.0001856287    -0.0000010069    -0.0000930460
         32      0.0000011309    -0.0000060690    -0.0000418977
         33      0.0000418984    -0.0000387278    -0.0000379814
         34      0.0000044308    -0.0000228522     0.0000102410
         35      0.0000458401     0.0000344634     0.0001280249
         36      0.0000359484    -0.0000321657     0.0000257940
         37      0.0000794770    -0.0000832115     0.0000312791
      f-defect       -0.0005242622    -0.0008024792     0.0000915273

 AFTER FORCE RTNS +    0.66 =    1108.7 seconds wall (    0.60 usr    0.05 sys)
  
 >>>>> GSELECT begins, nslics=           0
 <<<<< GSELECT ends
 rms,max force=  3.4027D-04  1.1063D-03 for component#       13
 dynamics update step #           8
ASD: min/max mass factors=   0.1984   1.2599
 >>>>> GUPDATE begins, nslics=           0
 GUPDATE: Largest relax: atom#, dr(au)=    29    0.002457
 <<<<< GUPDATE ends

 ###############################################################################
   NEW GEOMETRY for step   9, of   9 total
atom, type, position;  step#      9
 AT1          Pt               -0.4317267093   -0.4375104096    0.7584655246 
 AT2          O                 3.1964797017   -0.5732350559    1.8612842120 
 AT3          O                -3.7646404481    0.0570053013   -0.9320194998 
 AT4          P                 4.8126355380    2.0912418829    1.9367922381 
 AT5          P                -4.4511279206   -2.8417345251   -1.8631294180 
 AT6          O                -7.5054064998   -2.8749271670   -2.3837973162 
 AT7          O                -3.6892573115   -4.7764615763    0.1042246268 
 AT8          O                 4.1456680694    3.3711232646   -0.8601752527 
 AT9          O                 7.6186649023    1.8549342680    2.3695719577 
 AT10         C                 3.3088038262    4.1524649277    4.2920448048 
 AT11         C                -2.9500860813   -3.5033581203   -4.9180470582 
 AT12         C                -3.7027610866   -6.1586488562   -5.8536581794 
 AT13         C                -0.0699630901   -3.5148813884   -4.5175080793 
 AT14         C                -3.6894656711   -1.5439382770   -6.9173351692 
 AT15         C                 0.5130379370    4.7125330521    3.8348051812 
 AT16         C                 3.7197570458    2.9305214605    6.9050689639 
 AT17         C                 4.7495139106    6.6665879765    4.2580330564 
 AT18         H                -8.2132682975   -1.3053920522   -1.6740235551 
 AT19         H                 4.9102871503    2.2178790399   -2.1054153964 
 AT20         H                -3.1064033884   -7.6536228716   -4.5225379039 
 AT21         H                -2.6577500603   -6.4022184896   -7.6537596075 
 AT22         H                -5.7398801018   -6.3283087861   -6.2718487018 
 AT23         H                 0.5680130236   -4.8956281398   -3.0958416697 
 AT24         H                 0.6776726748   -1.6513051756   -3.9892002914 
 AT25         H                 0.7967966015   -4.0067873536   -6.3345623944 
 AT26         H                -5.7390322921   -1.5883192021   -7.2743781462 
 AT27         H                -2.6720047324   -2.0509348400   -8.6658067310 
 AT28         H                -3.0881588668    0.3518978801   -6.3472671585 
 AT29         H                -0.6931328332    3.0097979419    3.8679274505 
 AT30         H                 0.2186067250    5.7909360112    2.0914565742 
 AT31         H                -0.2128078405    5.8770592638    5.3927110544 
 AT32         H                 2.6149850206    1.1971841987    7.2098991090 
 AT33         H                 3.0683921887    4.3609970687    8.2684751277 
 AT34         H                 5.7373005140    2.5627220713    7.2559300145 
 AT35         H                 4.4449397084    7.7332103686    2.5161464973 
 AT36         H                 6.7802857805    6.3579750018    4.4850704183 
 AT37         H                 4.0386821844    7.7997395204    5.8422467625 
 ###############################################################################

 After geometry   +    0.04 =    1108.7 seconds wall (    0.00 usr    0.00 sys)
  
 LATVEC: nlat1c,nlat2c,nlat =           1           1           1

  Atom
  Type  Shell  Min-alf     range
    1        0.129289   8.279963
    2        0.102474   9.300415
    3        0.143749   7.852478
    4        0.078997  10.592631
    5        0.095999   9.608947
    6        0.073120  11.010095
 Turnover EF->DM npopdm, npop0k=          88          55
 DEV264h/wkmem: perlsolv dist-mem
 DEV/wkmem: KPSTORE= F
 DEV/wkmem: psolv version, input do_psolv= F

 Need       21250-length r*4 array to pack grid wfcns/box
 Need      312125-length r*4 array to pack all grid wfcns
 Need       25000-length r*4 array for grid wfcns scratch
 WKMEM: using stripe-parallel+Merge  setup
 Minimum maxwkd for scf to complete=    29376447
 All grid wfcns stored in    156063 of 194817057 available
 WKMEM: in-core Broyden! uses    211770 out of 194660994 available
 >>>>> geom/basis data saved to file
  
 Atom type   1  radial valence charge =    5.999995363882
 Atom type   1      xc valence charge =    6.499995360087
  
 Atom type   2  radial valence charge =    0.999999985299
  
 Atom type   3  radial valence charge =    3.999996877569
  
 Atom type   4  radial valence charge =    9.999999976019
  
 Atom type   5  radial valence charge =    4.999999641069
  
 Atom type   6  radial valence charge =    3.999999473876
 mat0set: stripe-parallel, KPSTORE= F

   sij compute    +    0.02 =    1108.7 seconds wall (    0.01 usr    0.00 sys)

   sij/nlat-bcast +    0.11 =    1108.8 seconds wall (    0.11 usr    0.00 sys)

   vlocmat compute+    0.15 =    1109.0 seconds wall (    0.15 usr    0.00 sys)

   vlocmii compute+    0.01 =    1109.0 seconds wall (    0.01 usr    0.00 sys)

   nlocmat compute+    0.09 =    1109.1 seconds wall (    0.08 usr    0.00 sys)
 NLOCMAT: Max neqilat=           1

 After mat0set    +    0.01 =    1109.1 seconds wall (    0.00 usr    0.00 sys)
 Atom   1   Z= 10.0   occ= 10.00   rho=  9.9988939345   core=  0.0000000000
     vxc(afsw):  -11.08915840 -10.00453819  -1.08462021  -0.00003206
     exc(afsw):   -8.56908625  -7.67446751  -0.89461874  -0.00002463
 Atom   2   Z=  6.0   occ=  6.00   rho=  5.9928378275   core=  0.0000000000
                               rho(xc)=  6.4928377716
     vxc(afsw):   -8.99306372  -8.72560385  -0.26745987  -0.00017983
     exc(afsw):   -6.96535582  -6.73672800  -0.22862783  -0.00014466
 Atom   3   Z=  6.0   occ=  6.00   rho=  5.9876395943   core=  0.0000000000
                               rho(xc)=  6.4876395300
     vxc(afsw):   -8.95307015  -8.68556682  -0.26750333  -0.00031049
     exc(afsw):   -6.95906439  -6.73038934  -0.22867505  -0.00024982
 Atom   6   Z=  6.0   occ=  6.00   rho=  5.9884421560   core=  0.0000000000
                               rho(xc)=  6.4884420924
     vxc(afsw):   -8.96540304  -8.69790470  -0.26749834  -0.00029031
     exc(afsw):   -6.96044252  -6.73177475  -0.22866777  -0.00023358
 Atom   7   Z=  6.0   occ=  6.00   rho=  5.9944114488   core=  0.0000000000
                               rho(xc)=  6.4944113747
     vxc(afsw):   -8.99820477  -8.73076093  -0.26744384  -0.00014030
     exc(afsw):   -6.96695328  -6.73834031  -0.22861297  -0.00011286
 Atom   8   Z=  6.0   occ=  6.00   rho=  5.9935115426   core=  0.0000000000
                               rho(xc)=  6.4935114625
     vxc(afsw):   -8.99375217  -8.72629802  -0.26745415  -0.00016291
     exc(afsw):   -6.96621560  -6.73759437  -0.22862123  -0.00013105
 Atom   9   Z=  6.0   occ=  6.00   rho=  5.9914152956   core=  0.0000000000
                               rho(xc)=  6.4914152178
     vxc(afsw):   -8.98712807  -8.71966040  -0.26746768  -0.00021556
     exc(afsw):   -6.96386651  -6.73522500  -0.22864151  -0.00017342
 Atom  10   Z=  4.0   occ=  4.00   rho=  3.9976650774   core=  0.0000000000
     vxc(afsw):   -3.88245522  -3.65951282  -0.22294240  -0.00005326
     exc(afsw):   -3.00446920  -2.81323763  -0.19123157  -0.00004102
 Atom  11   Z=  4.0   occ=  4.00   rho=  4.0024251400   core=  0.0000000000
     vxc(afsw):   -3.90129946  -3.67838716  -0.22291230   0.00005508
     exc(afsw):   -3.00761603  -2.81640408  -0.19121196   0.00004238
 Atom  13   Z=  4.0   occ=  4.00   rho=  4.0011587279   core=  0.0000000000
     vxc(afsw):   -3.88959224  -3.66668544  -0.22290680   0.00002634
     exc(afsw):   -3.00703158  -2.81581355  -0.19121803   0.00002028
 Atom  15   Z=  4.0   occ=  4.00   rho=  3.9975813711   core=  0.0000000000
     vxc(afsw):   -3.88214075  -3.65919804  -0.22294271  -0.00005517
     exc(afsw):   -3.00438662  -2.81315471  -0.19123191  -0.00004249
 Atom  17   Z=  4.0   occ=  4.00   rho=  3.9981179528   core=  0.0000000000
     vxc(afsw):   -3.88167145  -3.65873484  -0.22293661  -0.00004292
     exc(afsw):   -3.00499294  -2.81376300  -0.19122994  -0.00003306
 Atom  18   Z=  1.0   occ=  1.00   rho=  0.9972129739   core=  0.0000000000
     vxc(afsw):   -0.79358390  -0.76822493  -0.02535898  -0.00003912
     exc(afsw):   -0.62627091  -0.60406713  -0.02220377  -0.00003299
 Atom  19   Z=  1.0   occ=  1.00   rho=  0.9967308622   core=  0.0000000000
     vxc(afsw):   -0.79199795  -0.76663945  -0.02535850  -0.00004585
     exc(afsw):   -0.62547311  -0.60326901  -0.02220410  -0.00003866
 Atom  20   Z=  1.0   occ=  1.00   rho=  0.9972357000   core=  0.0000000000
     vxc(afsw):   -0.79395996  -0.76860139  -0.02535856  -0.00003883
     exc(afsw):   -0.62629776  -0.60409413  -0.02220363  -0.00003275
 Atom  21   Z=  1.0   occ=  1.00   rho=  0.9975972360   core=  0.0000000000
     vxc(afsw):   -0.79530074  -0.76994208  -0.02535866  -0.00003376
     exc(afsw):   -0.62688950  -0.60468619  -0.02220331  -0.00002847
 Atom  22   Z=  1.0   occ=  1.00   rho=  0.9972333484   core=  0.0000000000
     vxc(afsw):   -0.79376157  -0.76840271  -0.02535886  -0.00003883
     exc(afsw):   -0.62630111  -0.60409740  -0.02220371  -0.00003275
 Atom  23   Z=  1.0   occ=  1.00   rho=  0.9974694197   core=  0.0000000000
     vxc(afsw):   -0.79455125  -0.76919219  -0.02535906  -0.00003554
     exc(afsw):   -0.62669086  -0.60448731  -0.02220354  -0.00002997
 Atom  24   Z=  1.0   occ=  1.00   rho=  0.9958694142   core=  0.0000000000
     vxc(afsw):   -0.78933802  -0.76398065  -0.02535737  -0.00005787
     exc(afsw):   -0.62404172  -0.60183710  -0.02220462  -0.00004879
 Atom  25   Z=  1.0   occ=  1.00   rho=  0.9965721400   core=  0.0000000000
     vxc(afsw):   -0.79152505  -0.76616677  -0.02535828  -0.00004808
     exc(afsw):   -0.62520888  -0.60300469  -0.02220419  -0.00004054
 Atom  26   Z=  1.0   occ=  1.00   rho=  0.9972081035   core=  0.0000000000
     vxc(afsw):   -0.79366443  -0.76830558  -0.02535885  -0.00003919
     exc(afsw):   -0.62625976  -0.60405603  -0.02220374  -0.00003305
 Atom  27   Z=  1.0   occ=  1.00   rho=  0.9968824792   core=  0.0000000000
     vxc(afsw):   -0.79261744  -0.76725894  -0.02535850  -0.00004375
     exc(afsw):   -0.62572029  -0.60351633  -0.02220395  -0.00003689
 Atom  28   Z=  1.0   occ=  1.00   rho=  0.9970854792   core=  0.0000000000
     vxc(afsw):   -0.79323352  -0.76787475  -0.02535876  -0.00004091
     exc(afsw):   -0.62605770  -0.60385387  -0.02220383  -0.00003450
 Atom  29   Z=  1.0   occ=  1.00   rho=  0.9969982940   core=  0.0000000000
     vxc(afsw):   -0.79291705  -0.76755833  -0.02535872  -0.00004213
     exc(afsw):   -0.62591445  -0.60371055  -0.02220390  -0.00003552
 Atom  30   Z=  1.0   occ=  1.00   rho=  0.9962615430   core=  0.0000000000
     vxc(afsw):   -0.79055813  -0.76520024  -0.02535788  -0.00005242
     exc(afsw):   -0.62469305  -0.60248867  -0.02220438  -0.00004421
 Atom  31   Z=  1.0   occ=  1.00   rho=  0.9958694402   core=  0.0000000000
     vxc(afsw):   -0.78933846  -0.76398109  -0.02535737  -0.00005787
     exc(afsw):   -0.62404175  -0.60183714  -0.02220462  -0.00004879
 Atom  32   Z=  1.0   occ=  1.00   rho=  0.9962713784   core=  0.0000000000
     vxc(afsw):   -0.79061493  -0.76525707  -0.02535786  -0.00005230
     exc(afsw):   -0.62470858  -0.60250422  -0.02220436  -0.00004410
 Atom  33   Z=  1.0   occ=  1.00   rho=  0.9969947523   core=  0.0000000000
     vxc(afsw):   -0.79302932  -0.76767077  -0.02535855  -0.00004219
     exc(afsw):   -0.62590455  -0.60370070  -0.02220386  -0.00003558
 Atom  34   Z=  1.0   occ=  1.00   rho=  0.9969429257   core=  0.0000000000
     vxc(afsw):   -0.79266907  -0.76731032  -0.02535875  -0.00004289
     exc(afsw):   -0.62582490  -0.60362094  -0.02220397  -0.00003617
 Atom  35   Z=  1.0   occ=  1.00   rho=  0.9961407228   core=  0.0000000000
     vxc(afsw):   -0.79017194  -0.76481420  -0.02535774  -0.00005409
     exc(afsw):   -0.62449268  -0.60228822  -0.02220446  -0.00004561
 Atom  36   Z=  1.0   occ=  1.00   rho=  0.9960007142   core=  0.0000000000
     vxc(afsw):   -0.78974922  -0.76439168  -0.02535754  -0.00005606
     exc(afsw):   -0.62425974  -0.60205521  -0.02220454  -0.00004727
 Atom  37   Z=  1.0   occ=  1.00   rho=  0.9964915781   core=  0.0000000000
     vxc(afsw):   -0.79133503  -0.76597693  -0.02535810  -0.00004922
     exc(afsw):   -0.62507322  -0.60286900  -0.02220421  -0.00004151
 ***** CAUTION: grid fineness questionable

 grid0xc compute+    0.34 =    1109.4 seconds wall (    0.34 usr    0.00 sys)

 grid0xc Merge  +    0.08 =    1109.5 seconds wall (    0.00 usr    0.08 sys)

 grid0xc Bcast  +    0.21 =    1109.7 seconds wall (    0.21 usr    0.00 sys)


 AFTER SETUP PHASE+    4.17 =    1113.9 seconds wall (    0.24 usr    0.56 sys)

  
 *************************  iteration   0 begins here  *************************


 Before iterations+    0.04 =    1113.9 seconds wall (    0.03 usr    0.01 sys)
  
 grid-integrated up-density total =       53.9568225430
 grid-integrated dn-density total =       53.9568225430
 grid-integrated valence-density total =      107.9136450860
 Harris Fcnal XC piece=       29.2764680725
  
  

 After 0 iteration+    0.68 =    1114.6 seconds wall (    0.59 usr    0.08 sys)
 *************************  iteration   1 begins here  *************************


 erlsolv/begin  +    0.22 =    1114.8 seconds wall (    0.00 usr    0.00 sys)
 PERLSOLV: kpp-copmatible version

 erlsolv/schroed+    0.14 =    1115.0 seconds wall (    0.05 usr    0.01 sys)

 erlsolv/pop    +    0.00 =    1115.0 seconds wall (    0.00 usr    0.00 sys)

 erlsolv/dmat compute+    0.00 =    1115.0 seconds wall (    0.00 usr    0.00 sys)

 erlsolv/dmat compute+    0.01 =    1115.0 seconds wall (    0.00 usr    0.00 sys)

 erlsolv/rhoij  +    0.00 =    1115.0 seconds wall (    0.00 usr    0.00 sys)

 spin-up fermi level =   -0.263634 Ry,   gap(0K)= 0.356492 Ry = 4.850 eV
 spin-dn fermi level =   -0.472611 Ry,   gap(0K)= 0.026061 Ry = 0.355 eV

 k-vector:                  1
  weight:               1.000000
            level/UP/occup       level/DN/occup
  
    1    -1.928373  1.0000    -1.928373  1.0000
    2    -1.921422  1.0000    -1.921422  1.0000
    3    -1.837323  1.0000    -1.837323  1.0000
    4    -1.831566  1.0000    -1.831566  1.0000
             ...      ...         ...      ...
   36    -0.719987  1.0000    -0.719987  1.0000
   37    -0.706848  1.0000    -0.706848  1.0000
   38    -0.705433  1.0000    -0.705433  1.0000
   39    -0.704831  1.0000    -0.704831  1.0000
   40    -0.699764  1.0000    -0.699764  1.0000
   41    -0.691915  1.0000    -0.691915  1.0000
   42    -0.682847  1.0000    -0.682847  1.0000
   43    -0.661310  1.0000    -0.661310  1.0000
   44    -0.641477  1.0000    -0.641477  1.0000
   45    -0.621143  1.0000    -0.621143  1.0000
   46    -0.613085  1.0000    -0.613085  1.0000
   47    -0.600455  1.0000    -0.600455  1.0000
   48    -0.586054  1.0000    -0.586054  1.0000
   49    -0.576262  1.0000    -0.576262  1.0000
   50    -0.567736  1.0000    -0.567736  0.9999
   51    -0.544455  1.0000    -0.544455  0.9992
   52    -0.538086  1.0000    -0.538086  0.9986
   53    -0.484394  1.0000    -0.484394  0.7646
   54    -0.458333  1.0000    -0.458333  0.1934
   55    -0.441879  1.0000    -0.441879  0.0442
   56    -0.085388  0.0000    -0.085388  0.0000
   57    -0.008692  0.0000    -0.008692  0.0000
   58     0.002496  0.0000     0.002496  0.0000
   59     0.021694  0.0000     0.021694  0.0000
   60     0.037262  0.0000     0.037262  0.0000
   61     0.051390  0.0000     0.051390  0.0000
   62     0.060536  0.0000     0.060536  0.0000
   63     0.080266  0.0000     0.080266  0.0000
             ...      ...         ...      ...
  200     2.768006  0.0000     2.768006  0.0000
  
 delta movement in up-elecs =        6.8672502778
 delta movement in dn-elecs =        6.6829027942
 delta movement in electrons =       12.8969243394

 one-center local charge defect =         0.05237233

 one-center local charge defect =         0.04995823

 LMCC local dipole, |dip|=        3.6743355849
 Using LMCC treatment of supercell electrostatics
 DBG/LMCCINT, esns diagnostics redone
 LMCC chemical potential shift(Ry,eV)=        0.0000117724        0.0001601729
 LMCC esns total grid integral=        1.3599725341
  
 grid-integrated up-density total =       54.9426275218
 grid-integrated dn-density total =       52.9450427572
 grid-integrated valence-density total =      107.8876702791
  
 TOTAL single particle eigenvalue sum=      -103.3968047547
  
 rms,max scfchange=  1.2436D-02  5.5186D-01 for component#    154114
 electronic meth_bl(BROYDEN)=           1
>>>>> Broyden: first step (elec) simple blend ratio= 0.300000
<<<<< Broyden step complete, scf step=     1

 After blending   +   12.03 =    1127.0 seconds wall (    5.94 usr    1.49 sys)
  
 *************************  iteration   2 begins here  *************************


 erlsolv/begin  +    0.04 =    1127.1 seconds wall (    0.03 usr    0.00 sys)
 PERLSOLV: kpp-copmatible version

 erlsolv/schroed+    0.07 =    1127.1 seconds wall (    0.06 usr    0.01 sys)

 erlsolv/pop    +    0.00 =    1127.1 seconds wall (    0.00 usr    0.00 sys)

 erlsolv/dmat compute+    0.00 =    1127.1 seconds wall (    0.00 usr    0.00 sys)

 erlsolv/dmat compute+    0.00 =    1127.1 seconds wall (    0.00 usr    0.00 sys)

 erlsolv/rhoij  +    0.01 =    1127.1 seconds wall (    0.00 usr    0.00 sys)

 spin-up fermi level =   -0.280037 Ry,   gap(0K)= 0.337397 Ry = 4.591 eV
 spin-dn fermi level =   -0.464361 Ry,   gap(0K)= 0.038653 Ry = 0.526 eV
  
 delta movement in up-elecs =        5.7770798524
 delta movement in dn-elecs =        5.5062834188
 delta movement in electrons =       10.6657473866

 one-center local charge defect =         0.05156511

 one-center local charge defect =         0.04856227

 LMCC local dipole, |dip|=        1.9373179254
 Using LMCC treatment of supercell electrostatics
 DBG/LMCCINT, esns diagnostics redone
 LMCC chemical potential shift(Ry,eV)=        0.0000032387        0.0000440653
 LMCC esns total grid integral=        0.6230767488
  
 grid-integrated up-density total =       54.9435446155
 grid-integrated dn-density total =       52.9465515757
 grid-integrated valence-density total =      107.8900961912
  
 TOTAL single particle eigenvalue sum=      -100.0393094728
  
 rms,max scfchange=  4.8154D-03  2.4384D-01 for component#    118682
 electronic meth_bl(BROYDEN)=           1
>>>>> Broyden blend to get next step - elec
<<<<< Broyden step complete, scf step=     2

 After blending   +   11.94 =    1139.1 seconds wall (    6.25 usr    1.48 sys)
  
 *************************  iteration   3 begins here  *************************


 erlsolv/begin  +    0.09 =    1139.2 seconds wall (    0.09 usr    0.00 sys)
 PERLSOLV: kpp-copmatible version

 erlsolv/schroed+    0.06 =    1139.2 seconds wall (    0.05 usr    0.01 sys)

 erlsolv/pop    +    0.00 =    1139.2 seconds wall (    0.00 usr    0.00 sys)

 erlsolv/dmat compute+    0.00 =    1139.2 seconds wall (    0.00 usr    0.00 sys)

 erlsolv/dmat compute+    0.01 =    1139.2 seconds wall (    0.00 usr    0.00 sys)

 erlsolv/rhoij  +    0.00 =    1139.2 seconds wall (    0.00 usr    0.00 sys)

 spin-up fermi level =   -0.260469 Ry,   gap(0K)= 0.335103 Ry = 4.559 eV
 spin-dn fermi level =   -0.422544 Ry,   gap(0K)= 0.048399 Ry = 0.659 eV
  
 delta movement in up-elecs =        5.5942054581
 delta movement in dn-elecs =        5.6042633131
 delta movement in electrons =       10.4253136094

 one-center local charge defect =         0.05167317

 one-center local charge defect =         0.04926580

 LMCC local dipole, |dip|=        2.5280588543
 Using LMCC treatment of supercell electrostatics
 DBG/LMCCINT, esns diagnostics redone
 LMCC chemical potential shift(Ry,eV)=        0.0000062164        0.0000845794
 LMCC esns total grid integral=        0.5711522499
  
 grid-integrated up-density total =       54.9434821169
 grid-integrated dn-density total =       52.9458913467
 grid-integrated valence-density total =      107.8893734636
  
 TOTAL single particle eigenvalue sum=       -99.0406059300
  
 rms,max scfchange=  3.1255D-03  2.3607D-01 for component#      1033
 electronic meth_bl(BROYDEN)=           1
>>>>> Broyden blend to get next step - elec
<<<<< Broyden step complete, scf step=     3

 After blending   +   11.63 =    1150.9 seconds wall (    5.86 usr    1.54 sys)
  
 *************************  iteration   4 begins here  *************************


 erlsolv/begin  +    0.03 =    1150.9 seconds wall (    0.00 usr    0.00 sys)
 PERLSOLV: kpp-copmatible version

 erlsolv/schroed+    0.06 =    1151.0 seconds wall (    0.05 usr    0.01 sys)

 erlsolv/pop    +    0.00 =    1151.0 seconds wall (    0.00 usr    0.00 sys)

 erlsolv/dmat compute+    0.00 =    1151.0 seconds wall (    0.00 usr    0.00 sys)

 erlsolv/dmat compute+    0.01 =    1151.0 seconds wall (    0.00 usr    0.00 sys)

 erlsolv/rhoij  +    0.00 =    1151.0 seconds wall (    0.00 usr    0.00 sys)

 spin-up fermi level =   -0.279173 Ry,   gap(0K)= 0.334887 Ry = 4.556 eV
 spin-dn fermi level =   -0.436424 Ry,   gap(0K)= 0.061547 Ry = 0.837 eV
  
 delta movement in up-elecs =        5.4977631858
 delta movement in dn-elecs =        5.4669562104
 delta movement in electrons =       10.1729885669

 one-center local charge defect =         0.05153251

 one-center local charge defect =         0.04882713

 LMCC local dipole, |dip|=        2.1836300842
 Using LMCC treatment of supercell electrostatics
 DBG/LMCCINT, esns diagnostics redone
 LMCC chemical potential shift(Ry,eV)=        0.0000047673        0.0000648630
 LMCC esns total grid integral=        0.4899830574
  
 grid-integrated up-density total =       54.9436418737
 grid-integrated dn-density total =       52.9463496909
 grid-integrated valence-density total =      107.8899915646
  
 TOTAL single particle eigenvalue sum=       -99.0324711241
  
 rms,max scfchange=  1.0544D-03  7.7912D-02 for component#      1033
 electronic meth_bl(BROYDEN)=           1
>>>>> Broyden blend to get next step - elec
<<<<< Broyden step complete, scf step=     4

 After blending   +   12.40 =    1163.4 seconds wall (    6.10 usr    1.50 sys)
  
 *************************  iteration   5 begins here  *************************


 erlsolv/begin  +    0.00 =    1163.4 seconds wall (    0.00 usr    0.00 sys)
 PERLSOLV: kpp-copmatible version

 erlsolv/schroed+    0.06 =    1163.4 seconds wall (    0.05 usr    0.01 sys)

 erlsolv/pop    +    0.00 =    1163.4 seconds wall (    0.00 usr    0.00 sys)

 erlsolv/dmat compute+    0.00 =    1163.4 seconds wall (    0.00 usr    0.00 sys)

 erlsolv/dmat compute+    0.00 =    1163.4 seconds wall (    0.00 usr    0.00 sys)

 erlsolv/rhoij  +    0.00 =    1163.4 seconds wall (    0.00 usr    0.00 sys)

 spin-up fermi level =   -0.289127 Ry,   gap(0K)= 0.332204 Ry = 4.520 eV
 spin-dn fermi level =   -0.435387 Ry,   gap(0K)= 0.072864 Ry = 0.991 eV
  
 delta movement in up-elecs =        5.4848373330
 delta movement in dn-elecs =        5.4829928577
 delta movement in electrons =       10.1645460718

 one-center local charge defect =         0.05156416

 one-center local charge defect =         0.04881872

 LMCC local dipole, |dip|=        2.0874880590
 Using LMCC treatment of supercell electrostatics
 DBG/LMCCINT, esns diagnostics redone
 LMCC chemical potential shift(Ry,eV)=        0.0000042796        0.0000582276
 LMCC esns total grid integral=        0.4796047027
  
 grid-integrated up-density total =       54.9436192556
 grid-integrated dn-density total =       52.9463674948
 grid-integrated valence-density total =      107.8899867505
  
 TOTAL single particle eigenvalue sum=       -99.2583574305
  
 rms,max scfchange=  5.1457D-04  6.4351D-02 for component#      1033
 electronic meth_bl(BROYDEN)=           1
>>>>> Broyden blend to get next step - elec
<<<<< Broyden step complete, scf step=     5

 After blending   +   12.79 =    1176.2 seconds wall (    6.04 usr    1.49 sys)
  
 *************************  iteration   6 begins here  *************************


 erlsolv/begin  +    0.08 =    1176.3 seconds wall (    0.08 usr    0.00 sys)
 PERLSOLV: kpp-copmatible version

 erlsolv/schroed+    0.06 =    1176.4 seconds wall (    0.05 usr    0.01 sys)

 erlsolv/pop    +    0.00 =    1176.4 seconds wall (    0.00 usr    0.00 sys)

 erlsolv/dmat compute+    0.00 =    1176.4 seconds wall (    0.00 usr    0.00 sys)

 erlsolv/dmat compute+    0.01 =    1176.4 seconds wall (    0.00 usr    0.00 sys)

 erlsolv/rhoij  +    0.01 =    1176.4 seconds wall (    0.00 usr    0.00 sys)

 spin-up fermi level =   -0.297960 Ry,   gap(0K)= 0.331393 Ry = 4.509 eV
 spin-dn fermi level =   -0.434862 Ry,   gap(0K)= 0.079887 Ry = 1.087 eV
  
 delta movement in up-elecs =        5.4786642955
 delta movement in dn-elecs =        5.4997588158
 delta movement in electrons =       10.1603318433

 one-center local charge defect =         0.05153798

 one-center local charge defect =         0.04874039

 LMCC local dipole, |dip|=        2.0094525420
 Using LMCC treatment of supercell electrostatics
 DBG/LMCCINT, esns diagnostics redone
 LMCC chemical potential shift(Ry,eV)=        0.0000039724        0.0000540480
 LMCC esns total grid integral=        0.4739336925
  
 grid-integrated up-density total =       54.9436525600
 grid-integrated dn-density total =       52.9464526982
 grid-integrated valence-density total =      107.8901052582
  
 TOTAL single particle eigenvalue sum=       -99.4367427566
  
 rms,max scfchange=  1.8213D-04  3.1254D-02 for component#      1033
 electronic meth_bl(BROYDEN)=           1
>>>>> Broyden blend to get next step - elec
<<<<< Broyden step complete, scf step=     6

 After blending   +   14.24 =    1190.6 seconds wall (    5.12 usr    1.51 sys)
  
 *************************  iteration   7 begins here  *************************


 erlsolv/begin  +    0.25 =    1190.9 seconds wall (    0.03 usr    0.00 sys)
 PERLSOLV: kpp-copmatible version

 erlsolv/schroed+    0.06 =    1190.9 seconds wall (    0.06 usr    0.00 sys)

 erlsolv/pop    +    0.00 =    1190.9 seconds wall (    0.00 usr    0.00 sys)

 erlsolv/dmat compute+    0.00 =    1190.9 seconds wall (    0.00 usr    0.00 sys)

 erlsolv/dmat compute+    0.00 =    1191.0 seconds wall (    0.00 usr    0.00 sys)

 erlsolv/rhoij  +    0.00 =    1191.0 seconds wall (    0.00 usr    0.00 sys)

 spin-up fermi level =   -0.300401 Ry,   gap(0K)= 0.331785 Ry = 4.514 eV
 spin-dn fermi level =   -0.433698 Ry,   gap(0K)= 0.083238 Ry = 1.133 eV
  
 delta movement in up-elecs =        5.4778056667
 delta movement in dn-elecs =        5.5201660242
 delta movement in electrons =       10.1728829309

 one-center local charge defect =         0.05152156

 one-center local charge defect =         0.04874125

 LMCC local dipole, |dip|=        2.0383643358
 Using LMCC treatment of supercell electrostatics
 DBG/LMCCINT, esns diagnostics redone
 LMCC chemical potential shift(Ry,eV)=        0.0000041167        0.0000560112
 LMCC esns total grid integral=        0.4745468547
  
 grid-integrated up-density total =       54.9436711472
 grid-integrated dn-density total =       52.9464531165
 grid-integrated valence-density total =      107.8901242637
  
 TOTAL single particle eigenvalue sum=       -99.4815380865
  
 rms,max scfchange=  1.8801D-04  3.1165D-02 for component#      1033
 electronic meth_bl(BROYDEN)=           1
>>>>> Broyden blend to get next step - elec
<<<<< Broyden step complete, scf step=     7

 After blending   +   13.10 =    1204.1 seconds wall (    5.57 usr    1.47 sys)
  
 *************************  iteration   8 begins here  *************************


 erlsolv/begin  +    0.01 =    1204.1 seconds wall (    0.01 usr    0.00 sys)
 PERLSOLV: kpp-copmatible version

 erlsolv/schroed+    0.06 =    1204.1 seconds wall (    0.06 usr    0.00 sys)

 erlsolv/pop    +    0.00 =    1204.1 seconds wall (    0.00 usr    0.00 sys)

 erlsolv/dmat compute+    0.00 =    1204.1 seconds wall (    0.00 usr    0.00 sys)

 erlsolv/dmat compute+    0.01 =    1204.1 seconds wall (    0.00 usr    0.00 sys)

 erlsolv/rhoij  +    0.00 =    1204.1 seconds wall (    0.00 usr    0.00 sys)

 spin-up fermi level =   -0.303440 Ry,   gap(0K)= 0.331770 Ry = 4.514 eV
 spin-dn fermi level =   -0.432689 Ry,   gap(0K)= 0.086259 Ry = 1.174 eV
  
 delta movement in up-elecs =        5.4781905868
 delta movement in dn-elecs =        5.5425317699
 delta movement in electrons =       10.1900576709

 one-center local charge defect =         0.05150104

 one-center local charge defect =         0.04874128

 LMCC local dipole, |dip|=        2.0367802158
 Using LMCC treatment of supercell electrostatics
 DBG/LMCCINT, esns diagnostics redone
 LMCC chemical potential shift(Ry,eV)=        0.0000041229        0.0000560955
 LMCC esns total grid integral=        0.4748892317
  
 grid-integrated up-density total =       54.9436945044
 grid-integrated dn-density total =       52.9464548642
 grid-integrated valence-density total =      107.8901493686
  
 TOTAL single particle eigenvalue sum=       -99.5420765944
  
 rms,max scfchange=  1.5983D-04  2.5694D-02 for component#      1033
 electronic meth_bl(BROYDEN)=           1
>>>>> Broyden blend to get next step - elec
<<<<< Broyden step complete, scf step=     8

 After blending   +   12.00 =    1216.2 seconds wall (    6.00 usr    1.47 sys)
  
 *************************  iteration   9 begins here  *************************


 erlsolv/begin  +    0.22 =    1216.4 seconds wall (    0.22 usr    0.00 sys)
 PERLSOLV: kpp-copmatible version

 erlsolv/schroed+    0.06 =    1216.4 seconds wall (    0.05 usr    0.01 sys)

 erlsolv/pop    +    0.00 =    1216.4 seconds wall (    0.00 usr    0.00 sys)

 erlsolv/dmat compute+    0.00 =    1216.4 seconds wall (    0.00 usr    0.00 sys)

 erlsolv/dmat compute+    0.01 =    1216.4 seconds wall (    0.00 usr    0.00 sys)

 erlsolv/rhoij  +    0.00 =    1216.4 seconds wall (    0.00 usr    0.00 sys)

 spin-up fermi level =   -0.306780 Ry,   gap(0K)= 0.331171 Ry = 4.506 eV
 spin-dn fermi level =   -0.432402 Ry,   gap(0K)= 0.088395 Ry = 1.203 eV
  
 delta movement in up-elecs =        5.4829272854
 delta movement in dn-elecs =        5.5679231690
 delta movement in electrons =       10.2144505036

 one-center local charge defect =         0.05147138

 one-center local charge defect =         0.04874270

 LMCC local dipole, |dip|=        2.0358049627
 Using LMCC treatment of supercell electrostatics
 DBG/LMCCINT, esns diagnostics redone
 LMCC chemical potential shift(Ry,eV)=        0.0000041342        0.0000562485
 LMCC esns total grid integral=        0.4755891195
  
 grid-integrated up-density total =       54.9437260995
 grid-integrated dn-density total =       52.9464535918
 grid-integrated valence-density total =      107.8901796913
  
 TOTAL single particle eigenvalue sum=       -99.6202200388
  
 rms,max scfchange=  7.6837D-05  1.2350D-02 for component#      1033
 ######################  ENERGY ANALYSIS  #######################
    Spherical-atom es ENERGY correction =      -312.8542126497
    Full spherical atom trace ENERGY =         -154.0523376114
    Spherical-atom-Vxc trace ENERGY =           180.5968862486
    non-spherical es ENERGY =                     0.4756573903
    Total Exc ENERGY =                         -100.4518937106

    total kinetic trace ENERGY =          282.3849720128
    non-local ps-pot trace ENERGY =        38.0636668381
    total electrostatic ENERGY =         -606.2826454730
    Total Vxc ENERGY =                   -130.2756657645

    TOTAL ENERGY (Rydberg) =                   -386.2859003327

 ################################################################

 After blending   +   11.80 =    1228.2 seconds wall (    6.02 usr    1.46 sys)
  
 >>>>> self-consistency achieved, iteration   9


 Final GAP(eV)=  4.5059 (up),  1.2027 (dn)

 spin-up fermi level =   -0.306780 Ry,   gap(0K)= 0.331171 Ry = 4.506 eV
 spin-dn fermi level =   -0.432402 Ry,   gap(0K)= 0.088395 Ry = 1.203 eV

 k-vector:                  1
  weight:               1.000000
            level/UP/occup       level/DN/occup
  
    1    -1.977978  1.0000    -1.974934  1.0000
    2    -1.946071  1.0000    -1.942190  1.0000
    3    -1.863056  1.0000    -1.853203  1.0000
    4    -1.821576  1.0000    -1.809847  1.0000
             ...      ...         ...      ...
   36    -0.683586  1.0000    -0.671665  1.0000
   37    -0.674712  1.0000    -0.668689  1.0000
   38    -0.672302  1.0000    -0.659023  1.0000
   39    -0.652359  1.0000    -0.639721  1.0000
   40    -0.637263  1.0000    -0.632013  1.0000
   41    -0.634184  1.0000    -0.630409  1.0000
   42    -0.631835  1.0000    -0.622567  1.0000
   43    -0.623094  1.0000    -0.619311  1.0000
   44    -0.619836  1.0000    -0.601969  1.0000
   45    -0.609523  1.0000    -0.582278  1.0000
   46    -0.597146  1.0000    -0.561480  1.0000
   47    -0.580480  1.0000    -0.549865  1.0000
   48    -0.573258  1.0000    -0.527566  0.9999
   49    -0.552991  1.0000    -0.506894  0.9994
   50    -0.530117  1.0000    -0.497361  0.9985
   51    -0.516639  1.0000    -0.493421  0.9978
   52    -0.511415  1.0000    -0.484554  0.9946
   53    -0.498399  1.0000    -0.479852  0.9914
   54    -0.485672  1.0000    -0.391457  0.0164
   55    -0.472366  1.0000    -0.370488  0.0020
   56    -0.141194  0.0000    -0.093634  0.0000
   57    -0.034770  0.0000    -0.033900  0.0000
   58    -0.026891  0.0000    -0.020536  0.0000
   59     0.001672  0.0000     0.011867  0.0000
   60     0.020990  0.0000     0.027696  0.0000
   61     0.041839  0.0000     0.043979  0.0000
   62     0.058718  0.0000     0.062575  0.0000
   63     0.077380  0.0000     0.083806  0.0000
             ...      ...         ...      ...
  200     2.783220  0.0000     2.787717  0.0000
  
 >>>>> grid delta-density saved to file

 FINAL CONVERGED ENERGY (Rydberg) =     -386.2859003327
 Binding energy =      -26.5569473327 Ry =           -361.3286 eV

 AFTER ITERATIONS +    0.23 =    1228.5 seconds wall (    0.01 usr    0.04 sys)
 Atom  20   Z=  1.0   occ=  1.00   rho=  0.9972357000   core=  0.0000000000
     vxc(afs ):   -0.79395996  -0.76860139  -0.02535856
     exc(afs ):   -0.62629776  -0.60409413  -0.02220363

 atom xc0frc stress term=       83.3387208902
 mat0frc: stripe-parallel, KPSTORE= F
  
 total force contributions(Ry/bohr):
        atom       x force          y force          z force
          1     -0.0000558836     0.0000131473    -0.0000022049
          2     -0.0000692688     0.0000214111    -0.0000688768
          3     -0.0000089973    -0.0001048202     0.0000681540
          4      0.0001222444     0.0004145606    -0.0001136499
          5     -0.0000587446     0.0000268426     0.0000215198
          6     -0.0000130699     0.0002032323    -0.0001359425
          7      0.0000014116    -0.0000825872    -0.0000254847
          8     -0.0000033636     0.0000783260    -0.0000024043
          9     -0.0000368123    -0.0000207857    -0.0000050142
         10     -0.0001118593     0.0001822696     0.0000592185
         11     -0.0002727067    -0.0001297401    -0.0000910780
         12     -0.0000879874    -0.0001386612    -0.0001092801
         13     -0.0000383684    -0.0001561036    -0.0004414726
         14      0.0000426140    -0.0001847958    -0.0002341064
         15      0.0005157819    -0.0000719520    -0.0000658546
         16      0.0000148615    -0.0000050452     0.0000528673
         17      0.0001834831    -0.0001857625     0.0000536189
         18      0.0000776164     0.0000529789    -0.0001210036
         19      0.0000825248     0.0001468201    -0.0000216278
         20     -0.0000541203    -0.0000013746    -0.0000660454
         21     -0.0000354813    -0.0000540001    -0.0000270039
         22     -0.0000511703    -0.0000298489    -0.0000210590
         23      0.0000017706    -0.0001026518    -0.0000884426
         24     -0.0001243130    -0.0003939683    -0.0002309281
         25     -0.0001288139    -0.0002385647    -0.0002817989
         26     -0.0001407794    -0.0000061333     0.0000040248
         27     -0.0001774829     0.0000183710     0.0001621353
         28     -0.0000587274    -0.0000253105    -0.0000074560
         29     -0.0000050653    -0.0000194770     0.0007509728
         30     -0.0001771940    -0.0002787759     0.0003830484
         31      0.0000427867     0.0004543472     0.0003596033
         32     -0.0000028924    -0.0000384008    -0.0000162781
         33      0.0000699208    -0.0001039120    -0.0001222982
         34      0.0000753602    -0.0000383578     0.0000208889
         35      0.0000527972    -0.0000114506     0.0001391765
         36      0.0000409473    -0.0000071932     0.0000137710
         37      0.0000351042     0.0000055606     0.0001366393
      f-defect       -0.0003538777    -0.0008118057    -0.0000736719

 AFTER FORCE RTNS +    0.61 =    1229.1 seconds wall (    0.57 usr    0.04 sys)
  
 >>>>> GSELECT begins, nslics=           0
 <<<<< GSELECT ends
 rms,max force=  2.8214D-04  7.5124D-04 for component#       29

 ###############################################################################
 FINAL GEOMETRY for step   9, of   9 total
atom, type, position;  step#      9
 AT1          Pt               -0.4317267093   -0.4375104096    0.7584655246 
 AT2          O                 3.1964797017   -0.5732350559    1.8612842120 
 AT3          O                -3.7646404481    0.0570053013   -0.9320194998 
 AT4          P                 4.8126355380    2.0912418829    1.9367922381 
 AT5          P                -4.4511279206   -2.8417345251   -1.8631294180 
 AT6          O                -7.5054064998   -2.8749271670   -2.3837973162 
 AT7          O                -3.6892573115   -4.7764615763    0.1042246268 
 AT8          O                 4.1456680694    3.3711232646   -0.8601752527 
 AT9          O                 7.6186649023    1.8549342680    2.3695719577 
 AT10         C                 3.3088038262    4.1524649277    4.2920448048 
 AT11         C                -2.9500860813   -3.5033581203   -4.9180470582 
 AT12         C                -3.7027610866   -6.1586488562   -5.8536581794 
 AT13         C                -0.0699630901   -3.5148813884   -4.5175080793 
 AT14         C                -3.6894656711   -1.5439382770   -6.9173351692 
 AT15         C                 0.5130379370    4.7125330521    3.8348051812 
 AT16         C                 3.7197570458    2.9305214605    6.9050689639 
 AT17         C                 4.7495139106    6.6665879765    4.2580330564 
 AT18         H                -8.2132682975   -1.3053920522   -1.6740235551 
 AT19         H                 4.9102871503    2.2178790399   -2.1054153964 
 AT20         H                -3.1064033884   -7.6536228716   -4.5225379039 
 AT21         H                -2.6577500603   -6.4022184896   -7.6537596075 
 AT22         H                -5.7398801018   -6.3283087861   -6.2718487018 
 AT23         H                 0.5680130236   -4.8956281398   -3.0958416697 
 AT24         H                 0.6776726748   -1.6513051756   -3.9892002914 
 AT25         H                 0.7967966015   -4.0067873536   -6.3345623944 
 AT26         H                -5.7390322921   -1.5883192021   -7.2743781462 
 AT27         H                -2.6720047324   -2.0509348400   -8.6658067310 
 AT28         H                -3.0881588668    0.3518978801   -6.3472671585 
 AT29         H                -0.6931328332    3.0097979419    3.8679274505 
 AT30         H                 0.2186067250    5.7909360112    2.0914565742 
 AT31         H                -0.2128078405    5.8770592638    5.3927110544 
 AT32         H                 2.6149850206    1.1971841987    7.2098991090 
 AT33         H                 3.0683921887    4.3609970687    8.2684751277 
 AT34         H                 5.7373005140    2.5627220713    7.2559300145 
 AT35         H                 4.4449397084    7.7332103686    2.5161464973 
 AT36         H                 6.7802857805    6.3579750018    4.4850704183 
 AT37         H                 4.0386821844    7.7997395204    5.8422467625 
 ###############################################################################

 FINAL RELAXED ENERGY =     -386.2859003327


 AFTER GEOMETRY   +    0.03 =    1229.1 seconds wall (    0.00 usr    0.00 sys)
 Normal exit: RELAX DONE
 Total TIME=    1229.1 seconds (usr=     570.5  sys=     124.4  lost=     534.2)
