NEB log file generated by ORCA
All quantities are given in atomic units. Unless stated otherwise. 
iteration       : 0
climbing        : no
zoom on         : no
nim             : 7
barrier         :   0.10163612 (image:  3) 
distance        :   0.00000000    5.87723949   11.75534853   17.63243310   23.50999499   29.38903607   35.26729280 
energy          : -2464.53048891  -2464.50377584  -2464.45740469  -2464.42885279  -2464.45120768  -2464.50878230  -2464.54816581 
max(|Fr_perp|)   :   0.00000000    0.07330290    0.08332022    0.05873629    0.06938579    0.05522670    0.00000000 
Fr_paral         :   0.00000000   -0.00754145   -0.00767197   -0.00086979    0.00821671    0.01069466    0.00000000 
max(|Fsp_paral|) :   0.00000000    0.04993663    0.03018112    0.00001031    0.02128284    0.05684675    0.00000000 
max(|Fsp_perp|)  :   0.00000000    0.00000000    0.00000000    0.00000000    0.00000000    0.00000000    0.00000000 
max(|FNEB|)      :   0.00000000    0.05583842    0.07304502    0.05877314    0.06354327    0.06055781    0.00000000 
max(|Force|)     :   0.00008763    0.07388984    0.08390481    0.05883283    0.06982403    0.05563023    0.00027879 
ksp              :   0.03366674    0.07472475    0.10000000    0.10000000    0.08020954    0.02923108 
max(|step|)      :   0.00000000    0.07644385    0.10000000    0.08046153    0.08699193    0.08290478    0.00000000 
angle (deg.)     :    10.4732  10.8399  11.2191  10.5401  10.0550 
>
iteration       : 1
climbing        : no
zoom on         : no
nim             : 7
barrier         :   0.08822133 (image:  3) 
distance        :   0.00000000    6.20478398   11.95289267   17.62788830   23.34750638   28.97402414   35.25872242 
energy          : -2464.53048891  -2464.51515430  -2464.47235773  -2464.44226757  -2464.46612592  -2464.51720962  -2464.54816581 
max(|Fr_perp|)   :   0.00000000    0.04432928    0.05462401    0.03445958    0.05184415    0.03074620    0.00000000 
Fr_paral         :   0.00000000   -0.00667521   -0.00865435   -0.00103957    0.00910151    0.00984527    0.00000000 
max(|Fsp_paral|) :   0.00000000    0.04950365    0.03434929    0.00084796    0.02668514    0.05255657    0.00000000 
max(|Fsp_perp|)  :   0.00000000    0.00000000    0.00000000    0.00000000    0.00000000    0.00000000    0.00000000 
max(|FNEB|)      :   0.00000000    0.05146642    0.04592225    0.03474035    0.04370992    0.05556781    0.00000000 
max(|Force|)     :   0.00008763    0.04426308    0.05527708    0.03439417    0.05235034    0.03106074    0.00027879 
ksp              :   0.02564377    0.06930319    0.10000000    0.10000000    0.07566064    0.02354701 
max(|step|)      :   0.00000000    0.09035551    0.09721425    0.07786952    0.09162294    0.10000000    0.00155807 
angle (deg.)     :    10.6109  10.4534  11.2841  10.2748  10.1066 
>
iteration       : 2
climbing        : no
zoom on         : no
nim             : 7
barrier         :   0.07846354 (image:  3) 
distance        :   0.00000000    6.62522969   12.23122064   17.63364401   23.11901614   28.47565968   35.26218115 
energy          : -2464.53048891  -2464.52085641  -2464.48588428  -2464.45202537  -2464.47760518  -2464.51990065  -2464.54816581 
max(|Fr_perp|)   :   0.00000000    0.01959784    0.04937682    0.02490718    0.03193291    0.02450911    0.00000000 
Fr_paral         :   0.00000000   -0.00394877   -0.01009560   -0.00106765    0.00921979    0.00843753    0.00000000 
max(|Fsp_paral|) :   0.00000000    0.04212669    0.03997730    0.00157048    0.03084321    0.04302222    0.00000000 
max(|Fsp_perp|)  :   0.00000000    0.00000000    0.00000000    0.00000000    0.00000000    0.00000000    0.00000000 
max(|FNEB|)      :   0.00000000    0.04391355    0.04527884    0.02549614    0.03480769    0.04558253    0.00000000 
max(|Force|)     :   0.00008763    0.01981672    0.04958961    0.02483353    0.03224249    0.02452683    0.00027879 
ksp              :   0.02104933    0.06117467    0.10000000    0.10000000    0.07066032    0.02214572 
max(|step|)      :   0.00000000    0.09633854    0.09933375    0.05593401    0.07636189    0.10000000    0.00000000 
angle (deg.)     :    10.6324  10.6666  11.3329  10.1661  10.4121 
>
iteration       : 3
climbing        : no
zoom on         : no
nim             : 7
barrier         :   0.07137748 (image:  3) 
distance        :   0.00000000    7.06906293   12.66390363   17.65511501   22.75177974   27.98336398   35.26952097 
energy          : -2464.53048891  -2464.52125723  -2464.49719128  -2464.45911143  -2464.48340052  -2464.52041049  -2464.54816581 
max(|Fr_perp|)   :   0.00000000    0.01602021    0.04118639    0.02999246    0.02253560    0.02096084    0.00000000 
Fr_paral         :   0.00000000   -0.00343519   -0.01082284   -0.00095158    0.00823209    0.00839445    0.00000000 
max(|Fsp_paral|) :   0.00000000    0.02862055    0.04203201    0.00197830    0.02642649    0.03701891    0.00000000 
max(|Fsp_perp|)  :   0.00000000    0.00000000    0.00000000    0.00000000    0.00000000    0.00000000    0.00000000 
max(|FNEB|)      :   0.00000000    0.02960697    0.04990134    0.02961307    0.02821065    0.03999668    0.00000000 
max(|Force|)     :   0.00008763    0.01616236    0.04164186    0.03005825    0.02291923    0.02100590    0.00027879 
ksp              :   0.02164024    0.05198504    0.10000000    0.10000000    0.06937384    0.02270789 
max(|step|)      :   0.00000000    0.07639996    0.10000000    0.05338886    0.06622229    0.09350653    0.00100656 
angle (deg.)     :    10.9884  11.4877  11.4583  10.1918  10.8867 
>
iteration       : 4
climbing        : no
zoom on         : no
nim             : 7
barrier         :   0.06520373 (image:  3) 
distance        :   0.00000000    7.42187362   13.12510419   17.68771020   22.42247294   27.53919355   35.28727402 
energy          : -2464.53048891  -2464.52166111  -2464.50338864  -2464.46528517  -2464.48597862  -2464.52074640  -2464.54816581 
max(|Fr_perp|)   :   0.00000000    0.00845364    0.02292897    0.02142523    0.01268736    0.01842470    0.00000000 
Fr_paral         :   0.00000000   -0.00299163   -0.00819882   -0.00134150    0.00687683    0.00842306    0.00000000 
max(|Fsp_paral|) :   0.00000000    0.02196591    0.03726238    0.00320321    0.01929902    0.03424791    0.00000000 
max(|Fsp_perp|)  :   0.00000000    0.00000000    0.00000000    0.00000000    0.00000000    0.00000000    0.00000000 
max(|FNEB|)      :   0.00000000    0.02255121    0.03987662    0.01983620    0.02137041    0.03733796    0.00000000 
max(|Force|)     :   0.00008763    0.00866167    0.02345864    0.02156503    0.01316449    0.01850501    0.00027879 
ksp              :   0.02218503    0.04740533    0.10000000    0.10000000    0.07143448    0.02344658 
max(|step|)      :   0.00000000    0.05655245    0.10000000    0.04974393    0.05359134    0.09363373    0.00000000 
angle (deg.)     :    11.4406  11.7847  11.6809  9.9926  11.3067 
>
iteration       : 5
climbing        : no
zoom on         : no
nim             : 7
barrier         :   0.06172612 (image:  3) 
distance        :   0.00000000    7.68645656   13.59425304   17.73704479   22.15994302   27.08847040   35.29886862 
energy          : -2464.53048891  -2464.52170977  -2464.50309822  -2464.46876279  -2464.48703741  -2464.52045185  -2464.54816581 
max(|Fr_perp|)   :   0.00000000    0.01431303    0.02575540    0.01472814    0.01171449    0.01638791    0.00000000 
Fr_paral         :   0.00000000   -0.00292078   -0.00850783   -0.00132778    0.00686435    0.00852505    0.00000000 
max(|Fsp_paral|) :   0.00000000    0.02490591    0.02376545    0.00518415    0.01434117    0.02951122    0.00000000 
max(|Fsp_perp|)  :   0.00000000    0.00000000    0.00000000    0.00000000    0.00000000    0.00000000    0.00000000 
max(|FNEB|)      :   0.00000000    0.02529855    0.03628672    0.01299820    0.01716282    0.03263295    0.00000000 
max(|Force|)     :   0.00008763    0.01444107    0.02619546    0.01481015    0.01216245    0.01649835    0.00027879 
ksp              :   0.02280045    0.04993709    0.10000000    0.10000000    0.07335461    0.02463456 
max(|step|)      :   0.00000000    0.07376382    0.10000000    0.03802042    0.04995838    0.09686841    0.00059206 
angle (deg.)     :    11.6100  12.9033  12.0458  10.2526  11.8141 
>
iteration       : 6
climbing        : no
zoom on         : no
nim             : 7
barrier         :   0.05909376 (image:  3) 
distance        :   0.00000000    8.03328466   13.96293803   17.82924220   21.93356843   26.63701165   35.32180687 
energy          : -2464.53048891  -2464.52075322  -2464.50081486  -2464.47139515  -2464.48804897  -2464.52012347  -2464.54816581 
max(|Fr_perp|)   :   0.00000000    0.03946456    0.07460530    0.01510352    0.01147309    0.01418062    0.00000000 
Fr_paral         :   0.00000000   -0.00317010   -0.00619480   -0.00099240    0.00631665    0.00857882    0.00000000 
max(|Fsp_paral|) :   0.00000000    0.02666563    0.01163002    0.00438748    0.01046156    0.02339524    0.00000000 
max(|Fsp_perp|)  :   0.00000000    0.00000000    0.00000000    0.00000000    0.00000000    0.00000000    0.00000000 
max(|FNEB|)      :   0.00000000    0.04076367    0.07493465    0.01288713    0.01372772    0.02682149    0.00000000 
max(|Force|)     :   0.00008763    0.03990136    0.07557337    0.01522276    0.01223458    0.01455766    0.00027879 
ksp              :   0.02484416    0.05526753    0.10000000    0.10000000    0.07463427    0.02578711 
max(|step|)      :   0.00000000    0.05439895    0.10000000    0.01719783    0.01831959    0.03579317    0.00000000 
angle (deg.)     :    11.5490  13.3258  12.3123  10.2097  12.0459 
>
iteration       : 7
climbing        : no
zoom on         : no
nim             : 7
barrier         :   0.05795274 (image:  3) 
distance        :   0.00000000    8.20367413   14.04313330   17.86605882   21.86080633   26.47525336   35.33183442 
energy          : -2464.53048891  -2464.52102647  -2464.50228468  -2464.47253617  -2464.48862330  -2464.52030450  -2464.54816581 
max(|Fr_perp|)   :   0.00000000    0.02772540    0.05424473    0.00951018    0.00921571    0.01346341    0.00000000 
Fr_paral         :   0.00000000   -0.00300379   -0.00614611   -0.00100121    0.00646735    0.00864933    0.00000000 
max(|Fsp_paral|) :   0.00000000    0.02322359    0.01340053    0.00315921    0.00937112    0.02158507    0.00000000 
max(|Fsp_perp|)  :   0.00000000    0.00000000    0.00000000    0.00000000    0.00000000    0.00000000    0.00000000 
max(|FNEB|)      :   0.00000000    0.03389448    0.06096419    0.00946571    0.01190840    0.02496542    0.00000000 
max(|Force|)     :   0.00008763    0.02786841    0.05384366    0.00957623    0.01027408    0.01389372    0.00027879 
ksp              :   0.02469507    0.05380087    0.10000000    0.10000000    0.07501684    0.02581627 
max(|step|)      :   0.00000000    0.09338080    0.07445118    0.03861899    0.04655341    0.09639060    0.00109713 
angle (deg.)     :    11.5128  14.7828  13.2956  10.4541  12.7842 
>
iteration       : 8
climbing        : no
zoom on         : no
nim             : 7
barrier         :   0.05677173 (image:  3) 
distance        :   0.00000000    8.64786439   14.28016105   17.96185780   21.67658225   26.05260109   35.36842521 
energy          : -2464.53048891  -2464.51744424  -2464.49151745  -2464.47371718  -2464.48913553  -2464.51987066  -2464.54816581 
max(|Fr_perp|)   :   0.00000000    0.06350818    0.10971378    0.02453133    0.01989936    0.01592973    0.00000000 
Fr_paral         :   0.00000000   -0.00397835   -0.00112544    0.00036061    0.00605062    0.00863751    0.00000000 
max(|Fsp_paral|) :   0.00000000    0.02890974    0.00703256    0.00061152    0.00713243    0.01470315    0.00000000 
max(|Fsp_perp|)  :   0.00000000    0.00000000    0.00000000    0.00000000    0.00000000    0.00000000    0.00000000 
max(|FNEB|)      :   0.00000000    0.07104962    0.10795025    0.02465344    0.02532516    0.01805174    0.00000000 
max(|Force|)     :   0.00008763    0.06329231    0.10958660    0.02451236    0.01909535    0.01704785    0.00027879 
ksp              :   0.03067966    0.07178129    0.10000000    0.10000000    0.07555735    0.02683306 
max(|step|)      :   0.00000000    0.10000000    0.04720573    0.03295574    0.04360938    0.08785927    0.00090731 
angle (deg.)     :    11.2894  16.6463  14.6099  10.8691  13.6235 
>
iteration       : 9
climbing        : no
zoom on         : no
nim             : 7
barrier         :   0.05521437 (image:  3) 
distance        :   0.00000000    9.12414228   14.38969627   18.04717557   21.51571553   25.68378548   35.41491030 
energy          : -2464.53048891  -2464.51630409  -2464.48605738  -2464.47527453  -2464.48998462  -2464.51989888  -2464.54816581 
max(|Fr_perp|)   :   0.00000000    0.06858102    0.12579998    0.02503372    0.01928315    0.01557057    0.00000000 
Fr_paral         :   0.00000000   -0.00465481    0.00381383    0.00099160    0.00600041    0.00864965    0.00000000 
max(|Fsp_paral|) :   0.00000000    0.02751819    0.01333496    0.00352227    0.00544165    0.00930854    0.00000000 
max(|Fsp_perp|)  :   0.00000000    0.00000000    0.00000000    0.00000000    0.00000000    0.00000000    0.00000000 
max(|FNEB|)      :   0.00000000    0.07540568    0.12424224    0.02537155    0.02341920    0.01521618    0.00000000 
max(|Force|)     :   0.00008763    0.06858703    0.12656180    0.02524524    0.01854701    0.01676216    0.00027879 
ksp              :   0.03317462    0.08262621    0.10000000    0.10000000    0.07601942    0.02726680 
max(|step|)      :   0.00000000    0.06069247    0.10000000    0.02042103    0.01884963    0.01224718    0.00000000 
angle (deg.)     :    11.0606  16.5910  14.6451  10.9632  13.7697 
>
iteration       : 10
climbing        : no
zoom on         : no
nim             : 7
barrier         :   0.05383600 (image:  3) 
distance        :   0.00000000    9.23120973   14.32909032   18.03006530   21.49105874   25.64261906   35.41773417 
energy          : -2464.53048891  -2464.52084576  -2464.50679442  -2464.47665290  -2464.49073156  -2464.52069565  -2464.54816581 
max(|Fr_perp|)   :   0.00000000    0.00862694    0.04267656    0.00668288    0.00750059    0.01168979    0.00000000 
Fr_paral         :   0.00000000   -0.00253823   -0.00381230   -0.00085485    0.00639336    0.00873097    0.00000000 
max(|Fsp_paral|) :   0.00000000    0.00245197    0.02258350    0.00434862    0.00523500    0.01076501    0.00000000 
max(|Fsp_perp|)  :   0.00000000    0.00000000    0.00000000    0.00000000    0.00000000    0.00000000    0.00000000 
max(|FNEB|)      :   0.00000000    0.00802548    0.05371233    0.00770882    0.00748053    0.01418335    0.00000000 
max(|Force|)     :   0.00008763    0.00875649    0.04283062    0.00671943    0.00866864    0.01295409    0.00027879 
ksp              :   0.02612086    0.04961111    0.10000000    0.10000000    0.07646410    0.02637182 
max(|step|)      :   0.00000000    0.02934337    0.08014259    0.01267821    0.01202729    0.01560335    0.00015577 
angle (deg.)     :    11.2124  16.5159  14.9194  11.1409  13.9825 
>
iteration       : 11
climbing        : no
zoom on         : no
nim             : 7
barrier         :   0.05353607 (image:  3) 
distance        :   0.00000000    9.28328465   14.40010054   18.00582295   21.46085823   25.58187130   35.42504365 
energy          : -2464.53048891  -2464.52038911  -2464.50680834  -2464.47695283  -2464.49096582  -2464.52101208  -2464.54816581 
max(|Fr_perp|)   :   0.00000000    0.03027774    0.05079476    0.00872552    0.00819635    0.01197360    0.00000000 
Fr_paral         :   0.00000000   -0.00263389   -0.00578864   -0.00096719    0.00634373    0.00871793    0.00000000 
max(|Fsp_paral|) :   0.00000000    0.00091793    0.02036226    0.00273166    0.00563334    0.01076234    0.00000000 
max(|Fsp_perp|)  :   0.00000000    0.00000000    0.00000000    0.00000000    0.00000000    0.00000000    0.00000000 
max(|FNEB|)      :   0.00000000    0.02997853    0.05295378    0.01035131    0.00771001    0.01417520    0.00000000 
max(|Force|)     :   0.00008763    0.03045627    0.05126977    0.00882987    0.00936872    0.01324842    0.00027879 
ksp              :   0.02697887    0.04980963    0.10000000    0.10000000    0.07644264    0.02593158 
max(|step|)      :   0.00000000    0.01531396    0.02300740    0.01068407    0.01304281    0.02353729    0.00019168 
angle (deg.)     :    11.4753  16.6483  15.4044  11.3315  14.3083 
>
iteration       : 12
climbing        : no
zoom on         : no
nim             : 7
barrier         :   0.05313908 (image:  3) 
distance        :   0.00000000    9.34579744   14.51155535   17.98132037   21.41702648   25.49299278   35.43918276 
energy          : -2464.53048891  -2464.52057720  -2464.50547434  -2464.47734982  -2464.49125502  -2464.52132523  -2464.54816581 
max(|Fr_perp|)   :   0.00000000    0.02919995    0.06603080    0.01147018    0.01131956    0.01198319    0.00000000 
Fr_paral         :   0.00000000   -0.00270204   -0.00648880   -0.00107674    0.00636371    0.00868035    0.00000000 
max(|Fsp_paral|) :   0.00000000    0.00418997    0.01470141    0.00062787    0.00601841    0.01036825    0.00000000 
max(|Fsp_perp|)  :   0.00000000    0.00000000    0.00000000    0.00000000    0.00000000    0.00000000    0.00000000 
max(|FNEB|)      :   0.00000000    0.02777926    0.06667224    0.01183231    0.00881144    0.01372537    0.00000000 
max(|Force|)     :   0.00008763    0.02939032    0.06654754    0.01158466    0.01207284    0.01327061    0.00027879 
ksp              :   0.02678715    0.05236639    0.10000000    0.10000000    0.07644920    0.02552023 
max(|step|)      :   0.00000000    0.06781339    0.08576107    0.04077118    0.05700796    0.10000000    0.00168036 
angle (deg.)     :    12.3454  18.1717  17.8291  12.0475  15.7707 
>
iteration       : 13
climbing        : no
zoom on         : no
nim             : 7
barrier         :   0.05122278 (image:  3) 
distance        :   0.00000000    9.65182801   14.92400050   17.93547330   21.23593695   25.13198719   35.51332045 
energy          : -2464.53048891  -2464.52094064  -2464.50643589  -2464.47926612  -2464.49252640  -2464.52264474  -2464.54816581 
max(|Fr_perp|)   :   0.00000000    0.03188273    0.05452686    0.00820822    0.01018528    0.01115361    0.00000000 
Fr_paral         :   0.00000000   -0.00243819   -0.00848045   -0.00199394    0.00687526    0.00850732    0.00000000 
max(|Fsp_paral|) :   0.00000000    0.00359365    0.00476133    0.00575329    0.00636643    0.00916733    0.00000000 
max(|Fsp_perp|)  :   0.00000000    0.00000000    0.00000000    0.00000000    0.00000000    0.00000000    0.00000000 
max(|FNEB|)      :   0.00000000    0.03100128    0.05521738    0.00842608    0.00737414    0.01218040    0.00000000 
max(|Force|)     :   0.00008763    0.03240700    0.05586049    0.00844829    0.01109381    0.01249646    0.00027879 
ksp              :   0.02680513    0.05236117    0.10000000    0.10000000    0.07670073    0.02378585 
max(|step|)      :   0.00000000    0.03504098    0.06241263    0.00952407    0.00833505    0.01376760    0.00000000 
angle (deg.)     :    12.3981  18.6097  17.9835  12.1047  15.9381 
>
iteration       : 14
climbing        : no
zoom on         : no
nim             : 7
barrier         :   0.05096434 (image:  3) 
distance        :   0.00000000    9.67270382   14.95832002   17.97569542   21.20902167   25.08267655   35.52577199 
energy          : -2464.53048891  -2464.52158287  -2464.50854759  -2464.47952456  -2464.49270768  -2464.52286044  -2464.54816581 
max(|Fr_perp|)   :   0.00000000    0.01567958    0.02945995    0.00387212    0.00734616    0.01065996    0.00000000 
Fr_paral         :   0.00000000   -0.00221604   -0.00778161   -0.00205547    0.00707439    0.00856409    0.00000000 
max(|Fsp_paral|) :   0.00000000    0.00182537    0.00833623    0.00436348    0.00541076    0.00918089    0.00000000 
max(|Fsp_perp|)  :   0.00000000    0.00000000    0.00000000    0.00000000    0.00000000    0.00000000    0.00000000 
max(|FNEB|)      :   0.00000000    0.01621097    0.03377478    0.00539385    0.00656481    0.01210772    0.00000000 
max(|Force|)     :   0.00008763    0.01578516    0.02869822    0.00409576    0.00881004    0.01201930    0.00027879 
ksp              :   0.02572753    0.04874707    0.10000000    0.10000000    0.07671940    0.02347142 
max(|step|)      :   0.00000000    0.01063895    0.01439456    0.00886206    0.01026356    0.01798212    0.00021553 
angle (deg.)     :    12.5191  19.0596  18.2093  12.2703  16.1533 
>
iteration       : 15
climbing        : no
zoom on         : no
nim             : 7
barrier         :   0.05082213 (image:  3) 
distance        :   0.00000000    9.69251252   15.01799039   18.02037301   21.17702483   25.01738733   35.54102578 
energy          : -2464.53048891  -2464.52148874  -2464.50810051  -2464.47966678  -2464.49284496  -2464.52292437  -2464.54816581 
max(|Fr_perp|)   :   0.00000000    0.02226443    0.03886546    0.00517454    0.00693153    0.01033599    0.00000000 
Fr_paral         :   0.00000000   -0.00224938   -0.00617227   -0.00197692    0.00718503    0.00856186    0.00000000 
max(|Fsp_paral|) :   0.00000000    0.00269427    0.00675241    0.00316293    0.00447153    0.00847548    0.00000000 
max(|Fsp_perp|)  :   0.00000000    0.00000000    0.00000000    0.00000000    0.00000000    0.00000000    0.00000000 
max(|FNEB|)      :   0.00000000    0.02312070    0.04246504    0.00709134    0.00575443    0.01131379    0.00000000 
max(|Force|)     :   0.00008763    0.02211614    0.03824560    0.00492890    0.00844334    0.01170930    0.00027879 
ksp              :   0.02593823    0.04964721    0.10000000    0.10000000    0.07666300    0.02339591 
max(|step|)      :   0.00000000    0.06511695    0.08577983    0.04397067    0.05426488    0.10000000    0.00134212 
angle (deg.)     :    12.9978  21.2039  20.2525  13.8935  17.4653 
>
iteration       : 16
climbing        : no
zoom on         : no
nim             : 7
barrier         :   0.04974305 (image:  3) 
distance        :   0.00000000    9.85266234   15.27669826   18.22971753   21.02827277   24.66689701   35.63552725 
energy          : -2464.53048891  -2464.52207918  -2464.50769900  -2464.48074586  -2464.49397623  -2464.52361026  -2464.54816581 
max(|Fr_perp|)   :   0.00000000    0.02226602    0.05205569    0.00425968    0.00694857    0.00984529    0.00000000 
Fr_paral         :   0.00000000   -0.00219096   -0.00319894   -0.00190863    0.00774104    0.00844302    0.00000000 
max(|Fsp_paral|) :   0.00000000    0.00621682    0.00332267    0.00344703    0.00072368    0.00527986    0.00000000 
max(|Fsp_perp|)  :   0.00000000    0.00000000    0.00000000    0.00000000    0.00000000    0.00000000    0.00000000 
max(|FNEB|)      :   0.00000000    0.02399263    0.05209836    0.00445557    0.00623247    0.00773612    0.00000000 
max(|Force|)     :   0.00008763    0.02262192    0.05264922    0.00428437    0.00874662    0.01128673    0.00027879 
ksp              :   0.02523399    0.05134759    0.10000000    0.10000000    0.07606455    0.02244763 
max(|step|)      :   0.00000000    0.03301200    0.07168332    0.00613052    0.00857540    0.01064431    0.00000000 
angle (deg.)     :    13.0155  21.2214  20.6426  14.1793  17.6070 
>
iteration       : 17
climbing        : no
zoom on         : no
nim             : 7
barrier         :   0.04952519 (image:  3) 
distance        :   0.00000000    9.89448282   15.29919007   18.21144077   21.02735110   24.63061111   35.64585440 
energy          : -2464.53048891  -2464.52231123  -2464.50982842  -2464.48096372  -2464.49430001  -2464.52380185  -2464.54816581 
max(|Fr_perp|)   :   0.00000000    0.01811983    0.03684939    0.00427379    0.00689328    0.00958137    0.00000000 
Fr_paral         :   0.00000000   -0.00206810   -0.00635672   -0.00221639    0.00790871    0.00840140    0.00000000 
max(|Fsp_paral|) :   0.00000000    0.00228494    0.00684593    0.00218828    0.00202278    0.00500673    0.00000000 
max(|Fsp_perp|)  :   0.00000000    0.00000000    0.00000000    0.00000000    0.00000000    0.00000000    0.00000000 
max(|FNEB|)      :   0.00000000    0.01732294    0.03545207    0.00440966    0.00487049    0.00742110    0.00000000 
max(|Force|)     :   0.00008763    0.01826989    0.03738821    0.00430505    0.00875525    0.01102254    0.00027879 
ksp              :   0.02486094    0.04754542    0.10000000    0.10000000    0.07576453    0.02215210 
max(|step|)      :   0.00000000    0.00599338    0.01149687    0.00407052    0.00481225    0.00691514    0.00000927 
angle (deg.)     :    13.0760  21.3107  20.9231  14.3637  17.7092 
>
iteration       : 18
climbing        : no
zoom on         : no
nim             : 7
barrier         :   0.04938521 (image:  3) 
distance        :   0.00000000    9.90995550   15.32794114   18.20431032   21.02418546   24.60851508   35.65392390 
energy          : -2464.53048891  -2464.52252368  -2464.51061878  -2464.48110369  -2464.49448446  -2464.52392976  -2464.54816581 
max(|Fr_perp|)   :   0.00000000    0.00948847    0.01968455    0.00432321    0.00686849    0.00947373    0.00000000 
Fr_paral         :   0.00000000   -0.00197151   -0.00735364   -0.00240766    0.00801622    0.00836477    0.00000000 
max(|Fsp_paral|) :   0.00000000    0.00154392    0.00748524    0.00129520    0.00260366    0.00492457    0.00000000 
max(|Fsp_perp|)  :   0.00000000    0.00000000    0.00000000    0.00000000    0.00000000    0.00000000    0.00000000 
max(|FNEB|)      :   0.00000000    0.00895743    0.01988578    0.00440883    0.00426483    0.00730876    0.00000000 
max(|Force|)     :   0.00008763    0.00962953    0.02034096    0.00435970    0.00877296    0.01091486    0.00027879 
ksp              :   0.02451590    0.04621148    0.10000000    0.10000000    0.07561479    0.02195343 
max(|step|)      :   0.00000000    0.07991082    0.10000000    0.05510404    0.06296969    0.09447281    0.00138139 
angle (deg.)     :    13.9462  23.7484  25.4854  16.9013  19.2312 
>
iteration       : 19
climbing        : no
zoom on         : no
nim             : 7
barrier         :   0.04727534 (image:  3) 
distance        :   0.00000000   10.11043855   15.73052465   18.13743362   20.99434990   24.33305916   35.78723831 
energy          : -2464.53048891  -2464.52188514  -2464.50584258  -2464.48321356  -2464.49684097  -2464.52541620  -2464.54816581 
max(|Fr_perp|)   :   0.00000000    0.03715171    0.06336945    0.00698861    0.00640014    0.00796303    0.00000000 
Fr_paral         :   0.00000000   -0.00197388   -0.00796518   -0.00507513    0.00946931    0.00777235    0.00000000 
max(|Fsp_paral|) :   0.00000000    0.01112027    0.01786924    0.01143575    0.01019934    0.00404676    0.00000000 
max(|Fsp_perp|)  :   0.00000000    0.00000000    0.00000000    0.00000000    0.00000000    0.00000000    0.00000000 
max(|FNEB|)      :   0.00000000    0.04102902    0.05451640    0.01105438    0.00752689    0.00568337    0.00000000 
max(|Force|)     :   0.00008763    0.03727733    0.06279614    0.00783213    0.00891651    0.00938679    0.00027879 
ksp              :   0.02641209    0.05704935    0.10000000    0.10000000    0.07405555    0.01965841 
max(|step|)      :   0.00000000    0.06688469    0.08887154    0.01802063    0.01227018    0.00926492    0.00000000 
angle (deg.)     :    13.4739  24.7910  24.9052  17.2749  19.4872 
>
iteration       : 20
climbing        : no
zoom on         : no
nim             : 7
barrier         :   0.04724788 (image:  3) 
distance        :   0.00000000   10.19686408   15.61812915   18.23141498   20.95359182   24.32041824   35.81540302 
energy          : -2464.53048891  -2464.52172911  -2464.50933814  -2464.48324103  -2464.49666172  -2464.52558323  -2464.54816581 
max(|Fr_perp|)   :   0.00000000    0.04296110    0.06541051    0.00703032    0.00623321    0.00816930    0.00000000 
Fr_paral         :   0.00000000   -0.00206692   -0.00339325   -0.00510725    0.00967760    0.00777149    0.00000000 
max(|Fsp_paral|) :   0.00000000    0.00010730    0.00248451    0.00281779    0.00583257    0.00523840    0.00000000 
max(|Fsp_perp|)  :   0.00000000    0.00000000    0.00000000    0.00000000    0.00000000    0.00000000    0.00000000 
max(|FNEB|)      :   0.00000000    0.04292298    0.06536177    0.00515511    0.00505505    0.00663315    0.00000000 
max(|Force|)     :   0.00008763    0.04311393    0.06517480    0.00790984    0.00884572    0.00961055    0.00027879 
ksp              :   0.02668608    0.05028898    0.10000000    0.10000000    0.07443563    0.01934456 
max(|step|)      :   0.00000000    0.02636541    0.04145855    0.00426228    0.00501641    0.00593309    0.00000770 
angle (deg.)     :    13.4131  24.8935  25.0143  17.5550  19.5864 
>
iteration       : 21
climbing        : no
zoom on         : no
nim             : 7
barrier         :   0.04712427 (image:  3) 
distance        :   0.00000000   10.20643858   15.60134154   18.25223663   20.93710554   24.30285902   35.82522484 
energy          : -2464.53048891  -2464.52304642  -2464.51288485  -2464.48336463  -2464.49666992  -2464.52562988  -2464.54816581 
max(|Fr_perp|)   :   0.00000000    0.00525137    0.00831354    0.00733478    0.00620477    0.00807622    0.00000000 
Fr_paral         :   0.00000000   -0.00169439   -0.00537726   -0.00531148    0.00972927    0.00778571    0.00000000 
max(|Fsp_paral|) :   0.00000000    0.00245790    0.00658112    0.00088926    0.00474725    0.00538763    0.00000000 
max(|Fsp_perp|)  :   0.00000000    0.00000000    0.00000000    0.00000000    0.00000000    0.00000000    0.00000000 
max(|FNEB|)      :   0.00000000    0.00609572    0.00835179    0.00674701    0.00443340    0.00671003    0.00000000 
max(|Force|)     :   0.00008763    0.00537253    0.00872910    0.00825370    0.00885331    0.00952780    0.00027879 
ksp              :   0.02421399    0.04362101    0.10000000    0.10000000    0.07458899    0.01927998 
max(|step|)      :   0.00000000    0.01159387    0.01708111    0.00662845    0.00505409    0.00720148    0.00010075 
angle (deg.)     :    13.4843  24.8006  25.2545  17.9102  19.6839 
>
iteration       : 22
climbing        : no
zoom on         : no
nim             : 7
barrier         :   0.04691687 (image:  3) 
distance        :   0.00000000   10.19993653   15.62335476   18.26183924   20.92018862   24.27764679   35.83322086 
energy          : -2464.53048891  -2464.52306974  -2464.51286303  -2464.48357203  -2464.49672855  -2464.52566933  -2464.54816581 
max(|Fr_perp|)   :   0.00000000    0.00883235    0.01324915    0.00784860    0.00618533    0.00793731    0.00000000 
Fr_paral         :   0.00000000   -0.00165813   -0.00620167   -0.00563895    0.00978581    0.00780254    0.00000000 
max(|Fsp_paral|) :   0.00000000    0.00198940    0.00583119    0.00052450    0.00407391    0.00536446    0.00000000 
max(|Fsp_perp|)  :   0.00000000    0.00000000    0.00000000    0.00000000    0.00000000    0.00000000    0.00000000 
max(|FNEB|)      :   0.00000000    0.00929151    0.01596079    0.00750120    0.00403545    0.00663196    0.00000000 
max(|Force|)     :   0.00008763    0.00891201    0.01281697    0.00883475    0.00887456    0.00939983    0.00027879 
ksp              :   0.02423209    0.04381148    0.10000000    0.10000000    0.07476204    0.01924534 
max(|step|)      :   0.00000000    0.02058321    0.03508442    0.02987592    0.02166974    0.03136475    0.00042600 
angle (deg.)     :    13.7092  24.7800  26.3193  19.6303  20.1207 
>
iteration       : 23
climbing        : no
zoom on         : no
nim             : 7
barrier         :   0.04591824 (image:  3) 
distance        :   0.00000000   10.18563313   15.69605943   18.31232192   20.85784334   24.17723788   35.87723257 
energy          : -2464.53048891  -2464.52273006  -2464.51167537  -2464.48457067  -2464.49699232  -2464.52583638  -2464.54816581 
max(|Fr_perp|)   :   0.00000000    0.02742740    0.04130980    0.01015035    0.00605966    0.00744743    0.00000000 
Fr_paral         :   0.00000000   -0.00163296   -0.00597184   -0.00719192    0.01008166    0.00784878    0.00000000 
max(|Fsp_paral|) :   0.00000000    0.00032171    0.00075584    0.00193670    0.00098231    0.00525828    0.00000000 
max(|Fsp_perp|)  :   0.00000000    0.00000000    0.00000000    0.00000000    0.00000000    0.00000000    0.00000000 
max(|FNEB|)      :   0.00000000    0.02734948    0.04118051    0.01145892    0.00507735    0.00629073    0.00000000 
max(|Force|)     :   0.00008763    0.02750971    0.04154186    0.01148071    0.00894834    0.00895193    0.00027879 
ksp              :   0.02520739    0.04687463    0.10000000    0.10000000    0.07565350    0.01911898 
max(|step|)      :   0.00000000    0.04611775    0.08016125    0.07347644    0.04268465    0.06648221    0.00091211 
angle (deg.)     :    13.9696  25.1983  29.6152  24.1886  21.0546 
>
iteration       : 24
climbing        : no
zoom on         : no
nim             : 7
barrier         :   0.04301321 (image:  3) 
distance        :   0.00000000   10.18452570   15.79027928   18.41105834   20.77586476   23.99297384   36.00043279 
energy          : -2464.53048891  -2464.52256840  -2464.51100133  -2464.48747570  -2464.49772694  -2464.52613829  -2464.54816581 
max(|Fr_perp|)   :   0.00000000    0.03734541    0.05785588    0.01427466    0.00571870    0.00654642    0.00000000 
Fr_paral         :   0.00000000   -0.00153150   -0.00387239   -0.01080388    0.01075344    0.00786847    0.00000000 
max(|Fsp_paral|) :   0.00000000    0.00291381    0.00533960    0.00759163    0.00507326    0.00466585    0.00000000 
max(|Fsp_perp|)  :   0.00000000    0.00000000    0.00000000    0.00000000    0.00000000    0.00000000    0.00000000 
max(|FNEB|)      :   0.00000000    0.03753119    0.05862979    0.01963959    0.01079196    0.00531211    0.00000000 
max(|Force|)     :   0.00008763    0.03742576    0.05798874    0.01653904    0.00908112    0.00812038    0.00027879 
ksp              :   0.02657271    0.05077543    0.10000000    0.10000000    0.07855051    0.01910315 
max(|step|)      :   0.00000000    0.05078785    0.08971826    0.10000000    0.04108051    0.07112289    0.00109310 
angle (deg.)     :    14.1116  25.7244  35.0985  30.3740  21.9989 
>
iteration       : 25
climbing        : no
zoom on         : no
nim             : 7
barrier         :   0.03864481 (image:  3) 
distance        :   0.00000000   10.20061716   15.85448716   18.48543581   20.76706626   23.84142002   36.17947145 
energy          : -2464.53048891  -2464.52274261  -2464.51150160  -2464.49184409  -2464.49893454  -2464.52641747  -2464.54816581 
max(|Fr_perp|)   :   0.00000000    0.03981927    0.06251221    0.01267729    0.00538628    0.00566114    0.00000000 
Fr_paral         :   0.00000000   -0.00137029   -0.00207582   -0.01238630    0.01120029    0.00776483    0.00000000 
max(|Fsp_paral|) :   0.00000000    0.00431757    0.01083421    0.01134501    0.00968319    0.00337320    0.00000000 
max(|Fsp_perp|)  :   0.00000000    0.00000000    0.00000000    0.00000000    0.00000000    0.00000000    0.00000000 
max(|FNEB|)      :   0.00000000    0.04072111    0.06449212    0.02120255    0.01509443    0.00395357    0.00000000 
max(|Force|)     :   0.00008763    0.04020611    0.06302056    0.01570174    0.00920333    0.00727103    0.00027879 
ksp              :   0.02809453    0.05436255    0.10000000    0.10000000    0.08348132    0.01948140 
max(|step|)      :   0.00000000    0.05757201    0.09117975    0.02997642    0.02134069    0.00558961    0.00000000 
angle (deg.)     :    13.8809  25.6218  35.1579  31.1978  21.8443 
>
iteration       : 26
climbing        : no
zoom on         : no
nim             : 7
barrier         :   0.03714904 (image:  3) 
distance        :   0.00000000   10.22939108   15.79706656   18.44964078   20.82064148   23.84019693   36.20565912 
energy          : -2464.53048891  -2464.52343269  -2464.51471219  -2464.49333986  -2464.49971515  -2464.52651885  -2464.54816581 
max(|Fr_perp|)   :   0.00000000    0.03180067    0.04077450    0.01166962    0.00521241    0.00585872    0.00000000 
Fr_paral         :   0.00000000   -0.00134217   -0.00292501   -0.01227597    0.01151142    0.00761471    0.00000000 
max(|Fsp_paral|) :   0.00000000    0.00180733    0.00078608    0.00930672    0.00626979    0.00261241    0.00000000 
max(|Fsp_perp|)  :   0.00000000    0.00000000    0.00000000    0.00000000    0.00000000    0.00000000    0.00000000 
max(|FNEB|)      :   0.00000000    0.03244430    0.04109500    0.01879549    0.01148220    0.00328603    0.00000000 
max(|Force|)     :   0.00008763    0.03190018    0.04106508    0.01477634    0.00917416    0.00742133    0.00027879 
ksp              :   0.02709491    0.04822184    0.10000000    0.10000000    0.08455477    0.01961814 
max(|step|)      :   0.00000000    0.01872726    0.02402186    0.01531661    0.00957387    0.00269379    0.00001622 
angle (deg.)     :    13.8666  25.4067  35.4754  31.6056  21.7965 
>
iteration       : 27
climbing        : no
zoom on         : no
nim             : 7
barrier         :   0.03637443 (image:  3) 
distance        :   0.00000000   10.22581195   15.79215848   18.43150379   20.84129509   23.83865406   36.21727715 
energy          : -2464.53048891  -2464.52415534  -2464.51607258  -2464.49411448  -2464.50006923  -2464.52658971  -2464.54816581 
max(|Fr_perp|)   :   0.00000000    0.00685647    0.00944797    0.01106113    0.00508940    0.00584310    0.00000000 
Fr_paral         :   0.00000000   -0.00120245   -0.00387679   -0.01212583    0.01176145    0.00753978    0.00000000 
max(|Fsp_paral|) :   0.00000000    0.00172662    0.00235875    0.00765745    0.00505219    0.00252666    0.00000000 
max(|Fsp_perp|)  :   0.00000000    0.00000000    0.00000000    0.00000000    0.00000000    0.00000000    0.00000000 
max(|FNEB|)      :   0.00000000    0.00746355    0.00839855    0.01696848    0.01014159    0.00331644    0.00000000 
max(|Force|)     :   0.00008763    0.00694451    0.00986650    0.01418160    0.00916079    0.00738402    0.00027879 
ksp              :   0.02567092    0.04566982    0.10000000    0.10000000    0.08526636    0.01964765 
max(|step|)      :   0.00000000    0.01558845    0.01926398    0.04348772    0.02695264    0.00818119    0.00016289 
angle (deg.)     :    13.8640  24.7653  36.4001  32.7742  21.6747 
>
iteration       : 28
climbing        : no
zoom on         : no
nim             : 7
barrier         :   0.03422298 (image:  3) 
distance        :   0.00000000   10.21719057   15.79315654   18.38349055   20.89869846   23.83400052   36.25179677 
energy          : -2464.53048891  -2464.52416018  -2464.51625691  -2464.49626593  -2464.50106666  -2464.52679450  -2464.54816581 
max(|Fr_perp|)   :   0.00000000    0.01139103    0.01279571    0.01008374    0.00472119    0.00580102    0.00000000 
Fr_paral         :   0.00000000   -0.00116612   -0.00391958   -0.01120292    0.01250236    0.00731767    0.00000000 
max(|Fsp_paral|) :   0.00000000    0.00161766    0.00129991    0.00255720    0.00174221    0.00235359    0.00000000 
max(|Fsp_perp|)  :   0.00000000    0.00000000    0.00000000    0.00000000    0.00000000    0.00000000    0.00000000 
max(|FNEB|)      :   0.00000000    0.01107398    0.01217317    0.01078614    0.00646340    0.00344743    0.00000000 
max(|Force|)     :   0.00008763    0.01130657    0.01234555    0.01170953    0.00912056    0.00727967    0.00027879 
ksp              :   0.02664336    0.04742748    0.10000000    0.10000000    0.08737496    0.01971559 
max(|step|)      :   0.00000000    0.01331617    0.03290000    0.08853602    0.05523673    0.01900571    0.00031208 
angle (deg.)     :    13.7625  23.5872  38.5175  35.2212  21.5031 
>
iteration       : 29
climbing        : no
zoom on         : no
nim             : 7
barrier         :   0.03014218 (image:  3) 
distance        :   0.00000000   10.19494951   15.76080856   18.30903026   21.01826149   23.82918595   36.33813597 
energy          : -2464.53048891  -2464.52412760  -2464.51637202  -2464.50034673  -2464.50311452  -2464.52724665  -2464.54816581 
max(|Fr_perp|)   :   0.00000000    0.01895214    0.02542435    0.01065925    0.00400635    0.00561931    0.00000000 
Fr_paral         :   0.00000000   -0.00116527   -0.00332600   -0.00795799    0.01428937    0.00684376    0.00000000 
max(|Fsp_paral|) :   0.00000000    0.00111051    0.00829424    0.00572276    0.00475671    0.00230998    0.00000000 
max(|Fsp_perp|)  :   0.00000000    0.00000000    0.00000000    0.00000000    0.00000000    0.00000000    0.00000000 
max(|FNEB|)      :   0.00000000    0.01857317    0.02119500    0.01245824    0.00507823    0.00330933    0.00000000 
max(|Force|)     :   0.00008763    0.01886924    0.02502746    0.01150045    0.00902042    0.00697339    0.00027879 
ksp              :   0.02899390    0.05215091    0.10000000    0.10000000    0.09173580    0.01968089 
max(|step|)      :   0.00000000    0.01905935    0.04968202    0.10000000    0.06303651    0.02620150    0.00066917 
angle (deg.)     :    13.5404  22.5110  41.2978  37.9539  21.4443 
>
iteration       : 30
climbing        : no
zoom on         : no
nim             : 7
barrier         :   0.02625531 (image:  3) 
distance        :   0.00000000   10.16532792   15.68135721   18.24783918   21.16066765   23.82864801   36.46234515 
energy          : -2464.53048891  -2464.52419822  -2464.51686160  -2464.50423360  -2464.50545367  -2464.52777803  -2464.54816581 
max(|Fr_perp|)   :   0.00000000    0.02215792    0.02903737    0.01103134    0.00543710    0.00530110    0.00000000 
Fr_paral         :   0.00000000   -0.00112664   -0.00248568   -0.00346175    0.01679898    0.00628905    0.00000000 
max(|Fsp_paral|) :   0.00000000    0.00167530    0.01280663    0.01287781    0.01348634    0.00229966    0.00000000 
max(|Fsp_perp|)  :   0.00000000    0.00000000    0.00000000    0.00000000    0.00000000    0.00000000    0.00000000 
max(|FNEB|)      :   0.00000000    0.02187283    0.02453224    0.01580209    0.01130498    0.00300637    0.00000000 
max(|Force|)     :   0.00008763    0.02235574    0.02907329    0.01140349    0.00886056    0.00652295    0.00027879 
ksp              :   0.03159547    0.05677510    0.10000000    0.10000000    0.09579020    0.01929296 
max(|step|)      :   0.00000000    0.04273960    0.04793610    0.03087736    0.02208997    0.00587447    0.00000000 
angle (deg.)     :    13.2844  22.7707  40.0453  37.5188  21.9946 
>
iteration       : 31
climbing        : no
zoom on         : no
nim             : 7
barrier         :   0.02627776 (image:  3) 
distance        :   0.00000000   10.15068414   15.58229456   18.30574393   21.08101850   23.79090239   36.45206019 
energy          : -2464.53048891  -2464.52374791  -2464.51674191  -2464.50421115  -2464.50477201  -2464.52789741  -2464.54816581 
max(|Fr_perp|)   :   0.00000000    0.03608681    0.04269063    0.00944791    0.00615161    0.00507988    0.00000000 
Fr_paral         :   0.00000000   -0.00121514   -0.00153380   -0.01479082    0.01796037    0.00642241    0.00000000 
max(|Fsp_paral|) :   0.00000000    0.00538598    0.00868673    0.00197640    0.00451239    0.00539261    0.00000000 
max(|Fsp_perp|)  :   0.00000000    0.00000000    0.00000000    0.00000000    0.00000000    0.00000000    0.00000000 
max(|FNEB|)      :   0.00000000    0.03793375    0.04656644    0.00877386    0.00450214    0.00536776    0.00000000 
max(|Force|)     :   0.00008763    0.03617376    0.04284829    0.01323076    0.00924587    0.00637246    0.00027879 
ksp              :   0.03308759    0.05708277    0.10000000    0.10000000    0.09807906    0.01887574 
max(|step|)      :   0.00000000    0.01410118    0.02280794    0.01439847    0.01265234    0.00784882    0.00018215 
angle (deg.)     :    13.1135  22.9535  39.8770  37.6817  22.3572 
>
iteration       : 32
climbing        : no
zoom on         : no
nim             : 7
barrier         :   0.02637951 (image:  3) 
distance        :   0.00000000   10.12082721   15.50344598   18.34770272   21.04122921   23.76119289   36.46154480 
energy          : -2464.53048891  -2464.52446526  -2464.51802868  -2464.50410939  -2464.50444158  -2464.52791069  -2464.54816581 
max(|Fr_perp|)   :   0.00000000    0.01940192    0.02353504    0.01149721    0.00513715    0.00491482    0.00000000 
Fr_paral         :   0.00000000   -0.00107005   -0.00189281   -0.01752479    0.01795348    0.00655841    0.00000000 
max(|Fsp_paral|) :   0.00000000    0.00553978    0.00041200    0.00582340    0.00017031    0.00622192    0.00000000 
max(|Fsp_perp|)  :   0.00000000    0.00000000    0.00000000    0.00000000    0.00000000    0.00000000    0.00000000 
max(|FNEB|)      :   0.00000000    0.02128370    0.02334105    0.01631424    0.00507306    0.00598229    0.00000000 
max(|Force|)     :   0.00008763    0.01947775    0.02374147    0.01709777    0.00956631    0.00626622    0.00027879 
ksp              :   0.03055111    0.05251105    0.10000000    0.10000000    0.09886666    0.01879622 
max(|step|)      :   0.00000000    0.02183473    0.02449604    0.03322157    0.01392523    0.01742961    0.00041557 
angle (deg.)     :    13.0986  22.6190  41.2189  38.8160  22.7017 
>
iteration       : 33
climbing        : no
zoom on         : no
nim             : 7
barrier         :   0.02603464 (image:  4) 
distance        :   0.00000000   10.05244823   15.46178765   18.37144464   21.02954891   23.71534077   36.50500515 
energy          : -2464.53048891  -2464.52485063  -2464.51866889  -2464.50537558  -2464.50445427  -2464.52779472  -2464.54816581 
max(|Fr_perp|)   :   0.00000000    0.00298750    0.00454514    0.00884373    0.00358159    0.00473090    0.00000000 
Fr_paral         :   0.00000000   -0.00094784   -0.00203017   -0.01268272    0.01640992    0.00675558    0.00000000 
max(|Fsp_paral|) :   0.00000000    0.00444610    0.00150893    0.00623787    0.00107654    0.00454657    0.00000000 
max(|Fsp_perp|)  :   0.00000000    0.00000000    0.00000000    0.00000000    0.00000000    0.00000000    0.00000000 
max(|FNEB|)      :   0.00000000    0.00457795    0.00410224    0.01116371    0.00465813    0.00455663    0.00000000 
max(|Force|)     :   0.00008763    0.00303204    0.00468191    0.01069564    0.00996205    0.00615522    0.00027879 
ksp              :   0.02949116    0.05086101    0.09681509    0.10000000    0.10000000    0.01931362 
max(|step|)      :   0.00000000    0.03343713    0.03274504    0.07790029    0.02875116    0.03665765    0.00060884 
angle (deg.)     :    13.1031  21.8581  44.2997  41.4104  23.4316 
>
iteration       : 34
climbing        : no
zoom on         : no
nim             : 7
barrier         :   0.02593582 (image:  4) 
distance        :   0.00000000    9.90138405   15.38234660   18.40786714   21.02843559   23.63532986   36.61268483 
energy          : -2464.53048891  -2464.52502424  -2464.51898609  -2464.50691809  -2464.50455309  -2464.52762609  -2464.54816581 
max(|Fr_perp|)   :   0.00000000    0.01108412    0.01380842    0.01665372    0.00574825    0.00434707    0.00000000 
Fr_paral         :   0.00000000   -0.00084534   -0.00171041   -0.00323564    0.01449285    0.00698432    0.00000000 
max(|Fsp_paral|) :   0.00000000    0.00274450    0.00092271    0.00633687    0.00054117    0.00043730    0.00000000 
max(|Fsp_perp|)  :   0.00000000    0.00000000    0.00000000    0.00000000    0.00000000    0.00000000    0.00000000 
max(|FNEB|)      :   0.00000000    0.01170028    0.01352468    0.01454828    0.00587368    0.00390977    0.00000000 
max(|Force|)     :   0.00008763    0.01112362    0.01392580    0.01621884    0.01052559    0.00587765    0.00027879 
ksp              :   0.02896296    0.04991598    0.09179318    0.10000000    0.10000000    0.01993426 
max(|step|)      :   0.00000000    0.03701373    0.03538311    0.10000000    0.03287040    0.03456807    0.00067556 
angle (deg.)     :    13.1205  20.7533  47.7058  43.7458  24.4633 
>
iteration       : 35
climbing        : no
zoom on         : no
nim             : 7
barrier         :   0.02566087 (image:  4) 
distance        :   0.00000000    9.73538462   15.30376458   18.40973497   21.03033177   23.59902949   36.74434899 
energy          : -2464.53048891  -2464.52519275  -2464.51926846  -2464.50943502  -2464.50482804  -2464.52788159  -2464.54816581 
max(|Fr_perp|)   :   0.00000000    0.01698208    0.02021879    0.00617988    0.00404263    0.00385905    0.00000000 
Fr_paral         :   0.00000000   -0.00076805   -0.00137508   -0.00695209    0.01695127    0.00687689    0.00000000 
max(|Fsp_paral|) :   0.00000000    0.00070809    0.00311031    0.00066197    0.00210337    0.00116742    0.00000000 
max(|Fsp_perp|)  :   0.00000000    0.00000000    0.00000000    0.00000000    0.00000000    0.00000000    0.00000000 
max(|FNEB|)      :   0.00000000    0.01716657    0.02107204    0.00643850    0.00329160    0.00287472    0.00000000 
max(|Force|)     :   0.00008763    0.01734475    0.02053057    0.00737540    0.01093845    0.00542070    0.00027879 
ksp              :   0.02861691    0.04942270    0.08385673    0.10000000    0.10000000    0.01914993 
max(|step|)      :   0.00000000    0.02071034    0.02542204    0.00776763    0.00397110    0.00346816    0.00000000 
angle (deg.)     :    13.0702  20.6996  47.8297  43.9704  24.5715 
>
iteration       : 36
climbing        : no
zoom on         : no
nim             : 7
barrier         :   0.02557242 (image:  4) 
distance        :   0.00000000    9.73111164   15.28700481   18.41244926   21.02603321   23.59882002   36.75415211 
energy          : -2464.53048891  -2464.52538018  -2464.51962206  -2464.50965060  -2464.50491649  -2464.52798126  -2464.54816581 
max(|Fr_perp|)   :   0.00000000    0.00898630    0.01068535    0.00613573    0.00371513    0.00387403    0.00000000 
Fr_paral         :   0.00000000   -0.00081431   -0.00155639   -0.00978276    0.01754017    0.00679578    0.00000000 
max(|Fsp_paral|) :   0.00000000    0.00088157    0.00159909    0.00037778    0.00166624    0.00218507    0.00000000 
max(|Fsp_perp|)  :   0.00000000    0.00000000    0.00000000    0.00000000    0.00000000    0.00000000    0.00000000 
max(|FNEB|)      :   0.00000000    0.00927572    0.01158846    0.00596298    0.00245355    0.00263802    0.00000000 
max(|Force|)     :   0.00008763    0.00904202    0.01087094    0.00803893    0.01087888    0.00541702    0.00027879 
ksp              :   0.02797975    0.04824498    0.08333867    0.10000000    0.10000000    0.01882545 
max(|step|)      :   0.00000000    0.00241276    0.00373469    0.00615851    0.00250488    0.00257791    0.00001589 
angle (deg.)     :    13.0437  20.6557  48.0556  44.2220  24.6525 
>
iteration       : 37
climbing        : no
zoom on         : no
nim             : 7
barrier         :   0.02549405 (image:  4) 
distance        :   0.00000000    9.72691101   15.27801166   18.41594562   21.02497055   23.59754579   36.76460919 
energy          : -2464.53048891  -2464.52543600  -2464.51972473  -2464.50975478  -2464.50499485  -2464.52804038  -2464.54816581 
max(|Fr_perp|)   :   0.00000000    0.00597813    0.00727109    0.00610151    0.00351038    0.00388497    0.00000000 
Fr_paral         :   0.00000000   -0.00081232   -0.00159478   -0.01068569    0.01786618    0.00674342    0.00000000 
max(|Fsp_paral|) :   0.00000000    0.00090164    0.00113629    0.00006924    0.00149371    0.00267284    0.00000000 
max(|Fsp_perp|)  :   0.00000000    0.00000000    0.00000000    0.00000000    0.00000000    0.00000000    0.00000000 
max(|FNEB|)      :   0.00000000    0.00627321    0.00792052    0.00613335    0.00244949    0.00294136    0.00000000 
max(|Force|)     :   0.00008763    0.00603356    0.00746329    0.00819973    0.01083197    0.00541601    0.00027879 
ksp              :   0.02783797    0.04800006    0.08319635    0.10000000    0.10000000    0.01864388 
max(|step|)      :   0.00000000    0.02987144    0.04428639    0.10000000    0.03999993    0.04472832    0.00099074 
angle (deg.)     :    12.6865  20.1740  52.4895  48.7319  25.9619 
>
iteration       : 38
climbing        : no
zoom on         : no
nim             : 7
barrier         :   0.02465294 (image:  4) 
distance        :   0.00000000    9.65903158   15.15518399   18.47547821   21.03904554   23.58852382   36.96183229 
energy          : -2464.53048891  -2464.52552066  -2464.52001856  -2464.51039119  -2464.50583597  -2464.52864135  -2464.54816581 
max(|Fr_perp|)   :   0.00000000    0.01328280    0.01517204    0.01185813    0.00729384    0.00403416    0.00000000 
Fr_paral         :   0.00000000   -0.00087235   -0.00136595   -0.01797174    0.02153297    0.00590028    0.00000000 
max(|Fsp_paral|) :   0.00000000    0.00141959    0.00251403    0.00921254    0.00063777    0.00704757    0.00000000 
max(|Fsp_perp|)  :   0.00000000    0.00000000    0.00000000    0.00000000    0.00000000    0.00000000    0.00000000 
max(|FNEB|)      :   0.00000000    0.01359553    0.01701773    0.01562842    0.00707756    0.00575655    0.00000000 
max(|Force|)     :   0.00008763    0.01350788    0.01530099    0.01467245    0.01121354    0.00537374    0.00027879 
ksp              :   0.02816119    0.04825788    0.08342975    0.10000000    0.10000000    0.01673912 
max(|step|)      :   0.00000000    0.02581905    0.03231810    0.02967969    0.01344088    0.01093217    0.00000000 
angle (deg.)     :    12.7661  19.8396  53.9506  49.5396  25.9692 
>
iteration       : 39
climbing        : no
zoom on         : no
nim             : 7
barrier         :   0.02427287 (image:  4) 
distance        :   0.00000000    9.64682918   15.17716990   18.46612097   21.06958787   23.57484843   37.00634104 
energy          : -2464.53048891  -2464.52538803  -2464.51988982  -2464.51145651  -2464.50621603  -2464.52846819  -2464.54816581 
max(|Fr_perp|)   :   0.00000000    0.02251862    0.02519447    0.00756394    0.00284632    0.00387514    0.00000000 
Fr_paral         :   0.00000000   -0.00091228   -0.00124993   -0.00464474    0.01928067    0.00622359    0.00000000 
max(|Fsp_paral|) :   0.00000000    0.00131482    0.00164439    0.00206040    0.00419711    0.00356045    0.00000000 
max(|Fsp_perp|)  :   0.00000000    0.00000000    0.00000000    0.00000000    0.00000000    0.00000000    0.00000000 
max(|FNEB|)      :   0.00000000    0.02293875    0.02610648    0.00710408    0.00428852    0.00342860    0.00000000 
max(|Force|)     :   0.00008763    0.02257968    0.02534336    0.00710373    0.01002691    0.00529779    0.00027879 
ksp              :   0.02891326    0.04929973    0.08056914    0.10000000    0.10000000    0.01749250 
max(|step|)      :   0.00000000    0.01408582    0.01525732    0.00975172    0.00454449    0.00495998    0.00003198 
angle (deg.)     :    12.7797  19.7129  54.4004  49.7855  26.0619 
>
iteration       : 40
climbing        : no
zoom on         : no
nim             : 7
barrier         :   0.02427851 (image:  4) 
distance        :   0.00000000    9.63958647   15.17600227   18.46254800   21.07083294   23.56500417   37.02191653 
energy          : -2464.53048891  -2464.52575752  -2464.52041515  -2464.51165890  -2464.50621040  -2464.52842054  -2464.54816581 
max(|Fr_perp|)   :   0.00000000    0.00483025    0.00517674    0.00728777    0.00221327    0.00376059    0.00000000 
Fr_paral         :   0.00000000   -0.00083572   -0.00155371   -0.00369138    0.01884735    0.00632679    0.00000000 
max(|Fsp_paral|) :   0.00000000    0.00070208    0.00003496    0.00064245    0.00487892    0.00268424    0.00000000 
max(|Fsp_perp|)  :   0.00000000    0.00000000    0.00000000    0.00000000    0.00000000    0.00000000    0.00000000 
max(|FNEB|)      :   0.00000000    0.00505383    0.00515644    0.00714693    0.00427956    0.00283927    0.00000000 
max(|Force|)     :   0.00008763    0.00488595    0.00537046    0.00692825    0.01009062    0.00521599    0.00027879 
ksp              :   0.02753918    0.04734323    0.07980251    0.10000000    0.10000000    0.01766738 
max(|step|)      :   0.00000000    0.01116297    0.01017961    0.02151678    0.01108707    0.01078713    0.00020520 
angle (deg.)     :    12.8233  19.4270  55.3194  50.2692  26.3396 
>
iteration       : 41
climbing        : no
zoom on         : no
nim             : 7
barrier         :   0.02440862 (image:  4) 
distance        :   0.00000000    9.62633927   15.18230079   18.45570423   21.06584043   23.54297120   37.05437852 
energy          : -2464.53048891  -2464.52578030  -2464.52044094  -2464.51200679  -2464.50608028  -2464.52833674  -2464.54816581 
max(|Fr_perp|)   :   0.00000000    0.00672733    0.00762562    0.00606618    0.00244922    0.00350270    0.00000000 
Fr_paral         :   0.00000000   -0.00078254   -0.00149961   -0.00371003    0.01829902    0.00651002    0.00000000 
max(|Fsp_paral|) :   0.00000000    0.00041576    0.00120284    0.00231932    0.00569957    0.00125683    0.00000000 
max(|Fsp_perp|)  :   0.00000000    0.00000000    0.00000000    0.00000000    0.00000000    0.00000000    0.00000000 
max(|FNEB|)      :   0.00000000    0.00679230    0.00777486    0.00651259    0.00403094    0.00224587    0.00000000 
max(|Force|)     :   0.00008763    0.00673840    0.00745643    0.00574798    0.01029075    0.00502386    0.00027879 
ksp              :   0.02736166    0.04704907    0.07814766    0.10000000    0.10000000    0.01793553 
max(|step|)      :   0.00000000    0.00757065    0.01155713    0.03451258    0.02158383    0.01770305    0.00030667 
angle (deg.)     :    12.8437  19.1245  56.6930  50.9892  27.0202 
>
iteration       : 42
climbing        : no
zoom on         : no
nim             : 7
barrier         :   0.02486697 (image:  4) 
distance        :   0.00000000    9.60369794   15.17229493   18.45400488   21.03760239   23.50838238   37.10668435 
energy          : -2464.53048891  -2464.52577331  -2464.52042886  -2464.51246831  -2464.50562194  -2464.52828967  -2464.54816581 
max(|Fr_perp|)   :   0.00000000    0.01167336    0.01334291    0.00572331    0.00285508    0.00307616    0.00000000 
Fr_paral         :   0.00000000   -0.00073123   -0.00135261   -0.00819441    0.01857999    0.00669673    0.00000000 
max(|Fsp_paral|) :   0.00000000    0.00031383    0.00250337    0.00516819    0.00486500    0.00068815    0.00000000 
max(|Fsp_perp|)  :   0.00000000    0.00000000    0.00000000    0.00000000    0.00000000    0.00000000    0.00000000 
max(|FNEB|)      :   0.00000000    0.01157340    0.01386641    0.00753574    0.00359448    0.00251136    0.00000000 
max(|Force|)     :   0.00008763    0.01162479    0.01316489    0.00527123    0.01078912    0.00468868    0.00027879 
ksp              :   0.02706695    0.04640991    0.07522120    0.10000000    0.10000000    0.01795961 
max(|step|)      :   0.00000000    0.02559058    0.04093202    0.10000000    0.06826260    0.05790743    0.00089555 
angle (deg.)     :    12.8211  18.9004  61.6200  54.0669  29.4904 
>
iteration       : 43
climbing        : no
zoom on         : no
nim             : 7
barrier         :   0.02652063 (image:  4) 
distance        :   0.00000000    9.52927130   15.10426103   18.48464690   20.96000710   23.42749516   37.30805383 
energy          : -2464.53048891  -2464.52580611  -2464.52058974  -2464.51307597  -2464.50396828  -2464.52816350  -2464.54816581 
max(|Fr_perp|)   :   0.00000000    0.01792225    0.01887039    0.01013217    0.00352231    0.00475853    0.00000000 
Fr_paral         :   0.00000000   -0.00058987   -0.00101734   -0.01269283    0.01939493    0.00704996    0.00000000 
max(|Fsp_paral|) :   0.00000000    0.00078220    0.00213781    0.00631892    0.00033024    0.00044317    0.00000000 
max(|Fsp_perp|)  :   0.00000000    0.00000000    0.00000000    0.00000000    0.00000000    0.00000000    0.00000000 
max(|FNEB|)      :   0.00000000    0.01806883    0.01978127    0.01023299    0.00351497    0.00500963    0.00000000 
max(|Force|)     :   0.00008763    0.01827776    0.01914067    0.01191309    0.01207061    0.00576221    0.00027879 
ksp              :   0.02593252    0.04365142    0.06910973    0.10000000    0.10000000    0.01789926 
max(|step|)      :   0.00000000    0.02450953    0.02683238    0.01388057    0.00476790    0.00679533    0.00000000 
angle (deg.)     :    12.7728  19.1453  61.6944  54.3724  29.6026 
>
iteration       : 44
climbing        : no
zoom on         : no
nim             : 7
barrier         :   0.02632916 (image:  4) 
distance        :   0.00000000    9.52378267   15.09112444   18.49809922   20.95612469   23.43292949   37.31642893 
energy          : -2464.53048891  -2464.52599240  -2464.52095503  -2464.51334162  -2464.50415974  -2464.52833364  -2464.54816581 
max(|Fr_perp|)   :   0.00000000    0.01183875    0.01287764    0.00479358    0.00318558    0.00388627    0.00000000 
Fr_paral         :   0.00000000   -0.00066554   -0.00128276   -0.01022906    0.01961315    0.00694221    0.00000000 
max(|Fsp_paral|) :   0.00000000    0.00093908    0.00073960    0.00547643    0.00082559    0.00171090    0.00000000 
max(|Fsp_perp|)  :   0.00000000    0.00000000    0.00000000    0.00000000    0.00000000    0.00000000    0.00000000 
max(|FNEB|)      :   0.00000000    0.01213616    0.01330410    0.00754290    0.00401118    0.00295716    0.00000000 
max(|Force|)     :   0.00008763    0.01188263    0.01304127    0.00729836    0.01180809    0.00486920    0.00027879 
ksp              :   0.02537022    0.04258929    0.06861392    0.10000000    0.10000000    0.01736726 
max(|step|)      :   0.00000000    0.00375780    0.00482943    0.00960543    0.00434645    0.00410901    0.00002641 
angle (deg.)     :    12.7502  19.3221  61.7396  54.6574  29.6650 
>
iteration       : 45
climbing        : no
zoom on         : no
nim             : 7
barrier         :   0.02615522 (image:  4) 
distance        :   0.00000000    9.51869229   15.08539233   18.50809563   20.95510402   23.43165615   37.32344394 
energy          : -2464.53048891  -2464.52611203  -2464.52114419  -2464.51333614  -2464.50433369  -2464.52841143  -2464.54816581 
max(|Fr_perp|)   :   0.00000000    0.00637617    0.00719284    0.00385241    0.00297641    0.00329218    0.00000000 
Fr_paral         :   0.00000000   -0.00066854   -0.00138794   -0.00943211    0.01964607    0.00686874    0.00000000 
max(|Fsp_paral|) :   0.00000000    0.00080885    0.00034993    0.00384684    0.00129949    0.00244693    0.00000000 
max(|Fsp_perp|)  :   0.00000000    0.00000000    0.00000000    0.00000000    0.00000000    0.00000000    0.00000000 
max(|FNEB|)      :   0.00000000    0.00663137    0.00698798    0.00537372    0.00427589    0.00250205    0.00000000 
max(|Force|)     :   0.00008763    0.00642013    0.00737293    0.00564250    0.01161778    0.00426838    0.00027879 
ksp              :   0.02506081    0.04215514    0.06902261    0.10000000    0.10000000    0.01714859 
max(|step|)      :   0.00000000    0.01392183    0.01608127    0.03679969    0.02315879    0.01497507    0.00025869 
angle (deg.)     :    12.7025  19.9695  62.0961  56.1286  29.9056 
>
iteration       : 46
climbing        : no
zoom on         : no
nim             : 7
barrier         :   0.02535495 (image:  4) 
distance        :   0.00000000    9.49607369   15.08159881   18.54741496   20.96337619   23.41792066   37.36516819 
energy          : -2464.53048891  -2464.52621259  -2464.52126385  -2464.51298847  -2464.50513395  -2464.52857135  -2464.54816581 
max(|Fr_perp|)   :   0.00000000    0.00356154    0.00401361    0.00419250    0.00220796    0.00289668    0.00000000 
Fr_paral         :   0.00000000   -0.00072729   -0.00152443   -0.00789007    0.01935236    0.00649323    0.00000000 
max(|Fsp_paral|) :   0.00000000    0.00007299    0.00250667    0.00380310    0.00170786    0.00279830    0.00000000 
max(|Fsp_perp|)  :   0.00000000    0.00000000    0.00000000    0.00000000    0.00000000    0.00000000    0.00000000 
max(|FNEB|)      :   0.00000000    0.00353879    0.00554070    0.00642086    0.00391582    0.00251137    0.00000000 
max(|Force|)     :   0.00008763    0.00351410    0.00380573    0.00629632    0.01077414    0.00454116    0.00027879 
ksp              :   0.02517921    0.04274529    0.07211960    0.10000000    0.10000000    0.01680657 
max(|step|)      :   0.00000000    0.00529375    0.00717122    0.01070875    0.01680966    0.00955998    0.00014551 
angle (deg.)     :    12.7119  20.0773  62.7585  57.1249  30.0555 
>
iteration       : 47
climbing        : no
zoom on         : no
nim             : 7
barrier         :   0.02482107 (image:  4) 
distance        :   0.00000000    9.48617547   15.09594101   18.55912519   20.98774108   23.42062077   37.41181396 
energy          : -2464.53048891  -2464.52621903  -2464.52127060  -2464.51302471  -2464.50566784  -2464.52862295  -2464.54816581 
max(|Fr_perp|)   :   0.00000000    0.00644353    0.00608381    0.00523849    0.00222489    0.00306663    0.00000000 
Fr_paral         :   0.00000000   -0.00074859   -0.00153419   -0.00632092    0.01906679    0.00626348    0.00000000 
max(|Fsp_paral|) :   0.00000000    0.00039269    0.00233069    0.00504381    0.00018955    0.00217516    0.00000000 
max(|Fsp_perp|)  :   0.00000000    0.00000000    0.00000000    0.00000000    0.00000000    0.00000000    0.00000000 
max(|FNEB|)      :   0.00000000    0.00656615    0.00750803    0.00730508    0.00228754    0.00211682    0.00000000 
max(|Force|)     :   0.00008763    0.00639456    0.00587230    0.00602348    0.01034118    0.00463020    0.00027879 
ksp              :   0.02548236    0.04342513    0.07332433    0.10000000    0.10000000    0.01676587 
max(|step|)      :   0.00000000    0.03039632    0.04293720    0.07980827    0.07362515    0.05130861    0.00146098 
angle (deg.)     :    12.7853  20.1866  66.8053  61.9112  31.3866 
>
iteration       : 48
climbing        : no
zoom on         : no
nim             : 7
barrier         :   0.02303026 (image:  4) 
distance        :   0.00000000    9.46030769   15.17936401   18.59755792   21.11371779   23.47242018   37.69512575 
energy          : -2464.53048891  -2464.52640380  -2464.52140853  -2464.51348672  -2464.50745865  -2464.52889752  -2464.54816581 
max(|Fr_perp|)   :   0.00000000    0.00480260    0.01146782    0.01353630    0.00471572    0.00508949    0.00000000 
Fr_paral         :   0.00000000   -0.00084503   -0.00138150   -0.00567503    0.01918579    0.00535946    0.00000000 
max(|Fsp_paral|) :   0.00000000    0.00304209    0.00027392    0.00444226    0.00714917    0.00122755    0.00000000 
max(|Fsp_perp|)  :   0.00000000    0.00000000    0.00000000    0.00000000    0.00000000    0.00000000    0.00000000 
max(|FNEB|)      :   0.00000000    0.00496453    0.01163812    0.01492961    0.00709460    0.00513599    0.00000000 
max(|Force|)     :   0.00008763    0.00479316    0.01126570    0.01435309    0.00876566    0.00504151    0.00027879 
ksp              :   0.02596421    0.04548522    0.07644289    0.10000000    0.10000000    0.01621897 
max(|step|)      :   0.00000000    0.04106293    0.05298301    0.10000000    0.05861727    0.05891505    0.00156600 
angle (deg.)     :    12.8742  20.3585  71.4627  66.0924  33.5831 
>
iteration       : 49
climbing        : no
zoom on         : no
nim             : 7
barrier         :   0.02214520 (image:  4) 
distance        :   0.00000000    9.47563194   15.26822531   18.63947070   21.23984251   23.54247953   38.03333110 
energy          : -2464.53048891  -2464.52610618  -2464.52181746  -2464.51392963  -2464.50834371  -2464.52911584  -2464.54816581 
max(|Fr_perp|)   :   0.00000000    0.02194279    0.01157286    0.01661137    0.00804981    0.00673316    0.00000000 
Fr_paral         :   0.00000000   -0.00068726   -0.00152316   -0.00379273    0.02019984    0.00456695    0.00000000 
max(|Fsp_paral|) :   0.00000000    0.00044078    0.00033915    0.00038865    0.01360839    0.00099788    0.00000000 
max(|Fsp_perp|)  :   0.00000000    0.00000000    0.00000000    0.00000000    0.00000000    0.00000000    0.00000000 
max(|FNEB|)      :   0.00000000    0.02243552    0.01179476    0.01696061    0.01531006    0.00677487    0.00000000 
max(|Force|)     :   0.00008763    0.02237676    0.01179579    0.01714461    0.01028223    0.00673655    0.00027879 
ksp              :   0.02789500    0.04526768    0.07737333    0.10000000    0.10000000    0.01559269 
max(|step|)      :   0.00000000    0.02971143    0.01561983    0.02246099    0.02027516    0.00897199    0.00000000 
angle (deg.)     :    12.8951  20.3340  71.5923  65.5110  34.0114 
>
iteration       : 50
climbing        : no
zoom on         : no
nim             : 7
barrier         :   0.02255340 (image:  4) 
distance        :   0.00000000    9.47333606   15.26798655   18.63842667   21.20198732   23.52322126   38.02029838 
energy          : -2464.53048891  -2464.52642225  -2464.52196060  -2464.51439638  -2464.50793550  -2464.52926340  -2464.54816581 
max(|Fr_perp|)   :   0.00000000    0.01777888    0.00678771    0.01115552    0.00704549    0.00484408    0.00000000 
Fr_paral         :   0.00000000   -0.00078823   -0.00155829   -0.00408939    0.02129109    0.00516371    0.00000000 
max(|Fsp_paral|) :   0.00000000    0.00139888    0.00123472    0.00283424    0.01107725    0.00387082    0.00000000 
max(|Fsp_perp|)  :   0.00000000    0.00000000    0.00000000    0.00000000    0.00000000    0.00000000    0.00000000 
max(|FNEB|)      :   0.00000000    0.01734560    0.00673561    0.01028192    0.01247170    0.00514688    0.00000000 
max(|Force|)     :   0.00008763    0.01782997    0.00677149    0.01173082    0.01093887    0.00483032    0.00027879 
ksp              :   0.02622810    0.04403243    0.07421768    0.10000000    0.10000000    0.01489042 
max(|step|)      :   0.00000000    0.00430312    0.00271130    0.00480238    0.01602943    0.00660221    0.00002284 
angle (deg.)     :    12.9063  20.3805  71.6436  65.0854  34.3648 
>
iteration       : 51
climbing        : no
zoom on         : no
nim             : 7
barrier         :   0.02295322 (image:  4) 
distance        :   0.00000000    9.47805750   15.26509146   18.63963304   21.16920558   23.49694306   38.00776648 
energy          : -2464.53048891  -2464.52654930  -2464.52200469  -2464.51454464  -2464.50753568  -2464.52928128  -2464.54816581 
max(|Fr_perp|)   :   0.00000000    0.01305944    0.00648781    0.00860144    0.00624900    0.00345606    0.00000000 
Fr_paral         :   0.00000000   -0.00077561   -0.00154014   -0.00551955    0.02183374    0.00550788    0.00000000 
max(|Fsp_paral|) :   0.00000000    0.00192235    0.00139995    0.00375534    0.00921314    0.00462724    0.00000000 
max(|Fsp_perp|)  :   0.00000000    0.00000000    0.00000000    0.00000000    0.00000000    0.00000000    0.00000000 
max(|FNEB|)      :   0.00000000    0.01245813    0.00642981    0.00873611    0.01036004    0.00439292    0.00000000 
max(|Force|)     :   0.00008763    0.01311015    0.00647206    0.00939241    0.01076799    0.00344696    0.00027879 
ksp              :   0.02544725    0.04326675    0.07251775    0.10000000    0.10000000    0.01473514 
max(|step|)      :   0.00000000    0.01824783    0.01753659    0.03764363    0.10000000    0.03821004    0.00057028 
angle (deg.)     :    12.9235  21.1157  72.0440  63.0462  36.8924 
>
iteration       : 52
climbing        : no
zoom on         : no
nim             : 7
barrier         :   0.02657393 (image:  4) 
distance        :   0.00000000    9.53301306   15.23706883   18.65816406   20.96039301   23.30802725   37.94111676 
energy          : -2464.53048891  -2464.52667724  -2464.52220178  -2464.51440451  -2464.50391497  -2464.52873212  -2464.54816581 
max(|Fr_perp|)   :   0.00000000    0.00616558    0.00149069    0.00552239    0.00307868    0.00387066    0.00000000 
Fr_paral         :   0.00000000   -0.00057942   -0.00143542   -0.01223075    0.02242395    0.00698554    0.00000000 
max(|Fsp_paral|) :   0.00000000    0.00028674    0.00085615    0.00431219    0.00205627    0.00034909    0.00000000 
max(|Fsp_perp|)  :   0.00000000    0.00000000    0.00000000    0.00000000    0.00000000    0.00000000    0.00000000 
max(|FNEB|)      :   0.00000000    0.00648646    0.00192780    0.00701157    0.00464144    0.00384510    0.00000000 
max(|Force|)     :   0.00008763    0.00647037    0.00150113    0.00889783    0.01131176    0.00486482    0.00027879 
ksp              :   0.02291949    0.03806123    0.06446872    0.10000000    0.10000000    0.01595766 
max(|step|)      :   0.00000000    0.01741555    0.00517597    0.01882542    0.01246183    0.01032374    0.00000000 
angle (deg.)     :    12.9349  21.5645  71.8781  63.4561  37.0582 
>
iteration       : 53
climbing        : no
zoom on         : no
nim             : 7
barrier         :   0.02608085 (image:  4) 
distance        :   0.00000000    9.52915798   15.24680755   18.66953251   20.96286603   23.31035591   37.95514059 
energy          : -2464.53048891  -2464.52651677  -2464.52224492  -2464.51438725  -2464.50440805  -2464.52888705  -2464.54816581 
max(|Fr_perp|)   :   0.00000000    0.01685464    0.00162295    0.00756197    0.00273485    0.00213331    0.00000000 
Fr_paral         :   0.00000000   -0.00051007   -0.00148941   -0.00900312    0.02115292    0.00654914    0.00000000 
max(|Fsp_paral|) :   0.00000000    0.00126314    0.00114289    0.00218739    0.00243415    0.00202676    0.00000000 
max(|Fsp_perp|)  :   0.00000000    0.00000000    0.00000000    0.00000000    0.00000000    0.00000000    0.00000000 
max(|FNEB|)      :   0.00000000    0.01643308    0.00179348    0.00832045    0.00378321    0.00194417    0.00000000 
max(|Force|)     :   0.00008763    0.01681924    0.00170620    0.00674558    0.01085659    0.00337471    0.00027879 
ksp              :   0.02370708    0.03844841    0.06556370    0.10000000    0.10000000    0.01552770 
max(|step|)      :   0.00000000    0.00726121    0.00439428    0.01467057    0.01090916    0.00812561    0.00013193 
angle (deg.)     :    12.9475  21.9315  71.7355  63.8828  37.1774 
>
iteration       : 54
climbing        : no
zoom on         : no
nim             : 7
barrier         :   0.02567737 (image:  4) 
distance        :   0.00000000    9.52040852   15.25763895   18.67831514   20.96870593   23.30827873   37.96925295 
energy          : -2464.53048891  -2464.52671556  -2464.52226461  -2464.51427400  -2464.50481154  -2464.52893772  -2464.54816581 
max(|Fr_perp|)   :   0.00000000    0.00811207    0.00164627    0.00432417    0.00244465    0.00158662    0.00000000 
Fr_paral         :   0.00000000   -0.00060637   -0.00152420   -0.00719618    0.01985547    0.00634068    0.00000000 
max(|Fsp_paral|) :   0.00000000    0.00034084    0.00147285    0.00018673    0.00220398    0.00208033    0.00000000 
max(|Fsp_perp|)  :   0.00000000    0.00000000    0.00000000    0.00000000    0.00000000    0.00000000    0.00000000 
max(|FNEB|)      :   0.00000000    0.00822398    0.00198600    0.00429435    0.00387143    0.00180201    0.00000000 
max(|Force|)     :   0.00008763    0.00807065    0.00171104    0.00483227    0.01056521    0.00296226    0.00027879 
ksp              :   0.02322568    0.03882644    0.06683378    0.10000000    0.10000000    0.01543697 
max(|step|)      :   0.00000000    0.01031563    0.01002263    0.02069049    0.02112940    0.01124656    0.00033052 
angle (deg.)     :    12.9773  22.4551  71.5320  64.7172  37.3675 
>
iteration       : 55
climbing        : no
zoom on         : no
nim             : 7
barrier         :   0.02495221 (image:  4) 
distance        :   0.00000000    9.52179833   15.28678940   18.68877257   20.98908348   23.30133554   38.00250452 
energy          : -2464.53048891  -2464.52678774  -2464.52228187  -2464.51413294  -2464.50553670  -2464.52892636  -2464.54816581 
max(|Fr_perp|)   :   0.00000000    0.00394084    0.00170376    0.00333301    0.00426180    0.00184595    0.00000000 
Fr_paral         :   0.00000000   -0.00068730   -0.00156708   -0.00677107    0.01790451    0.00613164    0.00000000 
max(|Fsp_paral|) :   0.00000000    0.00124331    0.00163125    0.00206378    0.00053360    0.00036065    0.00000000 
max(|Fsp_perp|)  :   0.00000000    0.00000000    0.00000000    0.00000000    0.00000000    0.00000000    0.00000000 
max(|FNEB|)      :   0.00000000    0.00354045    0.00205593    0.00385878    0.00400451    0.00185833    0.00000000 
max(|Force|)     :   0.00008763    0.00398691    0.00161770    0.00409269    0.01016954    0.00333210    0.00027879 
ksp              :   0.02334973    0.03960193    0.06899426    0.10000000    0.10000000    0.01563595 
max(|step|)      :   0.00000000    0.00674235    0.01074006    0.01171606    0.01885608    0.00734394    0.00027666 
angle (deg.)     :    13.0249  22.7487  71.5014  65.2147  37.5948 
>
iteration       : 56
climbing        : no
zoom on         : no
nim             : 7
barrier         :   0.02442645 (image:  4) 
distance        :   0.00000000    9.52961288   15.31894294   18.69253454   21.00964196   23.30535894   38.03799413 
energy          : -2464.53048891  -2464.52678334  -2464.52230364  -2464.51416758  -2464.50606246  -2464.52896411  -2464.54816581 
max(|Fr_perp|)   :   0.00000000    0.00738687    0.00179882    0.00411326    0.00313114    0.00281718    0.00000000 
Fr_paral         :   0.00000000   -0.00070012   -0.00159067   -0.00685307    0.01793380    0.00586964    0.00000000 
max(|Fsp_paral|) :   0.00000000    0.00147481    0.00106016    0.00215779    0.00095503    0.00013645    0.00000000 
max(|Fsp_perp|)  :   0.00000000    0.00000000    0.00000000    0.00000000    0.00000000    0.00000000    0.00000000 
max(|FNEB|)      :   0.00000000    0.00691181    0.00201910    0.00479044    0.00359045    0.00281212    0.00000000 
max(|Force|)     :   0.00008763    0.00743381    0.00171375    0.00506018    0.00977874    0.00346540    0.00027879 
ksp              :   0.02365328    0.04015888    0.07013643    0.10000000    0.10000000    0.01561814 
max(|step|)      :   0.00000000    0.02311273    0.03456123    0.02977647    0.04260569    0.02087160    0.00072330 
angle (deg.)     :    13.1601  23.5514  71.6253  66.2267  38.5960 
>
iteration       : 57
climbing        : no
zoom on         : no
nim             : 7
barrier         :   0.02353335 (image:  4) 
distance        :   0.00000000    9.56357356   15.40541938   18.70054150   21.05348370   23.32748030   38.14609279 
energy          : -2464.53048891  -2464.52681697  -2464.52238977  -2464.51430900  -2464.50695556  -2464.52914620  -2464.54816581 
max(|Fr_perp|)   :   0.00000000    0.01031965    0.00334106    0.00696123    0.00650799    0.00676074    0.00000000 
Fr_paral         :   0.00000000   -0.00069306   -0.00158681   -0.00877784    0.01898508    0.00607546    0.00000000 
max(|Fsp_paral|) :   0.00000000    0.00196026    0.00067045    0.00068313    0.00351999    0.00077845    0.00000000 
max(|Fsp_perp|)  :   0.00000000    0.00000000    0.00000000    0.00000000    0.00000000    0.00000000    0.00000000 
max(|FNEB|)      :   0.00000000    0.00968224    0.00335976    0.00713723    0.00585470    0.00682574    0.00000000 
max(|Force|)     :   0.00008763    0.01036650    0.00335285    0.00795681    0.00917932    0.00663417    0.00027879 
ksp              :   0.02404282    0.04097401    0.07187777    0.10000000    0.10000000    0.01513501 
max(|step|)      :   0.00000000    0.04133510    0.05913970    0.05302573    0.06354362    0.03705269    0.00138634 
angle (deg.)     :    13.3653  25.1692  71.8903  67.5651  40.7225 
>
iteration       : 58
climbing        : no
zoom on         : no
nim             : 7
barrier         :   0.02250042 (image:  4) 
distance        :   0.00000000    9.63638969   15.54089426   18.71971981   21.11712406   23.36177733   38.33673952 
energy          : -2464.53048891  -2464.52700668  -2464.52256957  -2464.51445623  -2464.50798848  -2464.52953290  -2464.54816581 
max(|Fr_perp|)   :   0.00000000    0.00285721    0.00166825    0.00913668    0.00830297    0.00253218    0.00000000 
Fr_paral         :   0.00000000   -0.00067500   -0.00160419   -0.00943019    0.02134221    0.00555767    0.00000000 
max(|Fsp_paral|) :   0.00000000    0.00321474    0.00294012    0.00179588    0.00677440    0.00486165    0.00000000 
max(|Fsp_perp|)  :   0.00000000    0.00000000    0.00000000    0.00000000    0.00000000    0.00000000    0.00000000 
max(|FNEB|)      :   0.00000000    0.00351970    0.00305494    0.00938300    0.00802280    0.00424526    0.00000000 
max(|Force|)     :   0.00008763    0.00290479    0.00188141    0.00856952    0.01275562    0.00255030    0.00027879 
ksp              :   0.02392864    0.04167676    0.07412952    0.10000000    0.10000000    0.01382396 
max(|step|)      :   0.00000000    0.06462871    0.08952157    0.08019938    0.10000000    0.05804546    0.00235536 
angle (deg.)     :    13.6553  28.1602  72.1222  69.5120  44.4767 
>
iteration       : 59
climbing        : no
zoom on         : no
nim             : 7
barrier         :   0.02177445 (image:  4) 
distance        :   0.00000000    9.75874312   15.73653115   18.76475987   21.21468280   23.42344210   38.65006139 
energy          : -2464.53048891  -2464.52714990  -2464.52276073  -2464.51426794  -2464.50871445  -2464.52978389  -2464.54816581 
max(|Fr_perp|)   :   0.00000000    0.00450341    0.00321821    0.01400956    0.01768714    0.00265252    0.00000000 
Fr_paral         :   0.00000000   -0.00061477   -0.00155867   -0.00951287    0.02351122    0.00495832    0.00000000 
max(|Fsp_paral|) :   0.00000000    0.00381138    0.00528465    0.00499163    0.01054158    0.00789968    0.00000000 
max(|Fsp_perp|)  :   0.00000000    0.00000000    0.00000000    0.00000000    0.00000000    0.00000000    0.00000000 
max(|FNEB|)      :   0.00000000    0.00530116    0.00505135    0.01493220    0.01410698    0.00762993    0.00000000 
max(|Force|)     :   0.00008763    0.00462133    0.00327024    0.01373823    0.02252428    0.00276556    0.00027879 
ksp              :   0.02380151    0.04194410    0.07707706    0.10000000    0.10000000    0.01290937 
max(|step|)      :   0.00000000    0.01661329    0.01583041    0.04679599    0.04420984    0.02391143    0.00000000 
angle (deg.)     :    13.4733  28.9486  71.9151  68.0919  45.2702 
>
iteration       : 60
climbing        : no
zoom on         : no
nim             : 7
barrier         :   0.02191231 (image:  4) 
distance        :   0.00000000    9.81561075   15.68924612   18.78196002   21.12494930   23.30092101   38.58544347 
energy          : -2464.53048891  -2464.52700520  -2464.52287869  -2464.51342849  -2464.50857659  -2464.52932080  -2464.54816581 
max(|Fr_perp|)   :   0.00000000    0.01372487    0.00844460    0.03424151    0.00771179    0.00955397    0.00000000 
Fr_paral         :   0.00000000   -0.00060176   -0.00163850   -0.00532350    0.02112674    0.00666361    0.00000000 
max(|Fsp_paral|) :   0.00000000    0.00077065    0.00161471    0.00587956    0.00723876    0.00279738    0.00000000 
max(|Fsp_perp|)  :   0.00000000    0.00000000    0.00000000    0.00000000    0.00000000    0.00000000    0.00000000 
max(|FNEB|)      :   0.00000000    0.01346302    0.00842639    0.03266197    0.00865721    0.00946301    0.00000000 
max(|Force|)     :   0.00008763    0.01376716    0.00845022    0.03347265    0.00969100    0.00948332    0.00027879 
ksp              :   0.02430856    0.04125727    0.08007190    0.10000000    0.10000000    0.01479775 
max(|step|)      :   0.00000000    0.01156277    0.00710409    0.03079807    0.01814687    0.00865449    0.00007185 
angle (deg.)     :    13.4635  28.9356  72.1267  67.4210  45.7986 
>
iteration       : 61
climbing        : no
zoom on         : no
nim             : 7
barrier         :   0.02232648 (image:  4) 
distance        :   0.00000000    9.83111434   15.68561701   18.77893511   21.09871789   23.28832460   38.58071835 
energy          : -2464.53048891  -2464.52714887  -2464.52297089  -2464.51480437  -2464.50816243  -2464.52944495  -2464.54816581 
max(|Fr_perp|)   :   0.00000000    0.00207344    0.00129462    0.00419558    0.00416323    0.00117540    0.00000000 
Fr_paral         :   0.00000000   -0.00061110   -0.00163095   -0.00313458    0.02093680    0.00573053    0.00000000 
max(|Fsp_paral|) :   0.00000000    0.00109416    0.00287196    0.00240979    0.00561235    0.00055103    0.00000000 
max(|Fsp_perp|)  :   0.00000000    0.00000000    0.00000000    0.00000000    0.00000000    0.00000000    0.00000000 
max(|FNEB|)      :   0.00000000    0.00245819    0.00277515    0.00591904    0.00615491    0.00082362    0.00000000 
max(|Force|)     :   0.00008763    0.00210193    0.00137209    0.00409808    0.00848403    0.00237388    0.00027879 
ksp              :   0.02346400    0.04030581    0.07322575    0.10000000    0.10000000    0.01420828 
max(|step|)      :   0.00000000    0.00562571    0.00638712    0.01223931    0.02409093    0.00537278    0.00027968 
angle (deg.)     :    13.4036  29.1786  72.1275  66.6550  46.4648 
>
iteration       : 62
climbing        : no
zoom on         : no
nim             : 7
barrier         :   0.02312271 (image:  4) 
distance        :   0.00000000    9.85558427   15.66754439   18.78208147   21.05347018   23.25206154   38.56286019 
energy          : -2464.53048891  -2464.52712994  -2464.52301370  -2464.51467814  -2464.50736619  -2464.52935109  -2464.54816581 
max(|Fr_perp|)   :   0.00000000    0.00443945    0.00237613    0.01179784    0.00210917    0.00213463    0.00000000 
Fr_paral         :   0.00000000   -0.00059204   -0.00163665   -0.00313059    0.02017781    0.00548758    0.00000000 
max(|Fsp_paral|) :   0.00000000    0.00003848    0.00133526    0.00190602    0.00312592    0.00034721    0.00000000 
max(|Fsp_perp|)  :   0.00000000    0.00000000    0.00000000    0.00000000    0.00000000    0.00000000    0.00000000 
max(|FNEB|)      :   0.00000000    0.00442591    0.00235026    0.01124324    0.00351346    0.00213989    0.00000000 
max(|Force|)     :   0.00008763    0.00439638    0.00236652    0.01219924    0.00922917    0.00222445    0.00027879 
ksp              :   0.02307403    0.03909556    0.07153987    0.10000000    0.10000000    0.01442868 
max(|step|)      :   0.00000000    0.00386168    0.00416573    0.00838950    0.01546160    0.00348750    0.00010081 
angle (deg.)     :    13.4007  29.2541  71.9976  66.0400  47.0771 
>
iteration       : 63
climbing        : no
zoom on         : no
nim             : 7
barrier         :   0.02377360 (image:  4) 
distance        :   0.00000000    9.86229914   15.66207741   18.77961449   21.01785703   23.24108209   38.55662129 
energy          : -2464.53048891  -2464.52715378  -2464.52306111  -2464.51491676  -2464.50671530  -2464.52939571  -2464.54816581 
max(|Fr_perp|)   :   0.00000000    0.00177785    0.00127869    0.00237461    0.00176226    0.00238837    0.00000000 
Fr_paral         :   0.00000000   -0.00058417   -0.00161568   -0.00773305    0.02074466    0.00544439    0.00000000 
max(|Fsp_paral|) :   0.00000000    0.00042526    0.00185643    0.00387922    0.00064511    0.00191409    0.00000000 
max(|Fsp_perp|)  :   0.00000000    0.00000000    0.00000000    0.00000000    0.00000000    0.00000000    0.00000000 
max(|FNEB|)      :   0.00000000    0.00187376    0.00177329    0.00397273    0.00197235    0.00259800    0.00000000 
max(|Force|)     :   0.00008763    0.00180507    0.00126979    0.00353311    0.00959201    0.00241060    0.00027879 
ksp              :   0.02262584    0.03811949    0.06895167    0.10000000    0.10000000    0.01413854 
max(|step|)      :   0.00000000    0.00556255    0.00753123    0.01298808    0.02073449    0.00463912    0.00017929 
angle (deg.)     :    13.3766  29.6577  71.6467  65.3091  47.9176 
>
iteration       : 64
climbing        : no
zoom on         : no
nim             : 7
barrier         :   0.02468966 (image:  4) 
distance        :   0.00000000    9.87131267   15.64692059   18.78359466   20.96513884   23.20760872   38.54234699 
energy          : -2464.53048891  -2464.52716974  -2464.52313614  -2464.51481571  -2464.50579924  -2464.52937489  -2464.54816581 
max(|Fr_perp|)   :   0.00000000    0.00076207    0.00083338    0.00486546    0.00262437    0.00080886    0.00000000 
Fr_paral         :   0.00000000   -0.00056346   -0.00159243   -0.01133185    0.02077075    0.00592955    0.00000000 
max(|Fsp_paral|) :   0.00000000    0.00115481    0.00060164    0.00329959    0.00261280    0.00288139    0.00000000 
max(|Fsp_perp|)  :   0.00000000    0.00000000    0.00000000    0.00000000    0.00000000    0.00000000    0.00000000 
max(|FNEB|)      :   0.00000000    0.00133350    0.00086876    0.00505668    0.00358308    0.00266873    0.00000000 
max(|Force|)     :   0.00008763    0.00080235    0.00084954    0.00730964    0.00987782    0.00219310    0.00027879 
ksp              :   0.02209919    0.03680269    0.06713271    0.10000000    0.10000000    0.01406088 
max(|step|)      :   0.00000000    0.00261929    0.00496391    0.00905970    0.01022895    0.00467156    0.00005631 
angle (deg.)     :    13.3882  30.0972  71.1914  65.1640  48.2704 
>
iteration       : 65
climbing        : no
zoom on         : no
nim             : 7
barrier         :   0.02477255 (image:  4) 
distance        :   0.00000000    9.86202424   15.64194219   18.79026339   20.94907757   23.18407306   38.53857013 
energy          : -2464.53048891  -2464.52718918  -2464.52318368  -2464.51467912  -2464.50571635  -2464.52931756  -2464.54816581 
max(|Fr_perp|)   :   0.00000000    0.00167372    0.00074308    0.00577205    0.00303225    0.00088785    0.00000000 
Fr_paral         :   0.00000000   -0.00055175   -0.00157741   -0.01213883    0.02077815    0.00586780    0.00000000 
max(|Fsp_paral|) :   0.00000000    0.00116670    0.00033898    0.00155306    0.00326200    0.00155711    0.00000000 
max(|Fsp_perp|)  :   0.00000000    0.00000000    0.00000000    0.00000000    0.00000000    0.00000000    0.00000000 
max(|FNEB|)      :   0.00000000    0.00207573    0.00077663    0.00624925    0.00415392    0.00146234    0.00000000 
max(|Force|)     :   0.00008763    0.00171300    0.00090673    0.00790235    0.00978888    0.00207574    0.00027879 
ksp              :   0.02198806    0.03654027    0.06743778    0.10000000    0.10000000    0.01425558 
max(|step|)      :   0.00000000    0.01341194    0.01413628    0.03223769    0.02468607    0.01257561    0.00036500 
angle (deg.)     :    13.4844  31.4786  69.7912  65.4970  48.8521 
>
iteration       : 66
climbing        : no
zoom on         : no
nim             : 7
barrier         :   0.02402436 (image:  4) 
distance        :   0.00000000    9.80966880   15.64399694   18.81278205   20.95524346   23.15209918   38.55752036 
energy          : -2464.53048891  -2464.52725744  -2464.52326409  -2464.51442008  -2464.50646455  -2464.52916800  -2464.54816581 
max(|Fr_perp|)   :   0.00000000    0.00301209    0.00555660    0.00265008    0.00297843    0.00517144    0.00000000 
Fr_paral         :   0.00000000   -0.00053102   -0.00152609   -0.01057279    0.02005283    0.00671523    0.00000000 
max(|Fsp_paral|) :   0.00000000    0.00012338    0.00189589    0.00360171    0.00231531    0.00370834    0.00000000 
max(|Fsp_perp|)  :   0.00000000    0.00000000    0.00000000    0.00000000    0.00000000    0.00000000    0.00000000 
max(|FNEB|)      :   0.00000000    0.00305447    0.00553658    0.00451655    0.00320659    0.00514237    0.00000000 
max(|Force|)     :   0.00008763    0.00304981    0.00556154    0.00556265    0.00908196    0.00515302    0.00027879 
ksp              :   0.02210570    0.03706560    0.07019702    0.10000000    0.10000000    0.01494839 
max(|step|)      :   0.00000000    0.00438174    0.00931172    0.00655332    0.01822803    0.00701619    0.00008026 
angle (deg.)     :    13.5192  31.6920  69.6779  65.9936  48.7907 
>
iteration       : 67
climbing        : no
zoom on         : no
nim             : 7
barrier         :   0.02333243 (image:  4) 
distance        :   0.00000000    9.79540513   15.65278429   18.81498559   20.98991816   23.18490862   38.58824453 
energy          : -2464.53048891  -2464.52728483  -2464.52327934  -2464.51447194  -2464.50715648  -2464.52930632  -2464.54816581 
max(|Fr_perp|)   :   0.00000000    0.00258890    0.00576025    0.00519973    0.00260281    0.00339732    0.00000000 
Fr_paral         :   0.00000000   -0.00053907   -0.00155385   -0.00768115    0.01951094    0.00559649    0.00000000 
max(|Fsp_paral|) :   0.00000000    0.00050635    0.00170092    0.00420323    0.00085191    0.00169790    0.00000000 
max(|Fsp_perp|)  :   0.00000000    0.00000000    0.00000000    0.00000000    0.00000000    0.00000000    0.00000000 
max(|FNEB|)      :   0.00000000    0.00261621    0.00579267    0.00518683    0.00265524    0.00309908    0.00000000 
max(|Force|)     :   0.00008763    0.00258288    0.00575114    0.00509303    0.00881459    0.00322407    0.00027879 
ksp              :   0.02235907    0.03780941    0.07178214    0.10000000    0.10000000    0.01456160 
max(|step|)      :   0.00000000    0.00140255    0.00314421    0.00747236    0.00627092    0.00518870    0.00007005 
angle (deg.)     :    13.5236  31.4309  69.9840  66.1526  48.6141 
>
iteration       : 68
climbing        : no
zoom on         : no
nim             : 7
barrier         :   0.02306249 (image:  4) 
distance        :   0.00000000    9.80134942   15.66068871   18.80751848   21.01178036   23.21359930   38.60456037 
energy          : -2464.53048891  -2464.52728398  -2464.52328471  -2464.51466625  -2464.50742641  -2464.52940795  -2464.54816581 
max(|Fr_perp|)   :   0.00000000    0.00097040    0.00209748    0.00305391    0.00187838    0.00216741    0.00000000 
Fr_paral         :   0.00000000   -0.00054787   -0.00159708   -0.00678923    0.01925993    0.00547566    0.00000000 
max(|Fsp_paral|) :   0.00000000    0.00056331    0.00075627    0.00236596    0.00010380    0.00047664    0.00000000 
max(|Fsp_perp|)  :   0.00000000    0.00000000    0.00000000    0.00000000    0.00000000    0.00000000    0.00000000 
max(|FNEB|)      :   0.00000000    0.00101308    0.00210962    0.00287296    0.00187201    0.00216465    0.00000000 
max(|Force|)     :   0.00008763    0.00096413    0.00208958    0.00299823    0.00891284    0.00218089    0.00027879 
ksp              :   0.02250704    0.03811394    0.07174698    0.10000000    0.10000000    0.01421836 
max(|step|)      :   0.00000000    0.00385933    0.00369705    0.00894437    0.00733438    0.00399214    0.00008586 
angle (deg.)     :    13.5373  31.3637  70.1478  66.0076  48.8263 
>
iteration       : 69
climbing        : no
zoom on         : no
nim             : 7
barrier         :   0.02296920 (image:  4) 
distance        :   0.00000000    9.81181678   15.66943318   18.79897595   21.02397523   23.22895781   38.62566287 
energy          : -2464.53048891  -2464.52728902  -2464.52330125  -2464.51487753  -2464.50751971  -2464.52946161  -2464.54816581 
max(|Fr_perp|)   :   0.00000000    0.00183600    0.00130193    0.00159778    0.00172436    0.00131642    0.00000000 
Fr_paral         :   0.00000000   -0.00054500   -0.00162059   -0.00701350    0.01907425    0.00587220    0.00000000 
max(|Fsp_paral|) :   0.00000000    0.00049785    0.00025294    0.00010102    0.00085000    0.00162582    0.00000000 
max(|Fsp_perp|)  :   0.00000000    0.00000000    0.00000000    0.00000000    0.00000000    0.00000000    0.00000000 
max(|FNEB|)      :   0.00000000    0.00190521    0.00129820    0.00161352    0.00204334    0.00147235    0.00000000 
max(|Force|)     :   0.00008763    0.00186142    0.00129453    0.00300650    0.00915086    0.00224924    0.00027879 
ksp              :   0.02253807    0.03816334    0.07116992    0.10000000    0.10000000    0.01402526 
max(|step|)      :   0.00000000    0.01213983    0.01528547    0.02561387    0.03183473    0.01020837    0.00051107 
angle (deg.)     :    13.5823  31.8833  69.9159  65.4867  49.8727 
>
iteration       : 70
climbing        : no
zoom on         : no
nim             : 7
barrier         :   0.02295723 (image:  4) 
distance        :   0.00000000    9.82312622   15.68328819   18.79145153   21.03164498   23.23802962   38.67454173 
energy          : -2464.53048891  -2464.52733115  -2464.52336793  -2464.51513604  -2464.50753168  -2464.52948593  -2464.54816581 
max(|Fr_perp|)   :   0.00000000    0.00233725    0.00535636    0.00412820    0.00167876    0.00231892    0.00000000 
Fr_paral         :   0.00000000   -0.00054242   -0.00162286   -0.00738083    0.01923477    0.00593688    0.00000000 
max(|Fsp_paral|) :   0.00000000    0.00048845    0.00126665    0.00256246    0.00142964    0.00206065    0.00000000 
max(|Fsp_perp|)  :   0.00000000    0.00000000    0.00000000    0.00000000    0.00000000    0.00000000    0.00000000 
max(|FNEB|)      :   0.00000000    0.00230877    0.00536572    0.00412720    0.00245313    0.00273327    0.00000000 
max(|Force|)     :   0.00008763    0.00234379    0.00536012    0.00507968    0.00948361    0.00272099    0.00027879 
ksp              :   0.02237948    0.03791662    0.07018836    0.10000000    0.10000000    0.01393198 
max(|step|)      :   0.00000000    0.03518924    0.04815570    0.07697986    0.10000000    0.03156103    0.00178592 
angle (deg.)     :    13.7250  34.1091  68.7178  64.2830  53.2668 
>
iteration       : 71
climbing        : no
zoom on         : no
nim             : 7
barrier         :   0.02310965 (image:  4) 
distance        :   0.00000000    9.84041557   15.71575642   18.79034291   21.04255888   23.25996168   38.82579523 
energy          : -2464.53048891  -2464.52745884  -2464.52357928  -2464.51556926  -2464.50737926  -2464.52946168  -2464.54816581 
max(|Fr_perp|)   :   0.00000000    0.00469514    0.01053147    0.00736618    0.00494001    0.00651657    0.00000000 
Fr_paral         :   0.00000000   -0.00050444   -0.00156887   -0.00846000    0.01980127    0.00638916    0.00000000 
max(|Fsp_paral|) :   0.00000000    0.00050281    0.00244636    0.00675041    0.00142813    0.00141001    0.00000000 
max(|Fsp_perp|)  :   0.00000000    0.00000000    0.00000000    0.00000000    0.00000000    0.00000000    0.00000000 
max(|FNEB|)      :   0.00000000    0.00482637    0.01087009    0.00782725    0.00518583    0.00649370    0.00000000 
max(|Force|)     :   0.00008763    0.00486337    0.01087528    0.00799177    0.01006742    0.00716759    0.00027879 
ksp              :   0.02180509    0.03693580    0.06811782    0.10000000    0.10000000    0.01402244 
max(|step|)      :   0.00000000    0.00659272    0.01484830    0.01069184    0.00708373    0.00887024    0.00000000 
angle (deg.)     :    13.6862  34.4202  68.3233  64.2392  53.3611 
>
iteration       : 72
climbing        : no
zoom on         : no
nim             : 7
barrier         :   0.02311652 (image:  4) 
distance        :   0.00000000    9.84374623   15.70794614   18.80029174   21.02694971   23.24413996   38.81539487 
energy          : -2464.53048891  -2464.52747400  -2464.52368053  -2464.51556248  -2464.50737239  -2464.52951765  -2464.54816581 
max(|Fr_perp|)   :   0.00000000    0.00305493    0.00665008    0.00622382    0.00239020    0.00364394    0.00000000 
Fr_paral         :   0.00000000   -0.00050869   -0.00158263   -0.00900414    0.02056672    0.00541125    0.00000000 
max(|Fsp_paral|) :   0.00000000    0.00002115    0.00111969    0.00519170    0.00039424    0.00289764    0.00000000 
max(|Fsp_perp|)  :   0.00000000    0.00000000    0.00000000    0.00000000    0.00000000    0.00000000    0.00000000 
max(|FNEB|)      :   0.00000000    0.00305607    0.00663748    0.00784896    0.00236499    0.00413588    0.00000000 
max(|Force|)     :   0.00008763    0.00304924    0.00664431    0.00561874    0.00963966    0.00377994    0.00027879 
ksp              :   0.02173798    0.03650717    0.06811334    0.10000000    0.10000000    0.01378139 
max(|step|)      :   0.00000000    0.00089813    0.00209851    0.00856371    0.00275918    0.00335166    0.00002092 
angle (deg.)     :    13.6649  34.6809  68.0176  64.2530  53.4092 
>
iteration       : 73
climbing        : no
zoom on         : no
nim             : 7
barrier         :   0.02312547 (image:  4) 
distance        :   0.00000000    9.84489486   15.70363596   18.80855738   21.01645146   23.22931277   38.80711215 
energy          : -2464.53048891  -2464.52748166  -2464.52372610  -2464.51550151  -2464.50736344  -2464.52949241  -2464.54816581 
max(|Fr_perp|)   :   0.00000000    0.00201874    0.00444313    0.00350094    0.00250185    0.00294456    0.00000000 
Fr_paral         :   0.00000000   -0.00050616   -0.00157784   -0.00911852    0.02083335    0.00548968    0.00000000 
max(|Fsp_paral|) :   0.00000000    0.00018281    0.00020513    0.00373580    0.00020675    0.00207406    0.00000000 
max(|Fsp_perp|)  :   0.00000000    0.00000000    0.00000000    0.00000000    0.00000000    0.00000000    0.00000000 
max(|FNEB|)      :   0.00000000    0.00200872    0.00444114    0.00465105    0.00251524    0.00329439    0.00000000 
max(|Force|)     :   0.00008763    0.00201300    0.00443818    0.00542175    0.00942701    0.00310934    0.00027879 
ksp              :   0.02170365    0.03631957    0.06832813    0.10000000    0.10000000    0.01387820 
max(|step|)      :   0.00000000    0.00256957    0.00440374    0.02705832    0.01163513    0.01020303    0.00010173 
angle (deg.)     :    13.6509  35.4830  67.1733  64.5554  53.5830 
>
iteration       : 74
climbing        : no
zoom on         : no
nim             : 7
barrier         :   0.02300524 (image:  4) 
distance        :   0.00000000    9.84223518   15.70243354   18.83343726   20.99554807   23.19549249   38.79478169 
energy          : -2464.53048891  -2464.52750044  -2464.52378074  -2464.51513882  -2464.50748367  -2464.52939768  -2464.54816581 
max(|Fr_perp|)   :   0.00000000    0.00055154    0.00109232    0.00375202    0.00219845    0.00168704    0.00000000 
Fr_paral         :   0.00000000   -0.00049747   -0.00155422   -0.00917008    0.02027372    0.00610499    0.00000000 
max(|Fsp_paral|) :   0.00000000    0.00022716    0.00224610    0.00136729    0.00157211    0.00106345    0.00000000 
max(|Fsp_perp|)  :   0.00000000    0.00000000    0.00000000    0.00000000    0.00000000    0.00000000    0.00000000 
max(|FNEB|)      :   0.00000000    0.00061029    0.00248755    0.00334977    0.00223600    0.00186589    0.00000000 
max(|Force|)     :   0.00008763    0.00057816    0.00118369    0.00438040    0.00908829    0.00229490    0.00027879 
ksp              :   0.02169133    0.03624337    0.07005187    0.10000000    0.10000000    0.01426906 
max(|step|)      :   0.00000000    0.00152982    0.00459336    0.00947230    0.00563444    0.00320585    0.00002845 
angle (deg.)     :    13.6918  35.6260  67.0871  64.7500  53.6748 
>
iteration       : 75
climbing        : no
zoom on         : no
nim             : 7
barrier         :   0.02281445 (image:  4) 
distance        :   0.00000000    9.83992437   15.71441147   18.83573865   21.00201072   23.20210933   38.80602216 
energy          : -2464.53048891  -2464.52750931  -2464.52377472  -2464.51509979  -2464.50767446  -2464.52941730  -2464.54816581 
max(|Fr_perp|)   :   0.00000000    0.00047892    0.00155364    0.00664700    0.00199741    0.00147059    0.00000000 
Fr_paral         :   0.00000000   -0.00049332   -0.00158697   -0.00734969    0.01978796    0.00555744    0.00000000 
max(|Fsp_paral|) :   0.00000000    0.00005811    0.00206377    0.00179270    0.00140368    0.00082030    0.00000000 
max(|Fsp_perp|)  :   0.00000000    0.00000000    0.00000000    0.00000000    0.00000000    0.00000000    0.00000000 
max(|FNEB|)      :   0.00000000    0.00047615    0.00230338    0.00715333    0.00206825    0.00145572    0.00000000 
max(|Force|)     :   0.00008763    0.00050209    0.00187619    0.00756005    0.00887588    0.00214820    0.00027879 
ksp              :   0.02175412    0.03648656    0.07070805    0.10000000    0.10000000    0.01422735 
max(|step|)      :   0.00000000    0.00087747    0.00442175    0.00345892    0.00384826    0.00185999    0.00004105 
angle (deg.)     :    13.7312  35.5518  67.1867  64.8553  53.7029 
>
iteration       : 76
climbing        : no
zoom on         : no
nim             : 7
barrier         :   0.02266495 (image:  4) 
distance        :   0.00000000    9.83908514   15.72580046   18.83106975   21.01260479   23.21484348   38.81827995 
energy          : -2464.53048891  -2464.52751379  -2464.52376348  -2464.51520429  -2464.50782396  -2464.52945266  -2464.54816581 
max(|Fr_perp|)   :   0.00000000    0.00068280    0.00140688    0.00540463    0.00199208    0.00137979    0.00000000 
Fr_paral         :   0.00000000   -0.00049334   -0.00161674   -0.00682329    0.01942110    0.00550080    0.00000000 
max(|Fsp_paral|) :   0.00000000    0.00029958    0.00111987    0.00060210    0.00085876    0.00000652    0.00000000 
max(|Fsp_perp|)  :   0.00000000    0.00000000    0.00000000    0.00000000    0.00000000    0.00000000    0.00000000 
max(|FNEB|)      :   0.00000000    0.00066576    0.00167939    0.00557579    0.00192487    0.00137967    0.00000000 
max(|Force|)     :   0.00008763    0.00068860    0.00163856    0.00625782    0.00883852    0.00214782    0.00027879 
ksp              :   0.02181386    0.03670591    0.07069350    0.10000000    0.10000000    0.01411482 
max(|step|)      :   0.00000000    0.00434534    0.01202833    0.01161919    0.01496155    0.00458754    0.00020121 
angle (deg.)     :    13.8205  35.6897  66.9965  65.1851  53.8744 
>
iteration       : 77
climbing        : no
zoom on         : no
nim             : 7
barrier         :   0.02219759 (image:  4) 
distance        :   0.00000000    9.84425279   15.75752688   18.82617219   21.03412991   23.23351831   38.84796649 
energy          : -2464.53048891  -2464.52753186  -2464.52375200  -2464.51533167  -2464.50829131  -2464.52949479  -2464.54816581 
max(|Fr_perp|)   :   0.00000000    0.00075326    0.00181704    0.00176260    0.00113185    0.00135967    0.00000000 
Fr_paral         :   0.00000000   -0.00049968   -0.00165162   -0.00830210    0.01895782    0.00585441    0.00000000 
max(|Fsp_paral|) :   0.00000000    0.00086444    0.00045281    0.00067025    0.00035572    0.00035882    0.00000000 
max(|Fsp_perp|)  :   0.00000000    0.00000000    0.00000000    0.00000000    0.00000000    0.00000000    0.00000000 
max(|FNEB|)      :   0.00000000    0.00100471    0.00181410    0.00184648    0.00127900    0.00135500    0.00000000 
max(|Force|)     :   0.00008763    0.00074753    0.00181353    0.00430243    0.00865721    0.00230066    0.00027879 
ksp              :   0.02198934    0.03731476    0.07145490    0.10000000    0.10000000    0.01403065 
max(|step|)      :   0.00000000    0.00804626    0.01397764    0.01670141    0.02032099    0.00703828    0.00039706 
angle (deg.)     :    13.9095  36.2449  66.4940  65.6040  54.2477 
>
iteration       : 78
climbing        : no
zoom on         : no
nim             : 7
barrier         :   0.02166542 (image:  4) 
distance        :   0.00000000    9.85883423   15.79494275   18.83084060   21.05437294   23.25052697   38.88697587 
energy          : -2464.53048891  -2464.52755688  -2464.52375441  -2464.51532601  -2464.50882348  -2464.52952749  -2464.54816581 
max(|Fr_perp|)   :   0.00000000    0.00120472    0.00296061    0.00534833    0.00135210    0.00121493    0.00000000 
Fr_paral         :   0.00000000   -0.00050481   -0.00167925   -0.00792354    0.01857713    0.00544267    0.00000000 
max(|Fsp_paral|) :   0.00000000    0.00139515    0.00127065    0.00033919    0.00113588    0.00034162    0.00000000 
max(|Fsp_perp|)  :   0.00000000    0.00000000    0.00000000    0.00000000    0.00000000    0.00000000    0.00000000 
max(|FNEB|)      :   0.00000000    0.00136353    0.00296320    0.00544717    0.00190970    0.00121709    0.00000000 
max(|Force|)     :   0.00008763    0.00121069    0.00296174    0.00493568    0.00827424    0.00220062    0.00027879 
ksp              :   0.02217987    0.03797566    0.07298797    0.10000000    0.10000000    0.01399379 
max(|step|)      :   0.00000000    0.01454354    0.02020195    0.02827923    0.03378073    0.01129349    0.00074981 
angle (deg.)     :    14.0253  37.2102  65.7024  66.1661  54.8977 
>
iteration       : 79
climbing        : no
zoom on         : no
nim             : 7
barrier         :   0.02096036 (image:  4) 
distance        :   0.00000000    9.89219824   15.84941783   18.84003096   21.08525242   23.28045748   38.95212124 
energy          : -2464.53048891  -2464.52759426  -2464.52378491  -2464.51535318  -2464.50952855  -2464.52957822  -2464.54816581 
max(|Fr_perp|)   :   0.00000000    0.00047244    0.00135228    0.00646735    0.00187789    0.00122247    0.00000000 
Fr_paral         :   0.00000000   -0.00051374   -0.00171290   -0.00725658    0.01832799    0.00541532    0.00000000 
max(|Fsp_paral|) :   0.00000000    0.00189179    0.00227710    0.00011323    0.00207337    0.00066711    0.00000000 
max(|Fsp_perp|)  :   0.00000000    0.00000000    0.00000000    0.00000000    0.00000000    0.00000000    0.00000000 
max(|FNEB|)      :   0.00000000    0.00186881    0.00221369    0.00650024    0.00284920    0.00146781    0.00000000 
max(|Force|)     :   0.00008763    0.00050935    0.00156962    0.00553467    0.00772126    0.00225107    0.00027879 
ksp              :   0.02242909    0.03878573    0.07499005    0.10000000    0.10000000    0.01391031 
max(|step|)      :   0.00000000    0.04805232    0.05070388    0.08494427    0.10000000    0.03307211    0.00217921 
angle (deg.)     :    14.2834  40.2289  63.7140  67.4323  57.0231 
>
iteration       : 80
climbing        : no
zoom on         : no
nim             : 7
barrier         :   0.01942952 (image:  4) 
distance        :   0.00000000   10.02484011   15.98852274   18.87283931   21.17731394   23.38580942   39.16183813 
energy          : -2464.53048891  -2464.52766660  -2464.52385736  -2464.51546650  -2464.51105939  -2464.52965571  -2464.54816581 
max(|Fr_perp|)   :   0.00000000    0.00217475    0.00532378    0.00891308    0.00369429    0.00549231    0.00000000 
Fr_paral         :   0.00000000   -0.00053827   -0.00177367   -0.00880867    0.01730340    0.00504710    0.00000000 
max(|Fsp_paral|) :   0.00000000    0.00237229    0.00459835    0.00030020    0.00396286    0.00093888    0.00000000 
max(|Fsp_perp|)  :   0.00000000    0.00000000    0.00000000    0.00000000    0.00000000    0.00000000    0.00000000 
max(|FNEB|)      :   0.00000000    0.00232491    0.00549674    0.00933055    0.00549940    0.00582477    0.00000000 
max(|Force|)     :   0.00008763    0.00229729    0.00552380    0.00869482    0.00653696    0.00527255    0.00027879 
ksp              :   0.02307653    0.04073671    0.07963777    0.10000000    0.10000000    0.01387291 
max(|step|)      :   0.00000000    0.00377660    0.00892894    0.01515660    0.00893326    0.00946180    0.00000000 
angle (deg.)     :    14.2030  40.4428  63.6995  67.0184  57.1089 
>
iteration       : 81
climbing        : no
zoom on         : no
nim             : 7
barrier         :   0.01961144 (image:  4) 
distance        :   0.00000000   10.04351392   15.97283246   18.87972423   21.16738969   23.37908006   39.15778343 
energy          : -2464.53048891  -2464.52766025  -2464.52390279  -2464.51553983  -2464.51087747  -2464.52965822  -2464.54816581 
max(|Fr_perp|)   :   0.00000000    0.00217235    0.00511189    0.00906237    0.00274073    0.00428441    0.00000000 
Fr_paral         :   0.00000000   -0.00052810   -0.00174028   -0.00568835    0.01804790    0.00522793    0.00000000 
max(|Fsp_paral|) :   0.00000000    0.00157845    0.00348765    0.00012096    0.00313811    0.00151722    0.00000000 
max(|Fsp_perp|)  :   0.00000000    0.00000000    0.00000000    0.00000000    0.00000000    0.00000000    0.00000000 
max(|FNEB|)      :   0.00000000    0.00256368    0.00521567    0.00907772    0.00388238    0.00426463    0.00000000 
max(|Force|)     :   0.00008763    0.00219905    0.00511179    0.00883335    0.00696234    0.00468412    0.00027879 
ksp              :   0.02298114    0.04022473    0.07860368    0.10000000    0.10000000    0.01381215 
max(|step|)      :   0.00000000    0.00270778    0.00542139    0.00352465    0.00637352    0.00205696    0.00001709 
angle (deg.)     :    14.1432  40.5893  63.6578  66.7259  57.1848 
>
iteration       : 82
climbing        : no
zoom on         : no
nim             : 7
barrier         :   0.01977650 (image:  4) 
distance        :   0.00000000   10.05694973   15.96099646   18.88402501   21.15893486   23.37256031   39.15443256 
energy          : -2464.53048891  -2464.52766156  -2464.52395530  -2464.51562253  -2464.51071241  -2464.52965643  -2464.54816581 
max(|Fr_perp|)   :   0.00000000    0.00133197    0.00330235    0.00493057    0.00256375    0.00322625    0.00000000 
Fr_paral         :   0.00000000   -0.00052804   -0.00171319   -0.00536182    0.01855046    0.00528718    0.00000000 
max(|Fsp_paral|) :   0.00000000    0.00094764    0.00264484    0.00022204    0.00252604    0.00176150    0.00000000 
max(|Fsp_perp|)  :   0.00000000    0.00000000    0.00000000    0.00000000    0.00000000    0.00000000    0.00000000 
max(|FNEB|)      :   0.00000000    0.00138345    0.00330503    0.00495860    0.00327871    0.00346503    0.00000000 
max(|Force|)     :   0.00008763    0.00132608    0.00330295    0.00463241    0.00691840    0.00362886    0.00027879 
ksp              :   0.02286683    0.03973348    0.07765474    0.10000000    0.10000000    0.01378848 
max(|step|)      :   0.00000000    0.00841067    0.01915130    0.00879935    0.02357561    0.01140098    0.00017828 
angle (deg.)     :    13.9655  41.1326  63.4170  65.7423  57.4951 
>
iteration       : 83
climbing        : no
zoom on         : no
nim             : 7
barrier         :   0.02051268 (image:  4) 
distance        :   0.00000000   10.09737934   15.92069316   18.89938322   21.12625467   23.34328428   39.14199852 
energy          : -2464.53048891  -2464.52765682  -2464.52408490  -2464.51569400  -2464.50997622  -2464.52956670  -2464.54816581 
max(|Fr_perp|)   :   0.00000000    0.00068106    0.00152619    0.00189310    0.00226926    0.00272369    0.00000000 
Fr_paral         :   0.00000000   -0.00050548   -0.00164087   -0.00790191    0.01968060    0.00538309    0.00000000 
max(|Fsp_paral|) :   0.00000000    0.00094220    0.00044647    0.00019886    0.00040336    0.00009783    0.00000000 
max(|Fsp_perp|)  :   0.00000000    0.00000000    0.00000000    0.00000000    0.00000000    0.00000000    0.00000000 
max(|FNEB|)      :   0.00000000    0.00103810    0.00152833    0.00186670    0.00224007    0.00270803    0.00000000 
max(|Force|)     :   0.00008763    0.00070621    0.00152348    0.00346827    0.00769233    0.00283268    0.00027879 
ksp              :   0.02242584    0.03809778    0.07491311    0.10000000    0.10000000    0.01404620 
max(|step|)      :   0.00000000    0.00276746    0.00354581    0.00716112    0.00526106    0.00657176    0.00001812 
angle (deg.)     :    14.0052  41.2548  63.4472  65.6195  57.6165 
>
iteration       : 84
climbing        : no
zoom on         : no
nim             : 7
barrier         :   0.02065106 (image:  4) 
distance        :   0.00000000   10.08936940   15.92117300   18.90249357   21.12311304   23.34536323   39.14825748 
energy          : -2464.53048891  -2464.52766552  -2464.52409410  -2464.51569744  -2464.50983785  -2464.52955176  -2464.54816581 
max(|Fr_perp|)   :   0.00000000    0.00214263    0.00302994    0.00623704    0.00289119    0.00400880    0.00000000 
Fr_paral         :   0.00000000   -0.00049525   -0.00167115   -0.00752571    0.01927849    0.00521914    0.00000000 
max(|Fsp_paral|) :   0.00000000    0.00086146    0.00039930    0.00002768    0.00006666    0.00016201    0.00000000 
max(|Fsp_perp|)  :   0.00000000    0.00000000    0.00000000    0.00000000    0.00000000    0.00000000    0.00000000 
max(|FNEB|)      :   0.00000000    0.00246110    0.00327974    0.00624556    0.00288598    0.00403450    0.00000000 
max(|Force|)     :   0.00008763    0.00218025    0.00304529    0.00581137    0.00775112    0.00439621    0.00027879 
ksp              :   0.02230468    0.03786942    0.07446311    0.10000000    0.10000000    0.01408421 
max(|step|)      :   0.00000000    0.00139270    0.00254274    0.00242876    0.00185968    0.00231140    0.00001684 
angle (deg.)     :    14.0316  41.2337  63.4581  65.7012  57.6102 
>
iteration       : 85
climbing        : no
zoom on         : no
nim             : 7
barrier         :   0.02057673 (image:  4) 
distance        :   0.00000000   10.08340948   15.92531636   18.90171489   21.12598945   23.34897550   39.15114848 
energy          : -2464.53048891  -2464.52767247  -2464.52409682  -2464.51573342  -2464.50991218  -2464.52958049  -2464.54816581 
max(|Fr_perp|)   :   0.00000000    0.00092932    0.00121547    0.00295892    0.00140876    0.00153920    0.00000000 
Fr_paral         :   0.00000000   -0.00049369   -0.00167636   -0.00737290    0.01919388    0.00525853    0.00000000 
max(|Fsp_paral|) :   0.00000000    0.00067811    0.00003767    0.00024878    0.00005267    0.00069769    0.00000000 
max(|Fsp_perp|)  :   0.00000000    0.00000000    0.00000000    0.00000000    0.00000000    0.00000000    0.00000000 
max(|FNEB|)      :   0.00000000    0.00118181    0.00123906    0.00303453    0.00142837    0.00157302    0.00000000 
max(|Force|)     :   0.00008763    0.00096709    0.00132578    0.00299470    0.00772108    0.00229177    0.00027879 
ksp              :   0.02231873    0.03795817    0.07453864    0.10000000    0.10000000    0.01397331 
max(|step|)      :   0.00000000    0.00339388    0.00247911    0.00435291    0.00524881    0.00271884    0.00007775 
angle (deg.)     :    14.0897  41.3647  63.4345  65.6864  57.7083 
>
iteration       : 86
climbing        : no
zoom on         : no
nim             : 7
barrier         :   0.02061944 (image:  4) 
distance        :   0.00000000   10.07029571   15.92900383   18.90498177   21.12655477   23.35215291   39.15932705 
energy          : -2464.53048891  -2464.52768771  -2464.52411007  -2464.51576351  -2464.50986947  -2464.52957593  -2464.54816581 
max(|Fr_perp|)   :   0.00000000    0.00045026    0.00080671    0.00109933    0.00097321    0.00091148    0.00000000 
Fr_paral         :   0.00000000   -0.00047836   -0.00169168   -0.00729735    0.01893638    0.00535554    0.00000000 
max(|Fsp_paral|) :   0.00000000    0.00043597    0.00023292    0.00048778    0.00016415    0.00070189    0.00000000 
max(|Fsp_perp|)  :   0.00000000    0.00000000    0.00000000    0.00000000    0.00000000    0.00000000    0.00000000 
max(|FNEB|)      :   0.00000000    0.00057521    0.00080560    0.00105825    0.00091152    0.00102343    0.00000000 
max(|Force|)     :   0.00008763    0.00047416    0.00091691    0.00308284    0.00780898    0.00232314    0.00027879 
ksp              :   0.02222670    0.03784242    0.07427362    0.10000000    0.10000000    0.01398499 
max(|step|)      :   0.00000000    0.00696212    0.00567668    0.00972575    0.01142301    0.00529974    0.00020165 
angle (deg.)     :    14.2017  41.7001  63.3501  65.6178  57.9394 
>
iteration       : 87
climbing        : no
zoom on         : no
nim             : 7
barrier         :   0.02074628 (image:  4) 
distance        :   0.00000000   10.04428780   15.93482990   18.91373396   21.12764704   23.35969102   39.17814050 
energy          : -2464.53048891  -2464.52771734  -2464.52413972  -2464.51579323  -2464.50974263  -2464.52955699  -2464.54816581 
max(|Fr_perp|)   :   0.00000000    0.00118854    0.00178830    0.00271241    0.00174730    0.00235403    0.00000000 
Fr_paral         :   0.00000000   -0.00045072   -0.00171273   -0.00736779    0.01845448    0.00535273    0.00000000 
max(|Fsp_paral|) :   0.00000000    0.00001180    0.00050471    0.00073381    0.00073588    0.00050304    0.00000000 
max(|Fsp_perp|)  :   0.00000000    0.00000000    0.00000000    0.00000000    0.00000000    0.00000000    0.00000000 
max(|FNEB|)      :   0.00000000    0.00119140    0.00210666    0.00280949    0.00180057    0.00243399    0.00000000 
max(|Force|)     :   0.00008763    0.00121100    0.00216363    0.00365109    0.00798865    0.00275363    0.00027879 
ksp              :   0.02202341    0.03754358    0.07375171    0.10000000    0.10000000    0.01404278 
max(|step|)      :   0.00000000    0.01024301    0.00983267    0.01690867    0.01805217    0.00828960    0.00032649 
angle (deg.)     :    14.3419  42.3609  63.0562  65.5949  58.2712 
>
iteration       : 88
climbing        : no
zoom on         : no
nim             : 7
barrier         :   0.02076721 (image:  4) 
distance        :   0.00000000   10.00861477   15.94218509   18.93185740   21.13816880   23.37638705   39.21311477 
energy          : -2464.53048891  -2464.52776425  -2464.52420467  -2464.51582655  -2464.50972170  -2464.52954654  -2464.54816581 
max(|Fr_perp|)   :   0.00000000    0.00074027    0.00169267    0.00390326    0.00230617    0.00252731    0.00000000 
Fr_paral         :   0.00000000   -0.00042051   -0.00170143   -0.00789682    0.01814809    0.00544418    0.00000000 
max(|Fsp_paral|) :   0.00000000    0.00054862    0.00036982    0.00032817    0.00128745    0.00036815    0.00000000 
max(|Fsp_perp|)  :   0.00000000    0.00000000    0.00000000    0.00000000    0.00000000    0.00000000    0.00000000 
max(|FNEB|)      :   0.00000000    0.00093758    0.00192777    0.00389081    0.00211666    0.00258556    0.00000000 
max(|Force|)     :   0.00008763    0.00076132    0.00206896    0.00490779    0.00815203    0.00288506    0.00027879 
ksp              :   0.02180799    0.03723436    0.07354307    0.10000000    0.10000000    0.01408399 
max(|step|)      :   0.00000000    0.02070536    0.02597855    0.04354076    0.04640144    0.02259432    0.00089493 
angle (deg.)     :    14.6492  44.1379  62.4662  65.8255  59.0605 
>
iteration       : 89
climbing        : no
zoom on         : no
nim             : 7
barrier         :   0.02043541 (image:  4) 
distance        :   0.00000000    9.94257138   15.96443174   18.98171134   21.19644494   23.43755730   39.32475325 
energy          : -2464.53048891  -2464.52780902  -2464.52432001  -2464.51567815  -2464.51005349  -2464.52948727  -2464.54816581 
max(|Fr_perp|)   :   0.00000000    0.00821767    0.00794996    0.02060012    0.00335813    0.00480557    0.00000000 
Fr_paral         :   0.00000000   -0.00030950   -0.00161698   -0.00605296    0.01745275    0.00469544    0.00000000 
max(|Fsp_paral|) :   0.00000000    0.00145636    0.00110550    0.00234484    0.00105204    0.00234261    0.00000000 
max(|Fsp_perp|)  :   0.00000000    0.00000000    0.00000000    0.00000000    0.00000000    0.00000000    0.00000000 
max(|FNEB|)      :   0.00000000    0.00877759    0.00783859    0.02054912    0.00343966    0.00446611    0.00000000 
max(|Force|)     :   0.00008763    0.00819309    0.00831004    0.02054411    0.00815511    0.00444675    0.00027879 
ksp              :   0.02180252    0.03716857    0.07522833    0.10000000    0.10000000    0.01441134 
max(|step|)      :   0.00000000    0.00763291    0.00581570    0.01568411    0.00763014    0.00519098    0.00018966 
angle (deg.)     :    14.5832  43.8825  62.5003  65.8212  58.9166 
>
iteration       : 90
climbing        : no
zoom on         : no
nim             : 7
barrier         :   0.02033539 (image:  4) 
distance        :   0.00000000    9.95709859   15.96252137   18.97279995   21.19324883   23.43364241   39.31154652 
energy          : -2464.53048891  -2464.52785096  -2464.52434926  -2464.51600598  -2464.51015351  -2464.52955546  -2464.54816581 
max(|Fr_perp|)   :   0.00000000    0.00097551    0.00100338    0.00180600    0.00187615    0.00127145    0.00000000 
Fr_paral         :   0.00000000   -0.00038130   -0.00164864   -0.00680726    0.01784064    0.00512802    0.00000000 
max(|Fsp_paral|) :   0.00000000    0.00153163    0.00006347    0.00043105    0.00079600    0.00016159    0.00000000 
max(|Fsp_perp|)  :   0.00000000    0.00000000    0.00000000    0.00000000    0.00000000    0.00000000    0.00000000 
max(|FNEB|)      :   0.00000000    0.00159535    0.00104411    0.00177793    0.00175325    0.00124598    0.00000000 
max(|Force|)     :   0.00008763    0.00099471    0.00137335    0.00325831    0.00807754    0.00233200    0.00027879 
ksp              :   0.02167497    0.03717273    0.07409828    0.10000000    0.10000000    0.01413122 
max(|step|)      :   0.00000000    0.00439283    0.00409508    0.00375351    0.00508001    0.00168583    0.00010919 
angle (deg.)     :    14.5119  44.0654  62.3943  65.7529  58.9427 
>
iteration       : 91
climbing        : no
zoom on         : no
nim             : 7
barrier         :   0.02022779 (image:  4) 
distance        :   0.00000000    9.97802974   15.95691589   18.97670398   21.20154117   23.43829127   39.31976206 
energy          : -2464.53048891  -2464.52784907  -2464.52437631  -2464.51603660  -2464.51026111  -2464.52955858  -2464.54816581 
max(|Fr_perp|)   :   0.00000000    0.00107215    0.00090224    0.00227470    0.00089988    0.00040059    0.00000000 
Fr_paral         :   0.00000000   -0.00039779   -0.00160812   -0.00712214    0.01842025    0.00529028    0.00000000 
max(|Fsp_paral|) :   0.00000000    0.00111927    0.00069414    0.00080636    0.00047581    0.00042499    0.00000000 
max(|Fsp_perp|)  :   0.00000000    0.00000000    0.00000000    0.00000000    0.00000000    0.00000000    0.00000000 
max(|FNEB|)      :   0.00000000    0.00124674    0.00131529    0.00227740    0.00114376    0.00056269    0.00000000 
max(|Force|)     :   0.00008763    0.00110269    0.00112478    0.00308746    0.00802507    0.00232930    0.00027879 
ksp              :   0.02174547    0.03719692    0.07430298    0.10000000    0.10000000    0.01413933 
max(|step|)      :   0.00000000    0.01195037    0.01829122    0.03131705    0.02962449    0.01454275    0.00078237 
angle (deg.)     :    14.5501  45.2333  62.0996  65.8324  59.4329 
>
iteration       : 92
climbing        : no
zoom on         : no
nim             : 7
barrier         :   0.01977592 (image:  4) 
distance        :   0.00000000    9.99598950   15.96777171   19.00437259   21.25860143   23.49634994   39.40854650 
energy          : -2464.53048891  -2464.52788765  -2464.52448015  -2464.51624541  -2464.51071299  -2464.52957589  -2464.54816581 
max(|Fr_perp|)   :   0.00000000    0.00253977    0.00326136    0.00418343    0.00161108    0.00239762    0.00000000 
Fr_paral         :   0.00000000   -0.00040647   -0.00153799   -0.00630266    0.01912102    0.00518362    0.00000000 
max(|Fsp_paral|) :   0.00000000    0.00097773    0.00147462    0.00075142    0.00065436    0.00072003    0.00000000 
max(|Fsp_perp|)  :   0.00000000    0.00000000    0.00000000    0.00000000    0.00000000    0.00000000    0.00000000 
max(|FNEB|)      :   0.00000000    0.00228179    0.00421683    0.00418504    0.00171528    0.00251005    0.00000000 
max(|Force|)     :   0.00008763    0.00257072    0.00312447    0.00418911    0.00815522    0.00279557    0.00027879 
ksp              :   0.02183827    0.03734581    0.07482199    0.10000000    0.10000000    0.01415514 
max(|step|)      :   0.00000000    0.03440398    0.05195284    0.08838742    0.08727743    0.04080628    0.00238845 
angle (deg.)     :    14.7308  48.3700  61.5921  65.9589  60.9792 
>
iteration       : 93
climbing        : no
zoom on         : no
nim             : 7
barrier         :   0.01909811 (image:  4) 
distance        :   0.00000000   10.05562556   16.00777027   19.08624129   21.40500729   23.67179919   39.66977250 
energy          : -2464.53048891  -2464.52798021  -2464.52475900  -2464.51680640  -2464.51139080  -2464.52961559  -2464.54816581 
max(|Fr_perp|)   :   0.00000000    0.00482589    0.00326852    0.00518541    0.00424183    0.00557149    0.00000000 
Fr_paral         :   0.00000000   -0.00040126   -0.00142774   -0.00668933    0.02052102    0.00533289    0.00000000 
max(|Fsp_paral|) :   0.00000000    0.00016727    0.00324457    0.00106927    0.00202160    0.00043886    0.00000000 
max(|Fsp_perp|)  :   0.00000000    0.00000000    0.00000000    0.00000000    0.00000000    0.00000000    0.00000000 
max(|FNEB|)      :   0.00000000    0.00476451    0.00538738    0.00553191    0.00435775    0.00550428    0.00000000 
max(|Force|)     :   0.00008763    0.00485644    0.00293383    0.00530522    0.01018922    0.00598829    0.00027879 
ksp              :   0.02182227    0.03700224    0.07447895    0.10000000    0.10000000    0.01411549 
max(|step|)      :   0.00000000    0.03475275    0.05788757    0.09638218    0.10000000    0.04713344    0.00266503 
angle (deg.)     :    15.1534  51.7752  61.3162  66.4419  62.7541 
>
iteration       : 94
climbing        : no
zoom on         : no
nim             : 7
barrier         :   0.01858881 (image:  4) 
distance        :   0.00000000   10.07349407   16.06883185   19.20324534   21.56464237   23.87207062   39.97374429 
energy          : -2464.53048891  -2464.52810661  -2464.52492411  -2464.51719245  -2464.51190010  -2464.52962016  -2464.54816581 
max(|Fr_perp|)   :   0.00000000    0.00189407    0.00986972    0.00781195    0.00460657    0.00314779    0.00000000 
Fr_paral         :   0.00000000   -0.00034763   -0.00132977   -0.00551183    0.02048593    0.00441287    0.00000000 
max(|Fsp_paral|) :   0.00000000    0.00099370    0.00416531    0.00117223    0.00202682    0.00098352    0.00000000 
max(|Fsp_perp|)  :   0.00000000    0.00000000    0.00000000    0.00000000    0.00000000    0.00000000    0.00000000 
max(|FNEB|)      :   0.00000000    0.00171861    0.01307415    0.00815115    0.00325576    0.00315907    0.00000000 
max(|Force|)     :   0.00008763    0.00199565    0.00996501    0.00814858    0.01033470    0.00362362    0.00027879 
ksp              :   0.02153686    0.03698387    0.07441311    0.10000000    0.10000000    0.01421516 
max(|step|)      :   0.00000000    0.00214221    0.01629662    0.01016022    0.00405823    0.00393771    0.00000000 
angle (deg.)     :    15.2063  51.6953  61.3207  66.4313  62.7550 
>
iteration       : 95
climbing        : no
zoom on         : no
nim             : 7
barrier         :   0.01863367 (image:  4) 
distance        :   0.00000000   10.07932108   16.07770799   19.19954232   21.55171026   23.86373583   39.96638733 
energy          : -2464.53048891  -2464.52811365  -2464.52497144  -2464.51725207  -2464.51185524  -2464.52963509  -2464.54816581 
max(|Fr_perp|)   :   0.00000000    0.00117388    0.00587843    0.00409582    0.00327930    0.00156538    0.00000000 
Fr_paral         :   0.00000000   -0.00034178   -0.00141257   -0.00550839    0.01991057    0.00511115    0.00000000 
max(|Fsp_paral|) :   0.00000000    0.00070780    0.00398510    0.00179149    0.00151502    0.00198232    0.00000000 
max(|Fsp_perp|)  :   0.00000000    0.00000000    0.00000000    0.00000000    0.00000000    0.00000000    0.00000000 
max(|FNEB|)      :   0.00000000    0.00135148    0.00753809    0.00411461    0.00247117    0.00227416    0.00000000 
max(|Force|)     :   0.00008763    0.00119138    0.00583096    0.00407234    0.00938122    0.00239563    0.00027879 
ksp              :   0.02147242    0.03664919    0.07393349    0.10000000    0.10000000    0.01412392 
max(|step|)      :   0.00000000    0.00178690    0.00466607    0.00217734    0.00325277    0.00216598    0.00004037 
angle (deg.)     :    15.2538  51.6275  61.3045  66.4424  62.7575 
>
iteration       : 96
climbing        : no
zoom on         : no
nim             : 7
barrier         :   0.01868418 (image:  4) 
distance        :   0.00000000   10.08387785   16.08617882   19.19679457   21.53983790   23.85401773   39.95865544 
energy          : -2464.53048891  -2464.52811766  -2464.52497141  -2464.51724663  -2464.51180473  -2464.52961882  -2464.54816581 
max(|Fr_perp|)   :   0.00000000    0.00086553    0.00452837    0.00400660    0.00220838    0.00174296    0.00000000 
Fr_paral         :   0.00000000   -0.00034078   -0.00146254   -0.00581479    0.01941850    0.00526738    0.00000000 
max(|Fsp_paral|) :   0.00000000    0.00073216    0.00362468    0.00195173    0.00108824    0.00150920    0.00000000 
max(|Fsp_perp|)  :   0.00000000    0.00000000    0.00000000    0.00000000    0.00000000    0.00000000    0.00000000 
max(|FNEB|)      :   0.00000000    0.00129983    0.00603595    0.00402635    0.00204014    0.00197177    0.00000000 
max(|Force|)     :   0.00008763    0.00088318    0.00458395    0.00398259    0.00877275    0.00236618    0.00027879 
ksp              :   0.02142208    0.03657730    0.07378683    0.10000000    0.10000000    0.01419114 
max(|step|)      :   0.00000000    0.02174521    0.05155492    0.03156953    0.03102334    0.02123175    0.00119138 
angle (deg.)     :    15.7873  51.0685  60.7556  66.9655  62.8425 
>
iteration       : 97
climbing        : no
zoom on         : no
nim             : 7
barrier         :   0.01944252 (image:  4) 
distance        :   0.00000000   10.14399371   16.18383350   19.18014662   21.42105971   23.76178379   39.88618316 
energy          : -2464.53048891  -2464.52811505  -2464.52469370  -2464.51682227  -2464.51104639  -2464.52935210  -2464.54816581 
max(|Fr_perp|)   :   0.00000000    0.00172729    0.00903545    0.00898734    0.00555493    0.00883568    0.00000000 
Fr_paral         :   0.00000000   -0.00029283   -0.00173917   -0.00746087    0.01502135    0.00271047    0.00000000 
max(|Fsp_paral|) :   0.00000000    0.00194645    0.00105854    0.00195746    0.00372693    0.00621503    0.00000000 
max(|Fsp_perp|)  :   0.00000000    0.00000000    0.00000000    0.00000000    0.00000000    0.00000000    0.00000000 
max(|FNEB|)      :   0.00000000    0.00255195    0.00972618    0.00899085    0.00501404    0.00852630    0.00000000 
max(|Force|)     :   0.00008763    0.00170191    0.00944906    0.00898161    0.00689606    0.00876593    0.00027879 
ksp              :   0.02098865    0.03682616    0.07326327    0.10000000    0.10000000    0.01526229 
max(|step|)      :   0.00000000    0.00686240    0.01833597    0.01306029    0.00814238    0.01239628    0.00017082 
angle (deg.)     :    15.8039  51.1258  60.4041  67.1924  62.7873 
>
iteration       : 98
climbing        : no
zoom on         : no
nim             : 7
barrier         :   0.01918084 (image:  4) 
distance        :   0.00000000   10.17148637   16.19772780   19.18604778   21.41840417   23.77281526   39.88850862 
energy          : -2464.53048891  -2464.52811069  -2464.52461411  -2464.51672853  -2464.51130807  -2464.52956245  -2464.54816581 
max(|Fr_perp|)   :   0.00000000    0.00220056    0.01137611    0.00636841    0.00559541    0.00396807    0.00000000 
Fr_paral         :   0.00000000   -0.00031783   -0.00175803   -0.00807429    0.01453428    0.00511449    0.00000000 
max(|Fsp_paral|) :   0.00000000    0.00227946    0.00129224    0.00017607    0.00457204    0.00218895    0.00000000 
max(|Fsp_perp|)  :   0.00000000    0.00000000    0.00000000    0.00000000    0.00000000    0.00000000    0.00000000 
max(|FNEB|)      :   0.00000000    0.00285162    0.01190567    0.00637023    0.00588814    0.00430482    0.00000000 
max(|Force|)     :   0.00008763    0.00218201    0.01163823    0.00633230    0.00676049    0.00425891    0.00027879 
ksp              :   0.02115904    0.03756561    0.07456620    0.10000000    0.10000000    0.01434708 
max(|step|)      :   0.00000000    0.00176347    0.00780504    0.00317598    0.00799153    0.00234556    0.00015314 
angle (deg.)     :    15.7048  51.2446  60.3580  67.2372  62.7299 
>
iteration       : 99
climbing        : no
zoom on         : no
nim             : 7
barrier         :   0.01882616 (image:  4) 
distance        :   0.00000000   10.17553314   16.18583262   19.19087764   21.44219517   23.78576572   39.89954986 
energy          : -2464.53048891  -2464.52811647  -2464.52475968  -2464.51682987  -2464.51166275  -2464.52959848  -2464.54816581 
max(|Fr_perp|)   :   0.00000000    0.00094057    0.00534696    0.00273224    0.00393480    0.00282426    0.00000000 
Fr_paral         :   0.00000000   -0.00034209   -0.00171788   -0.00745876    0.01513099    0.00534083    0.00000000 
max(|Fsp_paral|) :   0.00000000    0.00154630    0.00056537    0.00049011    0.00346642    0.00240438    0.00000000 
max(|Fsp_perp|)  :   0.00000000    0.00000000    0.00000000    0.00000000    0.00000000    0.00000000    0.00000000 
max(|FNEB|)      :   0.00000000    0.00157265    0.00545688    0.00267530    0.00446751    0.00284552    0.00000000 
max(|Force|)     :   0.00008763    0.00096940    0.00560445    0.00388919    0.00668659    0.00294736    0.00027879 
ksp              :   0.02134163    0.03738905    0.07529814    0.10000000    0.10000000    0.01425678 
max(|step|)      :   0.00000000    0.00911249    0.00869026    0.00799970    0.01694542    0.00293729    0.00024260 
angle (deg.)     :    15.7083  51.3007  60.0499  67.6980  62.5801 
>
iteration       : 100
climbing        : no
zoom on         : no
nim             : 7
barrier         :   0.01820161 (image:  4) 
distance        :   0.00000000   10.21532675   16.20087220   19.19422001   21.46619400   23.78710589   39.90396064 
energy          : -2464.53048891  -2464.52810939  -2464.52476581  -2464.51678825  -2464.51228729  -2464.52960387  -2464.54816581 
max(|Fr_perp|)   :   0.00000000    0.00021933    0.00116114    0.00145900    0.00254679    0.00122105    0.00000000 
Fr_paral         :   0.00000000   -0.00037754   -0.00169263   -0.00623257    0.01465835    0.00509227    0.00000000 
max(|Fsp_paral|) :   0.00000000    0.00140886    0.00126471    0.00237369    0.00185138    0.00020505    0.00000000 
max(|Fsp_perp|)  :   0.00000000    0.00000000    0.00000000    0.00000000    0.00000000    0.00000000    0.00000000 
max(|FNEB|)      :   0.00000000    0.00138622    0.00143356    0.00248489    0.00265939    0.00121358    0.00000000 
max(|Force|)     :   0.00008763    0.00027022    0.00156830    0.00268483    0.00635344    0.00237412    0.00027879 
ksp              :   0.02176581    0.03829850    0.07774450    0.10000000    0.10000000    0.01437616 
max(|step|)      :   0.00000000    0.02371745    0.02201265    0.01339046    0.03767907    0.00494438    0.00076941 
angle (deg.)     :    15.7678  51.3097  59.5606  68.6510  62.2723 
>
iteration       : 101
climbing        : no
zoom on         : no
nim             : 7
barrier         :   0.01701515 (image:  4) 
distance        :   0.00000000   10.31863296   16.24166457   19.19102650   21.52212030   23.80304045   39.92286787 
energy          : -2464.53048891  -2464.52807438  -2464.52465654  -2464.51671129  -2464.51347376  -2464.52962290  -2464.54816581 
max(|Fr_perp|)   :   0.00000000    0.00157315    0.00502196    0.00407107    0.00215393    0.00089586    0.00000000 
Fr_paral         :   0.00000000   -0.00044849   -0.00163834   -0.00351276    0.01407316    0.00465064    0.00000000 
max(|Fsp_paral|) :   0.00000000    0.00142318    0.00090197    0.00488114    0.00195783    0.00366063    0.00000000 
max(|Fsp_perp|)  :   0.00000000    0.00000000    0.00000000    0.00000000    0.00000000    0.00000000    0.00000000 
max(|FNEB|)      :   0.00000000    0.00173145    0.00539546    0.00592004    0.00334971    0.00366839    0.00000000 
max(|Force|)     :   0.00008763    0.00159868    0.00537142    0.00397548    0.00554415    0.00245882    0.00027879 
ksp              :   0.02277142    0.04084974    0.08287539    0.10000000    0.10000000    0.01458066 
max(|step|)      :   0.00000000    0.02276404    0.01458109    0.01426951    0.02504024    0.00907369    0.00057968 
angle (deg.)     :    15.8025  51.1970  59.5621  68.8584  62.1191 
>
iteration       : 102
climbing        : no
zoom on         : no
nim             : 7
barrier         :   0.01639759 (image:  4) 
distance        :   0.00000000   10.42175751   16.26933309   19.17066031   21.57171749   23.84176545   39.95477050 
energy          : -2464.53048891  -2464.52803406  -2464.52460593  -2464.51692020  -2464.51409131  -2464.52962558  -2464.54816581 
max(|Fr_perp|)   :   0.00000000    0.00187055    0.00492317    0.00538034    0.00587693    0.00736133    0.00000000 
Fr_paral         :   0.00000000   -0.00051189   -0.00164464   -0.00287857    0.01549353    0.00335022    0.00000000 
max(|Fsp_paral|) :   0.00000000    0.00053944    0.00080987    0.00211983    0.00511321    0.00555719    0.00000000 
max(|Fsp_perp|)  :   0.00000000    0.00000000    0.00000000    0.00000000    0.00000000    0.00000000    0.00000000 
max(|FNEB|)      :   0.00000000    0.00163585    0.00520264    0.00602815    0.00642153    0.00825308    0.00000000 
max(|Force|)     :   0.00008763    0.00191584    0.00506705    0.00575486    0.00895210    0.00764651    0.00027879 
ksp              :   0.02347371    0.04228937    0.08447334    0.10000000    0.10000000    0.01473846 
max(|step|)      :   0.00000000    0.00958352    0.00285506    0.01563226    0.01254527    0.01277716    0.00025289 
angle (deg.)     :    15.8299  51.1263  59.7507  68.0942  62.1661 
>
iteration       : 103
climbing        : no
zoom on         : no
nim             : 7
barrier         :   0.01654790 (image:  4) 
distance        :   0.00000000   10.46494451   16.27446364   19.15639010   21.56353225   23.85991889   39.96228486 
energy          : -2464.53048891  -2464.52801141  -2464.52461674  -2464.51707700  -2464.51394101  -2464.52985514  -2464.54816581 
max(|Fr_perp|)   :   0.00000000    0.00459329    0.00529899    0.01020920    0.00464574    0.00289269    0.00000000 
Fr_paral         :   0.00000000   -0.00047134   -0.00164424   -0.00549936    0.01723550    0.00392065    0.00000000 
max(|Fsp_paral|) :   0.00000000    0.00041104    0.00169818    0.00070618    0.00430300    0.00693983    0.00000000 
max(|Fsp_perp|)  :   0.00000000    0.00000000    0.00000000    0.00000000    0.00000000    0.00000000    0.00000000 
max(|FNEB|)      :   0.00000000    0.00470978    0.00636980    0.01020997    0.00570913    0.00646280    0.00000000 
max(|Force|)     :   0.00008763    0.00462042    0.00566370    0.01020667    0.00901740    0.00284000    0.00027879 
ksp              :   0.02347453    0.04193731    0.08294412    0.10000000    0.10000000    0.01344692 
max(|step|)      :   0.00000000    0.01237315    0.01312010    0.00825219    0.03517836    0.00659185    0.00040853 
angle (deg.)     :    15.8270  51.1308  60.0499  67.0204  62.3511 
>
iteration       : 104
climbing        : no
zoom on         : no
nim             : 7
barrier         :   0.01757332 (image:  4) 
distance        :   0.00000000   10.40881103   16.25316653   19.15777843   21.50428735   23.82507832   39.93180989 
energy          : -2464.53048891  -2464.52805359  -2464.52469674  -2464.51715133  -2464.51291559  -2464.52976263  -2464.54816581 
max(|Fr_perp|)   :   0.00000000    0.00167425    0.00112282    0.00422187    0.00318447    0.00408921    0.00000000 
Fr_paral         :   0.00000000   -0.00042451   -0.00175117   -0.00781763    0.01758388    0.00541946    0.00000000 
max(|Fsp_paral|) :   0.00000000    0.00042656    0.00160903    0.00303533    0.00098445    0.00582017    0.00000000 
max(|Fsp_perp|)  :   0.00000000    0.00000000    0.00000000    0.00000000    0.00000000    0.00000000    0.00000000 
max(|FNEB|)      :   0.00000000    0.00177652    0.00178129    0.00461739    0.00309768    0.00632418    0.00000000 
max(|Force|)     :   0.00008763    0.00167904    0.00138736    0.00465604    0.00664430    0.00408947    0.00027879 
ksp              :   0.02247225    0.03966399    0.07830706    0.10000000    0.10000000    0.01371957 
max(|step|)      :   0.00000000    0.01595508    0.01087365    0.01188231    0.02718012    0.01202504    0.00045999 
angle (deg.)     :    15.8369  51.3147  60.0057  66.7539  62.5337 
>
iteration       : 105
climbing        : no
zoom on         : no
nim             : 7
barrier         :   0.01846318 (image:  4) 
distance        :   0.00000000   10.33662484   16.23522135   19.17989317   21.45115285   23.78683686   39.90374795 
energy          : -2464.53048891  -2464.52807781  -2464.52472360  -2464.51698872  -2464.51202572  -2464.52966820  -2464.54816581 
max(|Fr_perp|)   :   0.00000000    0.00150278    0.00225021    0.00426925    0.00269514    0.00246896    0.00000000 
Fr_paral         :   0.00000000   -0.00037105   -0.00177098   -0.00784182    0.01650865    0.00418255    0.00000000 
max(|Fsp_paral|) :   0.00000000    0.00001969    0.00056008    0.00166327    0.00243290    0.00411637    0.00000000 
max(|Fsp_perp|)  :   0.00000000    0.00000000    0.00000000    0.00000000    0.00000000    0.00000000    0.00000000 
max(|FNEB|)      :   0.00000000    0.00149432    0.00248136    0.00477829    0.00296765    0.00373972    0.00000000 
max(|Force|)     :   0.00008763    0.00147034    0.00251812    0.00422353    0.00637828    0.00278972    0.00027879 
ksp              :   0.02175306    0.03810337    0.07580757    0.10000000    0.10000000    0.01400059 
max(|step|)      :   0.00000000    0.00538599    0.00364815    0.01257803    0.00912483    0.01063948    0.00011485 
angle (deg.)     :    15.8557  51.5064  59.6936  67.1164  62.3577 
>
iteration       : 106
climbing        : no
zoom on         : no
nim             : 7
barrier         :   0.01811171 (image:  4) 
distance        :   0.00000000   10.34250778   16.24269238   19.19573097   21.46245020   23.77218465   39.89741736 
energy          : -2464.53048891  -2464.52806390  -2464.52471831  -2464.51686787  -2464.51237720  -2464.52952207  -2464.54816581 
max(|Fr_perp|)   :   0.00000000    0.00514141    0.00370339    0.00447038    0.00204302    0.00875360    0.00000000 
Fr_paral         :   0.00000000   -0.00039073   -0.00172509   -0.00649377    0.01578139    0.00671122    0.00000000 
max(|Fsp_paral|) :   0.00000000    0.00002751    0.00044445    0.00117358    0.00162751    0.00403858    0.00000000 
max(|Fsp_perp|)  :   0.00000000    0.00000000    0.00000000    0.00000000    0.00000000    0.00000000    0.00000000 
max(|FNEB|)      :   0.00000000    0.00512972    0.00396150    0.00481634    0.00221540    0.00886637    0.00000000 
max(|Force|)     :   0.00008763    0.00517517    0.00396030    0.00529173    0.00619854    0.00885125    0.00027879 
ksp              :   0.02205023    0.03867505    0.07768513    0.10000000    0.10000000    0.01480436 
max(|step|)      :   0.00000000    0.00681196    0.00469885    0.00547676    0.01555045    0.00565877    0.00018328 
angle (deg.)     :    15.8439  51.4986  59.6488  67.3789  62.2740 
>
iteration       : 107
climbing        : no
zoom on         : no
nim             : 7
barrier         :   0.01756615 (image:  4) 
distance        :   0.00000000   10.37449240   16.25045987   19.19093929   21.49538814   23.79403346   39.91624213 
energy          : -2464.53048891  -2464.52807159  -2464.52472182  -2464.51695968  -2464.51292276  -2464.52964621  -2464.54816581 
max(|Fr_perp|)   :   0.00000000    0.00235140    0.00051456    0.00271935    0.00123971    0.00257903    0.00000000 
Fr_paral         :   0.00000000   -0.00041951   -0.00171038   -0.00571633    0.01628624    0.00534136    0.00000000 
max(|Fsp_paral|) :   0.00000000    0.00002975    0.00031066    0.00118835    0.00022115    0.00050579    0.00000000 
max(|Fsp_perp|)  :   0.00000000    0.00000000    0.00000000    0.00000000    0.00000000    0.00000000    0.00000000 
max(|FNEB|)      :   0.00000000    0.00233863    0.00072047    0.00307823    0.00126023    0.00259395    0.00000000 
max(|Force|)     :   0.00008763    0.00238804    0.00072392    0.00345606    0.00593924    0.00292601    0.00027879 
ksp              :   0.02238512    0.03954761    0.07931683    0.10000000    0.10000000    0.01431756 
max(|step|)      :   0.00000000    0.00562405    0.00390312    0.00645351    0.00567677    0.00328887    0.00022572 
angle (deg.)     :    15.8734  51.4599  59.7069  67.3149  62.2390 
>
iteration       : 108
climbing        : no
zoom on         : no
nim             : 7
barrier         :   0.01743579 (image:  4) 
distance        :   0.00000000   10.40037070   16.25855689   19.18397705   21.50624121   23.80176253   39.92388028 
energy          : -2464.53048891  -2464.52806662  -2464.52471068  -2464.51705799  -2464.51305312  -2464.52967734  -2464.54816581 
max(|Fr_perp|)   :   0.00000000    0.00179714    0.00160426    0.00196732    0.00066513    0.00129746    0.00000000 
Fr_paral         :   0.00000000   -0.00042978   -0.00171363   -0.00604586    0.01678695    0.00464803    0.00000000 
max(|Fsp_paral|) :   0.00000000    0.00014935    0.00045572    0.00006788    0.00102101    0.00041537    0.00000000 
max(|Fsp_perp|)  :   0.00000000    0.00000000    0.00000000    0.00000000    0.00000000    0.00000000    0.00000000 
max(|FNEB|)      :   0.00000000    0.00183968    0.00190329    0.00196700    0.00151756    0.00136288    0.00000000 
max(|Force|)     :   0.00008763    0.00182203    0.00201693    0.00259337    0.00624959    0.00245959    0.00027879 
ksp              :   0.02250333    0.03982605    0.07932766    0.10000000    0.10000000    0.01418915 
max(|step|)      :   0.00000000    0.00129406    0.00148600    0.00130033    0.00463790    0.00102771    0.00002028 
angle (deg.)     :    15.8821  51.4932  59.7438  67.1612  62.2617 
>
iteration       : 109
climbing        : no
zoom on         : no
nim             : 7
barrier         :   0.01757271 (image:  4) 
distance        :   0.00000000   10.39737461   16.25735713   19.18544302   21.50045820   23.80076294   39.92326324 
energy          : -2464.53048891  -2464.52807189  -2464.52472106  -2464.51707412  -2464.51291620  -2464.52967921  -2464.54816581 
max(|Fr_perp|)   :   0.00000000    0.00066819    0.00047790    0.00083889    0.00052917    0.00108273    0.00000000 
Fr_paral         :   0.00000000   -0.00042017   -0.00172312   -0.00635937    0.01695002    0.00451146    0.00000000 
max(|Fsp_paral|) :   0.00000000    0.00019841    0.00045944    0.00044473    0.00056041    0.00101804    0.00000000 
max(|Fsp_perp|)  :   0.00000000    0.00000000    0.00000000    0.00000000    0.00000000    0.00000000    0.00000000 
max(|FNEB|)      :   0.00000000    0.00072497    0.00077985    0.00097636    0.00102476    0.00129148    0.00000000 
max(|Force|)     :   0.00008763    0.00069264    0.00089355    0.00271594    0.00639296    0.00248081    0.00027879 
ksp              :   0.02237894    0.03954045    0.07870486    0.10000000    0.10000000    0.01414693 
max(|step|)      :   0.00000000    0.00488196    0.00478888    0.00487854    0.01694552    0.00533683    0.00017683 
angle (deg.)     :    15.9321  51.7082  59.7609  66.7705  62.3038 
>
iteration       : 110
climbing        : no
zoom on         : no
nim             : 7
barrier         :   0.01805808 (image:  4) 
distance        :   0.00000000   10.37955203   16.25473224   19.19983496   21.47858525   23.78965699   39.91760090 
energy          : -2464.53048891  -2464.52808578  -2464.52474570  -2464.51703592  -2464.51243082  -2464.52964298  -2464.54816581 
max(|Fr_perp|)   :   0.00000000    0.00084620    0.00184046    0.00252241    0.00102452    0.00121074    0.00000000 
Fr_paral         :   0.00000000   -0.00040798   -0.00173387   -0.00699266    0.01691053    0.00470345    0.00000000 
max(|Fsp_paral|) :   0.00000000    0.00024214    0.00000180    0.00040833    0.00122103    0.00095267    0.00000000 
max(|Fsp_perp|)  :   0.00000000    0.00000000    0.00000000    0.00000000    0.00000000    0.00000000    0.00000000 
max(|FNEB|)      :   0.00000000    0.00095060    0.00184120    0.00252580    0.00165003    0.00117790    0.00000000 
max(|Force|)     :   0.00008763    0.00088198    0.00210213    0.00338964    0.00632946    0.00243657    0.00027879 
ksp              :   0.02197701    0.03862365    0.07704859    0.10000000    0.10000000    0.01421602 
max(|step|)      :   0.00000000    0.00189056    0.00256085    0.00413470    0.00390329    0.00307170    0.00018532 
angle (deg.)     :    15.9701  51.8628  59.7194  66.8005  62.2378 
>
iteration       : 111
climbing        : no
zoom on         : no
nim             : 7
barrier         :   0.01794616 (image:  4) 
distance        :   0.00000000   10.38703111   16.26009803   19.20833671   21.48890584   23.79442380   39.92562627 
energy          : -2464.53048891  -2464.52808440  -2464.52475511  -2464.51704273  -2464.51254275  -2464.52963747  -2464.54816581 
max(|Fr_perp|)   :   0.00000000    0.00296615    0.00180986    0.00175477    0.00080459    0.00079115    0.00000000 
Fr_paral         :   0.00000000   -0.00039737   -0.00172134   -0.00653435    0.01685161    0.00474312    0.00000000 
max(|Fsp_paral|) :   0.00000000    0.00030776    0.00024869    0.00009915    0.00094189    0.00018743    0.00000000 
max(|Fsp_perp|)  :   0.00000000    0.00000000    0.00000000    0.00000000    0.00000000    0.00000000    0.00000000 
max(|FNEB|)      :   0.00000000    0.00309859    0.00195712    0.00174042    0.00135378    0.00076207    0.00000000 
max(|Force|)     :   0.00008763    0.00300093    0.00206919    0.00299770    0.00632074    0.00242957    0.00027879 
ksp              :   0.02205862    0.03875498    0.07743260    0.10000000    0.10000000    0.01426994 
max(|step|)      :   0.00000000    0.01038779    0.01394932    0.02212699    0.02009526    0.01551609    0.00166305 
angle (deg.)     :    16.1964  52.5684  59.6287  66.8716  61.9035 
>
iteration       : 112
climbing        : no
zoom on         : no
nim             : 7
barrier         :   0.01740701 (image:  4) 
distance        :   0.00000000   10.43279808   16.29138059   19.24471813   21.54548159   23.82656988   39.97262919 
energy          : -2464.53048891  -2464.52810788  -2464.52479085  -2464.51713120  -2464.51308190  -2464.52962445  -2464.54816581 
max(|Fr_perp|)   :   0.00000000    0.00210398    0.00082748    0.00291595    0.00058785    0.00060868    0.00000000 
Fr_paral         :   0.00000000   -0.00040500   -0.00166758   -0.00492350    0.01681154    0.00491330    0.00000000 
max(|Fsp_paral|) :   0.00000000    0.00032107    0.00084865    0.00145397    0.00074095    0.00286785    0.00000000 
max(|Fsp_perp|)  :   0.00000000    0.00000000    0.00000000    0.00000000    0.00000000    0.00000000    0.00000000 
max(|FNEB|)      :   0.00000000    0.00224421    0.00117964    0.00335845    0.00096694    0.00270157    0.00000000 
max(|Force|)     :   0.00008763    0.00213996    0.00101775    0.00355194    0.00663157    0.00238760    0.00027879 
ksp              :   0.02231070    0.03946084    0.07906375    0.10000000    0.10000000    0.01446955 
max(|step|)      :   0.00000000    0.01388630    0.01942890    0.03087401    0.02684717    0.01990829    0.00227207 
angle (deg.)     :    16.5734  53.4086  59.6477  66.6681  61.5635 
>
iteration       : 113
climbing        : no
zoom on         : no
nim             : 7
barrier         :   0.01710614 (image:  4) 
distance        :   0.00000000   10.49403729   16.33856377   19.28812673   21.59900264   23.87334665   40.03501257 
energy          : -2464.53048891  -2464.52812822  -2464.52481034  -2464.51727222  -2464.51338276  -2464.52965111  -2464.54816581 
max(|Fr_perp|)   :   0.00000000    0.00294747    0.00342185    0.00561331    0.00106436    0.00094708    0.00000000 
Fr_paral         :   0.00000000   -0.00039559   -0.00163666   -0.00431752    0.01690053    0.00493941    0.00000000 
max(|Fsp_paral|) :   0.00000000    0.00045075    0.00056469    0.00148612    0.00137238    0.00280340    0.00000000 
max(|Fsp_perp|)  :   0.00000000    0.00000000    0.00000000    0.00000000    0.00000000    0.00000000    0.00000000 
max(|FNEB|)      :   0.00000000    0.00314901    0.00365880    0.00561390    0.00162167    0.00261265    0.00000000 
max(|Force|)     :   0.00008763    0.00298339    0.00362460    0.00561403    0.00709509    0.00236385    0.00027879 
ksp              :   0.02242018    0.03987644    0.07953654    0.10000000    0.10000000    0.01440785 
max(|step|)      :   0.00000000    0.03746559    0.06050781    0.10000000    0.08827945    0.06641969    0.00734507 
angle (deg.)     :    17.8663  56.2544  60.0573  65.7309  60.5757 
>
iteration       : 114
climbing        : no
zoom on         : no
nim             : 7
barrier         :   0.01678207 (image:  4) 
distance        :   0.00000000   10.64980569   16.48172434   19.45935822   21.76814438   24.03736495   40.25693840 
energy          : -2464.53048891  -2464.52818061  -2464.52495377  -2464.51771549  -2464.51370683  -2464.52967552  -2464.54816581 
max(|Fr_perp|)   :   0.00000000    0.00446649    0.00207526    0.00670671    0.00168447    0.00103397    0.00000000 
Fr_paral         :   0.00000000   -0.00028057   -0.00157071   -0.00350008    0.01702595    0.00464043    0.00000000 
max(|Fsp_paral|) :   0.00000000    0.00142331    0.00088595    0.00127769    0.00145211    0.00309896    0.00000000 
max(|Fsp_perp|)  :   0.00000000    0.00000000    0.00000000    0.00000000    0.00000000    0.00000000    0.00000000 
max(|FNEB|)      :   0.00000000    0.00518538    0.00259692    0.00710034    0.00204859    0.00315492    0.00000000 
max(|Force|)     :   0.00008763    0.00475255    0.00229619    0.00709999    0.00799901    0.00237985    0.00027879 
ksp              :   0.02239889    0.03969163    0.07856208    0.10000000    0.10000000    0.01437199 
max(|step|)      :   0.00000000    0.00636272    0.00318655    0.00871248    0.00251373    0.00387124    0.00000000 
angle (deg.)     :    17.8963  56.2167  60.0966  65.6755  60.6151 
>
iteration       : 115
climbing        : no
zoom on         : no
nim             : 7
barrier         :   0.01684038 (image:  4) 
distance        :   0.00000000   10.64146482   16.48378567   19.45569773   21.76376372   24.04436315   40.26049328 
energy          : -2464.53048891  -2464.52820346  -2464.52495766  -2464.51779589  -2464.51364853  -2464.52971368  -2464.54816581 
max(|Fr_perp|)   :   0.00000000    0.00297509    0.00168304    0.00321959    0.00188803    0.00077238    0.00000000 
Fr_paral         :   0.00000000   -0.00029882   -0.00160269   -0.00431880    0.01718023    0.00438284    0.00000000 
max(|Fsp_paral|) :   0.00000000    0.00106340    0.00007106    0.00021608    0.00101628    0.00064831    0.00000000 
max(|Fsp_perp|)  :   0.00000000    0.00000000    0.00000000    0.00000000    0.00000000    0.00000000    0.00000000 
max(|FNEB|)      :   0.00000000    0.00347774    0.00173095    0.00321344    0.00162859    0.00089434    0.00000000 
max(|Force|)     :   0.00008763    0.00300362    0.00155655    0.00320546    0.00824483    0.00245599    0.00027879 
ksp              :   0.02221410    0.03956062    0.07783524    0.10000000    0.10000000    0.01414306 
max(|step|)      :   0.00000000    0.00198517    0.00112401    0.00139295    0.00174058    0.00137954    0.00000781 
angle (deg.)     :    17.9101  56.2112  60.1080  65.6648  60.6290 
>
iteration       : 116
climbing        : no
zoom on         : no
nim             : 7
barrier         :   0.01687839 (image:  4) 
distance        :   0.00000000   10.63598057   16.48445546   19.45486985   21.76131106   24.04711117   40.26220386 
energy          : -2464.53048891  -2464.52821476  -2464.52496178  -2464.51782568  -2464.51361052  -2464.52972773  -2464.54816581 
max(|Fr_perp|)   :   0.00000000    0.00131793    0.00083216    0.00182224    0.00184287    0.00046536    0.00000000 
Fr_paral         :   0.00000000   -0.00029496   -0.00161340   -0.00473069    0.01721472    0.00442986    0.00000000 
max(|Fsp_paral|) :   0.00000000    0.00090526    0.00021079    0.00015467    0.00076245    0.00031022    0.00000000 
max(|Fsp_perp|)  :   0.00000000    0.00000000    0.00000000    0.00000000    0.00000000    0.00000000    0.00000000 
max(|FNEB|)      :   0.00000000    0.00174795    0.00068995    0.00182286    0.00136434    0.00053735    0.00000000 
max(|Force|)     :   0.00008763    0.00134622    0.00094106    0.00250145    0.00820176    0.00244190    0.00027879 
ksp              :   0.02212634    0.03947210    0.07752364    0.10000000    0.10000000    0.01405879 
max(|step|)      :   0.00000000    0.00713948    0.00224672    0.00471946    0.00758915    0.00232198    0.00013714 
angle (deg.)     :    17.9487  56.2356  60.1346  65.6956  60.6650 
>
iteration       : 117
climbing        : no
zoom on         : no
nim             : 7
barrier         :   0.01703298 (image:  4) 
distance        :   0.00000000   10.61178486   16.48563374   19.45535327   21.75256750   24.05418464   40.26856553 
energy          : -2464.53048891  -2464.52823566  -2464.52497457  -2464.51786223  -2464.51345592  -2464.52975146  -2464.54816581 
max(|Fr_perp|)   :   0.00000000    0.00109275    0.00054238    0.00176052    0.00142256    0.00099165    0.00000000 
Fr_paral         :   0.00000000   -0.00028044   -0.00165367   -0.00633659    0.01711334    0.00469382    0.00000000 
max(|Fsp_paral|) :   0.00000000    0.00051907    0.00075539    0.00080218    0.00016225    0.00243686    0.00000000 
max(|Fsp_perp|)  :   0.00000000    0.00000000    0.00000000    0.00000000    0.00000000    0.00000000    0.00000000 
max(|FNEB|)      :   0.00000000    0.00125962    0.00105197    0.00179075    0.00158481    0.00242622    0.00000000 
max(|Force|)     :   0.00008763    0.00111092    0.00095243    0.00325625    0.00772912    0.00237505    0.00027879 
ksp              :   0.02190588    0.03913704    0.07671768    0.10000000    0.10000000    0.01389656 
max(|step|)      :   0.00000000    0.00787442    0.00312303    0.00369294    0.00733182    0.00368799    0.00017616 
angle (deg.)     :    17.9671  56.3224  60.1829  65.8471  60.6728 
>
iteration       : 118
climbing        : no
zoom on         : no
nim             : 7
barrier         :   0.01715527 (image:  4) 
distance        :   0.00000000   10.58489781   16.48520358   19.46114080   21.74921623   24.05806944   40.27659626 
energy          : -2464.53048891  -2464.52824923  -2464.52498785  -2464.51786959  -2464.51333364  -2464.52973681  -2464.54816581 
max(|Fr_perp|)   :   0.00000000    0.00305729    0.00163653    0.00305107    0.00082613    0.00065434    0.00000000 
Fr_paral         :   0.00000000   -0.00026614   -0.00168334   -0.00682072    0.01667312    0.00467736    0.00000000 
max(|Fsp_paral|) :   0.00000000    0.00018822    0.00092214    0.00086869    0.00076736    0.00236959    0.00000000 
max(|Fsp_perp|)  :   0.00000000    0.00000000    0.00000000    0.00000000    0.00000000    0.00000000    0.00000000 
max(|FNEB|)      :   0.00000000    0.00296628    0.00225886    0.00317422    0.00159349    0.00234419    0.00000000 
max(|Force|)     :   0.00008763    0.00303139    0.00205438    0.00377747    0.00698382    0.00237988    0.00027879 
ksp              :   0.02174979    0.03885968    0.07620352    0.10000000    0.10000000    0.01394565 
max(|step|)      :   0.00000000    0.01346436    0.00667508    0.00715137    0.01679433    0.00804574    0.00040096 
angle (deg.)     :    17.9438  56.5883  60.2976  66.3186  60.6282 
>
iteration       : 119
climbing        : no
zoom on         : no
nim             : 7
barrier         :   0.01723000 (image:  4) 
distance        :   0.00000000   10.53823127   16.48142776   19.47959492   21.75928497   24.07316094   40.30144039 
energy          : -2464.53048891  -2464.52825200  -2464.52502760  -2464.51781817  -2464.51325890  -2464.52968411  -2464.54816581 
max(|Fr_perp|)   :   0.00000000    0.00510280    0.00172290    0.00938390    0.00251813    0.00262741    0.00000000 
Fr_paral         :   0.00000000   -0.00029507   -0.00168626   -0.00707244    0.01591184    0.00510834    0.00000000 
max(|Fsp_paral|) :   0.00000000    0.00009214    0.00020504    0.00019390    0.00127659    0.00044555    0.00000000 
max(|Fsp_perp|)  :   0.00000000    0.00000000    0.00000000    0.00000000    0.00000000    0.00000000    0.00000000 
max(|FNEB|)      :   0.00000000    0.00510678    0.00181174    0.00938376    0.00252234    0.00262114    0.00000000 
max(|Force|)     :   0.00008763    0.00510023    0.00199163    0.00938165    0.00568707    0.00309237    0.00027879 
ksp              :   0.02168436    0.03852685    0.07618493    0.10000000    0.10000000    0.01420382 
max(|step|)      :   0.00000000    0.00559079    0.00245056    0.00749211    0.00587386    0.00297845    0.00015095 
angle (deg.)     :    17.9293  56.6893  60.3614  66.5264  60.6036 
>
iteration       : 120
climbing        : no
zoom on         : no
nim             : 7
barrier         :   0.01717356 (image:  4) 
distance        :   0.00000000   10.52571778   16.48004143   19.48692750   21.76842882   24.08003877   40.31255475 
energy          : -2464.53048891  -2464.52829794  -2464.52504726  -2464.51788742  -2464.51331534  -2464.52967440  -2464.54816581 
max(|Fr_perp|)   :   0.00000000    0.00071285    0.00064516    0.00132298    0.00181485    0.00046452    0.00000000 
Fr_paral         :   0.00000000   -0.00029970   -0.00168127   -0.00632652    0.01552249    0.00473292    0.00000000 
max(|Fsp_paral|) :   0.00000000    0.00065117    0.00025882    0.00021480    0.00112758    0.00022844    0.00000000 
max(|Fsp_perp|)  :   0.00000000    0.00000000    0.00000000    0.00000000    0.00000000    0.00000000    0.00000000 
max(|FNEB|)      :   0.00000000    0.00102502    0.00082033    0.00132403    0.00166963    0.00054255    0.00000000 
max(|Force|)     :   0.00008763    0.00068391    0.00106360    0.00290050    0.00564310    0.00239675    0.00027879 
ksp              :   0.02148202    0.03851755    0.07603949    0.10000000    0.10000000    0.01426853 
max(|step|)      :   0.00000000    0.00610488    0.00210252    0.00354796    0.00721292    0.00196499    0.00014353 
angle (deg.)     :    17.8943  56.6733  60.3420  66.4984  60.5736 
>
iteration       : 121
climbing        : no
zoom on         : no
nim             : 7
barrier         :   0.01697868 (image:  4) 
distance        :   0.00000000   10.54690888   16.47942296   19.48574562   21.77804112   24.08055020   40.31178680 
energy          : -2464.53048891  -2464.52828586  -2464.52504607  -2464.51789118  -2464.51351023  -2464.52968130  -2464.54816581 
max(|Fr_perp|)   :   0.00000000    0.00174824    0.00078117    0.00298237    0.00094800    0.00094695    0.00000000 
Fr_paral         :   0.00000000   -0.00031149   -0.00164961   -0.00536869    0.01570667    0.00444777    0.00000000 
max(|Fsp_paral|) :   0.00000000    0.00037236    0.00012234    0.00068968    0.00038321    0.00078011    0.00000000 
max(|Fsp_perp|)  :   0.00000000    0.00000000    0.00000000    0.00000000    0.00000000    0.00000000    0.00000000 
max(|FNEB|)      :   0.00000000    0.00190795    0.00069838    0.00297725    0.00075660    0.00100835    0.00000000 
max(|Force|)     :   0.00008763    0.00176834    0.00119143    0.00296506    0.00574168    0.00247277    0.00027879 
ksp              :   0.02167785    0.03885120    0.07677759    0.10000000    0.10000000    0.01428091 
max(|step|)      :   0.00000000    0.00195166    0.00135615    0.00237618    0.00388132    0.00146493    0.00001764 
angle (deg.)     :    17.8787  56.6985  60.3955  66.5752  60.5471 
>
iteration       : 122
climbing        : no
zoom on         : no
nim             : 7
barrier         :   0.01686096 (image:  4) 
distance        :   0.00000000   10.55363159   16.47952640   19.48635017   21.78847168   24.08977103   40.32047676 
energy          : -2464.53048891  -2464.52828916  -2464.52505019  -2464.51792326  -2464.51362794  -2464.52969582  -2464.54816581 
max(|Fr_perp|)   :   0.00000000    0.00101613    0.00030188    0.00148454    0.00049509    0.00072997    0.00000000 
Fr_paral         :   0.00000000   -0.00033332   -0.00163627   -0.00498698    0.01578365    0.00446614    0.00000000 
max(|Fsp_paral|) :   0.00000000    0.00036976    0.00016620    0.00066358    0.00003088    0.00044798    0.00000000 
max(|Fsp_perp|)  :   0.00000000    0.00000000    0.00000000    0.00000000    0.00000000    0.00000000    0.00000000 
max(|FNEB|)      :   0.00000000    0.00100163    0.00030050    0.00148004    0.00049876    0.00072298    0.00000000 
max(|Force|)     :   0.00008763    0.00101876    0.00063235    0.00220742    0.00589911    0.00246258    0.00027879 
ksp              :   0.02174174    0.03903066    0.07707259    0.10000000    0.10000000    0.01423330 
max(|step|)      :   0.00000000    0.00378093    0.00401471    0.00690464    0.00756878    0.00398157    0.00037490 
angle (deg.)     :    17.8496  56.8053  60.5654  66.8184  60.4747 
>
iteration       : 123
climbing        : no
zoom on         : no
nim             : 7
barrier         :   0.01664150 (image:  4) 
distance        :   0.00000000   10.56668785   16.48005080   19.48961011   21.81527845   24.11713153   40.34874382 
energy          : -2464.53048891  -2464.52828560  -2464.52506492  -2464.51801174  -2464.51384741  -2464.52972452  -2464.54816581 
max(|Fr_perp|)   :   0.00000000    0.00265862    0.00102629    0.00076773    0.00091848    0.00072986    0.00000000 
Fr_paral         :   0.00000000   -0.00037574   -0.00160581   -0.00505569    0.01596893    0.00470698    0.00000000 
max(|Fsp_paral|) :   0.00000000    0.00020480    0.00021394    0.00026313    0.00089507    0.00038971    0.00000000 
max(|Fsp_perp|)  :   0.00000000    0.00000000    0.00000000    0.00000000    0.00000000    0.00000000    0.00000000 
max(|FNEB|)      :   0.00000000    0.00256165    0.00117095    0.00070146    0.00116755    0.00072496    0.00000000 
max(|Force|)     :   0.00008763    0.00269445    0.00097981    0.00229835    0.00619831    0.00239392    0.00027879 
ksp              :   0.02191587    0.03933384    0.07747860    0.10000000    0.10000000    0.01413395 
max(|step|)      :   0.00000000    0.00434493    0.00540172    0.00854226    0.00938584    0.00703660    0.00061978 
angle (deg.)     :    17.8448  56.9976  60.7743  67.1342  60.4186 
>
iteration       : 124
climbing        : no
zoom on         : no
nim             : 7
barrier         :   0.01656668 (image:  4) 
distance        :   0.00000000   10.56329437   16.48057317   19.49958481   21.83866151   24.14727668   40.38425560 
energy          : -2464.53048891  -2464.52829654  -2464.52509481  -2464.51808280  -2464.51392223  -2464.52973726  -2464.54816581 
max(|Fr_perp|)   :   0.00000000    0.00232669    0.00173556    0.00442816    0.00151324    0.00041127    0.00000000 
Fr_paral         :   0.00000000   -0.00040003   -0.00159738   -0.00528746    0.01595508    0.00456596    0.00000000 
max(|Fsp_paral|) :   0.00000000    0.00022781    0.00040242    0.00010564    0.00114643    0.00111308    0.00000000 
max(|Fsp_perp|)  :   0.00000000    0.00000000    0.00000000    0.00000000    0.00000000    0.00000000    0.00000000 
max(|FNEB|)      :   0.00000000    0.00221920    0.00200724    0.00442768    0.00153897    0.00099800    0.00000000 
max(|Force|)     :   0.00008763    0.00236480    0.00162371    0.00443840    0.00610385    0.00243571    0.00027879 
ksp              :   0.02191021    0.03930391    0.07739735    0.10000000    0.10000000    0.01408338 
max(|step|)      :   0.00000000    0.01590106    0.01934302    0.03084193    0.03474568    0.02676879    0.00270967 
angle (deg.)     :    17.8837  57.6911  61.5030  68.2222  60.2317 
>
iteration       : 125
climbing        : no
zoom on         : no
nim             : 7
barrier         :   0.01648658 (image:  4) 
distance        :   0.00000000   10.54434822   16.48455564   19.53993326   21.91479571   24.24872369   40.50854085 
energy          : -2464.53048891  -2464.52829211  -2464.52519899  -2464.51832446  -2464.51400233  -2464.52974487  -2464.54816581 
max(|Fr_perp|)   :   0.00000000    0.00382749    0.00145526    0.00711313    0.00275385    0.00099864    0.00000000 
Fr_paral         :   0.00000000   -0.00047052   -0.00157623   -0.00593468    0.01571421    0.00471064    0.00000000 
max(|Fsp_paral|) :   0.00000000    0.00019460    0.00092869    0.00176606    0.00154285    0.00243262    0.00000000 
max(|Fsp_perp|)  :   0.00000000    0.00000000    0.00000000    0.00000000    0.00000000    0.00000000    0.00000000 
max(|FNEB|)      :   0.00000000    0.00391835    0.00208150    0.00710266    0.00220491    0.00242866    0.00000000 
max(|Force|)     :   0.00008763    0.00387232    0.00136128    0.00712851    0.00695830    0.00241516    0.00027879 
ksp              :   0.02199230    0.03887758    0.07640554    0.10000000    0.10000000    0.01406168 
max(|step|)      :   0.00000000    0.03458711    0.03820374    0.06006275    0.06987029    0.05546305    0.00538235 
angle (deg.)     :    18.1849  59.0240  62.7183  70.2806  59.9449 
>
iteration       : 126
climbing        : no
zoom on         : no
nim             : 7
barrier         :   0.01675439 (image:  4) 
distance        :   0.00000000   10.47930363   16.50182783   19.63734133   22.04730505   24.43581422   40.74835862 
energy          : -2464.53048891  -2464.52820955  -2464.52534374  -2464.51849046  -2464.51373451  -2464.52968549  -2464.54816581 
max(|Fr_perp|)   :   0.00000000    0.00321511    0.00267501    0.01273085    0.00311382    0.00212807    0.00000000 
Fr_paral         :   0.00000000   -0.00051449   -0.00156124   -0.00870979    0.01453775    0.00491906    0.00000000 
max(|Fsp_paral|) :   0.00000000    0.00133753    0.00251642    0.00338145    0.00081081    0.00275068    0.00000000 
max(|Fsp_perp|)  :   0.00000000    0.00000000    0.00000000    0.00000000    0.00000000    0.00000000    0.00000000 
max(|FNEB|)      :   0.00000000    0.00364070    0.00437009    0.01271120    0.00295295    0.00289366    0.00000000 
max(|Force|)     :   0.00008763    0.00324920    0.00276773    0.01275351    0.00701896    0.00239826    0.00027879 
ksp              :   0.02224406    0.03763841    0.07445236    0.10000000    0.10000000    0.01431576 
max(|step|)      :   0.00000000    0.05043271    0.04824109    0.07478397    0.08857924    0.07135744    0.00698590 
angle (deg.)     :    18.8661  60.5855  64.1818  72.9226  59.6958 
>
iteration       : 127
climbing        : no
zoom on         : no
nim             : 7
barrier         :   0.01757822 (image:  4) 
distance        :   0.00000000   10.35727589   16.53727296   19.78172134   22.21449053   24.67811497   41.06362759 
energy          : -2464.53048891  -2464.52792991  -2464.52543585  -2464.51857293  -2464.51291069  -2464.52953934  -2464.54816581 
max(|Fr_perp|)   :   0.00000000    0.00320561    0.00149641    0.01217070    0.00477665    0.00175485    0.00000000 
Fr_paral         :   0.00000000   -0.00052138   -0.00154116   -0.00955421    0.01224508    0.00411664    0.00000000 
max(|Fsp_paral|) :   0.00000000    0.00374744    0.00323028    0.00596680    0.00116030    0.00147883    0.00000000 
max(|Fsp_perp|)  :   0.00000000    0.00000000    0.00000000    0.00000000    0.00000000    0.00000000    0.00000000 
max(|FNEB|)      :   0.00000000    0.00610464    0.00392986    0.01209842    0.00361635    0.00228353    0.00000000 
max(|Force|)     :   0.00008763    0.00329155    0.00166490    0.01222427    0.00522597    0.00259096    0.00027879 
ksp              :   0.02310199    0.03587153    0.07100949    0.10000000    0.10000000    0.01486176 
max(|step|)      :   0.00000000    0.05883456    0.05448288    0.08402207    0.10000000    0.08075073    0.00803599 
angle (deg.)     :    19.8127  62.2292  65.8810  75.9953  59.5044 
>
iteration       : 128
climbing        : no
zoom on         : no
nim             : 7
barrier         :   0.01907542 (image:  4) 
distance        :   0.00000000   10.20721627   16.58590875   19.96431067   22.42337890   24.97819792   41.45024287 
energy          : -2464.53048891  -2464.52733252  -2464.52540001  -2464.51822502  -2464.51141349  -2464.52926312  -2464.54816581 
max(|Fr_perp|)   :   0.00000000    0.00587975    0.00479603    0.01095343    0.00781645    0.00511978    0.00000000 
Fr_paral         :   0.00000000   -0.00045762   -0.00150289   -0.01035265    0.00941630    0.00322456    0.00000000 
max(|Fsp_paral|) :   0.00000000    0.00812445    0.00457107    0.00792728    0.00357729    0.00241569    0.00000000 
max(|Fsp_perp|)  :   0.00000000    0.00000000    0.00000000    0.00000000    0.00000000    0.00000000    0.00000000 
max(|FNEB|)      :   0.00000000    0.01044609    0.00601538    0.01103963    0.00507307    0.00510624    0.00000000 
max(|Force|)     :   0.00008763    0.00607235    0.00527085    0.01127918    0.00505782    0.00513819    0.00027879 
ksp              :   0.02490644    0.03400863    0.06788382    0.10000000    0.10000000    0.01579064 
max(|step|)      :   0.00000000    0.03605232    0.02076074    0.03810079    0.01750854    0.01762303    0.00000000 
angle (deg.)     :    20.3727  62.0409  64.8713  75.6752  59.2999 
>
iteration       : 129
climbing        : no
zoom on         : no
nim             : 7
barrier         :   0.01825496 (image:  4) 
distance        :   0.00000000   10.08872685   16.61747934   19.98433197   22.41334592   24.95175662   41.41332000 
energy          : -2464.53048891  -2464.52736563  -2464.52531505  -2464.51671441  -2464.51223394  -2464.52926477  -2464.54816581 
max(|Fr_perp|)   :   0.00000000    0.02133605    0.01256744    0.03691052    0.01069268    0.01306167    0.00000000 
Fr_paral         :   0.00000000   -0.00032992   -0.00160659   -0.00808909    0.00707272    0.00699583    0.00000000 
max(|Fsp_paral|) :   0.00000000    0.00529511    0.01114555    0.00922770    0.00442741    0.00531088    0.00000000 
max(|Fsp_perp|)  :   0.00000000    0.00000000    0.00000000    0.00000000    0.00000000    0.00000000    0.00000000 
max(|FNEB|)      :   0.00000000    0.02170203    0.02015871    0.03654799    0.01087652    0.01318675    0.00000000 
max(|Force|)     :   0.00008763    0.02130249    0.01253341    0.03675945    0.01081154    0.01314811    0.00027879 
ksp              :   0.02539827    0.03550799    0.07791054    0.10000000    0.10000000    0.01603519 
max(|step|)      :   0.00000000    0.02654660    0.02019101    0.01236978    0.01402436    0.00929517    0.00052188 
angle (deg.)     :    20.8646  61.7488  64.5571  75.4725  59.2194 
>
iteration       : 130
climbing        : no
zoom on         : no
nim             : 7
barrier         :   0.01757895 (image:  4) 
distance        :   0.00000000   10.00882507   16.64811123   19.97802432   22.41700035   24.94716767   41.40047207 
energy          : -2464.53048891  -2464.52787519  -2464.52541157  -2464.51789665  -2464.51290995  -2464.52943011  -2464.54816581 
max(|Fr_perp|)   :   0.00000000    0.01317898    0.00776750    0.02216059    0.00814562    0.01092688    0.00000000 
Fr_paral         :   0.00000000   -0.00039249   -0.00154840   -0.00360075    0.00594581    0.00650863    0.00000000 
max(|Fsp_paral|) :   0.00000000    0.00107118    0.00327675    0.00192239    0.00356951    0.00037147    0.00000000 
max(|Fsp_perp|)  :   0.00000000    0.00000000    0.00000000    0.00000000    0.00000000    0.00000000    0.00000000 
max(|FNEB|)      :   0.00000000    0.01368626    0.01001752    0.02210038    0.00670973    0.01093420    0.00000000 
max(|Force|)     :   0.00008763    0.01313881    0.00741331    0.02210744    0.00666956    0.01099437    0.00027879 
ksp              :   0.02338160    0.03599476    0.07446931    0.10000000    0.10000000    0.01542076 
max(|step|)      :   0.00000000    0.01531613    0.01237379    0.02533790    0.01465624    0.01564394    0.00019038 
angle (deg.)     :    21.0203  61.6853  63.9460  75.1550  59.1404 
>
iteration       : 131
climbing        : no
zoom on         : no
nim             : 7
barrier         :   0.01694175 (image:  4) 
distance        :   0.00000000   10.00404185   16.65868557   19.97866660   22.42320719   24.92656205   41.38196389 
energy          : -2464.53048891  -2464.52816303  -2464.52548781  -2464.51855325  -2464.51354716  -2464.52956219  -2464.54816581 
max(|Fr_perp|)   :   0.00000000    0.00701022    0.00407088    0.00987622    0.00756598    0.00344159    0.00000000 
Fr_paral         :   0.00000000   -0.00052076   -0.00145620   -0.00753141    0.00646302    0.00354772    0.00000000 
max(|Fsp_paral|) :   0.00000000    0.00424426    0.00013216    0.00034553    0.00224936    0.00251908    0.00000000 
max(|Fsp_perp|)  :   0.00000000    0.00000000    0.00000000    0.00000000    0.00000000    0.00000000    0.00000000 
max(|FNEB|)      :   0.00000000    0.00809661    0.00413145    0.00980347    0.00531663    0.00434837    0.00000000 
max(|Force|)     :   0.00008763    0.00706316    0.00433536    0.01060926    0.00509420    0.00338930    0.00027879 
ksp              :   0.02235581    0.03656743    0.07340604    0.10000000    0.10000000    0.01492302 
max(|step|)      :   0.00000000    0.00502575    0.00145925    0.00385705    0.00422566    0.00172516    0.00002212 
angle (deg.)     :    21.0040  61.6802  63.8880  75.0422  59.0964 
>
iteration       : 132
climbing        : no
zoom on         : no
nim             : 7
barrier         :   0.01679914 (image:  4) 
distance        :   0.00000000   10.02172622   16.65843247   19.97746330   22.42725877   24.92019787   41.37757117 
energy          : -2464.53048891  -2464.52821614  -2464.52550804  -2464.51869562  -2464.51368977  -2464.52956071  -2464.54816581 
max(|Fr_perp|)   :   0.00000000    0.00412416    0.00247464    0.00701046    0.00717946    0.00274459    0.00000000 
Fr_paral         :   0.00000000   -0.00052118   -0.00143976   -0.00725635    0.00680685    0.00374233    0.00000000 
max(|Fsp_paral|) :   0.00000000    0.00457116    0.00020837    0.00096170    0.00164387    0.00152297    0.00000000 
max(|Fsp_perp|)  :   0.00000000    0.00000000    0.00000000    0.00000000    0.00000000    0.00000000    0.00000000 
max(|FNEB|)      :   0.00000000    0.00587787    0.00258275    0.00699565    0.00553558    0.00329203    0.00000000 
max(|Force|)     :   0.00008763    0.00417725    0.00280155    0.00706193    0.00458589    0.00258838    0.00027879 
ksp              :   0.02217614    0.03668457    0.07318159    0.10000000    0.10000000    0.01497275 
max(|step|)      :   0.00000000    0.10000000    0.01913637    0.04179348    0.07614119    0.03236303    0.00146657 
angle (deg.)     :    20.5274  61.7700  62.9647  73.2009  58.4112 
>
iteration       : 133
climbing        : no
zoom on         : no
nim             : 7
barrier         :   0.01524749 (image:  4) 
distance        :   0.00000000   10.39173720   16.63997140   19.96443718   22.50016685   24.82090072   41.31443417 
energy          : -2464.53048891  -2464.52796518  -2464.52544471  -2464.51776068  -2464.51524141  -2464.52933650  -2464.54816581 
max(|Fr_perp|)   :   0.00000000    0.02108016    0.01201440    0.03385846    0.00830812    0.00388528    0.00000000 
Fr_paral         :   0.00000000   -0.00047367   -0.00143493   -0.00468240    0.01300520    0.00486985    0.00000000 
max(|Fsp_paral|) :   0.00000000    0.00230124    0.01283121    0.01292489    0.00849136    0.02429778    0.00000000 
max(|Fsp_perp|)  :   0.00000000    0.00000000    0.00000000    0.00000000    0.00000000    0.00000000    0.00000000 
max(|FNEB|)      :   0.00000000    0.02036017    0.01913251    0.03057007    0.00992637    0.02406306    0.00000000 
max(|Force|)     :   0.00008763    0.02129514    0.01240260    0.03366318    0.01075221    0.00391826    0.00027879 
ksp              :   0.02496386    0.03979378    0.08532553    0.10000000    0.10000000    0.01681894 
max(|step|)      :   0.00000000    0.03236449    0.03041300    0.04859412    0.01577894    0.03825060    0.00000000 
angle (deg.)     :    20.9449  61.2393  63.8118  72.4273  58.7120 
>
iteration       : 134
climbing        : no
zoom on         : no
nim             : 7
barrier         :   0.01538905 (image:  4) 
distance        :   0.00000000   10.37670843   16.66884250   19.91713583   22.46800818   24.87201127   41.32864633 
energy          : -2464.53048891  -2464.52800432  -2464.52542669  -2464.51839773  -2464.51509986  -2464.52962163  -2464.54816581 
max(|Fr_perp|)   :   0.00000000    0.02433535    0.01241951    0.03190145    0.00789431    0.00740872    0.00000000 
Fr_paral         :   0.00000000   -0.00058253   -0.00161917    0.00309282    0.01432138    0.00254160    0.00000000 
max(|Fsp_paral|) :   0.00000000    0.00114215    0.00478311    0.00304862    0.00564401    0.00408366    0.00000000 
max(|Fsp_perp|)  :   0.00000000    0.00000000    0.00000000    0.00000000    0.00000000    0.00000000    0.00000000 
max(|FNEB|)      :   0.00000000    0.02488389    0.01405954    0.03261828    0.00796300    0.00734601    0.00000000 
max(|Force|)     :   0.00008763    0.02439514    0.01283040    0.03158886    0.01027001    0.00738785    0.00027879 
ksp              :   0.02453062    0.03960546    0.08071302    0.10000000    0.10000000    0.01507212 
max(|step|)      :   0.00000000    0.01548436    0.00954905    0.01966348    0.00702408    0.00776897    0.00000594 
angle (deg.)     :    21.0760  61.0822  63.9368  72.1330  58.7602 
>
iteration       : 135
climbing        : no
zoom on         : no
nim             : 7
barrier         :   0.01542172 (image:  4) 
distance        :   0.00000000   10.37213839   16.67753302   19.90389147   22.45105288   24.87357179   41.32293149 
energy          : -2464.53048891  -2464.52847463  -2464.52555541  -2464.51953289  -2464.51506719  -2464.52974669  -2464.54816581 
max(|Fr_perp|)   :   0.00000000    0.00449004    0.00261563    0.00609334    0.00541589    0.00343809    0.00000000 
Fr_paral         :   0.00000000   -0.00054786   -0.00148644    0.00025892    0.01448764    0.00343922    0.00000000 
max(|Fsp_paral|) :   0.00000000    0.00404884    0.00223025    0.00693787    0.00457237    0.00347824    0.00000000 
max(|Fsp_perp|)  :   0.00000000    0.00000000    0.00000000    0.00000000    0.00000000    0.00000000    0.00000000 
max(|FNEB|)      :   0.00000000    0.00505362    0.00410263    0.00968529    0.00624934    0.00467659    0.00000000 
max(|Force|)     :   0.00008763    0.00454717    0.00296066    0.00606516    0.00935164    0.00323114    0.00027879 
ksp              :   0.02175519    0.03879150    0.07393851    0.10000000    0.10000000    0.01433151 
max(|step|)      :   0.00000000    0.00840724    0.00582765    0.01083248    0.00515429    0.00513266    0.00005389 
angle (deg.)     :    21.0324  61.1440  63.6730  71.9720  58.7442 
>
iteration       : 136
climbing        : no
zoom on         : no
nim             : 7
barrier         :   0.01547956 (image:  4) 
distance        :   0.00000000   10.38670925   16.67464761   19.91078053   22.43426957   24.85485772   41.30761931 
energy          : -2464.53048891  -2464.52846224  -2464.52556862  -2464.51950250  -2464.51500934  -2464.52973610  -2464.54816581 
max(|Fr_perp|)   :   0.00000000    0.00590517    0.00306766    0.00847968    0.00455363    0.00141469    0.00000000 
Fr_paral         :   0.00000000   -0.00049853   -0.00145942   -0.00424688    0.01436732    0.00452712    0.00000000 
max(|Fsp_paral|) :   0.00000000    0.00352616    0.00135781    0.00568717    0.00376165    0.00294886    0.00000000 
max(|Fsp_perp|)  :   0.00000000    0.00000000    0.00000000    0.00000000    0.00000000    0.00000000    0.00000000 
max(|FNEB|)      :   0.00000000    0.00755474    0.00364636    0.00998751    0.00532612    0.00292176    0.00000000 
max(|Force|)     :   0.00008763    0.00594145    0.00327398    0.00809653    0.00849785    0.00244602    0.00027879 
ksp              :   0.02178330    0.03860713    0.07387627    0.10000000    0.10000000    0.01437691 
max(|step|)      :   0.00000000    0.00434241    0.00118333    0.00770238    0.00814758    0.00293266    0.00004906 
angle (deg.)     :    21.0129  61.1910  63.4307  71.7070  58.7570 
>
iteration       : 137
climbing        : no
zoom on         : no
nim             : 7
barrier         :   0.01559518 (image:  4) 
distance        :   0.00000000   10.40549135   16.67343557   19.91792239   22.41089225   24.83337909   41.28945712 
energy          : -2464.53048891  -2464.52846280  -2464.52558085  -2464.51940768  -2464.51489373  -2464.52970663  -2464.54816581 
max(|Fr_perp|)   :   0.00000000    0.00661893    0.00343905    0.00994972    0.00340701    0.00327650    0.00000000 
Fr_paral         :   0.00000000   -0.00047398   -0.00143728   -0.00688429    0.01423923    0.00499731    0.00000000 
max(|Fsp_paral|) :   0.00000000    0.00309641    0.00010516    0.00400984    0.00257140    0.00181262    0.00000000 
max(|Fsp_perp|)  :   0.00000000    0.00000000    0.00000000    0.00000000    0.00000000    0.00000000    0.00000000 
max(|FNEB|)      :   0.00000000    0.00813700    0.00348692    0.01101863    0.00391569    0.00326363    0.00000000 
max(|Force|)     :   0.00008763    0.00659153    0.00367950    0.00927173    0.00734326    0.00331184    0.00027879 
ksp              :   0.02169270    0.03832446    0.07394989    0.10000000    0.10000000    0.01451453 
max(|step|)      :   0.00000000    0.02308534    0.00577213    0.02335106    0.03592517    0.00966670    0.00056047 
angle (deg.)     :    21.0677  61.2525  62.7276  70.6043  58.9020 
>
iteration       : 138
climbing        : no
zoom on         : no
nim             : 7
barrier         :   0.01629099 (image:  4) 
distance        :   0.00000000   10.50438021   16.67839470   19.94347762   22.31344751   24.75249584   41.22060066 
energy          : -2464.53048891  -2464.52849629  -2464.52558613  -2464.51923331  -2464.51419791  -2464.52966131  -2464.54816581 
max(|Fr_perp|)   :   0.00000000    0.00706216    0.00455831    0.00906671    0.00173165    0.00136311    0.00000000 
Fr_paral         :   0.00000000   -0.00037187   -0.00137016   -0.00778846    0.01310512    0.00425937    0.00000000 
max(|Fsp_paral|) :   0.00000000    0.00176970    0.00243828    0.00056740    0.00248939    0.00208177    0.00000000 
max(|Fsp_perp|)  :   0.00000000    0.00000000    0.00000000    0.00000000    0.00000000    0.00000000    0.00000000 
max(|FNEB|)      :   0.00000000    0.00793479    0.00623479    0.00921609    0.00381130    0.00188022    0.00000000 
max(|Force|)     :   0.00008763    0.00702300    0.00472401    0.00818360    0.00584093    0.00245773    0.00027879 
ksp              :   0.02100824    0.03708553    0.07218180    0.10000000    0.10000000    0.01457209 
max(|step|)      :   0.00000000    0.02626654    0.02235416    0.01861475    0.01649403    0.02527120    0.00059232 
angle (deg.)     :    21.4048  60.9764  62.0996  70.1058  58.7490 
>
iteration       : 139
climbing        : no
zoom on         : no
nim             : 7
barrier         :   0.01640054 (image:  4) 
distance        :   0.00000000   10.61151574   16.70276643   19.94439688   22.26160027   24.66833120   41.15383621 
energy          : -2464.53048891  -2464.52851955  -2464.52548603  -2464.51901247  -2464.51408837  -2464.52887164  -2464.54816581 
max(|Fr_perp|)   :   0.00000000    0.00577988    0.00902014    0.00925234    0.00440510    0.02615763    0.00000000 
Fr_paral         :   0.00000000   -0.00034378   -0.00135275   -0.01057637    0.01143224    0.00942762    0.00000000 
max(|Fsp_paral|) :   0.00000000    0.00156654    0.00303869    0.00208287    0.00320677    0.03737984    0.00000000 
max(|Fsp_perp|)  :   0.00000000    0.00000000    0.00000000    0.00000000    0.00000000    0.00000000    0.00000000 
max(|FNEB|)      :   0.00000000    0.00605011    0.01043692    0.00935244    0.00538413    0.03449793    0.00000000 
max(|Force|)     :   0.00008763    0.00581675    0.00926669    0.00947069    0.00619392    0.02611238    0.00027879 
ksp              :   0.02080708    0.03745392    0.07297837    0.10000000    0.10000000    0.01887495 
max(|step|)      :   0.00000000    0.00287141    0.00263761    0.00557942    0.00236328    0.01461309    0.00012646 
angle (deg.)     :    21.4119  60.9459  62.2967  70.1510  58.8650 
>
iteration       : 140
climbing        : no
zoom on         : no
nim             : 7
barrier         :   0.01633637 (image:  4) 
distance        :   0.00000000   10.59942271   16.70340674   19.93924837   22.26986978   24.70385391   41.17541480 
energy          : -2464.53048891  -2464.52853313  -2464.52553244  -2464.51917928  -2464.51415254  -2464.52954881  -2464.54816581 
max(|Fr_perp|)   :   0.00000000    0.00510813    0.00561617    0.00523452    0.00383969    0.01109251    0.00000000 
Fr_paral         :   0.00000000   -0.00034979   -0.00141440   -0.00783469    0.01178857    0.00656817    0.00000000 
max(|Fsp_paral|) :   0.00000000    0.00160263    0.00225946    0.00039198    0.00371755    0.00351056    0.00000000 
max(|Fsp_perp|)  :   0.00000000    0.00000000    0.00000000    0.00000000    0.00000000    0.00000000    0.00000000 
max(|FNEB|)      :   0.00000000    0.00535517    0.00665757    0.00525431    0.00559763    0.01109146    0.00000000 
max(|Force|)     :   0.00008763    0.00514552    0.00569484    0.00557212    0.00607227    0.01109147    0.00027879 
ksp              :   0.02077475    0.03730607    0.07230677    0.10000000    0.10000000    0.01517916 
max(|step|)      :   0.00000000    0.00673402    0.00483876    0.00699919    0.00431534    0.00747145    0.00018150 
angle (deg.)     :    21.4905  60.8775  62.2106  70.1308  58.8793 
>
iteration       : 141
climbing        : no
zoom on         : no
nim             : 7
barrier         :   0.01623120 (image:  4) 
distance        :   0.00000000   10.62646803   16.70939330   19.93983899   22.26798707   24.69965961   41.17153056 
energy          : -2464.53048891  -2464.52854913  -2464.52554674  -2464.51919057  -2464.51425771  -2464.52967848  -2464.54816581 
max(|Fr_perp|)   :   0.00000000    0.00264023    0.00231253    0.00343781    0.00395529    0.00352870    0.00000000 
Fr_paral         :   0.00000000   -0.00033243   -0.00143990   -0.00560379    0.01146937    0.00501536    0.00000000 
max(|Fsp_paral|) :   0.00000000    0.00148433    0.00258166    0.00080563    0.00374461    0.00234614    0.00000000 
max(|Fsp_perp|)  :   0.00000000    0.00000000    0.00000000    0.00000000    0.00000000    0.00000000    0.00000000 
max(|FNEB|)      :   0.00000000    0.00303053    0.00349680    0.00363890    0.00553627    0.00351846    0.00000000 
max(|Force|)     :   0.00008763    0.00267589    0.00232984    0.00404034    0.00590158    0.00354030    0.00027879 
ksp              :   0.02075580    0.03740372    0.07264788    0.10000000    0.10000000    0.01449370 
max(|step|)      :   0.00000000    0.03191366    0.02798810    0.01802308    0.02820567    0.01116921    0.00106749 
angle (deg.)     :    22.0017  60.3848  61.7653  70.1573  58.7907 
>
iteration       : 142
climbing        : no
zoom on         : no
nim             : 7
barrier         :   0.01561534 (image:  4) 
distance        :   0.00000000   10.75324492   16.74691345   19.92809596   22.26906438   24.67212766   41.14663317 
energy          : -2464.53048891  -2464.52853781  -2464.52546025  -2464.51896741  -2464.51487357  -2464.52968468  -2464.54816581 
max(|Fr_perp|)   :   0.00000000    0.00163552    0.00106374    0.00737852    0.00361252    0.00562921    0.00000000 
Fr_paral         :   0.00000000   -0.00029591   -0.00153237   -0.00006941    0.01000708    0.00288403    0.00000000 
max(|Fsp_paral|) :   0.00000000    0.00110509    0.00337607    0.00384831    0.00230741    0.00042612    0.00000000 
max(|Fsp_perp|)  :   0.00000000    0.00000000    0.00000000    0.00000000    0.00000000    0.00000000    0.00000000 
max(|FNEB|)      :   0.00000000    0.00165042    0.00356685    0.00711706    0.00358836    0.00562649    0.00000000 
max(|Force|)     :   0.00008763    0.00163467    0.00110642    0.00737650    0.00489031    0.00561942    0.00027879 
ksp              :   0.02124524    0.03898296    0.07640486    0.10000000    0.10000000    0.01463521 
max(|step|)      :   0.00000000    0.05450791    0.05538424    0.02624900    0.05841413    0.01377129    0.00180350 
angle (deg.)     :    23.0744  59.2527  61.2308  70.4038  58.5859 
>
iteration       : 143
climbing        : no
zoom on         : no
nim             : 7
barrier         :   0.01466207 (image:  4) 
distance        :   0.00000000   10.96923739   16.82492082   19.87792779   22.29930369   24.65556087   41.12454362 
energy          : -2464.53048891  -2464.52843871  -2464.52522039  -2464.51870353  -2464.51582683  -2464.52971884  -2464.54816581 
max(|Fr_perp|)   :   0.00000000    0.00422851    0.00158992    0.01495974    0.00378847    0.01017035    0.00000000 
Fr_paral         :   0.00000000   -0.00028101   -0.00161303    0.00542187    0.00846833    0.00176181    0.00000000 
max(|Fsp_paral|) :   0.00000000    0.00004038    0.00124231    0.00389338    0.00248292    0.00371305    0.00000000 
max(|Fsp_perp|)  :   0.00000000    0.00000000    0.00000000    0.00000000    0.00000000    0.00000000    0.00000000 
max(|FNEB|)      :   0.00000000    0.00420645    0.00172842    0.01468313    0.00498417    0.01017176    0.00000000 
max(|Force|)     :   0.00008763    0.00426099    0.00174270    0.01512181    0.00516951    0.01017071    0.00027879 
ksp              :   0.02258470    0.04233967    0.08234199    0.10000000    0.10000000    0.01472690 
max(|step|)      :   0.00000000    0.00489969    0.00818802    0.02854472    0.01896019    0.00425877    0.00020776 
angle (deg.)     :    23.0759  59.1560  61.1175  69.6519  58.5412 
>
iteration       : 144
climbing        : no
zoom on         : no
nim             : 7
barrier         :   0.01445701 (image:  4) 
distance        :   0.00000000   10.96756267   16.82660579   19.85409281   22.30065876   24.64145997   41.11170594 
energy          : -2464.53048891  -2464.52843633  -2464.52518341  -2464.51920669  -2464.51603189  -2464.52966317  -2464.54816581 
max(|Fr_perp|)   :   0.00000000    0.00688016    0.00854958    0.00992105    0.00741930    0.01331825    0.00000000 
Fr_paral         :   0.00000000   -0.00027197   -0.00141972   -0.00364892    0.01283673    0.00127573    0.00000000 
max(|Fsp_paral|) :   0.00000000    0.00048443    0.00331723    0.00072287    0.00392131    0.00823164    0.00000000 
max(|Fsp_perp|)  :   0.00000000    0.00000000    0.00000000    0.00000000    0.00000000    0.00000000    0.00000000 
max(|FNEB|)      :   0.00000000    0.00688689    0.01000201    0.00973221    0.00772259    0.01328752    0.00000000 
max(|Force|)     :   0.00008763    0.00687936    0.00877387    0.01031621    0.00741249    0.01331569    0.00027879 
ksp              :   0.02277804    0.04302861    0.08023577    0.10000000    0.10000000    0.01514053 
max(|step|)      :   0.00000000    0.01515521    0.02237672    0.01945578    0.03623025    0.01364377    0.00035650 
angle (deg.)     :    22.6152  59.6419  61.0174  68.4450  58.6543 
>
iteration       : 145
climbing        : no
zoom on         : no
nim             : 7
barrier         :   0.01515546 (image:  4) 
distance        :   0.00000000   10.91344153   16.79358674   19.86935484   22.26127638   24.63317611   41.09979343 
energy          : -2464.53048891  -2464.52849621  -2464.52533550  -2464.51914002  -2464.51533345  -2464.52985492  -2464.54816581 
max(|Fr_perp|)   :   0.00000000    0.00150238    0.00147463    0.01296066    0.00393365    0.00152020    0.00000000 
Fr_paral         :   0.00000000   -0.00029477   -0.00130517   -0.01205744    0.01624920    0.00405272    0.00000000 
max(|Fsp_paral|) :   0.00000000    0.00010074    0.00025453    0.00047288    0.00072520    0.00565086    0.00000000 
max(|Fsp_perp|)  :   0.00000000    0.00000000    0.00000000    0.00000000    0.00000000    0.00000000    0.00000000 
max(|FNEB|)      :   0.00000000    0.00150337    0.00148871    0.01294453    0.00417656    0.00541974    0.00000000 
max(|Force|)     :   0.00008763    0.00150177    0.00150071    0.01313068    0.00789198    0.00240622    0.00027879 
ksp              :   0.02183351    0.04060327    0.07739483    0.10000000    0.10000000    0.01376488 
max(|step|)      :   0.00000000    0.00220581    0.00217656    0.01818851    0.00746872    0.00392501    0.00015290 
angle (deg.)     :    22.6251  59.6687  61.1822  68.6261  58.6664 
>
iteration       : 146
climbing        : no
zoom on         : no
nim             : 7
barrier         :   0.01516268 (image:  4) 
distance        :   0.00000000   10.91614439   16.79338395   19.87898638   22.25596073   24.63334358   41.10186699 
energy          : -2464.53048891  -2464.52850168  -2464.52535576  -2464.51935796  -2464.51532623  -2464.52984005  -2464.54816581 
max(|Fr_perp|)   :   0.00000000    0.00109912    0.00073294    0.00223230    0.00134891    0.00275548    0.00000000 
Fr_paral         :   0.00000000   -0.00028332   -0.00139388   -0.00672265    0.01445327    0.00489760    0.00000000 
max(|Fsp_paral|) :   0.00000000    0.00001693    0.00112592    0.00124456    0.00001481    0.00516169    0.00000000 
max(|Fsp_perp|)  :   0.00000000    0.00000000    0.00000000    0.00000000    0.00000000    0.00000000    0.00000000 
max(|FNEB|)      :   0.00000000    0.00109924    0.00136550    0.00216907    0.00134852    0.00543231    0.00000000 
max(|Force|)     :   0.00008763    0.00109956    0.00093460    0.00437361    0.00638621    0.00327312    0.00027879 
ksp              :   0.02179546    0.04046844    0.07606914    0.10000000    0.10000000    0.01385137 
max(|step|)      :   0.00000000    0.00877698    0.01068011    0.00928247    0.01041741    0.00785792    0.00035983 
angle (deg.)     :    22.4364  59.9132  61.3478  68.7597  58.7016 
>
iteration       : 147
climbing        : no
zoom on         : no
nim             : 7
barrier         :   0.01537243 (image:  4) 
distance        :   0.00000000   10.88184532   16.77882385   19.89733320   22.25340205   24.63323576   41.10851736 
energy          : -2464.53048891  -2464.52851135  -2464.52539962  -2464.51931482  -2464.51511648  -2464.52979133  -2464.54816581 
max(|Fr_perp|)   :   0.00000000    0.00216337    0.00174521    0.00285205    0.00153344    0.00086997    0.00000000 
Fr_paral         :   0.00000000   -0.00028323   -0.00144267   -0.00462201    0.01347268    0.00450740    0.00000000 
max(|Fsp_paral|) :   0.00000000    0.00002790    0.00018821    0.00017251    0.00086536    0.00317827    0.00000000 
max(|Fsp_perp|)  :   0.00000000    0.00000000    0.00000000    0.00000000    0.00000000    0.00000000    0.00000000 
max(|FNEB|)      :   0.00000000    0.00217366    0.00187570    0.00289851    0.00182345    0.00320503    0.00000000 
max(|Force|)     :   0.00008763    0.00218558    0.00188036    0.00277695    0.00509422    0.00238306    0.00027879 
ksp              :   0.02157787    0.03979594    0.07542021    0.10000000    0.10000000    0.01408405 
max(|step|)      :   0.00000000    0.00309971    0.00487817    0.00376657    0.00574433    0.00430734    0.00011021 
angle (deg.)     :    22.5185  59.8716  61.3001  68.8606  58.6819 
>
iteration       : 148
climbing        : no
zoom on         : no
nim             : 7
barrier         :   0.01521601 (image:  4) 
distance        :   0.00000000   10.89428887   16.78355803   19.90025445   22.26069603   24.63279759   41.11094932 
energy          : -2464.53048891  -2464.52851111  -2464.52539405  -2464.51930294  -2464.51527289  -2464.52977836  -2464.54816581 
max(|Fr_perp|)   :   0.00000000    0.00139808    0.00123589    0.00095811    0.00160866    0.00300708    0.00000000 
Fr_paral         :   0.00000000   -0.00029352   -0.00145821   -0.00475875    0.01308024    0.00362583    0.00000000 
max(|Fsp_paral|) :   0.00000000    0.00000449    0.00036363    0.00056417    0.00042751    0.00169841    0.00000000 
max(|Fsp_perp|)  :   0.00000000    0.00000000    0.00000000    0.00000000    0.00000000    0.00000000    0.00000000 
max(|FNEB|)      :   0.00000000    0.00139811    0.00137918    0.00102046    0.00160988    0.00311271    0.00000000 
max(|Force|)     :   0.00008763    0.00139855    0.00159914    0.00199618    0.00481242    0.00300344    0.00027879 
ksp              :   0.02169834    0.04013518    0.07616297    0.10000000    0.10000000    0.01420273 
max(|step|)      :   0.00000000    0.00454791    0.00435365    0.00278543    0.00584251    0.00161046    0.00025471 
angle (deg.)     :    22.6190  59.7902  61.2321  68.8152  58.6444 
>
iteration       : 149
climbing        : no
zoom on         : no
nim             : 7
barrier         :   0.01507238 (image:  4) 
distance        :   0.00000000   10.91295647   16.79018173   19.89786652   22.26686067   24.63178625   41.11047104 
energy          : -2464.53048891  -2464.52850762  -2464.52538257  -2464.51931678  -2464.51541653  -2464.52979465  -2464.54816581 
max(|Fr_perp|)   :   0.00000000    0.00091186    0.00041133    0.00119074    0.00080650    0.00196950    0.00000000 
Fr_paral         :   0.00000000   -0.00029925   -0.00145794   -0.00532237    0.01331293    0.00383581    0.00000000 
max(|Fsp_paral|) :   0.00000000    0.00005586    0.00015101    0.00063135    0.00014958    0.00181730    0.00000000 
max(|Fsp_perp|)  :   0.00000000    0.00000000    0.00000000    0.00000000    0.00000000    0.00000000    0.00000000 
max(|FNEB|)      :   0.00000000    0.00094169    0.00041385    0.00135814    0.00076749    0.00231378    0.00000000 
max(|Force|)     :   0.00008763    0.00094584    0.00077510    0.00249431    0.00514712    0.00242673    0.00027879 
ksp              :   0.02183065    0.04049090    0.07671090    0.10000000    0.10000000    0.01414556 
max(|step|)      :   0.00000000    0.00194703    0.00233930    0.00294387    0.00455458    0.00258198    0.00022835 
angle (deg.)     :    22.6711  59.7682  61.2508  68.6522  58.6100 
>
iteration       : 150
climbing        : no
zoom on         : no
nim             : 7
barrier         :   0.01501342 (image:  4) 
distance        :   0.00000000   10.92172329   16.79299085   19.89757927   22.27427131   24.63110814   41.11243712 
energy          : -2464.53048891  -2464.52850837  -2464.52538435  -2464.51935949  -2464.51547549  -2464.52979583  -2464.54816581 
max(|Fr_perp|)   :   0.00000000    0.00049416    0.00033715    0.00156246    0.00063230    0.00063721    0.00000000 
Fr_paral         :   0.00000000   -0.00030483   -0.00143913   -0.00551172    0.01396661    0.00417380    0.00000000 
max(|Fsp_paral|) :   0.00000000    0.00010924    0.00007185    0.00021337    0.00073018    0.00128443    0.00000000 
max(|Fsp_perp|)  :   0.00000000    0.00000000    0.00000000    0.00000000    0.00000000    0.00000000    0.00000000 
max(|FNEB|)      :   0.00000000    0.00049323    0.00033180    0.00153438    0.00125439    0.00112310    0.00000000 
max(|Force|)     :   0.00008763    0.00049361    0.00053128    0.00282374    0.00576852    0.00240024    0.00027879 
ksp              :   0.02187262    0.04059995    0.07671680    0.10000000    0.10000000    0.01415476 
max(|step|)      :   0.00000000    0.00306544    0.00442772    0.00556529    0.00760775    0.00593152    0.00049345 
angle (deg.)     :    22.7221  59.8165  61.3630  68.2328  58.5877 
>
iteration       : 151
climbing        : no
zoom on         : no
nim             : 7
barrier         :   0.01512823 (image:  4) 
distance        :   0.00000000   10.92870397   16.79384507   19.90535947   22.27851076   24.62790798   41.11643637 
energy          : -2464.53048891  -2464.52851047  -2464.52539710  -2464.51941611  -2464.51536067  -2464.52976519  -2464.54816581 
max(|Fr_perp|)   :   0.00000000    0.00111121    0.00185021    0.00169060    0.00184223    0.00274127    0.00000000 
Fr_paral         :   0.00000000   -0.00031305   -0.00140762   -0.00592825    0.01497102    0.00492700    0.00000000 
max(|Fsp_paral|) :   0.00000000    0.00034101    0.00008518    0.00052368    0.00087169    0.00050265    0.00000000 
max(|Fsp_perp|)  :   0.00000000    0.00000000    0.00000000    0.00000000    0.00000000    0.00000000    0.00000000 
max(|FNEB|)      :   0.00000000    0.00110832    0.00188845    0.00166484    0.00184554    0.00274025    0.00000000 
max(|Force|)     :   0.00008763    0.00111065    0.00207870    0.00333420    0.00653582    0.00336379    0.00027879 
ksp              :   0.02177002    0.04029187    0.07587363    0.10000000    0.10000000    0.01430548 
max(|step|)      :   0.00000000    0.00368863    0.00411326    0.00520582    0.00996037    0.00620776    0.00048359 
angle (deg.)     :    22.7450  59.9245  61.5508  67.9624  58.5906 
>
iteration       : 152
climbing        : no
zoom on         : no
nim             : 7
barrier         :   0.01529420 (image:  4) 
distance        :   0.00000000   10.92129225   16.79179137   19.91984328   22.28267006   24.62935719   41.12628152 
energy          : -2464.53048891  -2464.52851680  -2464.52542472  -2464.51945723  -2464.51519471  -2464.52972948  -2464.54816581 
max(|Fr_perp|)   :   0.00000000    0.00112635    0.00054581    0.00106601    0.00136061    0.00368314    0.00000000 
Fr_paral         :   0.00000000   -0.00031370   -0.00140400   -0.00546837    0.01528227    0.00514396    0.00000000 
max(|Fsp_paral|) :   0.00000000    0.00049200    0.00025119    0.00083099    0.00059263    0.00215784    0.00000000 
max(|Fsp_perp|)  :   0.00000000    0.00000000    0.00000000    0.00000000    0.00000000    0.00000000    0.00000000 
max(|FNEB|)      :   0.00000000    0.00126498    0.00058525    0.00102642    0.00139670    0.00400054    0.00000000 
max(|Force|)     :   0.00008763    0.00112582    0.00065307    0.00278794    0.00650967    0.00421112    0.00027879 
ksp              :   0.02160500    0.03980065    0.07491686    0.10000000    0.10000000    0.01446891 
max(|step|)      :   0.00000000    0.00863215    0.00929175    0.01151624    0.02265664    0.01340070    0.00112960 
angle (deg.)     :    22.8551  60.1356  61.9857  67.6494  58.6206 
>
iteration       : 153
climbing        : no
zoom on         : no
nim             : 7
barrier         :   0.01560441 (image:  4) 
distance        :   0.00000000   10.89805658   16.79058746   19.95537722   22.29256738   24.63982723   41.15422210 
energy          : -2464.53048891  -2464.52852166  -2464.52546991  -2464.51949681  -2464.51488450  -2464.52968868  -2464.54816581 
max(|Fr_perp|)   :   0.00000000    0.00341639    0.00154284    0.00211356    0.00136458    0.00204602    0.00000000 
Fr_paral         :   0.00000000   -0.00033231   -0.00142221   -0.00432514    0.01496891    0.00479562    0.00000000 
max(|Fsp_paral|) :   0.00000000    0.00067169    0.00101020    0.00062642    0.00037210    0.00355025    0.00000000 
max(|Fsp_perp|)  :   0.00000000    0.00000000    0.00000000    0.00000000    0.00000000    0.00000000    0.00000000 
max(|FNEB|)      :   0.00000000    0.00377175    0.00223653    0.00227534    0.00152738    0.00331624    0.00000000 
max(|Force|)     :   0.00008763    0.00345408    0.00160237    0.00226797    0.00577175    0.00272120    0.00027879 
ksp              :   0.02134628    0.03894757    0.07339803    0.10000000    0.10000000    0.01461537 
max(|step|)      :   0.00000000    0.00817142    0.00774258    0.00889681    0.01404047    0.00949790    0.00092933 
angle (deg.)     :    23.0436  60.2062  62.2604  67.6469  58.6310 
>
iteration       : 154
climbing        : no
zoom on         : no
nim             : 7
barrier         :   0.01567996 (image:  4) 
distance        :   0.00000000   10.88394640   16.79646959   19.98046758   22.30406419   24.65387422   41.17891443 
energy          : -2464.53048891  -2464.52853812  -2464.52547288  -2464.51950638  -2464.51480895  -2464.52968285  -2464.54816581 
max(|Fr_perp|)   :   0.00000000    0.00202002    0.00434991    0.00098606    0.00113894    0.00074182    0.00000000 
Fr_paral         :   0.00000000   -0.00030998   -0.00142317   -0.00389179    0.01411675    0.00429725    0.00000000 
max(|Fsp_paral|) :   0.00000000    0.00029139    0.00115772    0.00008531    0.00097664    0.00359111    0.00000000 
max(|Fsp_perp|)  :   0.00000000    0.00000000    0.00000000    0.00000000    0.00000000    0.00000000    0.00000000 
max(|FNEB|)      :   0.00000000    0.00208480    0.00487651    0.00090075    0.00179021    0.00369559    0.00000000 
max(|Force|)     :   0.00008763    0.00200211    0.00467645    0.00187915    0.00549241    0.00239930    0.00027879 
ksp              :   0.02119715    0.03879108    0.07303762    0.10000000    0.10000000    0.01462663 
max(|step|)      :   0.00000000    0.00221473    0.00431984    0.00280975    0.00456646    0.00460961    0.00025853 
angle (deg.)     :    23.1622  60.1610  62.2910  67.7912  58.6402 
>
iteration       : 155
climbing        : no
zoom on         : no
nim             : 7
barrier         :   0.01558845 (image:  4) 
distance        :   0.00000000   10.88092349   16.80272334   19.98449919   22.30990489   24.66822057   41.19077542 
energy          : -2464.53048891  -2464.52854335  -2464.52548332  -2464.51950400  -2464.51490045  -2464.52972117  -2464.54816581 
max(|Fr_perp|)   :   0.00000000    0.00160253    0.00092743    0.00133899    0.00114438    0.00220379    0.00000000 
Fr_paral         :   0.00000000   -0.00030854   -0.00143820   -0.00433038    0.01351334    0.00377354    0.00000000 
max(|Fsp_paral|) :   0.00000000    0.00014509    0.00117641    0.00047569    0.00122963    0.00140474    0.00000000 
max(|Fsp_perp|)  :   0.00000000    0.00000000    0.00000000    0.00000000    0.00000000    0.00000000    0.00000000 
max(|FNEB|)      :   0.00000000    0.00161979    0.00145903    0.00145573    0.00197753    0.00219422    0.00000000 
max(|Force|)     :   0.00008763    0.00159053    0.00121060    0.00194807    0.00527237    0.00245401    0.00027879 
ksp              :   0.02123270    0.03889978    0.07342138    0.10000000    0.10000000    0.01443251 
max(|step|)      :   0.00000000    0.00733828    0.01028216    0.01050795    0.01257487    0.00946261    0.00119115 
angle (deg.)     :    23.5574  60.0444  62.4784  68.2091  58.6192 
>
iteration       : 156
climbing        : no
zoom on         : no
nim             : 7
barrier         :   0.01539248 (image:  4) 
distance        :   0.00000000   10.86873525   16.82272253   20.00176066   22.33420775   24.70912161   41.23015355 
energy          : -2464.53048891  -2464.52855831  -2464.52546765  -2464.51951181  -2464.51509643  -2464.52981579  -2464.54816581 
max(|Fr_perp|)   :   0.00000000    0.00111435    0.00133095    0.00104766    0.00204814    0.00234951    0.00000000 
Fr_paral         :   0.00000000   -0.00029491   -0.00143700   -0.00485292    0.01146784    0.00363414    0.00000000 
max(|Fsp_paral|) :   0.00000000    0.00063958    0.00053590    0.00115510    0.00160048    0.00388039    0.00000000 
max(|Fsp_perp|)  :   0.00000000    0.00000000    0.00000000    0.00000000    0.00000000    0.00000000    0.00000000 
max(|FNEB|)      :   0.00000000    0.00111658    0.00163022    0.00146420    0.00244911    0.00368309    0.00000000 
max(|Force|)     :   0.00008763    0.00111412    0.00156462    0.00215577    0.00487970    0.00245352    0.00027879 
ksp              :   0.02128824    0.03935932    0.07418321    0.10000000    0.10000000    0.01393571 
max(|step|)      :   0.00000000    0.00373760    0.00732078    0.00709687    0.01064709    0.00594153    0.00068355 
angle (deg.)     :    23.7951  59.9565  62.5574  68.4627  58.5223 
>
iteration       : 157
climbing        : no
zoom on         : no
nim             : 7
barrier         :   0.01517357 (image:  4) 
distance        :   0.00000000   10.86810782   16.83539598   20.00896686   22.35824258   24.72365578   41.24998341 
energy          : -2464.53048891  -2464.52856434  -2464.52543573  -2464.51954438  -2464.51531534  -2464.52983402  -2464.54816581 
max(|Fr_perp|)   :   0.00000000    0.00171467    0.00539501    0.00135501    0.00221040    0.00062997    0.00000000 
Fr_paral         :   0.00000000   -0.00029745   -0.00140251   -0.00473243    0.01056301    0.00435556    0.00000000 
max(|Fsp_paral|) :   0.00000000    0.00124682    0.00027871    0.00125712    0.00061042    0.00379591    0.00000000 
max(|Fsp_perp|)  :   0.00000000    0.00000000    0.00000000    0.00000000    0.00000000    0.00000000    0.00000000 
max(|FNEB|)      :   0.00000000    0.00205491    0.00551995    0.00191200    0.00240582    0.00374773    0.00000000 
max(|Force|)     :   0.00008763    0.00174920    0.00562127    0.00249056    0.00481757    0.00238232    0.00027879 
ksp              :   0.02141531    0.03997223    0.07491603    0.10000000    0.10000000    0.01388439 
max(|step|)      :   0.00000000    0.00292449    0.00906458    0.00921646    0.01665165    0.00876477    0.00096181 
angle (deg.)     :    24.0456  59.8468  62.5918  68.6433  58.3511 
>
iteration       : 158
climbing        : no
zoom on         : no
nim             : 7
barrier         :   0.01482475 (image:  4) 
distance        :   0.00000000   10.88048795   16.84902041   20.01314571   22.39421298   24.73231654   41.26999244 
energy          : -2464.53048891  -2464.52856879  -2464.52546046  -2464.51961722  -2464.51566416  -2464.52979642  -2464.54816581 
max(|Fr_perp|)   :   0.00000000    0.00165193    0.00059770    0.00220914    0.00217760    0.00273429    0.00000000 
Fr_paral         :   0.00000000   -0.00029757   -0.00137770   -0.00439704    0.01069797    0.00495260    0.00000000 
max(|Fsp_paral|) :   0.00000000    0.00134909    0.00050683    0.00104343    0.00162483    0.00058756    0.00000000 
max(|Fsp_perp|)  :   0.00000000    0.00000000    0.00000000    0.00000000    0.00000000    0.00000000    0.00000000 
max(|FNEB|)      :   0.00000000    0.00197139    0.00094638    0.00195816    0.00314135    0.00286530    0.00000000 
max(|Force|)     :   0.00008763    0.00168694    0.00093807    0.00179310    0.00454485    0.00359811    0.00027879 
ksp              :   0.02165691    0.04052736    0.07600125    0.10000000    0.10000000    0.01420406 
max(|step|)      :   0.00000000    0.00400126    0.00332969    0.00470331    0.00793382    0.00357867    0.00038879 
angle (deg.)     :    24.1037  59.8111  62.5981  68.4385  58.2966 
>
iteration       : 159
climbing        : no
zoom on         : no
nim             : 7
barrier         :   0.01471686 (image:  4) 
distance        :   0.00000000   10.89683462   16.85219060   20.01175793   22.40475517   24.73236045   41.27464774 
energy          : -2464.53048891  -2464.52856887  -2464.52545905  -2464.51968173  -2464.51577205  -2464.52980088  -2464.54816581 
max(|Fr_perp|)   :   0.00000000    0.00062364    0.00141156    0.00086688    0.00185561    0.00061684    0.00000000 
Fr_paral         :   0.00000000   -0.00029213   -0.00135216   -0.00391278    0.01220035    0.00443622    0.00000000 
max(|Fsp_paral|) :   0.00000000    0.00125680    0.00083444    0.00048586    0.00245861    0.00122108    0.00000000 
max(|Fsp_perp|)  :   0.00000000    0.00000000    0.00000000    0.00000000    0.00000000    0.00000000    0.00000000 
max(|FNEB|)      :   0.00000000    0.00123071    0.00178903    0.00116391    0.00303833    0.00119720    0.00000000 
max(|Force|)     :   0.00008763    0.00064786    0.00163104    0.00199810    0.00507751    0.00236718    0.00027879 
ksp              :   0.02174184    0.04075975    0.07609059    0.10000000    0.10000000    0.01420759 
max(|step|)      :   0.00000000    0.01292880    0.00514347    0.01329768    0.02427866    0.00529641    0.00085453 
angle (deg.)     :    24.0524  59.8223  62.5792  67.4366  58.2603 
>
iteration       : 160
climbing        : no
zoom on         : no
nim             : 7
barrier         :   0.01492824 (image:  4) 
distance        :   0.00000000   10.94982580   16.84831343   20.00594737   22.40285119   24.72398269   41.27230147 
energy          : -2464.53048891  -2464.52855504  -2464.52547301  -2464.51979861  -2464.51556067  -2464.52978293  -2464.54816581 
max(|Fr_perp|)   :   0.00000000    0.00133641    0.00177314    0.00229511    0.00519819    0.00366720    0.00000000 
Fr_paral         :   0.00000000   -0.00030469   -0.00134556   -0.00351225    0.01673885    0.00340398    0.00000000 
max(|Fsp_paral|) :   0.00000000    0.00004178    0.00081386    0.00196812    0.00277117    0.00205099    0.00000000 
max(|Fsp_perp|)  :   0.00000000    0.00000000    0.00000000    0.00000000    0.00000000    0.00000000    0.00000000 
max(|FNEB|)      :   0.00000000    0.00132049    0.00198558    0.00261515    0.00452792    0.00367223    0.00000000 
max(|Force|)     :   0.00008763    0.00136149    0.00175598    0.00250563    0.00987116    0.00367171    0.00027879 
ksp              :   0.02165896    0.04024002    0.07445010    0.10000000    0.10000000    0.01425619 
max(|step|)      :   0.00000000    0.00425758    0.01171006    0.00466560    0.01636251    0.00610592    0.00008385 
angle (deg.)     :    23.9482  59.9233  62.4795  66.9437  58.3551 
>
iteration       : 161
climbing        : no
zoom on         : no
nim             : 7
barrier         :   0.01533499 (image:  4) 
distance        :   0.00000000   10.96773580   16.84086899   20.01183265   22.37430863   24.72413726   41.26721045 
energy          : -2464.53048891  -2464.52853022  -2464.52540071  -2464.51974447  -2464.51515392  -2464.52983987  -2464.54816581 
max(|Fr_perp|)   :   0.00000000    0.00500804    0.01026494    0.00680984    0.00352650    0.00257372    0.00000000 
Fr_paral         :   0.00000000   -0.00030260   -0.00127789   -0.00495630    0.01723897    0.00359563    0.00000000 
max(|Fsp_paral|) :   0.00000000    0.00035440    0.00087818    0.00195661    0.00045677    0.00351524    0.00000000 
max(|Fsp_perp|)  :   0.00000000    0.00000000    0.00000000    0.00000000    0.00000000    0.00000000    0.00000000 
max(|FNEB|)      :   0.00000000    0.00503299    0.00994726    0.00642035    0.00317196    0.00374195    0.00000000 
max(|Force|)     :   0.00008763    0.00497265    0.00994205    0.00734496    0.00861165    0.00257932    0.00027879 
ksp              :   0.02149539    0.03986227    0.07305839    0.10000000    0.10000000    0.01380915 
max(|step|)      :   0.00000000    0.00461578    0.00688304    0.00533626    0.00603250    0.00393977    0.00018008 
angle (deg.)     :    23.9230  59.9744  62.4413  67.0932  58.3687 
>
iteration       : 162
climbing        : no
zoom on         : no
nim             : 7
barrier         :   0.01536784 (image:  4) 
distance        :   0.00000000   10.96016902   16.83853795   20.01842142   22.36557614   24.72270811   41.26556046 
energy          : -2464.53048891  -2464.52855471  -2464.52550348  -2464.51974802  -2464.51512106  -2464.52984356  -2464.54816581 
max(|Fr_perp|)   :   0.00000000    0.00038024    0.00187562    0.00168140    0.00138640    0.00134501    0.00000000 
Fr_paral         :   0.00000000   -0.00031207   -0.00136512   -0.00568780    0.01582753    0.00451832    0.00000000 
max(|Fsp_paral|) :   0.00000000    0.00072208    0.00050524    0.00124426    0.00036170    0.00416920    0.00000000 
max(|Fsp_perp|)  :   0.00000000    0.00000000    0.00000000    0.00000000    0.00000000    0.00000000    0.00000000 
max(|FNEB|)      :   0.00000000    0.00077415    0.00222622    0.00145542    0.00174811    0.00423395    0.00000000 
max(|Force|)     :   0.00008763    0.00041683    0.00191858    0.00343305    0.00712432    0.00236209    0.00027879 
ksp              :   0.02132738    0.03919660    0.07290278    0.10000000    0.10000000    0.01377942 
max(|step|)      :   0.00000000    0.00362078    0.00566683    0.00390642    0.00767260    0.00535031    0.00015477 
angle (deg.)     :    23.9726  59.9616  62.4587  67.4242  58.3360 
>
iteration       : 163
climbing        : no
zoom on         : no
nim             : 7
barrier         :   0.01523544 (image:  4) 
distance        :   0.00000000   10.94562118   16.84123586   20.02219760   22.36928037   24.71712174   41.26490428 
energy          : -2464.53048891  -2464.52855572  -2464.52548485  -2464.51970832  -2464.51525347  -2464.52979564  -2464.54816581 
max(|Fr_perp|)   :   0.00000000    0.00218499    0.00421392    0.00304367    0.00059474    0.00208537    0.00000000 
Fr_paral         :   0.00000000   -0.00031202   -0.00134540   -0.00526766    0.01434500    0.00477746    0.00000000 
max(|Fsp_paral|) :   0.00000000    0.00026405    0.00041298    0.00013964    0.00002781    0.00082618    0.00000000 
max(|Fsp_perp|)  :   0.00000000    0.00000000    0.00000000    0.00000000    0.00000000    0.00000000    0.00000000 
max(|FNEB|)      :   0.00000000    0.00232904    0.00419661    0.00307909    0.00060362    0.00208918    0.00000000 
max(|Force|)     :   0.00008763    0.00222179    0.00454523    0.00264507    0.00560422    0.00289316    0.00027879 
ksp              :   0.02141989    0.03956037    0.07368393    0.10000000    0.10000000    0.01409529 
max(|step|)      :   0.00000000    0.00129645    0.00231172    0.00169691    0.00129817    0.00188068    0.00000805 
angle (deg.)     :    23.9927  59.9596  62.4831  67.4942  58.3304 
>
iteration       : 164
climbing        : no
zoom on         : no
nim             : 7
barrier         :   0.01521453 (image:  4) 
distance        :   0.00000000   10.94365972   16.84212707   20.02392744   22.37130181   24.71688682   41.26691952 
energy          : -2464.53048891  -2464.52855983  -2464.52550005  -2464.51971533  -2464.51527437  -2464.52978946  -2464.54816581 
max(|Fr_perp|)   :   0.00000000    0.00099704    0.00130471    0.00146458    0.00043182    0.00068588    0.00000000 
Fr_paral         :   0.00000000   -0.00030340   -0.00136333   -0.00476296    0.01410414    0.00445724    0.00000000 
max(|Fsp_paral|) :   0.00000000    0.00027297    0.00055109    0.00006218    0.00006571    0.00031295    0.00000000 
max(|Fsp_perp|)  :   0.00000000    0.00000000    0.00000000    0.00000000    0.00000000    0.00000000    0.00000000 
max(|FNEB|)      :   0.00000000    0.00114573    0.00146785    0.00148021    0.00043291    0.00057475    0.00000000 
max(|Force|)     :   0.00008763    0.00103277    0.00164191    0.00210112    0.00534828    0.00236157    0.00027879 
ksp              :   0.02141123    0.03951109    0.07372996    0.10000000    0.10000000    0.01413748 
max(|step|)      :   0.00000000    0.00194829    0.00215740    0.00230366    0.00233597    0.00239032    0.00007969 
angle (deg.)     :    24.0453  59.9411  62.5156  67.6203  58.3188 
>
