 MPINFO::: Global Communicator        :::
 MPINFO::: Global Context =    0      :::
 MPINFO::: Global Size =      60      :::
 MPINFO::: Global Root =       0      :::
 MPINFO::: Global Rank =       0      :::
 version 2.68: slics foundation version
 ========================================================================
    Program: SEQQUEST - LCAO-PS-DFT electronic structure code
    Version:  2.68e     Last revised: 29Mar20-PAS
    Copyright 2007 Sandia Corporation.

    Written by Peter A. Schultz (Sandia National Laboratories)
    Based on a code originally written by Peter J. Feibelman

    Documentation:  http://www.cs.sandia.gov/~paschul/Quest/
               and  http://dft.sandia.gov/Quest/
    Questions, comments to:  paschul@sandia.gov
 ========================================================================
  Maximum dimension parameters for this run are:
  
   maxwkd (r8 workspace)   = 220000000
   maxr1d (grid dimension) =       600
  
   norbd (basis fcns) =      8500
   natmd (atoms)      =       650     ntypd (atom types) =         7
   nshld (shell/atm)  =         7     noad  (bf/atm)     =        21
   nald  (gauss/shell)=         6     nrd   (rad pts/atm)=       200
   nkd   (kpts/ibz)   =      2000     nsymd (sym/group)  =        48
   nimgd (NEB images) =        12
  
   nlatd (lattice images)=      2000
   neq3d (do not ask) =        14
   Default record length (r8) for i/o=   1000000
 ------------------------------------------------------------------------

 Before input     +    0.81 =       0.8 seconds wall (    0.29 usr    0.44 sys)
  
##### Run options:
 do setup                                                                        
 do iters                                                                        
 do force                                                                        
 do relax                                                                        
 do neb                                                                          
 setup data                                                                      
 >>>>> Options (set/scf/frc/relax/cell/neb/md)= T T T T F T F
 >>>>> use blas3= T
 >>>>> split basis = T
 >>>>> Output level set =           2
 >>>> do_bands, do_optic, do_nonscf= F F F
setup data:
functional
 PBE-SP
spin polarization
   2.00000000
 vdw_potential type, default=OFF 
   OFF   
dimension of system (0=cluster ... 3=bulk)
  0
 coordinates given in (lattice,cartesian):
  cartesian
 scalep: scale factor for problem
   1.00000000
 scalez factor: scale z-direction
   1.00000000
primitive lattice vectors
  60.00000000  0.00000000  0.00000000
   0.00000000 45.00000000  0.00000000
   0.00000000  0.00000000 60.00000000
 > Input Cell volume{bohr^3)=   162000.000000
grid dimensions
  200 150 200
 nearby option: 0=0,1=pt,2=wt
  2
atom types
  6
atom file
 O = O.atm
>>>>> atom type name=O           
type number, label:
  1 O                      
notes6
 notes for this atom file:
 Constructed by Peter A. Schultz, 17-January-2007
 Troullier/Martins-type ppot [N.Troullier,J.L.Martins, PRB 43,8861(1991)]
 generated by fhi98PP [M.Fuchs,M.Scheffler, Comput.Phys.Commun. 119,67(1999)]
 ppot: [He-core]s2p4, l=1; Rs=1.15, Rp=1.15
   NB: a middlin' hard T-M potential, without partial core correction
 basis: refined in H2O
mass
   1.59994000D+01
energy = E(H2O) - E(H2)
  -3.20919400D+01
effective nuclear charge (s2p4 to  9.0)
   6.00000000D+00
pseudopotentials: Lmax, and effective gaussian range
  1   5.87000000
functional type used in generating potential:
 PBE    = dft fcnal used to generate pot
radial mesh: number of points for local and non-local pot integrals
  80  59
mesh points for nuclear potential;  tm91fh
      0.01666667  0.01804829  0.01954444  0.02116462  0.02291911  0.02481905
      0.02687648  0.02910446  0.03151714  0.03412983  0.03695910  0.04002291
      0.04334070  0.04693352  0.05082419  0.05503737  0.05959982  0.06454048
      0.06989072  0.07568447  0.08195850  0.08875264  0.09610999  0.10407725
      0.11270497  0.12204790  0.13216534  0.14312149  0.15498587  0.16783378
      0.18174674  0.19681305  0.21312832  0.23079608  0.24992845  0.27064683
      0.29308272  0.31737848  0.34368829  0.37217912  0.40303175  0.43644199
      0.47262184  0.51180091  0.55422781  0.60017179  0.64992440  0.70380136
      0.76214458  0.82532429  0.89374143  0.96783016  1.04806065  1.13494203
      1.22902564  1.33090852  1.44123721  1.56071186  1.69009063  1.83019454
      1.98191269  2.14620786  2.32412265  2.51678610  2.72542082  2.95135079
      3.19600974  3.46095025  3.74785362  4.05854048  4.39498245  4.75931454
      5.15384877  5.58108881  6.04374589  6.54475598  7.08729845  7.67481621
      8.31103759  9.00000000
radwts: weights for radial points
      0.00132734  0.00143737  0.00155652  0.00168555  0.00182528  0.00197659
      0.00214045  0.00231788  0.00251003  0.00271810  0.00294343  0.00318743
      0.00345166  0.00373779  0.00404764  0.00438318  0.00474654  0.00514001
      0.00556610  0.00602752  0.00652718  0.00706827  0.00765421  0.00828872
      0.00897584  0.00971991  0.01052566  0.01139821  0.01234309  0.01336630
      0.01447433  0.01567421  0.01697356  0.01838063  0.01990433  0.02155435
      0.02334114  0.02527606  0.02737138  0.02964039  0.03209750  0.03475829
      0.03763966  0.04075988  0.04413877  0.04779775  0.05176005  0.05605082
      0.06069728  0.06572892  0.07117767  0.07707811  0.08346767  0.09038691
      0.09787974  0.10599371  0.11478030  0.12429527  0.13459901  0.14575690
      0.15783976  0.17092424  0.18509340  0.20043714  0.21705283  0.23504592
      0.25453058  0.27563048  0.29847949  0.32322263  0.35001691  0.37903236
      0.41045311  0.44447856  0.48132462  0.52122512  0.56443327  0.61122325
      0.66189199  0.71676104
non-local potential: l,potential*integration weight
  0   0.93730511  0.93554052  0.93361839  0.93153365  0.92928327  0.92686634
      0.92428390  0.92153850  0.91863349  0.91557199  0.91235563  0.90898303
      0.90544833  0.90173964  0.89783801  0.89371685  0.88934220  0.88467387
      0.87966724  0.87427564  0.86845278  0.86215507  0.85534357  0.84798554
      0.84005562  0.83153648  0.82241863  0.81269851  0.80237370  0.79143391
      0.77984650  0.76753677  0.75436432  0.74009742  0.72438611  0.70673257
      0.68645949  0.66269421  0.63442591  0.60072027  0.56103450  0.51518157
      0.46260034  0.40186561  0.33154312  0.25174338  0.16543037  0.07940357
      0.00465384 -0.04517076 -0.05908610 -0.03875595 -0.00829872  0.00001909
      0.00000545  0.00000199  0.00000064  0.00000018  0.00000004  0.00000000
      0.00000000  0.00000000  0.00000000  0.00000000  0.00000000  0.00000000
      0.00000000  0.00000000  0.00000000  0.00000000  0.00000000  0.00000000
      0.00000000  0.00000000  0.00000000  0.00000000  0.00000000  0.00000000
      0.00000000  0.00000000
non-local potential: l,potential*integration weight
  1   0.90370413  0.89915413  0.89421569  0.88886460  0.88307711  0.87682988
      0.87009965  0.86286267  0.85509381  0.84676537  0.83784560  0.82829704
      0.81807474  0.80712459  0.79538197  0.78277097  0.76920439  0.75458466
      0.73880543  0.72175375  0.70331247  0.68336251  0.66178511  0.63846390
      0.61328705  0.58614966  0.55695625  0.52562300  0.49207935  0.45626822
      0.41814517  0.37767819  0.33485145  0.28967777  0.24222327  0.19264571
      0.14124931  0.08857314  0.03556416 -0.01609767 -0.06361358 -0.10313288
     -0.13071331 -0.14337790 -0.13932187 -0.11803667 -0.08124130 -0.03422899
      0.01331497  0.04813719  0.05745893  0.03806545  0.00846852  0.00000828
      0.00000560  0.00000199  0.00000064  0.00000018  0.00000004  0.00000000
      0.00000000  0.00000000  0.00000000  0.00000000  0.00000000  0.00000000
      0.00000000  0.00000000  0.00000000  0.00000000  0.00000000  0.00000000
      0.00000000  0.00000000  0.00000000  0.00000000  0.00000000  0.00000000
      0.00000000  0.00000000

 For atom type  1, l= 1 potential used as local nuclear potential
number of radial functions  ****  O/pbe   - by Peter Schultz / 17Jan07 ****
  5
angular momentum, number of alphas
  0  5
alphas - s - 5s/2/5s284 Eopt(flat) + check (c1)
   2.40227000D-01  6.83348000D-01  1.98182200D+00  3.96390000D+00
   7.92780000D+00
wave function coefficients
   3.33034000D-01  1.10004600D+00  1.16492600D+00 -1.95149900D+00
   6.44755000D-01
angular momentum, number of alphas
  1  4
alphas - p - 4p/2/4p563 Eopt + reopt(c1)
   1.29289000D-01  4.02185000D-01  1.18213300D+00  3.84037500D+00
wave function coefficients
   5.93100000D-02  3.75369000D-01  1.45605400D+00  3.86770800D+00
angular momentum, number of alphas
  0  1
alphas - s - second zeta s polarization
   2.40227000D-01
wave function coefficients
   1.00000000D+00
angular momentum, number of alphas
  1  1
alphas - p - second zeta p polarization
   1.29289000D-01
wave function coefficients
   1.00000000D+00
angular momentum, number of alphas
  2  2
alphas
   2.50000000D-01  1.20000000D+00
wave function coefficients
   1.17200000D-01  1.00000000D+00
shell occupancies for oxygen, O s(2.0)p(4.5)p'(-0.5), -0.5 pseudoion (H2O)
      2.00000000  4.50000000  0.00000000 -0.50000000  0.00000000
end atom file
atom file
 H = H.atm
>>>>> atom type name=H           
type number, label:
  2 H                      
notes3
 notes for this atom file:
 bare nuclear potential
 generated March-2001, by Peter A. Schultz
 Changed to triple-zeta s (to recover double-zeta, remove third zeta)
mass
   1.00079000D+00
energy = E(H2)/2
  -1.16555500D+00
effective nuclear charge (s1 to 10.0)
   1.00000000D+00
pseudopotentials: Lmax, and effective gaussian range
 -1   1.71000000
radial mesh: number of points for local and non-local pot integrals
 100  80
mesh points for nuclear potential
      0.00200000  0.00217968  0.00237551  0.00258893  0.00282152  0.00307501
      0.00335127  0.00365236  0.00398049  0.00433810  0.00472785  0.00515260
      0.00561552  0.00612003  0.00666986  0.00726909  0.00792215  0.00863389
      0.00940957  0.01025494  0.01117626  0.01218036  0.01327466  0.01446727
      0.01576703  0.01718357  0.01872736  0.02040986  0.02224351  0.02424190
      0.02641983  0.02879343  0.03138027  0.03419952  0.03727205  0.04062063
      0.04427005  0.04824734  0.05258195  0.05730599  0.06245444  0.06806544
      0.07418054  0.08084503  0.08810827  0.09602405  0.10465099  0.11405299
      0.12429968  0.13546694  0.14763749  0.16090146  0.17535709  0.19111143
      0.20828116  0.22699345  0.24738688  0.26961248  0.29383487  0.32023343
      0.34900367  0.38035868  0.41453067  0.45177272  0.49236064  0.53659505
      0.58480355  0.63734316  0.69460302  0.75700718  0.82501783  0.89913865
      0.97991859  1.06795593  1.16390267  1.26846941  1.38243058  1.50663019
      1.64198808  1.78950672  1.95027865  2.12549457  2.31645214  2.52456563
      2.75137635  2.99856407  3.26795950  3.56155782  3.88153345  4.23025616
      4.61030863  5.02450558  5.47591460  5.96787887  6.50404194  7.08837469
      7.72520477  8.41924860  9.17564635 10.00000000
radwts: weights for radial points
      0.00017206  0.00018752  0.00020437  0.00022273  0.00024274  0.00026455
      0.00028832  0.00031422  0.00034245  0.00037322  0.00040675  0.00044329
      0.00048312  0.00052652  0.00057382  0.00062538  0.00068156  0.00074279
      0.00080953  0.00088226  0.00096152  0.00104790  0.00114205  0.00124465
      0.00135647  0.00147834  0.00161116  0.00175591  0.00191366  0.00208559
      0.00227296  0.00247716  0.00269972  0.00294226  0.00320660  0.00349468
      0.00380865  0.00415083  0.00452374  0.00493016  0.00537310  0.00585582
      0.00638192  0.00695528  0.00758015  0.00826117  0.00900336  0.00981224
      0.01069378  0.01165453  0.01270159  0.01384272  0.01508637  0.01644175
      0.01791890  0.01952876  0.02128325  0.02319537  0.02527928  0.02755040
      0.03002557  0.03272311  0.03566301  0.03886703  0.04235890  0.04616448
      0.05031197  0.05483207  0.05975826  0.06512703  0.07097814  0.07735492
      0.08430461  0.09187866  0.10013317  0.10912928  0.11893362  0.12961879
      0.14126394  0.15395530  0.16778687  0.18286109  0.19928960  0.21719407
      0.23670711  0.25797323  0.28114992  0.30640885  0.33393707  0.36393847
      0.39663525  0.43226954  0.47110528  0.51343007  0.55955739  0.60982886
      0.66461678  0.72432694  0.78940154  0.86032254
number of radial functions  **** H PBE bare-core basis 11Apr01-PAS ****
  4
angular momentum, number of alphas
  0  5
alphas - s - Ham-II/PBE/4s408 + a5(19.22) + full recontract in H2
   1.02474000D-01  3.72304000D-01  1.23085800D+00  4.78332400D+00
   1.92200000D+01
wave function coefficients
   1.04060000D-01  4.80100000D-01  5.85350000D-01  3.97563000D-01
   2.69130000D-01
angular momentum, number of alphas
  0  2
alphas - s - second zeta s polarization (H2O Eopt)
   1.02474000D-01  3.72304000D-01
wave function coefficients
   7.52810000D-02  1.20939000D-01
angular momentum, number of alphas
  0  1
alphas - s - third zeta s polarization (H2O Eopt)
   1.02474000D-01
wave function coefficients
   1.00000000D+00
angular momentum, number of alphas
  1  1
alphas - p - angular polarization (dzp Eopt H2)
   1.10000000D+00
wave function coefficients
   1.00000000D+00
shell occupancies for hydrogen, H: s(1.00)p(0.00)
      1.00000000  0.00000000  0.00000000  0.00000000
end atom file
atom file
 C = C.atm
>>>>> atom type name=C           
type number, label:
  3 C                      
notes5
 notes for this atom file:
 Constructed by Peter A. Schultz, 4-January-2007
 Hamann-type ppot [D.R. Hamann,  PRB 40, 2980 (1989)]
 generated by fhi98PP [M.Fuchs,M.Scheffler, Comput.Phys.Commun. 119,67(1999)]
 ppot: [He-core]s2p2, l=1; Def: Rs=0.73, Rp=0.48
 basis: refined in 4-lyr Td(111) slab
energy - Td/16^3/k8^3/pbe
  -1.13937680D+01
effective nuclear charge (s2p2 to  9.0)
   4.00000000D+00
pseudopotentials: Lmax, and effective gaussian range
  1   3.69000000
functional type used in generating potential:
 PBE    = dft fcnal used to generate pot
radial mesh: number of points for local and non-local pot integrals
 120 102
mesh points for nuclear potential;  ham1fh
      0.02500000  0.02626767  0.02759962  0.02899911  0.03046956  0.03201457
      0.03363793  0.03534360  0.03713576  0.03901879  0.04099731  0.04307615
      0.04526040  0.04755541  0.04996679  0.05250045  0.05516258  0.05795969
      0.06089864  0.06398662  0.06723117  0.07064025  0.07422219  0.07798576
      0.08194016  0.08609508  0.09046069  0.09504766  0.09986722  0.10493116
      0.11025188  0.11584240  0.12171640  0.12788824  0.13437304  0.14118667
      0.14834579  0.15586793  0.16377149  0.17207581  0.18080122  0.18996907
      0.19960179  0.20972295  0.22035733  0.23153093  0.24327112  0.25560662
      0.26856761  0.28218580  0.29649454  0.31152882  0.32732544  0.34392306
      0.36136229  0.37968581  0.39893845  0.41916733  0.44042196  0.46275433
      0.48621912  0.51087372  0.53677848  0.56399679  0.59259525  0.62264384
      0.65421610  0.68738929  0.72224459  0.75886729  0.79734700  0.83777790
      0.88025891  0.92489401  0.97179240  1.02106886  1.07284397  1.12724443
      1.18440337  1.24446064  1.30756323  1.37386555  1.44352985  1.51672659
      1.59363491  1.67444300  1.75934861  1.84855951  1.94229400  2.04078147
      2.14426292  2.25299158  2.36723353  2.48726831  2.61338967  2.74590624
      2.88514230  3.03143856  3.18515304  3.34666189  3.51636033  3.69466363
      3.88200811  4.07885224  4.28567769  4.50299059  4.73132273  4.97123286
      5.22330806  5.48816518  5.76645235  6.05885056  6.36607535  6.68887851
      7.02804998  7.38441975  7.75885988  8.15228666  8.56566284  9.00000000
radwts: weights for radial points
      0.00123658  0.00129928  0.00136516  0.00143438  0.00150712  0.00158354
      0.00166383  0.00174820  0.00183685  0.00192999  0.00202785  0.00213068
      0.00223872  0.00235224  0.00247151  0.00259683  0.00272851  0.00286686
      0.00301223  0.00316497  0.00332546  0.00349408  0.00367126  0.00385741
      0.00405301  0.00425853  0.00447446  0.00470135  0.00493974  0.00519022
      0.00545340  0.00572992  0.00602047  0.00632574  0.00664650  0.00698352
      0.00733764  0.00770970  0.00810064  0.00851140  0.00894298  0.00939645
      0.00987291  0.01037354  0.01089955  0.01145223  0.01203293  0.01264309
      0.01328418  0.01395777  0.01466553  0.01540917  0.01619052  0.01701149
      0.01787408  0.01878042  0.01973272  0.02073330  0.02178462  0.02288924
      0.02404988  0.02526938  0.02655071  0.02789701  0.02931157  0.03079787
      0.03235953  0.03400038  0.03572443  0.03753590  0.03943922  0.04143906
      0.04354030  0.04574809  0.04806782  0.05050519  0.05306614  0.05575696
      0.05858421  0.06155483  0.06467608  0.06795559  0.07140140  0.07502194
      0.07882606  0.08282307  0.08702276  0.09143541  0.09607180  0.10094329
      0.10606180  0.11143986  0.11709061  0.12302790  0.12926625  0.13582092
      0.14270796  0.14994422  0.15754741  0.16553613  0.17392994  0.18274936
      0.19201600  0.20175251  0.21198273  0.22273169  0.23402570  0.24589238
      0.25836079  0.27146144  0.28522637  0.29968928  0.31488556  0.33085239
      0.34762885  0.36525599  0.38377694  0.40323704  0.42368389  0.44516753
non-local potential: l,potential*integration weight
  0   0.39100562  0.39067485  0.39033823  0.38999879  0.38965989  0.38932513
      0.38899826  0.38868306  0.38838318  0.38810195  0.38784228  0.38760641
      0.38739580  0.38721103  0.38705165  0.38691622  0.38680233  0.38670670
      0.38662533  0.38655366  0.38648687  0.38641999  0.38634820  0.38626692
      0.38617198  0.38605973  0.38592700  0.38577121  0.38559025  0.38538253
      0.38514689  0.38488257  0.38458924  0.38426700  0.38391647  0.38353887
      0.38313623  0.38271151  0.38226892  0.38181401  0.38135384  0.38089688
      0.38045258  0.38003039  0.37963798  0.37927841  0.37894605  0.37862117
      0.37826346  0.37780501  0.37714366  0.37613777  0.37460355  0.37231704
      0.36902414  0.36446416  0.35841004  0.35071546  0.34133721  0.33029683
      0.31759520  0.30316280  0.28690443  0.26875136  0.24853666  0.22574940
      0.19972621  0.17051836  0.13937240  0.10806813  0.07821470  0.05122470
      0.02840362  0.01081157 -0.00100516 -0.00724855 -0.00892743 -0.00764520
     -0.00514007 -0.00276292 -0.00116667 -0.00036807 -0.00007497 -0.00000151
      0.00000748  0.00000523  0.00000292  0.00000155  0.00000081  0.00000043
      0.00000024  0.00000016  0.00000011  0.00000009  0.00000008  0.00000006
      0.00000005  0.00000005  0.00000004  0.00000004  0.00000003  0.00000003
      0.00000000  0.00000000  0.00000000  0.00000000  0.00000000  0.00000000
      0.00000000  0.00000000  0.00000000  0.00000000  0.00000000  0.00000000
      0.00000000  0.00000000  0.00000000  0.00000000  0.00000000  0.00000000
non-local potential: l,potential*integration weight
  1   0.36560952  0.36397730  0.36227137  0.36049107  0.35863582  0.35670508
      0.35469817  0.35261419  0.35045178  0.34820898  0.34588303  0.34347014
      0.34096535  0.33836235  0.33565334  0.33282903  0.32987859  0.32678968
      0.32354862  0.32014045  0.31654911  0.31275762  0.30874814  0.30450211
      0.30000028  0.29522270  0.29014867  0.28475665  0.27902413  0.27292752
      0.26644201  0.25954147  0.25219842  0.24438401  0.23606814  0.22721973
      0.21780705  0.20779831  0.19716246  0.18587019  0.17389525  0.16121597
      0.14781711  0.13369188  0.11884413  0.10329073  0.08706409  0.07021525
      0.05281777  0.03497339  0.01682028 -0.00145547 -0.01960454 -0.03729507
     -0.05408874 -0.06941146 -0.08252221 -0.09249895 -0.09828416 -0.09883540
     -0.09337182 -0.08162950 -0.06406125 -0.04206903 -0.01838077  0.00287418
      0.01747263  0.02350852  0.02232316  0.01698540  0.01056097  0.00526361
      0.00203413  0.00063797  0.00029470  0.00031888  0.00036305  0.00033630
      0.00025811  0.00017000  0.00009990  0.00005521  0.00003035  0.00001705
      0.00000966  0.00000539  0.00000293  0.00000155  0.00000081  0.00000043
      0.00000024  0.00000016  0.00000011  0.00000009  0.00000008  0.00000006
      0.00000005  0.00000005  0.00000004  0.00000004  0.00000003  0.00000003
      0.00000000  0.00000000  0.00000000  0.00000000  0.00000000  0.00000000
      0.00000000  0.00000000  0.00000000  0.00000000  0.00000000  0.00000000
      0.00000000  0.00000000  0.00000000  0.00000000  0.00000000  0.00000000

 For atom type  3, l= 1 potential used as local nuclear potential
number of radial functions  ****  C/pbe  basis - by Peter Schultz -  8Jan07 ****
  5
angular momentum, number of alphas
  0  5
alphas - s - 5s/2/5s312 Eopt + reopt(c2,c1)
   1.55830000D-01  4.58320000D-01  1.40253800D+00  2.80520000D+00
   5.61040000D+00
wave function coefficients
   2.61700000D-01  7.05480000D-01  3.62537000D-01 -1.29642800D+00
   4.50261000D-01
angular momentum, number of alphas
  1  4
alphas - p - 4p/2/4p361 Eopt + reopt(c1)
   1.43749000D-01  4.89605000D-01  1.38713100D+00  4.55300700D+00
wave function coefficients
   8.49200000D-02  5.16452000D-01  1.01732000D+00  1.69318600D+00
angular momentum, number of alphas
  0  1
alphas - p - second zeta p polarization
   1.55830000D-01
wave function coefficients
   1.00000000D+00
angular momentum, number of alphas
  1  1
alphas - p - second zeta p polarization
   1.43749000D-01
wave function coefficients
   1.00000000D+00
angular momentum, number of alphas
  2  1
alphas - d - angular polarization (dzp Eopt)
   7.30000000D-01
wave function coefficients
   1.00000000D+00
shell occupation numbers for C, carbon - s(2.00)p(2.00)
      2.00000000  2.00000000  0.00000000  0.00000000  0.00000000
end atom file
atom file
 Pt = Pt.atm
>>>>> atom type name=Pt          
type number, label:
  4 Pt                     
notes7
 notes for this atom file:
 Constructed by Peter A. Schultz, 15-December-2006 (cosmetics: 17Sep07)
 Hamann-type ppot [D.R. Hamann,  PRB 40, 2980 (1989)]
 generated by fhi98PP [M.Fuchs,M.Scheffler, Comput.Phys.Commun. 119,67(1999)]
 ppot: [p6-core]d9s0.5[+0.5],l=2,Rp0=1.65,Rpc=NONE; Def: Rs=1.39,Rd=0.76
   NB: semicore p6 is CORE, and NO partial core, with Rp-opted p0-potl
 basis: refined in fcc(111) slab, pp/bas checked hcp v fcc, oxides
   NB: 2p/1p->2p/2p and to /3d are most important available basis upgrades
energy = fcc/24^3/k16^3/uc/pbe
  -5.27160690D+01
effective nuclear charge (d9s0.5[+0.5], Rp0=1.65,Rpc=NONE to 11.0)
   1.00000000D+01
pseudopotentials: Lmax, and effective gaussian range
  2   0.96000000
functional type used in generating potential:
 PBE    = dft fcnal used to generate pot
radial mesh: number of points for local and non-local pot integrals
 120 110
mesh points for nuclear potential;  ham1fh
      0.01000000  0.01060615  0.01124905  0.01193092  0.01265411  0.01342115
      0.01423467  0.01509751  0.01601266  0.01698327  0.01801272  0.01910456
      0.02026260  0.02149082  0.02279349  0.02417513  0.02564052  0.02719473
      0.02884314  0.03059148  0.03244580  0.03441251  0.03649844  0.03871081
      0.04105728  0.04354598  0.04618553  0.04898509  0.05195434  0.05510357
      0.05844369  0.06198628  0.06574360  0.06972868  0.07395531  0.07843814
      0.08319269  0.08823545  0.09358388  0.09925650  0.10527297  0.11165413
      0.11842209  0.12560029  0.13321360  0.14128839  0.14985264  0.15893602
      0.16856998  0.17878792  0.18962522  0.20111942  0.21331035  0.22624024
      0.23995388  0.25449878  0.26992532  0.28628694  0.30364034  0.32204561
      0.34156653  0.36227072  0.38422989  0.40752014  0.43222212  0.45842143
      0.48620882  0.51568056  0.54693873  0.58009163  0.61525411  0.65254797
      0.69210242  0.73405447  0.77854946  0.82574154  0.87579418  0.92888078
      0.98518524  1.04490262  1.10823979  1.17541617  1.24666447  1.32223152
      1.40237909  1.48738483  1.57754323  1.67316662  1.77458626  1.88215348
      1.99624093  2.11724384  2.24558139  2.38169816  2.52606571  2.67918415
      2.84158392  3.01382762  3.19651193  3.39026973  3.59577222  3.81373133
      4.04490212  4.29008541  4.55013058  4.82593849  5.11846459  5.42872228
      5.75778636  6.10679679  6.47696261  6.86956618  7.28596756  7.72760928
      8.19602127  8.69282624  9.21974523  9.77860361 10.37133741 11.00000000
radwts: weights for radial points
      0.00058849  0.00062416  0.00066200  0.00070213  0.00074469  0.00078982
      0.00083770  0.00088848  0.00094233  0.00099945  0.00106004  0.00112429
      0.00119244  0.00126472  0.00134138  0.00142269  0.00150893  0.00160039
      0.00169740  0.00180029  0.00190941  0.00202515  0.00214791  0.00227810
      0.00241619  0.00256265  0.00271799  0.00288274  0.00305748  0.00324281
      0.00343937  0.00364785  0.00386896  0.00410348  0.00435222  0.00461603
      0.00489583  0.00519259  0.00550734  0.00584117  0.00619524  0.00657077
      0.00696906  0.00739149  0.00783953  0.00831472  0.00881872  0.00935327
      0.00992022  0.01052154  0.01115931  0.01183574  0.01255316  0.01331408
      0.01412112  0.01497707  0.01588491  0.01684778  0.01786902  0.01895216
      0.02010095  0.02131937  0.02261166  0.02398227  0.02543596  0.02697778
      0.02861304  0.03034743  0.03218696  0.03413798  0.03620727  0.03840198
      0.04072974  0.04319858  0.04581708  0.04859430  0.05153987  0.05466397
      0.05797745  0.06149178  0.06521912  0.06917241  0.07336532  0.07781239
      0.08252901  0.08753154  0.09283730  0.09846467  0.10443314  0.11076339
      0.11747736  0.12459830  0.13215087  0.14016124  0.14865717  0.15766808
      0.16722519  0.17736161  0.18811246  0.19951496  0.21160864  0.22443538
      0.23803962  0.25246848  0.26777195  0.28400305  0.30121800  0.31947645
      0.33884164  0.35938065  0.38116465  0.40426909  0.42877401  0.45476432
      0.48233003  0.51156665  0.54257546  0.57546387  0.61034584  0.64734218
non-local potential: l,potential*integration weight
  0   1.17760684  1.17755100  1.17728436  1.17666389  1.17554142  1.17385865
      1.17180095  1.16991330  1.16897946  1.16957344  1.17158756  1.17424398
      1.17662181  1.17817367  1.17884059  1.17885857  1.17852627  1.17807485
      1.17763816  1.17727293  1.17698992  1.17677867  1.17662214  1.17650387
      1.17641051  1.17633213  1.17626169  1.17619430  1.17612655  1.17605601
      1.17598082  1.17589948  1.17581065  1.17571301  1.17560518  1.17548563
      1.17535258  1.17520391  1.17503703  1.17484875  1.17463519  1.17439167
      1.17411259  1.17379121  1.17341941  1.17298742  1.17248352  1.17189375
      1.17120145  1.17038685  1.16942649  1.16829255  1.16695181  1.16536433
      1.16348095  1.16123814  1.15855114  1.15531541  1.15141799  1.14672206
      1.14104501  1.13416799  1.12585282  1.11586866  1.10404768  1.09037324
      1.07507553  1.05867170  1.04185381  1.02515268  1.00846135  0.99075362
      0.97031786  0.94528617  0.91396846  0.87520813  0.82936530  0.77883233
      0.72568625  0.66936962  0.60838322  0.54232300  0.47193130  0.39865240
      0.32449303  0.25203634  0.18436202  0.12474287  0.07608610  0.04019464
      0.01709356  0.00482255  0.00000234 -0.00095162 -0.00064784 -0.00030395
     -0.00016620 -0.00014347 -0.00014539 -0.00013681 -0.00011306 -0.00008148
     -0.00005131 -0.00002833 -0.00001375 -0.00000588 -0.00000221 -0.00000071
     -0.00000018 -0.00000002  0.00000000  0.00000000  0.00000000  0.00000000
      0.00000000  0.00000000  0.00000000  0.00000000  0.00000000  0.00000000
non-local potential: l,potential*integration weight
  1   1.17217730  1.17179226  1.17117646  1.17018566  1.16867040  1.16657103
      1.16407148  1.16171519  1.16028432  1.16035114  1.16180616  1.16386961
      1.16561857  1.16650348  1.16646310  1.16573098  1.16460324  1.16330833
      1.16197722  1.16066361  1.15937508  1.15809777  1.15681111  1.15549488
      1.15413178  1.15270773  1.15121136  1.14963322  1.14796512  1.14619965
      1.14432979  1.14234864  1.14024929  1.13802469  1.13566755  1.13317032
      1.13052512  1.12772366  1.12475724  1.12161667  1.11829222  1.11477363
      1.11105001  1.10710983  1.10294084  1.09853003  1.09386352  1.08892646
      1.08370288  1.07817550  1.07232540  1.06613159  1.05957029  1.05261390
      1.04522938  1.03737526  1.02899772  1.02002827  1.01038382  0.99995912
      0.98861802  0.97619757  0.96252207  0.94743409  0.93085363  0.91286695
      0.89382167  0.87436640  0.85533880  0.83743055  0.82071299  0.80435975
      0.78688881  0.76670206  0.74241021  0.71314033  0.67947581  0.64398078
      0.60886507  0.57363236  0.53670561  0.49737647  0.45575153  0.41219909
      0.36712934  0.32101078  0.27444602  0.22824394  0.18346910  0.14143077
      0.10356905  0.07122875  0.04536442  0.02627880  0.01351222  0.00594836
      0.00210418  0.00050145 -0.00001183 -0.00011839 -0.00011154 -0.00008142
     -0.00005131 -0.00002833 -0.00001375 -0.00000588 -0.00000221 -0.00000071
     -0.00000018 -0.00000002  0.00000000  0.00000000  0.00000000  0.00000000
      0.00000000  0.00000000  0.00000000  0.00000000  0.00000000  0.00000000
non-local potential: l,potential*integration weight
  2   1.17242532  1.17205483  1.17145435  1.17047969  1.16898140  1.16689986
      1.16441900  1.16208229  1.16067187  1.16076002  1.16223721  1.16432364
      1.16609632  1.16700560  1.16699013  1.16628329  1.16518098  1.16391138
      1.16260512  1.16131545  1.16004940  1.15879244  1.15752315  1.15622029
      1.15486529  1.15344256  1.15193884  1.15034240  1.14864233  1.14682792
      1.14488817  1.14281140  1.14058500  1.13819509  1.13562625  1.13286123
      1.12988062  1.12666239  1.12318142  1.11940898  1.11531223  1.11085398
      1.10599207  1.10067848  1.09485822  1.08846838  1.08143702  1.07368192
      1.06510941  1.05561320  1.04507325  1.03335454  1.02030570  1.00575724
      0.98951642  0.97135168  0.95097187  0.92805215  0.90231450  0.87347696
      0.84116448  0.80496228  0.76446553  0.71930402  0.66920677  0.61412602
      0.55438829  0.49080404  0.42463614  0.35734917  0.29021390  0.22408069
      0.15960153  0.09765888  0.03959157 -0.01254174 -0.05537995 -0.08461301
     -0.09812111 -0.09846684 -0.09065662 -0.07905560 -0.06638173 -0.05394941
     -0.04237225 -0.03211444 -0.02353007 -0.01669918 -0.01145782 -0.00755412
     -0.00474269 -0.00280513 -0.00154663 -0.00079182 -0.00038677 -0.00020423
     -0.00014591 -0.00014120 -0.00014526 -0.00013681 -0.00011306 -0.00008148
     -0.00005131 -0.00002833 -0.00001375 -0.00000588 -0.00000221 -0.00000071
     -0.00000018 -0.00000002  0.00000000  0.00000000  0.00000000  0.00000000
      0.00000000  0.00000000  0.00000000  0.00000000  0.00000000  0.00000000

 For atom type  4, l= 2 potential used as local nuclear potential
number of radial functions  **** Pt basis - by Peter Schultz /14Dec06 ****
  5
angular momentum, number of alphas
  2  5
alphas - d - 5d/2/5d378 Eopt + reopt(c2,c1)
   1.64638000D-01  4.32460000D-01  9.59320000D-01  2.00089400D+00
   4.00100000D+00
wave function coefficients
   3.29350000D-02  2.09710000D-01  9.40000000D-01  1.91492400D+00
  -1.65387800D+00
angular momentum, number of alphas
  0  4
alphas - s - 4s/2/4s519 Eopt + reopt(c1)
   7.89970000D-02  2.27776000D-01  6.94844000D-01  1.38980000D+00
wave function coefficients
   1.31726000D-01  4.11753000D-01 -1.09914400D+00  4.52036000D-01
angular momentum, number of alphas
  0  1
alphas - s - second zeta s polarization
   7.89970000D-02
wave function coefficients
   1.00000000D+00
angular momentum, number of alphas
  1  2
alphas - p - angular polarization Eopt
   1.30000000D-01  4.37830000D-01
wave function coefficients
   7.73600000D-01 -1.00000000D+00
angular momentum, number of alphas
  2  2
alphas - d - second zeta d polarization
   1.64638000D-01  4.32460000D-01
wave function coefficients
   8.33300000D-01 -1.00000000D+00
shell occupation numbers for platinum, Pt: d(8.7)s(1.3)
      8.70000000  1.30000000  0.00000000  0.00000000  0.00000000
end atom file
atom file
 P = P.atm
>>>>> atom type name=P           
type number, label:
  5 P                      
notes5
 notes for this atom file:
 Constructed by Peter A. Schultz, 29-September-2005
 Hamann-type ppot [D.R. Hamann,  PRB 40, 2980 (1989)]
 generated by fhi98PP [M.Fuchs,M.Scheffler, Comput.Phys.Commun. 119,67(1999)]
 Potential is standard Hamann, out to l=2
 Basis refined in PH# molecule
effective nuclear charge (s2p3 to 10.0)
   5.00000000D+00
pseudopotentials: Lmax, and effective gaussian range
  2   1.03000000
functional type used in generating potential:
 PBE    = dft fcnal used to generate pot
radial mesh: number of points for local and non-local pot integrals
  80  67
mesh points for nuclear potential;  ham1fh
      0.02000000  0.02163686  0.02340768  0.02532343  0.02739597  0.02963814
      0.03206381  0.03468800  0.03752696  0.04059828  0.04392095  0.04751557
      0.05140438  0.05561146  0.06016286  0.06508676  0.07041365  0.07617650
      0.08241100  0.08915575  0.09645251  0.10434646  0.11288647  0.12212542
      0.13212051  0.14293363  0.15463173  0.16728723  0.18097849  0.19579028
      0.21181432  0.22914980  0.24790408  0.26819325  0.29014295  0.31388907
      0.33957865  0.36737073  0.39743740  0.42996481  0.46515435  0.50322391
      0.54440918  0.58896518  0.63716776  0.68931539  0.74573092  0.80676366
      0.87279149  0.94422323  1.02150115  1.10510371  1.19554854  1.29339564
      1.39925081  1.51376948  1.63766068  1.77169149  1.91669177  2.07355927
      2.24326527  2.42686048  2.62548164  2.84035853  3.07282156  3.32431002
      3.59638101  3.89071906  4.20914658  4.55363511  4.92631757  5.32950141
      5.76568298  6.23756288  6.74806277  7.30034343  7.89782430  8.54420472
      9.24348674 10.00000000
radwts: weights for radial points
      0.00157332  0.00170208  0.00184139  0.00199209  0.00215513  0.00233151
      0.00252233  0.00272876  0.00295209  0.00319370  0.00345508  0.00373786
      0.00404377  0.00437473  0.00473277  0.00512011  0.00553915  0.00599249
      0.00648294  0.00701352  0.00758753  0.00820851  0.00888032  0.00960711
      0.01039338  0.01124401  0.01216425  0.01315980  0.01423684  0.01540202
      0.01666257  0.01802628  0.01950160  0.02109767  0.02282436  0.02469237
      0.02671327  0.02889956  0.03126478  0.03382358  0.03659180  0.03958657
      0.04282645  0.04633149  0.05012339  0.05422563  0.05866361  0.06346481
      0.06865895  0.07427819  0.08035733  0.08693401  0.09404893  0.10174616
      0.11007336  0.11908208  0.12882809  0.13937175  0.15077833  0.16311846
      0.17646854  0.19091123  0.20653594  0.22343943  0.24172635  0.26150992
      0.28291264  0.30606702  0.33111641  0.35821592  0.38753333  0.41925016
      0.45356279  0.49068366  0.53084260  0.57428827  0.62128966  0.67213777
      0.72714744  0.78665925
non-local potential: l,potential*integration weight
  0   0.79194237  0.79229810  0.79266574  0.79304318  0.79342803  0.79381774
      0.79421004  0.79460337  0.79499775  0.79539576  0.79580377  0.79623330
      0.79670225  0.79723568  0.79786573  0.79863038  0.79957067  0.80072655
      0.80213199  0.80381019  0.80577020  0.80800573  0.81049653  0.81321184
      0.81611461  0.81916536  0.82232435  0.82555105  0.82879989  0.83201365
      0.83511867  0.83802416  0.84061777  0.84275146  0.84422684  0.84478331
      0.84408273  0.84168845  0.83704005  0.82942523  0.81795185  0.80152598
      0.77884664  0.74843234  0.70869711  0.65809533  0.59537193  0.52002684
      0.43324210  0.33952550  0.24715199  0.16037180  0.08254019  0.03045955
      0.00670300  0.00006632 -0.00023287  0.00021569  0.00025203  0.00015010
      0.00007297  0.00003143  0.00001194  0.00000386  0.00000100  0.00000019
      0.00000003  0.00000000  0.00000000  0.00000000  0.00000000  0.00000000
      0.00000000  0.00000000  0.00000000  0.00000000  0.00000000  0.00000000
      0.00000000  0.00000000
non-local potential: l,potential*integration weight
  1   0.77817286  0.77740024  0.77654692  0.77560319  0.77455839  0.77340108
      0.77211929  0.77070105  0.76913505  0.76741166  0.76552404  0.76346945
      0.76125036  0.75887521  0.75635826  0.75371821  0.75097540  0.74814761
      0.74524509  0.74226579  0.73919198  0.73598912  0.73260739  0.72898529
      0.72505429  0.72074307  0.71598039  0.71069588  0.70481820  0.69827168
      0.69097400  0.68283645  0.67376315  0.66364636  0.65236302  0.63977478
      0.62572842  0.61005619  0.59257641  0.57309522  0.55140960  0.52731218
      0.50059906  0.47108050  0.43859184  0.40299709  0.36418172  0.32207688
      0.27689000  0.22989923  0.18395087  0.13827535  0.09073908  0.05221867
      0.02735294  0.01277374  0.00515564  0.00180322  0.00057961  0.00019521
      0.00007640  0.00003154  0.00001194  0.00000386  0.00000100  0.00000019
      0.00000003  0.00000000  0.00000000  0.00000000  0.00000000  0.00000000
      0.00000000  0.00000000  0.00000000  0.00000000  0.00000000  0.00000000
      0.00000000  0.00000000
non-local potential: l,potential*integration weight
  2   0.76912150  0.76760675  0.76595028  0.76413732  0.76215174  0.75997614
      0.75759211  0.75498067  0.75212294  0.74900101  0.74559909  0.74190468
      0.73790967  0.73361098  0.72901030  0.72411268  0.71892357  0.71344449
      0.70766799  0.70157269  0.69511970  0.68825139  0.68089270  0.67295452
      0.66433807  0.65493899  0.64464987  0.63336088  0.62095779  0.60731858
      0.59231097  0.57579252  0.55760996  0.53759553  0.51556511  0.49132052
      0.46465378  0.43535337  0.40321407  0.36805232  0.32972900  0.28818284
      0.24347833  0.19587209  0.14589934  0.09447627  0.04301278 -0.00644446
     -0.05093042 -0.08591183 -0.10520305 -0.10682550 -0.09345241 -0.06169428
     -0.02082920  0.00992786  0.01975432  0.01381332  0.00525699  0.00110801
      0.00015516  0.00003395  0.00001195  0.00000386  0.00000100  0.00000019
      0.00000003  0.00000000  0.00000000  0.00000000  0.00000000  0.00000000
      0.00000000  0.00000000  0.00000000  0.00000000  0.00000000  0.00000000
      0.00000000  0.00000000

 For atom type  5, l= 2 potential used as local nuclear potential
number of radial functions  **** P /pbe   - by Peter Schultz / 29Sep05 ****
  5
angular momentum, number of alphas
  0  4
alphas - s - 4s/2/4s444 Eopt + check(c1)
   1.28870000D-01  3.45430000D-01  1.62562100D+00  3.25130000D+00
wave function coefficients
   2.92671000D-01  7.38220000D-01 -1.26921800D+00  4.98262000D-01
angular momentum, number of alphas
  1  4
alphas - p - 4p/2/4p466 Eopt + reopt(c1)
   9.59990000D-02  2.83991000D-01  7.14882000D-01  1.42980000D+00
wave function coefficients
   5.29800000D-02  3.08537000D-01  3.90265000D-01 -2.95490000D-01
angular momentum, number of alphas
  0  1
alphas - s - second zeta s polarization
   1.28870000D-01
wave function coefficients
   1.00000000D+00
angular momentum, number of alphas
  1  1
alphas - p - second zeta p polarization
   9.59990000D-02
wave function coefficients
   1.00000000D+00
angular momentum, number of alphas
  2  2
alphas - d - angular polarization (dzp Eopt)
   2.20000000D-01  8.40000000D-01
wave function coefficients
   1.28980000D-01  1.00000000D+00
shell occupancies for phosphorus, P: s(2)p(3)
      2.00000000  3.00000000  0.00000000  0.00000000  0.00000000
end atom file
atom file
 Si = Si.atm
>>>>> atom type name=Si          
type number, label:
  6 Si                     
notes5
 notes for this atom file:
 Constructed by Peter A. Schultz, 27-July-2009
 Hamann-type ppot [D.R. Hamann,  PRB 40, 2980 (1989)]
 generated by fhi98PP [M.Fuchs,M.Scheffler, Comput.Phys.Commun. 119,67(1999)]
 ppot: s2p2, l=2, Rd=def, Rpc=NONE; def: Rs=1.05, Rp=1.28, Rd=1.28
 basis: refined in 4l-Si111 slab, d-fcn in Si_i[0]:Si(110-split)
energy - Td 2-atm-fcc/24^3/k12^3/uc  3p/-7.876267, 4p/-7.876617
  -7.87661700D+00
effective nuclear charge (s2p2 to 11.0)
   4.00000000D+00
pseudopotentials: Lmax, and effective gaussian range
  2   0.86000000
functional type used in generating potential:
 PBE    = dft fcnal used to generate pot
radial mesh: number of points for local and non-local pot integrals
 100  83
mesh points for nuclear potential;  ham1fh
      0.02500000  0.02658530  0.02827113  0.03006385  0.03197026  0.03399756
      0.03615341  0.03844597  0.04088390  0.04347643  0.04623336  0.04916511
      0.05228276  0.05559811  0.05912370  0.06287285  0.06685974  0.07109945
      0.07560800  0.08040246  0.08550093  0.09092272  0.09668830  0.10281950
      0.10933949  0.11627292  0.12364601  0.13148665  0.13982447  0.14869102
      0.15811981  0.16814650  0.17880900  0.19014762  0.20220526  0.21502749
      0.22866281  0.24316277  0.25858219  0.27497940  0.29241638  0.31095908
      0.33067761  0.35164652  0.37394512  0.39765771  0.42287397  0.44968924
      0.47820492  0.50852883  0.54077564  0.57506729  0.61153343  0.65031197
      0.69154953  0.73540204  0.78203533  0.83162573  0.88436075  0.94043980
      1.00007493  1.06349165  1.13092974  1.20264422  1.27890625  1.36000421
      1.44624475  1.53795397  1.63547865  1.73918756  1.84947286  1.96675157
      2.09146715  2.22409119  2.36512518  2.51510242  2.67459000  2.84419100
      3.02454674  3.21633919  3.42029358  3.63718111  3.86782191  4.11308809
      4.37390709  4.65126513  4.94621098  5.25985994  5.59339799  5.94808634
      6.32526618  6.72636373  7.15289567  7.60647483  8.08881634  8.60174407
      9.14719756  9.72723932 10.34406267 11.00000000
radwts: weights for radial points
      0.00153706  0.00163453  0.00173818  0.00184840  0.00196561  0.00209026
      0.00222280  0.00236376  0.00251365  0.00267304  0.00284255  0.00302280
      0.00321448  0.00341832  0.00363508  0.00386558  0.00411071  0.00437138
      0.00464857  0.00494335  0.00525682  0.00559016  0.00594465  0.00632161
      0.00672247  0.00714876  0.00760207  0.00808414  0.00859677  0.00914191
      0.00972161  0.01033808  0.01099364  0.01169077  0.01243210  0.01322044
      0.01405878  0.01495027  0.01589830  0.01690644  0.01797851  0.01911856
      0.02033091  0.02162013  0.02299111  0.02444902  0.02599938  0.02764805
      0.02940127  0.03126566  0.03324828  0.03535662  0.03759865  0.03998285
      0.04251824  0.04521441  0.04808154  0.05113049  0.05437277  0.05782066
      0.06148718  0.06538620  0.06953247  0.07394166  0.07863045  0.08361656
      0.08891885  0.09455737  0.10055344  0.10692973  0.11371035  0.12092095
      0.12858878  0.13674285  0.14541398  0.15463497  0.16444067  0.17486818
      0.18595692  0.19774881  0.21028845  0.22362325  0.23780364  0.25288324
      0.26891906  0.28597175  0.30410578  0.32338972  0.34389650  0.36570365
      0.38889364  0.41355415  0.43977843  0.46766564  0.49732124  0.52885736
      0.56239324  0.59805570  0.63597959  0.67630830
non-local potential: l,potential*integration weight
  0   0.49635482  0.49662152  0.49690159  0.49719521  0.49750252  0.49782355
      0.49815820  0.49850629  0.49886754  0.49924155  0.49962789  0.50002614
      0.50043594  0.50085717  0.50129009  0.50173553  0.50219518  0.50267186
      0.50316976  0.50369477  0.50425460  0.50485886  0.50551887  0.50624734
      0.50705767  0.50796308  0.50897559  0.51010488  0.51135727  0.51273497
      0.51423566  0.51585233  0.51757344  0.51938280  0.52125941  0.52317743
      0.52510704  0.52701586  0.52886906  0.53062693  0.53224159  0.53365449
      0.53479419  0.53557339  0.53588492  0.53559700  0.53454789  0.53254023
      0.52933536  0.52464807  0.51814288  0.50943301  0.49808374  0.48362184
      0.46555234  0.44338360  0.41666231  0.38502462  0.34828168  0.30657281
      0.26063374  0.21221421  0.16437910  0.12024310  0.07999860  0.04427474
      0.01844335  0.00465239 -0.00036131 -0.00096993 -0.00031637  0.00016928
      0.00027794  0.00021562  0.00013412  0.00007560  0.00003973  0.00001938
      0.00000862  0.00000339  0.00000111  0.00000026  0.00000002  0.00000000
      0.00000000  0.00000000  0.00000000  0.00000000  0.00000000  0.00000000
      0.00000000  0.00000000  0.00000000  0.00000000  0.00000000  0.00000000
      0.00000000  0.00000000  0.00000000  0.00000000
non-local potential: l,potential*integration weight
  1   0.48556431  0.48514567  0.48469678  0.48421506  0.48369769  0.48314152
      0.48254315  0.48189881  0.48120444  0.48045563  0.47964766  0.47877556
      0.47783416  0.47681823  0.47572256  0.47454227  0.47327292  0.47191088
      0.47045353  0.46889955  0.46724907  0.46550371  0.46366644  0.46174118
      0.45973220  0.45764326  0.45547655  0.45323166  0.45090466  0.44848733
      0.44596688  0.44332602  0.44054332  0.43759376  0.43444924  0.43107925
      0.42745179  0.42353460  0.41929566  0.41470273  0.40972242  0.40431979
      0.39845820  0.39209919  0.38520225  0.37772467  0.36962163  0.36084655
      0.35135191  0.34109042  0.33001685  0.31809044  0.30527765  0.29155478
      0.27690886  0.26133454  0.24482443  0.22735249  0.20885783  0.18925125
      0.16849304  0.14682249  0.12507799  0.10415181  0.08294995  0.06051852
      0.04024720  0.02486409  0.01409900  0.00703714  0.00292197  0.00095112
      0.00025189  0.00009925  0.00008107  0.00006269  0.00003796  0.00001925
      0.00000861  0.00000339  0.00000111  0.00000026  0.00000002  0.00000000
      0.00000000  0.00000000  0.00000000  0.00000000  0.00000000  0.00000000
      0.00000000  0.00000000  0.00000000  0.00000000  0.00000000  0.00000000
      0.00000000  0.00000000  0.00000000  0.00000000
non-local potential: l,potential*integration weight
  2   0.48036980  0.47962095  0.47882078  0.47796536  0.47705040  0.47607124
      0.47502280  0.47389958  0.47269564  0.47140457  0.47001952  0.46853325
      0.46693815  0.46522637  0.46338997  0.46142106  0.45931204  0.45705587
      0.45464629  0.45207809  0.44934720  0.44645076  0.44338693  0.44015448
      0.43675212  0.43317764  0.42942683  0.42549239  0.42136296  0.41702233
      0.41244910  0.40761669  0.40249369  0.39704433  0.39122901  0.38500492
      0.37832689  0.37114845  0.36342235  0.35510010  0.34613118  0.33646273
      0.32603960  0.31480447  0.30269811  0.28965997  0.27562924  0.26054668
      0.24435740  0.22701482  0.20848620  0.18876007  0.16785573  0.14583465
      0.12281305  0.09897388  0.07457621  0.04996154  0.02556215  0.00192844
     -0.02018704 -0.03962357 -0.05454960 -0.06305460 -0.06532168 -0.06222653
     -0.05190617 -0.03470137 -0.01524675  0.00085249  0.00980919  0.01124245
      0.00800936  0.00395947  0.00136711  0.00033609  0.00007208  0.00002149
      0.00000868  0.00000339  0.00000111  0.00000026  0.00000002  0.00000000
      0.00000000  0.00000000  0.00000000  0.00000000  0.00000000  0.00000000
      0.00000000  0.00000000  0.00000000  0.00000000  0.00000000  0.00000000
      0.00000000  0.00000000  0.00000000  0.00000000

 For atom type  6, l= 2 potential used as local nuclear potential
number of radial functions  **** Si/pbe   - by Peter Schultz / 28Jul09 ****
  5
angular momentum, number of alphas
  0  4
alphas - s - 4s/2/4s442
   1.04272000D-01  2.75189000D-01  1.27139800D+00  2.54280000D+00
wave function coefficients
   2.72301000D-01  5.67333000D-01 -1.00198900D+00  3.81459000D-01
angular momentum, number of alphas
  1  4
alphas - p - 4p/2/4p475 a1max + reopt(c1)
   7.31200000D-02  2.15660000D-01  5.30398000D-01  1.06080000D+00
wave function coefficients
   3.40890000D-02  2.10226000D-01  2.41205000D-01 -1.67987000D-01
angular momentum, number of alphas
  0  1
alphas - s - second zeta s polarization
   1.04272000D-01
wave function coefficients
   1.00000000D+00
angular momentum, number of alphas
  1  1
alphas - p - second zeta p polarization
   7.31200000D-02
wave function coefficients
   1.00000000D+00
angular momentum, number of alphas
  2  2
alphas - d - angular polarization Eopt
   2.60000000D-01  7.40000000D-01
wave function coefficients
   3.47500000D-01  1.00000000D+00
shell occupancies for silicon, Si: s(2.00)p(2.00)
      2.00000000  2.00000000  0.00000000  0.00000000  0.00000000
end atom file
 ionopt (0=none,2=gaussian lmcc,3=dble layer):
    2
 charge state for system
   0.00000000
number of atoms in unit cell
   63
atom, type, position;  step#    146
 AT1          O                -3.1662452665    1.2012132543    4.7813881058    
 AT2          Si               -0.2394880790    1.2669711577    6.0016195729    
 AT3          Si               -6.2044438200    1.1151044108    5.7196249853    
 AT4          C                 0.1961504225    4.0796789533    8.1390688039    
 AT5          C                 0.4657254341   -1.7108680086    7.8150973827    
 AT6          C                -7.0630348985    4.1227695753    7.4123835138    
 AT7          C                -6.7794923037   -1.7227496678    7.7837234402    
 AT8          C                 1.9764907498    1.7056985394    3.2974654746    
 AT9          C                 4.6557694677    1.3557624732    3.5926537013    
 AT10         C                -8.0790038324    0.7924512812    2.7299338591    
 AT11         C               -10.6084432908    0.6842737734    2.5884137074    
 AT12         H                -0.1424043734    5.8435164907    7.0939311046    
 AT13         H                 2.1554950357    4.0967540476    8.8390798667    
 AT14         H                -1.0688450466    4.0371824511    9.7852999006    
 AT15         H                 0.1956415682   -3.4145875714    6.6602158951    
 AT16         H                -0.7669680090   -1.8882177999    9.4775427778    
 AT17         H                 2.4323361855   -1.6733895539    8.4906015992    
 AT18         H                -6.7539463407    5.7745396253    6.1860791321    
 AT19         H                -5.9302157810    4.3660335029    9.1400292806    
 AT20         H                -9.0715939786    4.0827221154    7.9524578984    
 AT21         H                -6.1578591541   -3.4411005580    6.7916903701    
 AT22         H                -8.8068602578   -1.9335649827    8.2012436647    
 AT23         H                -5.7795182320   -1.6190795972    9.5994833146    
 AT24         H                 1.2156833434    2.4966884974    1.5276408247    
 AT25         H                 5.8801736369    2.8481206083    4.3465946701    
 AT26         H                 5.5761704878   -0.4454136491    3.1485753550    
 AT27         H                -7.0137397098    0.7166013667    0.9611724241    
 AT28         H               -11.8193568639    0.7563413209    4.2641226707    
 AT29         H               -11.5895878626    0.4824243517    0.7808309408    
 AT30         Si                2.5480906437   -2.3746450138   -3.7005732587    
 AT31         O                 0.0117479559   -1.1978845293   -5.1245711419    
 AT32         O                 4.9765497644   -0.5743197540   -4.5077252142    
 AT33         Si                8.1276099286   -0.2049454879   -4.6880058387    
 AT34         Si               -3.0708930485   -0.4843993949   -4.7648769629    
 AT35         C                -3.3165816699    2.5970344594   -3.0363598770    
 AT36         C                -4.6325829128   -3.0698801765   -2.8845038856    
 AT37         C                 3.0675925161   -5.7117414057   -4.7123542454    
 AT38         H                 2.2200132969   -2.2420961270   -0.8897371345    
 AT39         C                 9.7368456396   -2.7252233938   -2.7681245878    
 AT40         C                 8.8783224605    3.0089783714   -3.3997780247    
 AT41         C                 9.0085670081   -0.4300239644   -8.1149281744    
 AT42         C                -4.4415495595   -0.1533725611   -8.0286749679    
 AT43         H                -2.5436398228    2.4812691143   -1.1090387741    
 AT44         H                -5.2948576498    3.2031136132   -2.8725921189    
 AT45         H                -2.2703903093    4.0761654144   -4.0534666570    
 AT46         H                -3.7593097756   -3.1587545147   -0.9994371569    
 AT47         H                -4.3654958222   -4.9265575575   -3.7817819594    
 AT48         H                -6.6743676295   -2.7851237631   -2.6117524569    
 AT49         H                 4.6728938672   -6.5461258611   -3.6999994510    
 AT50         H                 3.4493501760   -5.8297505718   -6.7510291435    
 AT51         H                 1.3733427605   -6.8447284048   -4.3166383979    
 AT52         H                 9.1722300985   -2.5727917426   -0.7720266695    
 AT53         H                11.8063839129   -2.5513006461   -2.8607495430    
 AT54         H                 9.2167200128   -4.6231439305   -3.4410133951    
 AT55         H                 8.2443801139    3.1611091631   -1.4235964677    
 AT56         H                 7.9032742619    4.4752270763   -4.4985873890    
 AT57         H                10.9173439027    3.4152386851   -3.4583523664    
 AT58         H                 8.5197859052   -2.2922805515   -8.8872143475    
 AT59         H                11.0362835652   -0.1235217241   -8.4270703450    
 AT60         H                 7.9651514374    1.0095054469   -9.1916817418    
 AT61         H                -3.4248299628    1.3055136832   -9.1093013916    
 AT62         H                -6.4378670725    0.4209770931   -7.9339341225    
 AT63         H                -4.3364143646   -1.9316908229   -9.1021827331    
 origin offset for unit cell
   0.00000000  0.00000000  0.00000000
 symmetry center
   0.00000000  0.00000000  0.00000000
end setup phase data
 >>>> Total number of electrons=             138.0000000000
 >>>> Spin!  Number of up/dn electrons=       70.0000000000       68.0000000000
 >>>> Minimum number of occupied states=          70
 >>>> Number of basis functions, norb=         539
 ************** VERSION 2.65 CHANGE: ***************
 **** grid range default changed from 2.d-7 to 2.d-8
 **** This will cause numerical changes in results
 **** To recover pre-2.65, use input cutgrd/2.d-7
 ***************************************************
run phase input data
history
    8
no ges
states
  100
temperature
   0.00200000
iterations
  300
blend ratio
   0.05000000
convergence criterion
   0.05000000
geometry relaxation
gsteps
  100
gmethod
ASD
end geometry relaxation

 >>>> Relax params (gstop,gblend,gconv,atoms-relaxd):
 >>>>    100  1.5000000  0.000800000000     63

end run phase data
cutXXX for code (grd,slo,ii,1c)
   2.00000000D-08  1.00000000D-01  1.00000000D-02  1.00000000D-04
cutall for code (s,t,nl,loc;frc)
   3.00000000D-09  3.00000000D-09  1.50000000D-07  6.00000000D-08
   3.00000000D-07  3.00000000D-07  5.00000000D-06  6.00000000D-06

 ##### output #####

 ***** NEB Module invoked *****
 ------------------------------------------------------------------------
    ***** NEB module for transition state finding *****
    Written by Aidan Thompson, adapted by PAS for SeqQuest
    Based on the NEB method of Hannes Jonnson

    NEB Version: 1.10         Last revised: 19Nov08-PAS
    Maximum number of NEB images =    12
 ------------------------------------------------------------------------

 This node is the NEB master
 NEB output file= neb_out
 >>>>> reading NEB input data
 MPINFO::: NEB Group =    1           :::

 ###############################################################################
 INITIAL GEOMETRY for image  1, step   1
atom, type, position; image#   1
 AT1          O                -2.7365544056    1.2473965096    3.8282544505 
 AT2          Si                0.2343928480    1.2401728419    5.0008221393 
 AT3          Si               -5.6421747899    0.8553443551    5.0451564363 
 AT4          C                 0.4033936068    3.4051239911    7.8389508668 
 AT5          C                 1.1055081939   -2.0976714794    5.9372473069 
 AT6          C                -6.5353318456    3.7031319786    6.9746936084 
 AT7          C                -5.7649296229   -2.1002015109    7.0222011993 
 AT8          C                 2.3080039548    2.3959660021    2.5714219575 
 AT9          C                 5.1903385346    1.6501273869    2.5175291945 
 AT10         C                -7.8879184377    0.5511354497    2.3135228657 
 AT11         C               -10.1811633371   -0.5119304184    2.4636907368 
 AT12         H                -0.2634155770    5.2992097915    7.3110179350 
 AT13         H                 2.3752043625    3.5797398510    8.4611432677 
 AT14         H                -0.7310625328    2.7283675789    9.4452862175 
 AT15         H                 0.9259859406   -3.3679718913    4.3050807157 
 AT16         H                -0.1258943157   -2.8092542681    7.4491273603 
 AT17         H                 3.0688328824   -2.1988087712    6.6179598707 
 AT18         H                -6.4448234437    5.4246571853    5.8150109526 
 AT19         H                -5.2736632576    3.9609063615    8.6022551435 
 AT20         H                -8.4815432166    3.5097362375    7.6763315522 
 AT21         H                -5.0433279415   -3.7263680571    5.9382677130 
 AT22         H                -7.7100885460   -2.5313955522    7.5916876873 
 AT23         H                -4.6319006636   -1.9167739657    8.7532717569 
 AT24         H                 1.8380545246    3.8016487298    1.2111089782 
 AT25         H                 5.8092798195    0.2267449277    3.7634457012 
 AT26         H                 6.3959707354    2.6345217958    1.2874210191 
 AT27         H                -7.3247861426    1.3696303463    0.4954483160 
 AT28         H               -10.8916401133   -1.3703161245    4.2030149406 
 AT29         H               -11.4713327050   -0.5895673857    0.8454086629 
 AT30         Si                1.9333068593   -1.5952690688   -2.9096346448 
 AT31         O                -0.2639633415   -1.0849004816   -5.1053292170 
 AT32         O                 4.5449704741   -0.0557837169   -3.7134840387 
 AT33         Si                7.6703903805   -0.4279050947   -4.1786362224 
 AT34         Si               -3.3742002542   -0.2963814642   -4.9350133175 
 AT35         C                -3.6797521734    2.7982966696   -3.2215680155 
 AT36         C                -5.0804045502   -2.9026475896   -3.2227281692 
 AT37         C                 2.4730078867   -5.0659390701   -2.5458455412 
 AT38         H                 1.0219714941   -0.4530875255   -0.4382353713 
 AT39         C                 8.9277914288   -3.0759910060   -2.1611267302 
 AT40         C                 9.3027473056    2.6096789478   -3.3337131086 
 AT41         C                 8.1273036282   -1.1034005047   -7.6335128710 
 AT42         C                -4.5027568117    0.0242213389   -8.2773762091 
 AT43         H                -3.0808204517    2.6225682887   -1.2388272430 
 AT44         H                -5.6379546991    3.4860890777   -3.2490076277 
 AT45         H                -2.4897886350    4.2407237560   -4.1296864362 
 AT46         H                -4.4503554169   -3.0201080387   -1.2463849218 
 AT47         H                -4.7038470120   -4.7359448855   -4.1300247544 
 AT48         H                -7.1353374976   -2.6079746635   -3.1977178982 
 AT49         H                 3.7659118285   -5.4502878598   -0.9711880298 
 AT50         H                 3.2837194301   -5.8683928576   -4.2841552925 
 AT51         H                 0.6702933639   -6.0243770883   -2.1733473459 
 AT52         H                 8.4582384967   -2.7566156302   -0.1599214838 
 AT53         H                10.9968032050   -3.1868824286   -2.3128509658 
 AT54         H                 8.1506030753   -4.9181525805   -2.7201936387 
 AT55         H                 9.4086937537    2.9124786627   -1.2834084459 
 AT56         H                 8.3257844608    4.2440264251   -4.1720118638 
 AT57         H                11.2503014009    2.5914861010   -4.0565945069 
 AT58         H                 7.0696150675   -2.8043519978   -8.2034689078 
 AT59         H                10.1260436513   -1.3931236326   -8.1063302535 
 AT60         H                 7.4151861011    0.4829611736   -8.7727158104 
 AT61         H                -3.4587960784    1.5327751729   -9.2561202888 
 AT62         H                -6.5233760932    0.4998101995   -8.3302496014 
 AT63         H                -4.2291216968   -1.7405901571   -9.3411068642 
 ###############################################################################
 MPINFO::: Local Communicator         :::
 MPINFO::: Local Context =    3       :::
 MPINFO::: Local Size =      10       :::
 MPINFO::: Local Root =       0       :::
 MPINFO::: Local Rank =       0       :::
 Maximum record length (r8) for i/o=     1000000
 Flavor of dft that will be used for this run=PBE-SP
 ***** Note: basis transformed to split basis form
  
 LATVEC: nlat1c,nlat2c,nlat =           1           1           1

  Atom
  Type  Shell  Min-alf     range
    1        0.129289   8.279963
    2        0.102474   9.300415
    3        0.143749   7.852478
    4        0.078997  10.592631
    5        0.095999   9.608947
    6        0.073120  11.010095
 Turnover EF->DM npopdm, npop0k=          87          70
 DEV264h/wkmem: perlsolv dist-mem
 DEV/wkmem: KPSTORE= F
 DEV/wkmem: psolv version, input do_psolv= F

 Need       24625-length r*4 array to pack grid wfcns/box
 Need     3051125-length r*4 array to pack all grid wfcns
 Need       24626-length r*4 array for grid wfcns scratch
 WKMEM: using stripe-parallel+Merge  setup
 Minimum maxwkd for scf to complete=    84027785
 All grid wfcns stored in   1525563 of 147971815 available
 WKMEM: in-core Broyden! uses   1045890 out of 146446252 available
  
 Atom type   1  radial valence charge =    5.999995363882
 Atom type   1      xc valence charge =    6.499995360087
  
 Atom type   2  radial valence charge =    0.999999985299
  
 Atom type   3  radial valence charge =    3.999996877569
  
 Atom type   4  radial valence charge =    9.999999976019
  
 Atom type   5  radial valence charge =    4.999999641069
  
 Atom type   6  radial valence charge =    3.999999473876
 mat0set: stripe-parallel, KPSTORE= F

   sij compute    +    0.29 =       1.1 seconds wall (    0.07 usr    0.02 sys)

   sij/nlat-bcast +    0.00 =       1.1 seconds wall (    0.00 usr    0.00 sys)

   vlocmat compute+    0.50 =       1.6 seconds wall (    0.50 usr   -0.00 sys)

   vlocmii compute+    0.03 =       1.6 seconds wall (    0.03 usr    0.00 sys)

   nlocmat compute+    0.26 =       1.9 seconds wall (    0.26 usr    0.00 sys)
 NLOCMAT: Max neqilat=           1

 After mat0set    +    0.01 =       1.9 seconds wall (    0.01 usr    0.01 sys)

 grid0xc compute+    2.30 =       4.2 seconds wall (    2.20 usr    0.09 sys)

 grid0xc Merge  +    0.12 =       4.3 seconds wall (    0.01 usr    0.11 sys)

 grid0xc Bcast  +   13.72 =      18.0 seconds wall (    2.72 usr    7.17 sys)


 AFTER SETUP PHASE+   11.70 =      29.7 seconds wall (    0.39 usr    1.04 sys)

  
 *************************  iteration   0 begins here  *************************


 Before iterations+    0.11 =      29.8 seconds wall (    0.10 usr    0.01 sys)
  
 grid-integrated up-density total =       68.9994575943
 grid-integrated dn-density total =       68.9994575943
 grid-integrated valence-density total =      137.9989151885
 Harris Fcnal XC piece=       33.3501403821
  
  

 After 0 iteration+    2.25 =      32.1 seconds wall (    1.98 usr    0.25 sys)
 *************************  iteration   1 begins here  *************************


 erlsolv/begin  +    0.06 =      32.2 seconds wall (    0.00 usr    0.01 sys)
 PERLSOLV: kpp-copmatible version

 erlsolv/schroed+    0.16 =      32.3 seconds wall (    0.10 usr    0.03 sys)

 erlsolv/pop    +    0.00 =      32.3 seconds wall (    0.00 usr   -0.00 sys)

 erlsolv/dmat compute+    0.01 =      32.3 seconds wall (    0.01 usr   -0.00 sys)

 erlsolv/dmat compute+    0.02 =      32.3 seconds wall (    0.01 usr    0.01 sys)

 erlsolv/rhoij  +    0.01 =      32.4 seconds wall (    0.00 usr    0.01 sys)

 spin-up fermi level =   -0.224821 Ry,   gap(0K)= 0.067589 Ry = 0.920 eV
 spin-dn fermi level =   -0.549428 Ry,   gap(0K)= 0.093134 Ry = 1.267 eV

 k-vector:                  1
  weight:               1.000000
            level/UP/occup       level/DN/occup
  
    1    -1.897807  1.0000    -1.897807  1.0000
    2    -1.877421  1.0000    -1.877421  1.0000
    3    -1.864310  1.0000    -1.864310  1.0000
    4    -1.525919  1.0000    -1.525919  1.0000
             ...      ...         ...      ...
   51    -0.773280  1.0000    -0.773280  1.0000
   52    -0.759238  1.0000    -0.759238  1.0000
   53    -0.753902  1.0000    -0.753902  1.0000
   54    -0.732425  1.0000    -0.732425  1.0000
   55    -0.724123  1.0000    -0.724123  1.0000
   56    -0.716928  1.0000    -0.716928  1.0000
   57    -0.705269  1.0000    -0.705269  1.0000
   58    -0.701583  1.0000    -0.701583  1.0000
   59    -0.672787  1.0000    -0.672787  1.0000
   60    -0.657905  1.0000    -0.657905  1.0000
   61    -0.651512  1.0000    -0.651512  1.0000
   62    -0.635809  1.0000    -0.635809  1.0000
   63    -0.631950  1.0000    -0.631950  1.0000
   64    -0.629597  1.0000    -0.629597  1.0000
   65    -0.620184  1.0000    -0.620184  1.0000
   66    -0.610668  1.0000    -0.610668  1.0000
   67    -0.597787  1.0000    -0.597787  1.0000
   68    -0.595995  1.0000    -0.595995  1.0000
   69    -0.502861  1.0000    -0.502861  0.0000
   70    -0.258616  1.0000    -0.258616  0.0000
   71    -0.191027  0.0000    -0.191027  0.0000
   72    -0.043890  0.0000    -0.043890  0.0000
   73    -0.040999  0.0000    -0.040999  0.0000
   74    -0.025874  0.0000    -0.025874  0.0000
   75    -0.019344  0.0000    -0.019344  0.0000
   76    -0.010121  0.0000    -0.010121  0.0000
   77     0.006301  0.0000     0.006301  0.0000
   78     0.014895  0.0000     0.014895  0.0000
             ...      ...         ...      ...
  100     0.137518  0.0000     0.137518  0.0000
  
 delta movement in up-elecs =       10.8978585782
 delta movement in dn-elecs =       10.7242353685
 delta movement in electrons =       20.4917679624

 one-center local charge defect =         0.00036634

 one-center local charge defect =         0.00035295

 LMCC local dipole, |dip|=        1.0794722316
 Using LMCC treatment of supercell electrostatics
 DBG/LMCCINT, esns diagnostics redone
 LMCC chemical potential shift(Ry,eV)=       -0.0000018772       -0.0000255411
 LMCC esns total grid integral=        2.0717367050
  
 grid-integrated up-density total =       69.9994796468
 grid-integrated dn-density total =       67.9995144508
 grid-integrated valence-density total =      137.9989940976
  
 TOTAL single particle eigenvalue sum=      -131.4882461886
  
 rms,max scfchange=  1.3175D-02  4.5346D-01 for component#    313202
 electronic meth_bl(BROYDEN)=           1
 EBROYDDJ: in-core history
>>>>> Broyden: first step (elec) simple blend ratio= 0.050000
<<<<< Broyden step complete, scf step=     1

 After blending   +   24.26 =      56.6 seconds wall (    6.82 usr    3.75 sys)
  
 *************************  iteration   2 begins here  *************************


 erlsolv/begin  +    0.02 =      56.6 seconds wall (    0.01 usr    0.00 sys)
 PERLSOLV: kpp-copmatible version

 erlsolv/schroed+    0.08 =      56.7 seconds wall (    0.07 usr    0.01 sys)

 erlsolv/pop    +    0.00 =      56.7 seconds wall (    0.00 usr    0.00 sys)

 erlsolv/dmat compute+    0.00 =      56.7 seconds wall (    0.00 usr    0.00 sys)

 erlsolv/dmat compute+    0.01 =      56.7 seconds wall (    0.00 usr    0.00 sys)

 erlsolv/rhoij  +    0.01 =      56.7 seconds wall (    0.00 usr    0.00 sys)

 spin-up fermi level =   -0.214878 Ry,   gap(0K)= 0.071420 Ry = 0.972 eV
 spin-dn fermi level =   -0.534043 Ry,   gap(0K)= 0.093398 Ry = 1.271 eV
  
 delta movement in up-elecs =       10.4791343481
 delta movement in dn-elecs =       10.3223865399
 delta movement in electrons =       19.6591212179

 one-center local charge defect =         0.00036869

 one-center local charge defect =         0.00035691

 LMCC local dipole, |dip|=        0.9624484280
 Using LMCC treatment of supercell electrostatics
 DBG/LMCCINT, esns diagnostics redone
 LMCC chemical potential shift(Ry,eV)=       -0.0000012448       -0.0000169362
 LMCC esns total grid integral=        1.8393662089
  
 grid-integrated up-density total =       69.9994753610
 grid-integrated dn-density total =       67.9995091480
 grid-integrated valence-density total =      137.9989845090
  
 TOTAL single particle eigenvalue sum=      -129.5712828915
  
 rms,max scfchange=  1.1638D-02  3.9834D-01 for component#    462242
 electronic meth_bl(BROYDEN)=           1
>>>>> Broyden blend to get next step - elec
<<<<< Broyden step complete, scf step=     2

 After blending   +   21.49 =      78.2 seconds wall (    5.94 usr    3.40 sys)
  
 *************************  iteration   3 begins here  *************************


 erlsolv/begin  +    0.19 =      78.4 seconds wall (    0.18 usr    0.00 sys)
 PERLSOLV: kpp-copmatible version

 erlsolv/schroed+    0.10 =      78.5 seconds wall (    0.09 usr    0.01 sys)

 erlsolv/pop    +    0.00 =      78.5 seconds wall (    0.00 usr    0.00 sys)

 erlsolv/dmat compute+    0.00 =      78.5 seconds wall (    0.00 usr    0.00 sys)

 erlsolv/dmat compute+    0.01 =      78.5 seconds wall (    0.00 usr    0.00 sys)

 erlsolv/rhoij  +    0.00 =      78.5 seconds wall (    0.00 usr    0.00 sys)

 spin-up fermi level =   -0.142245 Ry,   gap(0K)= 0.101524 Ry = 1.381 eV
 spin-dn fermi level =   -0.414184 Ry,   gap(0K)= 0.093019 Ry = 1.266 eV
  
 delta movement in up-elecs =        7.9449173795
 delta movement in dn-elecs =        7.9024765289
 delta movement in electrons =       14.6578704211

 one-center local charge defect =         0.00038484

 one-center local charge defect =         0.00037989

 LMCC local dipole, |dip|=        0.3555922410
 Using LMCC treatment of supercell electrostatics
 DBG/LMCCINT, esns diagnostics redone
 LMCC chemical potential shift(Ry,eV)=        0.0000005757        0.0000078332
 LMCC esns total grid integral=        0.6597093681
  
 grid-integrated up-density total =       69.9994468305
 grid-integrated dn-density total =       67.9994777659
 grid-integrated valence-density total =      137.9989245964
  
 TOTAL single particle eigenvalue sum=      -115.5774055186
  
 rms,max scfchange=  1.0035D-03  1.0301D-01 for component#    191701
 electronic meth_bl(BROYDEN)=           1
>>>>> Broyden blend to get next step - elec
<<<<< Broyden step complete, scf step=     3

 After blending   +   20.42 =      98.9 seconds wall (    4.97 usr    2.94 sys)
  
 *************************  iteration   4 begins here  *************************


 erlsolv/begin  +    0.03 =      99.0 seconds wall (    0.00 usr    0.00 sys)
 PERLSOLV: kpp-copmatible version

 erlsolv/schroed+    0.09 =      99.1 seconds wall (    0.08 usr    0.01 sys)

 erlsolv/pop    +    0.00 =      99.1 seconds wall (    0.00 usr    0.00 sys)

 erlsolv/dmat compute+    0.00 =      99.1 seconds wall (    0.00 usr    0.00 sys)

 erlsolv/dmat compute+    0.01 =      99.1 seconds wall (    0.00 usr    0.00 sys)

 erlsolv/rhoij  +    0.01 =      99.1 seconds wall (    0.00 usr    0.00 sys)

 spin-up fermi level =   -0.144627 Ry,   gap(0K)= 0.104602 Ry = 1.423 eV
 spin-dn fermi level =   -0.414762 Ry,   gap(0K)= 0.098183 Ry = 1.336 eV
  
 delta movement in up-elecs =        7.9839230208
 delta movement in dn-elecs =        7.9408188592
 delta movement in electrons =       14.7253994678

 one-center local charge defect =         0.00038352

 one-center local charge defect =         0.00037870

 LMCC local dipole, |dip|=        0.3728614216
 Using LMCC treatment of supercell electrostatics
 DBG/LMCCINT, esns diagnostics redone
 LMCC chemical potential shift(Ry,eV)=        0.0000005056        0.0000068796
 LMCC esns total grid integral=        0.6746355437
  
 grid-integrated up-density total =       69.9994488192
 grid-integrated dn-density total =       67.9994789944
 grid-integrated valence-density total =      137.9989278135
  
 TOTAL single particle eigenvalue sum=      -115.8471350356
  
 rms,max scfchange=  8.5025D-04  9.1202D-02 for component#    191701
 electronic meth_bl(BROYDEN)=           1
>>>>> Broyden blend to get next step - elec
<<<<< Broyden step complete, scf step=     4

 After blending   +   19.60 =     118.7 seconds wall (    4.36 usr    2.72 sys)
  
 *************************  iteration   5 begins here  *************************


 erlsolv/begin  +    0.03 =     118.7 seconds wall (    0.00 usr    0.00 sys)
 PERLSOLV: kpp-copmatible version

 erlsolv/schroed+    0.09 =     118.8 seconds wall (    0.08 usr    0.01 sys)

 erlsolv/pop    +    0.00 =     118.8 seconds wall (    0.00 usr    0.00 sys)

 erlsolv/dmat compute+    0.00 =     118.8 seconds wall (    0.00 usr    0.00 sys)

 erlsolv/dmat compute+    0.01 =     118.8 seconds wall (    0.00 usr    0.00 sys)

 erlsolv/rhoij  +    0.01 =     118.8 seconds wall (    0.00 usr    0.00 sys)

 spin-up fermi level =   -0.147790 Ry,   gap(0K)= 0.121489 Ry = 1.653 eV
 spin-dn fermi level =   -0.403395 Ry,   gap(0K)= 0.118819 Ry = 1.617 eV
  
 delta movement in up-elecs =        7.9798443824
 delta movement in dn-elecs =        7.9417701059
 delta movement in electrons =       14.6795558757

 one-center local charge defect =         0.00037946

 one-center local charge defect =         0.00037562

 LMCC local dipole, |dip|=        0.4209399840
 Using LMCC treatment of supercell electrostatics
 DBG/LMCCINT, esns diagnostics redone
 LMCC chemical potential shift(Ry,eV)=        0.0000002940        0.0000040008
 LMCC esns total grid integral=        0.6676306157
  
 grid-integrated up-density total =       69.9994544655
 grid-integrated dn-density total =       67.9994817248
 grid-integrated valence-density total =      137.9989361903
  
 TOTAL single particle eigenvalue sum=      -115.5397386053
  
 rms,max scfchange=  3.8222D-04  4.0493D-02 for component#    191701
 ######################  ENERGY ANALYSIS  #######################
    Spherical-atom es ENERGY correction =      -256.3567176392
    Full spherical atom trace ENERGY =         -203.7654565685
    Spherical-atom-Vxc trace ENERGY =           220.0013163097
    non-spherical es ENERGY =                     0.6676156401
    Total Exc ENERGY =                         -114.6092350923

    total kinetic trace ENERGY =          261.5904992515
    non-local ps-pot trace ENERGY =        36.9965836857
    total electrostatic ENERGY =         -538.0403251951
    Total Vxc ENERGY =                   -148.6307150962

    TOTAL ENERGY (Rydberg) =                   -354.0624773502

 ################################################################

 After blending   +   19.56 =     138.4 seconds wall (    4.43 usr    2.65 sys)
  
 >>>>> self-consistency achieved, iteration   5


 Final GAP(eV)=  1.6530 (up),  1.6166 (dn)

 spin-up fermi level =   -0.147790 Ry,   gap(0K)= 0.121489 Ry = 1.653 eV
 spin-dn fermi level =   -0.403395 Ry,   gap(0K)= 0.118819 Ry = 1.617 eV

 k-vector:                  1
  weight:               1.000000
            level/UP/occup       level/DN/occup
  
    1    -1.781391  1.0000    -1.780358  1.0000
    2    -1.749135  1.0000    -1.748622  1.0000
    3    -1.743931  1.0000    -1.742840  1.0000
    4    -1.372028  1.0000    -1.371967  1.0000
             ...      ...         ...      ...
   51    -0.665101  1.0000    -0.663668  1.0000
   52    -0.651293  1.0000    -0.648073  1.0000
   53    -0.643142  1.0000    -0.637066  1.0000
   54    -0.613450  1.0000    -0.610942  1.0000
   55    -0.611938  1.0000    -0.608381  1.0000
   56    -0.596720  1.0000    -0.595190  1.0000
   57    -0.587910  1.0000    -0.585217  1.0000
   58    -0.582919  1.0000    -0.582403  1.0000
   59    -0.551711  1.0000    -0.544255  1.0000
   60    -0.538754  1.0000    -0.535724  1.0000
   61    -0.532393  1.0000    -0.526194  1.0000
   62    -0.504441  1.0000    -0.501038  1.0000
   63    -0.499109  1.0000    -0.498519  1.0000
   64    -0.495237  1.0000    -0.494555  1.0000
   65    -0.492638  1.0000    -0.489341  1.0000
   66    -0.484953  1.0000    -0.479942  1.0000
   67    -0.474448  1.0000    -0.470751  1.0000
   68    -0.464755  1.0000    -0.462805  1.0000
   69    -0.442072  1.0000    -0.343985  0.0000
   70    -0.208535  1.0000    -0.094117  0.0000
   71    -0.087046  0.0000    -0.086889  0.0000
   72     0.000888  0.0000     0.002443  0.0000
   73     0.018310  0.0000     0.020492  0.0000
   74     0.025679  0.0000     0.027757  0.0000
   75     0.037129  0.0000     0.039933  0.0000
   76     0.044933  0.0000     0.046985  0.0000
   77     0.067231  0.0000     0.068990  0.0000
   78     0.071660  0.0000     0.073089  0.0000
             ...      ...         ...      ...
  100     0.196183  0.0000     0.197497  0.0000
  

 IMAGE  1 CONVERGED ENERGY (Ry)=     -354.0624773502
 Binding energy =       -0.8748523502 Ry =            -11.9031 eV

 AFTER ITERATIONS +    0.00 =     138.4 seconds wall (    0.00 usr    0.00 sys)

 atom xc0frc stress term=       88.8817843543
 mat0frc: stripe-parallel, KPSTORE= F
  
 total force contributions(Ry/bohr):
        atom       x force          y force          z force
          1     -0.0057388786    -0.0097701062     0.0073384513
          2     -0.0243221011    -0.0079174919     0.0189256714
          3     -0.0029230027    -0.0013089707     0.0026049719
          4      0.0010772505    -0.0006544234     0.0001617570
          5      0.0017832981     0.0049746440    -0.0027512773
          6     -0.0013358228     0.0010743151     0.0000688793
          7      0.0001558585    -0.0015846103    -0.0001753856
          8      0.0653012655    -0.0260037623    -0.0004005666
          9     -0.0954850198     0.0168245714     0.0008464076
         10      0.0043711538     0.0016285865    -0.0009864508
         11     -0.0072839590    -0.0009584507    -0.0008300958
         12      0.0011407702    -0.0011251526     0.0014843002
         13      0.0005999107    -0.0002416617     0.0027201612
         14     -0.0002504250     0.0004648447     0.0011798464
         15      0.0009442522    -0.0019987674     0.0004942686
         16     -0.0011566551    -0.0007132575    -0.0014120972
         17     -0.0007076391    -0.0025351696     0.0005168726
         18     -0.0004441723     0.0009029584     0.0008048714
         19      0.0011302914     0.0017170431    -0.0001669799
         20     -0.0014999720    -0.0014674955    -0.0005539990
         21      0.0004285100     0.0012287028     0.0002655350
         22     -0.0015452551    -0.0013852395     0.0029102620
         23     -0.0004126619    -0.0009775947     0.0016742825
         24     -0.0158075803     0.0244826853    -0.0240028674
         25      0.0274402439    -0.0367430006     0.0261502453
         26      0.0401675688     0.0228408618    -0.0258883952
         27     -0.0010822868    -0.0005937495     0.0000706861
         28     -0.0009858784     0.0007935052    -0.0007847118
         29     -0.0005615265     0.0009883808     0.0008996882
         30      0.0007755430     0.0013159256     0.0030721648
         31      0.0025938885    -0.0020548599    -0.0053726964
         32      0.0059449312     0.0110216497     0.0069674641
         33      0.0011507734    -0.0007372900    -0.0017607086
         34      0.0027005672     0.0000174648     0.0007647204
         35      0.0011639859     0.0002579561    -0.0005169164
         36      0.0012465579     0.0011024918     0.0000828078
         37      0.0021199244    -0.0018274187    -0.0028087003
         38      0.0046021616     0.0008419648     0.0008099397
         39     -0.0012195572    -0.0002366902    -0.0001148027
         40     -0.0009902329    -0.0005655143    -0.0022134547
         41     -0.0030807803    -0.0006936601    -0.0007142141
         42      0.0016838368    -0.0002000234     0.0004187615
         43     -0.0013742438    -0.0013236432    -0.0009724202
         44     -0.0001886813    -0.0003924315     0.0011789792
         45     -0.0010634592     0.0014369805     0.0009904451
         46      0.0007407427    -0.0001434875     0.0004461825
         47      0.0006482135     0.0022783609     0.0015495173
         48      0.0013585832     0.0021371612     0.0009994734
         49      0.0002824005    -0.0024484497    -0.0007622276
         50     -0.0012554353    -0.0008380533    -0.0017535906
         51      0.0000222301    -0.0011922491    -0.0005807329
         52      0.0020181359    -0.0018214007    -0.0009716386
         53     -0.0013738611     0.0015459827     0.0010981639
         54      0.0024590046    -0.0018861085    -0.0011512770
         55      0.0013015168    -0.0026116475    -0.0032017607
         56     -0.0007876767    -0.0011641668     0.0016147566
         57     -0.0003383931    -0.0013995413    -0.0005626280
         58      0.0007656205    -0.0002432280    -0.0013255393
         59      0.0000752320     0.0006905258    -0.0004675642
         60     -0.0016918492    -0.0005667461    -0.0020385831
         61      0.0003855944     0.0000199034     0.0018694424
         62      0.0011505212    -0.0011856028     0.0017514902
         63     -0.0006295018     0.0011902448     0.0000943440
      f-defect        0.0041938308    -0.0177334057     0.0075835289

 AFTER FORCE RTNS +    2.35 =     140.7 seconds wall (    2.28 usr    0.06 sys)
  
 >>>>> collect image results at master NEB node
 >>>>> GSELECT begins, nslics=           0
 <<<<< GSELECT ends
 >>>>> GSELECT begins, nslics=           0
 <<<<< GSELECT ends
 >>>>> GSELECT begins, nslics=           0
 <<<<< GSELECT ends
 >>>>> GSELECT begins, nslics=           0
 <<<<< GSELECT ends
 >>>>> GSELECT begins, nslics=           0
 <<<<< GSELECT ends
 >>>>> GSELECT begins, nslics=           0
 <<<<< GSELECT ends
 >>>>> GUPDATE begins, nslics=           0
 GUPDATE: Largest relax: atom#, dr(au)=    51    1.658677
 <<<<< GUPDATE ends
 >>>>> GUPDATE begins, nslics=           0
 GUPDATE: Largest relax: atom#, dr(au)=    51    1.134830
 <<<<< GUPDATE ends
 >>>>> GUPDATE begins, nslics=           0
 GUPDATE: Largest relax: atom#, dr(au)=    51    1.064703
 <<<<< GUPDATE ends
 >>>>> GUPDATE begins, nslics=           0
 GUPDATE: Largest relax: atom#, dr(au)=     9    0.365769
 <<<<< GUPDATE ends
 >>>>> GUPDATE begins, nslics=           0
 GUPDATE: Largest relax: atom#, dr(au)=    18    3.551945
 <<<<< GUPDATE ends
 >>>>> GUPDATE begins, nslics=           0
 GUPDATE: Largest relax: atom#, dr(au)=    18    0.449354
 <<<<< GUPDATE ends

 ###############################################################################
   NEW GEOMETRY for image  1, step   2
atom, type, position; image#   1
 AT1          O                -2.8265333576    1.2104125213    3.9218708041 
 AT2          Si                0.1323751882    1.3357738025    4.9388953343 
 AT3          Si               -5.7376508897    0.8464991201    5.1182542206 
 AT4          C                 0.4368633120    3.5011202765    7.7573725616 
 AT5          C                 1.1783872321   -1.9296153982    5.9380156957 
 AT6          C                -6.6788083798    3.6993158966    7.0316584840 
 AT7          C                -5.7784787157   -2.1149705449    7.0832556975 
 AT8          C                 2.0557450077    2.2866898820    2.2080996319 
 AT9          C                 5.0070877604    2.1130339456    2.4785856731 
 AT10         C                -7.9102143966    0.5227763957    2.3259349059 
 AT11         C               -10.2287962837   -0.5209919141    2.4036993837 
 AT12         H                -0.3565703476    5.3684751986    7.3524129782 
 AT13         H                 2.3701691944    3.7158067490    8.3519281993 
 AT14         H                -0.6565626248    2.6832468887    9.3542578483 
 AT15         H                 1.1164348246   -3.2570518352    4.3323406054 
 AT16         H                -0.0586575364   -2.6826765710    7.4358642079 
 AT17         H                 3.1470855932   -1.9102370713    6.6717757541 
 AT18         H                -6.5417266543    5.4124831180    5.8504820768 
 AT19         H                -5.4390648677    3.9545125811    8.6666450927 
 AT20         H                -8.6489074464    3.5111572656    7.6788310705 
 AT21         H                -4.9477591079   -3.7209618371    6.0068885001 
 AT22         H                -7.7118431904   -2.6250512782    7.6163402223 
 AT23         H                -4.6877464812   -1.8940570748    8.8502841060 
 AT24         H                 1.3156396225    3.5618668514    0.6481513610 
 AT25         H                 5.8582547343    0.7949021550    3.8694317326 
 AT26         H                 6.1880074909    3.1250745639    1.2038997095 
 AT27         H                -7.2674130344    1.3256806364    0.5201643983 
 AT28         H               -10.9882448889   -1.3773839210    4.1126108957 
 AT29         H               -11.4506009166   -0.6148247161    0.7262512175 
 AT30         Si                2.0016302767   -1.9099859485   -2.9737415754 
 AT31         O                -0.1689137113   -0.9068226377   -5.1695351022 
 AT32         O                 4.5980196808   -0.0779858884   -3.5208429320 
 AT33         Si                7.7161856354   -0.5239047083   -4.1146814656 
 AT34         Si               -3.2758029978   -0.1870648279   -4.9577150127 
 AT35         C                -3.6053217876    2.8935649301   -3.2201277232 
 AT36         C                -5.0821881963   -2.8350014482   -3.3756153728 
 AT37         C                 2.6819197816   -5.6388527309   -3.5657382299 
 AT38         H                 0.9479941875   -1.3884886282   -0.0423738100 
 AT39         C                 9.0524310751   -3.1251942060   -2.0786976682 
 AT40         C                 9.2958799107    2.5330980411   -3.3735726271 
 AT41         C                 8.0537557138   -1.2456974012   -7.6023322598 
 AT42         C                -4.4215513014    0.1577285257   -8.2828379429 
 AT43         H                -2.9430900828    2.6952960199   -1.2712093315 
 AT44         H                -5.5474039969    3.5538629526   -3.1710658778 
 AT45         H                -2.4553215177    4.3359438261   -4.1542167922 
 AT46         H                -4.4863139494   -3.1189449044   -1.3930367768 
 AT47         H                -4.7611024216   -4.6381175246   -4.3906587320 
 AT48         H                -7.1056866380   -2.4528484354   -3.3752540183 
 AT49         H                 3.8857084908   -6.5349370930   -2.0154635185 
 AT50         H                 3.6105052040   -5.8409929840   -5.6789360492 
 AT51         H                 0.8839381375   -6.8942426416   -3.5693772037 
 AT52         H                 8.5034156074   -2.8098601750   -0.0918936116 
 AT53         H                11.1407176355   -3.0807695080   -2.1268437970 
 AT54         H                 8.4439913643   -5.0171946065   -2.6603162982 
 AT55         H                 9.5234931800    2.8236586518   -1.3182427893 
 AT56         H                 8.2200827860    4.1637716561   -4.1345556866 
 AT57         H                11.2250221523    2.6014225127   -4.2031029852 
 AT58         H                 6.9545061414   -2.9637386491   -8.1046460905 
 AT59         H                10.0209259856   -1.5474612416   -8.1647824664 
 AT60         H                 7.2800814560    0.3119854845   -8.7257916195 
 AT61         H                -3.3675376493    1.6426816392   -9.3025620029 
 AT62         H                -6.4299110764    0.6454991188   -8.2927742302 
 AT63         H                -4.2122633496   -1.6238614824   -9.3446564661 
 ###############################################################################

 After geometry   +    4.35 =     145.1 seconds wall (    4.29 usr    0.01 sys)
  
 LATVEC: nlat1c,nlat2c,nlat =           1           1           1

  Atom
  Type  Shell  Min-alf     range
    1        0.129289   8.279963
    2        0.102474   9.300415
    3        0.143749   7.852478
    4        0.078997  10.592631
    5        0.095999   9.608947
    6        0.073120  11.010095
 Turnover EF->DM npopdm, npop0k=          86          70
 DEV264h/wkmem: perlsolv dist-mem
 DEV/wkmem: KPSTORE= F
 DEV/wkmem: psolv version, input do_psolv= F

 Need       24000-length r*4 array to pack grid wfcns/box
 Need     3046250-length r*4 array to pack all grid wfcns
 Need       24000-length r*4 array for grid wfcns scratch
 WKMEM: using stripe-parallel+Merge  setup
 Minimum maxwkd for scf to complete=    84027785
 All grid wfcns stored in   1523125 of 147971815 available
 WKMEM: in-core Broyden! uses   1045890 out of 146448690 available
  
 Atom type   1  radial valence charge =    5.999995363882
 Atom type   1      xc valence charge =    6.499995360087
  
 Atom type   2  radial valence charge =    0.999999985299
  
 Atom type   3  radial valence charge =    3.999996877569
  
 Atom type   4  radial valence charge =    9.999999976019
  
 Atom type   5  radial valence charge =    4.999999641069
  
 Atom type   6  radial valence charge =    3.999999473876
 mat0set: stripe-parallel, KPSTORE= F

   sij compute    +    0.04 =     145.1 seconds wall (    0.04 usr    0.00 sys)

   sij/nlat-bcast +    0.00 =     145.1 seconds wall (    0.00 usr    0.00 sys)

   vlocmat compute+    0.49 =     145.6 seconds wall (    0.49 usr    0.00 sys)

   vlocmii compute+    0.03 =     145.6 seconds wall (    0.03 usr    0.00 sys)

   nlocmat compute+    0.29 =     145.9 seconds wall (    0.24 usr    0.00 sys)
 NLOCMAT: Max neqilat=           1

 After mat0set    +    0.07 =     146.0 seconds wall (    0.01 usr    0.01 sys)

 grid0xc compute+    2.44 =     148.4 seconds wall (    2.39 usr    0.02 sys)

 grid0xc Merge  +    0.13 =     148.6 seconds wall (    0.00 usr    0.13 sys)

 grid0xc Bcast  +    0.60 =     149.2 seconds wall (    0.60 usr    0.00 sys)


 AFTER SETUP PHASE+   10.97 =     160.1 seconds wall (    0.45 usr    1.44 sys)

  
 *************************  iteration   0 begins here  *************************


 Before iterations+    0.11 =     160.2 seconds wall (    0.09 usr    0.01 sys)
  
 grid-integrated up-density total =       69.0002569592
 grid-integrated dn-density total =       69.0002569592
 grid-integrated valence-density total =      138.0005139184
 Harris Fcnal XC piece=       33.2477578573
  
  

 After 0 iteration+    1.79 =     162.0 seconds wall (    1.58 usr    0.16 sys)
 *************************  iteration   1 begins here  *************************


 erlsolv/begin  +    0.06 =     162.1 seconds wall (    0.00 usr    0.00 sys)
 PERLSOLV: kpp-copmatible version

 erlsolv/schroed+    0.14 =     162.2 seconds wall (    0.13 usr    0.01 sys)

 erlsolv/pop    +    0.00 =     162.2 seconds wall (    0.00 usr    0.00 sys)

 erlsolv/dmat compute+    0.01 =     162.2 seconds wall (    0.00 usr    0.00 sys)

 erlsolv/dmat compute+    0.02 =     162.3 seconds wall (    0.01 usr    0.01 sys)

 erlsolv/rhoij  +    0.02 =     162.3 seconds wall (    0.00 usr    0.01 sys)

 spin-up fermi level =   -0.219966 Ry,   gap(0K)= 0.055892 Ry = 0.760 eV
 spin-dn fermi level =   -0.530613 Ry,   gap(0K)= 0.081954 Ry = 1.115 eV

 k-vector:                  1
  weight:               1.000000
            level/UP/occup       level/DN/occup
  
    1    -1.891944  1.0000    -1.891944  1.0000
    2    -1.875449  1.0000    -1.875449  1.0000
    3    -1.844661  1.0000    -1.844661  1.0000
    4    -1.520172  1.0000    -1.520172  1.0000
             ...      ...         ...      ...
   51    -0.753993  1.0000    -0.753993  1.0000
   52    -0.740404  1.0000    -0.740404  1.0000
   53    -0.736561  1.0000    -0.736561  1.0000
   54    -0.719918  1.0000    -0.719918  1.0000
   55    -0.715479  1.0000    -0.715479  1.0000
   56    -0.708163  1.0000    -0.708163  1.0000
   57    -0.695926  1.0000    -0.695926  1.0000
   58    -0.684549  1.0000    -0.684549  1.0000
   59    -0.669959  1.0000    -0.669959  1.0000
   60    -0.646737  1.0000    -0.646737  1.0000
   61    -0.639448  1.0000    -0.639448  1.0000
   62    -0.629304  1.0000    -0.629304  1.0000
   63    -0.625273  1.0000    -0.625273  1.0000
   64    -0.621158  1.0000    -0.621158  1.0000
   65    -0.617133  1.0000    -0.617133  1.0000
   66    -0.611492  1.0000    -0.611492  1.0000
   67    -0.593790  1.0000    -0.593790  1.0000
   68    -0.571590  1.0000    -0.571590  1.0000
   69    -0.489636  1.0000    -0.489636  0.0000
   70    -0.247912  1.0000    -0.247912  0.0000
   71    -0.192020  0.0000    -0.192020  0.0000
   72    -0.051510  0.0000    -0.051510  0.0000
   73    -0.041979  0.0000    -0.041979  0.0000
   74    -0.034814  0.0000    -0.034814  0.0000
   75    -0.024619  0.0000    -0.024619  0.0000
   76    -0.019406  0.0000    -0.019406  0.0000
   77     0.001347  0.0000     0.001347  0.0000
   78     0.005103  0.0000     0.005103  0.0000
             ...      ...         ...      ...
  100     0.135132  0.0000     0.135132  0.0000
  
 delta movement in up-elecs =       10.8207140891
 delta movement in dn-elecs =       10.5959193070
 delta movement in electrons =       20.3370326562

 one-center local charge defect =        -0.00007167

 one-center local charge defect =        -0.00006804

 LMCC local dipole, |dip|=        1.4931117335
 Using LMCC treatment of supercell electrostatics
 DBG/LMCCINT, esns diagnostics redone
 LMCC chemical potential shift(Ry,eV)=       -0.0000032653       -0.0000444269
 LMCC esns total grid integral=        2.0427383079
  
 grid-integrated up-density total =       69.9999746663
 grid-integrated dn-density total =       67.9999978277
 grid-integrated valence-density total =      137.9999724940
  
 TOTAL single particle eigenvalue sum=      -130.1935926131
  
 rms,max scfchange=  1.2930D-02  4.6406D-01 for component#    313202
 electronic meth_bl(BROYDEN)=           1
>>>>> Broyden: first step (elec) simple blend ratio= 0.050000
<<<<< Broyden step complete, scf step=     1

 After blending   +   21.19 =     183.5 seconds wall (    4.92 usr    3.38 sys)
  
 *************************  iteration   2 begins here  *************************


 erlsolv/begin  +    0.01 =     183.5 seconds wall (    0.00 usr    0.00 sys)
 PERLSOLV: kpp-copmatible version

 erlsolv/schroed+    0.10 =     183.6 seconds wall (    0.09 usr    0.01 sys)

 erlsolv/pop    +    0.00 =     183.6 seconds wall (    0.00 usr    0.00 sys)

 erlsolv/dmat compute+    0.00 =     183.6 seconds wall (    0.00 usr    0.00 sys)

 erlsolv/dmat compute+    0.01 =     183.6 seconds wall (    0.00 usr    0.00 sys)

 erlsolv/rhoij  +    0.01 =     183.6 seconds wall (    0.01 usr    0.00 sys)

 spin-up fermi level =   -0.209993 Ry,   gap(0K)= 0.059105 Ry = 0.804 eV
 spin-dn fermi level =   -0.518435 Ry,   gap(0K)= 0.086058 Ry = 1.171 eV
  
 delta movement in up-elecs =       10.4054427118
 delta movement in dn-elecs =       10.2130628737
 delta movement in electrons =       19.5142399937

 one-center local charge defect =        -0.00007263

 one-center local charge defect =        -0.00006936

 LMCC local dipole, |dip|=        1.2161547492
 Using LMCC treatment of supercell electrostatics
 DBG/LMCCINT, esns diagnostics redone
 LMCC chemical potential shift(Ry,eV)=       -0.0000014232       -0.0000193633
 LMCC esns total grid integral=        1.8041996760
  
 grid-integrated up-density total =       69.9999735891
 grid-integrated dn-density total =       67.9999974343
 grid-integrated valence-density total =      137.9999710234
  
 TOTAL single particle eigenvalue sum=      -128.3453656283
  
 rms,max scfchange=  1.1356D-02  4.0541D-01 for component#    462242
 electronic meth_bl(BROYDEN)=           1
>>>>> Broyden blend to get next step - elec
<<<<< Broyden step complete, scf step=     2

 After blending   +   20.50 =     204.1 seconds wall (    5.50 usr    3.32 sys)
  
 *************************  iteration   3 begins here  *************************


 erlsolv/begin  +    0.03 =     204.1 seconds wall (    0.00 usr    0.00 sys)
 PERLSOLV: kpp-copmatible version

 erlsolv/schroed+    0.09 =     204.2 seconds wall (    0.08 usr    0.01 sys)

 erlsolv/pop    +    0.00 =     204.2 seconds wall (    0.00 usr    0.00 sys)

 erlsolv/dmat compute+    0.01 =     204.2 seconds wall (    0.01 usr    0.00 sys)

 erlsolv/dmat compute+    0.02 =     204.3 seconds wall (    0.01 usr    0.01 sys)

 erlsolv/rhoij  +    0.01 =     204.3 seconds wall (    0.00 usr    0.00 sys)

 spin-up fermi level =   -0.145467 Ry,   gap(0K)= 0.087753 Ry = 1.194 eV
 spin-dn fermi level =   -0.421215 Ry,   gap(0K)= 0.101521 Ry = 1.381 eV
  
 delta movement in up-elecs =        8.0752505380
 delta movement in dn-elecs =        8.0281934186
 delta movement in electrons =       14.9467492975

 one-center local charge defect =        -0.00007944

 one-center local charge defect =        -0.00007669

 LMCC local dipole, |dip|=        0.5023273952
 Using LMCC treatment of supercell electrostatics
 DBG/LMCCINT, esns diagnostics redone
 LMCC chemical potential shift(Ry,eV)=        0.0000017085        0.0000232462
 LMCC esns total grid integral=        0.6981294438
  
 grid-integrated up-density total =       69.9999662269
 grid-integrated dn-density total =       67.9999917272
 grid-integrated valence-density total =      137.9999579541
  
 TOTAL single particle eigenvalue sum=      -115.9736327458
  
 rms,max scfchange=  1.3256D-03  1.0102D-01 for component#    191701
 electronic meth_bl(BROYDEN)=           1
>>>>> Broyden blend to get next step - elec
<<<<< Broyden step complete, scf step=     3

 After blending   +   20.63 =     224.9 seconds wall (    4.77 usr    3.14 sys)
  
 *************************  iteration   4 begins here  *************************


 erlsolv/begin  +    0.01 =     224.9 seconds wall (    0.00 usr    0.00 sys)
 PERLSOLV: kpp-copmatible version

 erlsolv/schroed+    0.09 =     225.0 seconds wall (    0.08 usr    0.00 sys)

 erlsolv/pop    +    0.00 =     225.0 seconds wall (    0.00 usr    0.00 sys)

 erlsolv/dmat compute+    0.00 =     225.0 seconds wall (    0.00 usr    0.00 sys)

 erlsolv/dmat compute+    0.01 =     225.0 seconds wall (    0.00 usr    0.00 sys)

 erlsolv/rhoij  +    0.01 =     225.0 seconds wall (    0.00 usr    0.00 sys)

 spin-up fermi level =   -0.143503 Ry,   gap(0K)= 0.094324 Ry = 1.283 eV
 spin-dn fermi level =   -0.414051 Ry,   gap(0K)= 0.104658 Ry = 1.424 eV
  
 delta movement in up-elecs =        7.9995794801
 delta movement in dn-elecs =        7.9551046969
 delta movement in electrons =       14.7856997518

 one-center local charge defect =        -0.00007987

 one-center local charge defect =        -0.00007703

 LMCC local dipole, |dip|=        0.4813804184
 Using LMCC treatment of supercell electrostatics
 DBG/LMCCINT, esns diagnostics redone
 LMCC chemical potential shift(Ry,eV)=        0.0000015826        0.0000215327
 LMCC esns total grid integral=        0.6627370352
  
 grid-integrated up-density total =       69.9999665072
 grid-integrated dn-density total =       67.9999914352
 grid-integrated valence-density total =      137.9999579425
  
 TOTAL single particle eigenvalue sum=      -115.3108385835
  
 rms,max scfchange=  9.9487D-04  9.1835D-02 for component#    191701
 electronic meth_bl(BROYDEN)=           1
>>>>> Broyden blend to get next step - elec
<<<<< Broyden step complete, scf step=     4

 After blending   +   19.38 =     244.4 seconds wall (    4.41 usr    2.79 sys)
  
 *************************  iteration   5 begins here  *************************


 erlsolv/begin  +    0.32 =     244.7 seconds wall (    0.27 usr    0.01 sys)
 PERLSOLV: kpp-copmatible version

 erlsolv/schroed+    0.88 =     245.6 seconds wall (    0.61 usr    0.01 sys)

 erlsolv/pop    +    0.00 =     245.6 seconds wall (    0.00 usr    0.00 sys)

 erlsolv/dmat compute+    0.00 =     245.6 seconds wall (    0.00 usr    0.00 sys)

 erlsolv/dmat compute+    0.01 =     245.6 seconds wall (    0.01 usr    0.00 sys)

 erlsolv/rhoij  +    0.01 =     245.6 seconds wall (    0.00 usr    0.00 sys)

 spin-up fermi level =   -0.149122 Ry,   gap(0K)= 0.116776 Ry = 1.589 eV
 spin-dn fermi level =   -0.405241 Ry,   gap(0K)= 0.119094 Ry = 1.620 eV
  
 delta movement in up-elecs =        8.0104430719
 delta movement in dn-elecs =        7.9531251577
 delta movement in electrons =       14.7405572561

 one-center local charge defect =        -0.00008022

 one-center local charge defect =        -0.00007701

 LMCC local dipole, |dip|=        0.5023667874
 Using LMCC treatment of supercell electrostatics
 DBG/LMCCINT, esns diagnostics redone
 LMCC chemical potential shift(Ry,eV)=        0.0000011661        0.0000158651
 LMCC esns total grid integral=        0.6572618308
  
 grid-integrated up-density total =       69.9999686360
 grid-integrated dn-density total =       67.9999913210
 grid-integrated valence-density total =      137.9999599571
  
 TOTAL single particle eigenvalue sum=      -115.0555876219
  
 rms,max scfchange=  3.9835D-04  5.2121D-02 for component#    340742
 electronic meth_bl(BROYDEN)=           1
>>>>> Broyden blend to get next step - elec
<<<<< Broyden step complete, scf step=     5

 After blending   +   20.00 =     265.6 seconds wall (    4.48 usr    2.68 sys)
  
 *************************  iteration   6 begins here  *************************


 erlsolv/begin  +    0.01 =     265.6 seconds wall (    0.00 usr    0.00 sys)
 PERLSOLV: kpp-copmatible version

 erlsolv/schroed+    0.10 =     265.7 seconds wall (    0.09 usr    0.01 sys)

 erlsolv/pop    +    0.00 =     265.7 seconds wall (    0.00 usr    0.00 sys)

 erlsolv/dmat compute+    0.00 =     265.7 seconds wall (    0.00 usr    0.00 sys)

 erlsolv/dmat compute+    0.01 =     265.7 seconds wall (    0.00 usr    0.00 sys)

 erlsolv/rhoij  +    0.01 =     265.7 seconds wall (    0.00 usr    0.01 sys)

 spin-up fermi level =   -0.151773 Ry,   gap(0K)= 0.123047 Ry = 1.674 eV
 spin-dn fermi level =   -0.400280 Ry,   gap(0K)= 0.126999 Ry = 1.728 eV
  
 delta movement in up-elecs =        8.0128392231
 delta movement in dn-elecs =        7.9552005004
 delta movement in electrons =       14.7236695943

 one-center local charge defect =        -0.00008032

 one-center local charge defect =        -0.00007697

 LMCC local dipole, |dip|=        0.4854857645
 Using LMCC treatment of supercell electrostatics
 DBG/LMCCINT, esns diagnostics redone
 LMCC chemical potential shift(Ry,eV)=        0.0000010863        0.0000147804
 LMCC esns total grid integral=        0.6557588447
  
 grid-integrated up-density total =       69.9999691683
 grid-integrated dn-density total =       67.9999907870
 grid-integrated valence-density total =      137.9999599554
  
 TOTAL single particle eigenvalue sum=      -114.9080813217
  
 rms,max scfchange=  2.9668D-04  4.2925D-02 for component#    340742
 ######################  ENERGY ANALYSIS  #######################
    Spherical-atom es ENERGY correction =      -257.4818673931
    Full spherical atom trace ENERGY =         -200.5319158720
    Spherical-atom-Vxc trace ENERGY =           217.4494652560
    non-spherical es ENERGY =                     0.6557619763
    Total Exc ENERGY =                         -114.0976152903

    total kinetic trace ENERGY =          259.8338912438
    non-local ps-pot trace ENERGY =        36.9035810289
    total electrostatic ENERGY =         -536.6460283054
    Total Vxc ENERGY =                   -147.9590751462

    TOTAL ENERGY (Rydberg) =                   -354.0061713230

 ################################################################

 After blending   +   18.66 =     284.4 seconds wall (    4.38 usr    2.69 sys)
  
 >>>>> self-consistency achieved, iteration   6


 Final GAP(eV)=  1.6742 (up),  1.7279 (dn)

 spin-up fermi level =   -0.151773 Ry,   gap(0K)= 0.123047 Ry = 1.674 eV
 spin-dn fermi level =   -0.400280 Ry,   gap(0K)= 0.126999 Ry = 1.728 eV

 k-vector:                  1
  weight:               1.000000
            level/UP/occup       level/DN/occup
  
    1    -1.768788  1.0000    -1.767984  1.0000
    2    -1.762025  1.0000    -1.761693  1.0000
    3    -1.733004  1.0000    -1.732150  1.0000
    4    -1.369564  1.0000    -1.369514  1.0000
             ...      ...         ...      ...
   51    -0.656996  1.0000    -0.655901  1.0000
   52    -0.647653  1.0000    -0.640224  1.0000
   53    -0.634439  1.0000    -0.631880  1.0000
   54    -0.618042  1.0000    -0.616374  1.0000
   55    -0.609212  1.0000    -0.605786  1.0000
   56    -0.591976  1.0000    -0.590259  1.0000
   57    -0.583148  1.0000    -0.580583  1.0000
   58    -0.577141  1.0000    -0.576353  1.0000
   59    -0.550959  1.0000    -0.542866  1.0000
   60    -0.533443  1.0000    -0.529845  1.0000
   61    -0.530109  1.0000    -0.522768  1.0000
   62    -0.502798  1.0000    -0.501219  1.0000
   63    -0.497497  1.0000    -0.494739  1.0000
   64    -0.492007  1.0000    -0.491266  1.0000
   65    -0.490661  1.0000    -0.485257  1.0000
   66    -0.486734  1.0000    -0.482052  1.0000
   67    -0.471094  1.0000    -0.467344  1.0000
   68    -0.466572  1.0000    -0.463780  1.0000
   69    -0.444684  1.0000    -0.336781  0.0000
   70    -0.213296  1.0000    -0.090547  0.0000
   71    -0.090249  0.0000    -0.089042  0.0000
   72    -0.002412  0.0000     0.000957  0.0000
   73     0.000855  0.0000     0.004872  0.0000
   74     0.010160  0.0000     0.013587  0.0000
   75     0.020097  0.0000     0.022208  0.0000
   76     0.041110  0.0000     0.042968  0.0000
   77     0.048611  0.0000     0.053482  0.0000
   78     0.054687  0.0000     0.057569  0.0000
             ...      ...         ...      ...
  100     0.187642  0.0000     0.189593  0.0000
  

 IMAGE  1 CONVERGED ENERGY (Ry)=     -354.0061713230
 Binding energy =       -0.8185463230 Ry =            -11.1370 eV

 AFTER ITERATIONS +    0.02 =     284.4 seconds wall (    0.00 usr    0.00 sys)

 atom xc0frc stress term=       88.8817843543
 mat0frc: stripe-parallel, KPSTORE= F
  
 total force contributions(Ry/bohr):
        atom       x force          y force          z force
          1     -0.0278591100     0.0027916497    -0.0185900402
          2      0.0187495985    -0.0069656150     0.0000035371
          3     -0.0032945803    -0.0052730108    -0.0004684979
          4     -0.0354258765    -0.0108706173     0.0033961813
          5      0.0113992454    -0.0063902269     0.0038701022
          6     -0.0012386352    -0.0011042036    -0.0107809590
          7      0.0069039697    -0.0091625968    -0.0032977984
          8      0.0201962780     0.0354945173    -0.0167579029
          9     -0.0532617309    -0.0326941989     0.0228774668
         10     -0.0055532137    -0.0012075893     0.0012744863
         11      0.0076568537     0.0041713035    -0.0131121756
         12     -0.0009815780     0.0031457919    -0.0020378004
         13      0.0257126728     0.0039247364     0.0057079480
         14      0.0066005212     0.0044564996    -0.0048860740
         15     -0.0024351818     0.0058924922     0.0039135664
         16      0.0030907086     0.0026961028    -0.0024518847
         17     -0.0142694011    -0.0020594706    -0.0019303133
         18     -0.0001284417    -0.0031845542     0.0026534937
         19      0.0004528013     0.0012689870     0.0059185962
         20      0.0063741624    -0.0003074981    -0.0007672725
         21     -0.0083473021     0.0126381128     0.0090880058
         22     -0.0030543865    -0.0011352079     0.0024464216
         23     -0.0017661741    -0.0015538300    -0.0059979897
         24      0.0197622317    -0.0370034511     0.0333937608
         25     -0.0106292017     0.0135572603    -0.0225672952
         26      0.0200433364     0.0222247580    -0.0138194376
         27     -0.0045158110    -0.0007284973     0.0032228550
         28     -0.0013688377     0.0000379580     0.0022146783
         29      0.0020690425     0.0002109593     0.0067642032
         30     -0.0075898822    -0.0211899223     0.0005611164
         31      0.0323994978    -0.0155611552     0.0469812435
         32     -0.0254431093    -0.0264032235    -0.0017315353
         33     -0.0061503952    -0.0080009677    -0.0114012915
         34     -0.0086584331    -0.0027279802     0.0006447482
         35      0.0119732100    -0.0134265191     0.0001140605
         36      0.0218908185    -0.0082762517     0.0010767759
         37     -0.0025527570    -0.0024806088    -0.0457400227
         38      0.0290892569    -0.0022485147    -0.0653252217
         39      0.0109450588     0.0063033186     0.0050805189
         40      0.0162860354     0.0226109267     0.0003881939
         41     -0.0158512683    -0.0149663131     0.0061775755
         42      0.0075256133    -0.0022381648    -0.0103960000
         43      0.0029416992     0.0005274922     0.0063448206
         44     -0.0163744746     0.0032875163    -0.0000277483
         45      0.0014211101     0.0058189522    -0.0008484722
         46     -0.0023789321     0.0008986692    -0.0047470362
         47     -0.0006390818     0.0075922892     0.0041372558
         48     -0.0103336723     0.0003661014    -0.0014362882
         49     -0.0125678318     0.0298661510    -0.0405707361
         50     -0.0357435347     0.0043984846     0.1059429448
         51      0.0421398525     0.0494282673    -0.0040629649
         52      0.0000956180    -0.0042529981    -0.0064345607
         53     -0.0052182613    -0.0023405506    -0.0040338073
         54     -0.0012088222    -0.0009285795     0.0010623909
         55     -0.0045706924    -0.0005181852    -0.0090037805
         56      0.0067954662    -0.0127290542     0.0054698546
         57     -0.0123600639    -0.0033299497     0.0039115934
         58      0.0094876735     0.0106245769     0.0032861917
         59      0.0075183860    -0.0030442041    -0.0029081293
         60      0.0004365554     0.0043139214    -0.0024984684
         61     -0.0059788711    -0.0031823923     0.0029585229
         62     -0.0088621408     0.0059915730     0.0006783853
         63      0.0008794286     0.0003282897    -0.0000177509
      f-defect       -0.0057749843    -0.0026184442    -0.0270877598

 AFTER FORCE RTNS +    2.34 =     286.8 seconds wall (    2.24 usr    0.08 sys)
  
 >>>>> collect image results at master NEB node
 >>>>> GSELECT begins, nslics=           0
 <<<<< GSELECT ends
 >>>>> GSELECT begins, nslics=           0
 <<<<< GSELECT ends
 >>>>> GSELECT begins, nslics=           0
 <<<<< GSELECT ends
 >>>>> GSELECT begins, nslics=           0
 <<<<< GSELECT ends
 >>>>> GSELECT begins, nslics=           0
 <<<<< GSELECT ends
 >>>>> GSELECT begins, nslics=           0
 <<<<< GSELECT ends
 >>>>> GUPDATE begins, nslics=           0
 GUPDATE: Largest relax: atom#, dr(au)=    24    0.129892
 <<<<< GUPDATE ends
 >>>>> GUPDATE begins, nslics=           0
 GUPDATE: Largest relax: atom#, dr(au)=    51    1.134735
 <<<<< GUPDATE ends
 >>>>> GUPDATE begins, nslics=           0
 GUPDATE: Largest relax: atom#, dr(au)=    51    0.900561
 <<<<< GUPDATE ends
 >>>>> GUPDATE begins, nslics=           0
 GUPDATE: Largest relax: atom#, dr(au)=    21    2.974415
 <<<<< GUPDATE ends
 >>>>> GUPDATE begins, nslics=           0
 GUPDATE: Largest relax: atom#, dr(au)=    18    1.904164
 <<<<< GUPDATE ends
 >>>>> GUPDATE begins, nslics=           0
 GUPDATE: Largest relax: atom#, dr(au)=    18    0.449340
 <<<<< GUPDATE ends

 ###############################################################################
   NEW GEOMETRY for image  1, step   3
atom, type, position; image#   1
 AT1          O                -2.9340711638    1.2194130090    3.9004115342 
 AT2          Si                0.1389350681    1.3346280761    4.9431370532 
 AT3          Si               -5.7478976030    0.8440247665    5.1262325170 
 AT4          C                 0.4177307100    3.5004991394    7.7606392712 
 AT5          C                 1.1870365704   -1.9263815435    5.9605801266 
 AT6          C                -6.6890503032    3.7024376439    7.0265065247 
 AT7          C                -5.7805641117   -2.1203329678    7.0891015203 
 AT8          C                 2.0738354355    2.3509563071    2.1693089887 
 AT9          C                 4.9265170114    2.0868509137    2.5259178841 
 AT10         C                -7.9168164047    0.5230836919    2.3312615163 
 AT11         C               -10.2191856294   -0.4838944832    2.3698908636 
 AT12         H                -0.3607310389    5.3794164484    7.3523188455 
 AT13         H                 2.4141376095    3.7434031145    8.3733074403 
 AT14         H                -0.6551964760    2.6908106028    9.3528971910 
 AT15         H                 1.1108733249   -3.2240471076    4.4167922525 
 AT16         H                -0.0587886684   -2.6670283583    7.4524890020 
 AT17         H                 3.1300679530   -1.8974516920    6.6904739156 
 AT18         H                -6.5471527768    5.4126754114    5.8577172699 
 AT19         H                -5.4501314604    3.9598100761    8.6800033187 
 AT20         H                -8.6530461137    3.5166127004    7.6799318427 
 AT21         H                -4.9666402300   -3.7005654315    6.0316423865 
 AT22         H                -7.7284098733   -2.6219407165    7.6277241247 
 AT23         H                -4.7013869002   -1.8912710926    8.8554106846 
 AT24         H                 1.3124416469    3.4393170411    0.6910852037 
 AT25         H                 5.8521852469    0.8576729641    3.8593696909 
 AT26         H                 6.1932922874    3.1344050019    1.2057754930 
 AT27         H                -7.2654125973    1.3169992103    0.5281094035 
 AT28         H               -11.0240704461   -1.3144684201    4.1121625488 
 AT29         H               -11.4488950446   -0.6100921732    0.7272182216 
 AT30         Si                2.0008482840   -1.9509797928   -2.9843444349 
 AT31         O                -0.1526536851   -0.9123258789   -5.1504866854 
 AT32         O                 4.5875753035   -0.0946263257   -3.5221266718 
 AT33         Si                7.7157786362   -0.5262335996   -4.1181627159 
 AT34         Si               -3.2775490367   -0.1878810770   -4.9577423099 
 AT35         C                -3.5773079877    2.8736509247   -3.2183428693 
 AT36         C                -5.0722080247   -2.8382130803   -3.3764295309 
 AT37         C                 2.6916512437   -5.6679144684   -3.6682295161 
 AT38         H                 0.9863201262   -1.4411817624   -0.1020793832 
 AT39         C                 9.0745959571   -3.1170228699   -2.0763253845 
 AT40         C                 9.3014527718    2.5450884886   -3.3746733866 
 AT41         C                 8.0420401348   -1.2599718170   -7.5993882224 
 AT42         C                -4.4122429212    0.1586596267   -8.2924581463 
 AT43         H                -2.9291025218    2.6953452596   -1.2654528266 
 AT44         H                -5.5521124201    3.5551812233   -3.1680535777 
 AT45         H                -2.4496102266    4.3422108831   -4.1559683385 
 AT46         H                -4.4832513570   -3.1231639620   -1.4019066506 
 AT47         H                -4.7617795327   -4.6296549510   -4.3933600028 
 AT48         H                -7.1116248133   -2.4494812088   -3.3774057294 
 AT49         H                 3.8853101720   -6.5512497522   -2.1181947818 
 AT50         H                 3.5994561146   -5.8388071041   -5.6613139944 
 AT51         H                 0.9401656941   -6.8837007160   -3.6427806240 
 AT52         H                 8.5072483367   -2.8119288434   -0.0967220590 
 AT53         H                11.1473125805   -3.0732852349   -2.1299767152 
 AT54         H                 8.4620097205   -5.0186551503   -2.6635781207 
 AT55         H                 9.5172470002    2.8233321709   -1.3243840621 
 AT56         H                 8.2181121874    4.1502091377   -4.1319269428 
 AT57         H                11.2236245292    2.6017848278   -4.2028224945 
 AT58         H                 6.9634529373   -2.9591766972   -8.1042494987 
 AT59         H                10.0263826430   -1.5458432069   -8.1687586535 
 AT60         H                 7.2795692513    0.3132573751   -8.7282372851 
 AT61         H                -3.3696752149    1.6421049422   -9.3017266338 
 AT62         H                -6.4364498243    0.6566148732   -8.2878782769 
 AT63         H                -4.2139802699   -1.6207883398   -9.3446157660 
 ###############################################################################

 After geometry   +   38.16 =     324.9 seconds wall (   37.83 usr    0.02 sys)
  
 LATVEC: nlat1c,nlat2c,nlat =           1           1           1

  Atom
  Type  Shell  Min-alf     range
    1        0.129289   8.279963
    2        0.102474   9.300415
    3        0.143749   7.852478
    4        0.078997  10.592631
    5        0.095999   9.608947
    6        0.073120  11.010095
 Turnover EF->DM npopdm, npop0k=          86          70
 DEV264h/wkmem: perlsolv dist-mem
 DEV/wkmem: KPSTORE= F
 DEV/wkmem: psolv version, input do_psolv= F

 Need       24000-length r*4 array to pack grid wfcns/box
 Need     3049125-length r*4 array to pack all grid wfcns
 Need       24000-length r*4 array for grid wfcns scratch
 WKMEM: using stripe-parallel+Merge  setup
 Minimum maxwkd for scf to complete=    84027785
 All grid wfcns stored in   1524563 of 147971815 available
 WKMEM: in-core Broyden! uses   1045890 out of 146447252 available
  
 Atom type   1  radial valence charge =    5.999995363882
 Atom type   1      xc valence charge =    6.499995360087
  
 Atom type   2  radial valence charge =    0.999999985299
  
 Atom type   3  radial valence charge =    3.999996877569
  
 Atom type   4  radial valence charge =    9.999999976019
  
 Atom type   5  radial valence charge =    4.999999641069
  
 Atom type   6  radial valence charge =    3.999999473876
 mat0set: stripe-parallel, KPSTORE= F

   sij compute    +    0.02 =     324.9 seconds wall (    0.02 usr    0.00 sys)

   sij/nlat-bcast +    0.02 =     325.0 seconds wall (    0.02 usr    0.00 sys)

   vlocmat compute+    0.59 =     325.5 seconds wall (    0.50 usr    0.00 sys)

   vlocmii compute+    0.03 =     325.6 seconds wall (    0.03 usr    0.00 sys)

   nlocmat compute+    0.30 =     325.9 seconds wall (    0.24 usr    0.00 sys)
 NLOCMAT: Max neqilat=           1

 After mat0set    +    0.03 =     325.9 seconds wall (    0.01 usr    0.00 sys)

 grid0xc compute+    2.33 =     328.2 seconds wall (    2.26 usr    0.03 sys)

 grid0xc Merge  +    0.13 =     328.4 seconds wall (    0.00 usr    0.13 sys)

 grid0xc Bcast  +    0.88 =     329.2 seconds wall (    0.88 usr    0.00 sys)


 AFTER SETUP PHASE+   10.78 =     340.0 seconds wall (    0.59 usr    1.50 sys)

  
 *************************  iteration   0 begins here  *************************


 Before iterations+    0.15 =     340.2 seconds wall (    0.12 usr    0.01 sys)
  
 grid-integrated up-density total =       69.0002358453
 grid-integrated dn-density total =       69.0002358453
 grid-integrated valence-density total =      138.0004716907
 Harris Fcnal XC piece=       33.2725900673
  
  

 After 0 iteration+    1.87 =     342.0 seconds wall (    1.71 usr    0.14 sys)
 *************************  iteration   1 begins here  *************************


 erlsolv/begin  +    0.08 =     342.1 seconds wall (    0.00 usr    0.01 sys)
 PERLSOLV: kpp-copmatible version

 erlsolv/schroed+    0.11 =     342.2 seconds wall (    0.10 usr    0.01 sys)

 erlsolv/pop    +    0.00 =     342.2 seconds wall (    0.00 usr    0.00 sys)

 erlsolv/dmat compute+    0.00 =     342.2 seconds wall (    0.00 usr    0.00 sys)

 erlsolv/dmat compute+    0.01 =     342.3 seconds wall (    0.01 usr    0.01 sys)

 erlsolv/rhoij  +    0.01 =     342.3 seconds wall (    0.00 usr    0.01 sys)

 spin-up fermi level =   -0.213904 Ry,   gap(0K)= 0.052716 Ry = 0.717 eV
 spin-dn fermi level =   -0.539623 Ry,   gap(0K)= 0.071222 Ry = 0.969 eV

 k-vector:                  1
  weight:               1.000000
            level/UP/occup       level/DN/occup
  
    1    -1.885571  1.0000    -1.885571  1.0000
    2    -1.874905  1.0000    -1.874905  1.0000
    3    -1.842647  1.0000    -1.842647  1.0000
    4    -1.531565  1.0000    -1.531565  1.0000
             ...      ...         ...      ...
   51    -0.757641  1.0000    -0.757641  1.0000
   52    -0.748361  1.0000    -0.748361  1.0000
   53    -0.738860  1.0000    -0.738860  1.0000
   54    -0.734335  1.0000    -0.734335  1.0000
   55    -0.711866  1.0000    -0.711866  1.0000
   56    -0.707901  1.0000    -0.707901  1.0000
   57    -0.696238  1.0000    -0.696238  1.0000
   58    -0.685846  1.0000    -0.685846  1.0000
   59    -0.672902  1.0000    -0.672902  1.0000
   60    -0.648852  1.0000    -0.648852  1.0000
   61    -0.633675  1.0000    -0.633675  1.0000
   62    -0.629272  1.0000    -0.629272  1.0000
   63    -0.626253  1.0000    -0.626253  1.0000
   64    -0.621912  1.0000    -0.621912  1.0000
   65    -0.620160  1.0000    -0.620160  1.0000
   66    -0.608581  1.0000    -0.608581  1.0000
   67    -0.599052  1.0000    -0.599052  1.0000
   68    -0.575234  1.0000    -0.575234  1.0000
   69    -0.504012  1.0000    -0.504012  0.0000
   70    -0.240262  1.0000    -0.240262  0.0000
   71    -0.187546  0.0000    -0.187546  0.0000
   72    -0.049953  0.0000    -0.049953  0.0000
   73    -0.041962  0.0000    -0.041962  0.0000
   74    -0.033454  0.0000    -0.033454  0.0000
   75    -0.023710  0.0000    -0.023710  0.0000
   76    -0.017269  0.0000    -0.017269  0.0000
   77     0.002719  0.0000     0.002719  0.0000
   78     0.007231  0.0000     0.007231  0.0000
             ...      ...         ...      ...
  100     0.133810  0.0000     0.133810  0.0000
  
 delta movement in up-elecs =       10.8510644044
 delta movement in dn-elecs =       10.6259473396
 delta movement in electrons =       20.3932947594

 one-center local charge defect =        -0.00006245

 one-center local charge defect =        -0.00006522

 LMCC local dipole, |dip|=        1.4760966821
 Using LMCC treatment of supercell electrostatics
 DBG/LMCCINT, esns diagnostics redone
 LMCC chemical potential shift(Ry,eV)=       -0.0000023724       -0.0000322790
 LMCC esns total grid integral=        2.0619192095
  
 grid-integrated up-density total =       69.9999690784
 grid-integrated dn-density total =       67.9999969531
 grid-integrated valence-density total =      137.9999660315
  
 TOTAL single particle eigenvalue sum=      -130.5627198504
  
 rms,max scfchange=  1.3031D-02  4.6388D-01 for component#    340742
 electronic meth_bl(BROYDEN)=           1
>>>>> Broyden: first step (elec) simple blend ratio= 0.050000
<<<<< Broyden step complete, scf step=     1

 After blending   +   21.11 =     363.4 seconds wall (    4.89 usr    3.30 sys)
  
 *************************  iteration   2 begins here  *************************


 erlsolv/begin  +    0.02 =     363.4 seconds wall (    0.00 usr    0.00 sys)
 PERLSOLV: kpp-copmatible version

 erlsolv/schroed+    0.08 =     363.5 seconds wall (    0.07 usr    0.01 sys)

 erlsolv/pop    +    0.00 =     363.5 seconds wall (    0.00 usr    0.00 sys)

 erlsolv/dmat compute+    0.00 =     363.5 seconds wall (    0.00 usr    0.00 sys)

 erlsolv/dmat compute+    0.01 =     363.5 seconds wall (    0.00 usr    0.00 sys)

 erlsolv/rhoij  +    0.01 =     363.5 seconds wall (    0.00 usr    0.00 sys)

 spin-up fermi level =   -0.203465 Ry,   gap(0K)= 0.056923 Ry = 0.774 eV
 spin-dn fermi level =   -0.526885 Ry,   gap(0K)= 0.074798 Ry = 1.018 eV
  
 delta movement in up-elecs =       10.4311333430
 delta movement in dn-elecs =       10.2426662768
 delta movement in electrons =       19.5634171984

 one-center local charge defect =        -0.00006340

 one-center local charge defect =        -0.00006559

 LMCC local dipole, |dip|=        1.2229068325
 Using LMCC treatment of supercell electrostatics
 DBG/LMCCINT, esns diagnostics redone
 LMCC chemical potential shift(Ry,eV)=       -0.0000005636       -0.0000076685
 LMCC esns total grid integral=        1.8209748598
  
 grid-integrated up-density total =       69.9999678707
 grid-integrated dn-density total =       67.9999952665
 grid-integrated valence-density total =      137.9999631373
  
 TOTAL single particle eigenvalue sum=      -128.6933531391
  
 rms,max scfchange=  1.1453D-02  4.0419D-01 for component#    354242
 electronic meth_bl(BROYDEN)=           1
>>>>> Broyden blend to get next step - elec
<<<<< Broyden step complete, scf step=     2

 After blending   +   20.31 =     383.8 seconds wall (    5.44 usr    3.41 sys)
  
 *************************  iteration   3 begins here  *************************


 erlsolv/begin  +    0.01 =     383.8 seconds wall (    0.00 usr    0.01 sys)
 PERLSOLV: kpp-copmatible version

 erlsolv/schroed+    0.10 =     383.9 seconds wall (    0.09 usr    0.01 sys)

 erlsolv/pop    +    0.00 =     383.9 seconds wall (    0.00 usr    0.00 sys)

 erlsolv/dmat compute+    0.00 =     383.9 seconds wall (    0.00 usr    0.00 sys)

 erlsolv/dmat compute+    0.02 =     383.9 seconds wall (    0.01 usr    0.01 sys)

 erlsolv/rhoij  +    0.01 =     383.9 seconds wall (    0.00 usr    0.01 sys)

 spin-up fermi level =   -0.136533 Ry,   gap(0K)= 0.092700 Ry = 1.261 eV
 spin-dn fermi level =   -0.427541 Ry,   gap(0K)= 0.087639 Ry = 1.192 eV
  
 delta movement in up-elecs =        8.0721418403
 delta movement in dn-elecs =        8.0388546503
 delta movement in electrons =       14.9480441764

 one-center local charge defect =        -0.00007048

 one-center local charge defect =        -0.00007021

 LMCC local dipole, |dip|=        0.5759519774
 Using LMCC treatment of supercell electrostatics
 DBG/LMCCINT, esns diagnostics redone
 LMCC chemical potential shift(Ry,eV)=        0.0000018782        0.0000255548
 LMCC esns total grid integral=        0.7058462993
  
 grid-integrated up-density total =       69.9999604090
 grid-integrated dn-density total =       67.9999868409
 grid-integrated valence-density total =      137.9999472499
  
 TOTAL single particle eigenvalue sum=      -116.2298646039
  
 rms,max scfchange=  1.3780D-03  1.0501D-01 for component#    191701
 electronic meth_bl(BROYDEN)=           1
>>>>> Broyden blend to get next step - elec
<<<<< Broyden step complete, scf step=     3

 After blending   +   21.60 =     405.6 seconds wall (    5.14 usr    2.99 sys)
  
 *************************  iteration   4 begins here  *************************


 erlsolv/begin  +    0.09 =     405.6 seconds wall (    0.09 usr    0.00 sys)
 PERLSOLV: kpp-copmatible version

 erlsolv/schroed+    0.12 =     405.8 seconds wall (    0.11 usr    0.01 sys)

 erlsolv/pop    +    0.00 =     405.8 seconds wall (    0.00 usr    0.00 sys)

 erlsolv/dmat compute+    0.00 =     405.8 seconds wall (    0.00 usr    0.00 sys)

 erlsolv/dmat compute+    0.01 =     405.8 seconds wall (    0.01 usr    0.00 sys)

 erlsolv/rhoij  +    0.01 =     405.8 seconds wall (    0.00 usr    0.00 sys)

 spin-up fermi level =   -0.133848 Ry,   gap(0K)= 0.099936 Ry = 1.360 eV
 spin-dn fermi level =   -0.419333 Ry,   gap(0K)= 0.090256 Ry = 1.228 eV
  
 delta movement in up-elecs =        7.9801086206
 delta movement in dn-elecs =        7.9510454933
 delta movement in electrons =       14.7565960340

 one-center local charge defect =        -0.00007122

 one-center local charge defect =        -0.00007067

 LMCC local dipole, |dip|=        0.5471581840
 Using LMCC treatment of supercell electrostatics
 DBG/LMCCINT, esns diagnostics redone
 LMCC chemical potential shift(Ry,eV)=        0.0000017125        0.0000233003
 LMCC esns total grid integral=        0.6639044620
  
 grid-integrated up-density total =       69.9999605436
 grid-integrated dn-density total =       67.9999865572
 grid-integrated valence-density total =      137.9999471008
  
 TOTAL single particle eigenvalue sum=      -115.4512676422
  
 rms,max scfchange=  1.0018D-03  9.6604D-02 for component#    191701
 electronic meth_bl(BROYDEN)=           1
>>>>> Broyden blend to get next step - elec
<<<<< Broyden step complete, scf step=     4

 After blending   +   20.61 =     426.4 seconds wall (    4.97 usr    2.62 sys)
  
 *************************  iteration   5 begins here  *************************


 erlsolv/begin  +    0.01 =     426.4 seconds wall (    0.00 usr    0.00 sys)
 PERLSOLV: kpp-copmatible version

 erlsolv/schroed+    0.08 =     426.5 seconds wall (    0.07 usr    0.01 sys)

 erlsolv/pop    +    0.00 =     426.5 seconds wall (    0.00 usr    0.00 sys)

 erlsolv/dmat compute+    0.00 =     426.5 seconds wall (    0.00 usr    0.00 sys)

 erlsolv/dmat compute+    0.01 =     426.5 seconds wall (    0.01 usr    0.00 sys)

 erlsolv/rhoij  +    0.01 =     426.5 seconds wall (    0.00 usr    0.00 sys)

 spin-up fermi level =   -0.139758 Ry,   gap(0K)= 0.123212 Ry = 1.676 eV
 spin-dn fermi level =   -0.410416 Ry,   gap(0K)= 0.103342 Ry = 1.406 eV
  
 delta movement in up-elecs =        7.9939340358
 delta movement in dn-elecs =        7.9508081851
 delta movement in electrons =       14.7169748265

 one-center local charge defect =        -0.00007257

 one-center local charge defect =        -0.00007120

 LMCC local dipole, |dip|=        0.5482751744
 Using LMCC treatment of supercell electrostatics
 DBG/LMCCINT, esns diagnostics redone
 LMCC chemical potential shift(Ry,eV)=        0.0000011976        0.0000162946
 LMCC esns total grid integral=        0.6594663468
  
 grid-integrated up-density total =       69.9999638460
 grid-integrated dn-density total =       67.9999868605
 grid-integrated valence-density total =      137.9999507065
  
 TOTAL single particle eigenvalue sum=      -115.2164674716
  
 rms,max scfchange=  3.9919D-04  5.3116D-02 for component#    340742
 electronic meth_bl(BROYDEN)=           1
>>>>> Broyden blend to get next step - elec
<<<<< Broyden step complete, scf step=     5

 After blending   +   21.80 =     448.3 seconds wall (    5.08 usr    2.49 sys)
  
 *************************  iteration   6 begins here  *************************


 erlsolv/begin  +    0.00 =     448.3 seconds wall (    0.00 usr    0.00 sys)
 PERLSOLV: kpp-copmatible version

 erlsolv/schroed+    0.13 =     448.4 seconds wall (    0.07 usr    0.01 sys)

 erlsolv/pop    +    0.00 =     448.4 seconds wall (    0.00 usr    0.00 sys)

 erlsolv/dmat compute+    0.00 =     448.4 seconds wall (    0.00 usr    0.00 sys)

 erlsolv/dmat compute+    0.01 =     448.4 seconds wall (    0.01 usr    0.00 sys)

 erlsolv/rhoij  +    0.00 =     448.4 seconds wall (    0.00 usr    0.00 sys)

 spin-up fermi level =   -0.141725 Ry,   gap(0K)= 0.128505 Ry = 1.748 eV
 spin-dn fermi level =   -0.406289 Ry,   gap(0K)= 0.109508 Ry = 1.490 eV
  
 delta movement in up-elecs =        7.9928546772
 delta movement in dn-elecs =        7.9496704803
 delta movement in electrons =       14.6980117379

 one-center local charge defect =        -0.00007287

 one-center local charge defect =        -0.00007115

 LMCC local dipole, |dip|=        0.5367671746
 Using LMCC treatment of supercell electrostatics
 DBG/LMCCINT, esns diagnostics redone
 LMCC chemical potential shift(Ry,eV)=        0.0000011493        0.0000156376
 LMCC esns total grid integral=        0.6569380769
  
 grid-integrated up-density total =       69.9999642791
 grid-integrated dn-density total =       67.9999864964
 grid-integrated valence-density total =      137.9999507755
  
 TOTAL single particle eigenvalue sum=      -115.0710004981
  
 rms,max scfchange=  3.1671D-04  4.4743D-02 for component#    340742
 ######################  ENERGY ANALYSIS  #######################
    Spherical-atom es ENERGY correction =      -257.1633507857
    Full spherical atom trace ENERGY =         -201.4809206163
    Spherical-atom-Vxc trace ENERGY =           218.2097493422
    non-spherical es ENERGY =                     0.6569400090
    Total Exc ENERGY =                         -114.2445375191

    total kinetic trace ENERGY =          260.3582026203
    non-local ps-pot trace ENERGY =        36.9137010918
    total electrostatic ENERGY =         -537.0494857629
    Total Vxc ENERGY =                   -148.1518495469

    TOTAL ENERGY (Rydberg) =                   -354.0221195700

 ################################################################

 After blending   +   19.25 =     467.7 seconds wall (    4.56 usr    2.54 sys)
  
 >>>>> self-consistency achieved, iteration   6


 Final GAP(eV)=  1.7484 (up),  1.4900 (dn)

 spin-up fermi level =   -0.141725 Ry,   gap(0K)= 0.128505 Ry = 1.748 eV
 spin-dn fermi level =   -0.406289 Ry,   gap(0K)= 0.109508 Ry = 1.490 eV

 k-vector:                  1
  weight:               1.000000
            level/UP/occup       level/DN/occup
  
    1    -1.766400  1.0000    -1.765604  1.0000
    2    -1.755319  1.0000    -1.754966  1.0000
    3    -1.729396  1.0000    -1.728588  1.0000
    4    -1.367908  1.0000    -1.367806  1.0000
             ...      ...         ...      ...
   51    -0.657779  1.0000    -0.656421  1.0000
   52    -0.647667  1.0000    -0.644416  1.0000
   53    -0.639323  1.0000    -0.636683  1.0000
   54    -0.617877  1.0000    -0.616096  1.0000
   55    -0.602041  1.0000    -0.598573  1.0000
   56    -0.590534  1.0000    -0.588594  1.0000
   57    -0.582956  1.0000    -0.580517  1.0000
   58    -0.575973  1.0000    -0.575367  1.0000
   59    -0.553967  1.0000    -0.544505  1.0000
   60    -0.535082  1.0000    -0.532034  1.0000
   61    -0.526092  1.0000    -0.516814  1.0000
   62    -0.501691  1.0000    -0.499551  1.0000
   63    -0.498272  1.0000    -0.495544  1.0000
   64    -0.493418  1.0000    -0.492262  1.0000
   65    -0.490382  1.0000    -0.484330  1.0000
   66    -0.481749  1.0000    -0.479697  1.0000
   67    -0.471775  1.0000    -0.466875  1.0000
   68    -0.463942  1.0000    -0.461043  1.0000
   69    -0.453550  1.0000    -0.351534  0.0000
   70    -0.205977  1.0000    -0.085347  0.0000
   71    -0.077472  0.0000    -0.077330  0.0000
   72     0.000865  0.0000     0.003157  0.0000
   73     0.002943  0.0000     0.007160  0.0000
   74     0.010465  0.0000     0.013633  0.0000
   75     0.024466  0.0000     0.026105  0.0000
   76     0.041504  0.0000     0.043424  0.0000
   77     0.050688  0.0000     0.055362  0.0000
   78     0.057248  0.0000     0.060301  0.0000
             ...      ...         ...      ...
  100     0.190627  0.0000     0.191989  0.0000
  

 IMAGE  1 CONVERGED ENERGY (Ry)=     -354.0221195700
 Binding energy =       -0.8344945700 Ry =            -11.3540 eV

 AFTER ITERATIONS +    0.00 =     467.7 seconds wall (    0.00 usr    0.00 sys)

 atom xc0frc stress term=       88.8817843543
 mat0frc: stripe-parallel, KPSTORE= F
  
 total force contributions(Ry/bohr):
        atom       x force          y force          z force
          1      0.0810936959     0.0052088301    -0.0151532273
          2     -0.0211220914     0.0039691904    -0.0287955756
          3     -0.0391263982    -0.0080113089     0.0108243280
          4      0.0118371912     0.0023711570     0.0080800493
          5     -0.0034576033     0.0207509666     0.0279597958
          6      0.0034473398    -0.0051534077     0.0025130657
          7     -0.0132018876     0.0069026114     0.0081446313
          8      0.0038132231    -0.0462914681     0.0946296402
          9      0.0265799921     0.0371361793    -0.0607994578
         10      0.0181115005     0.0119811405    -0.0023888388
         11     -0.0276265042    -0.0212298235     0.0246068550
         12     -0.0010797799    -0.0008190528    -0.0013963813
         13     -0.0153554853    -0.0034424835    -0.0076339944
         14      0.0016283394     0.0015973398     0.0026331447
         15     -0.0023786765    -0.0235343935    -0.0338507664
         16      0.0021229089     0.0044787072     0.0000232529
         17      0.0000397828    -0.0013163827     0.0032680592
         18      0.0001957813     0.0010366231    -0.0018221045
         19     -0.0042689296     0.0002591952    -0.0011774376
         20      0.0028876715     0.0001656985     0.0000433512
         21      0.0012345589    -0.0052269525    -0.0015981183
         22      0.0046404541     0.0000495233     0.0000655615
         23      0.0007918741    -0.0015159353    -0.0026537391
         24     -0.0103411933     0.0243405065    -0.0473845449
         25     -0.0052007842    -0.0170580932     0.0073667375
         26     -0.0187175754    -0.0072479122     0.0276485712
         27     -0.0001050959     0.0004759054     0.0013737532
         28      0.0076745989     0.0047923301    -0.0143583876
         29     -0.0035768465     0.0022858946    -0.0082893600
         30      0.0017074258    -0.0199780506    -0.0083640475
         31      0.0158941313    -0.0106312808     0.0375695593
         32     -0.0185230934    -0.0310578968    -0.0015035906
         33     -0.0079295442    -0.0045133499    -0.0069958817
         34      0.0022732942    -0.0080792311    -0.0026547940
         35     -0.0122607092     0.0072919705    -0.0016526971
         36      0.0065055230    -0.0001920183    -0.0016071971
         37      0.0028193666     0.0181441467    -0.0110089983
         38      0.0249399966    -0.0029167512    -0.0567739070
         39     -0.0024144346    -0.0015515595    -0.0006581241
         40      0.0122377457     0.0063989518    -0.0009341770
         41      0.0015949775     0.0027582751     0.0021138834
         42     -0.0072360546    -0.0002261813    -0.0011872685
         43      0.0039002510    -0.0007614447     0.0067968572
         44      0.0060178751    -0.0055617889    -0.0001730363
         45      0.0005432668     0.0009068750     0.0010833707
         46     -0.0005050815     0.0005286986     0.0008840502
         47      0.0006623772     0.0015147783     0.0010932007
         48      0.0005730990    -0.0016341847    -0.0010197652
         49     -0.0082548910     0.0254525380    -0.0378772402
         50     -0.0212407513     0.0009034029     0.0661545156
         51      0.0173448626     0.0322742788    -0.0075105584
         52      0.0008394128    -0.0033121641    -0.0040135176
         53      0.0045350811    -0.0017736437    -0.0034038174
         54      0.0013784765     0.0056201603     0.0028590528
         55     -0.0035453326     0.0006112896    -0.0040860629
         56      0.0027803152    -0.0037346741     0.0016424403
         57     -0.0086559846    -0.0021007562     0.0024999311
         58      0.0012474706    -0.0016912519    -0.0004318625
         59     -0.0020654019    -0.0025411173     0.0003317523
         60      0.0015761245    -0.0010184965     0.0011145503
         61     -0.0018466404     0.0014314634    -0.0010099204
         62      0.0023754552     0.0030547651    -0.0000217536
         63      0.0012689571    -0.0032548254    -0.0029199107
      f-defect        0.0190776271    -0.0126844879    -0.0397861013

 AFTER FORCE RTNS +    2.29 =     470.0 seconds wall (    2.20 usr    0.06 sys)
  
 >>>>> collect image results at master NEB node
 >>>>> GSELECT begins, nslics=           0
 <<<<< GSELECT ends
 >>>>> GSELECT begins, nslics=           0
 <<<<< GSELECT ends
 >>>>> GSELECT begins, nslics=           0
 <<<<< GSELECT ends
 >>>>> GSELECT begins, nslics=           0
 <<<<< GSELECT ends
 >>>>> GSELECT begins, nslics=           0
 <<<<< GSELECT ends
 >>>>> GSELECT begins, nslics=           0
 <<<<< GSELECT ends
 >>>>> GUPDATE begins, nslics=           0
 GUPDATE: Largest relax: atom#, dr(au)=    49    1.228629
 <<<<< GUPDATE ends
 >>>>> GUPDATE begins, nslics=           0
 GUPDATE: Largest relax: atom#, dr(au)=     8    0.409022
 <<<<< GUPDATE ends
 >>>>> GUPDATE begins, nslics=           0
 GUPDATE: Largest relax: atom#, dr(au)=    25    0.881683
 <<<<< GUPDATE ends
 >>>>> GUPDATE begins, nslics=           0
 GUPDATE: Largest relax: atom#, dr(au)=    46    1.776092
 <<<<< GUPDATE ends
 >>>>> GUPDATE begins, nslics=           0
 GUPDATE: Largest relax: atom#, dr(au)=    18    2.266490
 <<<<< GUPDATE ends
 >>>>> GUPDATE begins, nslics=           0
 GUPDATE: Largest relax: atom#, dr(au)=    20    0.049575
 <<<<< GUPDATE ends

 ###############################################################################
   NEW GEOMETRY for image  1, step   4
atom, type, position; image#   1
 AT1          O                -2.9347556507    1.2197220408    3.9049628692 
 AT2          Si                0.1371601229    1.3357900781    4.9446178780 
 AT3          Si               -5.9207375233    0.8756552733    5.2841044121 
 AT4          C                 0.4008073900    3.5747152835    7.7899849146 
 AT5          C                 1.1367527227   -1.7663840629    6.2861543565 
 AT6          C                -6.8317865786    3.7595552593    7.1151436653 
 AT7          C                -5.9284273474   -2.0584516038    7.2318922519 
 AT8          C                 2.0262788581    2.3185053843    2.1860002976 
 AT9          C                 4.8429998285    2.3139175942    2.6389716236 
 AT10         C                -7.9117992876    0.5674168800    2.3897451477 
 AT11         C               -10.3165127103   -0.3151559185    2.3827193636 
 AT12         H                -0.3847628685    5.4890843790    7.3559470529 
 AT13         H                 2.3502202630    3.8854459737    8.4454799035 
 AT14         H                -0.6833023613    2.7705456990    9.3669791719 
 AT15         H                 1.0837549862   -3.1835376556    4.8179384995 
 AT16         H                -0.1087524203   -2.4645944532    7.7486797697 
 AT17         H                 3.0778963163   -1.6821752793    7.0118998761 
 AT18         H                -6.6401402669    5.4649850411    5.9319512457 
 AT19         H                -5.6375844039    4.0239197400    8.7978539299 
 AT20         H                -8.8116761978    3.6040649448    7.7073666696 
 AT21         H                -5.0983111138   -3.6436490993    6.2072101172 
 AT22         H                -7.8777435117   -2.5714595205    7.7317049642 
 AT23         H                -4.8843045874   -1.8263728640    9.0226077305 
 AT24         H                 0.9434817398    3.0949801603    0.4116586747 
 AT25         H                 5.9008849244    1.5239346705    4.0371218907 
 AT26         H                 6.1896270196    3.1310994115    1.2100078358 
 AT27         H                -7.1862975862    1.2034229645    0.6034261627 
 AT28         H               -11.2122291254   -0.9278213019    4.0392144198 
 AT29         H               -11.4445968157   -0.5367199631    0.6934418371 
 AT30         Si                2.1081940439   -2.2717314685   -3.1670835820 
 AT31         O                -0.0891230825   -0.8882228228   -5.1507142832 
 AT32         O                 4.6086939564   -0.1779131971   -3.5366879575 
 AT33         Si                7.7439825508   -0.5385368862   -4.1452483685 
 AT34         Si               -3.2758090556   -0.1877194017   -4.9580700630 
 AT35         C                -3.4631390350    2.8780433010   -3.1997947691 
 AT36         C                -5.0315510748   -2.8420555499   -3.3948456525 
 AT37         C                 2.8850817084   -6.0466238137   -4.5751330705 
 AT38         H                 1.1791238190   -2.2120993738   -0.1265102176 
 AT39         C                 9.2614461023   -3.0863761172   -2.1180579494 
 AT40         C                 9.2724468567    2.5658609556   -3.3926668189 
 AT41         C                 8.0544382877   -1.2543332625   -7.6073716125 
 AT42         C                -4.3939567247    0.2000030866   -8.2841045131 
 AT43         H                -2.7653395164    2.6830729847   -1.2572833892 
 AT44         H                -5.5507055984    3.5549163734   -3.1668778905 
 AT45         H                -2.3819994939    4.3496656853   -4.1673557311 
 AT46         H                -4.3953839649   -3.1881522548   -1.4428770214 
 AT47         H                -4.7531928748   -4.6193846731   -4.4680859975 
 AT48         H                -7.1091796012   -2.4479179024   -3.3777407485 
 AT49         H                 4.0593948944   -7.2098196879   -3.1406967548 
 AT50         H                 3.6027986655   -5.8387739877   -5.6802896770 
 AT51         H                 1.1878546942   -7.3857170366   -4.6677084853 
 AT52         H                 8.5669211661   -2.8131361935   -0.1263917812 
 AT53         H                11.3309416936   -2.9272301975   -2.1218820821 
 AT54         H                 8.7631814813   -5.0210269598   -2.7256588721 
 AT55         H                 9.4508298541    2.8220028639   -1.3551499016 
 AT56         H                 8.1089909027    4.1390074355   -4.1721163705 
 AT57         H                11.1828094722    2.6578519239   -4.1915505387 
 AT58         H                 7.0430477620   -2.9584875423   -8.1324761584 
 AT59         H                10.0615820952   -1.4877182359   -8.2042925065 
 AT60         H                 7.2831829577    0.3136734622   -8.7505098077 
 AT61         H                -3.3686237647    1.6434840147   -9.3026024916 
 AT62         H                -6.4024325538    0.7359328643   -8.2217468114 
 AT63         H                -4.2459334386   -1.6098103319   -9.3362828669 
 ###############################################################################

 After geometry   +   25.30 =     495.3 seconds wall (   25.05 usr    0.02 sys)
  
 LATVEC: nlat1c,nlat2c,nlat =           1           1           1

  Atom
  Type  Shell  Min-alf     range
    1        0.129289   8.279963
    2        0.102474   9.300415
    3        0.143749   7.852478
    4        0.078997  10.592631
    5        0.095999   9.608947
    6        0.073120  11.010095
 Turnover EF->DM npopdm, npop0k=          85          70
 DEV264h/wkmem: perlsolv dist-mem
 DEV/wkmem: KPSTORE= F
 DEV/wkmem: psolv version, input do_psolv= F

 Need       23500-length r*4 array to pack grid wfcns/box
 Need     3040750-length r*4 array to pack all grid wfcns
 Need       23500-length r*4 array for grid wfcns scratch
 WKMEM: using stripe-parallel+Merge  setup
 Minimum maxwkd for scf to complete=    84027785
 All grid wfcns stored in   1520375 of 147971815 available
 WKMEM: in-core Broyden! uses   1045890 out of 146451440 available
  
 Atom type   1  radial valence charge =    5.999995363882
 Atom type   1      xc valence charge =    6.499995360087
  
 Atom type   2  radial valence charge =    0.999999985299
  
 Atom type   3  radial valence charge =    3.999996877569
  
 Atom type   4  radial valence charge =    9.999999976019
  
 Atom type   5  radial valence charge =    4.999999641069
  
 Atom type   6  radial valence charge =    3.999999473876
 mat0set: stripe-parallel, KPSTORE= F

   sij compute    +    0.02 =     495.3 seconds wall (    0.02 usr    0.00 sys)

   sij/nlat-bcast +    0.00 =     495.3 seconds wall (    0.00 usr    0.00 sys)

   vlocmat compute+    0.47 =     495.8 seconds wall (    0.47 usr    0.00 sys)

   vlocmii compute+    0.03 =     495.8 seconds wall (    0.03 usr    0.00 sys)

   nlocmat compute+    0.23 =     496.0 seconds wall (    0.23 usr    0.00 sys)
 NLOCMAT: Max neqilat=           1

 After mat0set    +    0.04 =     496.1 seconds wall (    0.01 usr    0.00 sys)

 grid0xc compute+    2.11 =     498.2 seconds wall (    2.07 usr    0.03 sys)

 grid0xc Merge  +    0.13 =     498.3 seconds wall (    0.04 usr    0.09 sys)

 grid0xc Bcast  +    0.26 =     498.6 seconds wall (    0.26 usr   -0.00 sys)


 AFTER SETUP PHASE+   11.45 =     510.0 seconds wall (    0.44 usr    1.47 sys)

  
 *************************  iteration   0 begins here  *************************


 Before iterations+    0.15 =     510.2 seconds wall (    0.13 usr    0.02 sys)
  
 grid-integrated up-density total =       69.0001838530
 grid-integrated dn-density total =       69.0001838530
 grid-integrated valence-density total =      138.0003677061
 Harris Fcnal XC piece=       33.2774016754
  
  

 After 0 iteration+    2.30 =     512.5 seconds wall (    2.10 usr    0.17 sys)
 *************************  iteration   1 begins here  *************************


 erlsolv/begin  +    0.05 =     512.5 seconds wall (    0.00 usr    0.00 sys)
 PERLSOLV: kpp-copmatible version

 erlsolv/schroed+    0.11 =     512.6 seconds wall (    0.08 usr    0.01 sys)

 erlsolv/pop    +    0.00 =     512.6 seconds wall (    0.00 usr    0.00 sys)

 erlsolv/dmat compute+    0.00 =     512.6 seconds wall (    0.00 usr    0.00 sys)

 erlsolv/dmat compute+    0.01 =     512.6 seconds wall (    0.00 usr    0.00 sys)

 erlsolv/rhoij  +    0.01 =     512.7 seconds wall (    0.00 usr    0.00 sys)

 spin-up fermi level =   -0.219408 Ry,   gap(0K)= 0.037904 Ry = 0.516 eV
 spin-dn fermi level =   -0.546980 Ry,   gap(0K)= 0.049509 Ry = 0.674 eV

 k-vector:                  1
  weight:               1.000000
            level/UP/occup       level/DN/occup
  
    1    -1.860667  1.0000    -1.860667  1.0000
    2    -1.838932  1.0000    -1.838932  1.0000
    3    -1.826020  1.0000    -1.826020  1.0000
    4    -1.545801  1.0000    -1.545801  1.0000
             ...      ...         ...      ...
   51    -0.754327  1.0000    -0.754327  1.0000
   52    -0.750834  1.0000    -0.750834  1.0000
   53    -0.734341  1.0000    -0.734341  1.0000
   54    -0.720945  1.0000    -0.720945  1.0000
   55    -0.701812  1.0000    -0.701812  1.0000
   56    -0.691762  1.0000    -0.691762  1.0000
   57    -0.690246  1.0000    -0.690246  1.0000
   58    -0.682403  1.0000    -0.682403  1.0000
   59    -0.672578  1.0000    -0.672578  1.0000
   60    -0.648437  1.0000    -0.648437  1.0000
   61    -0.631999  1.0000    -0.631999  1.0000
   62    -0.625315  1.0000    -0.625315  1.0000
   63    -0.622428  1.0000    -0.622428  1.0000
   64    -0.616754  1.0000    -0.616754  1.0000
   65    -0.609060  1.0000    -0.609060  1.0000
   66    -0.605905  1.0000    -0.605905  1.0000
   67    -0.595161  1.0000    -0.595161  1.0000
   68    -0.571735  1.0000    -0.571735  1.0000
   69    -0.522226  1.0000    -0.522226  0.0000
   70    -0.238360  0.9999    -0.238360  0.0000
   71    -0.200456  0.0001    -0.200456  0.0000
   72    -0.082510  0.0000    -0.082510  0.0000
   73    -0.048713  0.0000    -0.048713  0.0000
   74    -0.041360  0.0000    -0.041360  0.0000
   75    -0.039491  0.0000    -0.039491  0.0000
   76    -0.014650  0.0000    -0.014650  0.0000
   77    -0.010265  0.0000    -0.010265  0.0000
   78    -0.001834  0.0000    -0.001834  0.0000
   79     0.011678  0.0000     0.011678  0.0000
             ...      ...         ...      ...
  100     0.131660  0.0000     0.131660  0.0000
  
 delta movement in up-elecs =       11.0977047399
 delta movement in dn-elecs =       10.9198066401
 delta movement in electrons =       20.8988419648

 one-center local charge defect =        -0.00004437

 one-center local charge defect =        -0.00004696

 LMCC local dipole, |dip|=        1.7824198991
 Using LMCC treatment of supercell electrostatics
 DBG/LMCCINT, esns diagnostics redone
 LMCC chemical potential shift(Ry,eV)=        0.0000055888        0.0000760395
 LMCC esns total grid integral=        2.2542804689
  
 grid-integrated up-density total =       69.9999946788
 grid-integrated dn-density total =       68.0000127132
 grid-integrated valence-density total =      138.0000073920
  
 TOTAL single particle eigenvalue sum=      -130.9007223817
  
 rms,max scfchange=  1.3575D-02  7.0570D-01 for component#    536222
 electronic meth_bl(BROYDEN)=           1
>>>>> Broyden: first step (elec) simple blend ratio= 0.050000
<<<<< Broyden step complete, scf step=     1

 After blending   +   21.38 =     534.0 seconds wall (    5.46 usr    3.32 sys)
  
 *************************  iteration   2 begins here  *************************


 erlsolv/begin  +    0.01 =     534.0 seconds wall (    0.00 usr    0.00 sys)
 PERLSOLV: kpp-copmatible version

 erlsolv/schroed+    0.10 =     534.1 seconds wall (    0.09 usr    0.01 sys)

 erlsolv/pop    +    0.00 =     534.1 seconds wall (    0.00 usr    0.00 sys)

 erlsolv/dmat compute+    0.00 =     534.1 seconds wall (    0.00 usr    0.00 sys)

 erlsolv/dmat compute+    0.01 =     534.2 seconds wall (    0.00 usr    0.00 sys)

 erlsolv/rhoij  +    0.01 =     534.2 seconds wall (    0.00 usr    0.01 sys)

 spin-up fermi level =   -0.210002 Ry,   gap(0K)= 0.042678 Ry = 0.581 eV
 spin-dn fermi level =   -0.533622 Ry,   gap(0K)= 0.052567 Ry = 0.715 eV
  
 delta movement in up-elecs =       10.6598860706
 delta movement in dn-elecs =       10.5069909530
 delta movement in electrons =       20.0277351518

 one-center local charge defect =        -0.00004345

 one-center local charge defect =        -0.00004534

 LMCC local dipole, |dip|=        1.6172149678
 Using LMCC treatment of supercell electrostatics
 DBG/LMCCINT, esns diagnostics redone
 LMCC chemical potential shift(Ry,eV)=        0.0000053646        0.0000729898
 LMCC esns total grid integral=        1.9880089108
  
 grid-integrated up-density total =       69.9999911566
 grid-integrated dn-density total =       68.0000102482
 grid-integrated valence-density total =      138.0000014048
  
 TOTAL single particle eigenvalue sum=      -128.9875807891
  
 rms,max scfchange=  1.1965D-02  6.3080D-01 for component#    536222
 electronic meth_bl(BROYDEN)=           1
>>>>> Broyden blend to get next step - elec
<<<<< Broyden step complete, scf step=     2

 After blending   +   20.89 =     555.0 seconds wall (    5.38 usr    3.31 sys)
  
 *************************  iteration   3 begins here  *************************


 erlsolv/begin  +    0.01 =     555.1 seconds wall (    0.00 usr    0.00 sys)
 PERLSOLV: kpp-copmatible version

 erlsolv/schroed+    0.08 =     555.1 seconds wall (    0.07 usr    0.01 sys)

 erlsolv/pop    +    0.00 =     555.1 seconds wall (    0.00 usr    0.00 sys)

 erlsolv/dmat compute+    0.00 =     555.1 seconds wall (    0.00 usr    0.00 sys)

 erlsolv/dmat compute+    0.01 =     555.1 seconds wall (    0.01 usr    0.00 sys)

 erlsolv/rhoij  +    0.01 =     555.2 seconds wall (    0.00 usr    0.00 sys)

 spin-up fermi level =   -0.145404 Ry,   gap(0K)= 0.082162 Ry = 1.118 eV
 spin-dn fermi level =   -0.427319 Ry,   gap(0K)= 0.063209 Ry = 0.860 eV
  
 delta movement in up-elecs =        8.1672697399
 delta movement in dn-elecs =        8.1034081218
 delta movement in electrons =       15.0891666790

 one-center local charge defect =        -0.00003706

 one-center local charge defect =        -0.00003654

 LMCC local dipole, |dip|=        0.5370616608
 Using LMCC treatment of supercell electrostatics
 DBG/LMCCINT, esns diagnostics redone
 LMCC chemical potential shift(Ry,eV)=        0.0000013936        0.0000189616
 LMCC esns total grid integral=        0.7145221938
  
 grid-integrated up-density total =       69.9999686385
 grid-integrated dn-density total =       67.9999925955
 grid-integrated valence-density total =      137.9999612341
  
 TOTAL single particle eigenvalue sum=      -115.5786470362
  
 rms,max scfchange=  1.2382D-03  1.3070D-01 for component#    191701
 electronic meth_bl(BROYDEN)=           1
>>>>> Broyden blend to get next step - elec
<<<<< Broyden step complete, scf step=     3

 After blending   +   19.28 =     574.4 seconds wall (    4.35 usr    2.94 sys)
  
 *************************  iteration   4 begins here  *************************


 erlsolv/begin  +    0.02 =     574.4 seconds wall (    0.01 usr    0.00 sys)
 PERLSOLV: kpp-copmatible version

 erlsolv/schroed+    0.09 =     574.5 seconds wall (    0.09 usr    0.00 sys)

 erlsolv/pop    +    0.00 =     574.5 seconds wall (    0.00 usr    0.00 sys)

 erlsolv/dmat compute+    0.01 =     574.5 seconds wall (    0.01 usr   -0.00 sys)

 erlsolv/dmat compute+    0.01 =     574.6 seconds wall (    0.01 usr    0.00 sys)

 erlsolv/rhoij  +    0.01 =     574.6 seconds wall (    0.00 usr    0.01 sys)

 spin-up fermi level =   -0.144850 Ry,   gap(0K)= 0.085021 Ry = 1.157 eV
 spin-dn fermi level =   -0.424395 Ry,   gap(0K)= 0.067416 Ry = 0.917 eV
  
 delta movement in up-elecs =        8.1543422916
 delta movement in dn-elecs =        8.0976388727
 delta movement in electrons =       15.0603896867

 one-center local charge defect =        -0.00003733

 one-center local charge defect =        -0.00003661

 LMCC local dipole, |dip|=        0.5421699868
 Using LMCC treatment of supercell electrostatics
 DBG/LMCCINT, esns diagnostics redone
 LMCC chemical potential shift(Ry,eV)=        0.0000013509        0.0000183804
 LMCC esns total grid integral=        0.7084132755
  
 grid-integrated up-density total =       69.9999693020
 grid-integrated dn-density total =       67.9999921852
 grid-integrated valence-density total =      137.9999614872
  
 TOTAL single particle eigenvalue sum=      -115.4234295593
  
 rms,max scfchange=  1.0678D-03  1.1771D-01 for component#    191701
 electronic meth_bl(BROYDEN)=           1
>>>>> Broyden blend to get next step - elec
<<<<< Broyden step complete, scf step=     4

 After blending   +   18.28 =     592.8 seconds wall (    4.31 usr    3.01 sys)
  
 *************************  iteration   5 begins here  *************************


 erlsolv/begin  +    0.01 =     592.9 seconds wall (    0.00 usr    0.00 sys)
 PERLSOLV: kpp-copmatible version

 erlsolv/schroed+    0.08 =     592.9 seconds wall (    0.07 usr    0.01 sys)

 erlsolv/pop    +    0.00 =     592.9 seconds wall (    0.00 usr    0.00 sys)

 erlsolv/dmat compute+    0.00 =     592.9 seconds wall (    0.00 usr    0.00 sys)

 erlsolv/dmat compute+    0.01 =     592.9 seconds wall (    0.00 usr    0.00 sys)

 erlsolv/rhoij  +    0.01 =     593.0 seconds wall (    0.00 usr    0.00 sys)

 spin-up fermi level =   -0.145106 Ry,   gap(0K)= 0.101352 Ry = 1.379 eV
 spin-dn fermi level =   -0.411090 Ry,   gap(0K)= 0.090967 Ry = 1.238 eV
  
 delta movement in up-elecs =        8.1509567925
 delta movement in dn-elecs =        8.1166419847
 delta movement in electrons =       15.0222582066

 one-center local charge defect =        -0.00003909

 one-center local charge defect =        -0.00003734

 LMCC local dipole, |dip|=        0.6445508082
 Using LMCC treatment of supercell electrostatics
 DBG/LMCCINT, esns diagnostics redone
 LMCC chemical potential shift(Ry,eV)=        0.0000013215        0.0000179801
 LMCC esns total grid integral=        0.7074756539
  
 grid-integrated up-density total =       69.9999726443
 grid-integrated dn-density total =       67.9999917757
 grid-integrated valence-density total =      137.9999644200
  
 TOTAL single particle eigenvalue sum=      -115.0315940472
  
 rms,max scfchange=  4.3687D-04  5.0398D-02 for component#     50221
 electronic meth_bl(BROYDEN)=           1
>>>>> Broyden blend to get next step - elec
<<<<< Broyden step complete, scf step=     5

 After blending   +   18.90 =     611.8 seconds wall (    4.29 usr    2.87 sys)
  
 *************************  iteration   6 begins here  *************************


 erlsolv/begin  +    0.01 =     611.9 seconds wall (    0.00 usr    0.00 sys)
 PERLSOLV: kpp-copmatible version

 erlsolv/schroed+    0.08 =     611.9 seconds wall (    0.07 usr    0.00 sys)

 erlsolv/pop    +    0.00 =     611.9 seconds wall (    0.00 usr    0.00 sys)

 erlsolv/dmat compute+    0.00 =     611.9 seconds wall (    0.00 usr    0.00 sys)

 erlsolv/dmat compute+    0.01 =     611.9 seconds wall (    0.00 usr    0.00 sys)

 erlsolv/rhoij  +    0.00 =     611.9 seconds wall (    0.00 usr    0.00 sys)

 spin-up fermi level =   -0.147395 Ry,   gap(0K)= 0.108313 Ry = 1.474 eV
 spin-dn fermi level =   -0.406153 Ry,   gap(0K)= 0.097602 Ry = 1.328 eV
  
 delta movement in up-elecs =        8.1598479198
 delta movement in dn-elecs =        8.1247585578
 delta movement in electrons =       15.0177564186

 one-center local charge defect =        -0.00003952

 one-center local charge defect =        -0.00003737

 LMCC local dipole, |dip|=        0.6524029851
 Using LMCC treatment of supercell electrostatics
 DBG/LMCCINT, esns diagnostics redone
 LMCC chemical potential shift(Ry,eV)=        0.0000012873        0.0000175141
 LMCC esns total grid integral=        0.7098453238
  
 grid-integrated up-density total =       69.9999740134
 grid-integrated dn-density total =       67.9999913651
 grid-integrated valence-density total =      137.9999653785
  
 TOTAL single particle eigenvalue sum=      -114.9182182252
  
 rms,max scfchange=  3.5018D-04  4.2911D-02 for component#     50221
 ######################  ENERGY ANALYSIS  #######################
    Spherical-atom es ENERGY correction =      -256.3679242673
    Full spherical atom trace ENERGY =         -202.0575656075
    Spherical-atom-Vxc trace ENERGY =           218.5968893033
    non-spherical es ENERGY =                     0.7098481669
    Total Exc ENERGY =                         -114.3804952407

    total kinetic trace ENERGY =          261.2159662878
    non-local ps-pot trace ENERGY =        37.0766581856
    total electrostatic ENERGY =         -537.4113768781
    Total Vxc ENERGY =                   -148.3163993027

    TOTAL ENERGY (Rydberg) =                   -353.4992476453

 ################################################################

 After blending   +   19.43 =     631.4 seconds wall (    4.12 usr    2.88 sys)
  
 >>>>> self-consistency achieved, iteration   6


 Final GAP(eV)=  1.4737 (up),  1.3280 (dn)

 spin-up fermi level =   -0.147395 Ry,   gap(0K)= 0.108313 Ry = 1.474 eV
 spin-dn fermi level =   -0.406153 Ry,   gap(0K)= 0.097602 Ry = 1.328 eV

 k-vector:                  1
  weight:               1.000000
            level/UP/occup       level/DN/occup
  
    1    -1.754081  1.0000    -1.753636  1.0000
    2    -1.712321  1.0000    -1.711724  1.0000
    3    -1.708818  1.0000    -1.708381  1.0000
    4    -1.371618  1.0000    -1.371521  1.0000
             ...      ...         ...      ...
   51    -0.639233  1.0000    -0.636886  1.0000
   52    -0.637278  1.0000    -0.636075  1.0000
   53    -0.632102  1.0000    -0.630475  1.0000
   54    -0.602962  1.0000    -0.600704  1.0000
   55    -0.582240  1.0000    -0.580388  1.0000
   56    -0.581452  1.0000    -0.579056  1.0000
   57    -0.575552  1.0000    -0.574155  1.0000
   58    -0.567448  1.0000    -0.567126  1.0000
   59    -0.555828  1.0000    -0.544266  1.0000
   60    -0.527266  1.0000    -0.524951  1.0000
   61    -0.523723  1.0000    -0.517548  1.0000
   62    -0.500276  1.0000    -0.496865  1.0000
   63    -0.494097  1.0000    -0.493683  1.0000
   64    -0.491599  1.0000    -0.486601  1.0000
   65    -0.486567  1.0000    -0.478418  1.0000
   66    -0.481581  1.0000    -0.473312  1.0000
   67    -0.469701  1.0000    -0.461844  1.0000
   68    -0.460479  1.0000    -0.454954  1.0000
   69    -0.452264  1.0000    -0.357352  0.0000
   70    -0.201552  1.0000    -0.093255  0.0000
   71    -0.093239  0.0000    -0.076049  0.0000
   72    -0.023926  0.0000    -0.016610  0.0000
   73    -0.003133  0.0000    -0.001606  0.0000
   74     0.000564  0.0000     0.002835  0.0000
   75     0.027121  0.0000     0.028179  0.0000
   76     0.032186  0.0000     0.034352  0.0000
   77     0.042794  0.0000     0.047806  0.0000
   78     0.047747  0.0000     0.051185  0.0000
             ...      ...         ...      ...
  100     0.184648  0.0000     0.185431  0.0000
  

 IMAGE  1 CONVERGED ENERGY (Ry)=     -353.4992476453
 Binding energy =       -0.3116226453 Ry =             -4.2399 eV

 AFTER ITERATIONS +    0.00 =     631.4 seconds wall (    0.00 usr    0.00 sys)

 atom xc0frc stress term=       88.8817843543
 mat0frc: stripe-parallel, KPSTORE= F
  
 total force contributions(Ry/bohr):
        atom       x force          y force          z force
          1     -0.0025420073    -0.0069561052     0.0242625456
          2     -0.0492587586     0.0274637696     0.0012939909
          3      0.0631394221     0.0094888825    -0.0415071440
          4     -0.0031730757     0.0276352767    -0.0169173060
          5      0.0129034808    -0.0031552502    -0.0130038479
          6      0.0058086978     0.0053748340     0.0018814563
          7     -0.0049133403     0.0015652106     0.0209228488
          8     -0.0739346233     0.0085439315    -0.0108738370
          9      0.0275847628     0.0807482069    -0.1588338218
         10     -0.0584002121    -0.0190999327     0.0189588912
         11      0.0520057846     0.0169085682    -0.0345770070
         12      0.0033118194    -0.0196685761     0.0025169080
         13     -0.0001172786    -0.0067417799    -0.0032305042
         14     -0.0029264787     0.0007357579     0.0049024983
         15      0.0032708731    -0.0174772719    -0.0195687861
         16     -0.0145752677     0.0013397034     0.0204367009
         17      0.0013586734     0.0015492756     0.0045671793
         18     -0.0035287123    -0.0029124842    -0.0011532840
         19     -0.0011668185     0.0004349858     0.0021361290
         20     -0.0044703465     0.0018519982     0.0009938216
         21      0.0024492417    -0.0062155378    -0.0090022252
         22     -0.0025830361    -0.0016074599    -0.0010292907
         23     -0.0027821934     0.0007322951    -0.0047894004
         24      0.0681271357    -0.0292151059     0.0628411055
         25      0.0286416135    -0.0636680953     0.1001877556
         26     -0.0389395807    -0.0001242475     0.0199145970
         27      0.0177105093     0.0062453907    -0.0199666116
         28     -0.0297708292    -0.0222234037     0.0577997308
         29     -0.0054189570     0.0071880561    -0.0157113765
         30     -0.0098692515    -0.0120455702    -0.0134875155
         31      0.0024480493    -0.0286119410     0.0444454352
         32     -0.0229768221    -0.0656501144    -0.0016826305
         33      0.0033038465    -0.0057824301    -0.0004698032
         34      0.0435085378    -0.0044514931    -0.0013947870
         35     -0.0698219793     0.0148723859    -0.0041298426
         36     -0.0196306585    -0.0073552555    -0.0026669661
         37     -0.9499156779    -0.2734219353     1.5616650452
         38      0.0222333306    -0.0019747530    -0.0751626897
         39     -0.0251682486     0.0002500812     0.0175204060
         40     -0.0145435495     0.0100546368    -0.0134149265
         41      0.0246164709     0.0164613407    -0.0124312475
         42     -0.0173952356    -0.0271978243     0.0036712558
         43     -0.0069828200     0.0013175629     0.0019317355
         44      0.0585448133    -0.0183714828     0.0066036652
         45      0.0060950832     0.0044888328    -0.0023829889
         46     -0.0022199556     0.0055314323    -0.0005620174
         47      0.0010736132     0.0066584232     0.0044382095
         48      0.0232811198    -0.0061578490     0.0019209887
         49     -0.0202685496     0.0509169222    -0.0316613127
         50      0.9312755515     0.2606547621    -1.4786264553
         51      0.0293582605     0.0591334872    -0.0165815782
         52      0.0124395159    -0.0082058606    -0.0263525903
         53     -0.0017452284     0.0032676787    -0.0006709261
         54      0.0016643802     0.0083537444     0.0025401926
         55     -0.0011074606     0.0045510224     0.0087935784
         56      0.0146624106    -0.0120676559     0.0077286792
         57      0.0028947034     0.0000873779    -0.0035567855
         58     -0.0085960416    -0.0138155552    -0.0052472197
         59     -0.0157031460     0.0006150391     0.0067910626
         60      0.0008125851    -0.0042340359     0.0042389055
         61      0.0104919867     0.0161381564    -0.0101876473
         62     -0.0026523139     0.0013505953    -0.0059596927
         63     -0.0023879984     0.0095490456     0.0039814536
      f-defect       -0.0144701805    -0.0163503370    -0.0369072933

 AFTER FORCE RTNS +    2.04 =     633.4 seconds wall (    1.96 usr    0.06 sys)
  
 >>>>> collect image results at master NEB node
 >>>>> GSELECT begins, nslics=           0
 <<<<< GSELECT ends
 >>>>> GSELECT begins, nslics=           0
 <<<<< GSELECT ends
 >>>>> GSELECT begins, nslics=           0
 <<<<< GSELECT ends
 >>>>> GSELECT begins, nslics=           0
 <<<<< GSELECT ends
 >>>>> GSELECT begins, nslics=           0
 <<<<< GSELECT ends
 >>>>> GSELECT begins, nslics=           0
 <<<<< GSELECT ends
 >>>>> GUPDATE begins, nslics=           0
 GUPDATE: Largest relax: atom#, dr(au)=    49    2.433292
 <<<<< GUPDATE ends
 >>>>> GUPDATE begins, nslics=           0
 GUPDATE: Largest relax: atom#, dr(au)=    51    1.045326
 <<<<< GUPDATE ends
 >>>>> GUPDATE begins, nslics=           0
 GUPDATE: Largest relax: atom#, dr(au)=     8    1.749832
 <<<<< GUPDATE ends
 >>>>> GUPDATE begins, nslics=           0
 GUPDATE: Largest relax: atom#, dr(au)=    18    1.067925
 <<<<< GUPDATE ends
 >>>>> GUPDATE begins, nslics=           0
 GUPDATE: Largest relax: atom#, dr(au)=    31    1.709608
 <<<<< GUPDATE ends
 >>>>> GUPDATE begins, nslics=           0
 GUPDATE: Largest relax: atom#, dr(au)=    18    0.293777
 <<<<< GUPDATE ends

 ###############################################################################
   NEW GEOMETRY for image  1, step   5
atom, type, position; image#   1
 AT1          O                -3.0255731026    1.2140924006    4.1364611119 
 AT2          Si                0.0828229763    1.3515788240    5.0326590470 
 AT3          Si               -6.1440107935    1.0766345558    5.6358053975 
 AT4          C                 0.3424570454    3.7731889438    7.8705325871 
 AT5          C                 0.8454739486   -1.5477953130    7.2594976770 
 AT6          C                -7.0896758555    4.0123941342    7.3635711141 
 AT7          C                -6.4332011311   -1.8588924862    7.6607917762 
 AT8          C                 1.9152724048    2.1642348757    2.4043822601 
 AT9          C                 4.6146950647    2.4014827519    2.9841904972 
 AT10         C                -8.0706284438    0.6465246764    2.5973630546 
 AT11         C               -10.4140367416    0.3040138265    2.3733636433 
 AT12         H                -0.3162819695    5.7378945486    7.2627162026 
 AT13         H                 2.1979284040    4.1770938728    8.7176415743 
 AT14         H                -0.7801950832    3.0700802668    9.4568936750 
 AT15         H                 0.7352694397   -3.2181291884    5.9913587482 
 AT16         H                -0.4343638850   -1.9913809944    8.7896150425 
 AT17         H                 2.7673242706   -1.3641463718    8.0218471692 
 AT18         H                -6.8120410276    5.6625332003    6.1332193044 
 AT19         H                -6.0517494673    4.2609887417    9.1268583541 
 AT20         H                -9.1750259410    3.9213277563    7.8436322105 
 AT21         H                -5.6436410425   -3.5021656115    6.6264591282 
 AT22         H                -8.3951970112   -2.2990496326    8.0252255686 
 AT23         H                -5.4825889545   -1.6530015507    9.4704590109 
 AT24         H                 0.6051057666    2.1944692509    0.5935195922 
 AT25         H                 6.0302535350    3.0337070096    4.6466947396 
 AT26         H                 6.0182292816    2.6246065093    1.5394480736 
 AT27         H                -6.9761138529    0.8681365662    0.8078372349 
 AT28         H               -11.7451886702    0.1620153570    4.1871585311 
 AT29         H               -11.4676949606   -0.2740275286    0.6626358707 
 AT30         Si                2.4496258413   -2.8414074806   -3.7125886791 
 AT31         O                -0.0442057538   -0.9517643521   -5.1302530873 
 AT32         O                 4.6822412729   -0.3678553203   -3.7146913111 
 AT33         Si                7.8413868685   -0.5004227403   -4.2550000744 
 AT34         Si               -3.2349335159   -0.2046289760   -4.9483505603 
 AT35         C                -3.3643874377    2.7830556478   -3.1042227689 
 AT36         C                -4.9549583867   -2.8845596033   -3.3339059438 
 AT37         C                 2.5246018239   -6.2801159496   -4.1712426419 
 AT38         H                 1.9813971669   -3.5614235125   -0.5907485099 
 AT39         C                 9.6639636473   -2.9076894174   -2.3811595235 
 AT40         C                 9.1580325869    2.6644713867   -3.4240576867 
 AT41         C                 8.2252958466   -1.1218087975   -7.7023717017 
 AT42         C                -4.3963774419    0.1798868911   -8.2663071759 
 AT43         H                -2.4227155698    2.5793669616   -1.1848730213 
 AT44         H                -5.4990709252    3.5248191063   -3.1314805407 
 AT45         H                -2.2375229390    4.2691604484   -4.1478935392 
 AT46         H                -4.0805187022   -3.2496148582   -1.3492746878 
 AT47         H                -4.7222255364   -4.6368006333   -4.4375540078 
 AT48         H                -7.0192603899   -2.4783389140   -3.2855861764 
 AT49         H                 4.6452444217   -8.0515526652   -5.3473180369 
 AT50         H                 3.9257935213   -5.7531753588   -6.3965684080 
 AT51         H                 1.8445282348   -8.0319607355   -6.6248961600 
 AT52         H                 8.7413630885   -2.7798091655   -0.2849809646 
 AT53         H                11.7711812848   -2.5623420915   -2.3728446331 
 AT54         H                 9.4153671177   -4.8645482181   -3.0935124559 
 AT55         H                 9.1889852991    2.8785469612   -1.3875341916 
 AT56         H                 7.8953761143    4.2316530897   -4.3428486566 
 AT57         H                11.1026016650    2.8465615503   -4.0602164101 
 AT58         H                 7.3503248466   -2.8598047701   -8.2851805190 
 AT59         H                10.2403227301   -1.2115648348   -8.2691521980 
 AT60         H                 7.3797919922    0.4072690782   -8.8261632842 
 AT61         H                -3.3682777756    1.6423850044   -9.3020377789 
 AT62         H                -6.3743416582    0.7315277442   -8.0291991883 
 AT63         H                -4.3099896172   -1.6730201928   -9.2481412423 
 ###############################################################################

 After geometry   +  430.01 =    1063.4 seconds wall (  427.55 usr    0.08 sys)
  
 LATVEC: nlat1c,nlat2c,nlat =           1           1           1

  Atom
  Type  Shell  Min-alf     range
    1        0.129289   8.279963
    2        0.102474   9.300415
    3        0.143749   7.852478
    4        0.078997  10.592631
    5        0.095999   9.608947
    6        0.073120  11.010095
 Turnover EF->DM npopdm, npop0k=          82          70
 DEV264h/wkmem: perlsolv dist-mem
 DEV/wkmem: KPSTORE= F
 DEV/wkmem: psolv version, input do_psolv= F

 Need       23375-length r*4 array to pack grid wfcns/box
 Need     3048875-length r*4 array to pack all grid wfcns
 Need       23376-length r*4 array for grid wfcns scratch
 WKMEM: using stripe-parallel+Merge  setup
 Minimum maxwkd for scf to complete=    84027785
 All grid wfcns stored in   1524438 of 147971815 available
 WKMEM: in-core Broyden! uses   1045890 out of 146447377 available
  
 Atom type   1  radial valence charge =    5.999995363882
 Atom type   1      xc valence charge =    6.499995360087
  
 Atom type   2  radial valence charge =    0.999999985299
  
 Atom type   3  radial valence charge =    3.999996877569
  
 Atom type   4  radial valence charge =    9.999999976019
  
 Atom type   5  radial valence charge =    4.999999641069
  
 Atom type   6  radial valence charge =    3.999999473876
 mat0set: stripe-parallel, KPSTORE= F

   sij compute    +    0.02 =    1063.5 seconds wall (    0.01 usr    0.01 sys)

   sij/nlat-bcast +    0.00 =    1063.5 seconds wall (    0.00 usr    0.00 sys)

   vlocmat compute+    0.44 =    1063.9 seconds wall (    0.44 usr    0.00 sys)

   vlocmii compute+    0.03 =    1063.9 seconds wall (    0.02 usr    0.00 sys)

   nlocmat compute+    0.26 =    1064.2 seconds wall (    0.22 usr    0.00 sys)
 NLOCMAT: Max neqilat=           1

 After mat0set    +    0.04 =    1064.2 seconds wall (    0.03 usr    0.00 sys)

 grid0xc compute+    2.20 =    1066.4 seconds wall (    2.15 usr    0.04 sys)

 grid0xc Merge  +    0.11 =    1066.5 seconds wall (    0.00 usr    0.11 sys)

 grid0xc Bcast  +    0.51 =    1067.0 seconds wall (    0.51 usr    0.00 sys)


 AFTER SETUP PHASE+   10.04 =    1077.1 seconds wall (    0.46 usr    1.43 sys)

  
 *************************  iteration   0 begins here  *************************


 Before iterations+    0.13 =    1077.2 seconds wall (    0.10 usr    0.01 sys)
  
 grid-integrated up-density total =       68.9999581815
 grid-integrated dn-density total =       68.9999581815
 grid-integrated valence-density total =      137.9999163630
 Harris Fcnal XC piece=       33.0838463952
  
  

 After 0 iteration+    1.78 =    1079.0 seconds wall (    1.60 usr    0.13 sys)
 *************************  iteration   1 begins here  *************************


 erlsolv/begin  +    0.04 =    1079.0 seconds wall (    0.00 usr    0.00 sys)
 PERLSOLV: kpp-copmatible version

 erlsolv/schroed+    0.11 =    1079.1 seconds wall (    0.08 usr    0.01 sys)

 erlsolv/pop    +    0.00 =    1079.1 seconds wall (    0.00 usr    0.00 sys)

 erlsolv/dmat compute+    0.01 =    1079.1 seconds wall (    0.00 usr    0.00 sys)

 erlsolv/dmat compute+    0.01 =    1079.2 seconds wall (    0.00 usr    0.01 sys)

 erlsolv/rhoij  +    0.01 =    1079.2 seconds wall (    0.00 usr    0.00 sys)

 spin-up fermi level =   -0.205723 Ry,   gap(0K)= 0.082396 Ry = 1.121 eV
 spin-dn fermi level =   -0.496743 Ry,   gap(0K)= 0.053163 Ry = 0.723 eV

 k-vector:                  1
  weight:               1.000000
            level/UP/occup       level/DN/occup
  
    1    -1.847908  1.0000    -1.847908  1.0000
    2    -1.813744  1.0000    -1.813744  1.0000
    3    -1.798860  1.0000    -1.798860  1.0000
    4    -1.576739  1.0000    -1.576739  1.0000
             ...      ...         ...      ...
   51    -0.717252  1.0000    -0.717252  1.0000
   52    -0.702677  1.0000    -0.702677  1.0000
   53    -0.694504  1.0000    -0.694504  1.0000
   54    -0.687265  1.0000    -0.687265  1.0000
   55    -0.674553  1.0000    -0.674553  1.0000
   56    -0.657652  1.0000    -0.657652  1.0000
   57    -0.656135  1.0000    -0.656135  1.0000
   58    -0.637563  1.0000    -0.637563  1.0000
   59    -0.628845  1.0000    -0.628845  1.0000
   60    -0.625641  1.0000    -0.625641  1.0000
   61    -0.615503  1.0000    -0.615503  1.0000
   62    -0.608025  1.0000    -0.608025  1.0000
   63    -0.602488  1.0000    -0.602488  1.0000
   64    -0.584684  1.0000    -0.584684  1.0000
   65    -0.579641  1.0000    -0.579641  1.0000
   66    -0.559419  1.0000    -0.559419  1.0000
   67    -0.536969  1.0000    -0.536969  1.0000
   68    -0.523324  1.0000    -0.523324  1.0000
   69    -0.470161  1.0000    -0.470161  0.0000
   70    -0.246921  1.0000    -0.246921  0.0000
   71    -0.164525  0.0000    -0.164525  0.0000
   72    -0.152666  0.0000    -0.152666  0.0000
   73    -0.136686  0.0000    -0.136686  0.0000
   74    -0.074053  0.0000    -0.074053  0.0000
   75    -0.061623  0.0000    -0.061623  0.0000
   76    -0.051009  0.0000    -0.051009  0.0000
   77    -0.041723  0.0000    -0.041723  0.0000
   78    -0.024024  0.0000    -0.024024  0.0000
             ...      ...         ...      ...
  100     0.120861  0.0000     0.120861  0.0000
  
 delta movement in up-elecs =       11.0811860764
 delta movement in dn-elecs =       10.7897643051
 delta movement in electrons =       21.2885527651

 one-center local charge defect =         0.00017937

 one-center local charge defect =         0.00019540

 LMCC local dipole, |dip|=       13.3265286241
 Using LMCC treatment of supercell electrostatics
 DBG/LMCCINT, esns diagnostics redone
 LMCC chemical potential shift(Ry,eV)=       -0.0003084315       -0.0041964590
 LMCC esns total grid integral=        2.9286185919
  
 grid-integrated up-density total =       69.9997188342
 grid-integrated dn-density total =       67.9996958352
 grid-integrated valence-density total =      137.9994146694
  
 TOTAL single particle eigenvalue sum=      -127.5711394953
  
 rms,max scfchange=  2.0664D-02  9.5781D-01 for component#    248941
 electronic meth_bl(BROYDEN)=           1
>>>>> Broyden: first step (elec) simple blend ratio= 0.050000
<<<<< Broyden step complete, scf step=     1

 After blending   +   21.07 =    1100.2 seconds wall (    5.24 usr    3.06 sys)
  
 *************************  iteration   2 begins here  *************************


 erlsolv/begin  +    0.06 =    1100.3 seconds wall (    0.02 usr    0.00 sys)
 PERLSOLV: kpp-copmatible version

 erlsolv/schroed+    0.10 =    1100.4 seconds wall (    0.09 usr    0.01 sys)

 erlsolv/pop    +    0.00 =    1100.4 seconds wall (    0.00 usr    0.00 sys)

 erlsolv/dmat compute+    0.00 =    1100.4 seconds wall (    0.00 usr    0.00 sys)

 erlsolv/dmat compute+    0.01 =    1100.4 seconds wall (    0.01 usr    0.00 sys)

 erlsolv/rhoij  +    0.01 =    1100.4 seconds wall (    0.00 usr    0.00 sys)

 spin-up fermi level =   -0.197175 Ry,   gap(0K)= 0.038089 Ry = 0.518 eV
 spin-dn fermi level =   -0.491325 Ry,   gap(0K)= 0.012548 Ry = 0.171 eV
  
 delta movement in up-elecs =       10.5921369605
 delta movement in dn-elecs =       10.1473142085
 delta movement in electrons =       20.0607100500

 one-center local charge defect =         0.00017920

 one-center local charge defect =         0.00019461

 LMCC local dipole, |dip|=        9.0341443123
 Using LMCC treatment of supercell electrostatics
 DBG/LMCCINT, esns diagnostics redone
 LMCC chemical potential shift(Ry,eV)=       -0.0001660960       -0.0022598703
 LMCC esns total grid integral=        2.2574642853
  
 grid-integrated up-density total =       69.9997193193
 grid-integrated dn-density total =       67.9996969472
 grid-integrated valence-density total =      137.9994162665
  
 TOTAL single particle eigenvalue sum=      -125.4017609894
  
 rms,max scfchange=  1.5396D-02  6.5323D-01 for component#    248941
 electronic meth_bl(BROYDEN)=           1
>>>>> Broyden blend to get next step - elec
<<<<< Broyden step complete, scf step=     2

 After blending   +   20.47 =    1120.9 seconds wall (    5.57 usr    3.47 sys)
  
 *************************  iteration   3 begins here  *************************


 erlsolv/begin  +    0.01 =    1120.9 seconds wall (    0.00 usr    0.00 sys)
 PERLSOLV: kpp-copmatible version

 erlsolv/schroed+    0.08 =    1121.0 seconds wall (    0.07 usr    0.01 sys)

 erlsolv/pop    +    0.00 =    1121.0 seconds wall (    0.00 usr    0.00 sys)

 erlsolv/dmat compute+    0.00 =    1121.0 seconds wall (    0.00 usr    0.00 sys)

 erlsolv/dmat compute+    0.01 =    1121.0 seconds wall (    0.00 usr    0.00 sys)

 erlsolv/rhoij  +    0.00 =    1121.0 seconds wall (    0.00 usr    0.00 sys)

 spin-up fermi level =   -0.223560 Ry,   gap(0K)= 0.023635 Ry = 0.322 eV
 spin-dn fermi level =   -0.443400 Ry,   gap(0K)= 0.066887 Ry = 0.910 eV
  
 delta movement in up-elecs =        9.2894486205
 delta movement in dn-elecs =        9.2850413292
 delta movement in electrons =       18.1867824970

 one-center local charge defect =         0.00014871

 one-center local charge defect =         0.00018227

 LMCC local dipole, |dip|=       11.8000217838
 Using LMCC treatment of supercell electrostatics
 DBG/LMCCINT, esns diagnostics redone
 LMCC chemical potential shift(Ry,eV)=       -0.0000853787       -0.0011616453
 LMCC esns total grid integral=        1.6262441797
  
 grid-integrated up-density total =       69.9997514730
 grid-integrated dn-density total =       67.9997158797
 grid-integrated valence-density total =      137.9994673527
  
 TOTAL single particle eigenvalue sum=      -119.7349104808
  
 rms,max scfchange=  1.3123D-02  7.6435D-01 for component#    476282
 electronic meth_bl(BROYDEN)=           1
>>>>> Broyden blend to get next step - elec
<<<<< Broyden step complete, scf step=     3

 After blending   +   20.11 =    1141.1 seconds wall (    5.24 usr    3.33 sys)
  
 *************************  iteration   4 begins here  *************************


 erlsolv/begin  +    0.01 =    1141.1 seconds wall (    0.00 usr    0.00 sys)
 PERLSOLV: kpp-copmatible version

 erlsolv/schroed+    0.09 =    1141.2 seconds wall (    0.09 usr    0.00 sys)

 erlsolv/pop    +    0.00 =    1141.2 seconds wall (    0.00 usr    0.00 sys)

 erlsolv/dmat compute+    0.00 =    1141.2 seconds wall (    0.00 usr    0.00 sys)

 erlsolv/dmat compute+    0.01 =    1141.2 seconds wall (    0.00 usr    0.00 sys)

 erlsolv/rhoij  +    0.00 =    1141.2 seconds wall (    0.00 usr    0.00 sys)

 spin-up fermi level =   -0.260467 Ry,   gap(0K)= 0.025447 Ry = 0.346 eV
 spin-dn fermi level =   -0.402419 Ry,   gap(0K)= 0.082584 Ry = 1.124 eV
  
 delta movement in up-elecs =        9.0659589986
 delta movement in dn-elecs =        9.0738422907
 delta movement in electrons =       17.7638944510

 one-center local charge defect =         0.00014603

 one-center local charge defect =         0.00018056

 LMCC local dipole, |dip|=       12.4747738112
 Using LMCC treatment of supercell electrostatics
 DBG/LMCCINT, esns diagnostics redone
 LMCC chemical potential shift(Ry,eV)=       -0.0001046372       -0.0014236733
 LMCC esns total grid integral=        1.6235259438
  
 grid-integrated up-density total =       69.9997517988
 grid-integrated dn-density total =       67.9997151642
 grid-integrated valence-density total =      137.9994669630
  
 TOTAL single particle eigenvalue sum=      -118.0377481381
  
 rms,max scfchange=  1.4952D-02  9.0970D-01 for component#     57241
 electronic meth_bl(BROYDEN)=           1
>>>>> Broyden blend to get next step - elec
<<<<< Broyden step complete, scf step=     4

 After blending   +   23.80 =    1165.0 seconds wall (    5.65 usr    3.39 sys)
  
 *************************  iteration   5 begins here  *************************


 erlsolv/begin  +    2.90 =    1167.9 seconds wall (    2.80 usr    0.01 sys)
 PERLSOLV: kpp-copmatible version

 erlsolv/schroed+    0.33 =    1168.2 seconds wall (    0.32 usr    0.01 sys)

 erlsolv/pop    +    0.00 =    1168.2 seconds wall (    0.00 usr    0.00 sys)

 erlsolv/dmat compute+    0.00 =    1168.2 seconds wall (    0.00 usr    0.00 sys)

 erlsolv/dmat compute+    0.01 =    1168.3 seconds wall (    0.00 usr    0.01 sys)

 erlsolv/rhoij  +    0.01 =    1168.3 seconds wall (    0.00 usr    0.01 sys)

 spin-up fermi level =   -0.304128 Ry,   gap(0K)= 0.040711 Ry = 0.554 eV
 spin-dn fermi level =   -0.363964 Ry,   gap(0K)= 0.021949 Ry = 0.299 eV
  
 delta movement in up-elecs =       10.1418257836
 delta movement in dn-elecs =        8.9220182348
 delta movement in electrons =       18.6785297109

 one-center local charge defect =         0.00012641

 one-center local charge defect =         0.00017668

 LMCC local dipole, |dip|=       25.7300982990
 Using LMCC treatment of supercell electrostatics
 DBG/LMCCINT, esns diagnostics redone
 LMCC chemical potential shift(Ry,eV)=       -0.0006138126       -0.0083514143
 LMCC esns total grid integral=        3.3996736254
  
 grid-integrated up-density total =       69.9997904472
 grid-integrated dn-density total =       67.9997159958
 grid-integrated valence-density total =      137.9995064431
  
 TOTAL single particle eigenvalue sum=      -116.2133709221
  
 rms,max scfchange=  3.0599D-02  1.7941D+00 for component#    347222
 electronic meth_bl(BROYDEN)=           1
>>>>> Broyden blend to get next step - elec
<<<<< Broyden step complete, scf step=     5

 After blending   +   20.68 =    1188.9 seconds wall (    5.05 usr    3.02 sys)
  
 *************************  iteration   6 begins here  *************************


 erlsolv/begin  +    0.03 =    1189.0 seconds wall (    0.00 usr    0.00 sys)
 PERLSOLV: kpp-copmatible version

 erlsolv/schroed+    0.08 =    1189.1 seconds wall (    0.07 usr    0.01 sys)

 erlsolv/pop    +    0.00 =    1189.1 seconds wall (    0.00 usr    0.00 sys)

 erlsolv/dmat compute+    0.00 =    1189.1 seconds wall (    0.00 usr    0.00 sys)

 erlsolv/dmat compute+    0.01 =    1189.1 seconds wall (    0.00 usr    0.00 sys)

 erlsolv/rhoij  +    0.00 =    1189.1 seconds wall (    0.00 usr    0.00 sys)

 spin-up fermi level =   -0.206049 Ry,   gap(0K)= 0.029808 Ry = 0.406 eV
 spin-dn fermi level =   -0.419110 Ry,   gap(0K)= 0.048173 Ry = 0.655 eV
  
 delta movement in up-elecs =        8.2646896104
 delta movement in dn-elecs =        8.1945482243
 delta movement in electrons =       16.0492032594

 one-center local charge defect =         0.00016366

 one-center local charge defect =         0.00018624

 LMCC local dipole, |dip|=       12.3219830558
 Using LMCC treatment of supercell electrostatics
 DBG/LMCCINT, esns diagnostics redone
 LMCC chemical potential shift(Ry,eV)=       -0.0001468782       -0.0019983966
 LMCC esns total grid integral=        1.0354281208
  
 grid-integrated up-density total =       69.9997385780
 grid-integrated dn-density total =       67.9997121065
 grid-integrated valence-density total =      137.9994506845
  
 TOTAL single particle eigenvalue sum=      -114.0251694024
  
 rms,max scfchange=  1.1404D-02  7.0742D-01 for component#    532982
 electronic meth_bl(BROYDEN)=           1
>>>>> Broyden blend to get next step - elec
<<<<< Broyden step complete, scf step=     6

 After blending   +   20.19 =    1209.3 seconds wall (    5.56 usr    2.85 sys)
  
 *************************  iteration   7 begins here  *************************


 erlsolv/begin  +    0.08 =    1209.3 seconds wall (    0.00 usr    0.00 sys)
 PERLSOLV: kpp-copmatible version

 erlsolv/schroed+    0.08 =    1209.4 seconds wall (    0.07 usr    0.01 sys)

 erlsolv/pop    +    0.00 =    1209.4 seconds wall (    0.00 usr    0.00 sys)

 erlsolv/dmat compute+    0.00 =    1209.4 seconds wall (    0.00 usr   -0.00 sys)

 erlsolv/dmat compute+    0.01 =    1209.4 seconds wall (    0.00 usr    0.00 sys)

 erlsolv/rhoij  +    0.01 =    1209.4 seconds wall (    0.00 usr    0.00 sys)

 spin-up fermi level =   -0.200092 Ry,   gap(0K)= 0.010426 Ry = 0.142 eV
 spin-dn fermi level =   -0.430564 Ry,   gap(0K)= 0.030699 Ry = 0.418 eV
  
 delta movement in up-elecs =        8.1307137106
 delta movement in dn-elecs =        8.1509760362
 delta movement in electrons =       15.5828179333

 one-center local charge defect =         0.00017589

 one-center local charge defect =         0.00018840

 LMCC local dipole, |dip|=        5.1099463573
 Using LMCC treatment of supercell electrostatics
 DBG/LMCCINT, esns diagnostics redone
 LMCC chemical potential shift(Ry,eV)=       -0.0000109087       -0.0001484218
 LMCC esns total grid integral=        0.7433295363
  
 grid-integrated up-density total =       69.9997254827
 grid-integrated dn-density total =       67.9997094089
 grid-integrated valence-density total =      137.9994348916
  
 TOTAL single particle eigenvalue sum=      -114.3232978003
  
 rms,max scfchange=  3.7604D-03  2.6342D-01 for component#    532982
 electronic meth_bl(BROYDEN)=           1
>>>>> Broyden blend to get next step - elec
<<<<< Broyden step complete, scf step=     7

 After blending   +   18.87 =    1228.3 seconds wall (    5.35 usr    2.88 sys)
  
 *************************  iteration   8 begins here  *************************


 erlsolv/begin  +    0.01 =    1228.3 seconds wall (    0.00 usr    0.00 sys)
 PERLSOLV: kpp-copmatible version

 erlsolv/schroed+    0.07 =    1228.4 seconds wall (    0.06 usr    0.01 sys)

 erlsolv/pop    +    0.00 =    1228.4 seconds wall (    0.00 usr    0.00 sys)

 erlsolv/dmat compute+    0.00 =    1228.4 seconds wall (    0.00 usr    0.00 sys)

 erlsolv/dmat compute+    0.01 =    1228.4 seconds wall (    0.00 usr    0.00 sys)

 erlsolv/rhoij  +    0.00 =    1228.4 seconds wall (    0.00 usr    0.00 sys)

 spin-up fermi level =   -0.205782 Ry,   gap(0K)= 0.029925 Ry = 0.407 eV
 spin-dn fermi level =   -0.418140 Ry,   gap(0K)= 0.054207 Ry = 0.738 eV
  
 delta movement in up-elecs =        8.2432299854
 delta movement in dn-elecs =        8.2226391964
 delta movement in electrons =       16.0553065210

 one-center local charge defect =         0.00016362

 one-center local charge defect =         0.00018653

 LMCC local dipole, |dip|=       12.0582796460
 Using LMCC treatment of supercell electrostatics
 DBG/LMCCINT, esns diagnostics redone
 LMCC chemical potential shift(Ry,eV)=       -0.0001370960       -0.0018653009
 LMCC esns total grid integral=        1.0551010649
  
 grid-integrated up-density total =       69.9997385738
 grid-integrated dn-density total =       67.9997103155
 grid-integrated valence-density total =      137.9994488892
  
 TOTAL single particle eigenvalue sum=      -114.0278092666
  
 rms,max scfchange=  1.1466D-02  6.8078D-01 for component#    532982
 electronic meth_bl(BROYDEN)=           1
>>>>> Broyden blend to get next step - elec
<<<<< Broyden step complete, scf step=     8

 After blending   +   19.18 =    1247.6 seconds wall (    4.52 usr    2.60 sys)
  
 *************************  iteration   9 begins here  *************************


 erlsolv/begin  +    0.01 =    1247.6 seconds wall (    0.00 usr    0.00 sys)
 PERLSOLV: kpp-copmatible version

 erlsolv/schroed+    0.07 =    1247.7 seconds wall (    0.07 usr    0.01 sys)

 erlsolv/pop    +    0.00 =    1247.7 seconds wall (    0.00 usr    0.00 sys)

 erlsolv/dmat compute+    0.00 =    1247.7 seconds wall (    0.00 usr    0.00 sys)

 erlsolv/dmat compute+    0.01 =    1247.7 seconds wall (    0.00 usr    0.00 sys)

 erlsolv/rhoij  +    0.00 =    1247.7 seconds wall (    0.00 usr    0.00 sys)

 spin-up fermi level =   -0.206433 Ry,   gap(0K)= 0.083648 Ry = 1.138 eV
 spin-dn fermi level =   -0.427743 Ry,   gap(0K)= 0.024259 Ry = 0.330 eV
  
 delta movement in up-elecs =        8.3640956734
 delta movement in dn-elecs =        8.0195298582
 delta movement in electrons =       15.8241678475

 one-center local charge defect =         0.00018740

 one-center local charge defect =         0.00020685

 LMCC local dipole, |dip|=       10.6338833552
 Using LMCC treatment of supercell electrostatics
 DBG/LMCCINT, esns diagnostics redone
 LMCC chemical potential shift(Ry,eV)=       -0.0001374973       -0.0018707612
 LMCC esns total grid integral=        1.2725939127
  
 grid-integrated up-density total =       69.9997005525
 grid-integrated dn-density total =       67.9996729629
 grid-integrated valence-density total =      137.9993735154
  
 TOTAL single particle eigenvalue sum=      -114.4905626805
  
 rms,max scfchange=  1.2861D-02  6.8685D-01 for component#    347762
 electronic meth_bl(BROYDEN)=           1
>>>>> Broyden blend to get next step - elec
<<<<< Broyden step complete, scf step=     9

 After blending   +   18.76 =    1266.4 seconds wall (    5.06 usr    2.53 sys)
  
 *************************  iteration  10 begins here  *************************


 erlsolv/begin  +    0.01 =    1266.4 seconds wall (    0.00 usr    0.00 sys)
 PERLSOLV: kpp-copmatible version

 erlsolv/schroed+    0.08 =    1266.5 seconds wall (    0.07 usr    0.01 sys)

 erlsolv/pop    +    0.00 =    1266.5 seconds wall (    0.00 usr    0.00 sys)

 erlsolv/dmat compute+    0.00 =    1266.5 seconds wall (    0.00 usr    0.00 sys)

 erlsolv/dmat compute+    0.01 =    1266.5 seconds wall (    0.00 usr    0.00 sys)

 erlsolv/rhoij  +    0.01 =    1266.5 seconds wall (    0.00 usr    0.00 sys)

 spin-up fermi level =   -0.207793 Ry,   gap(0K)= 0.103641 Ry = 1.410 eV
 spin-dn fermi level =   -0.424661 Ry,   gap(0K)= 0.030489 Ry = 0.415 eV
  
 delta movement in up-elecs =        8.3957593254
 delta movement in dn-elecs =        8.0815681850
 delta movement in electrons =       15.9413937280

 one-center local charge defect =         0.00018778

 one-center local charge defect =         0.00020744

 LMCC local dipole, |dip|=       11.5154066758
 Using LMCC treatment of supercell electrostatics
 DBG/LMCCINT, esns diagnostics redone
 LMCC chemical potential shift(Ry,eV)=       -0.0001642769       -0.0022351197
 LMCC esns total grid integral=        1.3708685637
  
 grid-integrated up-density total =       69.9996995585
 grid-integrated dn-density total =       67.9996722932
 grid-integrated valence-density total =      137.9993718517
  
 TOTAL single particle eigenvalue sum=      -114.7624578186
  
 rms,max scfchange=  1.3995D-02  7.5585D-01 for component#    186301
 electronic meth_bl(BROYDEN)=           1
>>>>> Broyden blend to get next step - elec
 Broyden: limit-history, dropping oldest
<<<<< Broyden step complete, scf step=    10

 After blending   +   20.01 =    1286.5 seconds wall (    5.20 usr    2.59 sys)
  
 *************************  iteration  11 begins here  *************************


 erlsolv/begin  +    0.00 =    1286.5 seconds wall (    0.00 usr    0.00 sys)
 PERLSOLV: kpp-copmatible version

 erlsolv/schroed+    0.07 =    1286.6 seconds wall (    0.06 usr    0.01 sys)

 erlsolv/pop    +    0.00 =    1286.6 seconds wall (    0.00 usr    0.00 sys)

 erlsolv/dmat compute+    0.00 =    1286.6 seconds wall (    0.00 usr    0.00 sys)

 erlsolv/dmat compute+    0.01 =    1286.6 seconds wall (    0.00 usr    0.00 sys)

 erlsolv/rhoij  +    0.01 =    1286.6 seconds wall (    0.00 usr    0.00 sys)

 spin-up fermi level =   -0.207446 Ry,   gap(0K)= 0.095628 Ry = 1.301 eV
 spin-dn fermi level =   -0.426951 Ry,   gap(0K)= 0.029044 Ry = 0.395 eV
  
 delta movement in up-elecs =        8.3853095831
 delta movement in dn-elecs =        8.0664958395
 delta movement in electrons =       15.9103809115

 one-center local charge defect =         0.00018750

 one-center local charge defect =         0.00020710

 LMCC local dipole, |dip|=       11.3740278038
 Using LMCC treatment of supercell electrostatics
 DBG/LMCCINT, esns diagnostics redone
 LMCC chemical potential shift(Ry,eV)=       -0.0001610136       -0.0021907199
 LMCC esns total grid integral=        1.3496362285
  
 grid-integrated up-density total =       69.9996998315
 grid-integrated dn-density total =       67.9996722711
 grid-integrated valence-density total =      137.9993721026
  
 TOTAL single particle eigenvalue sum=      -114.7040359151
  
 rms,max scfchange=  1.3692D-02  7.3533D-01 for component#    186301
 electronic meth_bl(BROYDEN)=           1
>>>>> Broyden blend to get next step - elec
 Broyden: limit-history, dropping oldest
<<<<< Broyden step complete, scf step=    11

 After blending   +   19.84 =    1306.5 seconds wall (    4.36 usr    2.50 sys)
  
 *************************  iteration  12 begins here  *************************


 erlsolv/begin  +    0.01 =    1306.5 seconds wall (    0.00 usr    0.00 sys)
 PERLSOLV: kpp-copmatible version

 erlsolv/schroed+    0.07 =    1306.6 seconds wall (    0.07 usr    0.01 sys)

 erlsolv/pop    +    0.00 =    1306.6 seconds wall (    0.00 usr    0.00 sys)

 erlsolv/dmat compute+    0.00 =    1306.6 seconds wall (    0.00 usr    0.00 sys)

 erlsolv/dmat compute+    0.01 =    1306.6 seconds wall (    0.00 usr    0.00 sys)

 erlsolv/rhoij  +    0.00 =    1306.6 seconds wall (    0.00 usr    0.00 sys)

 spin-up fermi level =   -0.202422 Ry,   gap(0K)= 0.019645 Ry = 0.267 eV
 spin-dn fermi level =   -0.426149 Ry,   gap(0K)= 0.048352 Ry = 0.658 eV
  
 delta movement in up-elecs =        8.0842247378
 delta movement in dn-elecs =        8.1102075804
 delta movement in electrons =       15.7587376343

 one-center local charge defect =         0.00016258

 one-center local charge defect =         0.00018718

 LMCC local dipole, |dip|=       10.8569293044
 Using LMCC treatment of supercell electrostatics
 DBG/LMCCINT, esns diagnostics redone
 LMCC chemical potential shift(Ry,eV)=       -0.0000889787       -0.0012106262
 LMCC esns total grid integral=        0.9187160209
  
 grid-integrated up-density total =       69.9997399424
 grid-integrated dn-density total =       67.9997126334
 grid-integrated valence-density total =      137.9994525758
  
 TOTAL single particle eigenvalue sum=      -114.1901036801
  
 rms,max scfchange=  9.8012D-03  4.9981D-01 for component#    476282
 electronic meth_bl(BROYDEN)=           1
>>>>> Broyden blend to get next step - elec
 Broyden: limit-history, dropping oldest
<<<<< Broyden step complete, scf step=    12

 After blending   +   18.88 =    1325.5 seconds wall (    4.22 usr    2.49 sys)
  
 *************************  iteration  13 begins here  *************************


 erlsolv/begin  +    0.01 =    1325.5 seconds wall (    0.00 usr    0.00 sys)
 PERLSOLV: kpp-copmatible version

 erlsolv/schroed+    0.07 =    1325.5 seconds wall (    0.06 usr    0.01 sys)

 erlsolv/pop    +    0.00 =    1325.5 seconds wall (    0.00 usr    0.00 sys)

 erlsolv/dmat compute+    0.00 =    1325.5 seconds wall (    0.00 usr    0.00 sys)

 erlsolv/dmat compute+    0.01 =    1325.5 seconds wall (    0.00 usr    0.00 sys)

 erlsolv/rhoij  +    0.01 =    1325.6 seconds wall (    0.00 usr    0.00 sys)

 spin-up fermi level =   -0.204471 Ry,   gap(0K)= 0.029271 Ry = 0.398 eV
 spin-dn fermi level =   -0.429087 Ry,   gap(0K)= 0.024522 Ry = 0.334 eV
  
 delta movement in up-elecs =        8.2941828952
 delta movement in dn-elecs =        8.1024112973
 delta movement in electrons =       15.3816028760

 one-center local charge defect =         0.00018469

 one-center local charge defect =         0.00018962

 LMCC local dipole, |dip|=        0.9960712177
 Using LMCC treatment of supercell electrostatics
 DBG/LMCCINT, esns diagnostics redone
 LMCC chemical potential shift(Ry,eV)=       -0.0000025033       -0.0000340592
 LMCC esns total grid integral=        0.7519542508
  
 grid-integrated up-density total =       69.9997060682
 grid-integrated dn-density total =       67.9997067949
 grid-integrated valence-density total =      137.9994128632
  
 TOTAL single particle eigenvalue sum=      -114.4321474147
  
 rms,max scfchange=  2.3300D-03  2.3680D-01 for component#    347762
 electronic meth_bl(BROYDEN)=           1
>>>>> Broyden blend to get next step - elec
 Broyden: limit-history, dropping oldest
<<<<< Broyden step complete, scf step=    13

 After blending   +   18.51 =    1344.1 seconds wall (    3.75 usr    2.48 sys)
  
 *************************  iteration  14 begins here  *************************


 erlsolv/begin  +    0.01 =    1344.1 seconds wall (    0.00 usr    0.00 sys)
 PERLSOLV: kpp-copmatible version

 erlsolv/schroed+    0.07 =    1344.1 seconds wall (    0.07 usr    0.00 sys)

 erlsolv/pop    +    0.00 =    1344.1 seconds wall (    0.00 usr    0.00 sys)

 erlsolv/dmat compute+    0.00 =    1344.1 seconds wall (    0.00 usr    0.00 sys)

 erlsolv/dmat compute+    0.01 =    1344.1 seconds wall (    0.00 usr    0.00 sys)

 erlsolv/rhoij  +    0.00 =    1344.2 seconds wall (    0.00 usr    0.00 sys)

 spin-up fermi level =   -0.204505 Ry,   gap(0K)= 0.030127 Ry = 0.410 eV
 spin-dn fermi level =   -0.428200 Ry,   gap(0K)= 0.025036 Ry = 0.341 eV
  
 delta movement in up-elecs =        8.2914932380
 delta movement in dn-elecs =        8.1071640263
 delta movement in electrons =       15.3720839010

 one-center local charge defect =         0.00018466

 one-center local charge defect =         0.00018944

 LMCC local dipole, |dip|=        0.9723073899
 Using LMCC treatment of supercell electrostatics
 DBG/LMCCINT, esns diagnostics redone
 LMCC chemical potential shift(Ry,eV)=       -0.0000029872       -0.0000406430
 LMCC esns total grid integral=        0.7479038615
  
 grid-integrated up-density total =       69.9997057917
 grid-integrated dn-density total =       67.9997063992
 grid-integrated valence-density total =      137.9994121908
  
 TOTAL single particle eigenvalue sum=      -114.3732435943
  
 rms,max scfchange=  2.2285D-03  2.2818D-01 for component#    347762
 electronic meth_bl(BROYDEN)=           1
>>>>> Broyden blend to get next step - elec
 Broyden: limit-history, dropping oldest
<<<<< Broyden step complete, scf step=    14

 After blending   +   19.35 =    1363.5 seconds wall (    4.76 usr    2.49 sys)
  
 *************************  iteration  15 begins here  *************************


 erlsolv/begin  +    0.01 =    1363.5 seconds wall (    0.00 usr    0.00 sys)
 PERLSOLV: kpp-copmatible version

 erlsolv/schroed+    0.07 =    1363.6 seconds wall (    0.06 usr    0.01 sys)

 erlsolv/pop    +    0.00 =    1363.6 seconds wall (    0.00 usr    0.00 sys)

 erlsolv/dmat compute+    0.00 =    1363.6 seconds wall (    0.00 usr    0.00 sys)

 erlsolv/dmat compute+    0.01 =    1363.6 seconds wall (    0.00 usr    0.00 sys)

 erlsolv/rhoij  +    0.01 =    1363.6 seconds wall (    0.00 usr    0.00 sys)

 spin-up fermi level =   -0.205261 Ry,   gap(0K)= 0.031937 Ry = 0.435 eV
 spin-dn fermi level =   -0.426143 Ry,   gap(0K)= 0.026840 Ry = 0.365 eV
  
 delta movement in up-elecs =        8.2807820886
 delta movement in dn-elecs =        8.1080059287
 delta movement in electrons =       15.3401252629

 one-center local charge defect =         0.00018440

 one-center local charge defect =         0.00018868

 LMCC local dipole, |dip|=        0.9201294096
 Using LMCC treatment of supercell electrostatics
 DBG/LMCCINT, esns diagnostics redone
 LMCC chemical potential shift(Ry,eV)=       -0.0000030098       -0.0000409507
 LMCC esns total grid integral=        0.7381685943
  
 grid-integrated up-density total =       69.9997059609
 grid-integrated dn-density total =       67.9997068933
 grid-integrated valence-density total =      137.9994128542
  
 TOTAL single particle eigenvalue sum=      -114.2326037057
  
 rms,max scfchange=  2.0838D-03  2.1377D-01 for component#    347762
 electronic meth_bl(BROYDEN)=           1
>>>>> Broyden blend to get next step - elec
 Broyden: limit-history, dropping oldest
<<<<< Broyden step complete, scf step=    15

 After blending   +   19.61 =    1383.2 seconds wall (    4.70 usr    2.51 sys)
  
 *************************  iteration  16 begins here  *************************


 erlsolv/begin  +    0.01 =    1383.2 seconds wall (    0.00 usr    0.00 sys)
 PERLSOLV: kpp-copmatible version

 erlsolv/schroed+    0.07 =    1383.3 seconds wall (    0.07 usr    0.01 sys)

 erlsolv/pop    +    0.00 =    1383.3 seconds wall (    0.00 usr    0.00 sys)

 erlsolv/dmat compute+    0.00 =    1383.3 seconds wall (    0.00 usr    0.00 sys)

 erlsolv/dmat compute+    0.01 =    1383.3 seconds wall (    0.00 usr    0.00 sys)

 erlsolv/rhoij  +    0.00 =    1383.3 seconds wall (    0.00 usr    0.01 sys)

 spin-up fermi level =   -0.205790 Ry,   gap(0K)= 0.032698 Ry = 0.445 eV
 spin-dn fermi level =   -0.425283 Ry,   gap(0K)= 0.028296 Ry = 0.385 eV
  
 delta movement in up-elecs =        8.2789343910
 delta movement in dn-elecs =        8.1150247622
 delta movement in electrons =       15.3322857924

 one-center local charge defect =         0.00018433

 one-center local charge defect =         0.00018830

 LMCC local dipole, |dip|=        0.8827732888
 Using LMCC treatment of supercell electrostatics
 DBG/LMCCINT, esns diagnostics redone
 LMCC chemical potential shift(Ry,eV)=       -0.0000030473       -0.0000414609
 LMCC esns total grid integral=        0.7351688986
  
 grid-integrated up-density total =       69.9997059424
 grid-integrated dn-density total =       67.9997072394
 grid-integrated valence-density total =      137.9994131818
  
 TOTAL single particle eigenvalue sum=      -114.1970217022
  
 rms,max scfchange=  1.9912D-03  2.0382D-01 for component#    347762
 electronic meth_bl(BROYDEN)=           1
>>>>> Broyden blend to get next step - elec
 Broyden: limit-history, dropping oldest
<<<<< Broyden step complete, scf step=    16

 After blending   +   21.74 =    1405.1 seconds wall (    5.10 usr    2.49 sys)
  
 *************************  iteration  17 begins here  *************************


 erlsolv/begin  +    0.08 =    1405.1 seconds wall (    0.00 usr    0.00 sys)
 PERLSOLV: kpp-copmatible version

 erlsolv/schroed+    0.07 =    1405.2 seconds wall (    0.06 usr    0.01 sys)

 erlsolv/pop    +    0.00 =    1405.2 seconds wall (    0.00 usr    0.00 sys)

 erlsolv/dmat compute+    0.00 =    1405.2 seconds wall (    0.00 usr    0.00 sys)

 erlsolv/dmat compute+    0.01 =    1405.2 seconds wall (    0.00 usr    0.00 sys)

 erlsolv/rhoij  +    0.00 =    1405.2 seconds wall (    0.00 usr    0.00 sys)

 spin-up fermi level =   -0.211039 Ry,   gap(0K)= 0.041828 Ry = 0.569 eV
 spin-dn fermi level =   -0.420499 Ry,   gap(0K)= 0.037657 Ry = 0.512 eV
  
 delta movement in up-elecs =        8.2944316625
 delta movement in dn-elecs =        8.1611391044
 delta movement in electrons =       15.3201656058

 one-center local charge defect =         0.00018417

 one-center local charge defect =         0.00018588

 LMCC local dipole, |dip|=        0.8117356902
 Using LMCC treatment of supercell electrostatics
 DBG/LMCCINT, esns diagnostics redone
 LMCC chemical potential shift(Ry,eV)=       -0.0000037394       -0.0000508774
 LMCC esns total grid integral=        0.7308874173
  
 grid-integrated up-density total =       69.9997059778
 grid-integrated dn-density total =       67.9997091986
 grid-integrated valence-density total =      137.9994151765
  
 TOTAL single particle eigenvalue sum=      -114.1233410623
  
 rms,max scfchange=  1.7188D-03  1.6042D-01 for component#    347762
 electronic meth_bl(BROYDEN)=           1
>>>>> Broyden blend to get next step - elec
 Broyden: limit-history, dropping oldest
<<<<< Broyden step complete, scf step=    17

 After blending   +   22.49 =    1427.7 seconds wall (    7.71 usr    2.50 sys)
  
 *************************  iteration  18 begins here  *************************


 erlsolv/begin  +    0.05 =    1427.8 seconds wall (    0.00 usr    0.00 sys)
 PERLSOLV: kpp-copmatible version

 erlsolv/schroed+    0.08 =    1427.8 seconds wall (    0.06 usr    0.01 sys)

 erlsolv/pop    +    0.00 =    1427.8 seconds wall (    0.00 usr    0.00 sys)

 erlsolv/dmat compute+    0.00 =    1427.8 seconds wall (    0.00 usr    0.00 sys)

 erlsolv/dmat compute+    0.01 =    1427.8 seconds wall (    0.00 usr    0.00 sys)

 erlsolv/rhoij  +    0.00 =    1427.8 seconds wall (    0.00 usr    0.00 sys)

 spin-up fermi level =   -0.214823 Ry,   gap(0K)= 0.049244 Ry = 0.670 eV
 spin-dn fermi level =   -0.417372 Ry,   gap(0K)= 0.043502 Ry = 0.592 eV
  
 delta movement in up-elecs =        8.3076076104
 delta movement in dn-elecs =        8.1829369451
 delta movement in electrons =       15.3171222118

 one-center local charge defect =         0.00018402

 one-center local charge defect =         0.00018434

 LMCC local dipole, |dip|=        0.7830547502
 Using LMCC treatment of supercell electrostatics
 DBG/LMCCINT, esns diagnostics redone
 LMCC chemical potential shift(Ry,eV)=       -0.0000037970       -0.0000516614
 LMCC esns total grid integral=        0.7302883896
  
 grid-integrated up-density total =       69.9997056701
 grid-integrated dn-density total =       67.9997108680
 grid-integrated valence-density total =      137.9994165381
  
 TOTAL single particle eigenvalue sum=      -114.0829673883
  
 rms,max scfchange=  1.6464D-03  1.4106D-01 for component#    347762
 electronic meth_bl(BROYDEN)=           1
>>>>> Broyden blend to get next step - elec
 Broyden: limit-history, dropping oldest
<<<<< Broyden step complete, scf step=    18

 After blending   +   18.26 =    1446.1 seconds wall (    4.38 usr    2.49 sys)
  
 *************************  iteration  19 begins here  *************************


 erlsolv/begin  +    0.01 =    1446.1 seconds wall (    0.00 usr    0.00 sys)
 PERLSOLV: kpp-copmatible version

 erlsolv/schroed+    0.07 =    1446.2 seconds wall (    0.07 usr    0.01 sys)

 erlsolv/pop    +    0.00 =    1446.2 seconds wall (    0.00 usr    0.00 sys)

 erlsolv/dmat compute+    0.00 =    1446.2 seconds wall (    0.00 usr    0.00 sys)

 erlsolv/dmat compute+    0.01 =    1446.2 seconds wall (    0.00 usr    0.00 sys)

 erlsolv/rhoij  +    0.01 =    1446.2 seconds wall (    0.00 usr    0.00 sys)

 spin-up fermi level =   -0.217549 Ry,   gap(0K)= 0.049838 Ry = 0.678 eV
 spin-dn fermi level =   -0.414545 Ry,   gap(0K)= 0.054900 Ry = 0.747 eV
  
 delta movement in up-elecs =        8.3100325514
 delta movement in dn-elecs =        8.2035139385
 delta movement in electrons =       15.3137065257

 one-center local charge defect =         0.00018413

 one-center local charge defect =         0.00018294

 LMCC local dipole, |dip|=        0.6663650089
 Using LMCC treatment of supercell electrostatics
 DBG/LMCCINT, esns diagnostics redone
 LMCC chemical potential shift(Ry,eV)=       -0.0000032482       -0.0000441950
 LMCC esns total grid integral=        0.7276553283
  
 grid-integrated up-density total =       69.9997054604
 grid-integrated dn-density total =       67.9997120815
 grid-integrated valence-density total =      137.9994175419
  
 TOTAL single particle eigenvalue sum=      -114.0411267315
  
 rms,max scfchange=  1.3656D-03  1.1276D-01 for component#    347762
 electronic meth_bl(BROYDEN)=           1
>>>>> Broyden blend to get next step - elec
 Broyden: limit-history, dropping oldest
<<<<< Broyden step complete, scf step=    19

 After blending   +   19.17 =    1465.4 seconds wall (    4.62 usr    2.49 sys)
  
 *************************  iteration  20 begins here  *************************


 erlsolv/begin  +    0.01 =    1465.4 seconds wall (    0.00 usr    0.00 sys)
 PERLSOLV: kpp-copmatible version

 erlsolv/schroed+    0.08 =    1465.5 seconds wall (    0.07 usr    0.00 sys)

 erlsolv/pop    +    0.00 =    1465.5 seconds wall (    0.00 usr   -0.00 sys)

 erlsolv/dmat compute+    0.00 =    1465.5 seconds wall (    0.00 usr    0.00 sys)

 erlsolv/dmat compute+    0.01 =    1465.5 seconds wall (    0.00 usr    0.00 sys)

 erlsolv/rhoij  +    0.00 =    1465.5 seconds wall (    0.00 usr    0.00 sys)

 spin-up fermi level =   -0.220515 Ry,   gap(0K)= 0.046396 Ry = 0.631 eV
 spin-dn fermi level =   -0.410796 Ry,   gap(0K)= 0.070308 Ry = 0.957 eV
  
 delta movement in up-elecs =        8.3061828495
 delta movement in dn-elecs =        8.2165194464
 delta movement in electrons =       15.3021495944

 one-center local charge defect =         0.00018426

 one-center local charge defect =         0.00018135

 LMCC local dipole, |dip|=        0.5146075537
 Using LMCC treatment of supercell electrostatics
 DBG/LMCCINT, esns diagnostics redone
 LMCC chemical potential shift(Ry,eV)=       -0.0000024036       -0.0000327034
 LMCC esns total grid integral=        0.7229643167
  
 grid-integrated up-density total =       69.9997055502
 grid-integrated dn-density total =       67.9997136559
 grid-integrated valence-density total =      137.9994192062
  
 TOTAL single particle eigenvalue sum=      -113.9664090302
  
 rms,max scfchange=  9.6667D-04  7.9729D-02 for component#    347762
 electronic meth_bl(BROYDEN)=           1
>>>>> Broyden blend to get next step - elec
 Broyden: limit-history, dropping oldest
<<<<< Broyden step complete, scf step=    20

 After blending   +   18.61 =    1484.1 seconds wall (    4.30 usr    2.55 sys)
  
 *************************  iteration  21 begins here  *************************


 erlsolv/begin  +    0.04 =    1484.1 seconds wall (    0.00 usr    0.00 sys)
 PERLSOLV: kpp-copmatible version

 erlsolv/schroed+    0.08 =    1484.2 seconds wall (    0.07 usr    0.01 sys)

 erlsolv/pop    +    0.00 =    1484.2 seconds wall (    0.00 usr    0.00 sys)

 erlsolv/dmat compute+    0.00 =    1484.2 seconds wall (    0.00 usr    0.00 sys)

 erlsolv/dmat compute+    0.01 =    1484.2 seconds wall (    0.00 usr    0.01 sys)

 erlsolv/rhoij  +    0.00 =    1484.2 seconds wall (    0.00 usr    0.00 sys)

 spin-up fermi level =   -0.221733 Ry,   gap(0K)= 0.050579 Ry = 0.688 eV
 spin-dn fermi level =   -0.409439 Ry,   gap(0K)= 0.071560 Ry = 0.974 eV
  
 delta movement in up-elecs =        8.3097069031
 delta movement in dn-elecs =        8.2206736105
 delta movement in electrons =       15.2974300605

 one-center local charge defect =         0.00018414

 one-center local charge defect =         0.00018086

 LMCC local dipole, |dip|=        0.5390632215
 Using LMCC treatment of supercell electrostatics
 DBG/LMCCINT, esns diagnostics redone
 LMCC chemical potential shift(Ry,eV)=       -0.0000025942       -0.0000352962
 LMCC esns total grid integral=        0.7223712387
  
 grid-integrated up-density total =       69.9997057385
 grid-integrated dn-density total =       67.9997139045
 grid-integrated valence-density total =      137.9994196430
  
 TOTAL single particle eigenvalue sum=      -113.9354926934
  
 rms,max scfchange=  1.0050D-03  7.4353D-02 for component#    347762
 electronic meth_bl(BROYDEN)=           1
>>>>> Broyden blend to get next step - elec
 Broyden: limit-history, dropping oldest
<<<<< Broyden step complete, scf step=    21

 After blending   +   18.97 =    1503.2 seconds wall (    4.47 usr    2.70 sys)
  
 *************************  iteration  22 begins here  *************************


 erlsolv/begin  +    0.01 =    1503.2 seconds wall (    0.00 usr    0.00 sys)
 PERLSOLV: kpp-copmatible version

 erlsolv/schroed+    0.07 =    1503.3 seconds wall (    0.07 usr    0.00 sys)

 erlsolv/pop    +    0.00 =    1503.3 seconds wall (    0.00 usr    0.00 sys)

 erlsolv/dmat compute+    0.00 =    1503.3 seconds wall (    0.00 usr    0.00 sys)

 erlsolv/dmat compute+    0.01 =    1503.3 seconds wall (    0.00 usr    0.00 sys)

 erlsolv/rhoij  +    0.00 =    1503.3 seconds wall (    0.00 usr    0.00 sys)

 spin-up fermi level =   -0.224465 Ry,   gap(0K)= 0.044355 Ry = 0.603 eV
 spin-dn fermi level =   -0.401567 Ry,   gap(0K)= 0.081230 Ry = 1.105 eV
  
 delta movement in up-elecs =        8.3001054357
 delta movement in dn-elecs =        8.2305736426
 delta movement in electrons =       15.2802955163

 one-center local charge defect =         0.00018404

 one-center local charge defect =         0.00017935

 LMCC local dipole, |dip|=        0.4260281216
 Using LMCC treatment of supercell electrostatics
 DBG/LMCCINT, esns diagnostics redone
 LMCC chemical potential shift(Ry,eV)=       -0.0000019784       -0.0000269172
 LMCC esns total grid integral=        0.7169949458
  
 grid-integrated up-density total =       69.9997060283
 grid-integrated dn-density total =       67.9997153048
 grid-integrated valence-density total =      137.9994213331
  
 TOTAL single particle eigenvalue sum=      -113.8353206766
  
 rms,max scfchange=  5.6935D-04  3.8668D-02 for component#    532982
 ######################  ENERGY ANALYSIS  #######################
    Spherical-atom es ENERGY correction =      -259.2876285132
    Full spherical atom trace ENERGY =         -194.2725532334
    Spherical-atom-Vxc trace ENERGY =           212.6876731309
    non-spherical es ENERGY =                     0.7169714112
    Total Exc ENERGY =                         -113.0793403237

    total kinetic trace ENERGY =          256.7985642244
    non-local ps-pot trace ENERGY =        37.2123383020
    total electrostatic ENERGY =         -534.1664397310
    Total Vxc ENERGY =                   -146.6268669142

    TOTAL ENERGY (Rydberg) =                   -353.2348775283

 ################################################################

 After blending   +   19.15 =    1522.4 seconds wall (    4.47 usr    2.53 sys)
  
 >>>>> self-consistency achieved, iteration  22


 Final GAP(eV)=  0.6035 (up),  1.1052 (dn)

 spin-up fermi level =   -0.224465 Ry,   gap(0K)= 0.044355 Ry = 0.603 eV
 spin-dn fermi level =   -0.401567 Ry,   gap(0K)= 0.081230 Ry = 1.105 eV

 k-vector:                  1
  weight:               1.000000
            level/UP/occup       level/DN/occup
  
    1    -1.758892  1.0000    -1.758839  1.0000
    2    -1.691945  1.0000    -1.691323  1.0000
    3    -1.681871  1.0000    -1.681497  1.0000
    4    -1.391472  1.0000    -1.391161  1.0000
             ...      ...         ...      ...
   51    -0.633449  1.0000    -0.627397  1.0000
   52    -0.604805  1.0000    -0.603981  1.0000
   53    -0.593985  1.0000    -0.590693  1.0000
   54    -0.580759  1.0000    -0.572460  1.0000
   55    -0.573311  1.0000    -0.562035  1.0000
   56    -0.562900  1.0000    -0.552946  1.0000
   57    -0.554726  1.0000    -0.552355  1.0000
   58    -0.552781  1.0000    -0.533087  1.0000
   59    -0.534405  1.0000    -0.530047  1.0000
   60    -0.521304  1.0000    -0.511268  1.0000
   61    -0.511114  1.0000    -0.504514  1.0000
   62    -0.505199  1.0000    -0.496813  1.0000
   63    -0.498044  1.0000    -0.490188  1.0000
   64    -0.487996  1.0000    -0.478919  1.0000
   65    -0.479191  1.0000    -0.473713  1.0000
   66    -0.474599  1.0000    -0.454335  1.0000
   67    -0.455147  1.0000    -0.451707  1.0000
   68    -0.454198  1.0000    -0.442182  1.0000
   69    -0.444465  1.0000    -0.360952  0.0000
   70    -0.246643  1.0000    -0.194790  0.0000
   71    -0.202288  0.0000    -0.164255  0.0000
   72    -0.171745  0.0000    -0.075106  0.0000
   73    -0.071746  0.0000    -0.069321  0.0000
   74    -0.059378  0.0000    -0.059099  0.0000
   75    -0.051432  0.0000    -0.050197  0.0000
   76    -0.007762  0.0000    -0.003712  0.0000
   77    -0.000132  0.0000     0.005271  0.0000
   78     0.005403  0.0000     0.015602  0.0000
             ...      ...         ...      ...
  100     0.169628  0.0000     0.170340  0.0000
  

 IMAGE  1 CONVERGED ENERGY (Ry)=     -353.2348775283
 Binding energy =       -0.0472525283 Ry =             -0.6429 eV

 AFTER ITERATIONS +    0.00 =    1522.4 seconds wall (    0.00 usr    0.00 sys)

 atom xc0frc stress term=       88.8817843543
 mat0frc: stripe-parallel, KPSTORE= F
  
 total force contributions(Ry/bohr):
        atom       x force          y force          z force
          1     -0.0543341919    -0.0034260555     0.0576640151
          2     -0.0955607233    -0.0308725287     0.1447112026
          3      0.0656682649    -0.0189872047    -0.0717963784
          4     -0.0036608507     0.0657568707    -0.0332007885
          5      0.0151258156    -0.0161128526    -0.0702124867
          6     -0.0342677888    -0.0034490134    -0.0015857775
          7      0.0196564988     0.0043014015    -0.0288273849
          8     -0.0687870226    -0.0113095077    -0.0411087656
          9      0.1538140397     0.0421686384     0.0220442097
         10      0.2322050975     0.0619747944    -0.0003838813
         11     -0.2852751850    -0.0700667131     0.0643259777
         12     -0.0007308677    -0.0409141538     0.0149575840
         13      0.0165240010    -0.0167809294    -0.0128475149
         14     -0.0154943958    -0.0019143735    -0.0032655477
         15      0.0143767087     0.0032128040     0.0087618819
         16     -0.0225846406     0.0204577061     0.0171079433
         17      0.0040817556    -0.0029752764    -0.0048488954
         18      0.0034058265     0.0007199405     0.0039347383
         19      0.0046140796     0.0066486594     0.0096077571
         20      0.0335560690    -0.0006775945    -0.0075701091
         21      0.0013786276     0.0116910397     0.0090284061
         22     -0.0252172231     0.0009136626     0.0026040043
         23      0.0076644350    -0.0005509188     0.0119699789
         24      0.0872438997     0.0257837526     0.0507842035
         25     -0.1114639108    -0.0111569676    -0.0251532129
         26      0.0044923072    -0.0268120323    -0.0544851011
         27     -0.0025177267    -0.0149497900     0.0210350796
         28      0.0472962292     0.0048002016    -0.0686876272
         29      0.0117490884     0.0224040306     0.0031264358
         30     -0.0822377055     0.1396668242     0.0788108717
         31      0.0469999183    -0.0764507844     0.0387024429
         32     -0.0293245298    -0.0952144326     0.0066776177
         33      0.0202161277     0.0047801761    -0.0150274062
         34      0.0584410051    -0.0397677935     0.0065767374
         35     -0.0399695874     0.0552774632    -0.0090991695
         36      0.0176422031    -0.0052114584     0.0348903724
         37      0.1399209117    -0.2082573794    -0.2850204175
         38      0.0057149770     0.0453279220    -0.0760851577
         39     -0.0264459264    -0.0085041400     0.0767892421
         40     -0.0574108845     0.0435922286    -0.0390920809
         41      0.0290549705     0.0272350278    -0.0144987334
         42     -0.0018068963    -0.0171044263     0.0138269936
         43     -0.0440372282     0.0062666053    -0.0313603605
         44      0.0846127224    -0.0283787271     0.0220676844
         45     -0.0182836627    -0.0206975643     0.0171879370
         46     -0.0378449976     0.0164761026    -0.0575550287
         47      0.0039687092     0.0032101092     0.0049036900
         48      0.0150144499    -0.0080711444     0.0165455801
         49     -0.0625327857     0.0977401721     0.1058997400
         50     -0.0331978551     0.0101456916     0.0501404171
         51     -0.0267335802     0.0987036767     0.0983772588
         52      0.0578787808    -0.0144981702    -0.0848688035
         53     -0.0373675010     0.0048739313     0.0108294454
         54     -0.0036636708     0.0108361620     0.0089158962
         55     -0.0068987876     0.0098293645     0.0208842824
         56      0.0491025034    -0.0447305103     0.0340655397
         57      0.0113144079     0.0042853765    -0.0114061619
         58     -0.0129984710    -0.0268073692    -0.0070240987
         59     -0.0071633748    -0.0020525305     0.0064465178
         60     -0.0047383890     0.0015627421     0.0000462712
         61     -0.0019587161     0.0003052321    -0.0049665789
         62     -0.0132594939     0.0051659026    -0.0119731360
         63     -0.0019655889     0.0196088036     0.0041264582
      f-defect       -0.0069997287     0.0090206736     0.0264238095

 AFTER FORCE RTNS +    2.22 =    1524.7 seconds wall (    2.13 usr    0.07 sys)
  
 >>>>> collect image results at master NEB node
 >>>>> GSELECT begins, nslics=           0
 <<<<< GSELECT ends
 >>>>> GSELECT begins, nslics=           0
 <<<<< GSELECT ends
 >>>>> GSELECT begins, nslics=           0
 <<<<< GSELECT ends
 >>>>> GSELECT begins, nslics=           0
 <<<<< GSELECT ends
 >>>>> GSELECT begins, nslics=           0
 <<<<< GSELECT ends
 >>>>> GSELECT begins, nslics=           0
 <<<<< GSELECT ends
 >>>>> GUPDATE begins, nslics=           0
 GUPDATE: Largest relax: atom#, dr(au)=    51    0.901835
 <<<<< GUPDATE ends
 >>>>> GUPDATE begins, nslics=           0
 GUPDATE: Largest relax: atom#, dr(au)=    51    0.201939
 <<<<< GUPDATE ends
 >>>>> GUPDATE begins, nslics=           0
 GUPDATE: Largest relax: atom#, dr(au)=    18    1.812450
 <<<<< GUPDATE ends
 >>>>> GUPDATE begins, nslics=           0
 GUPDATE: Largest relax: atom#, dr(au)=    18    1.002505
 <<<<< GUPDATE ends
 >>>>> GUPDATE begins, nslics=           0
 GUPDATE: Largest relax: atom#, dr(au)=    18    2.055227
 <<<<< GUPDATE ends
 >>>>> GUPDATE begins, nslics=           0
 GUPDATE: Largest relax: atom#, dr(au)=    30    0.110667
 <<<<< GUPDATE ends

 ###############################################################################
   NEW GEOMETRY for image  1, step   6
atom, type, position; image#   1
 AT1          O                -3.0063548388    1.2139213924    4.0421709223 
 AT2          Si                0.0889155455    1.3476120450    5.0021899655 
 AT3          Si               -6.0052360945    1.0078479360    5.4628977996 
 AT4          C                 0.3626825228    3.7294472634    7.8280099603 
 AT5          C                 0.9915983173   -1.6232911856    6.8272700771 
 AT6          C                -7.0091172138    3.9209593157    7.2740905298 
 AT7          C                -6.2123890949   -1.9367978962    7.4863698561 
 AT8          C                 1.9113967631    2.2362347105    2.2702186717 
 AT9          C                 4.7832223952    2.5334134427    2.7805639610 
 AT10         C                -7.8888102255    0.6322839948    2.5092152096 
 AT11         C               -10.5178951557    0.0104461321    2.3807512550 
 AT12         H                -0.3601210017    5.6142002459    7.3287531659 
 AT13         H                 2.2539972805    4.0724317000    8.6190979138 
 AT14         H                -0.7454660980    2.9343632478    9.4145714924 
 AT15         H                 0.9101067321   -3.1976211572    5.5155795417 
 AT16         H                -0.3145415273   -2.1519234427    8.3803912704 
 AT17         H                 2.9059338194   -1.4511018590    7.6333246694 
 AT18         H                -6.7669400579    5.5912684765    6.0687664022 
 AT19         H                -5.9228030351    4.1790756828    9.0209393042 
 AT20         H                -9.0434565344    3.7989704614    7.7866275830 
 AT21         H                -5.4066706634   -3.5535941963    6.4630382525 
 AT22         H                -8.1887865711   -2.4253367953    7.9028726841 
 AT23         H                -5.2451639376   -1.7169306367    9.3076532315 
 AT24         H                 0.7597158330    2.5021114970    0.5184145806 
 AT25         H                 5.9630447749    2.5480905499    4.5356702396 
 AT26         H                 6.0980107680    2.9536814052    1.3256384600 
 AT27         H                -7.0363177074    0.9857741631    0.7297728586 
 AT28         H               -11.5409750126   -0.2671385721    4.1153068445 
 AT29         H               -11.4523460982   -0.3764085074    0.6631536187 
 AT30         Si                2.2744664840   -2.6198238026   -3.4998915617 
 AT31         O                -0.0535908694   -0.9323083804   -5.1201673414 
 AT32         O                 4.6308509486   -0.3437033587   -3.6191058992 
 AT33         Si                7.8015406947   -0.5262338105   -4.2054903241 
 AT34         Si               -3.2378603094   -0.1988270548   -4.9553125119 
 AT35         C                -3.4538896504    2.8659456302   -3.1485047442 
 AT36         C                -4.9932499739   -2.8665305099   -3.3648840386 
 AT37         C                 2.5253071444   -6.3300162778   -4.0223910140 
 AT38         H                 1.7350409021   -3.2345620388   -0.5089853393 
 AT39         C                 9.4893585793   -2.9884015490   -2.2044829500 
 AT40         C                 9.1847827497    2.6349324124   -3.4324432654 
 AT41         C                 8.1361901206   -1.1924839282   -7.6555509823 
 AT42         C                -4.3962158911    0.1995606005   -8.2846003438 
 AT43         H                -2.5459955362    2.6192030143   -1.2342320582 
 AT44         H                -5.5014009546    3.5360369276   -3.1452309733 
 AT45         H                -2.2922869711    4.2992301325   -4.1541499500 
 AT46         H                -4.2476619965   -3.2248649797   -1.4522557369 
 AT47         H                -4.7478014165   -4.6195312672   -4.4721454645 
 AT48         H                -7.0612416085   -2.4557564094   -3.3474203908 
 AT49         H                 4.4249953130   -7.8459415852   -4.7922094095 
 AT50         H                 3.9111322374   -5.7587346189   -6.1841873877 
 AT51         H                 1.5559436047   -7.7094467273   -5.8336886179 
 AT52         H                 8.6897270207   -2.8057487989   -0.2472390061 
 AT53         H                11.5894482505   -2.6850132141   -2.2424975142 
 AT54         H                 9.2077886429   -4.9243054832   -2.9379688274 
 AT55         H                 9.3135658274    2.8536314732   -1.3698663892 
 AT56         H                 7.9999211984    4.1452358303   -4.2503821084 
 AT57         H                11.1362375844    2.7641378025   -4.1355550633 
 AT58         H                 7.1885785481   -2.9329571711   -8.2106839415 
 AT59         H                10.1357265022   -1.3518925833   -8.2386195860 
 AT60         H                 7.3097544441    0.3418806607   -8.7812868457 
 AT61         H                -3.3683098603    1.6434369598   -9.3026933594 
 AT62         H                -6.3922770583    0.7656440122   -8.1134641904 
 AT63         H                -4.2830469715   -1.6014154264   -9.2970300524 
 ###############################################################################

 After geometry   +    0.24 =    1524.9 seconds wall (    0.01 usr    0.00 sys)
  
 LATVEC: nlat1c,nlat2c,nlat =           1           1           1

  Atom
  Type  Shell  Min-alf     range
    1        0.129289   8.279963
    2        0.102474   9.300415
    3        0.143749   7.852478
    4        0.078997  10.592631
    5        0.095999   9.608947
    6        0.073120  11.010095
 Turnover EF->DM npopdm, npop0k=          83          70
 DEV264h/wkmem: perlsolv dist-mem
 DEV/wkmem: KPSTORE= F
 DEV/wkmem: psolv version, input do_psolv= F

 Need       24125-length r*4 array to pack grid wfcns/box
 Need     3046625-length r*4 array to pack all grid wfcns
 Need       24126-length r*4 array for grid wfcns scratch
 WKMEM: using stripe-parallel+Merge  setup
 Minimum maxwkd for scf to complete=    84027785
 All grid wfcns stored in   1523313 of 147971815 available
 WKMEM: in-core Broyden! uses   1045890 out of 146448502 available
  
 Atom type   1  radial valence charge =    5.999995363882
 Atom type   1      xc valence charge =    6.499995360087
  
 Atom type   2  radial valence charge =    0.999999985299
  
 Atom type   3  radial valence charge =    3.999996877569
  
 Atom type   4  radial valence charge =    9.999999976019
  
 Atom type   5  radial valence charge =    4.999999641069
  
 Atom type   6  radial valence charge =    3.999999473876
 mat0set: stripe-parallel, KPSTORE= F

   sij compute    +    0.02 =    1524.9 seconds wall (    0.02 usr    0.00 sys)

   sij/nlat-bcast +    0.01 =    1524.9 seconds wall (    0.01 usr   -0.00 sys)

   vlocmat compute+    0.45 =    1525.4 seconds wall (    0.45 usr    0.00 sys)

   vlocmii compute+    0.02 =    1525.4 seconds wall (    0.03 usr    0.00 sys)

   nlocmat compute+    0.23 =    1525.6 seconds wall (    0.22 usr    0.00 sys)
 NLOCMAT: Max neqilat=           1

 After mat0set    +    0.03 =    1525.7 seconds wall (    0.01 usr    0.00 sys)

 grid0xc compute+    2.14 =    1527.8 seconds wall (    2.11 usr    0.02 sys)

 grid0xc Merge  +    0.13 =    1527.9 seconds wall (    0.00 usr    0.13 sys)

 grid0xc Bcast  +    0.43 =    1528.4 seconds wall (    0.43 usr    0.00 sys)


 AFTER SETUP PHASE+   12.10 =    1540.5 seconds wall (    0.53 usr    1.26 sys)

  
 *************************  iteration   0 begins here  *************************


 Before iterations+    0.12 =    1540.6 seconds wall (    0.11 usr    0.01 sys)
  
 grid-integrated up-density total =       68.9998300074
 grid-integrated dn-density total =       68.9998300074
 grid-integrated valence-density total =      137.9996600148
 Harris Fcnal XC piece=       33.1342249641
  
  

 After 0 iteration+    2.05 =    1542.6 seconds wall (    1.85 usr    0.16 sys)
 *************************  iteration   1 begins here  *************************


 erlsolv/begin  +    0.02 =    1542.6 seconds wall (    0.00 usr    0.01 sys)
 PERLSOLV: kpp-copmatible version

 erlsolv/schroed+    0.12 =    1542.8 seconds wall (    0.11 usr    0.01 sys)

 erlsolv/pop    +    0.00 =    1542.8 seconds wall (    0.00 usr    0.00 sys)

 erlsolv/dmat compute+    0.00 =    1542.8 seconds wall (    0.00 usr    0.00 sys)

 erlsolv/dmat compute+    0.01 =    1542.8 seconds wall (    0.01 usr    0.01 sys)

 erlsolv/rhoij  +    0.01 =    1542.8 seconds wall (    0.00 usr    0.01 sys)

 spin-up fermi level =   -0.235183 Ry,   gap(0K)= 0.032115 Ry = 0.437 eV
 spin-dn fermi level =   -0.516859 Ry,   gap(0K)= 0.018338 Ry = 0.250 eV

 k-vector:                  1
  weight:               1.000000
            level/UP/occup       level/DN/occup
  
    1    -1.857062  1.0000    -1.857062  1.0000
    2    -1.835607  1.0000    -1.835607  1.0000
    3    -1.818525  1.0000    -1.818525  1.0000
    4    -1.476814  1.0000    -1.476814  1.0000
             ...      ...         ...      ...
   51    -0.728089  1.0000    -0.728089  1.0000
   52    -0.711521  1.0000    -0.711521  1.0000
   53    -0.702318  1.0000    -0.702318  1.0000
   54    -0.695069  1.0000    -0.695069  1.0000
   55    -0.692232  1.0000    -0.692232  1.0000
   56    -0.683276  1.0000    -0.683276  1.0000
   57    -0.658451  1.0000    -0.658451  1.0000
   58    -0.644141  1.0000    -0.644141  1.0000
   59    -0.640783  1.0000    -0.640783  1.0000
   60    -0.630147  1.0000    -0.630147  1.0000
   61    -0.618425  1.0000    -0.618425  1.0000
   62    -0.618136  1.0000    -0.618136  1.0000
   63    -0.610833  1.0000    -0.610833  1.0000
   64    -0.601077  1.0000    -0.601077  1.0000
   65    -0.597948  1.0000    -0.597948  1.0000
   66    -0.564104  1.0000    -0.564104  1.0000
   67    -0.559257  1.0000    -0.559257  1.0000
   68    -0.526028  1.0000    -0.526028  0.9899
   69    -0.507690  1.0000    -0.507690  0.0101
   70    -0.251240  0.9997    -0.251240  0.0000
   71    -0.219125  0.0003    -0.219125  0.0000
   72    -0.093198  0.0000    -0.093198  0.0000
   73    -0.081219  0.0000    -0.081219  0.0000
   74    -0.055009  0.0000    -0.055009  0.0000
   75    -0.050223  0.0000    -0.050223  0.0000
   76    -0.038248  0.0000    -0.038248  0.0000
   77    -0.015198  0.0000    -0.015198  0.0000
   78    -0.011040  0.0000    -0.011040  0.0000
   79     0.003022  0.0000     0.003022  0.0000
             ...      ...         ...      ...
  100     0.129822  0.0000     0.129822  0.0000
  
 delta movement in up-elecs =       10.9318736032
 delta movement in dn-elecs =       10.4570426094
 delta movement in electrons =       20.6270901985

 one-center local charge defect =         0.00019068

 one-center local charge defect =         0.00019396

 LMCC local dipole, |dip|=        8.0210746442
 Using LMCC treatment of supercell electrostatics
 DBG/LMCCINT, esns diagnostics redone
 LMCC chemical potential shift(Ry,eV)=       -0.0001216441       -0.0016550664
 LMCC esns total grid integral=        2.3213345478
  
 grid-integrated up-density total =       69.9997127646
 grid-integrated dn-density total =       67.9997104338
 grid-integrated valence-density total =      137.9994231984
  
 TOTAL single particle eigenvalue sum=      -128.4903563874
  
 rms,max scfchange=  1.6370D-02  7.3753D-01 for component#    340742
 electronic meth_bl(BROYDEN)=           1
>>>>> Broyden: first step (elec) simple blend ratio= 0.050000
<<<<< Broyden step complete, scf step=     1

 After blending   +   20.83 =    1563.6 seconds wall (    5.23 usr    3.27 sys)
  
 *************************  iteration   2 begins here  *************************


 erlsolv/begin  +    0.03 =    1563.7 seconds wall (    0.00 usr    0.00 sys)
 PERLSOLV: kpp-copmatible version

 erlsolv/schroed+    0.15 =    1563.8 seconds wall (    0.14 usr    0.01 sys)

 erlsolv/pop    +    0.00 =    1563.8 seconds wall (    0.00 usr    0.00 sys)

 erlsolv/dmat compute+    0.00 =    1563.8 seconds wall (    0.00 usr    0.00 sys)

 erlsolv/dmat compute+    0.01 =    1563.8 seconds wall (    0.01 usr    0.00 sys)

 erlsolv/rhoij  +    0.01 =    1563.8 seconds wall (    0.00 usr    0.01 sys)

 spin-up fermi level =   -0.217685 Ry,   gap(0K)= 0.022209 Ry = 0.302 eV
 spin-dn fermi level =   -0.506649 Ry,   gap(0K)= 0.034082 Ry = 0.464 eV
  
 delta movement in up-elecs =       10.4968868805
 delta movement in dn-elecs =       10.3480314668
 delta movement in electrons =       19.7140794086

 one-center local charge defect =         0.00019205

 one-center local charge defect =         0.00019453

 LMCC local dipole, |dip|=        1.7027151154
 Using LMCC treatment of supercell electrostatics
 DBG/LMCCINT, esns diagnostics redone
 LMCC chemical potential shift(Ry,eV)=       -0.0000182515       -0.0002483267
 LMCC esns total grid integral=        1.8087967420
  
 grid-integrated up-density total =       69.9997099859
 grid-integrated dn-density total =       67.9997133444
 grid-integrated valence-density total =      137.9994233303
  
 TOTAL single particle eigenvalue sum=      -126.5890711410
  
 rms,max scfchange=  1.1167D-02  4.1067D-01 for component#    319682
 electronic meth_bl(BROYDEN)=           1
>>>>> Broyden blend to get next step - elec
<<<<< Broyden step complete, scf step=     2

 After blending   +   22.33 =    1586.2 seconds wall (    5.61 usr    3.46 sys)
  
 *************************  iteration   3 begins here  *************************


 erlsolv/begin  +    0.05 =    1586.2 seconds wall (    0.00 usr    0.00 sys)
 PERLSOLV: kpp-copmatible version

 erlsolv/schroed+    0.15 =    1586.4 seconds wall (    0.14 usr    0.01 sys)

 erlsolv/pop    +    0.00 =    1586.4 seconds wall (    0.00 usr    0.00 sys)

 erlsolv/dmat compute+    0.01 =    1586.4 seconds wall (    0.00 usr    0.00 sys)

 erlsolv/dmat compute+    0.02 =    1586.4 seconds wall (    0.01 usr    0.01 sys)

 erlsolv/rhoij  +    0.01 =    1586.4 seconds wall (    0.00 usr    0.01 sys)

 spin-up fermi level =   -0.205871 Ry,   gap(0K)= 0.031938 Ry = 0.435 eV
 spin-dn fermi level =   -0.491753 Ry,   gap(0K)= 0.045225 Ry = 0.615 eV
  
 delta movement in up-elecs =        9.9552015291
 delta movement in dn-elecs =        9.8286586594
 delta movement in electrons =       18.6231768417

 one-center local charge defect =         0.00019298

 one-center local charge defect =         0.00019572

 LMCC local dipole, |dip|=        1.1641010393
 Using LMCC treatment of supercell electrostatics
 DBG/LMCCINT, esns diagnostics redone
 LMCC chemical potential shift(Ry,eV)=       -0.0000106730       -0.0001452152
 LMCC esns total grid integral=        1.5113958830
  
 grid-integrated up-density total =       69.9997062423
 grid-integrated dn-density total =       67.9997108904
 grid-integrated valence-density total =      137.9994171327
  
 TOTAL single particle eigenvalue sum=      -124.1452116303
  
 rms,max scfchange=  8.9328D-03  3.2462D-01 for component#    508142
 electronic meth_bl(BROYDEN)=           1
>>>>> Broyden blend to get next step - elec
<<<<< Broyden step complete, scf step=     3

 After blending   +   22.74 =    1609.2 seconds wall (    5.84 usr    3.20 sys)
  
 *************************  iteration   4 begins here  *************************


 erlsolv/begin  +    0.16 =    1609.3 seconds wall (    0.14 usr    0.00 sys)
 PERLSOLV: kpp-copmatible version

 erlsolv/schroed+    0.19 =    1609.5 seconds wall (    0.18 usr    0.01 sys)

 erlsolv/pop    +    0.00 =    1609.5 seconds wall (    0.00 usr    0.00 sys)

 erlsolv/dmat compute+    0.00 =    1609.5 seconds wall (    0.00 usr    0.00 sys)

 erlsolv/dmat compute+    0.02 =    1609.5 seconds wall (    0.02 usr    0.00 sys)

 erlsolv/rhoij  +    0.02 =    1609.5 seconds wall (    0.01 usr    0.00 sys)

 spin-up fermi level =   -0.160117 Ry,   gap(0K)= 0.074438 Ry = 1.013 eV
 spin-dn fermi level =   -0.418156 Ry,   gap(0K)= 0.068706 Ry = 0.935 eV
  
 delta movement in up-elecs =        8.2460929268
 delta movement in dn-elecs =        8.1651379166
 delta movement in electrons =       15.2005613040

 one-center local charge defect =         0.00019574

 one-center local charge defect =         0.00019969

 LMCC local dipole, |dip|=        0.1602236097
 Using LMCC treatment of supercell electrostatics
 DBG/LMCCINT, esns diagnostics redone
 LMCC chemical potential shift(Ry,eV)=        0.0000006734        0.0000091625
 LMCC esns total grid integral=        0.6936539079
  
 grid-integrated up-density total =       69.9996938847
 grid-integrated dn-density total =       67.9997006247
 grid-integrated valence-density total =      137.9993945094
  
 TOTAL single particle eigenvalue sum=      -114.5558820586
  
 rms,max scfchange=  1.1972D-03  1.2525D-01 for component#    347762
 electronic meth_bl(BROYDEN)=           1
>>>>> Broyden blend to get next step - elec
<<<<< Broyden step complete, scf step=     4

 After blending   +   22.83 =    1632.4 seconds wall (    5.42 usr    2.85 sys)
  
 *************************  iteration   5 begins here  *************************


 erlsolv/begin  +    0.03 =    1632.4 seconds wall (    0.00 usr    0.00 sys)
 PERLSOLV: kpp-copmatible version

 erlsolv/schroed+    0.07 =    1632.5 seconds wall (    0.07 usr    0.01 sys)

 erlsolv/pop    +    0.00 =    1632.5 seconds wall (    0.00 usr    0.00 sys)

 erlsolv/dmat compute+    0.00 =    1632.5 seconds wall (    0.00 usr    0.00 sys)

 erlsolv/dmat compute+    0.01 =    1632.5 seconds wall (    0.01 usr    0.00 sys)

 erlsolv/rhoij  +    0.01 =    1632.5 seconds wall (    0.00 usr    0.01 sys)

 spin-up fermi level =   -0.161606 Ry,   gap(0K)= 0.077442 Ry = 1.054 eV
 spin-dn fermi level =   -0.417344 Ry,   gap(0K)= 0.073369 Ry = 0.998 eV
  
 delta movement in up-elecs =        8.2642673562
 delta movement in dn-elecs =        8.1946911719
 delta movement in electrons =       15.2355402896

 one-center local charge defect =         0.00019570

 one-center local charge defect =         0.00019990

 LMCC local dipole, |dip|=        0.1453517093
 Using LMCC treatment of supercell electrostatics
 DBG/LMCCINT, esns diagnostics redone
 LMCC chemical potential shift(Ry,eV)=        0.0000000488        0.0000006633
 LMCC esns total grid integral=        0.7028720092
  
 grid-integrated up-density total =       69.9996940356
 grid-integrated dn-density total =       67.9997002301
 grid-integrated valence-density total =      137.9993942656
  
 TOTAL single particle eigenvalue sum=      -114.7770583187
  
 rms,max scfchange=  9.4152D-04  1.1436D-01 for component#    347762
 electronic meth_bl(BROYDEN)=           1
>>>>> Broyden blend to get next step - elec
<<<<< Broyden step complete, scf step=     5

 After blending   +   21.82 =    1654.3 seconds wall (    4.75 usr    2.66 sys)
  
 *************************  iteration   6 begins here  *************************


 erlsolv/begin  +    0.01 =    1654.3 seconds wall (    0.00 usr    0.00 sys)
 PERLSOLV: kpp-copmatible version

 erlsolv/schroed+    0.08 =    1654.4 seconds wall (    0.07 usr    0.01 sys)

 erlsolv/pop    +    0.00 =    1654.4 seconds wall (    0.00 usr    0.00 sys)

 erlsolv/dmat compute+    0.00 =    1654.4 seconds wall (    0.00 usr    0.00 sys)

 erlsolv/dmat compute+    0.01 =    1654.4 seconds wall (    0.00 usr    0.01 sys)

 erlsolv/rhoij  +    0.01 =    1654.4 seconds wall (    0.00 usr    0.01 sys)

 spin-up fermi level =   -0.161659 Ry,   gap(0K)= 0.092327 Ry = 1.256 eV
 spin-dn fermi level =   -0.404150 Ry,   gap(0K)= 0.085276 Ry = 1.160 eV
  
 delta movement in up-elecs =        8.1957737925
 delta movement in dn-elecs =        8.1525051851
 delta movement in electrons =       15.0881802406

 one-center local charge defect =         0.00019567

 one-center local charge defect =         0.00020075

 LMCC local dipole, |dip|=        0.2563102024
 Using LMCC treatment of supercell electrostatics
 DBG/LMCCINT, esns diagnostics redone
 LMCC chemical potential shift(Ry,eV)=       -0.0000010509       -0.0000142989
 LMCC esns total grid integral=        0.6749266637
  
 grid-integrated up-density total =       69.9996946509
 grid-integrated dn-density total =       67.9996981841
 grid-integrated valence-density total =      137.9993928350
  
 TOTAL single particle eigenvalue sum=      -114.3396228186
  
 rms,max scfchange=  4.3917D-04  6.9358D-02 for component#    347762
 electronic meth_bl(BROYDEN)=           1
>>>>> Broyden blend to get next step - elec
<<<<< Broyden step complete, scf step=     6

 After blending   +   20.83 =    1675.2 seconds wall (    4.54 usr    2.58 sys)
  
 *************************  iteration   7 begins here  *************************


 erlsolv/begin  +    0.10 =    1675.4 seconds wall (    0.05 usr    0.00 sys)
 PERLSOLV: kpp-copmatible version

 erlsolv/schroed+    0.08 =    1675.4 seconds wall (    0.07 usr    0.01 sys)

 erlsolv/pop    +    0.00 =    1675.4 seconds wall (    0.00 usr    0.00 sys)

 erlsolv/dmat compute+    0.00 =    1675.4 seconds wall (    0.00 usr    0.00 sys)

 erlsolv/dmat compute+    0.01 =    1675.4 seconds wall (    0.00 usr    0.00 sys)

 erlsolv/rhoij  +    0.01 =    1675.4 seconds wall (    0.00 usr    0.00 sys)
