NEB log file generated by ORCA
All quantities are given in atomic units. Unless stated otherwise. 
iteration       : 0
climbing        : no
zoom on         : no
nim             : 9
barrier         :   0.20142859 (image:  3) 
distance        :   0.00000000    3.64141770    7.28695325   10.93775439   14.59310571   18.25334878   21.92169009   25.59005033   29.25357959 
energy          : -2464.54814530  -2464.48650350  -2464.39307391  -2464.34671671  -2464.34901899  -2464.38437594  -2464.43344791  -2464.49714932  -2464.52720638 
max(|Fr_perp|)   :   0.00000000    0.05605358    0.04622807    0.03815401    0.03048933    0.03863896    0.03991594    0.02787063    0.00000000 
Fr_paral         :   0.00000000   -0.02587453   -0.02004946   -0.00362792    0.00443178    0.01140207    0.01892525    0.01426844    0.00000000 
max(|Fsp_paral|) :   0.00000000    0.03424564    0.01746315    0.00010178    0.00079432    0.01735202    0.04292956    0.02930308    0.00000000 
max(|Fsp_perp|)  :   0.00000000    0.00000000    0.00000000    0.00000000    0.00000000    0.00000000    0.00000000    0.00000000    0.00000000 
max(|FNEB|)      :   0.00000000    0.03954646    0.03993999    0.03813591    0.03059355    0.03936303    0.04100048    0.02916062    0.00000000 
max(|Force|)     :   0.00011723    0.05946511    0.04874224    0.03879068    0.03042003    0.03857068    0.03985748    0.02814401    0.00009120 
ksp              :   0.03030076    0.07688778    0.10000000    0.10000000    0.09885238    0.08122732    0.05676099    0.02499199 
max(|step|)      :   0.00000000    0.09645364    0.09741346    0.09301331    0.07461752    0.09600626    0.10000000    0.07112262    0.00000000 
angle (deg.)     :    7.1045  7.1050  7.8319  9.9668  23.3513  23.3693  7.9110 
>
iteration       : 1
climbing        : no
zoom on         : no
nim             : 9
barrier         :   0.18864410 (image:  3) 
distance        :   0.00000000    4.05805565    7.49176153   10.93377422   14.58039936   18.09187158   21.69311908   25.27350421   29.22311586 
energy          : -2464.54814530  -2464.49344694  -2464.40643782  -2464.35950120  -2464.36134488  -2464.39876568  -2464.44683796  -2464.50272818  -2464.52720638 
max(|Fr_perp|)   :   0.00000000    0.03912489    0.02942969    0.01783954    0.02261674    0.03796391    0.03761992    0.02110907    0.00000000 
Fr_paral         :   0.00000000   -0.02533177   -0.02176113   -0.00432665    0.00503219    0.01210878    0.02859911    0.01203265    0.00000000 
max(|Fsp_paral|) :   0.00000000    0.02883164    0.01744858    0.00430048    0.00357615    0.01692947    0.04490480    0.02437572    0.00000000 
max(|Fsp_perp|)  :   0.00000000    0.00000000    0.00000000    0.00000000    0.00000000    0.00000000    0.00000000    0.00000000    0.00000000 
max(|FNEB|)      :   0.00000000    0.03704379    0.03259866    0.01753396    0.02377640    0.04195865    0.04074410    0.02417952    0.00000000 
max(|Force|)     :   0.00011723    0.04260928    0.03254461    0.01790415    0.02227325    0.03720133    0.03724073    0.02097634    0.00009120 
ksp              :   0.02811721    0.07481118    0.10000000    0.10000000    0.09901058    0.07892848    0.05313020    0.02313637 
max(|step|)      :   0.00000000    0.10000000    0.08304853    0.05295012    0.05957148    0.06631933    0.09824861    0.07402394    0.00177098 
angle (deg.)     :    9.1577  7.3716  8.2955  9.7571  23.0086  22.5011  8.9366 
>
iteration       : 2
climbing        : no
zoom on         : no
nim             : 9
barrier         :   0.18221197 (image:  3) 
distance        :   0.00000000    4.50695813    7.74171517   10.97256291   14.57017599   17.93203221   21.44964398   24.97417908   29.23048401 
energy          : -2464.54814530  -2464.49647285  -2464.41387529  -2464.36593334  -2464.36781765  -2464.40741302  -2464.45535481  -2464.50415002  -2464.52720638 
max(|Fr_perp|)   :   0.00000000    0.02798534    0.02952478    0.01702139    0.02473490    0.03784298    0.03873718    0.02672441    0.00000000 
Fr_paral         :   0.00000000   -0.02491665   -0.02314973   -0.00491271    0.00580067    0.01282082    0.02010587    0.01052894    0.00000000 
max(|Fsp_paral|) :   0.00000000    0.02312545    0.01693230    0.00789208    0.00584714    0.01615917    0.04498938    0.01914221    0.00000000 
max(|Fsp_perp|)  :   0.00000000    0.00000000    0.00000000    0.00000000    0.00000000    0.00000000    0.00000000    0.00000000    0.00000000 
max(|FNEB|)      :   0.00000000    0.03149986    0.02877453    0.02173790    0.02653843    0.04179142    0.04261007    0.02837885    0.00000000 
max(|Force|)     :   0.00011723    0.03161449    0.03250074    0.01686659    0.02441975    0.03715060    0.03818301    0.02659299    0.00009120 
ksp              :   0.02715549    0.07324850    0.10000000    0.10000000    0.09894982    0.07685892    0.05010588    0.02287084 
max(|step|)      :   0.00000000    0.07392585    0.06752988    0.05101587    0.06228207    0.09807874    0.10000000    0.06660128    0.00000000 
angle (deg.)     :    10.2339  7.5326  8.7035  9.5049  22.3305  21.3168  9.5692 
>
iteration       : 3
climbing        : no
zoom on         : no
nim             : 9
barrier         :   0.17811188 (image:  3) 
distance        :   0.00000000    4.78659760    7.95533864   11.06699211   14.51607976   17.79285386   21.22124761   24.77137703   29.21418780 
energy          : -2464.54814530  -2464.49895342  -2464.41760448  -2464.37003342  -2464.37227595  -2464.41253135  -2464.45920962  -2464.50608143  -2464.52720638 
max(|Fr_perp|)   :   0.00000000    0.03287743    0.02913509    0.02033212    0.01840606    0.03326531    0.02914589    0.01792670    0.00000000 
Fr_paral         :   0.00000000   -0.02515244   -0.02437639   -0.00524767    0.00633485    0.01355404    0.01733121    0.01025611    0.00000000 
max(|Fsp_paral|) :   0.00000000    0.02120093    0.01574220    0.00752772    0.00480588    0.01618795    0.04069244    0.01803953    0.00000000 
max(|Fsp_perp|)  :   0.00000000    0.00000000    0.00000000    0.00000000    0.00000000    0.00000000    0.00000000    0.00000000    0.00000000 
max(|FNEB|)      :   0.00000000    0.03020948    0.02726803    0.01919758    0.01873238    0.03401139    0.04275032    0.01726000    0.00000000 
max(|Force|)     :   0.00011723    0.03671276    0.03345784    0.02117836    0.01830964    0.03310745    0.02936372    0.01841972    0.00009120 
ksp              :   0.02617814    0.07275997    0.10000000    0.10000000    0.09871589    0.07566494    0.04893614    0.02209652 
max(|step|)      :   0.00000000    0.06352716    0.04989087    0.02563571    0.03202964    0.04869329    0.10000000    0.04239335    0.00098917 
angle (deg.)     :    11.4751  8.0055  9.3322  9.3421  21.7887  20.2558  10.3326 
>
iteration       : 4
climbing        : no
zoom on         : no
nim             : 9
barrier         :   0.17724783 (image:  3) 
distance        :   0.00000000    5.06118907    8.16918669   11.16613634   14.47591091   17.66215519   21.01697095   24.58977904   29.21769396 
energy          : -2464.54814530  -2464.49914823  -2464.41850561  -2464.37089747  -2464.37345244  -2464.41429885  -2464.45910153  -2464.50577532  -2464.52720638 
max(|Fr_perp|)   :   0.00000000    0.03380789    0.03238484    0.02888217    0.02267357    0.04288938    0.04295364    0.02627938    0.00000000 
Fr_paral         :   0.00000000   -0.02512771   -0.02524796   -0.00553186    0.00687982    0.01382352    0.01671576    0.01018804    0.00000000 
max(|Fsp_paral|) :   0.00000000    0.01873038    0.01428949    0.00703296    0.00385283    0.01537041    0.03558696    0.01707099    0.00000000 
max(|Fsp_perp|)  :   0.00000000    0.00000000    0.00000000    0.00000000    0.00000000    0.00000000    0.00000000    0.00000000    0.00000000 
max(|FNEB|)      :   0.00000000    0.02630425    0.02719280    0.02389709    0.02172608    0.03980789    0.04056217    0.02416386    0.00000000 
max(|Force|)     :   0.00011723    0.03778803    0.03721164    0.02986069    0.02313542    0.04374970    0.04364327    0.02666238    0.00009120 
ksp              :   0.02616118    0.07259213    0.10000000    0.10000000    0.09853193    0.07502258    0.04922796    0.02234537 
max(|step|)      :   0.00000000    0.06484921    0.06703980    0.05891472    0.05356242    0.09814042    0.10000000    0.05957241    0.00000000 
angle (deg.)     :    12.6710  8.6403  9.9541  9.2247  21.3638  19.0792  10.9993 
>
iteration       : 5
climbing        : no
zoom on         : no
nim             : 9
barrier         :   0.17164184 (image:  4) 
distance        :   0.00000000    5.30814550    8.37397864   11.26319605   14.45574213   17.53012925   20.85136661   24.42513037   29.23458131 
energy          : -2464.54814530  -2464.50010740  -2464.41957068  -2464.38139156  -2464.37650347  -2464.41545776  -2464.45995306  -2464.50652207  -2464.52720638 
max(|Fr_perp|)   :   0.00000000    0.02589920    0.02801473    0.01766683    0.02181131    0.04792520    0.04421182    0.02422604    0.00000000 
Fr_paral         :   0.00000000   -0.02447447   -0.02557890   -0.00437249    0.00765538    0.01267729    0.02173545    0.00992686    0.00000000 
max(|Fsp_paral|) :   0.00000000    0.01779961    0.01075935    0.00847210    0.00259304    0.01281264    0.03511611    0.01719499    0.00000000 
max(|Fsp_perp|)  :   0.00000000    0.00000000    0.00000000    0.00000000    0.00000000    0.00000000    0.00000000    0.00000000    0.00000000 
max(|FNEB|)      :   0.00000000    0.03551302    0.03569331    0.02224432    0.02261930    0.05151108    0.04679765    0.02596650    0.00000000 
max(|Force|)     :   0.00011723    0.02913536    0.02913532    0.01783812    0.02128782    0.04706061    0.04346824    0.02403846    0.00009120 
ksp              :   0.02618355    0.07428020    0.09708082    0.10000000    0.10000000    0.07673644    0.05016378    0.02235270 
max(|step|)      :   0.00000000    0.06241311    0.04697208    0.02998192    0.03783022    0.05095410    0.09430863    0.04351981    0.00078383 
angle (deg.)     :    13.7988  9.5607  11.4444  9.2552  21.0346  18.5331  11.7713 
>
iteration       : 6
climbing        : no
zoom on         : no
nim             : 9
barrier         :   0.16535376 (image:  3) 
distance        :   0.00000000    5.57125349    8.56959606   11.38160020   14.44555310   17.40487331   20.67130422   24.25506566   29.26169832 
energy          : -2464.54814530  -2464.50040555  -2464.42155013  -2464.38279155  -2464.38449762  -2464.41875056  -2464.46215030  -2464.50654443  -2464.52720638 
max(|Fr_perp|)   :   0.00000000    0.02840631    0.02533742    0.02054925    0.03261767    0.05003044    0.04739863    0.02951063    0.00000000 
Fr_paral         :   0.00000000   -0.02382475   -0.02670092   -0.00435996    0.00556360    0.01339763    0.01759021    0.00941835    0.00000000 
max(|Fsp_paral|) :   0.00000000    0.01572174    0.01184388    0.00563157    0.00305855    0.00935797    0.03319679    0.01688712    0.00000000 
max(|Fsp_perp|)  :   0.00000000    0.00000000    0.00000000    0.00000000    0.00000000    0.00000000    0.00000000    0.00000000    0.00000000 
max(|FNEB|)      :   0.00000000    0.03644307    0.03289299    0.02357898    0.03351116    0.05266379    0.05007055    0.03084147    0.00000000 
max(|Force|)     :   0.00011723    0.02597165    0.02629014    0.02038275    0.03225242    0.04913368    0.04674864    0.02932243    0.00009120 
ksp              :   0.02670240    0.07584547    0.10000000    0.10000000    0.09893677    0.07759017    0.05054326    0.02287662 
max(|step|)      :   0.00000000    0.05856430    0.04583423    0.02136399    0.03791356    0.04739261    0.10000000    0.04461040    0.00133270 
angle (deg.)     :    14.8515  10.5063  12.6332  9.2559  20.8038  17.7192  12.4634 
>
iteration       : 7
climbing        : no
zoom on         : no
nim             : 9
barrier         :   0.16408695 (image:  3) 
distance        :   0.00000000    5.82727136    8.77162350   11.48639997   14.43498359   17.29789281   20.49599001   24.08963544   29.29148334 
energy          : -2464.54814530  -2464.50062117  -2464.42270998  -2464.38405835  -2464.38751894  -2464.42248781  -2464.46453015  -2464.50710745  -2464.52720638 
max(|Fr_perp|)   :   0.00000000    0.02527354    0.02510059    0.02409980    0.02303004    0.04540622    0.04366852    0.02730337    0.00000000 
Fr_paral         :   0.00000000   -0.02340653   -0.02792501   -0.00456951    0.00676754    0.01365609    0.01750732    0.00890996    0.00000000 
max(|Fsp_paral|) :   0.00000000    0.01338507    0.01151646    0.00529535    0.00339440    0.00886192    0.02939491    0.01604870    0.00000000 
max(|Fsp_perp|)  :   0.00000000    0.00000000    0.00000000    0.00000000    0.00000000    0.00000000    0.00000000    0.00000000    0.00000000 
max(|FNEB|)      :   0.00000000    0.03219874    0.03168025    0.02809701    0.02403067    0.04812144    0.04635569    0.02864647    0.00000000 
max(|Force|)     :   0.00011723    0.02401955    0.02442247    0.02343189    0.02267397    0.04461209    0.04312447    0.02719848    0.00009120 
ksp              :   0.02672077    0.07570390    0.10000000    0.10000000    0.09782621    0.07585310    0.04942242    0.02264287 
max(|step|)      :   0.00000000    0.06691143    0.06583396    0.05838772    0.04993756    0.10000000    0.09633063    0.05952954    0.00000000 
angle (deg.)     :    15.3422  11.1736  13.8637  9.2206  20.6609  17.6767  12.7944 
>
iteration       : 8
climbing        : no
zoom on         : no
nim             : 9
barrier         :   0.16195673 (image:  3) 
distance        :   0.00000000    5.97987114    8.89130885   11.55313161   14.42345652   17.24001638   20.37419730   23.98084994   29.30807289 
energy          : -2464.54814530  -2464.50138449  -2464.42422875  -2464.38618857  -2464.39028109  -2464.42607447  -2464.46775051  -2464.50837125  -2464.52720638 
max(|Fr_perp|)   :   0.00000000    0.02164808    0.02456912    0.02057245    0.01364015    0.03404877    0.03012249    0.01445896    0.00000000 
Fr_paral         :   0.00000000   -0.02357967   -0.02895235   -0.00454026    0.00700139    0.01536761    0.01377876    0.00848270    0.00000000 
max(|Fsp_paral|) :   0.00000000    0.01234490    0.01142126    0.00487652    0.00303258    0.01048795    0.02708417    0.01536068    0.00000000 
max(|Fsp_perp|)  :   0.00000000    0.00000000    0.00000000    0.00000000    0.00000000    0.00000000    0.00000000    0.00000000    0.00000000 
max(|FNEB|)      :   0.00000000    0.02617457    0.02484298    0.01732309    0.01303582    0.03193476    0.03151870    0.01675666    0.00000000 
max(|Force|)     :   0.00011723    0.02564826    0.02985797    0.02128002    0.01424104    0.03484768    0.03068920    0.01472349    0.00009120 
ksp              :   0.02647998    0.07572210    0.10000000    0.10000000    0.09738808    0.07454413    0.04794577    0.02202091 
max(|step|)      :   0.00000000    0.03165384    0.02826408    0.01639910    0.01922529    0.02726617    0.06216740    0.03242785    0.00030474 
angle (deg.)     :    15.8632  11.9423  15.0485  9.3046  20.5860  17.1487  13.0465 
>
iteration       : 9
climbing        : no
zoom on         : no
nim             : 9
barrier         :   0.16113614 (image:  3) 
distance        :   0.00000000    6.12012181    9.00394576   11.61674903   14.41816786   17.18533979   20.27334830   23.88852786   29.33036673 
energy          : -2464.54814530  -2464.50159878  -2464.42545504  -2464.38700917  -2464.39133053  -2464.42859346  -2464.46888375  -2464.50845215  -2464.52720638 
max(|Fr_perp|)   :   0.00000000    0.02130933    0.02238981    0.01576974    0.01237947    0.02381038    0.02764282    0.01708070    0.00000000 
Fr_paral         :   0.00000000   -0.02323770   -0.03017779   -0.00475727    0.00733809    0.01598189    0.01496137    0.00832353    0.00000000 
max(|Fsp_paral|) :   0.00000000    0.01099255    0.01155674    0.00434028    0.00260294    0.01125057    0.02421223    0.01463553    0.00000000 
max(|Fsp_perp|)  :   0.00000000    0.00000000    0.00000000    0.00000000    0.00000000    0.00000000    0.00000000    0.00000000    0.00000000 
max(|FNEB|)      :   0.00000000    0.01682486    0.01693254    0.01371226    0.01207430    0.02143449    0.02803932    0.01551798    0.00000000 
max(|Force|)     :   0.00011723    0.02500428    0.03030317    0.01653126    0.01300524    0.02470016    0.02825005    0.01733293    0.00009120 
ksp              :   0.02643887    0.07531956    0.10000000    0.10000000    0.09722589    0.07330484    0.04744038    0.02203933 
max(|step|)      :   0.00000000    0.05170800    0.04264817    0.02318208    0.02929313    0.04532214    0.10000000    0.05220233    0.00105014 
angle (deg.)     :    16.7594  13.4713  17.2763  9.6975  20.6335  16.6580  13.5120 
>
iteration       : 10
climbing        : no
zoom on         : no
nim             : 9
barrier         :   0.16012112 (image:  3) 
distance        :   0.00000000    6.34822516    9.19575761   11.72657867   14.41741583   17.09499645   20.11983944   23.75044709   29.38112552 
energy          : -2464.54814530  -2464.50162241  -2464.42639561  -2464.38802418  -2464.39309417  -2464.43096666  -2464.47061377  -2464.50869044  -2464.52720638 
max(|Fr_perp|)   :   0.00000000    0.01936257    0.02192186    0.01702597    0.01223582    0.02297771    0.02406903    0.01609762    0.00000000 
Fr_paral         :   0.00000000   -0.02259253   -0.03156610   -0.00460210    0.00801911    0.01657482    0.01499012    0.00804256    0.00000000 
max(|Fsp_paral|) :   0.00000000    0.00901233    0.01105426    0.00367477    0.00237483    0.01116220    0.02132441    0.01344283    0.00000000 
max(|Fsp_perp|)  :   0.00000000    0.00000000    0.00000000    0.00000000    0.00000000    0.00000000    0.00000000    0.00000000    0.00000000 
max(|FNEB|)      :   0.00000000    0.01370886    0.01471445    0.01456184    0.01265672    0.02075829    0.02523681    0.01479685    0.00000000 
max(|Force|)     :   0.00011723    0.02305010    0.03088799    0.01783740    0.01198089    0.02406353    0.02483829    0.01641555    0.00009120 
ksp              :   0.02654666    0.07518924    0.10000000    0.10000000    0.09672329    0.07223808    0.04660267    0.02197627 
max(|step|)      :   0.00000000    0.04094124    0.04394443    0.04348867    0.03779905    0.06199425    0.07536926    0.04419051    0.00000000 
angle (deg.)     :    17.5017  14.8261  19.1392  10.2546  20.7323  16.0553  13.8450 
>
iteration       : 11
climbing        : no
zoom on         : no
nim             : 9
barrier         :   0.15991823 (image:  3) 
distance        :   0.00000000    6.50448073    9.34839567   11.81085279   14.42478406   17.01469135   20.01957592   23.66417489   29.43201135 
energy          : -2464.54814530  -2464.50121215  -2464.42587466  -2464.38822708  -2464.39405516  -2464.43033535  -2464.47008216  -2464.50843219  -2464.52720638 
max(|Fr_perp|)   :   0.00000000    0.02003156    0.02373489    0.01934781    0.01481120    0.03454664    0.03106174    0.01802597    0.00000000 
Fr_paral         :   0.00000000   -0.02152002   -0.03205833   -0.00408873    0.00862459    0.01540317    0.01716258    0.00801469    0.00000000 
max(|Fsp_paral|) :   0.00000000    0.00799024    0.00939941    0.00340145    0.00281116    0.00843735    0.02014583    0.01324933    0.00000000 
max(|Fsp_perp|)  :   0.00000000    0.00000000    0.00000000    0.00000000    0.00000000    0.00000000    0.00000000    0.00000000    0.00000000 
max(|FNEB|)      :   0.00000000    0.02429169    0.02758496    0.02183163    0.01583805    0.03674502    0.03321141    0.01907881    0.00000000 
max(|Force|)     :   0.00011723    0.01818685    0.02578171    0.01867736    0.01408393    0.03344242    0.03028144    0.01783183    0.00009120 
ksp              :   0.02683330    0.07562024    0.10000000    0.10000000    0.09622586    0.07273159    0.04699241    0.02215776 
max(|step|)      :   0.00000000    0.03548348    0.03228049    0.01608701    0.02482437    0.03619723    0.07578818    0.03760728    0.00044852 
angle (deg.)     :    18.1310  16.2828  21.1461  11.1022  20.8885  16.1413  14.2387 
>
iteration       : 12
climbing        : no
zoom on         : no
nim             : 9
barrier         :   0.15936099 (image:  3) 
distance        :   0.00000000    6.65694524    9.49343368   11.89590103   14.43033785   16.94780395   19.91841755   23.58195061   29.48796053 
energy          : -2464.54814530  -2464.50138410  -2464.42669360  -2464.38878431  -2464.39520590  -2464.43210124  -2464.47149594  -2464.50844814  -2464.52720638 
max(|Fr_perp|)   :   0.00000000    0.01906735    0.01717429    0.01520315    0.01517453    0.03158835    0.03025457    0.02019718    0.00000000 
Fr_paral         :   0.00000000   -0.02062966   -0.03316260   -0.00407922    0.00941947    0.01637234    0.01496958    0.00755477    0.00000000 
max(|Fsp_paral|) :   0.00000000    0.00695815    0.00846788    0.00300583    0.00287446    0.00796714    0.01840281    0.01199647    0.00000000 
max(|Fsp_perp|)  :   0.00000000    0.00000000    0.00000000    0.00000000    0.00000000    0.00000000    0.00000000    0.00000000    0.00000000 
max(|FNEB|)      :   0.00000000    0.02287427    0.02110580    0.01587620    0.01590302    0.03351838    0.03238180    0.02117876    0.00000000 
max(|Force|)     :   0.00011723    0.01888182    0.02467034    0.01505174    0.01538603    0.03045328    0.02953185    0.02000329    0.00009120 
ksp              :   0.02678927    0.07535194    0.10000000    0.10000000    0.09582478    0.07183597    0.04622211    0.02219633 
max(|step|)      :   0.00000000    0.04402788    0.04032149    0.01866827    0.03075650    0.04726679    0.10000000    0.05093225    0.00098595 
angle (deg.)     :    18.8722  18.4406  23.9609  12.5037  21.1127  15.9376  14.6571 
>
iteration       : 13
climbing        : no
zoom on         : no
nim             : 9
barrier         :   0.15834728 (image:  3) 
distance        :   0.00000000    6.85308493    9.68121572   12.01035719   14.44081094   16.86885079   19.79457041   23.48453940   29.56817119 
energy          : -2464.54814530  -2464.50140294  -2464.42736047  -2464.38979803  -2464.39729986  -2464.43404768  -2464.47309028  -2464.50873153  -2464.52720638 
max(|Fr_perp|)   :   0.00000000    0.01529596    0.02089086    0.02010000    0.01546160    0.02682964    0.02602945    0.01719003    0.00000000 
Fr_paral         :   0.00000000   -0.01971479   -0.03468817   -0.00383084    0.01016655    0.01700659    0.01516348    0.00710677    0.00000000 
max(|Fsp_paral|) :   0.00000000    0.00564994    0.00676391    0.00227336    0.00284334    0.00695363    0.01626598    0.01079707    0.00000000 
max(|Fsp_perp|)  :   0.00000000    0.00000000    0.00000000    0.00000000    0.00000000    0.00000000    0.00000000    0.00000000    0.00000000 
max(|FNEB|)      :   0.00000000    0.01871068    0.02321775    0.02182712    0.01628526    0.02852371    0.02820438    0.01817015    0.00000000 
max(|Force|)     :   0.00011723    0.01706826    0.02358887    0.01962268    0.01490450    0.02582497    0.02540484    0.01708265    0.00009120 
ksp              :   0.02690543    0.07540092    0.10000000    0.10000000    0.09508769    0.07102431    0.04545450    0.02210451 
max(|step|)      :   0.00000000    0.03803686    0.04719927    0.04437226    0.03310623    0.05798572    0.05733655    0.03693801    0.00000000 
angle (deg.)     :    18.9778  19.4791  25.2158  13.2282  21.1291  16.3471  14.7828 
>
iteration       : 14
climbing        : no
zoom on         : no
nim             : 9
barrier         :   0.15737669 (image:  3) 
distance        :   0.00000000    6.92173211    9.74449186   12.05187074   14.43742475   16.84630865   19.73907563   23.44878547   29.60009173 
energy          : -2464.54814530  -2464.50178412  -2464.42837191  -2464.39076861  -2464.39891098  -2464.43545008  -2464.47443139  -2464.50927411  -2464.52720638 
max(|Fr_perp|)   :   0.00000000    0.01770991    0.01944394    0.01913495    0.00764103    0.01712542    0.01542814    0.00806277    0.00000000 
Fr_paral         :   0.00000000   -0.01979808   -0.03541723   -0.00361808    0.01051291    0.01785113    0.01321625    0.00696891    0.00000000 
max(|Fsp_paral|) :   0.00000000    0.00527729    0.00654271    0.00180873    0.00257186    0.00751472    0.01506820    0.01050470    0.00000000 
max(|Fsp_perp|)  :   0.00000000    0.00000000    0.00000000    0.00000000    0.00000000    0.00000000    0.00000000    0.00000000    0.00000000 
max(|FNEB|)      :   0.00000000    0.01608788    0.01739196    0.01798395    0.01021289    0.01574836    0.01826027    0.01061382    0.00000000 
max(|Force|)     :   0.00011723    0.02058747    0.02757673    0.01966765    0.00800485    0.01815248    0.01610845    0.00828786    0.00009120 
ksp              :   0.02676957    0.07519531    0.10000000    0.10000000    0.09462896    0.07052625    0.04481257    0.02182887 
max(|step|)      :   0.00000000    0.01481407    0.01494904    0.01292609    0.01414553    0.01608577    0.03900425    0.02153864    0.00015023 
angle (deg.)     :    19.1346  20.5590  26.4372  13.9482  21.2048  16.2303  14.8498 
>
iteration       : 15
climbing        : no
zoom on         : no
nim             : 9
barrier         :   0.15694020 (image:  3) 
distance        :   0.00000000    6.98765322    9.80668681   12.09221836   14.43837983   16.82636023   19.69334126   23.41809065   29.63473123 
energy          : -2464.54814530  -2464.50196854  -2464.42920905  -2464.39120511  -2464.39957011  -2464.43617570  -2464.47476604  -2464.50921577  -2464.52720638 
max(|Fr_perp|)   :   0.00000000    0.01304850    0.01469960    0.01262630    0.00757908    0.01384877    0.01582260    0.01063925    0.00000000 
Fr_paral         :   0.00000000   -0.01951562   -0.03628044   -0.00378791    0.01079245    0.01787532    0.01406708    0.00696880    0.00000000 
max(|Fsp_paral|) :   0.00000000    0.00477784    0.00638374    0.00137992    0.00215553    0.00771170    0.01375700    0.01006904    0.00000000 
max(|Fsp_perp|)  :   0.00000000    0.00000000    0.00000000    0.00000000    0.00000000    0.00000000    0.00000000    0.00000000    0.00000000 
max(|FNEB|)      :   0.00000000    0.00914474    0.00943341    0.01170639    0.00880855    0.01242402    0.01759466    0.00965926    0.00000000 
max(|Force|)     :   0.00011723    0.01616742    0.02789879    0.01320102    0.00783986    0.01490111    0.01654130    0.01086442    0.00009120 
ksp              :   0.02670135    0.07485057    0.10000000    0.10000000    0.09446439    0.07024033    0.04470284    0.02190544 
max(|step|)      :   0.00000000    0.03698426    0.03691831    0.01892097    0.03522655    0.04189787    0.10000000    0.05378129    0.00059754 
angle (deg.)     :    19.5971  23.5210  29.7331  16.0962  21.5598  16.4111  15.0995 
>
iteration       : 16
climbing        : no
zoom on         : no
nim             : 9
barrier         :   0.15622886 (image:  3) 
distance        :   0.00000000    7.15470196    9.96930614   12.19981182   14.45230247   16.78413341   19.59194767   23.35676785   29.74116279 
energy          : -2464.54814530  -2464.50197109  -2464.43049217  -2464.39191644  -2464.40128332  -2464.43735987  -2464.47550019  -2464.50906668  -2464.52720638 
max(|Fr_perp|)   :   0.00000000    0.01290828    0.01404523    0.01041343    0.01315537    0.01203899    0.01450043    0.01174392    0.00000000 
Fr_paral         :   0.00000000   -0.01867546   -0.03785246   -0.00358177    0.01149426    0.01797403    0.01449115    0.00689387    0.00000000 
max(|Fsp_paral|) :   0.00000000    0.00342825    0.00536879    0.00049465    0.00156234    0.00754038    0.01098076    0.00894800    0.00000000 
max(|Fsp_perp|)  :   0.00000000    0.00000000    0.00000000    0.00000000    0.00000000    0.00000000    0.00000000    0.00000000    0.00000000 
max(|FNEB|)      :   0.00000000    0.01021541    0.00868095    0.01059546    0.01427156    0.01074036    0.01545421    0.01095208    0.00000000 
max(|Force|)     :   0.00011723    0.01592799    0.02877864    0.01097585    0.01139590    0.01320530    0.01536609    0.01204487    0.00009120 
ksp              :   0.02679005    0.07433912    0.10000000    0.10000000    0.09377141    0.06977127    0.04440147    0.02206962 
max(|step|)      :   0.00000000    0.03295694    0.02800647    0.03418306    0.04604291    0.03465054    0.04985837    0.03533359    0.00000000 
angle (deg.)     :    19.9215  25.3025  31.5584  17.4507  21.8626  16.6850  15.3109 
>
iteration       : 17
climbing        : no
zoom on         : no
nim             : 9
barrier         :   0.15581842 (image:  3) 
distance        :   0.00000000    7.22752337   10.05659884   12.24903424   14.47349717   16.76303565   19.56051091   23.34316213   29.81320569 
energy          : -2464.54814530  -2464.50204311  -2464.43106424  -2464.39232689  -2464.40243079  -2464.43750430  -2464.47573079  -2464.50898025  -2464.52720638 
max(|Fr_perp|)   :   0.00000000    0.01327461    0.01257674    0.01077095    0.00934323    0.01547460    0.01747934    0.01318239    0.00000000 
Fr_paral         :   0.00000000   -0.01754777   -0.03809345   -0.00334191    0.01221468    0.01794173    0.01416279    0.00660566    0.00000000 
max(|Fsp_paral|) :   0.00000000    0.00314946    0.00381080    0.00072054    0.00213452    0.00608445    0.01041312    0.00842810    0.00000000 
max(|Fsp_perp|)  :   0.00000000    0.00000000    0.00000000    0.00000000    0.00000000    0.00000000    0.00000000    0.00000000    0.00000000 
max(|FNEB|)      :   0.00000000    0.01514241    0.01401652    0.01058805    0.00954472    0.01664265    0.01902106    0.01393736    0.00000000 
max(|Force|)     :   0.00011723    0.01417069    0.02538262    0.01146103    0.01072501    0.01485090    0.01776757    0.01297771    0.00009120 
ksp              :   0.02679050    0.07415202    0.10000000    0.10000000    0.09325805    0.06985482    0.04434772    0.02216161 
max(|step|)      :   0.00000000    0.01512884    0.02399904    0.00922058    0.02073135    0.02204838    0.04878515    0.02447889    0.00023207 
angle (deg.)     :    20.1289  27.0858  33.3633  18.8963  22.1162  17.1103  15.4861 
>
iteration       : 18
climbing        : no
zoom on         : no
nim             : 9
barrier         :   0.15527260 (image:  3) 
distance        :   0.00000000    7.29612648   10.13480441   12.29748409   14.48955487   16.74833835   19.52920869   23.33073667   29.88246994 
energy          : -2464.54814530  -2464.50240317  -2464.43199127  -2464.39287270  -2464.40349991  -2464.43809535  -2464.47639045  -2464.50899007  -2464.52720638 
max(|Fr_perp|)   :   0.00000000    0.01040724    0.00905340    0.01253532    0.01175309    0.01315885    0.01466759    0.01222430    0.00000000 
Fr_paral         :   0.00000000   -0.01707405   -0.03896660   -0.00329464    0.01252667    0.01823403    0.01339962    0.00620981    0.00000000 
max(|Fsp_paral|) :   0.00000000    0.00297397    0.00283073    0.00065677    0.00224422    0.00551400    0.00973992    0.00769971    0.00000000 
max(|Fsp_perp|)  :   0.00000000    0.00000000    0.00000000    0.00000000    0.00000000    0.00000000    0.00000000    0.00000000    0.00000000 
max(|FNEB|)      :   0.00000000    0.01120271    0.01008169    0.01237004    0.01229377    0.01415279    0.01615123    0.01292434    0.00000000 
max(|Force|)     :   0.00011723    0.01306930    0.02426835    0.01272059    0.01123071    0.01252918    0.01513051    0.01202636    0.00009120 
ksp              :   0.02661749    0.07379160    0.10000000    0.10000000    0.09288005    0.06970203    0.04404532    0.02220444 
max(|step|)      :   0.00000000    0.03140156    0.04839513    0.01964027    0.04209123    0.04449808    0.10000000    0.05381068    0.00064336 
angle (deg.)     :    20.5613  31.0783  37.2276  22.0417  22.7152  17.9009  15.7466 
>
iteration       : 19
climbing        : no
zoom on         : no
nim             : 9
barrier         :   0.15399742 (image:  3) 
distance        :   0.00000000    7.44104942   10.29663733   12.40773425   14.53100789   16.73473964   19.47841679   23.32153852   30.04207085 
energy          : -2464.54814530  -2464.50282393  -2464.43392861  -2464.39414788  -2464.40586283  -2464.43905466  -2464.47723275  -2464.50895360  -2464.52720638 
max(|Fr_perp|)   :   0.00000000    0.00868621    0.00849591    0.01118026    0.01022675    0.01287989    0.01313684    0.01021145    0.00000000 
Fr_paral         :   0.00000000   -0.01619305   -0.04044951   -0.00301842    0.01256328    0.01830372    0.01319249    0.00595155    0.00000000 
max(|Fsp_paral|) :   0.00000000    0.00225225    0.00105755    0.00027794    0.00222851    0.00429602    0.00802198    0.00651476    0.00000000 
max(|Fsp_perp|)  :   0.00000000    0.00000000    0.00000000    0.00000000    0.00000000    0.00000000    0.00000000    0.00000000    0.00000000 
max(|FNEB|)      :   0.00000000    0.00823074    0.00861804    0.01120158    0.01178357    0.01372065    0.01454189    0.01088640    0.00000000 
max(|Force|)     :   0.00011723    0.01124562    0.02332999    0.01143547    0.01175470    0.01183152    0.01352562    0.01009544    0.00009120 
ksp              :   0.02649432    0.07309525    0.10000000    0.10000000    0.09207912    0.06962757    0.04380569    0.02234844 
max(|step|)      :   0.00000000    0.02452544    0.02567949    0.03337775    0.03511195    0.04088393    0.04333101    0.03243859    0.00000000 
angle (deg.)     :    20.5398  32.6811  38.4756  22.7934  22.7934  18.1604  15.7024 
>
iteration       : 20
climbing        : no
zoom on         : no
nim             : 9
barrier         :   0.15344506 (image:  3) 
distance        :   0.00000000    7.48588884   10.33997653   12.44389329   14.53475802   16.73846330   19.45672068   23.31920518   30.09318238 
energy          : -2464.54814530  -2464.50304901  -2464.43515942  -2464.39470024  -2464.40673976  -2464.43960482  -2464.47755961  -2464.50905265  -2464.52720638 
max(|Fr_perp|)   :   0.00000000    0.01040059    0.00906801    0.00810112    0.01331752    0.01108614    0.01171172    0.00923532    0.00000000 
Fr_paral         :   0.00000000   -0.01648705   -0.04135845   -0.00291866    0.01307845    0.01838660    0.01359938    0.00628954    0.00000000 
max(|Fsp_paral|) :   0.00000000    0.00180826    0.00155195    0.00030628    0.00157495    0.00497270    0.00696102    0.00634381    0.00000000 
max(|Fsp_perp|)  :   0.00000000    0.00000000    0.00000000    0.00000000    0.00000000    0.00000000    0.00000000    0.00000000    0.00000000 
max(|FNEB|)      :   0.00000000    0.00899525    0.00844180    0.00828703    0.01434603    0.01029829    0.01056956    0.00861091    0.00000000 
max(|Force|)     :   0.00011723    0.01289475    0.02638008    0.00851685    0.01132075    0.01216471    0.01248646    0.00945838    0.00009120 
ksp              :   0.02640802    0.07251957    0.10000000    0.10000000    0.09182259    0.06950019    0.04372077    0.02233027 
max(|step|)      :   0.00000000    0.01029993    0.01507749    0.00918206    0.01345860    0.01286156    0.03165703    0.01811848    0.00014327 
angle (deg.)     :    20.6512  34.1885  39.6578  23.7203  23.0426  18.4140  15.7333 
>
iteration       : 21
climbing        : no
zoom on         : no
nim             : 9
barrier         :   0.15296526 (image:  3) 
distance        :   0.00000000    7.52672239   10.38518313   12.47824965   14.54615326   16.74633290   19.44775544   23.32701513   30.15262441 
energy          : -2464.54814530  -2464.50333365  -2464.43615973  -2464.39518005  -2464.40746187  -2464.44002682  -2464.47781600  -2464.50902799  -2464.52720638 
max(|Fr_perp|)   :   0.00000000    0.00816460    0.00797925    0.00867868    0.01149624    0.00809114    0.00968899    0.00810347    0.00000000 
Fr_paral         :   0.00000000   -0.01629030   -0.04169743   -0.00284395    0.01332079    0.01825089    0.01381278    0.00640193    0.00000000 
max(|Fsp_paral|) :   0.00000000    0.00160358    0.00153188    0.00060145    0.00121682    0.00523689    0.00621679    0.00600027    0.00000000 
max(|Fsp_perp|)  :   0.00000000    0.00000000    0.00000000    0.00000000    0.00000000    0.00000000    0.00000000    0.00000000    0.00000000 
max(|FNEB|)      :   0.00000000    0.00693044    0.00644737    0.00903112    0.01228000    0.00797128    0.01069611    0.00751075    0.00000000 
max(|Force|)     :   0.00011723    0.01060438    0.02726525    0.00907702    0.00948576    0.00952736    0.01105791    0.00833257    0.00009120 
ksp              :   0.02627362    0.07206488    0.10000000    0.10000000    0.09162770    0.06942875    0.04366855    0.02239189 
max(|step|)      :   0.00000000    0.03209575    0.04918464    0.02756597    0.04743537    0.04061723    0.10000000    0.05363437    0.00082926 
angle (deg.)     :    21.1766  38.9392  43.3841  26.8362  23.8643  19.5933  15.9442 
>
iteration       : 22
climbing        : no
zoom on         : no
nim             : 9
barrier         :   0.15155829 (image:  3) 
distance        :   0.00000000    7.65295253   10.52964506   12.59115161   14.59875743   16.78451884   19.44185556   23.37419375   30.36082170 
energy          : -2464.54814530  -2464.50397952  -2464.43894108  -2464.39658701  -2464.40955732  -2464.44088584  -2464.47834777  -2464.50890035  -2464.52720638 
max(|Fr_perp|)   :   0.00000000    0.00514446    0.00754154    0.00784725    0.01029922    0.00770807    0.01070343    0.00707640    0.00000000 
Fr_paral         :   0.00000000   -0.01564552   -0.04241646   -0.00257045    0.01312933    0.01814258    0.01345318    0.00634761    0.00000000 
max(|Fsp_paral|) :   0.00000000    0.00091321    0.00117173    0.00137236    0.00039996    0.00559913    0.00450331    0.00506163    0.00000000 
max(|Fsp_perp|)  :   0.00000000    0.00000000    0.00000000    0.00000000    0.00000000    0.00000000    0.00000000    0.00000000    0.00000000 
max(|FNEB|)      :   0.00000000    0.00463167    0.00688796    0.00762822    0.01061857    0.00861319    0.01074569    0.00715431    0.00000000 
max(|Force|)     :   0.00011723    0.00703019    0.02819002    0.00777748    0.00912772    0.01045440    0.01101573    0.00713969    0.00009120 
ksp              :   0.02600614    0.07081870    0.10000000    0.10000000    0.09106613    0.06947764    0.04366879    0.02261564 
max(|step|)      :   0.00000000    0.01543361    0.02295199    0.02541869    0.03538311    0.02870078    0.03580668    0.02383951    0.00000000 
angle (deg.)     :    21.5701  40.1996  44.4174  27.9680  24.1410  20.1548  16.1558 
>
iteration       : 23
climbing        : no
zoom on         : no
nim             : 9
barrier         :   0.15096140 (image:  3) 
distance        :   0.00000000    7.68149758   10.57574304   12.61033588   14.62883656   16.78751891   19.45726615   23.39874145   30.43279487 
energy          : -2464.54814530  -2464.50442276  -2464.43964807  -2464.39718390  -2464.41043147  -2464.44094235  -2464.47876971  -2464.50898191  -2464.52720638 
max(|Fr_perp|)   :   0.00000000    0.00408641    0.00574317    0.00770562    0.00839760    0.00735261    0.00976931    0.00682892    0.00000000 
Fr_paral         :   0.00000000   -0.01511150   -0.04241789   -0.00254618    0.01255751    0.01832563    0.01277359    0.00555534    0.00000000 
max(|Fsp_paral|) :   0.00000000    0.00123931    0.00044077    0.00041789    0.00132965    0.00394659    0.00512535    0.00465472    0.00000000 
max(|Fsp_perp|)  :   0.00000000    0.00000000    0.00000000    0.00000000    0.00000000    0.00000000    0.00000000    0.00000000    0.00000000 
max(|FNEB|)      :   0.00000000    0.00474204    0.00567842    0.00779268    0.00871895    0.00772217    0.00989516    0.00678190    0.00000000 
max(|Force|)     :   0.00011723    0.00637508    0.02412029    0.00784337    0.00769904    0.01117733    0.00965882    0.00684984    0.00009120 
ksp              :   0.02577055    0.07060681    0.10000000    0.10000000    0.09083019    0.06971093    0.04352728    0.02261476 
max(|step|)      :   0.00000000    0.01065526    0.01657488    0.01548043    0.01378291    0.01341143    0.02651772    0.01499614    0.00015922 
angle (deg.)     :    21.8715  41.5014  45.3484  28.7908  24.3745  20.6243  16.2130 
>
iteration       : 24
climbing        : no
zoom on         : no
nim             : 9
barrier         :   0.15044509 (image:  3) 
distance        :   0.00000000    7.71278982   10.61597399   12.63521293   14.65041028   16.79454490   19.46585196   23.41938047   30.49814648 
energy          : -2464.54814530  -2464.50473097  -2464.44042391  -2464.39770022  -2464.41111862  -2464.44106196  -2464.47901787  -2464.50898699  -2464.52720638 
max(|Fr_perp|)   :   0.00000000    0.00446900    0.00565571    0.00723926    0.00761813    0.00830096    0.00781713    0.00567624    0.00000000 
Fr_paral         :   0.00000000   -0.01491626   -0.04262945   -0.00248057    0.01251428    0.01825293    0.01250974    0.00548188    0.00000000 
max(|Fsp_paral|) :   0.00000000    0.00126211    0.00109909    0.00010673    0.00162613    0.00311541    0.00524528    0.00431344    0.00000000 
max(|Fsp_perp|)  :   0.00000000    0.00000000    0.00000000    0.00000000    0.00000000    0.00000000    0.00000000    0.00000000    0.00000000 
max(|FNEB|)      :   0.00000000    0.00382780    0.00565049    0.00726095    0.00801146    0.00876879    0.00869484    0.00608672    0.00000000 
max(|Force|)     :   0.00011723    0.00671450    0.02261942    0.00737238    0.00692490    0.00938473    0.01003869    0.00548087    0.00009120 
ksp              :   0.02561923    0.07030927    0.10000000    0.10000000    0.09067491    0.06986586    0.04348849    0.02266152 
max(|step|)      :   0.00000000    0.04149979    0.05790476    0.05244878    0.05770523    0.05064436    0.10000000    0.05744281    0.00133162 
angle (deg.)     :    23.1357  46.6409  48.8387  31.9520  25.5101  22.3403  16.4088 
>
iteration       : 25
climbing        : no
zoom on         : no
nim             : 9
barrier         :   0.14851896 (image:  3) 
distance        :   0.00000000    7.83732409   10.76935189   12.75000104   14.74086965   16.85219641   19.51855280   23.52406121   30.77366870 
energy          : -2464.54814530  -2464.50577878  -2464.44353048  -2464.39962634  -2464.41336539  -2464.44148295  -2464.47974068  -2464.50898927  -2464.52720638 
max(|Fr_perp|)   :   0.00000000    0.00386915    0.00590150    0.00524675    0.00584557    0.00584108    0.00697042    0.00428563    0.00000000 
Fr_paral         :   0.00000000   -0.01432168   -0.04255936   -0.00233105    0.01231827    0.01831650    0.01233425    0.00535086    0.00000000 
max(|Fsp_paral|) :   0.00000000    0.00106502    0.00226870    0.00027880    0.00190277    0.00117227    0.00509914    0.00323735    0.00000000 
max(|Fsp_perp|)  :   0.00000000    0.00000000    0.00000000    0.00000000    0.00000000    0.00000000    0.00000000    0.00000000    0.00000000 
max(|FNEB|)      :   0.00000000    0.00353663    0.00586816    0.00533065    0.00635917    0.00602752    0.00721265    0.00429694    0.00000000 
max(|Force|)     :   0.00011723    0.00599685    0.01956891    0.00522497    0.00539854    0.01027905    0.00848286    0.00436276    0.00009120 
ksp              :   0.02511738    0.06903302    0.10000000    0.10000000    0.09030862    0.07047440    0.04348566    0.02285245 
max(|step|)      :   0.00000000    0.01361844    0.02259645    0.02052669    0.02448719    0.02321009    0.02777369    0.01654619    0.00000000 
angle (deg.)     :    23.3769  47.5515  49.0920  32.1693  26.0130  22.5681  16.3441 
>
iteration       : 26
climbing        : no
zoom on         : no
nim             : 9
barrier         :   0.14803419 (image:  3) 
distance        :   0.00000000    7.87002263   10.78781824   12.78264667   14.73570522   16.87950360   19.51424427   23.54664699   30.82856567 
energy          : -2464.54814530  -2464.50598134  -2464.44479468  -2464.40011111  -2464.41354587  -2464.44180763  -2464.47967163  -2464.50900129  -2464.52720638 
max(|Fr_perp|)   :   0.00000000    0.00375732    0.00640999    0.00555532    0.00730731    0.01136419    0.01138580    0.00608820    0.00000000 
Fr_paral         :   0.00000000   -0.01455999   -0.04219215   -0.00226189    0.01259395    0.01753076    0.01249929    0.00591578    0.00000000 
max(|Fsp_paral|) :   0.00000000    0.00047340    0.00001439    0.00117595    0.00030089    0.00346326    0.00364390    0.00355772    0.00000000 
max(|Fsp_perp|)  :   0.00000000    0.00000000    0.00000000    0.00000000    0.00000000    0.00000000    0.00000000    0.00000000    0.00000000 
max(|FNEB|)      :   0.00000000    0.00354887    0.00641089    0.00607762    0.00723681    0.01348393    0.01129467    0.00610630    0.00000000 
max(|Force|)     :   0.00011723    0.00588893    0.02479640    0.00583815    0.00797932    0.01577133    0.01150419    0.00607676    0.00009120 
ksp              :   0.02503009    0.06835822    0.10000000    0.10000000    0.09048644    0.07047344    0.04366079    0.02289158 
max(|step|)      :   0.00000000    0.00930280    0.00907765    0.00969038    0.01658922    0.01405085    0.01929310    0.01093641    0.00021011 
angle (deg.)     :    23.7455  48.2423  49.3851  32.6834  26.3072  22.7984  16.3731 
>
iteration       : 27
climbing        : no
zoom on         : no
nim             : 9
barrier         :   0.14757848 (image:  3) 
distance        :   0.00000000    7.89559642   10.81023998   12.80378038   14.74336704   16.89844113   19.51865147   23.56814364   30.88207928 
energy          : -2464.54814530  -2464.50620287  -2464.44552327  -2464.40056682  -2464.41397704  -2464.44216302  -2464.47977612  -2464.50903020  -2464.52720638 
max(|Fr_perp|)   :   0.00000000    0.00386345    0.00537257    0.00535559    0.00676829    0.00553683    0.00668873    0.00455655    0.00000000 
Fr_paral         :   0.00000000   -0.01449608   -0.04183665   -0.00223288    0.01260992    0.01803486    0.01279107    0.00587884    0.00000000 
max(|Fsp_paral|) :   0.00000000    0.00029305    0.00052771    0.00153070    0.00023152    0.00441247    0.00287515    0.00356748    0.00000000 
max(|Fsp_perp|)  :   0.00000000    0.00000000    0.00000000    0.00000000    0.00000000    0.00000000    0.00000000    0.00000000    0.00000000 
max(|FNEB|)      :   0.00000000    0.00367320    0.00535330    0.00606606    0.00662605    0.00494697    0.00661786    0.00489155    0.00000000 
max(|Force|)     :   0.00011723    0.00566449    0.02632516    0.00542248    0.00548149    0.00880852    0.00867910    0.00460241    0.00009120 
ksp              :   0.02492674    0.06805042    0.10000000    0.10000000    0.09046965    0.07043848    0.04370766    0.02291742 
max(|step|)      :   0.00000000    0.04746958    0.04479898    0.05357565    0.07273450    0.05127533    0.10000000    0.05447959    0.00205846 
angle (deg.)     :    25.8239  51.5784  50.9130  35.5780  27.9382  24.5471  16.6173 
>
iteration       : 28
climbing        : no
zoom on         : no
nim             : 9
barrier         :   0.14551942 (image:  3) 
distance        :   0.00000000    8.02149869   10.93003629   12.91226969   14.80567178   17.00329266   19.57389399   23.70425929   31.18046380 
energy          : -2464.54814530  -2464.50715983  -2464.44844365  -2464.40262589  -2464.41520392  -2464.44209546  -2464.47993995  -2464.50905719  -2464.52720638 
max(|Fr_perp|)   :   0.00000000    0.00599743    0.00926642    0.00607126    0.01364791    0.02071499    0.00892650    0.00385071    0.00000000 
Fr_paral         :   0.00000000   -0.01411432   -0.03967468   -0.00206744    0.01139912    0.01783356    0.01291256    0.00553678    0.00000000 
max(|Fsp_paral|) :   0.00000000    0.00034271    0.00187711    0.00256536    0.00245373    0.00709541    0.00056937    0.00367017    0.00000000 
max(|Fsp_perp|)  :   0.00000000    0.00000000    0.00000000    0.00000000    0.00000000    0.00000000    0.00000000    0.00000000    0.00000000 
max(|FNEB|)      :   0.00000000    0.00632367    0.01034285    0.00795640    0.01423785    0.02069499    0.00890950    0.00383066    0.00000000 
max(|Force|)     :   0.00011723    0.00807821    0.02973266    0.00651573    0.01427249    0.02211900    0.00999340    0.00463175    0.00009120 
ksp              :   0.02448514    0.06690271    0.10000000    0.10000000    0.09092178    0.07149670    0.04414950    0.02311218 
max(|step|)      :   0.00000000    0.00882984    0.01444188    0.01110965    0.01988054    0.02889675    0.01244048    0.00534881    0.00000000 
angle (deg.)     :    26.0845  51.5568  51.0118  36.0384  27.9624  24.9912  16.6645 
>
iteration       : 29
climbing        : no
zoom on         : no
nim             : 9
barrier         :   0.14506538 (image:  3) 
distance        :   0.00000000    8.02404624   10.93956855   12.90533376   14.82529978   16.99385683   19.58594524   23.71096655   31.20091746 
energy          : -2464.54814530  -2464.50753609  -2464.44889026  -2464.40307993  -2464.41612542  -2464.44253562  -2464.48032578  -2464.50917004  -2464.52720638 
max(|Fr_perp|)   :   0.00000000    0.00318764    0.00509047    0.00383586    0.00612147    0.00871204    0.00498527    0.00241130    0.00000000 
Fr_paral         :   0.00000000   -0.01394607   -0.04010752   -0.00208660    0.01115298    0.01706711    0.01212569    0.00544805    0.00000000 
max(|Fsp_paral|) :   0.00000000    0.00000563    0.00097673    0.00133874    0.00102291    0.00490597    0.00143356    0.00331903    0.00000000 
max(|Fsp_perp|)  :   0.00000000    0.00000000    0.00000000    0.00000000    0.00000000    0.00000000    0.00000000    0.00000000    0.00000000 
max(|FNEB|)      :   0.00000000    0.00318250    0.00538427    0.00480527    0.00591897    0.01167569    0.00528644    0.00304933    0.00000000 
max(|Force|)     :   0.00011723    0.00558563    0.02507967    0.00427752    0.00560193    0.01597387    0.00837911    0.00245895    0.00009120 
ksp              :   0.02426228    0.06678444    0.10000000    0.10000000    0.09054114    0.07139197    0.04399158    0.02307755 
max(|step|)      :   0.00000000    0.00510532    0.01009856    0.00853852    0.00603835    0.00809275    0.00433570    0.00473494    0.00008550 
angle (deg.)     :    26.3437  51.5418  51.0321  36.4197  27.9241  25.2198  16.6708 
>
iteration       : 30
climbing        : no
zoom on         : no
nim             : 9
barrier         :   0.14482046 (image:  3) 
distance        :   0.00000000    8.02861529   10.94879042   12.90244350   14.83944005   16.98748670   19.59441660   23.71456256   31.21836693 
energy          : -2464.54814530  -2464.50772919  -2464.44901818  -2464.40332484  -2464.41649960  -2464.44248084  -2464.48047643  -2464.50918207  -2464.52720638 
max(|Fr_perp|)   :   0.00000000    0.00238888    0.00333622    0.00287952    0.00450528    0.00628317    0.00382823    0.00213484    0.00000000 
Fr_paral         :   0.00000000   -0.01381276   -0.04034566   -0.00213451    0.01101490    0.01738554    0.01211446    0.00538583    0.00000000 
max(|Fsp_paral|) :   0.00000000    0.00022320    0.00015101    0.00048945    0.00012858    0.00337863    0.00217981    0.00299830    0.00000000 
max(|Fsp_perp|)  :   0.00000000    0.00000000    0.00000000    0.00000000    0.00000000    0.00000000    0.00000000    0.00000000    0.00000000 
max(|FNEB|)      :   0.00000000    0.00234426    0.00331082    0.00323285    0.00448053    0.00770786    0.00379443    0.00281668    0.00000000 
max(|Force|)     :   0.00011723    0.00458015    0.02235326    0.00333231    0.00422598    0.01346167    0.00866792    0.00225730    0.00009120 
ksp              :   0.02415019    0.06680376    0.10000000    0.10000000    0.09042853    0.07155315    0.04394933    0.02309467 
max(|step|)      :   0.00000000    0.02029936    0.02732331    0.03217982    0.02464989    0.02535864    0.02389158    0.02290516    0.00077430 
angle (deg.)     :    27.5326  51.5348  50.8952  37.8066  28.2140  26.2512  16.7105 
>
iteration       : 31
climbing        : no
zoom on         : no
nim             : 9
barrier         :   0.14397085 (image:  3) 
distance        :   0.00000000    8.05959931   10.98934737   12.90936116   14.88477336   16.97680550   19.62590281   23.73957007   31.30901856 
energy          : -2464.54814530  -2464.50822617  -2464.44910011  -2464.40417446  -2464.41743298  -2464.44195700  -2464.48083714  -2464.50913709  -2464.52720638 
max(|Fr_perp|)   :   0.00000000    0.00462418    0.00701080    0.00433268    0.00473052    0.00352507    0.00340514    0.00213146    0.00000000 
Fr_paral         :   0.00000000   -0.01347944   -0.04054397   -0.00223994    0.01069114    0.01788632    0.01198730    0.00519580    0.00000000 
max(|Fsp_paral|) :   0.00000000    0.00078190    0.00250808    0.00165804    0.00205386    0.00124803    0.00444248    0.00190210    0.00000000 
max(|Fsp_perp|)  :   0.00000000    0.00000000    0.00000000    0.00000000    0.00000000    0.00000000    0.00000000    0.00000000    0.00000000 
max(|FNEB|)      :   0.00000000    0.00436522    0.00733701    0.00413913    0.00617834    0.00403323    0.00374882    0.00208902    0.00000000 
max(|Force|)     :   0.00011723    0.00699782    0.01712864    0.00441094    0.00429460    0.00890792    0.00720292    0.00227382    0.00009120 
ksp              :   0.02388436    0.06713610    0.10000000    0.10000000    0.09030116    0.07236141    0.04391991    0.02321800 
max(|step|)      :   0.00000000    0.03512185    0.04799204    0.04953654    0.04476339    0.03823561    0.04669197    0.04081780    0.00157396 
angle (deg.)     :    29.5876  51.6513  50.4489  39.9682  29.2394  27.8111  16.7873 
>
iteration       : 32
climbing        : no
zoom on         : no
nim             : 9
barrier         :   0.14256449 (image:  3) 
distance        :   0.00000000    8.12746701   11.05746443   12.95088275   14.95086909   16.99776106   19.68235641   23.80826652   31.49373865 
energy          : -2464.54814530  -2464.50877130  -2464.44947118  -2464.40558081  -2464.41846352  -2464.44123484  -2464.48108097  -2464.50903867  -2464.52720638 
max(|Fr_perp|)   :   0.00000000    0.01385982    0.01967289    0.00807572    0.00929600    0.00652282    0.00697814    0.00390614    0.00000000 
Fr_paral         :   0.00000000   -0.01312401   -0.03929262   -0.00225756    0.00984283    0.01792508    0.01186463    0.00505307    0.00000000 
max(|Fsp_paral|) :   0.00000000    0.00104405    0.00455070    0.00324084    0.00356435    0.00580638    0.00638327    0.00073742    0.00000000 
max(|Fsp_perp|)  :   0.00000000    0.00000000    0.00000000    0.00000000    0.00000000    0.00000000    0.00000000    0.00000000    0.00000000 
max(|FNEB|)      :   0.00000000    0.01308253    0.01977033    0.00772122    0.01134112    0.00959158    0.00711887    0.00389359    0.00000000 
max(|Force|)     :   0.00011723    0.01565131    0.02212107    0.00815823    0.00793791    0.01101558    0.00838771    0.00393938    0.00009120 
ksp              :   0.02364151    0.06752218    0.10000000    0.10000000    0.09046711    0.07361687    0.04413169    0.02344367 
max(|step|)      :   0.00000000    0.07441410    0.08207308    0.09318178    0.07756775    0.07401717    0.10000000    0.07866860    0.00357897 
angle (deg.)     :    33.6406  51.8866  49.6301  44.1615  32.0030  30.8681  17.0603 
>
iteration       : 33
climbing        : no
zoom on         : no
nim             : 9
barrier         :   0.13977745 (image:  3) 
distance        :   0.00000000    8.27212625   11.19744537   13.07044070   15.09508491   17.11152021   19.83618036   24.00986345   31.92266998 
energy          : -2464.54814530  -2464.51009406  -2464.45184145  -2464.40836785  -2464.42007360  -2464.44002175  -2464.48126470  -2464.50883909  -2464.52720638 
max(|Fr_perp|)   :   0.00000000    0.00989192    0.01640814    0.01104899    0.01086834    0.01499374    0.00760079    0.00565699    0.00000000 
Fr_paral         :   0.00000000   -0.01238613   -0.03756009   -0.00218792    0.00843414    0.01749595    0.01129710    0.00475108    0.00000000 
max(|Fsp_paral|) :   0.00000000    0.00111422    0.00470661    0.00464132    0.00456702    0.01134897    0.00858275    0.00086830    0.00000000 
max(|Fsp_perp|)  :   0.00000000    0.00000000    0.00000000    0.00000000    0.00000000    0.00000000    0.00000000    0.00000000    0.00000000 
max(|FNEB|)      :   0.00000000    0.01037690    0.01887640    0.01062978    0.01156866    0.02136832    0.00759143    0.00569349    0.00000000 
max(|Force|)     :   0.00011723    0.00959628    0.02648146    0.01114959    0.01061461    0.01980751    0.00842001    0.00570619    0.00009120 
ksp              :   0.02296377    0.06709087    0.10000000    0.10000000    0.09113855    0.07603876    0.04479378    0.02391169 
max(|step|)      :   0.00000000    0.01982563    0.03606439    0.02030877    0.02210255    0.04082534    0.01450383    0.01087772    0.00000000 
angle (deg.)     :    33.5993  51.7679  48.9723  43.2956  32.6737  30.5680  17.1057 
>
iteration       : 34
climbing        : no
zoom on         : no
nim             : 9
barrier         :   0.13900859 (image:  3) 
distance        :   0.00000000    8.28595865   11.18598716   13.09823744   15.05867689   17.15109564   19.80373701   24.01977927   31.92870646 
energy          : -2464.54814530  -2464.51053316  -2464.45434249  -2464.40913671  -2464.42089465  -2464.44147776  -2464.48132923  -2464.50918869  -2464.52720638 
max(|Fr_perp|)   :   0.00000000    0.01017852    0.01369017    0.00346096    0.00733898    0.01491599    0.00868884    0.00317290    0.00000000 
Fr_paral         :   0.00000000   -0.01256378   -0.03740146   -0.00182402    0.00891617    0.01555689    0.01149668    0.00498623    0.00000000 
max(|Fsp_paral|) :   0.00000000    0.00033827    0.00058961    0.00146739    0.00136699    0.00438199    0.00446960    0.00072942    0.00000000 
max(|Fsp_perp|)  :   0.00000000    0.00000000    0.00000000    0.00000000    0.00000000    0.00000000    0.00000000    0.00000000    0.00000000 
max(|FNEB|)      :   0.00000000    0.01041734    0.01363661    0.00366112    0.00849960    0.01554350    0.00928601    0.00309940    0.00000000 
max(|Force|)     :   0.00011723    0.01169033    0.01542739    0.00366502    0.00718481    0.01842756    0.00802055    0.00336730    0.00009120 
ksp              :   0.02270936    0.06554136    0.10000000    0.10000000    0.09103737    0.07534765    0.04497040    0.02373420 
max(|step|)      :   0.00000000    0.01146999    0.01903632    0.01003444    0.01302636    0.02029092    0.01000434    0.00504045    0.00006854 
angle (deg.)     :    33.7568  51.5598  48.5154  42.9456  32.8757  30.2488  17.1047 
>
iteration       : 35
climbing        : no
zoom on         : no
nim             : 9
barrier         :   0.13878368 (image:  3) 
distance        :   0.00000000    8.29528557   11.18580642   13.11241148   15.04048527   17.17807827   19.78459030   24.02372617   31.93482528 
energy          : -2464.54814530  -2464.51065562  -2464.45487503  -2464.40936162  -2464.42111625  -2464.44248886  -2464.48125284  -2464.50926132  -2464.52720638 
max(|Fr_perp|)   :   0.00000000    0.00311874    0.00560933    0.00284810    0.00276314    0.00298570    0.00258340    0.00168990    0.00000000 
Fr_paral         :   0.00000000   -0.01262499   -0.03717569   -0.00168723    0.00903931    0.01657238    0.01205395    0.00504407    0.00000000 
max(|Fsp_paral|) :   0.00000000    0.00013798    0.00205148    0.00004467    0.00043242    0.00006487    0.00152849    0.00140028    0.00000000 
max(|Fsp_perp|)  :   0.00000000    0.00000000    0.00000000    0.00000000    0.00000000    0.00000000    0.00000000    0.00000000    0.00000000 
max(|FNEB|)      :   0.00000000    0.00302132    0.00553690    0.00281504    0.00233072    0.00294851    0.00202431    0.00162288    0.00000000 
max(|Force|)     :   0.00011723    0.00470895    0.02047217    0.00322787    0.00375551    0.00983231    0.00624124    0.00189434    0.00009120 
ksp              :   0.02264009    0.06524066    0.10000000    0.10000000    0.09102279    0.07470018    0.04509548    0.02370494 
max(|step|)      :   0.00000000    0.00385277    0.00698757    0.00417549    0.00499519    0.00701190    0.00485394    0.00297099    0.00006830 
angle (deg.)     :    34.0171  51.2756  48.2240  42.9897  33.0115  30.2902  17.1175 
>
iteration       : 36
climbing        : no
zoom on         : no
nim             : 9
barrier         :   0.13862070 (image:  3) 
distance        :   0.00000000    8.30216051   11.19168265   13.11560112   15.03740290   17.18970891   19.78030969   24.02834983   31.94594712 
energy          : -2464.54814530  -2464.51070960  -2464.45483628  -2464.40952461  -2464.42122838  -2464.44268101  -2464.48123044  -2464.50929025  -2464.52720638 
max(|Fr_perp|)   :   0.00000000    0.00183193    0.00334606    0.00284952    0.00280968    0.00331264    0.00305981    0.00146706    0.00000000 
Fr_paral         :   0.00000000   -0.01262931   -0.03728877   -0.00163453    0.00886311    0.01679981    0.01210554    0.00502413    0.00000000 
max(|Fsp_paral|) :   0.00000000    0.00018917    0.00178703    0.00006440    0.00092879    0.00123041    0.00065568    0.00161043    0.00000000 
max(|Fsp_perp|)  :   0.00000000    0.00000000    0.00000000    0.00000000    0.00000000    0.00000000    0.00000000    0.00000000    0.00000000 
max(|FNEB|)      :   0.00000000    0.00179309    0.00371163    0.00289711    0.00225670    0.00356916    0.00294555    0.00167105    0.00000000 
max(|Force|)     :   0.00011723    0.00353130    0.02072932    0.00321702    0.00263723    0.00711167    0.00670553    0.00187256    0.00009120 
ksp              :   0.02261631    0.06534679    0.10000000    0.10000000    0.09104926    0.07464283    0.04516122    0.02370180 
max(|step|)      :   0.00000000    0.01767531    0.02012676    0.01975563    0.02275969    0.01857747    0.02132473    0.01457472    0.00097780 
angle (deg.)     :    35.3115  49.9309  46.9171  43.4645  33.6491  30.8228  17.1829 
>
iteration       : 37
climbing        : no
zoom on         : no
nim             : 9
barrier         :   0.13788742 (image:  3) 
distance        :   0.00000000    8.33589237   11.22284469   13.12956703   15.03828048   17.23823903   19.77719896   24.05658382   32.00936802 
energy          : -2464.54814530  -2464.51093207  -2464.45450511  -2464.41025788  -2464.42156498  -2464.44310227  -2464.48118365  -2464.50937186  -2464.52720638 
max(|Fr_perp|)   :   0.00000000    0.00227865    0.00433412    0.00294097    0.00583479    0.01155780    0.00438056    0.00181208    0.00000000 
Fr_paral         :   0.00000000   -0.01261735   -0.03765303   -0.00149876    0.00767398    0.01671598    0.01206172    0.00492293    0.00000000 
max(|Fsp_paral|) :   0.00000000    0.00047876    0.00013878    0.00006055    0.00244537    0.00529579    0.00200009    0.00217443    0.00000000 
max(|Fsp_perp|)  :   0.00000000    0.00000000    0.00000000    0.00000000    0.00000000    0.00000000    0.00000000    0.00000000    0.00000000 
max(|FNEB|)      :   0.00000000    0.00189275    0.00431003    0.00293697    0.00617961    0.01397089    0.00473660    0.00229205    0.00000000 
max(|Force|)     :   0.00011723    0.00412906    0.02055320    0.00299460    0.00609990    0.01596210    0.00771860    0.00218068    0.00009120 
ksp              :   0.02252421    0.06594868    0.10000000    0.10000000    0.09129840    0.07472396    0.04541769    0.02372490 
max(|step|)      :   0.00000000    0.04106684    0.05081794    0.04648799    0.04679663    0.04033067    0.04642905    0.03441650    0.00253746 
angle (deg.)     :    38.3184  47.0275  44.1331  44.9706  34.8809  32.6689  17.3092 
>
iteration       : 38
climbing        : no
zoom on         : no
nim             : 9
barrier         :   0.13627560 (image:  3) 
distance        :   0.00000000    8.42012868   11.29958882   13.17790050   15.08608797   17.34987149   19.81939218   24.14688749   32.18932145 
energy          : -2464.54814530  -2464.51131804  -2464.45388642  -2464.41186970  -2464.42202060  -2464.44356734  -2464.48125766  -2464.50948389  -2464.52720638 
max(|Fr_perp|)   :   0.00000000    0.00295090    0.00745168    0.00539634    0.00993690    0.02010564    0.00748345    0.00322128    0.00000000 
Fr_paral         :   0.00000000   -0.01257065   -0.03803949   -0.00117566    0.00516214    0.01612425    0.01183371    0.00473497    0.00000000 
max(|Fsp_paral|) :   0.00000000    0.00093094    0.00273506    0.00090550    0.00431668    0.01079628    0.00550283    0.00257086    0.00000000 
max(|Fsp_perp|)  :   0.00000000    0.00000000    0.00000000    0.00000000    0.00000000    0.00000000    0.00000000    0.00000000    0.00000000 
max(|FNEB|)      :   0.00000000    0.00318508    0.00725818    0.00484442    0.01009726    0.02519383    0.00887205    0.00306101    0.00000000 
max(|Force|)     :   0.00011723    0.00452303    0.01944068    0.00561353    0.00998386    0.02427341    0.00855097    0.00368292    0.00009120 
ksp              :   0.02239805    0.06721334    0.10000000    0.10000000    0.09207901    0.07526556    0.04585490    0.02382929 
max(|step|)      :   0.00000000    0.07852445    0.10000000    0.08989658    0.09347539    0.07741959    0.08635583    0.06587280    0.00501484 
angle (deg.)     :    44.0577  42.1037  40.1406  48.3326  36.6681  37.3149  17.5995 
>
iteration       : 39
climbing        : no
zoom on         : no
nim             : 9
barrier         :   0.13356978 (image:  3) 
distance        :   0.00000000    8.59155478   11.46746202   13.32938121   15.27638251   17.61130933   20.01863853   24.41496254   32.63743257 
energy          : -2464.54814530  -2464.51182226  -2464.45302618  -2464.41457553  -2464.42254034  -2464.44381885  -2464.48165218  -2464.50959707  -2464.52720638 
max(|Fr_perp|)   :   0.00000000    0.00556620    0.00855777    0.00820591    0.01784776    0.02898595    0.01004858    0.00474052    0.00000000 
Fr_paral         :   0.00000000   -0.01240953   -0.03777513   -0.00032573    0.00188359    0.01515377    0.01085467    0.00448018    0.00000000 
max(|Fsp_paral|) :   0.00000000    0.00152896    0.00588181    0.00255117    0.00617062    0.01643471    0.00880132    0.00225543    0.00000000 
max(|Fsp_perp|)  :   0.00000000    0.00000000    0.00000000    0.00000000    0.00000000    0.00000000    0.00000000    0.00000000    0.00000000 
max(|FNEB|)      :   0.00000000    0.00634882    0.01001619    0.00875264    0.01557506    0.03761724    0.01319968    0.00502927    0.00000000 
max(|Force|)     :   0.00011723    0.00513434    0.01807033    0.00829829    0.01756777    0.03316067    0.00931442    0.00520077    0.00009120 
ksp              :   0.02229343    0.06928097    0.10000000    0.10000000    0.09365243    0.07665229    0.04640562    0.02407237 
max(|step|)      :   0.00000000    0.00925041    0.01459387    0.01275285    0.02269331    0.05480938    0.01923231    0.00732778    0.00000000 
angle (deg.)     :    43.9485  42.4465  40.2267  48.4991  36.2329  38.0267  17.5164 
>
iteration       : 40
climbing        : no
zoom on         : no
nim             : 9
barrier         :   0.13311302 (image:  3) 
distance        :   0.00000000    8.60132547   11.45586588   13.34831870   15.31907069   17.57770744   20.05355526   24.41996744   32.65117960 
energy          : -2464.54814530  -2464.51187495  -2464.45425087  -2464.41503229  -2464.42484142  -2464.44426775  -2464.48243754  -2464.50979667  -2464.52720638 
max(|Fr_perp|)   :   0.00000000    0.00312778    0.00385136    0.00427871    0.01025963    0.01503333    0.00436085    0.00278956    0.00000000 
Fr_paral         :   0.00000000   -0.01245227   -0.03735815    0.00004891    0.00453546    0.01392907    0.01108672    0.00456052    0.00000000 
max(|Fsp_paral|) :   0.00000000    0.00075827    0.00291513    0.00241077    0.00283976    0.00880400    0.00516507    0.00119754    0.00000000 
max(|Fsp_perp|)  :   0.00000000    0.00000000    0.00000000    0.00000000    0.00000000    0.00000000    0.00000000    0.00000000    0.00000000 
max(|FNEB|)      :   0.00000000    0.00347735    0.00519216    0.00418823    0.00937566    0.01935786    0.00568988    0.00247073    0.00000000 
max(|Force|)     :   0.00011723    0.00431405    0.01825428    0.00426911    0.00950135    0.01972390    0.00573471    0.00324193    0.00009120 
ksp              :   0.02230078    0.06853398    0.10000000    0.10000000    0.09212990    0.07654367    0.04591912    0.02396823 
max(|step|)      :   0.00000000    0.00509560    0.01052916    0.00876576    0.01708443    0.01579126    0.01244258    0.00476269    0.00005710 
angle (deg.)     :    43.9103  42.7237  40.3102  48.6661  35.7553  38.4858  17.4526 
>
iteration       : 41
climbing        : no
zoom on         : no
nim             : 9
barrier         :   0.13292590 (image:  3) 
distance        :   0.00000000    8.60906545   11.45028297   13.36842834   15.35065795   17.55689911   20.08175933   24.42573028   32.66368771 
energy          : -2464.54814530  -2464.51186588  -2464.45496032  -2464.41521940  -2464.42588702  -2464.44420064  -2464.48281694  -2464.50983790  -2464.52720638 
max(|Fr_perp|)   :   0.00000000    0.00151670    0.00186137    0.00201231    0.00499666    0.00784930    0.00320545    0.00143754    0.00000000 
Fr_paral         :   0.00000000   -0.01243845   -0.03695296    0.00024794    0.00612195    0.01505291    0.01114570    0.00458848    0.00000000 
max(|Fsp_paral|) :   0.00000000    0.00022837    0.00071751    0.00199389    0.00089675    0.00385422    0.00222060    0.00038711    0.00000000 
max(|Fsp_perp|)  :   0.00000000    0.00000000    0.00000000    0.00000000    0.00000000    0.00000000    0.00000000    0.00000000    0.00000000 
max(|FNEB|)      :   0.00000000    0.00158649    0.00214272    0.00295142    0.00555987    0.01004740    0.00346749    0.00139186    0.00000000 
max(|Force|)     :   0.00011723    0.00283195    0.01809381    0.00201083    0.00598557    0.01324994    0.00470860    0.00175710    0.00009120 
ksp              :   0.02232862    0.06806163    0.10000000    0.10000000    0.09142681    0.07670879    0.04567423    0.02395844 
max(|step|)      :   0.00000000    0.00662209    0.01043327    0.01263235    0.02564386    0.01905133    0.01230827    0.00589848    0.00018260 
angle (deg.)     :    44.0431  43.0650  40.4727  48.8128  35.2773  39.1447  17.4201 
>
iteration       : 42
climbing        : no
zoom on         : no
nim             : 9
barrier         :   0.13266630 (image:  3) 
distance        :   0.00000000    8.61953636   11.45691577   13.41149356   15.38925650   17.54793779   20.12952922   24.45277700   32.69817635 
energy          : -2464.54814530  -2464.51190131  -2464.45556952  -2464.41547901  -2464.42654321  -2464.44381928  -2464.48325101  -2464.50989979  -2464.52720638 
max(|Fr_perp|)   :   0.00000000    0.00334096    0.00371907    0.00236386    0.00263811    0.00151176    0.00215815    0.00113420    0.00000000 
Fr_paral         :   0.00000000   -0.01230948   -0.03631823    0.00049948    0.00716572    0.01574913    0.01108705    0.00455605    0.00000000 
max(|Fsp_paral|) :   0.00000000    0.00007071    0.00154026    0.00072192    0.00029691    0.00126443    0.00136851    0.00040770    0.00000000 
max(|Fsp_perp|)  :   0.00000000    0.00000000    0.00000000    0.00000000    0.00000000    0.00000000    0.00000000    0.00000000    0.00000000 
max(|FNEB|)      :   0.00000000    0.00337509    0.00360414    0.00193878    0.00279317    0.00199093    0.00205093    0.00119087    0.00000000 
max(|Force|)     :   0.00011723    0.00452016    0.01771829    0.00227228    0.00298708    0.00686355    0.00534095    0.00144409    0.00009120 
ksp              :   0.02232872    0.06770580    0.10000000    0.10000000    0.09108742    0.07717099    0.04540747    0.02394102 
max(|step|)      :   0.00000000    0.00949865    0.01011252    0.00955912    0.01115059    0.00767344    0.00775266    0.00532729    0.00008448 
angle (deg.)     :    44.2949  43.2810  40.6782  48.8479  35.2803  39.4618  17.4511 
>
iteration       : 43
climbing        : no
zoom on         : no
nim             : 9
barrier         :   0.13243530 (image:  3) 
distance        :   0.00000000    8.62766864   11.47503101   13.44549038   15.41453613   17.56556580   20.16279614   24.48767039   32.73525992 
energy          : -2464.54814530  -2464.51195724  -2464.45561080  -2464.41571001  -2464.42669378  -2464.44371810  -2464.48342859  -2464.50998315  -2464.52720638 
max(|Fr_perp|)   :   0.00000000    0.00619783    0.00790640    0.00242153    0.00418833    0.00392725    0.00204510    0.00148828    0.00000000 
Fr_paral         :   0.00000000   -0.01223101   -0.03615300    0.00069069    0.00719722    0.01579714    0.01137290    0.00447923    0.00000000 
max(|Fsp_paral|) :   0.00000000    0.00010953    0.00185199    0.00004386    0.00022969    0.00242252    0.00231667    0.00039341    0.00000000 
max(|Fsp_perp|)  :   0.00000000    0.00000000    0.00000000    0.00000000    0.00000000    0.00000000    0.00000000    0.00000000    0.00000000 
max(|FNEB|)      :   0.00000000    0.00625048    0.00805809    0.00243793    0.00436879    0.00416463    0.00380447    0.00151173    0.00000000 
max(|Force|)     :   0.00011723    0.00740359    0.01694508    0.00234136    0.00500202    0.00716013    0.00493365    0.00158736    0.00009120 
ksp              :   0.02230912    0.06779203    0.10000000    0.10000000    0.09113388    0.07739184    0.04533748    0.02390261 
max(|step|)      :   0.00000000    0.00917489    0.01334465    0.01482196    0.01199876    0.01159113    0.01141080    0.00825572    0.00032684 
angle (deg.)     :    44.7083  43.5912  40.9938  48.9195  35.4035  39.8631  17.5176 
>
iteration       : 44
climbing        : no
zoom on         : no
nim             : 9
barrier         :   0.13208650 (image:  3) 
distance        :   0.00000000    8.64055296   11.50613666   13.49260705   15.45037826   17.60327516   20.20937087   24.54444154   32.79423890 
energy          : -2464.54814530  -2464.51208516  -2464.45558936  -2464.41605881  -2464.42683973  -2464.44371692  -2464.48359227  -2464.51011454  -2464.52720638 
max(|Fr_perp|)   :   0.00000000    0.00538095    0.00639268    0.00208103    0.00469839    0.00543391    0.00375754    0.00183988    0.00000000 
Fr_paral         :   0.00000000   -0.01211582   -0.03589154    0.00089844    0.00694189    0.01558660    0.01166956    0.00442081    0.00000000 
max(|Fsp_paral|) :   0.00000000    0.00051974    0.00176321    0.00088467    0.00019248    0.00280272    0.00273420    0.00008364    0.00000000 
max(|Fsp_perp|)  :   0.00000000    0.00000000    0.00000000    0.00000000    0.00000000    0.00000000    0.00000000    0.00000000    0.00000000 
max(|FNEB|)      :   0.00000000    0.00550063    0.00616546    0.00242231    0.00461317    0.00616252    0.00456036    0.00184525    0.00000000 
max(|Force|)     :   0.00011723    0.00688303    0.01637590    0.00203289    0.00546927    0.00888927    0.00652427    0.00194468    0.00009120 
ksp              :   0.02224417    0.06799075    0.10000000    0.10000000    0.09127032    0.07760428    0.04531584    0.02383985 
max(|step|)      :   0.00000000    0.06157547    0.09283587    0.10000000    0.08716695    0.08164568    0.07539697    0.05726986    0.00284344 
angle (deg.)     :    47.3910  45.9889  43.7127  50.5258  37.0523  42.5572  18.1189 
>
iteration       : 45
climbing        : no
zoom on         : no
nim             : 9
barrier         :   0.12995763 (image:  3) 
distance        :   0.00000000    8.75120947   11.72178472   13.78585847   15.73777783   17.92221593   20.55876526   24.97478324   33.25152225 
energy          : -2464.54814530  -2464.51224745  -2464.45417668  -2464.41818767  -2464.42684498  -2464.44415836  -2464.48431034  -2464.51090891  -2464.52720638 
max(|Fr_perp|)   :   0.00000000    0.01468579    0.02372038    0.00472447    0.01331651    0.00360897    0.00729904    0.00261932    0.00000000 
Fr_paral         :   0.00000000   -0.01188614   -0.03299901    0.00199994    0.00411552    0.01340502    0.01254568    0.00423869    0.00000000 
max(|Fsp_paral|) :   0.00000000    0.00255196    0.00114445    0.00322035    0.00220383    0.00202664    0.00314932    0.00227830    0.00000000 
max(|Fsp_perp|)  :   0.00000000    0.00000000    0.00000000    0.00000000    0.00000000    0.00000000    0.00000000    0.00000000    0.00000000 
max(|FNEB|)      :   0.00000000    0.01617547    0.02417506    0.00688307    0.01451596    0.00379087    0.00783808    0.00296143    0.00000000 
max(|Force|)     :   0.00011723    0.01470776    0.02341678    0.00507730    0.01404976    0.00632034    0.00973674    0.00245098    0.00009120 
ksp              :   0.02235356    0.07030745    0.10000000    0.10000000    0.09286598    0.07856143    0.04541392    0.02345452 
max(|step|)      :   0.00000000    0.02157322    0.03224227    0.00917995    0.01935993    0.00505589    0.01045364    0.00394966    0.00000000 
angle (deg.)     :    47.2973  46.0729  43.6989  50.5703  37.0834  42.5421  18.1323 
>
iteration       : 46
climbing        : no
zoom on         : no
nim             : 9
barrier         :   0.12980320 (image:  3) 
distance        :   0.00000000    8.76411111   11.71226699   13.76874381   15.74625205   17.92889195   20.55110435   24.96709247   33.25239517 
energy          : -2464.54814530  -2464.51222199  -2464.45474470  -2464.41834210  -2464.42796251  -2464.44440145  -2464.48440851  -2464.51092638  -2464.52720638 
max(|Fr_perp|)   :   0.00000000    0.00980052    0.01751200    0.00368920    0.00905686    0.00327948    0.00445449    0.00137759    0.00000000 
Fr_paral         :   0.00000000   -0.01200308   -0.03297938    0.00201302    0.00485609    0.01333073    0.01273606    0.00419912    0.00000000 
max(|Fsp_paral|) :   0.00000000    0.00190917    0.00020819    0.00231546    0.00089027    0.00230630    0.00256420    0.00214000    0.00000000 
max(|Fsp_perp|)  :   0.00000000    0.00000000    0.00000000    0.00000000    0.00000000    0.00000000    0.00000000    0.00000000    0.00000000 
max(|FNEB|)      :   0.00000000    0.00886748    0.01751531    0.00491353    0.00849566    0.00405429    0.00353065    0.00244883    0.00000000 
max(|Force|)     :   0.00011723    0.01093381    0.01775718    0.00404721    0.00853917    0.00812079    0.00798876    0.00151064    0.00009120 
ksp              :   0.02238785    0.06990533    0.10000000    0.10000000    0.09204664    0.07845628    0.04538174    0.02345896 
max(|step|)      :   0.00000000    0.00468527    0.00559716    0.00807692    0.01355520    0.00454934    0.00610200    0.00351310    0.00007786 
angle (deg.)     :    47.2290  46.0908  43.6875  50.5854  37.1257  42.5418  18.1465 
>
iteration       : 47
climbing        : no
zoom on         : no
nim             : 9
barrier         :   0.12970961 (image:  3) 
distance        :   0.00000000    8.77599890   11.70446857   13.75321474   15.75104403   17.93642246   20.54368459   24.95928590   33.25355931 
energy          : -2464.54814530  -2464.51210983  -2464.45503096  -2464.41843569  -2464.42870141  -2464.44459318  -2464.48440187  -2464.51091273  -2464.52720638 
max(|Fr_perp|)   :   0.00000000    0.00801168    0.01381781    0.00274301    0.00650334    0.00287732    0.00433692    0.00159876    0.00000000 
Fr_paral         :   0.00000000   -0.01213950   -0.03321225    0.00202897    0.00536763    0.01345195    0.01266736    0.00420288    0.00000000 
max(|Fsp_paral|) :   0.00000000    0.00131166    0.00032849    0.00150951    0.00005325    0.00205929    0.00180792    0.00204411    0.00000000 
max(|Fsp_perp|)  :   0.00000000    0.00000000    0.00000000    0.00000000    0.00000000    0.00000000    0.00000000    0.00000000    0.00000000 
max(|FNEB|)      :   0.00000000    0.00737713    0.01381038    0.00336579    0.00647005    0.00384889    0.00328909    0.00238301    0.00000000 
max(|Force|)     :   0.00011723    0.00914630    0.01416973    0.00311126    0.00651589    0.00820029    0.00788319    0.00173023    0.00009120 
ksp              :   0.02249132    0.06972002    0.10000000    0.10000000    0.09150585    0.07835654    0.04541768    0.02348184 
max(|step|)      :   0.00000000    0.01901372    0.02963667    0.02801787    0.05636908    0.02717103    0.02357954    0.02070598    0.00065189 
angle (deg.)     :    47.1886  45.6201  43.5637  50.5393  37.0918  42.7774  18.2158 
>
iteration       : 48
climbing        : no
zoom on         : no
nim             : 9
barrier         :   0.12951160 (image:  3) 
distance        :   0.00000000    8.82270991   11.68495736   13.70078110   15.74863420   17.98365950   20.52586563   24.92737634   33.27352710 
energy          : -2464.54814530  -2464.51162125  -2464.45535511  -2464.41863371  -2464.42956878  -2464.44533154  -2464.48417462  -2464.51077114  -2464.52720638 
max(|Fr_perp|)   :   0.00000000    0.00196646    0.00816226    0.00271967    0.00368100    0.00366827    0.00859393    0.00426919    0.00000000 
Fr_paral         :   0.00000000   -0.01255280   -0.03411799    0.00189112    0.00606608    0.01427639    0.01151446    0.00432878    0.00000000 
max(|Fsp_paral|) :   0.00000000    0.00059998    0.00114529    0.00095957    0.00039864    0.00248739    0.00147122    0.00134705    0.00000000 
max(|Fsp_perp|)  :   0.00000000    0.00000000    0.00000000    0.00000000    0.00000000    0.00000000    0.00000000    0.00000000    0.00000000 
max(|FNEB|)      :   0.00000000    0.00224987    0.00811202    0.00234030    0.00386814    0.00535470    0.00870518    0.00426251    0.00000000 
max(|Force|)     :   0.00011723    0.00311041    0.01516736    0.00249568    0.00461634    0.00728369    0.00960176    0.00427669    0.00009120 
ksp              :   0.02291910    0.06956024    0.10000000    0.10000000    0.09093550    0.07786915    0.04567066    0.02362379 
max(|step|)      :   0.00000000    0.00669165    0.02176396    0.00790277    0.01554253    0.00791414    0.01747801    0.00996417    0.00017118 
angle (deg.)     :    47.3871  45.1147  43.5038  50.4226  36.7942  43.1616  18.2317 
>
iteration       : 49
climbing        : no
zoom on         : no
nim             : 9
barrier         :   0.12936410 (image:  3) 
distance        :   0.00000000    8.83161649   11.68939072   13.69985117   15.74717689   17.99251579   20.53760262   24.92059617   33.29203156 
energy          : -2464.54814530  -2464.51163586  -2464.45516388  -2464.41878120  -2464.42961788  -2464.44541240  -2464.48433568  -2464.51074528  -2464.52720638 
max(|Fr_perp|)   :   0.00000000    0.00239056    0.01265410    0.00341379    0.00522673    0.00405531    0.00735449    0.00353525    0.00000000 
Fr_paral         :   0.00000000   -0.01256019   -0.03483213    0.00188879    0.00605767    0.01406262    0.01186219    0.00418976    0.00000000 
max(|Fsp_paral|) :   0.00000000    0.00057493    0.00071970    0.00110234    0.00010087    0.00285572    0.00075753    0.00059244    0.00000000 
max(|Fsp_perp|)  :   0.00000000    0.00000000    0.00000000    0.00000000    0.00000000    0.00000000    0.00000000    0.00000000    0.00000000 
max(|FNEB|)      :   0.00000000    0.00219810    0.01269799    0.00275718    0.00528327    0.00569884    0.00728265    0.00353511    0.00000000 
max(|Force|)     :   0.00011723    0.00333471    0.01521822    0.00307738    0.00504695    0.00936353    0.00682014    0.00353560    0.00009120 
ksp              :   0.02292455    0.06979999    0.10000000    0.10000000    0.09100485    0.07789436    0.04558549    0.02366379 
max(|step|)      :   0.00000000    0.00181225    0.00680416    0.00390409    0.00699344    0.00456736    0.00457141    0.00205632    0.00006079 
angle (deg.)     :    47.4659  45.0128  43.4737  50.3240  36.6100  43.2546  18.2260 
>
iteration       : 50
climbing        : no
zoom on         : no
nim             : 9
barrier         :   0.12930433 (image:  3) 
distance        :   0.00000000    8.82792710   11.69402284   13.70805006   15.74705462   17.98737039   20.54191977   24.92259946   33.29417027 
energy          : -2464.54814530  -2464.51173683  -2464.45526365  -2464.41884098  -2464.42978771  -2464.44537752  -2464.48449166  -2464.51078398  -2464.52720638 
max(|Fr_perp|)   :   0.00000000    0.00189463    0.00454782    0.00167179    0.00255521    0.00142735    0.00327604    0.00158962    0.00000000 
Fr_paral         :   0.00000000   -0.01247796   -0.03488188    0.00194123    0.00621428    0.01428575    0.01183977    0.00421001    0.00000000 
max(|Fsp_paral|) :   0.00000000    0.00034395    0.00068225    0.00074745    0.00006089    0.00211866    0.00002884    0.00045847    0.00000000 
max(|Fsp_perp|)  :   0.00000000    0.00000000    0.00000000    0.00000000    0.00000000    0.00000000    0.00000000    0.00000000    0.00000000 
max(|FNEB|)      :   0.00000000    0.00185391    0.00447595    0.00183278    0.00251881    0.00258685    0.00327343    0.00159006    0.00000000 
max(|Force|)     :   0.00011723    0.00310296    0.01540839    0.00179691    0.00351067    0.00719918    0.00497121    0.00162085    0.00009120 
ksp              :   0.02284782    0.06975012    0.10000000    0.10000000    0.09090848    0.07796078    0.04547557    0.02363919 
max(|step|)      :   0.00000000    0.00767275    0.01102905    0.01133213    0.01154002    0.00923719    0.00760934    0.00914630    0.00026372 
angle (deg.)     :    47.8226  44.4228  43.3756  50.0972  36.0038  43.7867  18.2578 
>
iteration       : 51
climbing        : no
zoom on         : no
nim             : 9
barrier         :   0.12908993 (image:  3) 
distance        :   0.00000000    8.83131953   11.70784145   13.72394040   15.74944615   17.99102552   20.56132712   24.92723797   33.32086790 
energy          : -2464.54814530  -2464.51191307  -2464.45508703  -2464.41905537  -2464.42997211  -2464.44527769  -2464.48468009  -2464.51078842  -2464.52720638 
max(|Fr_perp|)   :   0.00000000    0.00096831    0.00369759    0.00187792    0.00313260    0.00245196    0.00195217    0.00096946    0.00000000 
Fr_paral         :   0.00000000   -0.01235236   -0.03522564    0.00204770    0.00633448    0.01471477    0.01159843    0.00423307    0.00000000 
max(|Fsp_paral|) :   0.00000000    0.00013328    0.00009458    0.00028073    0.00032174    0.00134335    0.00135391    0.00015568    0.00000000 
max(|Fsp_perp|)  :   0.00000000    0.00000000    0.00000000    0.00000000    0.00000000    0.00000000    0.00000000    0.00000000    0.00000000 
max(|FNEB|)      :   0.00000000    0.00090510    0.00369307    0.00176817    0.00287724    0.00379531    0.00183410    0.00096995    0.00000000 
max(|Force|)     :   0.00011723    0.00257503    0.01613973    0.00168701    0.00255742    0.00634397    0.00572984    0.00119773    0.00009120 
ksp              :   0.02272663    0.07001554    0.10000000    0.10000000    0.09091542    0.07817858    0.04538909    0.02366253 
max(|step|)      :   0.00000000    0.02143542    0.02717398    0.03104148    0.03168959    0.02612423    0.02211932    0.02511368    0.00087977 
angle (deg.)     :    48.6933  43.1241  43.2454  49.7870  34.8528  45.1341  18.4197 
>
iteration       : 52
climbing        : no
zoom on         : no
nim             : 9
barrier         :   0.12859401 (image:  3) 
distance        :   0.00000000    8.85327037   11.73748668   13.75637207   15.76769331   18.02070919   20.61528873   24.95099817   33.40619118 
energy          : -2464.54814530  -2464.51214373  -2464.45458181  -2464.41955129  -2464.43018008  -2464.44506345  -2464.48489452  -2464.51076185  -2464.52720638 
max(|Fr_perp|)   :   0.00000000    0.00159966    0.01219826    0.00315755    0.00524770    0.00489403    0.00630634    0.00304757    0.00000000 
Fr_paral         :   0.00000000   -0.01218747   -0.03585232    0.00223310    0.00628613    0.01521953    0.01107551    0.00423259    0.00000000 
max(|Fsp_paral|) :   0.00000000    0.00074911    0.00091530    0.00022308    0.00107271    0.00054648    0.00363944    0.00138288    0.00000000 
max(|Fsp_perp|)  :   0.00000000    0.00000000    0.00000000    0.00000000    0.00000000    0.00000000    0.00000000    0.00000000    0.00000000 
max(|FNEB|)      :   0.00000000    0.00181244    0.01223847    0.00324263    0.00580168    0.00544050    0.00598386    0.00305645    0.00000000 
max(|Force|)     :   0.00011723    0.00267396    0.01768280    0.00290637    0.00608686    0.00801671    0.00678920    0.00305681    0.00009120 
ksp              :   0.02259242    0.07071438    0.10000000    0.10000000    0.09111430    0.07867176    0.04537285    0.02374768 
max(|step|)      :   0.00000000    0.04385808    0.05679358    0.06633622    0.06693910    0.05700245    0.04807087    0.04790954    0.00208862 
angle (deg.)     :    50.4632  41.2142  43.3622  49.6709  33.3635  47.7478  18.9998 
>
iteration       : 53
climbing        : no
zoom on         : no
nim             : 9
barrier         :   0.12762140 (image:  3) 
distance        :   0.00000000    8.91215051   11.79755802   13.83331179   15.84299255   18.11650505   20.74800943   25.05267612   33.62448599 
energy          : -2464.54814530  -2464.51235210  -2464.45395456  -2464.42052391  -2464.43060609  -2464.44458070  -2464.48505611  -2464.51076550  -2464.52720638 
max(|Fr_perp|)   :   0.00000000    0.00720677    0.01380374    0.00288459    0.00617379    0.00898775    0.01042349    0.00519035    0.00000000 
Fr_paral         :   0.00000000   -0.01204180   -0.03650411    0.00246215    0.00587581    0.01548169    0.01031375    0.00417660    0.00000000 
max(|Fsp_paral|) :   0.00000000    0.00118899    0.00152067    0.00074653    0.00180823    0.00081081    0.00681599    0.00276762    0.00000000 
max(|Fsp_perp|)  :   0.00000000    0.00000000    0.00000000    0.00000000    0.00000000    0.00000000    0.00000000    0.00000000    0.00000000 
max(|FNEB|)      :   0.00000000    0.00671401    0.01387504    0.00292010    0.00664282    0.00817694    0.00978210    0.00522516    0.00000000 
max(|Force|)     :   0.00011723    0.00813970    0.01965347    0.00285105    0.00643808    0.01087774    0.01090890    0.00520747    0.00009120 
ksp              :   0.02253144    0.07179707    0.10000000    0.10000000    0.09149442    0.07970509    0.04555902    0.02386993 
max(|step|)      :   0.00000000    0.06528572    0.08829765    0.09996678    0.10000000    0.08681067    0.07326660    0.06642339    0.00342375 
angle (deg.)     :    53.1217  39.4542  44.1536  49.9349  32.7626  51.2887  20.2975 
>
iteration       : 54
climbing        : no
zoom on         : no
nim             : 9
barrier         :   0.12644959 (image:  3) 
distance        :   0.00000000    9.00982109   11.90099193   13.97123646   16.00640401   18.31433326   20.98930780   25.28516670   34.01866377 
energy          : -2464.54814530  -2464.51249291  -2464.45246569  -2464.42169571  -2464.43118341  -2464.44431432  -2464.48524346  -2464.51090974  -2464.52720638 
max(|Fr_perp|)   :   0.00000000    0.00999564    0.02840273    0.00895158    0.02039618    0.00653586    0.00860198    0.00436166    0.00000000 
Fr_paral         :   0.00000000   -0.01164002   -0.03615837    0.00323740    0.00479143    0.01473409    0.01024582    0.00402658    0.00000000 
max(|Fsp_paral|) :   0.00000000    0.00183635    0.00250106    0.00095598    0.00218241    0.00168408    0.00980847    0.00364364    0.00000000 
max(|Fsp_perp|)  :   0.00000000    0.00000000    0.00000000    0.00000000    0.00000000    0.00000000    0.00000000    0.00000000    0.00000000 
max(|FNEB|)      :   0.00000000    0.01094005    0.02894237    0.00944228    0.02171141    0.00741778    0.01072519    0.00449091    0.00000000 
max(|Force|)     :   0.00011723    0.00937718    0.02953698    0.00934480    0.02126234    0.01141288    0.00928393    0.00443878    0.00009120 
ksp              :   0.02255142    0.07377616    0.10000000    0.10000000    0.09191887    0.08070692    0.04579418    0.02390207 
max(|step|)      :   0.00000000    0.01477520    0.03908844    0.01275238    0.02932258    0.01001816    0.01448502    0.00606524    0.00000000 
angle (deg.)     :    53.0470  39.9483  44.2285  50.0817  33.0767  50.9571  20.4627 
>
iteration       : 55
climbing        : no
zoom on         : no
nim             : 9
barrier         :   0.12624628 (image:  3) 
distance        :   0.00000000    9.01783949   11.89304583   13.96957444   16.02244832   18.32788087   20.97596001   25.30237211   34.02118203 
energy          : -2464.54814530  -2464.51243639  -2464.45367609  -2464.42189902  -2464.43205598  -2464.44467227  -2464.48519663  -2464.51104127  -2464.52720638 
max(|Fr_perp|)   :   0.00000000    0.00681199    0.01648915    0.00633643    0.00949497    0.00557995    0.00293253    0.00091380    0.00000000 
Fr_paral         :   0.00000000   -0.01199143   -0.03699649    0.00301599    0.00529368    0.01446057    0.01155340    0.00397268    0.00000000 
max(|Fsp_paral|) :   0.00000000    0.00098805    0.00072135    0.00065125    0.00131951    0.00125148    0.00754698    0.00273988    0.00000000 
max(|Fsp_perp|)  :   0.00000000    0.00000000    0.00000000    0.00000000    0.00000000    0.00000000    0.00000000    0.00000000    0.00000000 
max(|FNEB|)      :   0.00000000    0.00649802    0.01643115    0.00605935    0.01039263    0.00593809    0.01047950    0.00236560    0.00000000 
max(|Force|)     :   0.00011723    0.00750600    0.02006029    0.00668971    0.01040124    0.01013664    0.00555022    0.00116396    0.00009120 
ksp              :   0.02262304    0.07284201    0.10000000    0.10000000    0.09131944    0.08053705    0.04590326    0.02381537 
max(|step|)      :   0.00000000    0.00290734    0.00818749    0.00433747    0.00781448    0.00749862    0.01227258    0.00320503    0.00002099 
angle (deg.)     :    53.0295  40.3464  44.2957  50.1567  33.4337  50.7397  20.5925 
>
iteration       : 56
climbing        : no
zoom on         : no
nim             : 9
barrier         :   0.12616115 (image:  3) 
distance        :   0.00000000    9.02260584   11.89155313   13.97039069   16.03467200   18.33959648   20.96840287   25.31775464   34.02596429 
energy          : -2464.54814530  -2464.51240563  -2464.45413566  -2464.42198416  -2464.43253358  -2464.44488783  -2464.48502483  -2464.51109942  -2464.52720638 
max(|Fr_perp|)   :   0.00000000    0.00349678    0.00978390    0.00356144    0.00527361    0.00499132    0.00323862    0.00125839    0.00000000 
Fr_paral         :   0.00000000   -0.01215669   -0.03681428    0.00299289    0.00557750    0.01428672    0.01201166    0.00396313    0.00000000 
max(|Fsp_paral|) :   0.00000000    0.00064748    0.00004665    0.00040229    0.00082206    0.00076514    0.00564130    0.00200764    0.00000000 
max(|Fsp_perp|)  :   0.00000000    0.00000000    0.00000000    0.00000000    0.00000000    0.00000000    0.00000000    0.00000000    0.00000000 
max(|FNEB|)      :   0.00000000    0.00328028    0.00978038    0.00339451    0.00584248    0.00521614    0.00839562    0.00175552    0.00000000 
max(|Force|)     :   0.00011723    0.00423823    0.01960329    0.00390467    0.00624499    0.00948346    0.00617997    0.00137243    0.00009120 
ksp              :   0.02265956    0.07249977    0.10000000    0.10000000    0.09097674    0.08040974    0.04607926    0.02377681 
max(|step|)      :   0.00000000    0.01019161    0.03531513    0.01669385    0.02852976    0.03530996    0.05308071    0.01159766    0.00031708 
angle (deg.)     :    53.1283  42.1482  44.7557  50.5441  35.1377  50.0206  21.1576 
>
iteration       : 57
climbing        : no
zoom on         : no
nim             : 9
barrier         :   0.12600543 (image:  3) 
distance        :   0.00000000    9.03990222   11.90126140   13.98484995   16.08807651   18.39857699   20.95831463   25.39907297   34.06705043 
energy          : -2464.54814530  -2464.51220056  -2464.45511464  -2464.42213987  -2464.43333597  -2464.44556862  -2464.48422124  -2464.51134047  -2464.52720638 
max(|Fr_perp|)   :   0.00000000    0.00170162    0.00216395    0.00192061    0.00208792    0.00228647    0.00409088    0.00204658    0.00000000 
Fr_paral         :   0.00000000   -0.01239080   -0.03570043    0.00294666    0.00574128    0.01323938    0.01299762    0.00396114    0.00000000 
max(|Fsp_paral|) :   0.00000000    0.00023568    0.00129447    0.00054602    0.00035848    0.00188875    0.00170316    0.00103097    0.00000000 
max(|Fsp_perp|)  :   0.00000000    0.00000000    0.00000000    0.00000000    0.00000000    0.00000000    0.00000000    0.00000000    0.00000000 
max(|FNEB|)      :   0.00000000    0.00178600    0.00234420    0.00169922    0.00234568    0.00413670    0.00426403    0.00201820    0.00000000 
max(|Force|)     :   0.00011723    0.00251565    0.01733844    0.00158842    0.00244238    0.00696574    0.00897619    0.00207930    0.00009120 
ksp              :   0.02285399    0.07175381    0.10000000    0.10000000    0.09040942    0.07993093    0.04682108    0.02359075 
max(|step|)      :   0.00000000    0.00873697    0.01380490    0.00667989    0.00729441    0.01799343    0.01103593    0.00630963    0.00009387 
angle (deg.)     :    53.3499  42.8175  45.0820  50.5712  35.7443  50.1220  21.2927 
>
iteration       : 58
climbing        : no
zoom on         : no
nim             : 9
barrier         :   0.12590268 (image:  3) 
distance        :   0.00000000    9.04251658   11.92138416   14.00547928   16.10911842   18.41641560   20.98817100   25.43430540   34.10436429 
energy          : -2464.54814530  -2464.51219253  -2464.45503835  -2464.42224262  -2464.43348256  -2464.44559639  -2464.48414612  -2464.51137100  -2464.52720638 
max(|Fr_perp|)   :   0.00000000    0.00762011    0.00590790    0.00182160    0.00326799    0.00271571    0.00729005    0.00296925    0.00000000 
Fr_paral         :   0.00000000   -0.01224282   -0.03519733    0.00296912    0.00576269    0.01245457    0.01365035    0.00392997    0.00000000 
max(|Fsp_paral|) :   0.00000000    0.00001810    0.00063927    0.00054528    0.00046658    0.00122206    0.00152332    0.00125400    0.00000000 
max(|Fsp_perp|)  :   0.00000000    0.00000000    0.00000000    0.00000000    0.00000000    0.00000000    0.00000000    0.00000000    0.00000000 
max(|FNEB|)      :   0.00000000    0.00762706    0.00587462    0.00160423    0.00360658    0.00273002    0.00712733    0.00299940    0.00000000 
max(|Force|)     :   0.00011723    0.00708721    0.01650931    0.00153598    0.00241238    0.00567634    0.00851783    0.00294103    0.00009120 
ksp              :   0.02287345    0.07187967    0.10000000    0.10000000    0.09036244    0.07997558    0.04692154    0.02357787 
max(|step|)      :   0.00000000    0.00479368    0.01143685    0.00690769    0.00645653    0.01536476    0.00509296    0.00425785    0.00007204 
angle (deg.)     :    53.5512  43.4109  45.3952  50.5876  36.2313  50.2854  21.4042 
>
iteration       : 59
climbing        : no
zoom on         : no
nim             : 9
barrier         :   0.12579640 (image:  3) 
distance        :   0.00000000    9.04530868   11.93909605   14.02605185   16.12717622   18.43319173   21.01998518   25.46541868   34.14158528 
energy          : -2464.54814530  -2464.51225994  -2464.45496777  -2464.42234891  -2464.43358813  -2464.44559236  -2464.48419166  -2464.51140170  -2464.52720638 
max(|Fr_perp|)   :   0.00000000    0.00319728    0.00520679    0.00224275    0.00353078    0.00249985    0.00608784    0.00268641    0.00000000 
Fr_paral         :   0.00000000   -0.01220251   -0.03475838    0.00301398    0.00574434    0.01188416    0.01366616    0.00392759    0.00000000 
max(|Fsp_paral|) :   0.00000000    0.00034444    0.00014678    0.00039623    0.00043646    0.00055087    0.00078298    0.00122642    0.00000000 
max(|Fsp_perp|)  :   0.00000000    0.00000000    0.00000000    0.00000000    0.00000000    0.00000000    0.00000000    0.00000000    0.00000000 
max(|FNEB|)      :   0.00000000    0.00332714    0.00519981    0.00208666    0.00384962    0.00250423    0.00600758    0.00271863    0.00000000 
max(|Force|)     :   0.00011723    0.00384424    0.01575835    0.00191071    0.00248799    0.00500020    0.00790963    0.00265572    0.00009120 
ksp              :   0.02282865    0.07200297    0.10000000    0.10000000    0.09035329    0.08004996    0.04691987    0.02356528 
max(|step|)      :   0.00000000    0.02527803    0.04954992    0.03802479    0.03075924    0.07138543    0.02795256    0.02343830    0.00045824 
angle (deg.)     :    54.4173  46.5577  47.1575  50.9042  38.8741  51.1201  22.0399 
>
iteration       : 60
climbing        : no
zoom on         : no
nim             : 9
barrier         :   0.12534758 (image:  3) 
distance        :   0.00000000    9.07087633   12.01216789   14.12945944   16.21690767   18.53870058   21.19000473   25.62492071   34.34448700 
energy          : -2464.54814530  -2464.51185664  -2464.45433959  -2464.42279772  -2464.43371412  -2464.44540536  -2464.48425698  -2464.51150367  -2464.52720638 
max(|Fr_perp|)   :   0.00000000    0.01781319    0.00481137    0.00597843    0.00754131    0.00526212    0.00380824    0.00205813    0.00000000 
Fr_paral         :   0.00000000   -0.01194161   -0.03166029    0.00320764    0.00515411    0.00861460    0.01379522    0.00393972    0.00000000 
max(|Fsp_paral|) :   0.00000000    0.00064268    0.00113060    0.00083750    0.00038517    0.00131178    0.00259928    0.00096334    0.00000000 
max(|Fsp_perp|)  :   0.00000000    0.00000000    0.00000000    0.00000000    0.00000000    0.00000000    0.00000000    0.00000000    0.00000000 
max(|FNEB|)      :   0.00000000    0.01806198    0.00488731    0.00564752    0.00732511    0.00466609    0.00370975    0.00202130    0.00000000 
max(|Force|)     :   0.00011723    0.01694673    0.01212213    0.00633409    0.00683898    0.00622378    0.00853020    0.00210186    0.00009120 
ksp              :   0.02323143    0.07281099    0.10000000    0.10000000    0.09059010    0.08051228    0.04702228    0.02353569 
max(|step|)      :   0.00000000    0.02473899    0.01770648    0.01667238    0.01789232    0.01991878    0.01299695    0.01085032    0.00024692 
angle (deg.)     :    54.6703  47.5005  47.7025  51.0341  39.8233  51.4273  22.3601 
>
iteration       : 61
climbing        : no
zoom on         : no
nim             : 9
barrier         :   0.12512075 (image:  3) 
distance        :   0.00000000    9.08472791   12.02834224   14.15940075   16.24863489   18.58681167   21.24879713   25.67608615   34.42224318 
energy          : -2464.54814530  -2464.51183183  -2464.45423080  -2464.42302455  -2464.43397894  -2464.44547784  -2464.48424212  -2464.51153169  -2464.52720638 
max(|Fr_perp|)   :   0.00000000    0.01426761    0.00465716    0.00192524    0.00325049    0.00620468    0.00168808    0.00067797    0.00000000 
Fr_paral         :   0.00000000   -0.01196933   -0.03052586    0.00325049    0.00518374    0.00764109    0.01416591    0.00391186    0.00000000 
max(|Fsp_paral|) :   0.00000000    0.00065808    0.00089646    0.00117640    0.00066665    0.00121794    0.00316794    0.00077588    0.00000000 
max(|Fsp_perp|)  :   0.00000000    0.00000000    0.00000000    0.00000000    0.00000000    0.00000000    0.00000000    0.00000000    0.00000000 
max(|FNEB|)      :   0.00000000    0.01404308    0.00412430    0.00216123    0.00311734    0.00564291    0.00356114    0.00101167    0.00000000 
max(|Force|)     :   0.00011723    0.01503569    0.01102749    0.00240953    0.00317185    0.00510589    0.00712434    0.00114943    0.00009120 
ksp              :   0.02328168    0.07304172    0.10000000    0.10000000    0.09053678    0.08060318    0.04711571    0.02354096 
max(|step|)      :   0.00000000    0.00535388    0.00626541    0.00671923    0.00862869    0.00812155    0.00561032    0.00552143    0.00013538 
angle (deg.)     :    54.6663  47.4497  47.6520  50.9996  39.8809  51.5082  22.5117 
>
iteration       : 62
climbing        : no
zoom on         : no
nim             : 9
barrier         :   0.12505234 (image:  3) 
distance        :   0.00000000    9.09221491   12.02117183   14.15553335   16.25100935   18.59979842   21.25304560   25.67506101   34.43691792 
energy          : -2464.54814530  -2464.51173986  -2464.45446900  -2464.42309296  -2464.43421852  -2464.44568983  -2464.48418639  -2464.51152149  -2464.52720638 
max(|Fr_perp|)   :   0.00000000    0.01463616    0.00414640    0.00241737    0.00309137    0.00561197    0.00169135    0.00065303    0.00000000 
Fr_paral         :   0.00000000   -0.01204528   -0.03066134    0.00328156    0.00529275    0.00791910    0.01426315    0.00390796    0.00000000 
max(|Fsp_paral|) :   0.00000000    0.00018205    0.00000853    0.00109444    0.00065776    0.00051065    0.00256193    0.00064296    0.00000000 
max(|Fsp_perp|)  :   0.00000000    0.00000000    0.00000000    0.00000000    0.00000000    0.00000000    0.00000000    0.00000000    0.00000000 
max(|FNEB|)      :   0.00000000    0.01457430    0.00414137    0.00266653    0.00343799    0.00538003    0.00294064    0.00089280    0.00000000 
max(|Force|)     :   0.00011723    0.01540423    0.01102176    0.00290458    0.00376042    0.00445217    0.00718718    0.00095056    0.00009120 
ksp              :   0.02336991    0.07287723    0.10000000    0.10000000    0.09038260    0.08046632    0.04718828    0.02355867 
max(|step|)      :   0.00000000    0.05872049    0.07800888    0.08158861    0.10000000    0.08379237    0.06749544    0.05828796    0.00193751 
angle (deg.)     :    55.3807  47.3924  48.1390  51.5570  41.8555  52.9105  24.4189 
>
iteration       : 63
climbing        : no
zoom on         : no
nim             : 9
barrier         :   0.12429625 (image:  3) 
distance        :   0.00000000    9.15036171   12.02037916   14.16310634   16.34115176   18.78152632   21.40474683   25.78529050   34.71108410 
energy          : -2464.54814530  -2464.51127182  -2464.45500807  -2464.42384905  -2464.43530406  -2464.44690494  -2464.48349096  -2464.51146041  -2464.52720638 
max(|Fr_perp|)   :   0.00000000    0.01643740    0.00810197    0.00390510    0.00536581    0.00640999    0.00446166    0.00077844    0.00000000 
Fr_paral         :   0.00000000   -0.01239577   -0.03162409    0.00344185    0.00516999    0.00910417    0.01519067    0.00385296    0.00000000 
max(|Fsp_paral|) :   0.00000000    0.00176792    0.00237505    0.00097921    0.00042618    0.00422800    0.00047264    0.00028997    0.00000000 
max(|Fsp_perp|)  :   0.00000000    0.00000000    0.00000000    0.00000000    0.00000000    0.00000000    0.00000000    0.00000000    0.00000000 
max(|FNEB|)      :   0.00000000    0.01744820    0.00826850    0.00417338    0.00540715    0.00924888    0.00455746    0.00089198    0.00000000 
max(|Force|)     :   0.00011723    0.01762817    0.01232198    0.00416973    0.00531522    0.00934998    0.00822867    0.00132358    0.00009120 
ksp              :   0.02388855    0.07286701    0.10000000    0.10000000    0.09002871    0.07992426    0.04806690    0.02371097 
max(|step|)      :   0.00000000    0.02387800    0.01131551    0.00571131    0.00739973    0.01265717    0.00623693    0.00122068    0.00000000 
angle (deg.)     :    55.4601  46.9699  47.9699  51.5543  41.5423  52.9779  24.4523 
>
iteration       : 64
climbing        : no
zoom on         : no
nim             : 9
barrier         :   0.12421217 (image:  3) 
distance        :   0.00000000    9.14262377   12.02614247   14.16607558   16.34223331   18.76895463   21.40286520   25.78516572   34.71002527 
energy          : -2464.54814530  -2464.51160642  -2464.45493802  -2464.42393313  -2464.43555601  -2464.44691627  -2464.48357836  -2464.51148175  -2464.52720638 
max(|Fr_perp|)   :   0.00000000    0.00942531    0.00430363    0.00254184    0.00329785    0.00319770    0.00225854    0.00070091    0.00000000 
Fr_paral         :   0.00000000   -0.01238730   -0.03219600    0.00346107    0.00535662    0.00965335    0.01462398    0.00385509    0.00000000 
max(|Fsp_paral|) :   0.00000000    0.00098935    0.00164154    0.00100699    0.00010777    0.00314723    0.00010316    0.00029859    0.00000000 
max(|Fsp_perp|)  :   0.00000000    0.00000000    0.00000000    0.00000000    0.00000000    0.00000000    0.00000000    0.00000000    0.00000000 
max(|FNEB|)      :   0.00000000    0.00907983    0.00420432    0.00241232    0.00331315    0.00561421    0.00226976    0.00067154    0.00000000 
max(|Force|)     :   0.00011723    0.00861489    0.01251268    0.00240302    0.00347013    0.00569214    0.00894227    0.00099554    0.00009120 
ksp              :   0.02359497    0.07298003    0.10000000    0.10000000    0.08987096    0.07997078    0.04802070    0.02370361 
max(|step|)      :   0.00000000    0.00316557    0.00515259    0.00174922    0.00459061    0.00444869    0.00222095    0.00082944    0.00000795 
angle (deg.)     :    55.5113  46.6367  47.8309  51.5272  41.3794  53.0142  24.4869 
>
iteration       : 65
climbing        : no
zoom on         : no
nim             : 9
barrier         :   0.12416754 (image:  3) 
distance        :   0.00000000    9.13794933   12.02931837   14.16836388   16.34146191   18.75910696   21.40127237   25.78527596   34.70929634 
energy          : -2464.54814530  -2464.51177176  -2464.45487743  -2464.42397777  -2464.43567627  -2464.44688304  -2464.48361424  -2464.51149835  -2464.52720638 
max(|Fr_perp|)   :   0.00000000    0.00528971    0.00276727    0.00180685    0.00221453    0.00237287    0.00179694    0.00067110    0.00000000 
Fr_paral         :   0.00000000   -0.01234897   -0.03250247    0.00348170    0.00548380    0.00981997    0.01457410    0.00385928    0.00000000 
max(|Fsp_paral|) :   0.00000000    0.00058141    0.00122470    0.00094699    0.00004615    0.00238838    0.00052730    0.00026804    0.00000000 
max(|Fsp_perp|)  :   0.00000000    0.00000000    0.00000000    0.00000000    0.00000000    0.00000000    0.00000000    0.00000000    0.00000000 
max(|FNEB|)      :   0.00000000    0.00508899    0.00328742    0.00169756    0.00220751    0.00454127    0.00185255    0.00064372    0.00000000 
max(|Force|)     :   0.00011723    0.00520840    0.01289700    0.00170195    0.00243532    0.00492535    0.00887909    0.00089873    0.00009120 
ksp              :   0.02345669    0.07306009    0.10000000    0.10000000    0.08980065    0.08003001    0.04800586    0.02369507 
max(|step|)      :   0.00000000    0.01083633    0.02750318    0.01118939    0.01967489    0.02526290    0.01226058    0.00530567    0.00007880 
angle (deg.)     :    55.7182  44.8428  47.0254  51.3465  40.7578  53.1620  24.7602 
>
iteration       : 66
climbing        : no
zoom on         : no
nim             : 9
barrier         :   0.12396236 (image:  3) 
distance        :   0.00000000    9.11934968   12.03847526   14.18023217   16.32828982   18.70971686   21.38884349   25.78750531   34.70706301 
energy          : -2464.54814530  -2464.51225450  -2464.45446885  -2464.42418295  -2464.43590852  -2464.44663602  -2464.48364610  -2464.51158922  -2464.52720638 
max(|Fr_perp|)   :   0.00000000    0.00125980    0.00156404    0.00127593    0.00287384    0.00291610    0.00201497    0.00061220    0.00000000 
Fr_paral         :   0.00000000   -0.01216638   -0.03397184    0.00358384    0.00575715    0.01032867    0.01465623    0.00386656    0.00000000 
max(|Fsp_paral|) :   0.00000000    0.00082043    0.00022727    0.00017435    0.00023975    0.00068469    0.00212874    0.00013032    0.00000000 
max(|Fsp_perp|)  :   0.00000000    0.00000000    0.00000000    0.00000000    0.00000000    0.00000000    0.00000000    0.00000000    0.00000000 
max(|FNEB|)      :   0.00000000    0.00148009    0.00158360    0.00130215    0.00292913    0.00281752    0.00282397    0.00064334    0.00000000 
max(|Force|)     :   0.00011723    0.00245952    0.01456091    0.00142507    0.00284556    0.00530693    0.00712365    0.00093643    0.00009120 
ksp              :   0.02306178    0.07354261    0.10000000    0.10000000    0.08975668    0.08038527    0.04805372    0.02364296 
max(|step|)      :   0.00000000    0.01033637    0.01618643    0.00965139    0.01047085    0.01402550    0.00846870    0.00491513    0.00009931 
angle (deg.)     :    55.7468  43.8341  46.5119  51.2529  40.7162  53.1956  25.0636 
>
iteration       : 67
climbing        : no
zoom on         : no
nim             : 9
barrier         :   0.12382704 (image:  3) 
distance        :   0.00000000    9.11739534   12.03359965   14.18251500   16.31402348   18.69135217   21.37687952   25.79070409   34.71125860 
energy          : -2464.54814530  -2464.51219987  -2464.45424150  -2464.42431826  -2464.43594246  -2464.44657612  -2464.48347561  -2464.51164955  -2464.52720638 
max(|Fr_perp|)   :   0.00000000    0.01243680    0.00792593    0.00236037    0.00510634    0.00495017    0.00334152    0.00066831    0.00000000 
Fr_paral         :   0.00000000   -0.01216151   -0.03448073    0.00369638    0.00557928    0.01048230    0.01425295    0.00384397    0.00000000 
max(|Fsp_paral|) :   0.00000000    0.00083171    0.00017632    0.00047921    0.00009270    0.00114912    0.00174851    0.00063437    0.00000000 
max(|Fsp_perp|)  :   0.00000000    0.00000000    0.00000000    0.00000000    0.00000000    0.00000000    0.00000000    0.00000000    0.00000000 
max(|FNEB|)      :   0.00000000    0.01217214    0.00793199    0.00233759    0.00512671    0.00445486    0.00318091    0.00090512    0.00000000 
max(|Force|)     :   0.00011723    0.01316283    0.01531317    0.00256559    0.00538424    0.00645203    0.00841429    0.00086302    0.00009120 
ksp              :   0.02312674    0.07382505    0.10000000    0.10000000    0.08983189    0.08053023    0.04825290    0.02360813 
max(|step|)      :   0.00000000    0.00510664    0.00585397    0.00436762    0.00452498    0.00741662    0.00405971    0.00240369    0.00007277 
angle (deg.)     :    55.7424  43.4993  46.3566  51.2367  40.8227  53.1879  25.2024 
>
iteration       : 68
climbing        : no
zoom on         : no
nim             : 9
barrier         :   0.12375770 (image:  3) 
distance        :   0.00000000    9.11838414   12.03030483   14.18137095   16.30944830   18.68835401   21.37431201   25.79286148   34.71615090 
energy          : -2464.54814530  -2464.51228148  -2464.45421167  -2464.42438760  -2464.43603255  -2464.44663069  -2464.48340443  -2464.51166948  -2464.52720638 
max(|Fr_perp|)   :   0.00000000    0.00748971    0.00463367    0.00146180    0.00251392    0.00247789    0.00217434    0.00067629    0.00000000 
Fr_paral         :   0.00000000   -0.01223028   -0.03473680    0.00372068    0.00555731    0.01034645    0.01448051    0.00384022    0.00000000 
max(|Fsp_paral|) :   0.00000000    0.00091249    0.00002975    0.00063193    0.00018877    0.00113138    0.00144186    0.00079918    0.00000000 
max(|Fsp_perp|)  :   0.00000000    0.00000000    0.00000000    0.00000000    0.00000000    0.00000000    0.00000000    0.00000000    0.00000000 
max(|FNEB|)      :   0.00000000    0.00719974    0.00463483    0.00168944    0.00255623    0.00228896    0.00213880    0.00104516    0.00000000 
max(|Force|)     :   0.00011723    0.00821851    0.01547787    0.00138693    0.00279571    0.00556118    0.00803966    0.00083648    0.00009120 
ksp              :   0.02306416    0.07389420    0.10000000    0.10000000    0.08980687    0.08053004    0.04834101    0.02359986 
max(|step|)      :   0.00000000    0.01626498    0.02767095    0.02287300    0.02409642    0.02906385    0.02235606    0.01304802    0.00073763 
angle (deg.)     :    55.6785  42.0927  45.7629  51.2667  41.6081  53.1660  25.9369 
>
iteration       : 69
climbing        : no
zoom on         : no
nim             : 9
barrier         :   0.12349465 (image:  3) 
distance        :   0.00000000    9.13030888   12.01114121   14.17184191   16.29047778   18.68728966   21.36849984   25.80814600   34.75130294 
energy          : -2464.54814530  -2464.51209845  -2464.45382689  -2464.42465065  -2464.43621339  -2464.44681068  -2464.48292634  -2464.51175125  -2464.52720638 
max(|Fr_perp|)   :   0.00000000    0.00569642    0.00353084    0.00169654    0.00351613    0.00392381    0.00251458    0.00065695    0.00000000 
Fr_paral         :   0.00000000   -0.01253681   -0.03548803    0.00392616    0.00515998    0.00969692    0.01521873    0.00381205    0.00000000 
max(|Fsp_paral|) :   0.00000000    0.00036733    0.00074912    0.00114494    0.00078381    0.00026609    0.00050289    0.00162260    0.00000000 
max(|Fsp_perp|)  :   0.00000000    0.00000000    0.00000000    0.00000000    0.00000000    0.00000000    0.00000000    0.00000000    0.00000000 
max(|FNEB|)      :   0.00000000    0.00580994    0.00357341    0.00161479    0.00333132    0.00376424    0.00250694    0.00178396    0.00000000 
max(|Force|)     :   0.00011723    0.00572897    0.01623711    0.00185106    0.00324342    0.00559742    0.00718782    0.00083811    0.00009120 
ksp              :   0.02325829    0.07439576    0.10000000    0.10000000    0.08985287    0.08055299    0.04885891    0.02356299 
max(|step|)      :   0.00000000    0.01400418    0.02111171    0.01925964    0.02217276    0.02229109    0.01735061    0.01174002    0.00054398 
angle (deg.)     :    55.6789  41.2273  45.5694  51.4648  42.3774  53.2481  26.5086 
>
iteration       : 70
climbing        : no
zoom on         : no
nim             : 9
barrier         :   0.12331575 (image:  3) 
distance        :   0.00000000    9.14003627   12.00267247   14.16491963   16.29057419   18.70026200   21.38383691   25.82885339   34.79799007 
energy          : -2464.54814530  -2464.51191111  -2464.45332879  -2464.42482956  -2464.43636411  -2464.44698289  -2464.48259785  -2464.51178248  -2464.52720638 
max(|Fr_perp|)   :   0.00000000    0.00805930    0.00570603    0.00179094    0.00354276    0.00457217    0.00249292    0.00060754    0.00000000 
Fr_paral         :   0.00000000   -0.01270768   -0.03580238    0.00406305    0.00491812    0.00927609    0.01543121    0.00379885    0.00000000 
max(|Fsp_paral|) :   0.00000000    0.00004555    0.00070513    0.00098939    0.00088081    0.00019055    0.00143610    0.00193438    0.00000000 
max(|Fsp_perp|)  :   0.00000000    0.00000000    0.00000000    0.00000000    0.00000000    0.00000000    0.00000000    0.00000000    0.00000000 
max(|FNEB|)      :   0.00000000    0.00807283    0.00575253    0.00199592    0.00333262    0.00468509    0.00247460    0.00206257    0.00000000 
max(|Force|)     :   0.00011723    0.00743871    0.01696075    0.00177564    0.00330148    0.00622087    0.00738157    0.00090091    0.00009120 
ksp              :   0.02344615    0.07494617    0.10000000    0.10000000    0.08985991    0.08052489    0.04921559    0.02355923 
max(|step|)      :   0.00000000    0.06080923    0.07016387    0.08275127    0.10000000    0.09904273    0.07218630    0.05340529    0.00200945 
angle (deg.)     :    55.9034  39.2126  45.7892  52.6010  46.1684  53.9670  28.7899 
>
iteration       : 71
climbing        : no
zoom on         : no
nim             : 9
barrier         :   0.12264995 (image:  3) 
distance        :   0.00000000    9.18042218   11.99277779   14.17362551   16.35236395   18.81642174   21.54373075   25.96657583   35.08097404 
energy          : -2464.54814530  -2464.51109973  -2464.45127811  -2464.42549535  -2464.43711883  -2464.44802867  -2464.48142959  -2464.51177890  -2464.52720638 
max(|Fr_perp|)   :   0.00000000    0.01837207    0.00639718    0.00416329    0.01419738    0.00370355    0.00751661    0.00065079    0.00000000 
Fr_paral         :   0.00000000   -0.01307954   -0.03577211    0.00451268    0.00450375    0.00795567    0.01575941    0.00379400    0.00000000 
max(|Fsp_paral|) :   0.00000000    0.00103182    0.00038560    0.00005341    0.00070464    0.00121175    0.00270194    0.00193002    0.00000000 
max(|Fsp_perp|)  :   0.00000000    0.00000000    0.00000000    0.00000000    0.00000000    0.00000000    0.00000000    0.00000000    0.00000000 
max(|FNEB|)      :   0.00000000    0.01860474    0.00656732    0.00425130    0.01435497    0.00344427    0.00768263    0.00200842    0.00000000 
max(|Force|)     :   0.00011723    0.01824146    0.01918469    0.00443350    0.01428118    0.00463646    0.00878011    0.00100421    0.00009120 
ksp              :   0.02426723    0.07718907    0.10000000    0.10000000    0.08972397    0.08006144    0.05050928    0.02365045 
max(|step|)      :   0.00000000    0.02212814    0.00781105    0.00505642    0.01707355    0.00409655    0.00913758    0.00238878    0.00000000 
angle (deg.)     :    55.9631  39.3618  45.8993  52.5965  46.1620  54.0460  28.7489 
>
iteration       : 72
climbing        : no
zoom on         : no
nim             : 9
barrier         :   0.12257359 (image:  3) 
distance        :   0.00000000    9.17684237   12.00008009   14.18052723   16.36389928   18.82284146   21.55961812   25.96975119   35.09269997 
energy          : -2464.54814530  -2464.51144448  -2464.45152273  -2464.42557171  -2464.43747779  -2464.44812610  -2464.48160506  -2464.51175559  -2464.52720638 
max(|Fr_perp|)   :   0.00000000    0.00855649    0.00512452    0.00204278    0.00385703    0.00226434    0.00208871    0.00059859    0.00000000 
Fr_paral         :   0.00000000   -0.01301384   -0.03579326    0.00451000    0.00475914    0.00809826    0.01526001    0.00380998    0.00000000 
max(|Fsp_paral|) :   0.00000000    0.00043770    0.00023635    0.00007776    0.00036000    0.00042558    0.00170517    0.00151608    0.00000000 
max(|Fsp_perp|)  :   0.00000000    0.00000000    0.00000000    0.00000000    0.00000000    0.00000000    0.00000000    0.00000000    0.00000000 
max(|FNEB|)      :   0.00000000    0.00866252    0.00488818    0.00208634    0.00394070    0.00224512    0.00204526    0.00159473    0.00000000 
max(|Force|)     :   0.00011723    0.00912915    0.01923083    0.00271446    0.00410100    0.00445277    0.00848914    0.00086253    0.00009120 
ksp              :   0.02395755    0.07701973    0.10000000    0.10000000    0.08945688    0.08002753    0.05038109    0.02368205 
max(|step|)      :   0.00000000    0.00282041    0.00625460    0.00267640    0.00355197    0.00320693    0.00284065    0.00215569    0.00005551 
angle (deg.)     :    56.0057  39.5411  46.0197  52.5581  46.1950  54.0926  28.7204 
>
iteration       : 73
climbing        : no
zoom on         : no
nim             : 9
barrier         :   0.12254292 (image:  3) 
distance        :   0.00000000    9.17465469   12.00592518   14.18675732   16.37304070   18.82902620   21.57341438   25.97213287   35.10278676 
energy          : -2464.54814530  -2464.51155505  -2464.45173212  -2464.42560238  -2464.43759758  -2464.44820117  -2464.48170304  -2464.51173298  -2464.52720638 
max(|Fr_perp|)   :   0.00000000    0.00636853    0.00482859    0.00181490    0.00484497    0.00213139    0.00250445    0.00059563    0.00000000 
Fr_paral         :   0.00000000   -0.01292103   -0.03587025    0.00449355    0.00491813    0.00823562    0.01520091    0.00382278    0.00000000 
max(|Fsp_paral|) :   0.00000000    0.00024473    0.00019368    0.00014521    0.00019297    0.00000042    0.00095855    0.00119296    0.00000000 
max(|Fsp_perp|)  :   0.00000000    0.00000000    0.00000000    0.00000000    0.00000000    0.00000000    0.00000000    0.00000000    0.00000000 
max(|FNEB|)      :   0.00000000    0.00642944    0.00463491    0.00189618    0.00488964    0.00213131    0.00250066    0.00128324    0.00000000 
max(|Force|)     :   0.00011723    0.00695304    0.01908360    0.00248491    0.00509612    0.00452766    0.00833091    0.00085374    0.00009120 
ksp              :   0.02386382    0.07685449    0.10000000    0.10000000    0.08937475    0.07998218    0.05030649    0.02370621 
max(|step|)      :   0.00000000    0.02322196    0.06327255    0.02597255    0.02693145    0.02957789    0.01706365    0.01791965    0.00075671 
angle (deg.)     :    56.3930  42.0950  47.5016  52.2400  47.2232  54.3491  28.6364 
>
iteration       : 74
climbing        : no
zoom on         : no
nim             : 9
barrier         :   0.12236172 (image:  3) 
distance        :   0.00000000    9.16200073   12.06228889   14.25981198   16.46087996   18.91800134   21.71298931   26.02580975   35.21997699 
energy          : -2464.54814530  -2464.51183291  -2464.45300744  -2464.42578358  -2464.43776779  -2464.44867557  -2464.48225139  -2464.51155510  -2464.52720638 
max(|Fr_perp|)   :   0.00000000    0.01606973    0.00451597    0.00254757    0.01109102    0.00284884    0.00595914    0.00069490    0.00000000 
Fr_paral         :   0.00000000   -0.01213432   -0.03534564    0.00425435    0.00556229    0.00896394    0.01548792    0.00391099    0.00000000 
max(|Fsp_paral|) :   0.00000000    0.00061514    0.00009103    0.00009517    0.00011608    0.00142446    0.00406245    0.00109423    0.00000000 
max(|Fsp_perp|)  :   0.00000000    0.00000000    0.00000000    0.00000000    0.00000000    0.00000000    0.00000000    0.00000000    0.00000000 
max(|FNEB|)      :   0.00000000    0.01590215    0.00452056    0.00253057    0.01112129    0.00257267    0.00596352    0.00133364    0.00000000 
max(|Force|)     :   0.00011723    0.01667564    0.01694241    0.00250886    0.01077015    0.00502468    0.00771321    0.00125312    0.00009120 
ksp              :   0.02364203    0.07584224    0.10000000    0.10000000    0.08936552    0.07968623    0.04989191    0.02388855 
max(|step|)      :   0.00000000    0.03266699    0.03149627    0.00968404    0.02357708    0.01570512    0.01348247    0.00580001    0.00020294 
angle (deg.)     :    56.5194  43.7574  48.2670  52.1987  48.2816  54.2573  28.8465 
>
iteration       : 75
climbing        : no
zoom on         : no
nim             : 9
barrier         :   0.12227237 (image:  3) 
distance        :   0.00000000    9.16222980   12.08531940   14.29791833   16.50240497   18.98028891   21.77298489   26.08004702   35.28862936 
energy          : -2464.54814530  -2464.51176651  -2464.45326642  -2464.42587293  -2464.43786903  -2464.44897221  -2464.48212034  -2464.51156402  -2464.52720638 
max(|Fr_perp|)   :   0.00000000    0.02013315    0.00506309    0.00309830    0.01359227    0.00290003    0.00741745    0.00057982    0.00000000 
Fr_paral         :   0.00000000   -0.01199298   -0.03440134    0.00428698    0.00532419    0.00853955    0.01518042    0.00388507    0.00000000 
max(|Fsp_paral|) :   0.00000000    0.00072300    0.00003055    0.00021960    0.00020910    0.00026739    0.00346261    0.00109633    0.00000000 
max(|Fsp_perp|)  :   0.00000000    0.00000000    0.00000000    0.00000000    0.00000000    0.00000000    0.00000000    0.00000000    0.00000000 
max(|FNEB|)      :   0.00000000    0.02036908    0.00506453    0.00306352    0.01363886    0.00295716    0.00745259    0.00114895    0.00000000 
max(|Force|)     :   0.00011723    0.01941260    0.01508122    0.00328211    0.01385637    0.00501310    0.00733455    0.00103448    0.00009120 
ksp              :   0.02371303    0.07567028    0.10000000    0.10000000    0.08934558    0.07948421    0.05004348    0.02389287 
max(|step|)      :   0.00000000    0.01346401    0.01128564    0.00482882    0.00984004    0.00662715    0.00565072    0.00327811    0.00009190 
angle (deg.)     :    56.4316  43.1549  47.9116  52.1757  48.0387  54.1729  28.8797 
>
iteration       : 76
climbing        : no
zoom on         : no
nim             : 9
barrier         :   0.12225937 (image:  3) 
distance        :   0.00000000    9.16495564   12.07343097   14.28040567   16.48321466   18.95843512   21.74176326   26.06513478   35.26192869 
energy          : -2464.54814530  -2464.51200603  -2464.45326843  -2464.42588594  -2464.43811876  -2464.44898069  -2464.48207081  -2464.51160320  -2464.52720638 
max(|Fr_perp|)   :   0.00000000    0.00474811    0.00144391    0.00087376    0.00383584    0.00187319    0.00164635    0.00057449    0.00000000 
Fr_paral         :   0.00000000   -0.01227158   -0.03476571    0.00433215    0.00550326    0.00852287    0.01554634    0.00386880    0.00000000 
max(|Fsp_paral|) :   0.00000000    0.00086602    0.00025991    0.00011297    0.00007685    0.00027707    0.00251138    0.00070126    0.00000000 
max(|Fsp_perp|)  :   0.00000000    0.00000000    0.00000000    0.00000000    0.00000000    0.00000000    0.00000000    0.00000000    0.00000000 
max(|FNEB|)      :   0.00000000    0.00501111    0.00142038    0.00081910    0.00385413    0.00197543    0.00323909    0.00073404    0.00000000 
max(|Force|)     :   0.00011723    0.00479031    0.01556061    0.00147786    0.00412731    0.00488012    0.00764057    0.00092816    0.00009120 
ksp              :   0.02350203    0.07567693    0.10000000    0.10000000    0.08913394    0.07948560    0.05009261    0.02385985 
max(|step|)      :   0.00000000    0.00436297    0.00332899    0.00203112    0.00470760    0.00477645    0.00796463    0.00159382    0.00009235 
angle (deg.)     :    56.4000  43.3643  47.9664  52.1501  48.3099  54.0608  29.0183 
>
iteration       : 77
climbing        : no
zoom on         : no
nim             : 9
barrier         :   0.12223170 (image:  3) 
distance        :   0.00000000    9.16938599   12.07245705   14.28027275   16.48443311   18.96581491   21.74169314   26.07693538   35.27000049 
energy          : -2464.54814530  -2464.51193262  -2464.45329553  -2464.42591361  -2464.43820762  -2464.44909018  -2464.48192416  -2464.51164162  -2464.52720638 
max(|Fr_perp|)   :   0.00000000    0.00059362    0.00080795    0.00083982    0.00093228    0.00161807    0.00105151    0.00057202    0.00000000 
Fr_paral         :   0.00000000   -0.01238258   -0.03459717    0.00435183    0.00548745    0.00836590    0.01581483    0.00385536    0.00000000 
max(|Fsp_paral|) :   0.00000000    0.00065306    0.00048538    0.00009932    0.00013761    0.00027774    0.00142553    0.00031524    0.00000000 
max(|Fsp_perp|)  :   0.00000000    0.00000000    0.00000000    0.00000000    0.00000000    0.00000000    0.00000000    0.00000000    0.00000000 
max(|FNEB|)      :   0.00000000    0.00094409    0.00101804    0.00081344    0.00091356    0.00151567    0.00193258    0.00052224    0.00000000 
max(|Force|)     :   0.00011723    0.00244011    0.01521965    0.00148678    0.00162767    0.00466509    0.00800344    0.00083977    0.00009120 
ksp              :   0.02357094    0.07567079    0.10000000    0.10000000    0.08907660    0.07940730    0.05023387    0.02382950 
max(|step|)      :   0.00000000    0.00895670    0.01739872    0.00844433    0.01143499    0.01619390    0.01841388    0.00576660    0.00020571 
angle (deg.)     :    56.4050  44.4343  48.4517  52.1503  49.2795  53.8544  29.3917 
>
iteration       : 78
climbing        : no
zoom on         : no
nim             : 9
barrier         :   0.12215686 (image:  3) 
distance        :   0.00000000    9.17879620   12.08155641   14.29498246   16.50798726   19.00480172   21.77450007   26.12626775   35.32130997 
energy          : -2464.54814530  -2464.51172000  -2464.45330994  -2464.42598845  -2464.43830687  -2464.44938488  -2464.48161300  -2464.51171253  -2464.52720638 
max(|Fr_perp|)   :   0.00000000    0.00547496    0.00158207    0.00102731    0.00413574    0.00139365    0.00263235    0.00055982    0.00000000 
Fr_paral         :   0.00000000   -0.01249582   -0.03383467    0.00438048    0.00535105    0.00806557    0.01619573    0.00382566    0.00000000 
max(|Fsp_paral|) :   0.00000000    0.00029205    0.00070920    0.00001150    0.00023141    0.00137462    0.00031647    0.00031891    0.00000000 
max(|Fsp_perp|)  :   0.00000000    0.00000000    0.00000000    0.00000000    0.00000000    0.00000000    0.00000000    0.00000000    0.00000000 
max(|FNEB|)      :   0.00000000    0.00538834    0.00185586    0.00102932    0.00407779    0.00213618    0.00263315    0.00065146    0.00000000 
max(|Force|)     :   0.00011723    0.00616103    0.01399532    0.00143120    0.00397087    0.00436132    0.00876594    0.00083311    0.00009120 
ksp              :   0.02377003    0.07570653    0.10000000    0.10000000    0.08904682    0.07919658    0.05054029    0.02377667 
max(|step|)      :   0.00000000    0.01341724    0.01704378    0.01323731    0.01340383    0.02475670    0.02014368    0.00985691    0.00025087 
angle (deg.)     :    56.4282  45.6254  49.0882  52.2283  50.5602  53.6939  29.9044 
>
iteration       : 79
climbing        : no
zoom on         : no
nim             : 9
barrier         :   0.12203952 (image:  3) 
distance        :   0.00000000    9.19084521   12.09379019   14.31376670   16.54261395   19.05048137   21.83135835   26.19463418   35.40040475 
energy          : -2464.54814530  -2464.51147146  -2464.45314890  -2464.42610578  -2464.43845689  -2464.44974652  -2464.48130982  -2464.51179183  -2464.52720638 
max(|Fr_perp|)   :   0.00000000    0.00605322    0.00368089    0.00120352    0.00618551    0.00172420    0.00284073    0.00058659    0.00000000 
Fr_paral         :   0.00000000   -0.01260387   -0.03291379    0.00442635    0.00523683    0.00787927    0.01640225    0.00379271    0.00000000 
max(|Fsp_paral|) :   0.00000000    0.00004431    0.00072316    0.00024353    0.00007377    0.00170225    0.00125244    0.00084994    0.00000000 
max(|Fsp_perp|)  :   0.00000000    0.00000000    0.00000000    0.00000000    0.00000000    0.00000000    0.00000000    0.00000000    0.00000000 
max(|FNEB|)      :   0.00000000    0.00606672    0.00366345    0.00127877    0.00616663    0.00284372    0.00284595    0.00098556    0.00000000 
max(|Force|)     :   0.00011723    0.00676907    0.01277845    0.00157901    0.00588415    0.00412896    0.00944164    0.00082978    0.00009120 
ksp              :   0.02400727    0.07592615    0.10000000    0.10000000    0.08900501    0.07895496    0.05085723    0.02372207 
max(|step|)      :   0.00000000    0.04632747    0.05025362    0.04918126    0.04910893    0.09119527    0.06799052    0.03680383    0.00090222 
angle (deg.)     :    56.5380  48.5257  50.8001  52.6042  55.1377  53.3768  31.6195 
>
iteration       : 80
climbing        : no
zoom on         : no
nim             : 9
barrier         :   0.12206989 (image:  3) 
distance        :   0.00000000    9.22930370   12.12590287   14.37850894   16.64316090   19.19744603   22.04676146   26.42799185   35.68941802 
energy          : -2464.54814530  -2464.51050062  -2464.45195421  -2464.42607541  -2464.43866225  -2464.45047690  -2464.48038107  -2464.51198786  -2464.52720638 
max(|Fr_perp|)   :   0.00000000    0.01614427    0.01816443    0.01454616    0.01025413    0.02037056    0.00476483    0.00127968    0.00000000 
Fr_paral         :   0.00000000   -0.01250121   -0.03035155    0.00486616    0.00433670    0.00642519    0.01693017    0.00372507    0.00000000 
max(|Fsp_paral|) :   0.00000000    0.00124547    0.00108494    0.00033615    0.00008038    0.00181408    0.00177869    0.00195460    0.00000000 
max(|Fsp_perp|)  :   0.00000000    0.00000000    0.00000000    0.00000000    0.00000000    0.00000000    0.00000000    0.00000000    0.00000000 
max(|FNEB|)      :   0.00000000    0.01647780    0.01820252    0.01445571    0.01028719    0.02129120    0.00478517    0.00244906    0.00000000 
max(|Force|)     :   0.00011723    0.01678031    0.01766410    0.01418076    0.01066195    0.01879742    0.01067231    0.00168763    0.00009120 
ksp              :   0.02486704    0.07696955    0.10000000    0.10000000    0.08879853    0.07828426    0.05167149    0.02354349 
max(|step|)      :   0.00000000    0.01173297    0.01457409    0.01483203    0.01506467    0.02556340    0.01793579    0.01047206    0.00017127 
angle (deg.)     :    56.5824  48.9387  51.1180  52.6839  56.1057  53.3712  32.0282 
>
iteration       : 81
climbing        : no
zoom on         : no
nim             : 9
barrier         :   0.12147956 (image:  3) 
distance        :   0.00000000    9.23602779   12.13449889   14.39226169   16.67009236   19.22870667   22.10666348   26.48234548   35.76529357 
energy          : -2464.54814530  -2464.51058327  -2464.45200800  -2464.42666575  -2464.43904355  -2464.45125914  -2464.48028192  -2464.51201758  -2464.52720638 
max(|Fr_perp|)   :   0.00000000    0.00543622    0.00428214    0.00332897    0.00294621    0.00578937    0.00217223    0.00090115    0.00000000 
Fr_paral         :   0.00000000   -0.01283675   -0.03026821    0.00468309    0.00475781    0.00720052    0.01677256    0.00372709    0.00000000 
max(|Fsp_paral|) :   0.00000000    0.00108717    0.00079145    0.00055955    0.00006217    0.00149243    0.00165055    0.00198109    0.00000000 
max(|Fsp_perp|)  :   0.00000000    0.00000000    0.00000000    0.00000000    0.00000000    0.00000000    0.00000000    0.00000000    0.00000000 
max(|FNEB|)      :   0.00000000    0.00577785    0.00507359    0.00354336    0.00297531    0.00650851    0.00330758    0.00208195    0.00000000 
max(|Force|)     :   0.00011723    0.00620541    0.00995962    0.00382927    0.00303089    0.00613582    0.01053108    0.00131758    0.00009120 
ksp              :   0.02488035    0.07731462    0.10000000    0.10000000    0.08891988    0.07798496    0.05200492    0.02359641 
max(|step|)      :   0.00000000    0.02089497    0.02174062    0.02554297    0.02829009    0.04294736    0.03313117    0.01997439    0.00044283 
angle (deg.)     :    56.6352  48.9812  51.4120  52.7743  57.9170  53.3847  32.7607 
>
iteration       : 82
climbing        : no
zoom on         : no
nim             : 9
barrier         :   0.12121146 (image:  3) 
distance        :   0.00000000    9.24748874   12.14153086   14.40958100   16.70206294   19.27143778   22.20948876   26.56832353   35.89644239 
energy          : -2464.54814530  -2464.51041384  -2464.45164229  -2464.42693384  -2464.43929330  -2464.45187519  -2464.48012053  -2464.51204059  -2464.52720638 
max(|Fr_perp|)   :   0.00000000    0.00266126    0.00575441    0.00385446    0.00244637    0.00372963    0.00206026    0.00074530    0.00000000 
Fr_paral         :   0.00000000   -0.01286935   -0.03031954    0.00479354    0.00472164    0.00753963    0.01668142    0.00373894    0.00000000 
max(|Fsp_paral|) :   0.00000000    0.00127071    0.00074023    0.00068043    0.00018764    0.00019684    0.00012136    0.00173141    0.00000000 
max(|Fsp_perp|)  :   0.00000000    0.00000000    0.00000000    0.00000000    0.00000000    0.00000000    0.00000000    0.00000000    0.00000000 
max(|FNEB|)      :   0.00000000    0.00256927    0.00575761    0.00403731    0.00242787    0.00384061    0.00206559    0.00188686    0.00000000 
max(|Force|)     :   0.00011723    0.00308031    0.01034632    0.00421321    0.00279366    0.00501041    0.01002753    0.00117717    0.00009120 
ksp              :   0.02507221    0.07782284    0.10000000    0.10000000    0.08890672    0.07761379    0.05226208    0.02361211 
max(|step|)      :   0.00000000    0.04784335    0.05023905    0.05858303    0.06368721    0.10000000    0.07655695    0.04573376    0.00111656 
angle (deg.)     :    56.7985  49.1970  52.1118  53.0971  62.4186  53.3073  34.5420 
>
iteration       : 83
climbing        : no
zoom on         : no
nim             : 9
barrier         :   0.12075247 (image:  3) 
distance        :   0.00000000    9.27511678   12.16173675   14.45731947   16.78172460   19.40022320   22.46633455   26.80029297   36.23141844 
energy          : -2464.54814530  -2464.50985977  -2464.45064864  -2464.42739283  -2464.43946903  -2464.45333227  -2464.47946733  -2464.51208560  -2464.52720638 
max(|Fr_perp|)   :   0.00000000    0.01121385    0.01087031    0.00706898    0.00615183    0.00814060    0.00322020    0.00080208    0.00000000 
Fr_paral         :   0.00000000   -0.01277355   -0.03031428    0.00508218    0.00420877    0.00781270    0.01663351    0.00374790    0.00000000 
max(|Fsp_paral|) :   0.00000000    0.00188530    0.00065166    0.00079406    0.00021268    0.00077915    0.00259687    0.00157724    0.00000000 
max(|Fsp_perp|)  :   0.00000000    0.00000000    0.00000000    0.00000000    0.00000000    0.00000000    0.00000000    0.00000000    0.00000000 
max(|FNEB|)      :   0.00000000    0.01086702    0.01112683    0.00746767    0.00613296    0.00872165    0.00384894    0.00191631    0.00000000 
max(|Force|)     :   0.00011723    0.01065979    0.01103952    0.00762496    0.00593980    0.01000697    0.00916973    0.00156823    0.00009120 
ksp              :   0.02564880    0.07903322    0.10000000    0.10000000    0.08911256    0.07661359    0.05304213    0.02363289 
max(|step|)      :   0.00000000    0.01565639    0.01603071    0.01075887    0.00883590    0.01256550    0.00554526    0.00276088    0.00000000 
angle (deg.)     :    56.8372  48.7092  51.8725  53.0162  62.5509  53.1962  34.5679 
>
iteration       : 84
climbing        : no
zoom on         : no
nim             : 9
barrier         :   0.12063583 (image:  3) 
distance        :   0.00000000    9.26699359   12.16102241   14.45814191   16.78015045   19.39914412   22.46191057   26.78980870   36.22966250 
energy          : -2464.54814530  -2464.51012903  -2464.45089923  -2464.42750948  -2464.43977493  -2464.45356659  -2464.47940892  -2464.51206426  -2464.52720638 
max(|Fr_perp|)   :   0.00000000    0.00818486    0.00657906    0.00456376    0.00385091    0.00690182    0.00215892    0.00097982    0.00000000 
Fr_paral         :   0.00000000   -0.01276334   -0.03097044    0.00503072    0.00440417    0.00784582    0.01699526    0.00375979    0.00000000 
max(|Fsp_paral|) :   0.00000000    0.00139670    0.00065074    0.00068712    0.00016549    0.00066680    0.00218895    0.00149082    0.00000000 
max(|Fsp_perp|)  :   0.00000000    0.00000000    0.00000000    0.00000000    0.00000000    0.00000000    0.00000000    0.00000000    0.00000000 
max(|FNEB|)      :   0.00000000    0.00860251    0.00656036    0.00438890    0.00381265    0.00661821    0.00228297    0.00176755    0.00000000 
max(|Force|)     :   0.00011723    0.00892144    0.01130014    0.00435439    0.00361007    0.00546655    0.00917206    0.00145265    0.00009120 
ksp              :   0.02541634    0.07888522    0.10000000    0.10000000    0.08892753    0.07647730    0.05314850    0.02366934 
max(|step|)      :   0.00000000    0.00318099    0.00519040    0.00190303    0.00672046    0.00460388    0.00339027    0.00259917    0.00006178 
angle (deg.)     :    56.8633  48.2644  51.6645  52.9275  62.6359  53.1033  34.5930 
>
iteration       : 85
climbing        : no
zoom on         : no
nim             : 9
barrier         :   0.12059123 (image:  3) 
distance        :   0.00000000    9.26004487   12.15989214   14.45833781   16.77811754   19.39765750   22.45702814   26.77920075   36.22751165 
energy          : -2464.54814530  -2464.51033779  -2464.45109365  -2464.42755407  -2464.43996042  -2464.45373864  -2464.47934394  -2464.51203961  -2464.52720638 
max(|Fr_perp|)   :   0.00000000    0.00638717    0.00523318    0.00378817    0.00247859    0.00618831    0.00233143    0.00093620    0.00000000 
Fr_paral         :   0.00000000   -0.01275208   -0.03134614    0.00504090    0.00451135    0.00793240    0.01703471    0.00376671    0.00000000 
max(|Fsp_paral|) :   0.00000000    0.00102799    0.00069053    0.00058853    0.00014859    0.00049381    0.00183608    0.00139590    0.00000000 
max(|Fsp_perp|)  :   0.00000000    0.00000000    0.00000000    0.00000000    0.00000000    0.00000000    0.00000000    0.00000000    0.00000000 
max(|FNEB|)      :   0.00000000    0.00669648    0.00521024    0.00363743    0.00253815    0.00597946    0.00227159    0.00163097    0.00000000 
max(|Force|)     :   0.00011723    0.00712593    0.01163791    0.00366034    0.00290851    0.00510625    0.00907285    0.00141263    0.00009120 
ksp              :   0.02523470    0.07874046    0.10000000    0.10000000    0.08879533    0.07635166    0.05322649    0.02369771 
max(|step|)      :   0.00000000    0.02614005    0.05151022    0.01720076    0.03624429    0.04108768    0.03359917    0.02420691    0.00141548 
angle (deg.)     :    57.0542  44.4071  50.2115  52.4895  63.8267  52.4185  34.8563 
>
iteration       : 86
climbing        : no
zoom on         : no
nim             : 9
barrier         :   0.12049591 (image:  3) 
distance        :   0.00000000    9.21220506   12.14485256   14.45381770   16.75895662   19.38696051   22.43834657   26.70204627   36.23296198 
energy          : -2464.54814530  -2464.51145683  -2464.45179093  -2464.42764940  -2464.44032794  -2464.45471297  -2464.47869674  -2464.51175904  -2464.52720638 
max(|Fr_perp|)   :   0.00000000    0.00853359    0.00941045    0.00926693    0.00552150    0.00437937    0.00735362    0.00173320    0.00000000 
Fr_paral         :   0.00000000   -0.01236756   -0.03416268    0.00525139    0.00478025    0.00837653    0.01671316    0.00382395    0.00000000 
max(|Fsp_paral|) :   0.00000000    0.00112434    0.00071384    0.00010295    0.00053167    0.00110576    0.00045034    0.00028015    0.00000000 
max(|Fsp_perp|)  :   0.00000000    0.00000000    0.00000000    0.00000000    0.00000000    0.00000000    0.00000000    0.00000000    0.00000000 
max(|FNEB|)      :   0.00000000    0.00824193    0.00944005    0.00928285    0.00565587    0.00413979    0.00737378    0.00170091    0.00000000 
max(|Force|)     :   0.00011723    0.00913677    0.01448388    0.00904840    0.00581808    0.00533048    0.00821360    0.00183530    0.00009120 
ksp              :   0.02423767    0.07817594    0.10000000    0.10000000    0.08853854    0.07553440    0.05385295    0.02396447 
max(|step|)      :   0.00000000    0.02545035    0.03217214    0.02057132    0.01934074    0.02458998    0.02035414    0.01350929    0.00065348 
angle (deg.)     :    57.1209  42.7355  49.7328  52.7726  64.7308  52.0545  35.0684 
>
iteration       : 87
climbing        : no
zoom on         : no
nim             : 9
barrier         :   0.12056994 (image:  3) 
distance        :   0.00000000    9.19814065   12.13392309   14.44845881   16.75812245   19.38641121   22.44999728   26.68180602   36.25843978 
energy          : -2464.54814530  -2464.51150449  -2464.45132150  -2464.42757537  -2464.44029068  -2464.45506425  -2464.47830469  -2464.51161768  -2464.52720638 
max(|Fr_perp|)   :   0.00000000    0.01879446    0.01966428    0.01332151    0.00753917    0.00730309    0.01073853    0.00131494    0.00000000 
Fr_paral         :   0.00000000   -0.01191574   -0.03441198    0.00522940    0.00466928    0.00880347    0.01743537    0.00392456    0.00000000 
max(|Fsp_paral|) :   0.00000000    0.00151314    0.00036102    0.00012962    0.00041525    0.00119902    0.00052860    0.00032093    0.00000000 
max(|Fsp_perp|)  :   0.00000000    0.00000000    0.00000000    0.00000000    0.00000000    0.00000000    0.00000000    0.00000000    0.00000000 
max(|FNEB|)      :   0.00000000    0.01929432    0.01965452    0.01329764    0.00746112    0.00758225    0.01071952    0.00127881    0.00000000 
max(|Force|)     :   0.00011723    0.01806413    0.02005940    0.01357770    0.00732140    0.00625960    0.01106078    0.00132774    0.00009120 
ksp              :   0.02418404    0.07854933    0.10000000    0.10000000    0.08851384    0.07516838    0.05417452    0.02408179 
max(|step|)      :   0.00000000    0.01517828    0.01729861    0.01091744    0.00923319    0.01182692    0.01014900    0.00652940    0.00041594 
angle (deg.)     :    57.0305  43.4734  49.9708  52.6210  64.3184  52.2235  34.9894 
>
iteration       : 88
climbing        : no
zoom on         : no
nim             : 9
barrier         :   0.12019912 (image:  3) 
distance        :   0.00000000    9.20995625   12.13502865   14.44407549   16.75444031   19.37784626   22.44092839   26.68927560   36.24345858 
energy          : -2464.54814530  -2464.51160521  -2464.45181185  -2464.42794618  -2464.44057532  -2464.45500794  -2464.47861516  -2464.51170431  -2464.52720638 
max(|Fr_perp|)   :   0.00000000    0.00206374    0.00350006    0.00130620    0.00249658    0.00221832    0.00120443    0.00054100    0.00000000 
Fr_paral         :   0.00000000   -0.01248533   -0.03459173    0.00511436    0.00501783    0.00865161    0.01705849    0.00388392    0.00000000 
max(|Fsp_paral|) :   0.00000000    0.00127660    0.00073031    0.00003523    0.00031134    0.00058415    0.00076801    0.00004122    0.00000000 
max(|Fsp_perp|)  :   0.00000000    0.00000000    0.00000000    0.00000000    0.00000000    0.00000000    0.00000000    0.00000000    0.00000000 
max(|FNEB|)      :   0.00000000    0.00243067    0.00347354    0.00129944    0.00255429    0.00221495    0.00117312    0.00053330    0.00000000 
max(|Force|)     :   0.00011723    0.00258073    0.01537248    0.00152174    0.00272575    0.00540975    0.00895450    0.00104709    0.00009120 
ksp              :   0.02414571    0.07836081    0.10000000    0.10000000    0.08854906    0.07546290    0.05405804    0.02405585 
max(|step|)      :   0.00000000    0.00208989    0.00327219    0.00140138    0.00512733    0.00379012    0.00199364    0.00113026    0.00001344 
angle (deg.)     :    56.9877  43.3536  49.9685  52.6487  64.4531  52.1921  35.0362 
>
iteration       : 89
climbing        : no
zoom on         : no
nim             : 9
barrier         :   0.12017967 (image:  3) 
distance        :   0.00000000    9.21443981   12.13126023   14.43850142   16.75099802   19.37198371   22.44061925   26.68902952   36.24563528 
energy          : -2464.54814530  -2464.51150971  -2464.45175330  -2464.42796563  -2464.44064932  -2464.45508935  -2464.47859536  -2464.51170709  -2464.52720638 
max(|Fr_perp|)   :   0.00000000    0.00072470    0.00133003    0.00055538    0.00135817    0.00210024    0.00099290    0.00052536    0.00000000 
Fr_paral         :   0.00000000   -0.01255737   -0.03469407    0.00511684    0.00508972    0.00865344    0.01696951    0.00388847    0.00000000 
max(|Fsp_paral|) :   0.00000000    0.00101749    0.00084709    0.00014064    0.00017248    0.00028943    0.00082687    0.00002820    0.00000000 
max(|Fsp_perp|)  :   0.00000000    0.00000000    0.00000000    0.00000000    0.00000000    0.00000000    0.00000000    0.00000000    0.00000000 
max(|FNEB|)      :   0.00000000    0.00121905    0.00173013    0.00055006    0.00140316    0.00202421    0.00111865    0.00052008    0.00000000 
max(|Force|)     :   0.00011723    0.00253090    0.01535751    0.00150812    0.00195726    0.00548282    0.00896841    0.00099363    0.00009120 
ksp              :   0.02423508    0.07842731    0.10000000    0.10000000    0.08849735    0.07540189    0.05408463    0.02405608 
max(|step|)      :   0.00000000    0.01359589    0.02296712    0.01008955    0.02185192    0.03114275    0.01740202    0.01097633    0.00033975 
angle (deg.)     :    56.8384  42.1489  49.7618  52.9453  65.7398  51.8696  35.4090 
>
iteration       : 90
climbing        : no
zoom on         : no
nim             : 9
barrier         :   0.12007296 (image:  3) 
distance        :   0.00000000    9.23116051   12.11267539   14.41359381   16.73468551   19.35044374   22.45433579   26.69356598   36.28094447 
energy          : -2464.54814530  -2464.51106442  -2464.45110387  -2464.42807234  -2464.44077392  -2464.45570046  -2464.47827492  -2464.51166278  -2464.52720638 
max(|Fr_perp|)   :   0.00000000    0.00597724    0.00413975    0.00341750    0.00332675    0.00214319    0.00251835    0.00064182    0.00000000 
Fr_paral         :   0.00000000   -0.01278284   -0.03523140    0.00516167    0.00513921    0.00876496    0.01668219    0.00393069    0.00000000 
max(|Fsp_paral|) :   0.00000000    0.00005735    0.00093078    0.00053833    0.00017187    0.00057793    0.00093267    0.00010696    0.00000000 
max(|Fsp_perp|)  :   0.00000000    0.00000000    0.00000000    0.00000000    0.00000000    0.00000000    0.00000000    0.00000000    0.00000000 
max(|FNEB|)      :   0.00000000    0.00596271    0.00418963    0.00333171    0.00332514    0.00227123    0.00256259    0.00064452    0.00000000 
max(|Force|)     :   0.00011723    0.00657750    0.01593064    0.00319800    0.00371028    0.00577397    0.00893840    0.00114866    0.00009120 
ksp              :   0.02465467    0.07909055    0.10000000    0.10000000    0.08846873    0.07491749    0.05442300    0.02411144 
max(|step|)      :   0.00000000    0.01079897    0.02222625    0.01128543    0.02054792    0.03516725    0.01848795    0.01188131    0.00041639 
angle (deg.)     :    56.7918  41.1771  49.5631  53.3538  67.4634  51.4815  35.8621 
>
iteration       : 91
climbing        : no
zoom on         : no
nim             : 9
barrier         :   0.11989845 (image:  3) 
distance        :   0.00000000    9.24272705   12.10512715   14.40479115   16.72804382   19.34883848   22.49380246   26.72701377   36.34662848 
energy          : -2464.54814530  -2464.51076760  -2464.45011742  -2464.42824685  -2464.44085453  -2464.45647256  -2464.47787912  -2464.51162896  -2464.52720638 
max(|Fr_perp|)   :   0.00000000    0.00212625    0.01302648    0.00391086    0.00414768    0.00289139    0.00139818    0.00070825    0.00000000 
Fr_paral         :   0.00000000   -0.01304858   -0.03544201    0.00520409    0.00500676    0.00891800    0.01655426    0.00394621    0.00000000 
max(|Fsp_paral|) :   0.00000000    0.00024000    0.00027711    0.00062961    0.00007372    0.00090397    0.00077442    0.00005679    0.00000000 
max(|Fsp_perp|)  :   0.00000000    0.00000000    0.00000000    0.00000000    0.00000000    0.00000000    0.00000000    0.00000000    0.00000000 
max(|FNEB|)      :   0.00000000    0.00204845    0.01304558    0.00402641    0.00416615    0.00278013    0.00143726    0.00070968    0.00000000 
max(|Force|)     :   0.00011723    0.00269325    0.01630062    0.00416579    0.00397517    0.00596744    0.00902751    0.00127849    0.00009120 
ksp              :   0.02495045    0.08010954    0.10000000    0.10000000    0.08853379    0.07432977    0.05486130    0.02416708 
max(|step|)      :   0.00000000    0.02270892    0.04555893    0.02588245    0.04438730    0.08180423    0.04307079    0.02669535    0.00119195 
angle (deg.)     :    56.7873  39.7750  49.3595  54.7186  71.8412  50.6476  36.9394 
>
iteration       : 92
climbing        : no
zoom on         : no
nim             : 9
barrier         :   0.11949252 (image:  3) 
distance        :   0.00000000    9.26927691   12.09738881   14.40552233   16.73545961   19.38597502   22.63379826   26.85865570   36.54985961 
energy          : -2464.54814530  -2464.50998226  -2464.44810430  -2464.42865278  -2464.44090450  -2464.45845149  -2464.47689654  -2464.51156303  -2464.52720638 
max(|Fr_perp|)   :   0.00000000    0.00510763    0.00281164    0.00224421    0.00445520    0.00449005    0.00134397    0.00063331    0.00000000 
Fr_paral         :   0.00000000   -0.01342477   -0.03518206    0.00539714    0.00447083    0.00939752    0.01624926    0.00398157    0.00000000 
max(|Fsp_paral|) :   0.00000000    0.00109655    0.00071843    0.00058087    0.00060797    0.00053589    0.00002411    0.00024229    0.00000000 
max(|Fsp_perp|)  :   0.00000000    0.00000000    0.00000000    0.00000000    0.00000000    0.00000000    0.00000000    0.00000000    0.00000000 
max(|FNEB|)      :   0.00000000    0.00535361    0.00353007    0.00234744    0.00429122    0.00445291    0.00134961    0.00071598    0.00000000 
max(|Force|)     :   0.00011723    0.00566576    0.01716260    0.00249972    0.00415010    0.00635317    0.00833022    0.00133456    0.00009120 
ksp              :   0.02572921    0.08223671    0.10000000    0.10000000    0.08881162    0.07278756    0.05594338    0.02428564 
max(|step|)      :   0.00000000    0.01917375    0.02811651    0.02347552    0.03395467    0.08097079    0.04128773    0.02571073    0.00104726 
angle (deg.)     :    56.8998  39.3306  49.4387  56.3678  76.4020  49.8661  37.9423 
>
iteration       : 93
climbing        : no
zoom on         : no
nim             : 9
barrier         :   0.11909555 (image:  3) 
distance        :   0.00000000    9.28369096   12.10298481   14.43724456   16.78310291   19.47124337   22.83632966   27.05122379   36.80962325 
energy          : -2464.54814530  -2464.50959000  -2464.44672579  -2464.42904976  -2464.44105288  -2464.46087621  -2464.47607731  -2464.51151327  -2464.52720638 
max(|Fr_perp|)   :   0.00000000    0.00700987    0.00962050    0.00271201    0.00287288    0.00517699    0.00156167    0.00066197    0.00000000 
Fr_paral         :   0.00000000   -0.01358433   -0.03471869    0.00554343    0.00406379    0.01054443    0.01615126    0.00401222    0.00000000 
max(|Fsp_paral|) :   0.00000000    0.00122129    0.00113146    0.00031032    0.00119259    0.00050017    0.00070406    0.00043290    0.00000000 
max(|Fsp_perp|)  :   0.00000000    0.00000000    0.00000000    0.00000000    0.00000000    0.00000000    0.00000000    0.00000000    0.00000000 
max(|FNEB|)      :   0.00000000    0.00674581    0.00951915    0.00266408    0.00351125    0.00518276    0.00139306    0.00094169    0.00000000 
max(|Force|)     :   0.00011723    0.00646266    0.01706962    0.00275609    0.00343157    0.00658058    0.00712063    0.00119282    0.00009120 
ksp              :   0.02615249    0.08379280    0.10000000    0.10000000    0.08899431    0.07081826    0.05688034    0.02438904 
max(|step|)      :   0.00000000    0.02230451    0.02342913    0.02642754    0.03698949    0.10000000    0.04811296    0.02999048    0.00105022 
angle (deg.)     :    57.0568  39.1687  49.6643  58.4925  81.8286  48.9853  39.1023 
>
iteration       : 94
climbing        : no
zoom on         : no
nim             : 9
barrier         :   0.11866029 (image:  3) 
distance        :   0.00000000    9.29760755   12.11560783   14.48559583   16.85704033   19.60357345   23.12080041   27.32560073   37.16007923 
energy          : -2464.54814530  -2464.50918058  -2464.44571697  -2464.42948501  -2464.44120846  -2464.46414821  -2464.47520607  -2464.51146645  -2464.52720638 
max(|Fr_perp|)   :   0.00000000    0.01327530    0.00695263    0.00351983    0.00374004    0.00426907    0.00185789    0.00083780    0.00000000 
Fr_paral         :   0.00000000   -0.01358489   -0.03418444    0.00565249    0.00359152    0.01187844    0.01600271    0.00403123    0.00000000 
max(|Fsp_paral|) :   0.00000000    0.00144938    0.00108161    0.00004249    0.00203784    0.00304753    0.00190302    0.00063587    0.00000000 
max(|Fsp_perp|)  :   0.00000000    0.00000000    0.00000000    0.00000000    0.00000000    0.00000000    0.00000000    0.00000000    0.00000000 
max(|FNEB|)      :   0.00000000    0.01339533    0.00703363    0.00360841    0.00477062    0.00411042    0.00222291    0.00125288    0.00000000 
max(|Force|)     :   0.00011723    0.01315695    0.01685877    0.00347677    0.00421421    0.00705671    0.00654277    0.00108852    0.00009120 
ksp              :   0.02661407    0.08505808    0.10000000    0.10000000    0.08920643    0.06807700    0.05789301    0.02449586 
max(|step|)      :   0.00000000    0.02400362    0.01260384    0.00646605    0.00854866    0.00736562    0.00398333    0.00224508    0.00000000 
angle (deg.)     :    57.0667  39.1802  49.7165  58.6459  81.9577  48.9463  39.0680 
>
iteration       : 95
climbing        : no
zoom on         : no
nim             : 9
barrier         :   0.11862551 (image:  3) 
distance        :   0.00000000    9.29003686   12.11883367   14.49371822   16.87893763   19.60537085   23.14123108   27.33589781   37.17456089 
energy          : -2464.54814530  -2464.50937112  -2464.44627490  -2464.42951980  -2464.44155241  -2464.46433949  -2464.47539194  -2464.51146560  -2464.52720638 
max(|Fr_perp|)   :   0.00000000    0.01543416    0.00637187    0.00326253    0.00319354    0.00363356    0.00185249    0.00062115    0.00000000 
Fr_paral         :   0.00000000   -0.01344058   -0.03429701    0.00567747    0.00387363    0.01224076    0.01574503    0.00402753    0.00000000 
max(|Fsp_paral|) :   0.00000000    0.00118526    0.00069466    0.00027800    0.00101300    0.00125173    0.00097538    0.00028325    0.00000000 
max(|Fsp_perp|)  :   0.00000000    0.00000000    0.00000000    0.00000000    0.00000000    0.00000000    0.00000000    0.00000000    0.00000000 
max(|FNEB|)      :   0.00000000    0.01566699    0.00627318    0.00330805    0.00371253    0.00362254    0.00178232    0.00074678    0.00000000 
max(|Force|)     :   0.00011723    0.01592770    0.01704042    0.00351257    0.00370947    0.00740934    0.00732064    0.00118179    0.00009120 
ksp              :   0.02643187    0.08456330    0.10000000    0.10000000    0.08891418    0.06792014    0.05773736    0.02450220 
max(|step|)      :   0.00000000    0.00525730    0.00762290    0.00221352    0.00791932    0.00713074    0.00317302    0.00151589    0.00007420 
angle (deg.)     :    57.0774  39.2292  49.7770  58.7853  82.1340  48.8855  39.0460 
>
iteration       : 96
climbing        : no
zoom on         : no
nim             : 9
barrier         :   0.11859440 (image:  3) 
distance        :   0.00000000    9.28271301   12.12242685   14.50245116   16.89748225   19.60894179   23.16216133   27.34861652   37.19057846 
energy          : -2464.54814530  -2464.50968471  -2464.44680440  -2464.42955091  -2464.44180766  -2464.46452768  -2464.47554525  -2464.51146647  -2464.52720638 
max(|Fr_perp|)   :   0.00000000    0.01209109    0.00534364    0.00357286    0.00274592    0.00338516    0.00193676    0.00062470    0.00000000 
Fr_paral         :   0.00000000   -0.01332891   -0.03454165    0.00565245    0.00409674    0.01262441    0.01575893    0.00402858    0.00000000 
max(|Fsp_paral|) :   0.00000000    0.00072927    0.00033033    0.00040384    0.00026322    0.00014815    0.00019294    0.00000006    0.00000000 
max(|Fsp_perp|)  :   0.00000000    0.00000000    0.00000000    0.00000000    0.00000000    0.00000000    0.00000000    0.00000000    0.00000000 
max(|FNEB|)      :   0.00000000    0.01224006    0.00529803    0.00363929    0.00282041    0.00338648    0.00192282    0.00062468    0.00000000 
max(|Force|)     :   0.00011723    0.01259920    0.01693016    0.00382310    0.00324004    0.00765907    0.00746327    0.00117909    0.00009120 
ksp              :   0.02614810    0.08409906    0.10000000    0.10000000    0.08870408    0.06776515    0.05761127    0.02450601 
max(|step|)      :   0.00000000    0.03253351    0.05180873    0.01980164    0.04895997    0.05472704    0.02358076    0.01030583    0.00055721 
angle (deg.)     :    57.1688  40.5927  50.4928  59.6121  84.4084  48.2408  39.1137 
>
iteration       : 97
climbing        : no
zoom on         : no
nim             : 9
barrier         :   0.11845967 (image:  3) 
distance        :   0.00000000    9.24642496   12.15710879   14.57809593   16.99257285   19.67326613   23.33989280   27.50221096   37.35470157 
energy          : -2464.54814530  -2464.51078155  -2464.44930245  -2464.42968564  -2464.44233640  -2464.46598788  -2464.47609317  -2464.51152919  -2464.52720638 
max(|Fr_perp|)   :   0.00000000    0.01019958    0.00477071    0.00861135    0.00724562    0.00445208    0.00454808    0.00127173    0.00000000 
Fr_paral         :   0.00000000   -0.01260225   -0.03501906    0.00545334    0.00472643    0.01418426    0.01678162    0.00399070    0.00000000 
max(|Fsp_paral|) :   0.00000000    0.00106137    0.00156825    0.00017481    0.00120369    0.00396835    0.00277934    0.00079050    0.00000000 
max(|Fsp_perp|)  :   0.00000000    0.00000000    0.00000000    0.00000000    0.00000000    0.00000000    0.00000000    0.00000000    0.00000000 
max(|FNEB|)      :   0.00000000    0.00994243    0.00471514    0.00864268    0.00752793    0.00484978    0.00468728    0.00165382    0.00000000 
max(|Force|)     :   0.00011723    0.01076313    0.01582942    0.00834888    0.00696026    0.00886649    0.00776968    0.00183634    0.00009120 
ksp              :   0.02515815    0.08189602    0.10000000    0.10000000    0.08832485    0.06649736    0.05717139    0.02446817 
max(|step|)      :   0.00000000    0.03325713    0.03139191    0.02186486    0.02440051    0.03885328    0.02064980    0.00677082    0.00023224 
angle (deg.)     :    57.2489  42.3444  51.1868  60.3569  86.6551  47.7566  39.3524 
>
iteration       : 98
climbing        : no
zoom on         : no
nim             : 9
barrier         :   0.11866752 (image:  3) 
distance        :   0.00000000    9.23555116   12.18902027   14.62649867   17.04247771   19.74872099   23.48543161   27.66142410   37.51294822 
energy          : -2464.54814530  -2464.51042432  -2464.44958939  -2464.42947778  -2464.44204907  -2464.46718925  -2464.47598459  -2464.51161928  -2464.52720638 
max(|Fr_perp|)   :   0.00000000    0.02761816    0.01222281    0.01632622    0.01386046    0.00536451    0.00702019    0.00177326    0.00000000 
Fr_paral         :   0.00000000   -0.01225704   -0.03455155    0.00548845    0.00454060    0.01426125    0.01593915    0.00390952    0.00000000 
max(|Fsp_paral|) :   0.00000000    0.00105161    0.00133360    0.00058103    0.00058839    0.00259662    0.00241697    0.00030496    0.00000000 
max(|Fsp_perp|)  :   0.00000000    0.00000000    0.00000000    0.00000000    0.00000000    0.00000000    0.00000000    0.00000000    0.00000000 
max(|FNEB|)      :   0.00000000    0.02792280    0.01229290    0.01622895    0.01372021    0.00495601    0.00720593    0.00180553    0.00000000 
max(|Force|)     :   0.00011723    0.02694599    0.01496348    0.01657452    0.01413686    0.00936864    0.00935620    0.00213038    0.00009120 
ksp              :   0.02545489    0.08147886    0.10000000    0.10000000    0.08842287    0.06527084    0.05717106    0.02435444 
max(|step|)      :   0.00000000    0.01912514    0.01165884    0.01269884    0.01123765    0.01271465    0.00639701    0.00232784    0.00005223 
angle (deg.)     :    57.1777  41.6419  50.8959  60.0000  86.0449  47.8334  39.3232 
>
iteration       : 99
climbing        : no
zoom on         : no
nim             : 9
barrier         :   0.11824004 (image:  3) 
distance        :   0.00000000    9.24312237   12.17678538   14.60226151   17.01209259   19.71908193   23.42907230   27.60807872   37.45787079 
energy          : -2464.54814530  -2464.51097809  -2464.44955758  -2464.42990526  -2464.44247417  -2464.46705983  -2464.47601592  -2464.51161806  -2464.52720638 
max(|Fr_perp|)   :   0.00000000    0.00492046    0.00270310    0.00170724    0.00250798    0.00293018    0.00109154    0.00064245    0.00000000 
Fr_paral         :   0.00000000   -0.01266135   -0.03482585    0.00549351    0.00471077    0.01429018    0.01642239    0.00394590    0.00000000 
max(|Fsp_paral|) :   0.00000000    0.00165923    0.00107075    0.00042347    0.00044973    0.00241045    0.00180642    0.00021989    0.00000000 
max(|Fsp_perp|)  :   0.00000000    0.00000000    0.00000000    0.00000000    0.00000000    0.00000000    0.00000000    0.00000000    0.00000000 
max(|FNEB|)      :   0.00000000    0.00536400    0.00275903    0.00174146    0.00244779    0.00351367    0.00183412    0.00060222    0.00000000 
max(|Force|)     :   0.00011723    0.00486770    0.01530579    0.00193325    0.00266955    0.00901178    0.00770573    0.00109627    0.00009120 
ksp              :   0.02501058    0.08182232    0.10000000    0.10000000    0.08837422    0.06563337    0.05734931    0.02441863 
max(|step|)      :   0.00000000    0.00408945    0.00357295    0.00231910    0.00482003    0.00774303    0.00444625    0.00128848    0.00009291 
angle (deg.)     :    57.1109  41.6845  50.8995  59.9740  86.3717  47.7214  39.4003 
>
iteration       : 100
climbing        : no
zoom on         : no
nim             : 9
barrier         :   0.11823121 (image:  3) 
distance        :   0.00000000    9.25058911   12.17502142   14.59382323   16.99796983   19.71927199   23.43079365   27.61955109   37.46729190 
energy          : -2464.54814530  -2464.51082724  -2464.44940869  -2464.42991410  -2464.44254039  -2464.46738198  -2464.47589582  -2464.51164287  -2464.52720638 
max(|Fr_perp|)   :   0.00000000    0.00091025    0.00161092    0.00065911    0.00159552    0.00260731    0.00107043    0.00060169    0.00000000 
Fr_paral         :   0.00000000   -0.01280379   -0.03477602    0.00550565    0.00473626    0.01425138    0.01650510    0.00394480    0.00000000 
max(|Fsp_paral|) :   0.00000000    0.00131816    0.00092867    0.00039836    0.00001769    0.00122402    0.00084970    0.00011609    0.00000000 
max(|Fsp_perp|)  :   0.00000000    0.00000000    0.00000000    0.00000000    0.00000000    0.00000000    0.00000000    0.00000000    0.00000000 
max(|FNEB|)      :   0.00000000    0.00160866    0.00158141    0.00074296    0.00159301    0.00307601    0.00127213    0.00065075    0.00000000 
max(|Force|)     :   0.00011723    0.00263684    0.01527168    0.00173339    0.00182840    0.00881204    0.00735779    0.00106042    0.00009120 
ksp              :   0.02515149    0.08196657    0.10000000    0.10000000    0.08832008    0.06534042    0.05746471    0.02439699 
max(|step|)      :   0.00000000    0.00956356    0.01694748    0.00863438    0.01290144    0.03719248    0.01752666    0.00621247    0.00035195 
angle (deg.)     :    56.9638  42.6036  51.2758  60.5189  88.2993  47.2540  39.6848 
>
iteration       : 101
climbing        : no
zoom on         : no
nim             : 9
barrier         :   0.11821684 (image:  3) 
distance        :   0.00000000    9.26859310   12.18434627   14.58831838   16.98839436   19.75282002   23.51348247   27.72572352   37.57299829 
energy          : -2464.54814530  -2464.51036953  -2464.44903998  -2464.42992847  -2464.44259128  -2464.46877727  -2464.47560903  -2464.51172559  -2464.52720638 
max(|Fr_perp|)   :   0.00000000    0.00546266    0.00191995    0.00403787    0.00306586    0.00268207    0.00107112    0.00056174    0.00000000 
Fr_paral         :   0.00000000   -0.01304641   -0.03434321    0.00555196    0.00467643    0.01426916    0.01646105    0.00393299    0.00000000 
max(|Fsp_paral|) :   0.00000000    0.00056016    0.00016270    0.00010733    0.00103191    0.00179252    0.00107295    0.00096106    0.00000000 
max(|Fsp_perp|)  :   0.00000000    0.00000000    0.00000000    0.00000000    0.00000000    0.00000000    0.00000000    0.00000000    0.00000000 
max(|FNEB|)      :   0.00000000    0.00531199    0.00191338    0.00405654    0.00282650    0.00278404    0.00138169    0.00099242    0.00000000 
max(|Force|)     :   0.00011723    0.00612777    0.01474079    0.00377192    0.00285623    0.00839717    0.00739232    0.00117813    0.00009120 
ksp              :   0.02557719    0.08231833    0.10000000    0.10000000    0.08828456    0.06405770    0.05773706    0.02432258 
max(|step|)      :   0.00000000    0.01150004    0.01994921    0.01230083    0.01394374    0.04773604    0.02178382    0.01023158    0.00036201 
angle (deg.)     :    56.8104  43.8033  51.8414  61.8534  90.6991  46.7808  39.9303 
>
iteration       : 102
climbing        : no
zoom on         : no
nim             : 9
barrier         :   0.11815813 (image:  3) 
distance        :   0.00000000    9.28745371   12.19413493   14.59080823   17.00652658   19.79663885   23.65062291   27.86510051   37.72607867 
energy          : -2464.54814530  -2464.50991119  -2464.44867348  -2464.42998718  -2464.44269148  -2464.47028910  -2464.47547678  -2464.51176788  -2464.52720638 
max(|Fr_perp|)   :   0.00000000    0.00378209    0.00593655    0.00428470    0.00163297    0.00350310    0.00419709    0.00062158    0.00000000 
Fr_paral         :   0.00000000   -0.01329198   -0.03365946    0.00561163    0.00456692    0.01459876    0.01663062    0.00396723    0.00000000 
max(|Fsp_paral|) :   0.00000000    0.00022800    0.00031319    0.00053176    0.00116698    0.00262381    0.00108635    0.00116044    0.00000000 
max(|Fsp_perp|)  :   0.00000000    0.00000000    0.00000000    0.00000000    0.00000000    0.00000000    0.00000000    0.00000000    0.00000000 
max(|FNEB|)      :   0.00000000    0.00384782    0.00594582    0.00420020    0.00192436    0.00396483    0.00433353    0.00110018    0.00000000 
max(|Force|)     :   0.00011723    0.00451707    0.01392499    0.00411896    0.00191913    0.00822761    0.00716276    0.00130328    0.00009120 
ksp              :   0.02601090    0.08270128    0.10000000    0.10000000    0.08823908    0.06269077    0.05788831    0.02429208 
max(|step|)      :   0.00000000    0.02275154    0.03571126    0.02757198    0.02724301    0.10000000    0.04569895    0.02327360    0.00084032 
angle (deg.)     :    56.5982  46.2600  53.0538  65.1291  95.6651  45.9402  40.4186 
>
iteration       : 103
climbing        : no
zoom on         : no
nim             : 9
barrier         :   0.11811514 (image:  3) 
distance        :   0.00000000    9.32003354   12.21626700   14.61831523   17.07136324   19.91756706   23.98198548   28.19116306   38.09028383 
energy          : -2464.54814530  -2464.50903647  -2464.44797538  -2464.43003016  -2464.44259053  -2464.47315938  -2464.47524720  -2464.51181353  -2464.52720638 
max(|Fr_perp|)   :   0.00000000    0.00841983    0.00833413    0.00918564    0.00498204    0.00510433    0.00567691    0.00088070    0.00000000 
Fr_paral         :   0.00000000   -0.01335383   -0.03228116    0.00570545    0.00413754    0.01454959    0.01581418    0.00399147    0.00000000 
max(|Fsp_paral|) :   0.00000000    0.00168119    0.00056561    0.00144549    0.00152277    0.00426247    0.00024792    0.00120607    0.00000000 
max(|Fsp_perp|)  :   0.00000000    0.00000000    0.00000000    0.00000000    0.00000000    0.00000000    0.00000000    0.00000000    0.00000000 
max(|FNEB|)      :   0.00000000    0.00914476    0.00851281    0.00914996    0.00485712    0.00458699    0.00579923    0.00118003    0.00000000 
max(|Force|)     :   0.00011723    0.00940553    0.01231083    0.00912030    0.00486413    0.00843297    0.00907616    0.00168276    0.00009120 
ksp              :   0.02683412    0.08338078    0.10000000    0.10000000    0.08836388    0.06005112    0.05812007    0.02425437 
max(|step|)      :   0.00000000    0.01257229    0.01170348    0.01257944    0.00667761    0.00630623    0.00797282    0.00162232    0.00000000 
angle (deg.)     :    56.6315  45.9692  52.9569  65.3450  95.6449  45.8813  40.4022 
>
iteration       : 104
climbing        : no
zoom on         : no
nim             : 9
barrier         :   0.11792512 (image:  3) 
distance        :   0.00000000    9.31325822   12.21575952   14.62558724   17.08071109   19.91225530   23.98129937   28.18375342   38.08810197 
energy          : -2464.54814530  -2464.50927698  -2464.44822129  -2464.43022019  -2464.44275903  -2464.47314366  -2464.47532834  -2464.51179897  -2464.52720638 
max(|Fr_perp|)   :   0.00000000    0.00528186    0.00547496    0.00339759    0.00225637    0.00245116    0.00229710    0.00079813    0.00000000 
Fr_paral         :   0.00000000   -0.01341297   -0.03238903    0.00569739    0.00422255    0.01495229    0.01638461    0.00400374    0.00000000 
max(|Fsp_paral|) :   0.00000000    0.00123465    0.00034500    0.00128171    0.00116052    0.00309863    0.00022147    0.00097870    0.00000000 
max(|Fsp_perp|)  :   0.00000000    0.00000000    0.00000000    0.00000000    0.00000000    0.00000000    0.00000000    0.00000000    0.00000000 
max(|FNEB|)      :   0.00000000    0.00488958    0.00548059    0.00350055    0.00267554    0.00320928    0.00226645    0.00101685    0.00000000 
max(|Force|)     :   0.00011723    0.00462680    0.01257312    0.00360052    0.00263335    0.00850177    0.00779330    0.00158933    0.00009120 
ksp              :   0.02663789    0.08329557    0.10000000    0.10000000    0.08836436    0.06016843    0.05814112    0.02429757 
max(|step|)      :   0.00000000    0.00223213    0.00304668    0.00194028    0.00290010    0.00447811    0.00206077    0.00133961    0.00004260 
angle (deg.)     :    56.6570  45.7073  52.8758  65.5177  95.6387  45.8428  40.3956 
>
iteration       : 105
climbing        : no
zoom on         : no
nim             : 9
barrier         :   0.11787142 (image:  3) 
distance        :   0.00000000    9.30826942   12.21514025   14.63145329   17.08767375   19.90828811   23.98085235   28.17920691   38.08785828 
energy          : -2464.54814530  -2464.50943413  -2464.44836993  -2464.43027388  -2464.44286123  -2464.47312688  -2464.47535148  -2464.51178731  -2464.52720638 
max(|Fr_perp|)   :   0.00000000    0.00303489    0.00349146    0.00332453    0.00182072    0.00232909    0.00211031    0.00069432    0.00000000 
Fr_paral         :   0.00000000   -0.01336756   -0.03258569    0.00566735    0.00429285    0.01515276    0.01643525    0.00399872    0.00000000 
max(|Fsp_paral|) :   0.00000000    0.00094291    0.00009452    0.00112669    0.00085987    0.00223616    0.00049386    0.00084362    0.00000000 
max(|Fsp_perp|)  :   0.00000000    0.00000000    0.00000000    0.00000000    0.00000000    0.00000000    0.00000000    0.00000000    0.00000000 
max(|FNEB|)      :   0.00000000    0.00274274    0.00349320    0.00333361    0.00203263    0.00233166    0.00204216    0.00091861    0.00000000 
max(|Force|)     :   0.00011723    0.00298519    0.01269793    0.00341429    0.00208254    0.00863712    0.00767155    0.00153253    0.00009120 
ksp              :   0.02650120    0.08319816    0.10000000    0.10000000    0.08831288    0.06021180    0.05814630    0.02431632 
max(|step|)      :   0.00000000    0.01905574    0.02447452    0.01769131    0.02515936    0.03101710    0.02020065    0.01200896    0.00043518 
angle (deg.)     :    56.8666  43.4441  52.2028  67.1010  95.8873  45.4652  40.4141 
>
iteration       : 106
climbing        : no
zoom on         : no
nim             : 9
barrier         :   0.11758320 (image:  3) 
distance        :   0.00000000    9.27149933   12.21031738   14.67769566   17.13437013   19.88209728   23.98557208   28.15945990   38.10532003 
energy          : -2464.54814530  -2464.51037352  -2464.44908330  -2464.43056210  -2464.44332569  -2464.47296883  -2464.47531956  -2464.51168541  -2464.52720638 
max(|Fr_perp|)   :   0.00000000    0.00668003    0.00568746    0.00785881    0.00429286    0.00222725    0.00362898    0.00056118    0.00000000 
Fr_paral         :   0.00000000   -0.01276890   -0.03396332    0.00555219    0.00459900    0.01610806    0.01638138    0.00395686    0.00000000 
max(|Fsp_paral|) :   0.00000000    0.00098875    0.00152044    0.00029599    0.00088870    0.00356866    0.00220486    0.00005428    0.00000000 
max(|Fsp_perp|)  :   0.00000000    0.00000000    0.00000000    0.00000000    0.00000000    0.00000000    0.00000000    0.00000000    0.00000000 
max(|FNEB|)      :   0.00000000    0.00697965    0.00575383    0.00791064    0.00450618    0.00388596    0.00379799    0.00058495    0.00000000 
max(|Force|)     :   0.00011723    0.00643504    0.01448048    0.00759000    0.00401687    0.00961435    0.00760286    0.00097508    0.00009120 
ksp              :   0.02567560    0.08275213    0.10000000    0.10000000    0.08811391    0.06050873    0.05831961    0.02445390 
max(|step|)      :   0.00000000    0.01754668    0.02008474    0.01495159    0.01248338    0.01853572    0.01163878    0.00609460    0.00020072 
angle (deg.)     :    56.9154  42.4148  51.9048  67.8083  96.4006  45.1451  40.5280 
>
iteration       : 107
climbing        : no
zoom on         : no
nim             : 9
barrier         :   0.11744958 (image:  3) 
distance        :   0.00000000    9.26553629   12.20773531   14.68253612   17.13055662   19.87686082   23.99254237   28.17058609   38.13317541 
energy          : -2464.54814530  -2464.51038722  -2464.44885538  -2464.43069572  -2464.44336340  -2464.47329909  -2464.47504923  -2464.51165523  -2464.52720638 
max(|Fr_perp|)   :   0.00000000    0.01470628    0.01069006    0.00803880    0.00473327    0.00282736    0.00369995    0.00057877    0.00000000 
Fr_paral         :   0.00000000   -0.01262943   -0.03466980    0.00559720    0.00457377    0.01647110    0.01679882    0.00398995    0.00000000 
max(|Fsp_paral|) :   0.00000000    0.00122355    0.00130811    0.00073757    0.00065646    0.00338119    0.00138254    0.00023720    0.00000000 
max(|Fsp_perp|)  :   0.00000000    0.00000000    0.00000000    0.00000000    0.00000000    0.00000000    0.00000000    0.00000000    0.00000000 
max(|FNEB|)      :   0.00000000    0.01441504    0.01074769    0.00784847    0.00498469    0.00334505    0.00359832    0.00068229    0.00000000 
max(|Force|)     :   0.00011723    0.01527973    0.01495815    0.00843660    0.00429334    0.00945641    0.00709201    0.00117988    0.00009120 
ksp              :   0.02568453    0.08306540    0.10000000    0.10000000    0.08818689    0.06027068    0.05863860    0.02450206 
max(|step|)      :   0.00000000    0.00778283    0.00714700    0.00426258    0.00314700    0.00457204    0.00263291    0.00115369    0.00007698 
angle (deg.)     :    56.8725  42.6031  51.9560  67.6359  96.4228  45.1706  40.5333 
>
iteration       : 108
climbing        : no
zoom on         : no
nim             : 9
barrier         :   0.11738052 (image:  3) 
distance        :   0.00000000    9.27067735   12.20748099   14.67410031   17.12221860   19.87791742   23.99127610   28.17267121   38.13228976 
energy          : -2464.54814530  -2464.51044058  -2464.44888043  -2464.43076478  -2464.44340072  -2464.47341645  -2464.47505925  -2464.51166736  -2464.52720638 
max(|Fr_perp|)   :   0.00000000    0.00542283    0.00353646    0.00287598    0.00189691    0.00158583    0.00113375    0.00055601    0.00000000 
Fr_paral         :   0.00000000   -0.01288788   -0.03451542    0.00557394    0.00461187    0.01634043    0.01661206    0.00398443    0.00000000 
max(|Fsp_paral|) :   0.00000000    0.00119937    0.00111832    0.00051039    0.00043580    0.00261572    0.00104501    0.00033999    0.00000000 
max(|Fsp_perp|)  :   0.00000000    0.00000000    0.00000000    0.00000000    0.00000000    0.00000000    0.00000000    0.00000000    0.00000000 
max(|FNEB|)      :   0.00000000    0.00510542    0.00358224    0.00274887    0.00205901    0.00256191    0.00151304    0.00070432    0.00000000 
max(|Force|)     :   0.00011723    0.00607462    0.01492751    0.00325895    0.00163164    0.00936559    0.00703149    0.00113353    0.00009120 
ksp              :   0.02564596    0.08309434    0.10000000    0.10000000    0.08820805    0.06019715    0.05866408    0.02450112 
max(|step|)      :   0.00000000    0.00559343    0.00628008    0.00350434    0.00521840    0.00954761    0.00613514    0.00266453    0.00017733 
angle (deg.)     :    56.8185  42.3964  51.8977  67.7891  96.7775  45.0505  40.6015 
>
iteration       : 109
climbing        : no
zoom on         : no
nim             : 9
barrier         :   0.11735599 (image:  3) 
distance        :   0.00000000    9.27804862   12.20516048   14.66134343   17.10643724   19.87775668   23.99645511   28.18442606   38.14946525 
energy          : -2464.54814530  -2464.51029662  -2464.44863116  -2464.43078931  -2464.44342423  -2464.47379087  -2464.47490973  -2464.51166686  -2464.52720638 
max(|Fr_perp|)   :   0.00000000    0.00159903    0.00094868    0.00065835    0.00098952    0.00155397    0.00069766    0.00052731    0.00000000 
Fr_paral         :   0.00000000   -0.01305060   -0.03455130    0.00559359    0.00462725    0.01625651    0.01640116    0.00400335    0.00000000 
max(|Fsp_paral|) :   0.00000000    0.00090331    0.00070318    0.00030689    0.00001565    0.00120988    0.00010238    0.00056744    0.00000000 
max(|Fsp_perp|)  :   0.00000000    0.00000000    0.00000000    0.00000000    0.00000000    0.00000000    0.00000000    0.00000000    0.00000000 
max(|FNEB|)      :   0.00000000    0.00185215    0.00112681    0.00071095    0.00100036    0.00186915    0.00071816    0.00076827    0.00000000 
max(|Force|)     :   0.00011723    0.00262187    0.01513637    0.00158535    0.00154202    0.00917454    0.00745632    0.00111302    0.00009120 
ksp              :   0.02578432    0.08334563    0.10000000    0.10000000    0.08820601    0.05986043    0.05881603    0.02450528 
max(|step|)      :   0.00000000    0.00960074    0.01768502    0.00789050    0.01489834    0.02787172    0.01348068    0.00916086    0.00052691 
angle (deg.)     :    56.7664  41.5745  51.6798  68.6598  97.7340  44.7146  40.7583 
>
iteration       : 110
climbing        : no
zoom on         : no
nim             : 9
barrier         :   0.11727922 (image:  3) 
distance        :   0.00000000    9.28810482   12.20081002   14.64460079   17.08531434   19.87940164   24.02329069   28.21788072   38.20612030 
energy          : -2464.54814530  -2464.51004152  -2464.44801399  -2464.43086608  -2464.44346977  -2464.47457372  -2464.47455904  -2464.51163269  -2464.52720638 
max(|Fr_perp|)   :   0.00000000    0.00609179    0.00483734    0.00369859    0.00182537    0.00139388    0.00196883    0.00056249    0.00000000 
Fr_paral         :   0.00000000   -0.01321681   -0.03479166    0.00565342    0.00460779    0.01625477    0.01613171    0.00405021    0.00000000 
max(|Fsp_paral|) :   0.00000000    0.00052922    0.00009749    0.00008551    0.00061414    0.00072710    0.00134648    0.00081805    0.00000000 
max(|Fsp_perp|)  :   0.00000000    0.00000000    0.00000000    0.00000000    0.00000000    0.00000000    0.00000000    0.00000000    0.00000000 
max(|FNEB|)      :   0.00000000    0.00624290    0.00484187    0.00371889    0.00204225    0.00143457    0.00201779    0.00084057    0.00000000 
max(|Force|)     :   0.00011723    0.00553598    0.01570926    0.00332571    0.00223506    0.00890739    0.00791018    0.00110318    0.00009120 
ksp              :   0.02603522    0.08398062    0.10000000    0.10000000    0.08822578    0.05918254    0.05918254    0.02454876 
max(|step|)      :   0.00000000    0.01146587    0.02147835    0.01142575    0.02053895    0.03789528    0.01796973    0.01449886    0.00065635 
angle (deg.)     :    56.7279  40.7937  51.5098  70.2735  99.0782  44.3827  40.8978 
>
iteration       : 111
climbing        : no
zoom on         : no
nim             : 9
barrier         :   0.11712534 (image:  3) 
distance        :   0.00000000    9.30080898   12.19616481   14.63291709   17.08035823   19.89169809   24.09008611   28.27532722   38.30329247 
energy          : -2464.54814530  -2464.50971572  -2464.44735857  -2464.43101997  -2464.44356312  -2464.47545846  -2464.47431452  -2464.51155598  -2464.52720638 
max(|Fr_perp|)   :   0.00000000    0.00931003    0.00257001    0.00298124    0.00187742    0.00178048    0.00190965    0.00059515    0.00000000 
Fr_paral         :   0.00000000   -0.01339625   -0.03493626    0.00570193    0.00454150    0.01620121    0.01597631    0.00411770    0.00000000 
max(|Fsp_paral|) :   0.00000000    0.00000932    0.00066529    0.00029832    0.00085690    0.00093462    0.00034792    0.00049772    0.00000000 
max(|Fsp_perp|)  :   0.00000000    0.00000000    0.00000000    0.00000000    0.00000000    0.00000000    0.00000000    0.00000000    0.00000000 
max(|FNEB|)      :   0.00000000    0.00931261    0.00250568    0.00291004    0.00217788    0.00173655    0.00193644    0.00068246    0.00000000 
max(|Force|)     :   0.00011723    0.00861256    0.01595045    0.00266544    0.00227936    0.00877383    0.00801882    0.00123762    0.00009120 
ksp              :   0.02636572    0.08471225    0.10000000    0.10000000    0.08826359    0.05949002    0.05949002    0.02464382 
max(|step|)      :   0.00000000    0.02459179    0.04797001    0.02983174    0.04918201    0.10000000    0.04493831    0.03649626    0.00145915 
angle (deg.)     :    56.7894  39.7546  51.3865  74.6807  102.9501  43.4911  41.3687 
>
iteration       : 112
climbing        : no
zoom on         : no
nim             : 9
barrier         :   0.11675929 (image:  3) 
distance        :   0.00000000    9.32759453   12.19602317   14.63579856   17.10728422   19.99850056   24.32836985   28.51037275   38.63704556 
energy          : -2464.54814530  -2464.50914448  -2464.44550853  -2464.43138601  -2464.44363163  -2464.47776854  -2464.47330382  -2464.51137032  -2464.52720638 
max(|Fr_perp|)   :   0.00000000    0.00495035    0.01115330    0.00578573    0.00216351    0.00255742    0.00152142    0.00064536    0.00000000 
Fr_paral         :   0.00000000   -0.01375123   -0.03427908    0.00584124    0.00414766    0.01498987    0.01586068    0.00425288    0.00000000 
max(|Fsp_paral|) :   0.00000000    0.00050543    0.00196675    0.00089617    0.00220607    0.00379260    0.00388160    0.00044514    0.00000000 
max(|Fsp_perp|)  :   0.00000000    0.00000000    0.00000000    0.00000000    0.00000000    0.00000000    0.00000000    0.00000000    0.00000000 
max(|FNEB|)      :   0.00000000    0.00526535    0.01172145    0.00578690    0.00306701    0.00378834    0.00406565    0.00072895    0.00000000 
max(|Force|)     :   0.00011723    0.00577127    0.01637254    0.00561370    0.00259673    0.00859379    0.00670956    0.00168051    0.00009120 
ksp              :   0.02696754    0.08675012    0.10000000    0.10000000    0.08849776    0.06062313    0.06062313    0.02487363 
max(|step|)      :   0.00000000    0.00897772    0.01998575    0.00986700    0.00522942    0.00645933    0.00693216    0.00124290    0.00000000 
angle (deg.)     :    56.7713  39.8678  51.4251  74.9742  103.3092  43.3817  41.4205 
>
iteration       : 113
climbing        : no
zoom on         : no
nim             : 9
barrier         :   0.11670986 (image:  3) 
distance        :   0.00000000    9.32514017   12.19306912   14.64603021   17.12753307   20.02561278   24.34728062   28.54020936   38.66986124 
energy          : -2464.54814530  -2464.50924075  -2464.44596591  -2464.43143545  -2464.44375346  -2464.47802713  -2464.47310579  -2464.51136938  -2464.52720638 
max(|Fr_perp|)   :   0.00000000    0.00534618    0.01347700    0.00567985    0.00211403    0.00263334    0.00122092    0.00062889    0.00000000 
Fr_paral         :   0.00000000   -0.01371829   -0.03469270    0.00579772    0.00419383    0.01486947    0.01594222    0.00425608    0.00000000 
max(|Fsp_paral|) :   0.00000000    0.00056979    0.00095365    0.00080479    0.00205233    0.00383946    0.00338907    0.00082519    0.00000000 
max(|Fsp_perp|)  :   0.00000000    0.00000000    0.00000000    0.00000000    0.00000000    0.00000000    0.00000000    0.00000000    0.00000000 
max(|FNEB|)      :   0.00000000    0.00521791    0.01340549    0.00588130    0.00294342    0.00378060    0.00350079    0.00091151    0.00000000 
max(|Force|)     :   0.00011723    0.00488533    0.01595283    0.00608906    0.00254291    0.00849734    0.00678631    0.00147934    0.00009120 
ksp              :   0.02688306    0.08634511    0.10000000    0.10000000    0.08842424    0.06084062    0.06084062    0.02488270 
max(|step|)      :   0.00000000    0.00236648    0.00549461    0.00199232    0.00463990    0.00594893    0.00591358    0.00131682    0.00003569 
angle (deg.)     :    56.7678  39.9638  51.4621  75.2397  103.6422  43.2992  41.4600 
>
iteration       : 114
climbing        : no
zoom on         : no
nim             : 9
barrier         :   0.11666208 (image:  3) 
distance        :   0.00000000    9.32278977   12.19262956   14.65536819   17.14585778   20.05075317   24.36618173   28.56748597   38.70081147 
energy          : -2464.54814530  -2464.50933801  -2464.44633913  -2464.43148322  -2464.44386016  -2464.47826031  -2464.47293099  -2464.51136271  -2464.52720638 
max(|Fr_perp|)   :   0.00000000    0.00434551    0.01113380    0.00478319    0.00182247    0.00262198    0.00120524    0.00061060    0.00000000 
Fr_paral         :   0.00000000   -0.01364370   -0.03473104    0.00576049    0.00423480    0.01470862    0.01595758    0.00425659    0.00000000 
max(|Fsp_paral|) :   0.00000000    0.00054925    0.00025602    0.00077963    0.00193092    0.00385343    0.00300730    0.00111990    0.00000000 
max(|Fsp_perp|)  :   0.00000000    0.00000000    0.00000000    0.00000000    0.00000000    0.00000000    0.00000000    0.00000000    0.00000000 
max(|FNEB|)      :   0.00000000    0.00421911    0.01111533    0.00497785    0.00265420    0.00383642    0.00328238    0.00104963    0.00000000 
max(|Force|)     :   0.00011723    0.00425169    0.01589081    0.00518727    0.00219566    0.00845946    0.00661492    0.00142639    0.00009120 
ksp              :   0.02680004    0.08603231    0.10000000    0.10000000    0.08836307    0.06103034    0.06103034    0.02489639 
max(|step|)      :   0.00000000    0.03725849    0.06517062    0.03232693    0.07148137    0.10000000    0.09082290    0.02613307    0.00104232 
angle (deg.)     :    57.0948  42.0070  52.2934  79.5324  108.9328  42.5486  41.9193 
>
iteration       : 115
climbing        : no
zoom on         : no
nim             : 9
barrier         :   0.11615540 (image:  3) 
distance        :   0.00000000    9.28522022   12.23647040   14.81482374   17.44667992   20.49007468   24.73948759   29.03306832   39.25222169 
energy          : -2464.54814530  -2464.51045312  -2464.44893108  -2464.43198990  -2464.44508371  -2464.48142256  -2464.47032975  -2464.51107380  -2464.52720638 
max(|Fr_perp|)   :   0.00000000    0.00228905    0.00742554    0.00715237    0.00354937    0.00322463    0.00365483    0.00070497    0.00000000 
Fr_paral         :   0.00000000   -0.01246203   -0.03406369    0.00533607    0.00439104    0.01124030    0.01518742    0.00446173    0.00000000 
max(|Fsp_paral|) :   0.00000000    0.00156473    0.00424738    0.00148900    0.00087211    0.00248602    0.00115788    0.00445038    0.00000000 
max(|Fsp_perp|)  :   0.00000000    0.00000000    0.00000000    0.00000000    0.00000000    0.00000000    0.00000000    0.00000000    0.00000000 
max(|FNEB|)      :   0.00000000    0.00234532    0.00785170    0.00711365    0.00347260    0.00340232    0.00361358    0.00468918    0.00000000 
max(|Force|)     :   0.00011723    0.00296871    0.01443780    0.00711431    0.00352488    0.00713620    0.00640697    0.00164759    0.00009120 
ksp              :   0.02583300    0.08397645    0.10000000    0.10000000    0.08762056    0.06376071    0.06376071    0.02524600 
max(|step|)      :   0.00000000    0.00581611    0.01947123    0.01764095    0.00861161    0.00843733    0.00896121    0.01162858    0.00000000 
angle (deg.)     :    57.0596  41.6667  52.2019  79.7435  109.2313  42.7495  41.7747 
>
iteration       : 116
climbing        : no
zoom on         : no
nim             : 9
barrier         :   0.11616795 (image:  3) 
distance        :   0.00000000    9.29471482   12.24457348   14.80900569   17.43662783   20.49252578   24.76185124   29.01566751   39.26556715 
energy          : -2464.54814530  -2464.51023206  -2464.44806824  -2464.43197735  -2464.44513261  -2464.48171106  -2464.47050651  -2464.51091854  -2464.52720638 
max(|Fr_perp|)   :   0.00000000    0.00341919    0.01223982    0.01108484    0.00564682    0.00295380    0.00586901    0.00091192    0.00000000 
Fr_paral         :   0.00000000   -0.01290090   -0.03420878    0.00536398    0.00440765    0.01168353    0.01505986    0.00463932    0.00000000 
max(|Fsp_paral|) :   0.00000000    0.00158499    0.00268024    0.00177859    0.00120488    0.00225312    0.00041097    0.00289178    0.00000000 
max(|Fsp_perp|)  :   0.00000000    0.00000000    0.00000000    0.00000000    0.00000000    0.00000000    0.00000000    0.00000000    0.00000000 
max(|FNEB|)      :   0.00000000    0.00386686    0.01215026    0.01137002    0.00595760    0.00310858    0.00584334    0.00272736    0.00000000 
max(|Force|)     :   0.00011723    0.00400136    0.01452371    0.01132692    0.00593019    0.00610586    0.00679265    0.00192608    0.00009120 
ksp              :   0.02604226    0.08479266    0.10000000    0.10000000    0.08756710    0.06358648    0.06358648    0.02539347 
max(|step|)      :   0.00000000    0.00405038    0.00699080    0.00431023    0.00295910    0.00630043    0.00394174    0.00744913    0.00007085 
angle (deg.)     :    57.0191  41.4253  52.1344  79.9350  109.4825  42.8863  41.6894 
>
iteration       : 117
climbing        : no
zoom on         : no
nim             : 9
barrier         :   0.11597152 (image:  3) 
distance        :   0.00000000    9.30280387   12.24923616   14.80702896   17.43171636   20.49724879   24.77898623   29.00948471   39.28022492 
energy          : -2464.54814530  -2464.51006874  -2464.44762500  -2464.43217379  -2464.44521062  -2464.48191014  -2464.47060496  -2464.51081202  -2464.52720638 
max(|Fr_perp|)   :   0.00000000    0.00214373    0.00707385    0.00683199    0.00358558    0.00232585    0.00354984    0.00077821    0.00000000 
Fr_paral         :   0.00000000   -0.01306622   -0.03433140    0.00537638    0.00438593    0.01170771    0.01489498    0.00471948    0.00000000 
max(|Fsp_paral|) :   0.00000000    0.00147564    0.00179968    0.00189525    0.00155374    0.00211265    0.00135649    0.00195638    0.00000000 
max(|Fsp_perp|)  :   0.00000000    0.00000000    0.00000000    0.00000000    0.00000000    0.00000000    0.00000000    0.00000000    0.00000000 
max(|FNEB|)      :   0.00000000    0.00251979    0.00700648    0.00713379    0.00398277    0.00260579    0.00346366    0.00182568    0.00000000 
max(|Force|)     :   0.00011723    0.00292765    0.01465051    0.00707455    0.00386493    0.00585275    0.00698250    0.00180837    0.00009120 
ksp              :   0.02623009    0.08536703    0.10000000    0.10000000    0.08765355    0.06360400    0.06360400    0.02552618 
max(|step|)      :   0.00000000    0.01906708    0.02898247    0.02104384    0.01788351    0.03112327    0.01512897    0.02943037    0.00014171 
angle (deg.)     :    56.7847  40.3446  51.8484  81.1399  110.8554  43.4460  41.4143 
>
iteration       : 118
climbing        : no
zoom on         : no
nim             : 9
barrier         :   0.11549523 (image:  3) 
distance        :   0.00000000    9.34470040   12.26560843   14.80878577   17.42584919   20.53935912   24.86709804   29.01534601   39.37697278 
energy          : -2464.54814530  -2464.50900375  -2464.44534813  -2464.43265007  -2464.44548069  -2464.48268297  -2464.47062243  -2464.51034021  -2464.52720638 
max(|Fr_perp|)   :   0.00000000    0.00138809    0.00235807    0.00288165    0.00186481    0.00313647    0.00340926    0.00149163    0.00000000 
Fr_paral         :   0.00000000   -0.01389256   -0.03431889    0.00531713    0.00427855    0.01123693    0.01431455    0.00499173    0.00000000 
max(|Fsp_paral|) :   0.00000000    0.00028264    0.00103410    0.00217605    0.00288988    0.00176658    0.00474113    0.00143596    0.00000000 
max(|Fsp_perp|)  :   0.00000000    0.00000000    0.00000000    0.00000000    0.00000000    0.00000000    0.00000000    0.00000000    0.00000000 
max(|FNEB|)      :   0.00000000    0.00134458    0.00231040    0.00255572    0.00304980    0.00274387    0.00444623    0.00292759    0.00000000 
max(|Force|)     :   0.00011723    0.00299439    0.01497609    0.00264710    0.00170432    0.00539564    0.00718372    0.00290824    0.00009120 
ksp              :   0.02732551    0.08791381    0.10000000    0.10000000    0.08778764    0.06385739    0.06385739    0.02605346 
max(|step|)      :   0.00000000    0.01197927    0.01328437    0.01840798    0.01977017    0.02383562    0.01515673    0.01458832    0.00010556 
angle (deg.)     :    56.6208  39.6266  51.6903  82.5154  112.1452  43.6843  41.4455 
>
iteration       : 119
climbing        : no
zoom on         : no
nim             : 9
barrier         :   0.11522273 (image:  3) 
distance        :   0.00000000    9.37177647   12.27399914   14.83284412   17.45931235   20.61065435   24.94573996   29.08903336   39.49824327 
energy          : -2464.54814530  -2464.50828826  -2464.44407928  -2464.43292257  -2464.44577260  -2464.48331102  -2464.47022600  -2464.51013820  -2464.52720638 
max(|Fr_perp|)   :   0.00000000    0.00174541    0.00838488    0.00951529    0.00307326    0.00307912    0.00254356    0.00149963    0.00000000 
Fr_paral         :   0.00000000   -0.01433026   -0.03410130    0.00525553    0.00418485    0.01075013    0.01406546    0.00505581    0.00000000 
max(|Fsp_paral|) :   0.00000000    0.00071555    0.00142513    0.00204484    0.00343455    0.00155192    0.00508671    0.00196769    0.00000000 
max(|Fsp_perp|)  :   0.00000000    0.00000000    0.00000000    0.00000000    0.00000000    0.00000000    0.00000000    0.00000000    0.00000000 
max(|FNEB|)      :   0.00000000    0.00210498    0.00830821    0.00909727    0.00426648    0.00271870    0.00443529    0.00346733    0.00000000 
max(|Force|)     :   0.00011723    0.00358171    0.01486969    0.00919041    0.00343425    0.00503886    0.00711930    0.00294280    0.00009120 
ksp              :   0.02805857    0.08935020    0.10000000    0.10000000    0.08773382    0.06439146    0.06439146    0.02629268 
max(|step|)      :   0.00000000    0.04366048    0.04475259    0.07326490    0.08386512    0.09189986    0.06590922    0.05196687    0.00097328 
angle (deg.)     :    56.1218  37.0391  51.2248  88.0886  117.0333  44.5600  41.7856 
>
iteration       : 120
climbing        : no
zoom on         : no
nim             : 9
barrier         :   0.11399837 (image:  3) 
distance        :   0.00000000    9.46703460   12.31480860   14.95828843   17.64435871   20.96443213   25.31074644   29.48369391   40.06179386 
energy          : -2464.54814530  -2464.50566413  -2464.43966711  -2464.43414693  -2464.44696032  -2464.48527523  -2464.46837467  -2464.50944889  -2464.52720638 
max(|Fr_perp|)   :   0.00000000    0.00346817    0.01822582    0.01403217    0.00399057    0.00474896    0.00494116    0.00157772    0.00000000 
Fr_paral         :   0.00000000   -0.01558032   -0.03267392    0.00451720    0.00381263    0.00792175    0.01314628    0.00512765    0.00000000 
max(|Fsp_paral|) :   0.00000000    0.00438489    0.00210780    0.00144674    0.00549160    0.00006196    0.00470430    0.00242403    0.00000000 
max(|Fsp_perp|)  :   0.00000000    0.00000000    0.00000000    0.00000000    0.00000000    0.00000000    0.00000000    0.00000000    0.00000000 
max(|FNEB|)      :   0.00000000    0.00582339    0.01808024    0.01380033    0.00610705    0.00474808    0.00556832    0.00359543    0.00000000 
max(|Force|)     :   0.00011723    0.00462703    0.01731559    0.01378628    0.00431522    0.00481423    0.00581911    0.00267146    0.00009120 
ksp              :   0.03083402    0.09466131    0.10000000    0.10000000    0.08760787    0.06689754    0.06689754    0.02717369 
max(|step|)      :   0.00000000    0.03741044    0.04185994    0.08012253    0.10000000    0.09429698    0.08042658    0.05373138    0.00122215 
angle (deg.)     :    55.9233  34.5610  50.9062  94.1903  121.6994  45.6486  42.2951 
>
