NEB log file generated by ORCA
All quantities are given in atomic units. Unless stated otherwise. 
iteration       : 0
climbing        : no
zoom on         : no
nim             : 9
barrier         :   0.26205125 (image:  4) 
distance        :   0.00000000    6.38239193   12.77213086   19.17460169   25.58963587   32.01316983   38.44360820   44.86667497   51.28475167 
energy          : -2464.51768788  -2464.48740871  -2464.41891212  -2464.33149275  -2464.25563663  -2464.29467783  -2464.34265570  -2464.45300846  -2464.54813204 
max(|Fr_perp|)   :   0.00000000    0.04205063    0.06728583    0.08729493    0.09172539    0.04133642    0.03994134    0.06690911    0.00000000 
Fr_paral         :   0.00000000   -0.00712738   -0.01104660   -0.00808591    0.03109348   -0.01449537    0.01052483    0.01743328    0.00000000 
max(|Fsp_paral|) :   0.00000000    0.02628275    0.03592725    0.04427649    0.00037159    0.03978925    0.02038606    0.04610178    0.00000000 
max(|Fsp_perp|)  :   0.00000000    0.00000000    0.00000000    0.00000000    0.00000000    0.00000000    0.00000000    0.00000000    0.00000000 
max(|FNEB|)      :   0.00000000    0.05157970    0.06661105    0.06861143    0.09180951    0.05770607    0.03734138    0.06058148    0.00000000 
max(|Force|)     :   0.00011181    0.04244885    0.06826668    0.08837377    0.09467417    0.03924748    0.04059308    0.06769928    0.00046161 
ksp              :   0.02040172    0.04392821    0.07395144    0.10000000    0.10000000    0.08658806    0.07011046    0.03221749 
max(|step|)      :   0.00000000    0.05618121    0.07255353    0.07473237    0.10000000    0.06285413    0.04067267    0.06598606    0.00000000 
angle (deg.)     :    11.4970  12.4935  15.8934  45.8688  46.1759  13.0953  11.8077 
>
iteration       : 1
climbing        : no
zoom on         : no
nim             : 9
barrier         :   0.23618878 (image:  4) 
distance        :   0.00000000    6.54073900   12.96863135   19.32861151   25.51779910   31.82797714   38.19081283   44.45748921   51.13204267 
energy          : -2464.51768788  -2464.49363362  -2464.43490211  -2464.35611020  -2464.28149910  -2464.30925808  -2464.35325658  -2464.46505097  -2464.54813204 
max(|Fr_perp|)   :   0.00000000    0.03099078    0.05598114    0.07969364    0.08855023    0.03377996    0.03786869    0.06066481    0.00000000 
Fr_paral         :   0.00000000   -0.00606637   -0.00971117   -0.00841838    0.03135301   -0.01159553    0.01042620    0.01851838    0.00000000 
max(|Fsp_paral|) :   0.00000000    0.02484333    0.03535479    0.04265274    0.00530771    0.02896957    0.02170802    0.04819967    0.00000000 
max(|Fsp_perp|)  :   0.00000000    0.00000000    0.00000000    0.00000000    0.00000000    0.00000000    0.00000000    0.00000000    0.00000000 
max(|FNEB|)      :   0.00000000    0.04129122    0.06157858    0.06796307    0.08983945    0.04706713    0.03840450    0.06174309    0.00000000 
max(|Force|)     :   0.00011181    0.03129327    0.05680411    0.08080721    0.09189107    0.03212035    0.03781954    0.06158480    0.00046161 
ksp              :   0.01916590    0.04154561    0.07156936    0.10000000    0.10000000    0.08942241    0.07265673    0.03005735 
max(|step|)      :   0.00000000    0.04711076    0.06886357    0.07493416    0.10000000    0.05316562    0.04175787    0.06806523    0.00173347 
angle (deg.)     :    11.5370  12.3616  15.3340  45.2744  45.0666  13.0026  11.5623 
>
iteration       : 2
climbing        : no
zoom on         : no
nim             : 9
barrier         :   0.21269501 (image:  4) 
distance        :   0.00000000    6.69424369   13.16566223   19.48485667   25.45825957   31.67182264   37.94735925   44.05123247   51.00027914 
energy          : -2464.51768788  -2464.49706393  -2464.44692224  -2464.37759059  -2464.30499287  -2464.31844782  -2464.36029033  -2464.47464515  -2464.54813204 
max(|Fr_perp|)   :   0.00000000    0.02140790    0.04362860    0.06949915    0.08261957    0.02932624    0.03853073    0.05521035    0.00000000 
Fr_paral         :   0.00000000   -0.00531655   -0.00850947   -0.00859957    0.03136173   -0.00979067    0.01053507    0.01950192    0.00000000 
max(|Fsp_paral|) :   0.00000000    0.02343564    0.03397267    0.04105661    0.01091327    0.01386355    0.02367104    0.05132754    0.00000000 
max(|Fsp_perp|)  :   0.00000000    0.00000000    0.00000000    0.00000000    0.00000000    0.00000000    0.00000000    0.00000000    0.00000000 
max(|FNEB|)      :   0.00000000    0.03073974    0.05343645    0.06412671    0.08572621    0.03235091    0.03934942    0.06212578    0.00000000 
max(|Force|)     :   0.00011181    0.02166869    0.04434791    0.07064844    0.08667197    0.02795548    0.03846016    0.05745608    0.00046161 
ksp              :   0.01872666    0.03994503    0.06928389    0.10000000    0.10000000    0.09429590    0.07659312    0.02821564 
max(|step|)      :   0.00000000    0.03585805    0.06233385    0.07480409    0.10000000    0.03773747    0.04590128    0.07247000    0.00000000 
angle (deg.)     :    11.6220  12.2499  14.7799  44.6755  44.2967  12.7183  11.5045 
>
iteration       : 3
climbing        : no
zoom on         : no
nim             : 9
barrier         :   0.19225609 (image:  5) 
distance        :   0.00000000    6.84578131   13.36454274   19.64874933   25.41288130   31.55900262   37.70308076   43.62638577   50.88915674 
energy          : -2464.51768788  -2464.49873247  -2464.45523714  -2464.39555862  -2464.32740867  -2464.32543178  -2464.36625886  -2464.48229673  -2464.54813204 
max(|Fr_perp|)   :   0.00000000    0.01435156    0.03094056    0.05513811    0.07268347    0.02657886    0.03917371    0.05533528    0.00000000 
Fr_paral         :   0.00000000   -0.00482825   -0.00747340   -0.00855493    0.02802279   -0.00823279    0.01092776    0.02013930    0.00000000 
max(|Fsp_paral|) :   0.00000000    0.02236449    0.03177036    0.03794779    0.02041712    0.00009395    0.02571697    0.05407082    0.00000000 
max(|Fsp_perp|)  :   0.00000000    0.00000000    0.00000000    0.00000000    0.00000000    0.00000000    0.00000000    0.00000000    0.00000000 
max(|FNEB|)      :   0.00000000    0.02429883    0.04289804    0.05418337    0.07940549    0.02655147    0.03990983    0.06065377    0.00000000 
max(|Force|)     :   0.00011181    0.01456375    0.03153087    0.05623735    0.07701050    0.02547517    0.03911425    0.05776570    0.00046161 
ksp              :   0.01887351    0.03923479    0.06717183    0.09907457    0.10000000    0.10000000    0.08088780    0.02656750 
max(|step|)      :   0.00000000    0.03068787    0.05277701    0.06686293    0.10000000    0.03412259    0.05010224    0.07657602    0.00161947 
angle (deg.)     :    11.7126  12.1600  14.3138  43.8958  43.8904  12.1978  11.5928 
>
iteration       : 4
climbing        : no
zoom on         : no
nim             : 9
barrier         :   0.18628435 (image:  5) 
distance        :   0.00000000    7.00152865   13.56386651   19.81680949   25.39285118   31.48789092   37.44571704   43.16713931   50.79382284 
energy          : -2464.51768788  -2464.49957868  -2464.46054528  -2464.40879840  -2464.34787495  -2464.33140353  -2464.37191387  -2464.48806801  -2464.54813204 
max(|Fr_perp|)   :   0.00000000    0.00976325    0.01948303    0.03716478    0.05787049    0.02390493    0.03965277    0.05377203    0.00000000 
Fr_paral         :   0.00000000   -0.00453164   -0.00674167   -0.00831196    0.01380204   -0.00547646    0.01163037    0.02031269    0.00000000 
max(|Fsp_paral|) :   0.00000000    0.02049157    0.02784385    0.03093763    0.04512992    0.00549544    0.02572425    0.05184030    0.00000000 
max(|Fsp_perp|)  :   0.00000000    0.00000000    0.00000000    0.00000000    0.00000000    0.00000000    0.00000000    0.00000000    0.00000000 
max(|FNEB|)      :   0.00000000    0.02239703    0.03084802    0.03767960    0.07139945    0.02538500    0.03978559    0.05693181    0.00000000 
max(|Force|)     :   0.00011181    0.00994575    0.01974007    0.03821154    0.05984248    0.02330663    0.03964070    0.05633942    0.00046161 
ksp              :   0.01874918    0.03760915    0.06261338    0.09205247    0.10000000    0.10000000    0.08042898    0.02431351 
max(|step|)      :   0.00000000    0.03136863    0.04320485    0.05277295    0.10000000    0.03555350    0.05572255    0.07973704    0.00000000 
angle (deg.)     :    11.7840  12.0569  14.1729  42.5812  43.5163  11.7266  11.8223 
>
iteration       : 5
climbing        : no
zoom on         : no
nim             : 9
barrier         :   0.18033585 (image:  5) 
distance        :   0.00000000    7.15998122   13.75807927   19.97156850   25.44306526   31.38408001   37.15941769   42.67541770   50.68820403 
energy          : -2464.51768788  -2464.50014291  -2464.46411292  -2464.41786031  -2464.36345190  -2464.33735203  -2464.37773335  -2464.49267539  -2464.54813204 
max(|Fr_perp|)   :   0.00000000    0.00934595    0.01763487    0.02871443    0.03843576    0.02212720    0.04005333    0.05034132    0.00000000 
Fr_paral         :   0.00000000   -0.00433692   -0.00632178   -0.00818566   -0.00696359   -0.00383387    0.01253682    0.01988959    0.00000000 
max(|Fsp_paral|) :   0.00000000    0.01924310    0.02504332    0.02698251    0.05535174    0.00611446    0.02592678    0.04904663    0.00000000 
max(|Fsp_perp|)  :   0.00000000    0.00000000    0.00000000    0.00000000    0.00000000    0.00000000    0.00000000    0.00000000    0.00000000 
max(|FNEB|)      :   0.00000000    0.02111697    0.02747627    0.02627582    0.05496402    0.02537600    0.03971665    0.05387799    0.00000000 
max(|Force|)     :   0.00011181    0.00951149    0.01787083    0.02907252    0.03934447    0.02186015    0.04008412    0.05295792    0.00046161 
ksp              :   0.01875614    0.03673759    0.05982083    0.08697437    0.10000000    0.10000000    0.07984694    0.02248295 
max(|step|)      :   0.00000000    0.03338008    0.04275661    0.04047438    0.10000000    0.04075076    0.06376648    0.08452202    0.00077498 
angle (deg.)     :    11.8151  11.9406  14.4779  41.2190  43.7123  11.1798  12.0573 
>
iteration       : 6
climbing        : no
zoom on         : no
nim             : 9
barrier         :   0.17437673 (image:  5) 
distance        :   0.00000000    7.32665168   13.94967914   20.11649448   25.58574857   31.28928998   36.86110156   42.17643834   50.60327212 
energy          : -2464.51768788  -2464.50057324  -2464.46674446  -2464.42424757  -2464.37167579  -2464.34331115  -2464.38401602  -2464.49557182  -2464.54813204 
max(|Fr_perp|)   :   0.00000000    0.00892226    0.01701928    0.02602529    0.03640480    0.02123914    0.04030365    0.04607651    0.00000000 
Fr_paral         :   0.00000000   -0.00413679   -0.00594479   -0.00811348   -0.02109931   -0.00284601    0.01388453    0.01898815    0.00000000 
max(|Fsp_paral|) :   0.00000000    0.01828845    0.02312042    0.02922578    0.04803770    0.00476624    0.02585544    0.04503389    0.00000000 
max(|Fsp_perp|)  :   0.00000000    0.00000000    0.00000000    0.00000000    0.00000000    0.00000000    0.00000000    0.00000000    0.00000000 
max(|FNEB|)      :   0.00000000    0.02010911    0.02536199    0.02671543    0.05439188    0.02328851    0.03938377    0.04950761    0.00000000 
max(|Force|)     :   0.00011181    0.00907270    0.01723843    0.02639141    0.03951955    0.02100862    0.04039686    0.04865364    0.00046161 
ksp              :   0.01883311    0.03629371    0.05822887    0.08536217    0.10000000    0.10000000    0.07899275    0.02141587 
max(|step|)      :   0.00000000    0.03697080    0.04662827    0.04911657    0.10000000    0.04281615    0.07240746    0.09102023    0.00000000 
angle (deg.)     :    11.8549  11.8728  14.7257  40.3543  44.2714  10.5893  12.3844 
>
iteration       : 7
climbing        : no
zoom on         : no
nim             : 9
barrier         :   0.16826490 (image:  5) 
distance        :   0.00000000    7.51134215   14.16003048   20.30129106   25.72941772   31.21939600   36.55501478   41.67144824   50.54242941 
energy          : -2464.51768788  -2464.50095217  -2464.46923114  -2464.43006732  -2464.37890034  -2464.34942298  -2464.39097628  -2464.49765312  -2464.54813204 
max(|Fr_perp|)   :   0.00000000    0.00833095    0.01622776    0.02276570    0.03363022    0.01992574    0.04197811    0.04004521    0.00000000 
Fr_paral         :   0.00000000   -0.00397227   -0.00565422   -0.00856424   -0.02932051   -0.00181715    0.01577163    0.01752489    0.00000000 
max(|Fsp_paral|) :   0.00000000    0.01729309    0.02164539    0.03057605    0.04200380    0.00553208    0.02539900    0.04021725    0.00000000 
max(|Fsp_perp|)  :   0.00000000    0.00000000    0.00000000    0.00000000    0.00000000    0.00000000    0.00000000    0.00000000    0.00000000 
max(|FNEB|)      :   0.00000000    0.01904721    0.02370772    0.02649462    0.05344012    0.02247468    0.03858835    0.04418355    0.00000000 
max(|Force|)     :   0.00011181    0.00853082    0.01643071    0.02315082    0.03853064    0.01975863    0.04430869    0.04247213    0.00046161 
ksp              :   0.01895145    0.03591810    0.05686569    0.08423342    0.10000000    0.10000000    0.07777435    0.02071601 
max(|step|)      :   0.00000000    0.03317888    0.04028062    0.05087512    0.10000000    0.04241955    0.07175159    0.06774676    0.00107911 
angle (deg.)     :    11.8393  11.8864  15.0439  40.4202  45.6441  10.3558  12.2671 
>
iteration       : 8
climbing        : no
zoom on         : no
nim             : 9
barrier         :   0.16327668 (image:  5) 
distance        :   0.00000000    7.67362933   14.33804873   20.50337259   25.87970833   31.18607259   36.29706391   41.33839504   50.53542347 
energy          : -2464.51768788  -2464.50115441  -2464.47082835  -2464.43351235  -2464.38482394  -2464.35441120  -2464.39790565  -2464.49782216  -2464.54813204 
max(|Fr_perp|)   :   0.00000000    0.00879601    0.01553501    0.02345512    0.03441667    0.01924012    0.04595995    0.04092547    0.00000000 
Fr_paral         :   0.00000000   -0.00377343   -0.00519554   -0.00735129   -0.01844602   -0.00032958    0.01841108    0.01701203    0.00000000 
max(|Fsp_paral|) :   0.00000000    0.01656404    0.02145682    0.02968622    0.03712280    0.00695646    0.02374975    0.03578132    0.00000000 
max(|Fsp_perp|)  :   0.00000000    0.00000000    0.00000000    0.00000000    0.00000000    0.00000000    0.00000000    0.00000000    0.00000000 
max(|FNEB|)      :   0.00000000    0.01826267    0.02339309    0.02754664    0.04048144    0.02193671    0.03762306    0.03958425    0.00000000 
max(|Force|)     :   0.00011181    0.00907747    0.01571944    0.02379320    0.03780068    0.01920879    0.04908283    0.04319201    0.00046161 
ksp              :   0.01911360    0.03583061    0.05640122    0.08323849    0.10000000    0.10000000    0.07602808    0.02095166 
max(|step|)      :   0.00000000    0.04511369    0.05778719    0.06804758    0.10000000    0.05418956    0.09293902    0.09778370    0.00000000 
angle (deg.)     :    11.9200  11.8324  15.3599  39.8279  46.8437  10.5697  12.7548 
>
iteration       : 9
climbing        : no
zoom on         : no
nim             : 9
barrier         :   0.15702690 (image:  5) 
distance        :   0.00000000    7.89698874   14.59756090   20.73339347   26.03409040   31.09610850   35.93743880   40.82026003   50.49481595 
energy          : -2464.51768788  -2464.50116223  -2464.47278147  -2464.43911749  -2464.39101445  -2464.36066098  -2464.40710741  -2464.49962728  -2464.54813204 
max(|Fr_perp|)   :   0.00000000    0.01519372    0.02231144    0.02153098    0.02953475    0.02068928    0.05093904    0.02897787    0.00000000 
Fr_paral         :   0.00000000   -0.00370246   -0.00504801   -0.00866617   -0.03534435    0.00181354    0.02213986    0.01428176    0.00000000 
max(|Fsp_paral|) :   0.00000000    0.01547660    0.01947271    0.03083354    0.02994003    0.00791335    0.02508746    0.03023280    0.00000000 
max(|Fsp_perp|)  :   0.00000000    0.00000000    0.00000000    0.00000000    0.00000000    0.00000000    0.00000000    0.00000000    0.00000000 
max(|FNEB|)      :   0.00000000    0.01706933    0.02123023    0.02415393    0.04534883    0.02072194    0.03556436    0.03329788    0.00000000 
max(|Force|)     :   0.00011181    0.01523173    0.02237908    0.02158966    0.03695777    0.02068660    0.05535301    0.03087070    0.00046161 
ksp              :   0.01947168    0.03573812    0.05503264    0.08260290    0.10000000    0.10000000    0.07337922    0.02035143 
max(|step|)      :   0.00000000    0.04145432    0.05258824    0.05862268    0.10000000    0.04918979    0.08549112    0.08605582    0.00089387 
angle (deg.)     :    11.9927  11.8271  15.7973  39.8946  48.6971  11.6011  13.1151 
>
iteration       : 10
climbing        : no
zoom on         : no
nim             : 9
barrier         :   0.15149516 (image:  5) 
distance        :   0.00000000    8.10185704   14.83314683   20.95628456   26.19186315   31.04535997   35.64285002   40.40975972   50.50346742 
energy          : -2464.51768788  -2464.50175740  -2464.47501983  -2464.44330951  -2464.39606401  -2464.36619271  -2464.41584593  -2464.49988130  -2464.54813204 
max(|Fr_perp|)   :   0.00000000    0.00790708    0.01360096    0.01936459    0.03454001    0.01509663    0.05409167    0.01955275    0.00000000 
Fr_paral         :   0.00000000   -0.00354114   -0.00497139   -0.00953426   -0.04077920    0.00449874    0.02601290    0.01236889    0.00000000 
max(|Fsp_paral|) :   0.00000000    0.01454524    0.01871809    0.03158638    0.02329585    0.00921793    0.02849064    0.02399920    0.00000000 
max(|Fsp_perp|)  :   0.00000000    0.00000000    0.00000000    0.00000000    0.00000000    0.00000000    0.00000000    0.00000000    0.00000000 
max(|FNEB|)      :   0.00000000    0.01603693    0.02037789    0.02369265    0.04339895    0.01864722    0.03255018    0.02671867    0.00000000 
max(|Force|)     :   0.00011181    0.00814269    0.01377010    0.01999444    0.03569325    0.01574737    0.06008233    0.02114623    0.00046161 
ksp              :   0.01946410    0.03534930    0.05418918    0.08225856    0.10000000    0.10000000    0.07050610    0.02057888 
max(|step|)      :   0.00000000    0.03695235    0.04695479    0.05459268    0.10000000    0.04296698    0.07500222    0.06156524    0.00000000 
angle (deg.)     :    12.0368  11.8759  16.3346  40.8753  51.4617  13.7401  13.2307 
>
iteration       : 11
climbing        : no
zoom on         : no
nim             : 9
barrier         :   0.14769453 (image:  5) 
distance        :   0.00000000    8.28377063   15.04414765   21.18091537   26.34673561   31.03222797   35.41150855   40.18018429   50.57074797 
energy          : -2464.51768788  -2464.50180674  -2464.47630683  -2464.44691453  -2464.40220008  -2464.36999335  -2464.42308459  -2464.50011657  -2464.54813204 
max(|Fr_perp|)   :   0.00000000    0.01414487    0.02106562    0.02083339    0.02418998    0.01811066    0.05485203    0.02478446    0.00000000 
Fr_paral         :   0.00000000   -0.00336888   -0.00446284   -0.00774450   -0.03022558    0.00743395    0.02979755    0.01286669    0.00000000 
max(|Fsp_paral|) :   0.00000000    0.01364610    0.01761134    0.02978077    0.02200729    0.01084612    0.03042595    0.02007127    0.00000000 
max(|Fsp_perp|)  :   0.00000000    0.00000000    0.00000000    0.00000000    0.00000000    0.00000000    0.00000000    0.00000000    0.00000000 
max(|FNEB|)      :   0.00000000    0.01512665    0.02224124    0.02374651    0.03028705    0.01817228    0.02928610    0.02290391    0.00000000 
max(|Force|)     :   0.00011181    0.01411587    0.02100596    0.02076462    0.03188160    0.01809570    0.06271266    0.02630843    0.00046161 
ksp              :   0.01967743    0.03521620    0.05312686    0.08037432    0.10000000    0.10000000    0.06764801    0.02070735 
max(|step|)      :   0.00000000    0.04184405    0.05319523    0.06031905    0.10000000    0.04898739    0.08336017    0.06806722    0.00291623 
angle (deg.)     :    12.1081  11.9475  16.9001  42.1034  54.8735  16.8234  13.6140 
>
iteration       : 12
climbing        : no
zoom on         : no
nim             : 9
barrier         :   0.14346388 (image:  5) 
distance        :   0.00000000    8.48890573   15.28207702   21.42850134   26.51219685   31.00963375   35.16024226   39.95303609   50.66474539 
energy          : -2464.51768788  -2464.50222522  -2464.47813086  -2464.45034425  -2464.40643153  -2464.37422400  -2464.43103199  -2464.50048739  -2464.54813204 
max(|Fr_perp|)   :   0.00000000    0.00747212    0.01274239    0.01653399    0.02470600    0.01392789    0.05358412    0.02419435    0.00000000 
Fr_paral         :   0.00000000   -0.00320930   -0.00416864   -0.00698518   -0.02797463    0.01179118    0.03361899    0.01229588    0.00000000 
max(|Fsp_paral|) :   0.00000000    0.01263285    0.01732319    0.02935878    0.01815469    0.01221991    0.03249106    0.01599443    0.00000000 
max(|Fsp_perp|)  :   0.00000000    0.00000000    0.00000000    0.00000000    0.00000000    0.00000000    0.00000000    0.00000000    0.00000000 
max(|FNEB|)      :   0.00000000    0.01405693    0.01843990    0.02507708    0.02410817    0.01693857    0.02482221    0.01884723    0.00000000 
max(|Force|)     :   0.00011181    0.00750151    0.01295745    0.01665782    0.03247878    0.01505605    0.06383806    0.02554001    0.00046161 
ksp              :   0.01970041    0.03481647    0.05224912    0.07979670    0.10000000    0.10000000    0.06436587    0.02079222 
max(|step|)      :   0.00000000    0.05605488    0.07353289    0.10000000    0.09613628    0.06754600    0.09898364    0.07515718    0.00000000 
angle (deg.)     :    12.2557  12.0543  17.1771  43.7143  59.2957  21.1256  14.4722 
>
iteration       : 13
climbing        : no
zoom on         : no
nim             : 9
barrier         :   0.14009277 (image:  5) 
distance        :   0.00000000    8.76050791   15.60969916   21.74967885   26.67833442   30.90738089   34.80259443   39.72804850   50.79038742 
energy          : -2464.51768788  -2464.50178528  -2464.47850952  -2464.45254067  -2464.40811847  -2464.37759511  -2464.43837371  -2464.50076369  -2464.54813204 
max(|Fr_perp|)   :   0.00000000    0.02494718    0.03528059    0.03459473    0.02644795    0.03321869    0.04806611    0.02626685    0.00000000 
Fr_paral         :   0.00000000   -0.00320896   -0.00431425   -0.00966243   -0.04564478    0.01760145    0.03671974    0.00995122    0.00000000 
max(|Fsp_paral|) :   0.00000000    0.01168045    0.01654476    0.02765352    0.01073189    0.01193548    0.03241335    0.01287267    0.00000000 
max(|Fsp_perp|)  :   0.00000000    0.00000000    0.00000000    0.00000000    0.00000000    0.00000000    0.00000000    0.00000000    0.00000000 
max(|FNEB|)      :   0.00000000    0.02424383    0.03428793    0.03435573    0.03099321    0.03309834    0.02928227    0.02759531    0.00000000 
max(|Force|)     :   0.00011181    0.02498257    0.03533585    0.03462440    0.02885489    0.03328215    0.06139497    0.02607616    0.00046161 
ksp              :   0.02021633    0.03516941    0.05185261    0.08039083    0.10000000    0.10000000    0.06095392    0.02087263 
max(|step|)      :   0.00000000    0.05811935    0.07650271    0.09842033    0.09979736    0.06910395    0.10000000    0.07540551    0.00137764 
angle (deg.)     :    12.4199  12.2132  17.7606  46.4165  65.2023  26.5421  15.2828 
>
iteration       : 14
climbing        : no
zoom on         : no
nim             : 9
barrier         :   0.13511034 (image:  5) 
distance        :   0.00000000    9.04238768   15.95069612   22.09018685   26.86717220   30.86044370   34.52763012   39.59693830   51.01181301 
energy          : -2464.51768788  -2464.50225506  -2464.48023872  -2464.45494083  -2464.40978399  -2464.38257754  -2464.44482219  -2464.50091112  -2464.54813204 
max(|Fr_perp|)   :   0.00000000    0.02087700    0.03041091    0.02986229    0.03561575    0.02775590    0.03823238    0.03671163    0.00000000 
Fr_paral         :   0.00000000   -0.00309696   -0.00449911   -0.01149822   -0.05381856    0.02363603    0.03637770    0.00942284    0.00000000 
max(|Fsp_paral|) :   0.00000000    0.01067431    0.01704875    0.02682233    0.00318594    0.01166140    0.02985551    0.01035642    0.00000000 
max(|Fsp_perp|)  :   0.00000000    0.00000000    0.00000000    0.00000000    0.00000000    0.00000000    0.00000000    0.00000000    0.00000000 
max(|FNEB|)      :   0.00000000    0.02034155    0.02959318    0.02983665    0.03471946    0.02768938    0.02349107    0.03755852    0.00000000 
max(|Force|)     :   0.00011181    0.02101047    0.03060287    0.03013459    0.04224483    0.02802183    0.05375590    0.03671236    0.00046161 
ksp              :   0.02028240    0.03495078    0.05180583    0.08189108    0.10000000    0.10000000    0.05853672    0.02118553 
max(|step|)      :   0.00000000    0.05415962    0.07879220    0.07944044    0.09244097    0.07372331    0.06254525    0.10000000    0.00000000 
angle (deg.)     :    12.4973  12.3241  18.4819  49.1505  69.6127  29.3198  15.6851 
>
iteration       : 15
climbing        : no
zoom on         : no
nim             : 9
barrier         :   0.13595762 (image:  5) 
distance        :   0.00000000    9.19506295   16.15298736   22.29676312   26.98490307   30.90806610   34.50590971   39.65081453   51.21389397 
energy          : -2464.51768788  -2464.50069054  -2464.47797494  -2464.45511637  -2464.41314276  -2464.38173026  -2464.44436804  -2464.50012946  -2464.54813204 
max(|Fr_perp|)   :   0.00000000    0.04882146    0.07168376    0.07030167    0.04500171    0.06100745    0.04982205    0.03304481    0.00000000 
Fr_paral         :   0.00000000   -0.00313448   -0.00355249   -0.00620167   -0.02883052    0.02232781    0.03926550    0.01103928    0.00000000 
max(|Fsp_paral|) :   0.00000000    0.01051269    0.01446622    0.02127658    0.00837871    0.01124513    0.02653704    0.00976633    0.00000000 
max(|Fsp_perp|)  :   0.00000000    0.00000000    0.00000000    0.00000000    0.00000000    0.00000000    0.00000000    0.00000000    0.00000000 
max(|FNEB|)      :   0.00000000    0.04923925    0.07246594    0.07077015    0.04426151    0.06129573    0.04862303    0.03112295    0.00000000 
max(|Force|)     :   0.00011181    0.04879852    0.07163994    0.07024924    0.04601849    0.06080959    0.05442106    0.03345975    0.00046161 
ksp              :   0.02125174    0.03628881    0.05142052    0.07920584    0.10000000    0.10000000    0.05853561    0.02162316 
max(|step|)      :   0.00000000    0.02769996    0.03690032    0.03797260    0.05419591    0.03730738    0.03916632    0.02975598    0.00154414 
angle (deg.)     :    12.5657  12.4138  18.8786  51.1711  72.9250  31.2634  16.1266 
>
iteration       : 16
climbing        : no
zoom on         : no
nim             : 9
barrier         :   0.13090013 (image:  5) 
distance        :   0.00000000    9.32823403   16.31704500   22.45484991   27.06777715   30.92547480   34.47407594   39.68152841   51.37279917 
energy          : -2464.51768788  -2464.50240795  -2464.48172223  -2464.45817349  -2464.41581978  -2464.38678775  -2464.44678436  -2464.50018444  -2464.54813204 
max(|Fr_perp|)   :   0.00000000    0.02520198    0.03287443    0.03238904    0.02651240    0.02960594    0.03464175    0.03946047    0.00000000 
Fr_paral         :   0.00000000   -0.00286182   -0.00340061   -0.00542812   -0.02469345    0.02484827    0.04044714    0.01074906    0.00000000 
max(|Fsp_paral|) :   0.00000000    0.00948360    0.01623338    0.02231927    0.00661643    0.01059068    0.02326499    0.00938199    0.00000000 
max(|Fsp_perp|)  :   0.00000000    0.00000000    0.00000000    0.00000000    0.00000000    0.00000000    0.00000000    0.00000000    0.00000000 
max(|FNEB|)      :   0.00000000    0.02564857    0.03371382    0.03269976    0.03017345    0.03056129    0.02326022    0.03766828    0.00000000 
max(|Force|)     :   0.00011181    0.02517713    0.03283355    0.03235929    0.02955086    0.02939650    0.05387537    0.03985912    0.00046161 
ksp              :   0.02050567    0.03472808    0.05091894    0.08003911    0.10000000    0.10000000    0.05874950    0.02203444 
max(|step|)      :   0.00000000    0.05687084    0.07880040    0.08305702    0.10000000    0.07831380    0.07952707    0.06162655    0.00339417 
angle (deg.)     :    12.7544  12.6238  19.6868  55.6945  79.8854  35.3671  17.0433 
>
iteration       : 17
climbing        : no
zoom on         : no
nim             : 9
barrier         :   0.12534188 (image:  5) 
distance        :   0.00000000    9.60077843   16.66866313   22.78542393   27.23149537   30.98797177   34.45764756   39.79037057   51.74711268 
energy          : -2464.51768788  -2464.50310461  -2464.48326063  -2464.45904018  -2464.41584888  -2464.39234600  -2464.44945368  -2464.50121075  -2464.54813204 
max(|Fr_perp|)   :   0.00000000    0.00747636    0.01311026    0.03357616    0.03703050    0.01743724    0.02979352    0.04144425    0.00000000 
Fr_paral         :   0.00000000   -0.00269396   -0.00303156   -0.00411967   -0.01718774    0.03068732    0.04197607    0.01045287    0.00000000 
max(|Fsp_paral|) :   0.00000000    0.00903717    0.01773027    0.02095132    0.00236704    0.00957960    0.01690421    0.01069270    0.00000000 
max(|Fsp_perp|)  :   0.00000000    0.00000000    0.00000000    0.00000000    0.00000000    0.00000000    0.00000000    0.00000000    0.00000000 
max(|FNEB|)      :   0.00000000    0.01041971    0.01876493    0.03080095    0.03844534    0.01889869    0.01441992    0.04119284    0.00000000 
max(|Force|)     :   0.00011181    0.00748693    0.01338308    0.03386734    0.03311303    0.02067535    0.05173504    0.04198927    0.00046161 
ksp              :   0.02047152    0.03472242    0.05212379    0.08314210    0.10000000    0.10000000    0.05899718    0.02185342 
max(|step|)      :   0.00000000    0.02529497    0.04555388    0.07477258    0.09333015    0.04587859    0.03500589    0.10000000    0.00000000 
angle (deg.)     :    12.8942  12.5893  19.0326  57.0151  80.8284  36.1516  17.4443 
>
iteration       : 18
climbing        : no
zoom on         : no
nim             : 9
barrier         :   0.12456004 (image:  5) 
distance        :   0.00000000    9.71737920   16.84086083   22.89155637   27.21435308   30.92044879   34.40741169   39.73687624   51.82653042 
energy          : -2464.51768788  -2464.50308754  -2464.48394825  -2464.46325949  -2464.42438160  -2464.39312784  -2464.45128101  -2464.50350684  -2464.54813204 
max(|Fr_perp|)   :   0.00000000    0.01142449    0.01484986    0.01496076    0.01429838    0.02099927    0.02552605    0.03433299    0.00000000 
Fr_paral         :   0.00000000   -0.00276572   -0.00368866   -0.00803075   -0.02826568    0.03201195    0.03642074    0.00950403    0.00000000 
max(|Fsp_paral|) :   0.00000000    0.00837326    0.01308515    0.01470519    0.01449203    0.00751985    0.02139256    0.01317732    0.00000000 
max(|Fsp_perp|)  :   0.00000000    0.00000000    0.00000000    0.00000000    0.00000000    0.00000000    0.00000000    0.00000000    0.00000000 
max(|FNEB|)      :   0.00000000    0.01097019    0.01424882    0.01492331    0.02170491    0.01987876    0.01387303    0.03771028    0.00000000 
max(|Force|)     :   0.00011181    0.01145228    0.01489125    0.01496907    0.01821181    0.02263616    0.04515938    0.03383334    0.00046161 
ksp              :   0.02054938    0.03437834    0.04932686    0.07741781    0.10000000    0.10000000    0.05798183    0.02024642 
max(|step|)      :   0.00000000    0.03245361    0.04645805    0.05047757    0.10000000    0.05333062    0.03728880    0.04459206    0.00201350 
angle (deg.)     :    13.0320  12.6404  19.0721  58.2853  82.9783  37.7806  17.9515 
>
iteration       : 19
climbing        : no
zoom on         : no
nim             : 9
barrier         :   0.12187029 (image:  5) 
distance        :   0.00000000    9.86887284   17.04559151   23.02751276   27.24673347   30.86588430   34.36799196   39.67687410   51.96051847 
energy          : -2464.51768788  -2464.50328506  -2464.48396022  -2464.46134752  -2464.42206718  -2464.39581759  -2464.45275533  -2464.50105621  -2464.54813204 
max(|Fr_perp|)   :   0.00000000    0.00768279    0.01538685    0.03470359    0.02543115    0.01626711    0.02218011    0.05940090    0.00000000 
Fr_paral         :   0.00000000   -0.00283932   -0.00454355   -0.01243824   -0.05002566    0.03558051    0.03406106    0.00847205    0.00000000 
max(|Fsp_paral|) :   0.00000000    0.00869705    0.01446318    0.01264450    0.00909718    0.00413622    0.02383186    0.00701101    0.00000000 
max(|Fsp_perp|)  :   0.00000000    0.00000000    0.00000000    0.00000000    0.00000000    0.00000000    0.00000000    0.00000000    0.00000000 
max(|FNEB|)      :   0.00000000    0.00963197    0.01519177    0.03661241    0.03250996    0.01658746    0.02049185    0.06032689    0.00000000 
max(|Force|)     :   0.00011181    0.00812972    0.01654165    0.03681343    0.03300417    0.01932188    0.04123808    0.05954797    0.00046161 
ksp              :   0.02063617    0.03490992    0.05162341    0.08062333    0.10000000    0.10000000    0.05795019    0.02232063 
max(|step|)      :   0.00000000    0.01596629    0.02518241    0.06069003    0.05388966    0.02749596    0.03396802    0.10000000    0.00000000 
angle (deg.)     :    13.0630  12.6662  20.0656  58.6524  85.3487  39.1926  18.1631 
>
iteration       : 20
climbing        : no
zoom on         : no
nim             : 9
barrier         :   0.11982318 (image:  5) 
distance        :   0.00000000    9.94584273   17.14367270   23.09562279   27.31831626   30.90652892   34.39257602   39.73115923   52.07136804 
energy          : -2464.51768788  -2464.50338801  -2464.48497185  -2464.46566860  -2464.42487056  -2464.39786470  -2464.45271836  -2464.50595916  -2464.54813204 
max(|Fr_perp|)   :   0.00000000    0.00575370    0.00784559    0.01011201    0.01173749    0.01685342    0.02356258    0.02225113    0.00000000 
Fr_paral         :   0.00000000   -0.00271589   -0.00346633   -0.00779850   -0.04479193    0.03430971    0.03988896    0.01091893    0.00000000 
max(|Fsp_paral|) :   0.00000000    0.00789872    0.01084626    0.01843269    0.00915728    0.00356621    0.01977102    0.01724097    0.00000000 
max(|Fsp_perp|)  :   0.00000000    0.00000000    0.00000000    0.00000000    0.00000000    0.00000000    0.00000000    0.00000000    0.00000000 
max(|FNEB|)      :   0.00000000    0.00912245    0.00996283    0.01291672    0.01867037    0.01718498    0.01277864    0.01827431    0.00000000 
max(|Force|)     :   0.00011181    0.00617273    0.00871544    0.01047157    0.02321367    0.02137636    0.04628937    0.02298154    0.00046161 
ksp              :   0.02074073    0.03457323    0.04907203    0.07971571    0.10000000    0.10000000    0.05879904    0.01880952 
max(|step|)      :   0.00000000    0.02806153    0.03434525    0.05163508    0.07480140    0.05048777    0.03148798    0.05273843    0.00188349 
angle (deg.)     :    13.1197  12.8223  21.3088  59.7054  89.0608  40.9572  18.6211 
>
iteration       : 21
climbing        : no
zoom on         : no
nim             : 9
barrier         :   0.11687637 (image:  5) 
distance        :   0.00000000   10.07799832   17.29509980   23.22782522   27.42712861   30.96770061   34.43819200   39.74858554   52.27051852 
energy          : -2464.51768788  -2464.50343264  -2464.48507892  -2464.46471588  -2464.42238349  -2464.40081151  -2464.45218489  -2464.50129890  -2464.54813204 
max(|Fr_perp|)   :   0.00000000    0.00464314    0.00950555    0.02301095    0.02070297    0.01563179    0.02358998    0.04909739    0.00000000 
Fr_paral         :   0.00000000   -0.00260974   -0.00283832   -0.00465180   -0.04165656    0.03608390    0.04386686    0.01032253    0.00000000 
max(|Fsp_paral|) :   0.00000000    0.00779499    0.01225574    0.02088412    0.00158914    0.00244620    0.01534085    0.00809855    0.00000000 
max(|Fsp_perp|)  :   0.00000000    0.00000000    0.00000000    0.00000000    0.00000000    0.00000000    0.00000000    0.00000000    0.00000000 
max(|FNEB|)      :   0.00000000    0.00915748    0.01078809    0.02257885    0.01911384    0.01557455    0.01523164    0.04773423    0.00000000 
max(|Force|)     :   0.00011181    0.00451548    0.00960936    0.02321871    0.03775068    0.02234084    0.04938571    0.04947051    0.00046161 
ksp              :   0.02097717    0.03511034    0.05079079    0.08338862    0.10000000    0.10000000    0.06044021    0.02262024 
max(|step|)      :   0.00000000    0.05333221    0.06824049    0.06002940    0.10000000    0.09071098    0.05463672    0.04978424    0.00213969 
angle (deg.)     :    13.2836  13.0535  22.8730  62.4794  95.0087  44.2460  19.6717 
>
iteration       : 22
climbing        : no
zoom on         : no
nim             : 9
barrier         :   0.11152540 (image:  5) 
distance        :   0.00000000   10.32728162   17.59634317   23.47247201   27.58150056   31.10481390   34.56563599   39.95461607   52.68423739 
energy          : -2464.51768788  -2464.50346334  -2464.48533102  -2464.46363670  -2464.42033343  -2464.40616248  -2464.45266395  -2464.50043814  -2464.54813204 
max(|Fr_perp|)   :   0.00000000    0.00812827    0.01383768    0.03472004    0.02208934    0.02037615    0.02107270    0.05201061    0.00000000 
Fr_paral         :   0.00000000   -0.00251772   -0.00248583   -0.00251482   -0.03258997    0.03817044    0.04619027    0.00981914    0.00000000 
max(|Fsp_paral|) :   0.00000000    0.00756376    0.01387115    0.02178609    0.00479634    0.00239876    0.00584344    0.00703598    0.00000000 
max(|Fsp_perp|)  :   0.00000000    0.00000000    0.00000000    0.00000000    0.00000000    0.00000000    0.00000000    0.00000000    0.00000000 
max(|FNEB|)      :   0.00000000    0.00890382    0.01556872    0.03269812    0.02337050    0.02069194    0.01524438    0.05212900    0.00000000 
max(|Force|)     :   0.00011181    0.00815435    0.01406941    0.03489425    0.03202857    0.02024638    0.04980261    0.05245145    0.00046161 
ksp              :   0.02147909    0.03611452    0.05363489    0.08857676    0.10000000    0.10000000    0.06247711    0.02396136 
max(|step|)      :   0.00000000    0.01708037    0.02986576    0.06272540    0.04483206    0.03969373    0.02924357    0.10000000    0.00000000 
angle (deg.)     :    13.3596  13.0983  22.0342  63.8588  95.4683  44.6832  19.9078 
>
iteration       : 23
climbing        : no
zoom on         : no
nim             : 9
barrier         :   0.11020593 (image:  5) 
distance        :   0.00000000   10.40420307   17.69349996   23.54848635   27.55662923   31.10553301   34.59208668   39.98249001   52.77549912 
energy          : -2464.51768788  -2464.50349931  -2464.48615404  -2464.46790902  -2464.42492029  -2464.40748195  -2464.45472228  -2464.50794739  -2464.54813204 
max(|Fr_perp|)   :   0.00000000    0.00843660    0.01141185    0.01133362    0.01674558    0.01617085    0.01778771    0.01748749    0.00000000 
Fr_paral         :   0.00000000   -0.00258464   -0.00303802   -0.00728436   -0.03695224    0.04050205    0.03854861    0.01042615    0.00000000 
max(|Fsp_paral|) :   0.00000000    0.00669763    0.00953330    0.02096567    0.00472881    0.00240423    0.01110081    0.02290792    0.00000000 
max(|Fsp_perp|)  :   0.00000000    0.00000000    0.00000000    0.00000000    0.00000000    0.00000000    0.00000000    0.00000000    0.00000000 
max(|FNEB|)      :   0.00000000    0.00808819    0.01105512    0.01595179    0.01690758    0.01592752    0.00783941    0.02250473    0.00000000 
max(|Force|)     :   0.00011181    0.00846161    0.01144199    0.01131558    0.01869786    0.01963244    0.04214128    0.01741335    0.00046161 
ksp              :   0.02158713    0.03575220    0.05065206    0.08575892    0.10000000    0.10000000    0.06142104    0.01795460 
max(|step|)      :   0.00000000    0.02504584    0.03037042    0.06529222    0.05081236    0.03787111    0.03305023    0.06995486    0.00174324 
angle (deg.)     :    13.4526  13.3035  21.5000  65.3139  96.5589  45.6070  20.2697 
>
iteration       : 24
climbing        : no
zoom on         : no
nim             : 9
barrier         :   0.10850206 (image:  5) 
distance        :   0.00000000   10.51801073   17.82421523   23.67925304   27.55232780   31.11518683   34.63560916   39.92744994   52.91673983 
energy          : -2464.51768788  -2464.50350551  -2464.48585248  -2464.46518150  -2464.42560133  -2464.40918582  -2464.45602561  -2464.49976502  -2464.54813204 
max(|Fr_perp|)   :   0.00000000    0.00702482    0.01284088    0.03131662    0.01651352    0.01955943    0.01456937    0.07446758    0.00000000 
Fr_paral         :   0.00000000   -0.00268870   -0.00414350   -0.01244598   -0.04344842    0.04299972    0.03128570    0.00782194    0.00000000 
max(|Fsp_paral|) :   0.00000000    0.00690174    0.01277536    0.00932710    0.00937987    0.00169355    0.01837993    0.00013406    0.00000000 
max(|Fsp_perp|)  :   0.00000000    0.00000000    0.00000000    0.00000000    0.00000000    0.00000000    0.00000000    0.00000000    0.00000000 
max(|FNEB|)      :   0.00000000    0.00779852    0.01275857    0.03260219    0.01986167    0.01940117    0.02249355    0.07448175    0.00000000 
max(|Force|)     :   0.00011181    0.00705078    0.01395391    0.03242478    0.02183032    0.02246016    0.03447838    0.07427739    0.00046161 
ksp              :   0.02176396    0.03640674    0.05355285    0.08638371    0.10000000    0.10000000    0.06114746    0.02486661 
max(|step|)      :   0.00000000    0.02487116    0.03324618    0.03217904    0.02992832    0.03775519    0.02143543    0.04812935    0.00068945 
angle (deg.)     :    13.5548  13.4014  21.9969  65.8572  98.0742  47.1885  20.7122 
>
iteration       : 25
climbing        : no
zoom on         : no
nim             : 9
barrier         :   0.10596226 (image:  5) 
distance        :   0.00000000   10.63282975   17.97048255   23.78950477   27.58548264   31.14331484   34.67783428   40.00358879   53.06454305 
energy          : -2464.51768788  -2464.50362306  -2464.48623731  -2464.46629800  -2464.42550110  -2464.41172562  -2464.45711811  -2464.50774264  -2464.54813204 
max(|Fr_perp|)   :   0.00000000    0.00689514    0.01306976    0.02984035    0.02034790    0.01165218    0.01342172    0.02986034    0.00000000 
Fr_paral         :   0.00000000   -0.00268269   -0.00415069   -0.01280263   -0.04807464    0.04528548    0.03279405    0.01033038    0.00000000 
max(|Fsp_paral|) :   0.00000000    0.00672409    0.01165319    0.01031917    0.00890054    0.00095362    0.01724630    0.02009869    0.00000000 
max(|Fsp_perp|)  :   0.00000000    0.00000000    0.00000000    0.00000000    0.00000000    0.00000000    0.00000000    0.00000000    0.00000000 
max(|FNEB|)      :   0.00000000    0.00769414    0.01314821    0.03117984    0.02589284    0.01145949    0.01682693    0.03434829    0.00000000 
max(|Force|)     :   0.00011181    0.00733155    0.01419999    0.03103588    0.02742398    0.02069951    0.03500167    0.02932316    0.00046161 
ksp              :   0.02194608    0.03671283    0.05364846    0.08829967    0.10000000    0.10000000    0.06144548    0.01844708 
max(|step|)      :   0.00000000    0.06614207    0.08763940    0.08994339    0.08279633    0.10000000    0.05694159    0.09291081    0.00225491 
angle (deg.)     :    13.8433  13.7380  23.3801  67.5288  101.8330  51.1154  22.0392 
>
iteration       : 26
climbing        : no
zoom on         : no
nim             : 9
barrier         :   0.10136929 (image:  5) 
distance        :   0.00000000   10.93785152   18.35595547   24.09015573   27.67428958   31.24337454   34.82975418   40.20571099   53.50135185 
energy          : -2464.51768788  -2464.50355106  -2464.48633030  -2464.46640509  -2464.42009992  -2464.41631859  -2464.45878373  -2464.50766821  -2464.54813204 
max(|Fr_perp|)   :   0.00000000    0.00847815    0.01547920    0.03609436    0.04824834    0.02128695    0.01193775    0.03507088    0.00000000 
Fr_paral         :   0.00000000   -0.00271567   -0.00455457   -0.01517838   -0.05863884    0.05023971    0.03393643    0.01023127    0.00000000 
max(|Fsp_paral|) :   0.00000000    0.00640253    0.01066337    0.01289312    0.00448806    0.00074437    0.01635460    0.02007143    0.00000000 
max(|Fsp_perp|)  :   0.00000000    0.00000000    0.00000000    0.00000000    0.00000000    0.00000000    0.00000000    0.00000000    0.00000000 
max(|FNEB|)      :   0.00000000    0.00882690    0.01738846    0.03770467    0.04949764    0.02137723    0.01505545    0.03191137    0.00000000 
max(|Force|)     :   0.00011181    0.00856927    0.01652543    0.03587497    0.05058961    0.02412483    0.03421503    0.03561416    0.00046161 
ksp              :   0.02255135    0.03784388    0.05554706    0.09668017    0.10000000    0.10000000    0.06229402    0.01891638 
max(|step|)      :   0.00000000    0.01745341    0.03438217    0.07455337    0.09787159    0.04226917    0.02976912    0.06309829    0.00000000 
angle (deg.)     :    13.8869  13.9280  24.5513  67.2477  103.3173  50.8240  22.1334 
>
iteration       : 27
climbing        : no
zoom on         : no
nim             : 9
barrier         :   0.10086230 (image:  5) 
distance        :   0.00000000   11.00529163   18.43578986   24.17282061   27.74839786   31.30741427   34.86096211   40.13028977   53.58691075 
energy          : -2464.51768788  -2464.50357429  -2464.48719645  -2464.46959871  -2464.42739674  -2464.41682558  -2464.45829844  -2464.50928902  -2464.54813204 
max(|Fr_perp|)   :   0.00000000    0.00998481    0.01355559    0.01271711    0.01383282    0.02540467    0.01215457    0.01997335    0.00000000 
Fr_paral         :   0.00000000   -0.00250108   -0.00280423   -0.00825360   -0.04176479    0.05113210    0.03780184    0.01064461    0.00000000 
max(|Fsp_paral|) :   0.00000000    0.00523458    0.00777309    0.00980138    0.01355721    0.00022717    0.01624844    0.02368605    0.00000000 
max(|Fsp_perp|)  :   0.00000000    0.00000000    0.00000000    0.00000000    0.00000000    0.00000000    0.00000000    0.00000000    0.00000000 
max(|FNEB|)      :   0.00000000    0.00972833    0.01332757    0.01284556    0.02008715    0.02539173    0.00991739    0.02489613    0.00000000 
max(|Force|)     :   0.00011181    0.01000787    0.01357920    0.01266484    0.02186495    0.02661454    0.03837956    0.01996030    0.00046161 
ksp              :   0.02259364    0.03720767    0.05291024    0.09056729    0.10000000    0.10000000    0.06299353    0.01749435 
max(|step|)      :   0.00000000    0.01717386    0.01921570    0.03538765    0.07009662    0.01940642    0.01903105    0.04687779    0.00159836 
angle (deg.)     :    13.9423  14.0852  25.9359  66.6720  104.3894  51.0185  22.2838 
>
iteration       : 28
climbing        : no
zoom on         : no
nim             : 9
barrier         :   0.09883269 (image:  5) 
distance        :   0.00000000   11.08278113   18.51972068   24.25212340   27.82153006   31.33783821   34.86126846   39.97624884   53.65876964 
energy          : -2464.51768788  -2464.50370337  -2464.48733805  -2464.46925458  -2464.42424658  -2464.41885518  -2464.45759162  -2464.50696447  -2464.54813204 
max(|Fr_perp|)   :   0.00000000    0.00357074    0.00994231    0.01905879    0.01941171    0.01020995    0.01291089    0.02847278    0.00000000 
Fr_paral         :   0.00000000   -0.00238956   -0.00217779   -0.00598536   -0.03636653    0.04951857    0.04248439    0.01046333    0.00000000 
max(|Fsp_paral|) :   0.00000000    0.00526395    0.00878581    0.01459913    0.00509374    0.00029752    0.01490746    0.01507926    0.00000000 
max(|Fsp_perp|)  :   0.00000000    0.00000000    0.00000000    0.00000000    0.00000000    0.00000000    0.00000000    0.00000000    0.00000000 
max(|FNEB|)      :   0.00000000    0.00621650    0.00813599    0.01758058    0.02321785    0.01022320    0.00951561    0.03163964    0.00000000 
max(|Force|)     :   0.00011181    0.00352917    0.01010704    0.01936111    0.02384726    0.01873048    0.04268174    0.02792629    0.00046161 
ksp              :   0.02273471    0.03763746    0.05410481    0.09509043    0.10000000    0.10000000    0.06472545    0.01976505 
max(|step|)      :   0.00000000    0.04233735    0.04897099    0.05693160    0.10000000    0.04668968    0.04993362    0.09098988    0.00185706 
angle (deg.)     :    14.1011  14.4177  27.9216  66.4528  105.8609  52.6259  22.9509 
>
iteration       : 29
climbing        : no
zoom on         : no
nim             : 9
barrier         :   0.09782168 (image:  4) 
distance        :   0.00000000   11.27314870   18.73116665   24.45537515   27.92867227   31.40451431   34.84165555   39.71340389   53.83260567 
energy          : -2464.51768788  -2464.50369637  -2464.48748346  -2464.46889782  -2464.41986619  -2464.42077833  -2464.45588512  -2464.50656970  -2464.54813204 
max(|Fr_perp|)   :   0.00000000    0.00823551    0.01115191    0.02097741    0.02896181    0.02166784    0.01288960    0.00867415    0.00000000 
Fr_paral         :   0.00000000   -0.00234432   -0.00205088   -0.00620975   -0.03279519    0.05034404    0.04896306    0.01200238    0.00000000 
max(|Fsp_paral|) :   0.00000000    0.00453422    0.00962758    0.01737205    0.00011450    0.00280705    0.01087509    0.01017902    0.00000000 
max(|Fsp_perp|)  :   0.00000000    0.00000000    0.00000000    0.00000000    0.00000000    0.00000000    0.00000000    0.00000000    0.00000000 
max(|FNEB|)      :   0.00000000    0.00810284    0.01099895    0.01976657    0.02901163    0.02186625    0.00807578    0.00917440    0.00000000 
max(|Force|)     :   0.00011181    0.00833447    0.01126882    0.02137160    0.03098639    0.02199730    0.04812870    0.01172585    0.00046161 
ksp              :   0.02286997    0.03778538    0.05489185    0.10000000    0.10000000    0.09914250    0.06684419    0.02022686 
max(|step|)      :   0.00000000    0.01844304    0.02503495    0.04499109    0.06603397    0.04977022    0.01838145    0.02088203    0.00000000 
angle (deg.)     :    14.1752  14.4930  27.6549  66.3410  105.0075  53.4062  23.3081 
>
iteration       : 30
climbing        : no
zoom on         : no
nim             : 9
barrier         :   0.09823650 (image:  5) 
distance        :   0.00000000   11.32741803   18.80228673   24.52057909   27.90706538   31.37022435   34.77181217   39.61825523   53.83525101 
energy          : -2464.51768788  -2464.50361900  -2464.48752295  -2464.46870838  -2464.42435376  -2464.41945138  -2464.45602735  -2464.50641717  -2464.54813204 
max(|Fr_perp|)   :   0.00000000    0.01548306    0.01992295    0.03644314    0.02713754    0.04078574    0.01291075    0.00990629    0.00000000 
Fr_paral         :   0.00000000   -0.00246302   -0.00304484   -0.00976099   -0.03601535    0.04640136    0.04715585    0.01190608    0.00000000 
max(|Fsp_paral|) :   0.00000000    0.00417355    0.00967422    0.00504478    0.00953404    0.00257951    0.01301426    0.00853618    0.00000000 
max(|Fsp_perp|)  :   0.00000000    0.00000000    0.00000000    0.00000000    0.00000000    0.00000000    0.00000000    0.00000000    0.00000000 
max(|FNEB|)      :   0.00000000    0.01565698    0.02017996    0.03644607    0.02696676    0.04088111    0.01267888    0.00966945    0.00000000 
max(|Force|)     :   0.00011181    0.01546363    0.01989884    0.03644017    0.02740639    0.04006700    0.04601934    0.01118870    0.00046161 
ksp              :   0.02288930    0.03763580    0.05487288    0.09550865    0.10000000    0.10000000    0.06649069    0.02032573 
max(|step|)      :   0.00000000    0.00939005    0.01317439    0.01697203    0.03806346    0.01611955    0.01453184    0.01519879    0.00073382 
angle (deg.)     :    14.2334  14.5215  27.9424  66.0265  104.6231  53.9639  23.5905 
>
iteration       : 31
climbing        : no
zoom on         : no
nim             : 9
barrier         :   0.09683363 (image:  5) 
distance        :   0.00000000   11.36767605   18.85862640   24.55874843   27.91188858   31.34798671   34.72634940   39.55926826   53.84585711 
energy          : -2464.51768788  -2464.50376687  -2464.48782465  -2464.47001498  -2464.42517842  -2464.42085425  -2464.45608407  -2464.50650092  -2464.54813204 
max(|Fr_perp|)   :   0.00000000    0.00908748    0.01118334    0.01250717    0.01075087    0.02109634    0.01123612    0.00865462    0.00000000 
Fr_paral         :   0.00000000   -0.00248980   -0.00333831   -0.01198421   -0.04266106    0.04941181    0.04663391    0.01192472    0.00000000 
max(|Fsp_paral|) :   0.00000000    0.00418188    0.00798999    0.00640826    0.00911755    0.00243032    0.00936283    0.00867082    0.00000000 
max(|Fsp_perp|)  :   0.00000000    0.00000000    0.00000000    0.00000000    0.00000000    0.00000000    0.00000000    0.00000000    0.00000000 
max(|FNEB|)      :   0.00000000    0.00926519    0.01138854    0.01250285    0.01563772    0.02118344    0.00749090    0.00807439    0.00000000 
max(|Force|)     :   0.00011181    0.00906744    0.01115772    0.01521262    0.01800163    0.02061568    0.04536975    0.01172879    0.00046161 
ksp              :   0.02293859    0.03775575    0.05430858    0.09598099    0.10000000    0.10000000    0.06725638    0.02039748 
max(|step|)      :   0.00000000    0.02985821    0.03953784    0.03583640    0.10000000    0.05043464    0.04422581    0.04854534    0.00292092 
angle (deg.)     :    14.4027  14.7137  29.4875  64.9441  103.7149  55.8216  24.4858 
>
iteration       : 32
climbing        : no
zoom on         : no
nim             : 9
barrier         :   0.09867679 (image:  4) 
distance        :   0.00000000   11.49600596   19.02745736   24.69026993   27.96175816   31.31071539   34.63225964   39.41494993   53.92228896 
energy          : -2464.51768788  -2464.50388032  -2464.48783855  -2464.46926844  -2464.41901108  -2464.42108676  -2464.45630452  -2464.50648540  -2464.54813204 
max(|Fr_perp|)   :   0.00000000    0.00606342    0.01131334    0.02447997    0.04424550    0.00859434    0.00962319    0.01018396    0.00000000 
Fr_paral         :   0.00000000   -0.00253552   -0.00390403   -0.01619910   -0.05350037    0.05617994    0.04414965    0.01202965    0.00000000 
max(|Fsp_paral|) :   0.00000000    0.00391666    0.00798805    0.01081435    0.00323358    0.00387790    0.00767381    0.00581115    0.00000000 
max(|Fsp_perp|)  :   0.00000000    0.00000000    0.00000000    0.00000000    0.00000000    0.00000000    0.00000000    0.00000000    0.00000000 
max(|FNEB|)      :   0.00000000    0.00480192    0.01138109    0.02547019    0.04640580    0.00957741    0.00616707    0.00613355    0.00000000 
max(|Force|)     :   0.00011181    0.00651128    0.01252561    0.02674116    0.04186114    0.02543654    0.04267712    0.01333594    0.00046161 
ksp              :   0.02258682    0.03721342    0.05415247    0.10000000    0.10000000    0.09805735    0.06595517    0.02021291 
max(|step|)      :   0.00000000    0.00967730    0.02293627    0.05132999    0.09352146    0.01930133    0.01242848    0.01236092    0.00000000 
angle (deg.)     :    14.4590  14.9112  30.5342  64.9342  104.2642  56.2491  24.8004 
>
iteration       : 33
climbing        : no
zoom on         : no
nim             : 9
barrier         :   0.09719741 (image:  5) 
distance        :   0.00000000   11.53808182   19.08542410   24.75705545   28.03437861   31.35418621   34.65156444   39.43080380   53.99080063 
energy          : -2464.51768788  -2464.50392464  -2464.48828587  -2464.47082439  -2464.42452216  -2464.42049047  -2464.45644513  -2464.50674171  -2464.54813204 
max(|Fr_perp|)   :   0.00000000    0.00549192    0.00667131    0.01205503    0.01094895    0.01302703    0.00915729    0.00951247    0.00000000 
Fr_paral         :   0.00000000   -0.00238450   -0.00269529   -0.01002860   -0.04033865    0.05361233    0.04537022    0.01214470    0.00000000 
max(|Fsp_paral|) :   0.00000000    0.00352236    0.00672275    0.00695132    0.00688243    0.00094284    0.00823655    0.00675488    0.00000000 
max(|Fsp_perp|)  :   0.00000000    0.00000000    0.00000000    0.00000000    0.00000000    0.00000000    0.00000000    0.00000000    0.00000000 
max(|FNEB|)      :   0.00000000    0.00563706    0.00683064    0.01204452    0.01412103    0.01305414    0.00538911    0.00663802    0.00000000 
max(|Force|)     :   0.00011181    0.00547324    0.00665168    0.01206334    0.01766454    0.02102176    0.04336122    0.01271227    0.00046161 
ksp              :   0.02274408    0.03722481    0.05339328    0.09626685    0.10000000    0.10000000    0.06670776    0.02013561 
max(|step|)      :   0.00000000    0.01248789    0.01589625    0.02076192    0.06066294    0.02332282    0.01539072    0.01859627    0.00107345 
angle (deg.)     :    14.5269  15.0463  31.7129  64.5464  104.5082  56.9165  25.2352 
>
iteration       : 34
climbing        : no
zoom on         : no
nim             : 9
barrier         :   0.09692109 (image:  5) 
distance        :   0.00000000   11.59137291   19.15300796   24.81842056   28.09652737   31.37213540   34.64904090   39.41881014   54.05647460 
energy          : -2464.51768788  -2464.50398442  -2464.48837702  -2464.47086416  -2464.42303011  -2464.42076679  -2464.45652348  -2464.50699002  -2464.54813204 
max(|Fr_perp|)   :   0.00000000    0.00256672    0.00595273    0.01061612    0.01625476    0.00829150    0.00858636    0.00858110    0.00000000 
Fr_paral         :   0.00000000   -0.00231218   -0.00225638   -0.00845118   -0.03948339    0.05482484    0.04663951    0.01225251    0.00000000 
max(|Fsp_paral|) :   0.00000000    0.00342836    0.00668646    0.01008841    0.00275090    0.00005407    0.00691653    0.00714252    0.00000000 
max(|Fsp_perp|)  :   0.00000000    0.00000000    0.00000000    0.00000000    0.00000000    0.00000000    0.00000000    0.00000000    0.00000000 
max(|FNEB|)      :   0.00000000    0.00433794    0.00521251    0.00982595    0.01811660    0.00831931    0.00548424    0.00679189    0.00000000 
max(|Force|)     :   0.00011181    0.00296506    0.00612451    0.01098846    0.02195256    0.02329955    0.04409034    0.01184428    0.00046161 
ksp              :   0.02272490    0.03721778    0.05348005    0.09789830    0.10000000    0.10000000    0.06679667    0.01993393 
max(|step|)      :   0.00000000    0.02528070    0.03188866    0.03123264    0.10000000    0.04728678    0.03058737    0.03751260    0.00128051 
angle (deg.)     :    14.6684  15.3128  33.8478  63.9416  104.6705  58.3597  26.1329 
>
iteration       : 35
climbing        : no
zoom on         : no
nim             : 9
barrier         :   0.09822317 (image:  4) 
distance        :   0.00000000   11.69864782   19.28787875   24.94220723   28.20785861   31.41193734   34.65028109   39.39797505   54.19647040 
energy          : -2464.51768788  -2464.50402877  -2464.48832874  -2464.47032063  -2464.41946470  -2464.42096519  -2464.45666488  -2464.50736047  -2464.54813204 
max(|Fr_perp|)   :   0.00000000    0.00525122    0.00969282    0.01790856    0.02719066    0.01332926    0.00745973    0.00733808    0.00000000 
Fr_paral         :   0.00000000   -0.00223265   -0.00186799   -0.00699303   -0.03733533    0.05461790    0.04816546    0.01242392    0.00000000 
max(|Fsp_paral|) :   0.00000000    0.00317553    0.00691541    0.01439992    0.00249522    0.00045509    0.00500214    0.00676738    0.00000000 
max(|Fsp_perp|)  :   0.00000000    0.00000000    0.00000000    0.00000000    0.00000000    0.00000000    0.00000000    0.00000000    0.00000000 
max(|FNEB|)      :   0.00000000    0.00518697    0.00801985    0.01698067    0.02757582    0.01346988    0.00573315    0.00640509    0.00000000 
max(|Force|)     :   0.00011181    0.00533525    0.00988356    0.01827619    0.02911688    0.02380824    0.04482593    0.01060852    0.00046161 
ksp              :   0.02251214    0.03689671    0.05340156    0.10000000    0.10000000    0.09860302    0.06589680    0.01946059 
max(|step|)      :   0.00000000    0.01152316    0.01781654    0.03772353    0.06126125    0.02992411    0.01273652    0.01422926    0.00000000 
angle (deg.)     :    14.7194  15.3847  33.6857  63.9669  103.8828  59.0337  26.4866 
>
iteration       : 36
climbing        : no
zoom on         : no
nim             : 9
barrier         :   0.09664545 (image:  5) 
distance        :   0.00000000   11.73565247   19.33469184   24.98765553   28.18808723   31.40575824   34.62796792   39.36190445   54.22402846 
energy          : -2464.51768788  -2464.50403036  -2464.48841308  -2464.47032130  -2464.42330880  -2464.42104243  -2464.45697789  -2464.50744696  -2464.54813204 
max(|Fr_perp|)   :   0.00000000    0.00983386    0.01249998    0.02869229    0.02836438    0.02507731    0.00918379    0.00833532    0.00000000 
Fr_paral         :   0.00000000   -0.00235719   -0.00284392   -0.01110069   -0.03527428    0.05181689    0.04612531    0.01239633    0.00000000 
max(|Fsp_paral|) :   0.00000000    0.00315672    0.00718128    0.00433625    0.00352103    0.00018956    0.00565678    0.00676444    0.00000000 
max(|Fsp_perp|)  :   0.00000000    0.00000000    0.00000000    0.00000000    0.00000000    0.00000000    0.00000000    0.00000000    0.00000000 
max(|FNEB|)      :   0.00000000    0.00995344    0.01265513    0.02866937    0.02835467    0.02507509    0.00910653    0.00635544    0.00000000 
max(|Force|)     :   0.00011181    0.00981681    0.01248057    0.02872664    0.02840474    0.02482372    0.04311218    0.01174162    0.00046161 
ksp              :   0.02271841    0.03726183    0.05410960    0.09788946    0.10000000    0.10000000    0.06653550    0.01953674 
max(|step|)      :   0.00000000    0.00739380    0.00983636    0.01447692    0.03142371    0.01535267    0.00979923    0.01154388    0.00071228 
angle (deg.)     :    14.7631  15.4285  33.9064  63.8301  103.4914  59.5664  26.7720 
>
iteration       : 37
climbing        : no
zoom on         : no
nim             : 9
barrier         :   0.09553359 (image:  5) 
distance        :   0.00000000   11.76603377   19.37531695   25.01832263   28.18924406   31.40731835   34.61986467   39.34165746   54.25559713 
energy          : -2464.51768788  -2464.50409997  -2464.48862518  -2464.47098618  -2464.42483078  -2464.42215429  -2464.45720695  -2464.50755099  -2464.54813204 
max(|Fr_perp|)   :   0.00000000    0.00609159    0.00755564    0.01071435    0.01099393    0.01354520    0.00677304    0.00876852    0.00000000 
Fr_paral         :   0.00000000   -0.00239972   -0.00317602   -0.01335686   -0.03842614    0.05301352    0.04531695    0.01241417    0.00000000 
max(|Fsp_paral|) :   0.00000000    0.00308551    0.00642077    0.00257446    0.00530617    0.00023212    0.00392492    0.00683583    0.00000000 
max(|Fsp_perp|)  :   0.00000000    0.00000000    0.00000000    0.00000000    0.00000000    0.00000000    0.00000000    0.00000000    0.00000000 
max(|FNEB|)      :   0.00000000    0.00620933    0.00755422    0.01058106    0.01238454    0.01354929    0.00526792    0.00635421    0.00000000 
max(|Force|)     :   0.00011181    0.00607410    0.00856151    0.01436597    0.01694567    0.02123896    0.04234719    0.01220541    0.00046161 
ksp              :   0.02280085    0.03737930    0.05399659    0.09747854    0.10000000    0.10000000    0.06697769    0.01954973 
max(|step|)      :   0.00000000    0.02431098    0.03167447    0.02732393    0.08885926    0.04992822    0.03207951    0.03858138    0.00277389 
angle (deg.)     :    14.9102  15.6123  35.3956  63.1457  102.5606  61.3305  27.7116 
>
iteration       : 38
climbing        : no
zoom on         : no
nim             : 9
barrier         :   0.09489009 (image:  4) 
distance        :   0.00000000   11.86625853   19.50695532   25.11898600   28.23582549   31.43772951   34.63223525   39.30808147   54.39421998 
energy          : -2464.51768788  -2464.50418552  -2464.48860120  -2464.47055316  -2464.42279779  -2464.42402758  -2464.45796090  -2464.50775257  -2464.54813204 
max(|Fr_perp|)   :   0.00000000    0.00540540    0.00996405    0.01967203    0.03585372    0.00965635    0.00575296    0.00933409    0.00000000 
Fr_paral         :   0.00000000   -0.00245248   -0.00367182   -0.01683619   -0.04164195    0.05673170    0.04270196    0.01251567    0.00000000 
max(|Fsp_paral|) :   0.00000000    0.00317114    0.00634685    0.00276768    0.00356386    0.00188214    0.00326101    0.00527843    0.00000000 
max(|Fsp_perp|)  :   0.00000000    0.00000000    0.00000000    0.00000000    0.00000000    0.00000000    0.00000000    0.00000000    0.00000000 
max(|FNEB|)      :   0.00000000    0.00396704    0.00966987    0.01982218    0.03657710    0.00938965    0.00474380    0.00533675    0.00000000 
max(|Force|)     :   0.00011181    0.00583755    0.01114024    0.02267036    0.03231253    0.02427695    0.03984970    0.01288246    0.00046161 
ksp              :   0.02280653    0.03758771    0.05470567    0.10000000    0.10000000    0.09883358    0.06664899    0.01942330 
max(|step|)      :   0.00000000    0.03564829    0.04686686    0.04035210    0.10000000    0.07454661    0.04622986    0.05348355    0.00257969 
angle (deg.)     :    15.1366  15.9409  37.9055  62.7781  101.4541  63.7835  29.1355 
>
iteration       : 39
climbing        : no
zoom on         : no
nim             : 9
barrier         :   0.09659137 (image:  4) 
distance        :   0.00000000   12.01425814   19.70300284   25.27174480   28.34215993   31.52606935   34.69441435   39.31233234   54.63980839 
energy          : -2464.51768788  -2464.50425110  -2464.48856217  -2464.46977707  -2464.42109651  -2464.42594875  -2464.45884381  -2464.50807506  -2464.54813204 
max(|Fr_perp|)   :   0.00000000    0.00683963    0.01133547    0.02800252    0.05093604    0.02094593    0.00725183    0.00939593    0.00000000 
Fr_paral         :   0.00000000   -0.00244351   -0.00376443   -0.01795025   -0.03678725    0.06010121    0.04031502    0.01265938    0.00000000 
max(|Fsp_paral|) :   0.00000000    0.00287678    0.00615444    0.00169972    0.00467268    0.00679772    0.00255505    0.00255215    0.00000000 
max(|Fsp_perp|)  :   0.00000000    0.00000000    0.00000000    0.00000000    0.00000000    0.00000000    0.00000000    0.00000000    0.00000000 
max(|FNEB|)      :   0.00000000    0.00679380    0.01126186    0.02811797    0.05229961    0.02104270    0.00734412    0.00684857    0.00000000 
max(|Force|)     :   0.00011181    0.00691770    0.01145988    0.02892582    0.04820802    0.02746861    0.03742323    0.01311005    0.00046161 
ksp              :   0.02251233    0.03712675    0.05463952    0.10000000    0.10000000    0.09542619    0.06479290    0.01895263 
max(|step|)      :   0.00000000    0.00907154    0.01503761    0.03754503    0.06983398    0.02809764    0.00980637    0.00914468    0.00000000 
angle (deg.)     :    15.1751  16.0288  38.5148  62.8329  101.5065  63.9116  29.3456 
>
iteration       : 40
climbing        : no
zoom on         : no
nim             : 9
barrier         :   0.09198710 (image:  5) 
distance        :   0.00000000   12.03476383   19.73151102   25.29489386   28.39693308   31.54846839   34.71087492   39.32985742   54.67584756 
energy          : -2464.51768788  -2464.50432079  -2464.48903400  -2464.47161277  -2464.42750450  -2464.42570077  -2464.45907738  -2464.50836029  -2464.54813204 
max(|Fr_perp|)   :   0.00000000    0.00460730    0.00885938    0.02053336    0.01878662    0.01358041    0.00461571    0.00847180    0.00000000 
Fr_paral         :   0.00000000   -0.00233095   -0.00292403   -0.01268972   -0.03294597    0.05729101    0.04157705    0.01271155    0.00000000 
max(|Fsp_paral|) :   0.00000000    0.00288012    0.00451068    0.00106112    0.00440658    0.00046103    0.00423442    0.00516210    0.00000000 
max(|Fsp_perp|)  :   0.00000000    0.00000000    0.00000000    0.00000000    0.00000000    0.00000000    0.00000000    0.00000000    0.00000000 
max(|FNEB|)      :   0.00000000    0.00470676    0.00898437    0.02053493    0.02093750    0.01381363    0.00437624    0.00502363    0.00000000 
max(|Force|)     :   0.00011181    0.00459184    0.00883267    0.02054510    0.01661467    0.02587082    0.03824517    0.01220994    0.00046161 
ksp              :   0.02307834    0.03803490    0.05507979    0.09823524    0.10000000    0.10000000    0.06734440    0.01912609 
max(|step|)      :   0.00000000    0.00480027    0.00596075    0.01324070    0.03794754    0.01655995    0.00582735    0.00641681    0.00025903 
angle (deg.)     :    15.1995  16.0592  39.0493  62.7500  101.6218  64.0991  29.5467 
>
iteration       : 41
climbing        : no
zoom on         : no
nim             : 9
barrier         :   0.09151619 (image:  5) 
distance        :   0.00000000   12.05492541   19.75352491   25.30787421   28.43253086   31.56776707   34.72825591   39.34091777   54.71293191 
energy          : -2464.51768788  -2464.50434828  -2464.48922608  -2464.47240968  -2464.42849260  -2464.42617168  -2464.45914797  -2464.50849430  -2464.54813204 
max(|Fr_perp|)   :   0.00000000    0.00300260    0.00456695    0.00542226    0.01062191    0.01408828    0.00474133    0.00789052    0.00000000 
Fr_paral         :   0.00000000   -0.00227668   -0.00250622   -0.01091954   -0.03390345    0.05765244    0.04281951    0.01277797    0.00000000 
max(|Fsp_paral|) :   0.00000000    0.00264580    0.00343676    0.00155798    0.00344977    0.00106777    0.00358343    0.00560453    0.00000000 
max(|Fsp_perp|)  :   0.00000000    0.00000000    0.00000000    0.00000000    0.00000000    0.00000000    0.00000000    0.00000000    0.00000000 
max(|FNEB|)      :   0.00000000    0.00343018    0.00317111    0.00541446    0.01226478    0.01462093    0.00454081    0.00521679    0.00000000 
max(|Force|)     :   0.00011181    0.00340589    0.00539547    0.00958374    0.01590938    0.02624881    0.03913534    0.01166462    0.00046161 
ksp              :   0.02311859    0.03799026    0.05452805    0.09771754    0.10000000    0.10000000    0.06757005    0.01904126 
max(|step|)      :   0.00000000    0.01647721    0.01728384    0.02625826    0.09830399    0.06309673    0.02132868    0.02411329    0.00128522 
angle (deg.)     :    15.2734  16.1735  40.7196  62.3776  101.7768  64.8545  30.2677 
>
iteration       : 42
climbing        : no
zoom on         : no
nim             : 9
barrier         :   0.08994650 (image:  4) 
distance        :   0.00000000   12.12283331   19.81835563   25.35327485   28.53646623   31.63097708   34.79222816   39.37633256   54.84740304 
energy          : -2464.51768788  -2464.50439593  -2464.48930166  -2464.47270405  -2464.42774138  -2464.42818003  -2464.45932032  -2464.50880250  -2464.54813204 
max(|Fr_perp|)   :   0.00000000    0.00254117    0.00592071    0.00973253    0.01640118    0.01714975    0.00492448    0.00651825    0.00000000 
Fr_paral         :   0.00000000   -0.00218744   -0.00192371   -0.00816175   -0.03519269    0.05892639    0.04537009    0.01296879    0.00000000 
max(|Fsp_paral|) :   0.00000000    0.00251207    0.00297979    0.00901412    0.00369571    0.00220842    0.00097084    0.00639599    0.00000000 
max(|Fsp_perp|)  :   0.00000000    0.00000000    0.00000000    0.00000000    0.00000000    0.00000000    0.00000000    0.00000000    0.00000000 
max(|FNEB|)      :   0.00000000    0.00333165    0.00521870    0.00963913    0.01676923    0.01816391    0.00487394    0.00549640    0.00000000 
max(|Force|)     :   0.00011181    0.00261414    0.00607165    0.01025351    0.02033047    0.02845413    0.04100164    0.01041174    0.00046161 
ksp              :   0.02329985    0.03840310    0.05501059    0.10000000    0.10000000    0.09956109    0.06840227    0.01889067 
max(|step|)      :   0.00000000    0.02038599    0.02084717    0.02312533    0.10000000    0.08437059    0.02669061    0.02989056    0.00095973 
angle (deg.)     :    15.3639  16.3485  42.3789  62.3883  101.6569  65.8834  31.1731 
>
iteration       : 43
climbing        : no
zoom on         : no
nim             : 9
barrier         :   0.09087646 (image:  4) 
distance        :   0.00000000   12.20645957   19.89630862   25.41555220   28.64393537   31.72320347   34.88603215   39.43015286   55.02792555 
energy          : -2464.51768788  -2464.50444658  -2464.48931283  -2464.47254145  -2464.42681142  -2464.43142801  -2464.45968036  -2464.50907837  -2464.54813204 
max(|Fr_perp|)   :   0.00000000    0.00287934    0.00790294    0.01687499    0.02628458    0.02037881    0.00484290    0.00650546    0.00000000 
Fr_paral         :   0.00000000   -0.00213880   -0.00164708   -0.00689249   -0.03308503    0.05916989    0.04645215    0.01314206    0.00000000 
max(|Fsp_paral|) :   0.00000000    0.00209049    0.00303165    0.01399473    0.00600505    0.00257404    0.00389381    0.00534176    0.00000000 
max(|Fsp_perp|)  :   0.00000000    0.00000000    0.00000000    0.00000000    0.00000000    0.00000000    0.00000000    0.00000000    0.00000000 
max(|FNEB|)      :   0.00000000    0.00292857    0.00792483    0.01732333    0.02687522    0.01921395    0.00688916    0.00487405    0.00000000 
max(|Force|)     :   0.00011181    0.00295995    0.00807455    0.01704199    0.02751350    0.03147984    0.04175585    0.01015846    0.00046161 
ksp              :   0.02310886    0.03809534    0.05471027    0.10000000    0.10000000    0.09540091    0.06743121    0.01852662 
max(|step|)      :   0.00000000    0.00657760    0.01779926    0.03890839    0.06036204    0.04315474    0.01547313    0.01094718    0.00000000 
angle (deg.)     :    15.3879  16.4828  42.2437  62.6222  100.5864  66.4712  31.5069 
>
iteration       : 44
climbing        : no
zoom on         : no
nim             : 9
barrier         :   0.08634421 (image:  4) 
distance        :   0.00000000   12.23121299   19.91568808   25.45058147   28.62764459   31.73045165   34.90063553   39.42257872   55.06884607 
energy          : -2464.51768788  -2464.50448188  -2464.48930641  -2464.47170294  -2464.43134367  -2464.43232950  -2464.46066134  -2464.50918172  -2464.54813204 
max(|Fr_perp|)   :   0.00000000    0.00438543    0.01542685    0.03548205    0.02356256    0.02014935    0.00512539    0.00660798    0.00000000 
Fr_paral         :   0.00000000   -0.00226038   -0.00263149   -0.01126947   -0.02684704    0.06116058    0.04087560    0.01307749    0.00000000 
max(|Fsp_paral|) :   0.00000000    0.00259860    0.00556004    0.00197902    0.00309569    0.00146034    0.00020699    0.00582539    0.00000000 
max(|Fsp_perp|)  :   0.00000000    0.00000000    0.00000000    0.00000000    0.00000000    0.00000000    0.00000000    0.00000000    0.00000000 
max(|FNEB|)      :   0.00000000    0.00446650    0.01555295    0.03549210    0.02352826    0.02085778    0.00514160    0.00503044    0.00000000 
max(|Force|)     :   0.00011181    0.00437186    0.01540671    0.03552057    0.02343854    0.03259954    0.03733573    0.01065563    0.00046161 
ksp              :   0.02376513    0.03958313    0.05793193    0.10000000    0.10000000    0.09897243    0.06944103    0.01886630 
max(|step|)      :   0.00000000    0.00615217    0.00665709    0.01345462    0.03901817    0.03925753    0.01030033    0.00981113    0.00077706 
angle (deg.)     :    15.4171  16.5281  42.4105  62.8508  99.9603  66.9180  31.7948 
>
iteration       : 45
climbing        : no
zoom on         : no
nim             : 9
barrier         :   0.08405233 (image:  5) 
distance        :   0.00000000   12.25534415   19.94047845   25.47108008   28.62802770   31.75468609   34.92998452   39.43073647   55.12042294 
energy          : -2464.51768788  -2464.50450640  -2464.48953717  -2464.47268058  -2464.43398697  -2464.43363555  -2464.46122247  -2464.50922646  -2464.54813204 
max(|Fr_perp|)   :   0.00000000    0.00383119    0.00771171    0.01614575    0.01131714    0.01909707    0.00615341    0.00719394    0.00000000 
Fr_paral         :   0.00000000   -0.00231471   -0.00296072   -0.01399154   -0.02573385    0.06250859    0.03771214    0.01306267    0.00000000 
max(|Fsp_paral|) :   0.00000000    0.00249874    0.00450983    0.00494112    0.00077520    0.00204978    0.00033705    0.00563859    0.00000000 
max(|Fsp_perp|)  :   0.00000000    0.00000000    0.00000000    0.00000000    0.00000000    0.00000000    0.00000000    0.00000000    0.00000000 
max(|FNEB|)      :   0.00000000    0.00342966    0.00782977    0.01617139    0.01131397    0.02015340    0.00613101    0.00490364    0.00000000 
max(|Force|)     :   0.00011181    0.00424236    0.00770456    0.01619469    0.01572420    0.03267224    0.03480375    0.01126789    0.00046161 
ksp              :   0.02411422    0.04014270    0.05819208    0.09962371    0.10000000    0.10000000    0.07046099    0.01906016 
max(|step|)      :   0.00000000    0.01572972    0.01698824    0.01643311    0.06444704    0.10000000    0.02531912    0.02531227    0.00232016 
angle (deg.)     :    15.4993  16.6427  43.3887  63.2735  98.8373  67.9021  32.5317 
>
iteration       : 46
climbing        : no
zoom on         : no
nim             : 9
barrier         :   0.08124853 (image:  4) 
distance        :   0.00000000   12.31778725   20.00295106   25.51837389   28.66460854   31.84671002   35.03605613   39.48066959   55.28070220 
energy          : -2464.51768788  -2464.50456328  -2464.48966480  -2464.47308832  -2464.43643935  -2464.43682020  -2464.46240657  -2464.50931307  -2464.54813204 
max(|Fr_perp|)   :   0.00000000    0.00441702    0.00792111    0.01153722    0.02126605    0.01186142    0.00746928    0.00778627    0.00000000 
Fr_paral         :   0.00000000   -0.00234503   -0.00317661   -0.01542764   -0.02058423    0.06158318    0.03282249    0.01309570    0.00000000 
max(|Fsp_paral|) :   0.00000000    0.00253626    0.00416987    0.00877281    0.00148811    0.00028728    0.00081944    0.00380309    0.00000000 
max(|Fsp_perp|)  :   0.00000000    0.00000000    0.00000000    0.00000000    0.00000000    0.00000000    0.00000000    0.00000000    0.00000000 
max(|FNEB|)      :   0.00000000    0.00321548    0.00673721    0.01565077    0.02170253    0.01169672    0.00744824    0.00398653    0.00000000 
max(|Force|)     :   0.00011181    0.00484929    0.00903719    0.01641184    0.01959863    0.02683111    0.03067472    0.01195004    0.00046161 
ksp              :   0.02453461    0.04103651    0.05940324    0.10000000    0.10000000    0.09955938    0.07122261    0.01927596 
max(|step|)      :   0.00000000    0.01305779    0.02735924    0.06355646    0.08813217    0.04749942    0.03024669    0.01618897    0.00000000 
angle (deg.)     :    15.5884  16.5998  45.0506  63.3765  98.3449  68.0143  33.1021 
>
iteration       : 47
climbing        : no
zoom on         : no
nim             : 9
barrier         :   0.07980951 (image:  5) 
distance        :   0.00000000   12.37266112   20.06133215   25.52691397   28.77584164   31.94376239   35.11529086   39.52731007   55.39445369 
energy          : -2464.51768788  -2464.50459315  -2464.48970432  -2464.47381540  -2464.43920003  -2464.43787837  -2464.46296989  -2464.50963692  -2464.54813204 
max(|Fr_perp|)   :   0.00000000    0.00296125    0.00788858    0.01546314    0.01132107    0.01154215    0.00498949    0.00575229    0.00000000 
Fr_paral         :   0.00000000   -0.00212379   -0.00154479   -0.00507535   -0.02343797    0.05714942    0.03857157    0.01328882    0.00000000 
max(|Fsp_paral|) :   0.00000000    0.00252364    0.00189509    0.00345639    0.00136466    0.00015120    0.00066662    0.00436888    0.00000000 
max(|Fsp_perp|)  :   0.00000000    0.00000000    0.00000000    0.00000000    0.00000000    0.00000000    0.00000000    0.00000000    0.00000000 
max(|FNEB|)      :   0.00000000    0.00327776    0.00744113    0.01550472    0.01082630    0.01162614    0.00496842    0.00413330    0.00000000 
max(|Force|)     :   0.00011181    0.00294933    0.00801320    0.01550525    0.01344007    0.02484649    0.03470269    0.01001057    0.00046161 
ksp              :   0.02476673    0.04155665    0.05947435    0.09850958    0.10000000    0.10000000    0.07170466    0.01907894 
max(|step|)      :   0.00000000    0.01716413    0.01517689    0.04383571    0.07873604    0.06172172    0.03303578    0.02228099    0.00111062 
angle (deg.)     :    15.6537  16.4031  46.5807  64.0534  97.4074  68.3350  33.8945 
>
iteration       : 48
climbing        : no
zoom on         : no
nim             : 9
barrier         :   0.07862536 (image:  5) 
distance        :   0.00000000   12.44321762   20.11432725   25.52109251   28.87610374   32.04719184   35.20416778   39.57617975   55.53446798 
energy          : -2464.51768788  -2464.50462458  -2464.48973987  -2464.47460011  -2464.44112035  -2464.43906252  -2464.46351061  -2464.50995169  -2464.54813204 
max(|Fr_perp|)   :   0.00000000    0.00278984    0.00881450    0.01612356    0.01451511    0.00894664    0.00610335    0.00569928    0.00000000 
Fr_paral         :   0.00000000   -0.00210463   -0.00137177   -0.00363639   -0.02633072    0.05669399    0.04013515    0.01341114    0.00000000 
max(|Fsp_paral|) :   0.00000000    0.00224322    0.00046831    0.00483383    0.00438785    0.00058916    0.00071622    0.00454838    0.00000000 
max(|Fsp_perp|)  :   0.00000000    0.00000000    0.00000000    0.00000000    0.00000000    0.00000000    0.00000000    0.00000000    0.00000000 
max(|FNEB|)      :   0.00000000    0.00302389    0.00881955    0.01606568    0.01422366    0.00895071    0.00611478    0.00411828    0.00000000 
max(|Force|)     :   0.00011181    0.00287133    0.00881951    0.01615423    0.01664252    0.02385083    0.03581197    0.00958867    0.00046161 
ksp              :   0.02495315    0.04199122    0.05932122    0.09764447    0.10000000    0.10000000    0.07201503    0.01885537 
max(|step|)      :   0.00000000    0.02266497    0.01819079    0.05129094    0.10000000    0.07729827    0.04219971    0.02883399    0.00092955 
angle (deg.)     :    15.7320  16.2073  48.3981  65.4683  96.0129  68.7841  34.9878 
>
iteration       : 49
climbing        : no
zoom on         : no
nim             : 9
barrier         :   0.07767822 (image:  5) 
distance        :   0.00000000   12.53569038   20.17453133   25.51979437   29.00493459   32.19366488   35.33399986   39.65456175   55.73530964 
energy          : -2464.51768788  -2464.50466857  -2464.48998532  -2464.47589463  -2464.44467415  -2464.44000966  -2464.46420186  -2464.51033135  -2464.54813204 
max(|Fr_perp|)   :   0.00000000    0.00368030    0.00917577    0.01295879    0.01750078    0.01267041    0.00598556    0.00585596    0.00000000 
Fr_paral         :   0.00000000   -0.00211507   -0.00142014   -0.00381261   -0.02492040    0.05513246    0.04097420    0.01351437    0.00000000 
max(|Fsp_paral|) :   0.00000000    0.00138348    0.00310555    0.01260257    0.00461427    0.00198931    0.00262254    0.00435710    0.00000000 
max(|Fsp_perp|)  :   0.00000000    0.00000000    0.00000000    0.00000000    0.00000000    0.00000000    0.00000000    0.00000000    0.00000000 
max(|FNEB|)      :   0.00000000    0.00371096    0.00934444    0.01416782    0.01809704    0.01288230    0.00604430    0.00391305    0.00000000 
max(|Force|)     :   0.00011181    0.00376009    0.00932275    0.01278716    0.01877891    0.02387475    0.03636004    0.00985612    0.00046161 
ksp              :   0.02508441    0.04210353    0.05842887    0.09463148    0.10000000    0.10000000    0.07196867    0.01852403 
max(|step|)      :   0.00000000    0.00825872    0.02079601    0.03153040    0.04027487    0.02866950    0.01345155    0.00870848    0.00000000 
angle (deg.)     :    15.7124  16.4101  48.4576  66.9711  95.2061  68.9103  35.3436 
>
iteration       : 50
climbing        : no
zoom on         : no
nim             : 9
barrier         :   0.07811198 (image:  5) 
distance        :   0.00000000   12.55233542   20.15468288   25.54288107   29.02009660   32.22529467   35.36508253   39.67340386   55.79258029 
energy          : -2464.51768788  -2464.50468659  -2464.48985811  -2464.47634116  -2464.44825038  -2464.43957590  -2464.46435578  -2464.51042039  -2464.54813204 
max(|Fr_perp|)   :   0.00000000    0.00705527    0.01866024    0.00745426    0.02667373    0.01834640    0.00818178    0.00543526    0.00000000 
Fr_paral         :   0.00000000   -0.00221891   -0.00193792   -0.01073930   -0.01547737    0.05394754    0.03859420    0.01344079    0.00000000 
max(|Fsp_paral|) :   0.00000000    0.00120528    0.00309562    0.00174205    0.00320350    0.00262607    0.00521899    0.00392261    0.00000000 
max(|Fsp_perp|)  :   0.00000000    0.00000000    0.00000000    0.00000000    0.00000000    0.00000000    0.00000000    0.00000000    0.00000000 
max(|FNEB|)      :   0.00000000    0.00708491    0.01854641    0.00741038    0.02672226    0.01841826    0.00813388    0.00409077    0.00000000 
max(|Force|)     :   0.00011181    0.00704472    0.01863632    0.00908537    0.02657427    0.02487641    0.03461796    0.00995773    0.00046161 
ksp              :   0.02497998    0.04206524    0.05763936    0.09000534    0.10000000    0.10000000    0.07144882    0.01837355 
max(|step|)      :   0.00000000    0.00371778    0.00950753    0.01361093    0.02747908    0.01057369    0.00731618    0.00685186    0.00048246 
angle (deg.)     :    15.6969  16.5455  48.7701  67.8230  94.8439  68.9704  35.6334 
>
iteration       : 51
climbing        : no
zoom on         : no
nim             : 9
barrier         :   0.07803633 (image:  5) 
distance        :   0.00000000   12.56523254   20.13957765   25.55937732   29.04952570   32.25439818   35.40109144   39.70071968   55.85009224 
energy          : -2464.51768788  -2464.50474443  -2464.49039923  -2464.47613237  -2464.45097350  -2464.43965154  -2464.46428868  -2464.51050030  -2464.54813204 
max(|Fr_perp|)   :   0.00000000    0.00449495    0.00711937    0.00836469    0.01806436    0.01367393    0.00484925    0.00597338    0.00000000 
Fr_paral         :   0.00000000   -0.00223582   -0.00232939   -0.01357906   -0.01556733    0.05445956    0.03805211    0.01342280    0.00000000 
max(|Fsp_paral|) :   0.00000000    0.00017419    0.00005919    0.00767342    0.00727853    0.00229102    0.00583349    0.00420278    0.00000000 
max(|Fsp_perp|)  :   0.00000000    0.00000000    0.00000000    0.00000000    0.00000000    0.00000000    0.00000000    0.00000000    0.00000000 
max(|FNEB|)      :   0.00000000    0.00449928    0.00711751    0.01126147    0.02147947    0.01524700    0.00479445    0.00378004    0.00000000 
max(|Force|)     :   0.00011181    0.00448422    0.00709467    0.01222542    0.01494547    0.02483104    0.03431380    0.01051247    0.00046161 
ksp              :   0.02492780    0.04147224    0.05792634    0.08694229    0.10000000    0.10000000    0.07158578    0.01828950 
max(|step|)      :   0.00000000    0.00994835    0.02795083    0.01970389    0.09692287    0.05011484    0.01823039    0.02233574    0.00180468 
angle (deg.)     :    15.7114  16.7934  50.4202  70.2006  94.3003  69.0965  36.5640 
>
iteration       : 52
climbing        : no
zoom on         : no
nim             : 9
barrier         :   0.07841392 (image:  5) 
distance        :   0.00000000   12.59384684   20.11490364   25.59731768   29.18987106   32.37883735   35.56458924   39.83547218   56.08277979 
energy          : -2464.51768788  -2464.50487272  -2464.49052122  -2464.47582227  -2464.45577752  -2464.43927396  -2464.46373422  -2464.51064839  -2464.54813204 
max(|Fr_perp|)   :   0.00000000    0.00369374    0.00906508    0.01446571    0.02725854    0.01794225    0.00469178    0.00691385    0.00000000 
Fr_paral         :   0.00000000   -0.00224878   -0.00267545   -0.01687281   -0.01513208    0.05572688    0.03843735    0.01344064    0.00000000 
max(|Fsp_paral|) :   0.00000000    0.00028114    0.00288130    0.01993931    0.01201086    0.00013461    0.00966718    0.00460607    0.00000000 
max(|Fsp_perp|)  :   0.00000000    0.00000000    0.00000000    0.00000000    0.00000000    0.00000000    0.00000000    0.00000000    0.00000000 
max(|FNEB|)      :   0.00000000    0.00394727    0.00903515    0.02208293    0.03214251    0.01807685    0.00733476    0.00384058    0.00000000 
max(|Force|)     :   0.00011181    0.00408560    0.00907446    0.01882477    0.02458969    0.02996431    0.03495763    0.01151989    0.00046161 
ksp              :   0.02470867    0.04118068    0.05805148    0.08105795    0.10000000    0.10000000    0.07192560    0.01807962 
max(|step|)      :   0.00000000    0.00893364    0.02661588    0.01339734    0.10000000    0.05023493    0.01775675    0.02063583    0.00131500 
angle (deg.)     :    15.7390  16.9720  52.0989  72.5546  94.1139  69.1406  37.4525 
>
iteration       : 53
climbing        : no
zoom on         : no
nim             : 9
barrier         :   0.07874396 (image:  5) 
distance        :   0.00000000   12.62010763   20.09732466   25.62770980   29.34323990   32.52564101   35.74903249   39.99484346   56.33417971 
energy          : -2464.51768788  -2464.50496238  -2464.49031010  -2464.47588789  -2464.45945483  -2464.43894392  -2464.46294587  -2464.51073640  -2464.54813204 
max(|Fr_perp|)   :   0.00000000    0.00536549    0.01703678    0.01695995    0.03371215    0.01915779    0.00711561    0.00737851    0.00000000 
Fr_paral         :   0.00000000   -0.00224712   -0.00266512   -0.01784039   -0.01488337    0.05530389    0.04035481    0.01348865    0.00000000 
max(|Fsp_paral|) :   0.00000000    0.00017834    0.00362297    0.02589746    0.01473340    0.00212556    0.01215713    0.00514006    0.00000000 
max(|Fsp_perp|)  :   0.00000000    0.00000000    0.00000000    0.00000000    0.00000000    0.00000000    0.00000000    0.00000000    0.00000000 
max(|FNEB|)      :   0.00000000    0.00542902    0.01714496    0.02600801    0.03776178    0.01759033    0.00966520    0.00427303    0.00000000 
max(|Force|)     :   0.00011181    0.00543531    0.01723311    0.02045121    0.03251409    0.03214198    0.03671589    0.01205837    0.00046161 
ksp              :   0.02454209    0.04129831    0.05777904    0.07659007    0.10000000    0.10000000    0.07254892    0.01794378 
max(|step|)      :   0.00000000    0.01081878    0.03416592    0.05182791    0.07525046    0.03505344    0.01926050    0.00851516    0.00000000 
angle (deg.)     :    15.8182  16.7030  53.5354  72.7843  95.3862  68.8862  37.7461 
>
iteration       : 54
climbing        : no
zoom on         : no
nim             : 9
barrier         :   0.07659602 (image:  5) 
distance        :   0.00000000   12.61979048   20.12286799   25.60968907   29.47073565   32.63779989   35.87855568   40.11396362   56.48922009 
energy          : -2464.51768788  -2464.50500395  -2464.48974374  -2464.47752369  -2464.46397226  -2464.44109186  -2464.46204620  -2464.51073378  -2464.54813204 
max(|Fr_perp|)   :   0.00000000    0.00837074    0.02990684    0.00847045    0.03774063    0.02624702    0.01023030    0.00577333    0.00000000 
Fr_paral         :   0.00000000   -0.00215683   -0.00152015   -0.00768886   -0.01414583    0.04412712    0.04675204    0.01370639    0.00000000 
max(|Fsp_paral|) :   0.00000000    0.00137418    0.00253687    0.02343189    0.01507633    0.00447853    0.00408837    0.00751524    0.00000000 
max(|Fsp_perp|)  :   0.00000000    0.00000000    0.00000000    0.00000000    0.00000000    0.00000000    0.00000000    0.00000000    0.00000000 
max(|FNEB|)      :   0.00000000    0.00839926    0.02980648    0.02696593    0.03815760    0.02601027    0.01018826    0.00524041    0.00000000 
max(|Force|)     :   0.00011181    0.00836208    0.02988672    0.00925290    0.03756918    0.02518720    0.04147975    0.01051923    0.00046161 
ksp              :   0.02490356    0.04283425    0.05719275    0.07311562    0.10000000    0.10000000    0.07537874    0.01817103 
max(|step|)      :   0.00000000    0.00435705    0.00899652    0.04185614    0.06781136    0.02570203    0.01103305    0.00796867    0.00036780 
angle (deg.)     :    15.8446  16.4516  54.6630  73.1529  96.4566  68.8439  37.9966 
>
iteration       : 55
climbing        : no
zoom on         : no
nim             : 9
barrier         :   0.07409188 (image:  5) 
distance        :   0.00000000   12.62593930   20.12939103   25.58798244   29.58020791   32.73746247   35.99670310   40.21610611   56.62829945 
energy          : -2464.51768788  -2464.50506671  -2464.49060013  -2464.47766645  -2464.46778331  -2464.44359600  -2464.46142704  -2464.51061529  -2464.54813204 
max(|Fr_perp|)   :   0.00000000    0.00703224    0.01710932    0.01416531    0.03428220    0.02140916    0.00842414    0.00477668    0.00000000 
Fr_paral         :   0.00000000   -0.00208472   -0.00139487   -0.00274012   -0.02200845    0.03764529    0.04949764    0.01387703    0.00000000 
max(|Fsp_paral|) :   0.00000000    0.00040540    0.00065201    0.02839612    0.01490125    0.00692993    0.00392574    0.00881422    0.00000000 
max(|Fsp_perp|)  :   0.00000000    0.00000000    0.00000000    0.00000000    0.00000000    0.00000000    0.00000000    0.00000000    0.00000000 
max(|FNEB|)      :   0.00000000    0.00704060    0.01708564    0.03573513    0.03794378    0.02102653    0.00846016    0.00555667    0.00000000 
max(|Force|)     :   0.00011181    0.00702394    0.01709259    0.01412144    0.03189777    0.02426485    0.04355338    0.00958677    0.00046161 
ksp              :   0.02533103    0.04290370    0.05861435    0.07061948    0.10000000    0.10000000    0.07834049    0.01859113 
max(|step|)      :   0.00000000    0.00629713    0.01026821    0.06874003    0.10000000    0.03536894    0.01130147    0.01209693    0.00067453 
angle (deg.)     :    15.8951  16.0293  56.3019  73.9063  97.9740  68.9236  38.3541 
>
iteration       : 56
climbing        : no
zoom on         : no
nim             : 9
barrier         :   0.07076052 (image:  5) 
distance        :   0.00000000   12.63171726   20.14197900   25.55045889   29.74520924   32.89599798   36.18789208   40.37874315   56.84801010 
energy          : -2464.51768788  -2464.50514493  -2464.49084686  -2464.47728049  -2464.47014883  -2464.44692736  -2464.46079876  -2464.51035026  -2464.54813204 
max(|Fr_perp|)   :   0.00000000    0.00532701    0.00916324    0.02123318    0.02819280    0.01797329    0.00763815    0.00510246    0.00000000 
Fr_paral         :   0.00000000   -0.00202252   -0.00120434    0.00328304   -0.03133006    0.03045721    0.05149612    0.01410323    0.00000000 
max(|Fsp_paral|) :   0.00000000    0.00071192    0.00018377    0.02733927    0.00864194    0.01043545    0.01344694    0.00929951    0.00000000 
max(|Fsp_perp|)  :   0.00000000    0.00000000    0.00000000    0.00000000    0.00000000    0.00000000    0.00000000    0.00000000    0.00000000 
max(|FNEB|)      :   0.00000000    0.00540010    0.00929565    0.03859473    0.02976316    0.02023873    0.01492811    0.00584920    0.00000000 
max(|Force|)     :   0.00011181    0.00537779    0.00927528    0.02134194    0.02575985    0.02286457    0.04512360    0.00950534    0.00046161 
ksp              :   0.02594838    0.04413410    0.06139312    0.07046370    0.10000000    0.10000000    0.08234457    0.01932734 
max(|step|)      :   0.00000000    0.01399182    0.02408529    0.10000000    0.07711716    0.05243910    0.03867914    0.01515543    0.00000000 
angle (deg.)     :    15.9064  15.3878  57.4403  74.8703  99.0202  70.0765  38.5764 
>
iteration       : 57
climbing        : no
zoom on         : no
nim             : 9
barrier         :   0.06624513 (image:  5) 
distance        :   0.00000000   12.64217268   20.14305686   25.48139227   29.85492054   33.04659430   36.39370963   40.52121158   57.06218349 
energy          : -2464.51768788  -2464.50512521  -2464.49035522  -2464.47991338  -2464.47082106  -2464.45144275  -2464.46305136  -2464.50981889  -2464.54813204 
max(|Fr_perp|)   :   0.00000000    0.00971387    0.02114250    0.00996032    0.03136950    0.02312192    0.01207636    0.00717761    0.00000000 
Fr_paral         :   0.00000000   -0.00215871   -0.00154043   -0.00319814   -0.04010175    0.02787231    0.03954255    0.01415897    0.00000000 
max(|Fsp_paral|) :   0.00000000    0.00219524    0.00805532    0.00390796    0.00135192    0.01161706    0.01093855    0.00189937    0.00000000 
max(|Fsp_perp|)  :   0.00000000    0.00000000    0.00000000    0.00000000    0.00000000    0.00000000    0.00000000    0.00000000    0.00000000 
max(|FNEB|)      :   0.00000000    0.00966371    0.02132427    0.00987584    0.03141722    0.02216724    0.01315013    0.00720798    0.00000000 
max(|Force|)     :   0.00011181    0.00972340    0.02115319    0.00990772    0.03199848    0.02262818    0.03563180    0.00969474    0.00046161 
ksp              :   0.02706752    0.04713389    0.06132007    0.07367281    0.10000000    0.10000000    0.08422865    0.02069073 
max(|step|)      :   0.00000000    0.00515499    0.01260660    0.06675758    0.06195511    0.05005881    0.03672159    0.01153549    0.00048709 
angle (deg.)     :    15.8764  15.0999  58.1702  75.8294  100.2914  71.1033  38.8472 
>
iteration       : 58
climbing        : no
zoom on         : no
nim             : 9
barrier         :   0.06084633 (image:  5) 
distance        :   0.00000000   12.66135549   20.11509480   25.44104594   29.94040986   33.20695222   36.60982888   40.69537233   57.28896464 
energy          : -2464.51768788  -2464.50522767  -2464.49116950  -2464.48075516  -2464.47320162  -2464.45684155  -2464.46454676  -2464.50967278  -2464.54813204 
max(|Fr_perp|)   :   0.00000000    0.00477712    0.00734004    0.00616067    0.01788524    0.01624926    0.01024065    0.00539511    0.00000000 
Fr_paral         :   0.00000000   -0.00220462   -0.00211016   -0.00974896   -0.03441620    0.01871228    0.02813614    0.01412897    0.00000000 
max(|Fsp_paral|) :   0.00000000    0.00134135    0.00676404    0.00242021    0.00646759    0.01079795    0.01827576    0.00023657    0.00000000 
max(|Fsp_perp|)  :   0.00000000    0.00000000    0.00000000    0.00000000    0.00000000    0.00000000    0.00000000    0.00000000    0.00000000 
max(|FNEB|)      :   0.00000000    0.00474894    0.01338602    0.00618673    0.01728312    0.01753338    0.02104994    0.00563168    0.00000000 
max(|Force|)     :   0.00011181    0.00478607    0.00734213    0.00810601    0.01653963    0.01801175    0.02646663    0.01039240    0.00046161 
ksp              :   0.02843034    0.04922429    0.06462851    0.07580123    0.10000000    0.10000000    0.08860294    0.02185543 
max(|step|)      :   0.00000000    0.00877334    0.03286089    0.10000000    0.08966350    0.09373778    0.08570987    0.01834445    0.00119131 
angle (deg.)     :    15.8325  14.8311  59.2796  77.3447  102.8521  73.1310  39.3735 
>
iteration       : 59
climbing        : no
zoom on         : no
nim             : 9
barrier         :   0.05263094 (image:  5) 
distance        :   0.00000000   12.69320421   20.05841582   25.39068097   30.07537643   33.52257820   37.04902910   41.06423480   57.74020753 
energy          : -2464.51768788  -2464.50531809  -2464.49149907  -2464.48092094  -2464.47532556  -2464.46505694  -2464.46654827  -2464.50963146  -2464.54813204 
max(|Fr_perp|)   :   0.00000000    0.00371690    0.00704294    0.01793189    0.01984010    0.01961586    0.02263237    0.00595142    0.00000000 
Fr_paral         :   0.00000000   -0.00221797   -0.00218064   -0.01620813   -0.02652408    0.00146337    0.00236552    0.01404418    0.00000000 
max(|Fsp_paral|) :   0.00000000    0.00155729    0.00422651    0.00177752    0.01886185    0.00665404    0.03219054    0.00188148    0.00000000 
max(|Fsp_perp|)  :   0.00000000    0.00000000    0.00000000    0.00000000    0.00000000    0.00000000    0.00000000    0.00000000    0.00000000 
max(|FNEB|)      :   0.00000000    0.00247696    0.01130153    0.01805963    0.02174186    0.01988123    0.03502106    0.00783266    0.00000000 
max(|Force|)     :   0.00011181    0.00410049    0.00768992    0.01852253    0.01906779    0.01966766    0.02188855    0.01098312    0.00046161 
ksp              :   0.03114648    0.05477420    0.07287149    0.08246246    0.10000000    0.10000000    0.09744531    0.02377704 
max(|step|)      :   0.00000000    0.00707277    0.03227066    0.05156791    0.06208225    0.05676934    0.10000000    0.02236556    0.00000000 
angle (deg.)     :    15.8125  15.0584  59.1826  78.4039  104.2391  74.5180  39.5999 
>
iteration       : 60
climbing        : no
zoom on         : no
nim             : 9
barrier         :   0.04891695 (image:  5) 
distance        :   0.00000000   12.71754330   20.02236532   25.41514201   30.07184007   33.71859119   37.34697225   41.32651480   58.00919768 
energy          : -2464.51768788  -2464.50534922  -2464.49164823  -2464.48187730  -2464.47998556  -2464.46877093  -2464.46904028  -2464.51032811  -2464.54813204 
max(|Fr_perp|)   :   0.00000000    0.00283110    0.00799084    0.00842196    0.02014473    0.01857810    0.01876645    0.00461694    0.00000000 
Fr_paral         :   0.00000000   -0.00206327   -0.00126747   -0.00300059   -0.01852889   -0.00221850   -0.00938381    0.01400849    0.00000000 
max(|Fsp_paral|) :   0.00000000    0.00137758    0.00398088    0.03094977    0.00222552    0.00153106    0.02751933    0.00117616    0.00000000 
max(|Fsp_perp|)  :   0.00000000    0.00000000    0.00000000    0.00000000    0.00000000    0.00000000    0.00000000    0.00000000    0.00000000 
max(|FNEB|)      :   0.00000000    0.00280532    0.00809980    0.03532293    0.01998588    0.01859165    0.02783091    0.00344078    0.00000000 
max(|Force|)     :   0.00011181    0.00283856    0.00799052    0.00836940    0.01954548    0.01859446    0.02159149    0.00967580    0.00046161 
ksp              :   0.03270132    0.05790913    0.07588621    0.07936674    0.10000000    0.10000000    0.09950443    0.02354089 
max(|step|)      :   0.00000000    0.00636412    0.02668476    0.04312683    0.04894495    0.06069882    0.10000000    0.01893881    0.00098557 
angle (deg.)     :    15.7885  14.9583  59.7373  79.5240  105.4500  75.9578  39.9119 
>
iteration       : 61
climbing        : no
zoom on         : no
nim             : 9
barrier         :   0.04781461 (image:  6) 
distance        :   0.00000000   12.74275716   19.98214456   25.40384661   30.11995543   33.93638520   37.68000210   41.61327817   58.31203528 
energy          : -2464.51768788  -2464.50537783  -2464.49175777  -2464.48108755  -2464.48261886  -2464.47265627  -2464.46987327  -2464.51088838  -2464.54813204 
max(|Fr_perp|)   :   0.00000000    0.00257163    0.00746735    0.02116025    0.02518435    0.01937577    0.02032225    0.00431752    0.00000000 
Fr_paral         :   0.00000000   -0.00200256   -0.00110075    0.00406643   -0.00976121   -0.00316914   -0.02133431    0.01395346    0.00000000 
max(|Fsp_paral|) :   0.00000000    0.00058942    0.00057719    0.04231427    0.00456596    0.01043611    0.01530866    0.00461883    0.00000000 
max(|Fsp_perp|)  :   0.00000000    0.00000000    0.00000000    0.00000000    0.00000000    0.00000000    0.00000000    0.00000000    0.00000000 
max(|FNEB|)      :   0.00000000    0.00241919    0.00734122    0.05054378    0.02344627    0.01906402    0.02048646    0.00344060    0.00000000 
max(|Force|)     :   0.00011181    0.00267906    0.00758049    0.02124422    0.02356041    0.01945742    0.02389257    0.00879906    0.00046161 
ksp              :   0.03316744    0.05880357    0.07889874    0.07889874    0.09476806    0.10000000    0.10000000    0.02279599 
max(|step|)      :   0.00000000    0.00478632    0.01452448    0.10000000    0.04638804    0.03771785    0.04053210    0.00680717    0.00000000 
angle (deg.)     :    15.8115  14.3750  60.5230  80.5645  105.3425  76.1224  40.0894 
>
iteration       : 62
climbing        : no
zoom on         : no
nim             : 9
barrier         :   0.04640686 (image:  6) 
distance        :   0.00000000   12.74958027   19.98551949   25.32474920   30.18365327   34.06488831   37.82033589   41.69433100   58.42485123 
energy          : -2464.51768788  -2464.50542532  -2464.49200839  -2464.48269942  -2464.48482240  -2464.47448784  -2464.47128102  -2464.51085414  -2464.54813204 
max(|Fr_perp|)   :   0.00000000    0.00191881    0.00259074    0.01228493    0.01066959    0.01878735    0.01735264    0.00409254    0.00000000 
Fr_paral         :   0.00000000   -0.00208213   -0.00152317    0.00137247   -0.01275857   -0.00670830   -0.01595553    0.01391206    0.00000000 
max(|Fsp_paral|) :   0.00000000    0.00039026    0.00458473    0.02808204    0.00615185    0.00946763    0.00948711    0.00060842    0.00000000 
max(|Fsp_perp|)  :   0.00000000    0.00000000    0.00000000    0.00000000    0.00000000    0.00000000    0.00000000    0.00000000    0.00000000 
max(|FNEB|)      :   0.00000000    0.00192495    0.00717547    0.03388172    0.01114973    0.01837671    0.01754424    0.00470097    0.00000000 
max(|Force|)     :   0.00011181    0.00205352    0.00300068    0.01228146    0.01062804    0.01902566    0.01709476    0.00926139    0.00046161 
ksp              :   0.03378163    0.05980199    0.07785552    0.07785552    0.09378080    0.10000000    0.10000000    0.02325314 
max(|step|)      :   0.00000000    0.00472313    0.01065445    0.10000000    0.03218642    0.04745899    0.04735499    0.00781543    0.00062811 
angle (deg.)     :    15.8076  13.9919  61.0762  81.3509  105.4190  76.2921  40.3959 
>
iteration       : 63
climbing        : no
zoom on         : no
nim             : 9
barrier         :   0.04508377 (image:  6) 
distance        :   0.00000000   12.75683058   19.95923980   25.24706546   30.23192242   34.19681146   37.95777020   41.78722453   58.53946431 
energy          : -2464.51768788  -2464.50547672  -2464.49210280  -2464.48387530  -2464.48640196  -2464.47664063  -2464.47260410  -2464.51114801  -2464.54813204 
max(|Fr_perp|)   :   0.00000000    0.00242274    0.00461133    0.00655912    0.01288931    0.01693675    0.01318414    0.00436623    0.00000000 
Fr_paral         :   0.00000000   -0.00211548   -0.00163115   -0.00138252   -0.01474879   -0.00877577   -0.00915678    0.01378797    0.00000000 
max(|Fsp_paral|) :   0.00000000    0.00025580    0.00765197    0.01735616    0.00912894    0.00929218    0.00539306    0.00127339    0.00000000 
max(|Fsp_perp|)  :   0.00000000    0.00000000    0.00000000    0.00000000    0.00000000    0.00000000    0.00000000    0.00000000    0.00000000 
max(|FNEB|)      :   0.00000000    0.00220536    0.01229159    0.02140534    0.01326754    0.01637930    0.01336648    0.00563730    0.00000000 
max(|Force|)     :   0.00011181    0.00277909    0.00504373    0.00635368    0.01318065    0.01735735    0.01298243    0.00957940    0.00046161 
ksp              :   0.03437486    0.06107241    0.07749816    0.07749816    0.09195597    0.10000000    0.10000000    0.02305979 
max(|step|)      :   0.00000000    0.01030287    0.05742299    0.10000000    0.06198236    0.07651968    0.06244461    0.02633597    0.00000000 
angle (deg.)     :    15.7150  14.0706  61.0840  82.0547  106.0044  76.3700  41.0115 
>
iteration       : 64
climbing        : no
zoom on         : no
nim             : 9
barrier         :   0.04374855 (image:  6) 
distance        :   0.00000000   12.76595491   19.82804251   25.17706669   30.24230339   34.38934525   38.12687403   41.92493486   58.69397088 
energy          : -2464.51768788  -2464.50557138  -2464.49230930  -2464.48475661  -2464.48816642  -2464.47967170  -2464.47393933  -2464.51204205  -2464.54813204 
max(|Fr_perp|)   :   0.00000000    0.00259559    0.00639356    0.00424550    0.02200215    0.01799817    0.00781823    0.00405940    0.00000000 
Fr_paral         :   0.00000000   -0.00201734   -0.00114819   -0.00281372    0.00478268   -0.00746583   -0.00150377    0.01357575    0.00000000 
max(|Fsp_paral|) :   0.00000000    0.00125935    0.00572317    0.01564984    0.01102036    0.00637657    0.00462887    0.00668495    0.00000000 
max(|Fsp_perp|)  :   0.00000000    0.00000000    0.00000000    0.00000000    0.00000000    0.00000000    0.00000000    0.00000000    0.00000000 
max(|FNEB|)      :   0.00000000    0.00258464    0.00647369    0.01877044    0.02055185    0.01747041    0.00799328    0.00400684    0.00000000 
max(|Force|)     :   0.00011181    0.00259061    0.00637992    0.00511640    0.02375175    0.01849356    0.00777474    0.00929043    0.00046161 
ksp              :   0.03492620    0.06220909    0.07774657    0.07774657    0.08820729    0.10000000    0.10000000    0.02161467 
max(|step|)      :   0.00000000    0.01018704    0.05290101    0.10000000    0.06295973    0.07935570    0.05936167    0.01991779    0.00127398 
angle (deg.)     :    15.6351  14.1476  61.2923  83.0495  106.5290  76.5101  41.6239 
>
iteration       : 65
climbing        : no
zoom on         : no
nim             : 9
barrier         :   0.04294127 (image:  6) 
distance        :   0.00000000   12.76874151   19.69900075   25.10699700   30.26464300   34.60657412   38.32631484   42.07809428   58.87763108 
energy          : -2464.51768788  -2464.50567541  -2464.49243518  -2464.48543538  -2464.48865331  -2464.48255630  -2464.47474661  -2464.51268958  -2464.54813204 
max(|Fr_perp|)   :   0.00000000    0.00286205    0.00890244    0.00347314    0.02416262    0.01745559    0.00552860    0.00377795    0.00000000 
Fr_paral         :   0.00000000   -0.00195658   -0.00081241   -0.00342295    0.01897448   -0.00722191    0.00418182    0.01343109    0.00000000 
max(|Fsp_paral|) :   0.00000000    0.00250043    0.00383663    0.01378381    0.01642623    0.00687750    0.00234092    0.01226589    0.00000000 
max(|Fsp_perp|)  :   0.00000000    0.00000000    0.00000000    0.00000000    0.00000000    0.00000000    0.00000000    0.00000000    0.00000000 
max(|FNEB|)      :   0.00000000    0.00350628    0.00991513    0.01636677    0.02612767    0.01673123    0.00531003    0.00850645    0.00000000 
max(|Force|)     :   0.00011181    0.00289942    0.00898931    0.00500019    0.03265088    0.01808635    0.00523494    0.00904575    0.00046161 
ksp              :   0.03517714    0.06293448    0.07759817    0.07759817    0.08365388    0.10000000    0.10000000    0.02046925 
max(|step|)      :   0.00000000    0.00984093    0.02782842    0.04593598    0.07333150    0.04695889    0.01490346    0.02387472    0.00000000 
angle (deg.)     :    15.6584  13.8983  62.0999  84.3964  106.1339  76.5498  41.7195 
>
iteration       : 66
climbing        : no
zoom on         : no
nim             : 9
barrier         :   0.04259793 (image:  6) 
distance        :   0.00000000   12.73488149   19.65363988   25.07144957   30.27245348   34.75946923   38.46262648   42.11289502   58.99443281 
energy          : -2464.51768788  -2464.50580450  -2464.49250606  -2464.48573078  -2464.49081513  -2464.48262521  -2464.47508995  -2464.51185858  -2464.54813204 
max(|Fr_perp|)   :   0.00000000    0.00490667    0.01416525    0.00531292    0.03355592    0.03354753    0.00818573    0.00414893    0.00000000 
Fr_paral         :   0.00000000   -0.00204654   -0.00134889   -0.00137300    0.00658166   -0.01301837    0.00231655    0.01382707    0.00000000 
max(|Fsp_paral|) :   0.00000000    0.00188088    0.00387846    0.01090985    0.01264931    0.00546473    0.00389159    0.00460209    0.00000000 
max(|Fsp_perp|)  :   0.00000000    0.00000000    0.00000000    0.00000000    0.00000000    0.00000000    0.00000000    0.00000000    0.00000000 
max(|FNEB|)      :   0.00000000    0.00492980    0.01432232    0.01381491    0.03427729    0.03306198    0.00822925    0.00841912    0.00000000 
max(|Force|)     :   0.00011181    0.00491150    0.01417749    0.00530594    0.03337266    0.03263817    0.00816667    0.00925495    0.00046161 
ksp              :   0.03510696    0.06320361    0.07751827    0.07751827    0.08407966    0.10000000    0.10000000    0.02231601 
max(|step|)      :   0.00000000    0.00707082    0.01112855    0.03327986    0.04176175    0.03268809    0.01148615    0.00608743    0.00020699 
angle (deg.)     :    15.6789  13.8347  62.3747  84.9159  106.3207  76.4992  41.9172 
>
iteration       : 67
climbing        : no
zoom on         : no
nim             : 9
barrier         :   0.04234144 (image:  6) 
distance        :   0.00000000   12.71186642   19.61819186   25.04371886   30.26425487   34.85828918   38.55712650   42.18026893   59.08964868 
energy          : -2464.51768788  -2464.50592666  -2464.49292835  -2464.48596154  -2464.49212401  -2464.48520465  -2464.47534644  -2464.51189506  -2464.54813204 
max(|Fr_perp|)   :   0.00000000    0.00244988    0.00650167    0.00520785    0.01346369    0.01374280    0.00520354    0.00391291    0.00000000 
Fr_paral         :   0.00000000   -0.00205631   -0.00161173   -0.00105779    0.00661200   -0.01242027    0.00334881    0.01385584    0.00000000 
max(|Fsp_paral|) :   0.00000000    0.00237602    0.00272084    0.00989437    0.02423739    0.00528337    0.00540909    0.00589324    0.00000000 
max(|Fsp_perp|)  :   0.00000000    0.00000000    0.00000000    0.00000000    0.00000000    0.00000000    0.00000000    0.00000000    0.00000000 
max(|FNEB|)      :   0.00000000    0.00442061    0.00922251    0.01262562    0.02678224    0.01306517    0.00628683    0.00980615    0.00000000 
max(|Force|)     :   0.00011181    0.00277732    0.00685543    0.00513878    0.01494390    0.01499051    0.00521409    0.00936167    0.00046161 
ksp              :   0.03499938    0.06262829    0.07743679    0.07743679    0.07904562    0.10000000    0.10000000    0.02231308 
max(|step|)      :   0.00000000    0.01681202    0.02546822    0.07624907    0.10000000    0.07636890    0.02610795    0.01331902    0.00044512 
angle (deg.)     :    15.7403  13.7589  62.9261  85.8833  106.6270  76.3779  42.4091 
>
iteration       : 68
climbing        : no
zoom on         : no
nim             : 9
barrier         :   0.04199178 (image:  6) 
distance        :   0.00000000   12.65538429   19.54182727   24.98032167   30.22394918   35.06049768   38.73245475   42.30077690   59.27104263 
energy          : -2464.51768788  -2464.50614273  -2464.49263514  -2464.48635512  -2464.49029853  -2464.48675594  -2464.47569610  -2464.51201985  -2464.54813204 
max(|Fr_perp|)   :   0.00000000    0.00396931    0.01294385    0.00614348    0.02800812    0.02817712    0.00581074    0.00406168    0.00000000 
Fr_paral         :   0.00000000   -0.00208038   -0.00163097   -0.00006461    0.00738263   -0.01105216    0.00575704    0.01391116    0.00000000 
max(|Fsp_paral|) :   0.00000000    0.00017800    0.00402036    0.01023669    0.02295431    0.00162513    0.00722331    0.00752450    0.00000000 
max(|Fsp_perp|)  :   0.00000000    0.00000000    0.00000000    0.00000000    0.00000000    0.00000000    0.00000000    0.00000000    0.00000000 
max(|FNEB|)      :   0.00000000    0.00401075    0.01420840    0.01266407    0.03471164    0.02838571    0.00756273    0.01159490    0.00000000 
max(|Force|)     :   0.00011181    0.00400942    0.01309426    0.00616385    0.02804496    0.02774355    0.00593593    0.00953020    0.00046161 
ksp              :   0.03474505    0.06371853    0.07715772    0.07715772    0.07635045    0.10000000    0.10000000    0.02215619 
max(|step|)      :   0.00000000    0.00486760    0.01724387    0.01536962    0.04212742    0.03445001    0.00917843    0.01407203    0.00000000 
angle (deg.)     :    15.7287  13.8624  62.6514  85.2132  106.8451  76.3190  42.5862 
>
iteration       : 69
climbing        : no
zoom on         : no
nim             : 9
barrier         :   0.04193485 (image:  6) 
distance        :   0.00000000   12.65503314   19.52084024   24.96672410   30.17381357   35.02617841   38.68804249   42.28240754   59.24283268 
energy          : -2464.51768788  -2464.50619048  -2464.49319065  -2464.48657780  -2464.49187329  -2464.48782905  -2464.47575303  -2464.51249949  -2464.54813204 
max(|Fr_perp|)   :   0.00000000    0.00207919    0.00820694    0.00475282    0.01647080    0.01698285    0.00365584    0.00394423    0.00000000 
Fr_paral         :   0.00000000   -0.00200839   -0.00145153   -0.00082672    0.02127486   -0.01017893    0.00783012    0.01376734    0.00000000 
max(|Fsp_paral|) :   0.00000000    0.00176117    0.00242733    0.01172044    0.02767627    0.00520177    0.00465996    0.00038244    0.00000000 
max(|Fsp_perp|)  :   0.00000000    0.00000000    0.00000000    0.00000000    0.00000000    0.00000000    0.00000000    0.00000000    0.00000000 
max(|FNEB|)      :   0.00000000    0.00351923    0.00832422    0.01402328    0.02585115    0.01743496    0.00434770    0.00356179    0.00000000 
max(|Force|)     :   0.00011181    0.00239396    0.00822166    0.00469640    0.01644953    0.01629707    0.00571798    0.00935106    0.00046161 
ksp              :   0.03467555    0.06257562    0.07676802    0.07676802    0.07408262    0.10000000    0.10000000    0.02113524 
max(|step|)      :   0.00000000    0.00475996    0.01359144    0.01872764    0.03990979    0.01751416    0.00749848    0.00876823    0.00019647 
angle (deg.)     :    15.7375  13.9246  62.5371  84.7561  106.9534  76.2852  42.7438 
>
iteration       : 70
climbing        : no
zoom on         : no
nim             : 9
barrier         :   0.04193172 (image:  6) 
distance        :   0.00000000   12.64735837   19.50340640   24.94842954   30.12302617   35.01213686   38.65790140   42.26321250   59.22580730 
energy          : -2464.51768788  -2464.50623727  -2464.49332947  -2464.48673704  -2464.49108976  -2464.48837698  -2464.47575615  -2464.51278048  -2464.54813204 
max(|Fr_perp|)   :   0.00000000    0.00186097    0.00661285    0.00397861    0.01504565    0.01467820    0.00344586    0.00383168    0.00000000 
Fr_paral         :   0.00000000   -0.00196171   -0.00129279   -0.00121891    0.03057171   -0.00974830    0.00931585    0.01369287    0.00000000 
max(|Fsp_paral|) :   0.00000000    0.00197382    0.00227588    0.01383711    0.02832610    0.00627219    0.00277184    0.00480362    0.00000000 
max(|Fsp_perp|)  :   0.00000000    0.00000000    0.00000000    0.00000000    0.00000000    0.00000000    0.00000000    0.00000000    0.00000000 
max(|FNEB|)      :   0.00000000    0.00287212    0.00672711    0.01607252    0.02325318    0.01521371    0.00353516    0.00311029    0.00000000 
max(|Force|)     :   0.00011181    0.00187149    0.00662648    0.00387981    0.02726086    0.01403410    0.00721814    0.00920613    0.00046161 
ksp              :   0.03457696    0.06228158    0.07643122    0.07643122    0.07291133    0.10000000    0.10000000    0.02053298 
max(|step|)      :   0.00000000    0.01133601    0.02995055    0.05263717    0.10000000    0.04579289    0.01539585    0.01506630    0.00080155 
angle (deg.)     :    15.7651  14.0354  62.5078  83.6720  107.1004  76.2684  43.1108 
>
iteration       : 71
climbing        : no
zoom on         : no
nim             : 9
barrier         :   0.04196108 (image:  6) 
distance        :   0.00000000   12.62511837   19.45854580   24.89852083   29.99745210   34.98438405   38.59074219   42.20423284   59.18698866 
energy          : -2464.51768788  -2464.50635131  -2464.49328845  -2464.48703857  -2464.48711260  -2464.48962753  -2464.47572679  -2464.51322752  -2464.54813204 
max(|Fr_perp|)   :   0.00000000    0.00235087    0.00789816    0.00317135    0.02686787    0.01331510    0.00400070    0.00357556    0.00000000 
Fr_paral         :   0.00000000   -0.00188838   -0.00090976   -0.00184272    0.04078416   -0.00633588    0.01195716    0.01359112    0.00000000 
max(|Fsp_paral|) :   0.00000000    0.00138518    0.00294040    0.02145911    0.00750737    0.01333018    0.00043825    0.01142437    0.00000000 
max(|Fsp_perp|)  :   0.00000000    0.00000000    0.00000000    0.00000000    0.00000000    0.00000000    0.00000000    0.00000000    0.00000000 
max(|FNEB|)      :   0.00000000    0.00279893    0.00872117    0.02318616    0.02607588    0.01435485    0.00397273    0.00786641    0.00000000 
max(|Force|)     :   0.00011181    0.00247035    0.00799240    0.00324303    0.04027256    0.01371318    0.00999538    0.00890234    0.00046161 
ksp              :   0.03431553    0.06234122    0.07573874    0.07573874    0.07563698    0.10000000    0.10000000    0.01955891 
max(|step|)      :   0.00000000    0.00911695    0.02840743    0.07552416    0.08493683    0.04675798    0.01294037    0.02562322    0.00000000 
angle (deg.)     :    15.7772  13.7318  64.2103  82.5850  107.4129  76.5069  43.2031 
>
iteration       : 72
climbing        : no
zoom on         : no
nim             : 9
barrier         :   0.04174269 (image:  6) 
distance        :   0.00000000   12.60376230   19.41331420   24.85973713   30.01626153   35.00453392   38.67735031   42.19623856   59.26725539 
energy          : -2464.51768788  -2464.50644318  -2464.49310148  -2464.48713071  -2464.48967535  -2464.48946964  -2464.47594519  -2464.51228162  -2464.54813204 
max(|Fr_perp|)   :   0.00000000    0.00589548    0.01798296    0.00716082    0.03526969    0.03892330    0.00890302    0.00402540    0.00000000 
Fr_paral         :   0.00000000   -0.00199656   -0.00131506    0.00230126    0.02653443   -0.00217934    0.00891272    0.01400749    0.00000000 
max(|Fsp_paral|) :   0.00000000    0.00048565    0.00332631    0.01609628    0.03167850    0.01069019    0.01040448    0.00698326    0.00000000 
max(|Fsp_perp|)  :   0.00000000    0.00000000    0.00000000    0.00000000    0.00000000    0.00000000    0.00000000    0.00000000    0.00000000 
max(|FNEB|)      :   0.00000000    0.00589441    0.01776203    0.01806061    0.03607033    0.03991139    0.00936724    0.01057207    0.00000000 
max(|Force|)     :   0.00011181    0.00589464    0.01796455    0.00741140    0.03470948    0.03876850    0.00899428    0.00908254    0.00046161 
ksp              :   0.03424431    0.06300990    0.07588327    0.07588327    0.07084040    0.10000000    0.10000000    0.02165625 
max(|step|)      :   0.00000000    0.00352093    0.01018034    0.03480268    0.02489403    0.02272254    0.00701627    0.00389633    0.00010644 
angle (deg.)     :    15.7758  13.6899  64.7079  81.9893  107.3913  76.5004  43.3476 
>
iteration       : 73
climbing        : no
zoom on         : no
nim             : 9
barrier         :   0.04170481 (image:  6) 
distance        :   0.00000000   12.59656920   19.38928753   24.83556920   29.99278519   34.98567072   38.65253807   42.16701507   59.25551290 
energy          : -2464.51768788  -2464.50651382  -2464.49363827  -2464.48725865  -2464.49043257  -2464.49178733  -2464.47598307  -2464.51234649  -2464.54813204 
max(|Fr_perp|)   :   0.00000000    0.00250284    0.00661702    0.00761574    0.01435429    0.01279068    0.00450490    0.00362144    0.00000000 
Fr_paral         :   0.00000000   -0.00199539   -0.00144827    0.00266604    0.02451952   -0.00493289    0.01035085    0.01400360    0.00000000 
max(|Fsp_paral|) :   0.00000000    0.00176961    0.00176494    0.01561268    0.03917082    0.01824321    0.01000974    0.00642217    0.00000000 
max(|Fsp_perp|)  :   0.00000000    0.00000000    0.00000000    0.00000000    0.00000000    0.00000000    0.00000000    0.00000000    0.00000000 
max(|FNEB|)      :   0.00000000    0.00368720    0.00816896    0.01727585    0.03585041    0.02288968    0.00834431    0.01004361    0.00000000 
max(|Force|)     :   0.00011181    0.00256850    0.00688578    0.00788021    0.02391651    0.01335013    0.00846437    0.00910056    0.00046161 
ksp              :   0.03411389    0.06189965    0.07566702    0.07566702    0.06881763    0.10000000    0.10000000    0.02152685 
max(|step|)      :   0.00000000    0.01139265    0.02014546    0.10000000    0.08194238    0.06265957    0.01933724    0.01109344    0.00061644 
angle (deg.)     :    15.8048  13.6222  66.0910  80.1990  107.3616  76.5600  43.7757 
>
iteration       : 74
climbing        : no
zoom on         : no
nim             : 9
barrier         :   0.04180557 (image:  6) 
distance        :   0.00000000   12.56713861   19.32987172   24.76545214   29.91323118   34.93562327   38.57493302   42.07885009   59.21858979 
energy          : -2464.51768788  -2464.50666303  -2464.49348905  -2464.48749271  -2464.48786501  -2464.49253313  -2464.47588231  -2464.51248859  -2464.54813204 
max(|Fr_perp|)   :   0.00000000    0.00277545    0.01118020    0.00810080    0.02143711    0.02353753    0.00454325    0.00369527    0.00000000 
Fr_paral         :   0.00000000   -0.00200854   -0.00128218    0.00594969    0.02218917   -0.00596589    0.01361019    0.01401292    0.00000000 
max(|Fsp_paral|) :   0.00000000    0.00074104    0.00261566    0.01796921    0.01115139    0.00720981    0.00876676    0.00503532    0.00000000 
max(|Fsp_perp|)  :   0.00000000    0.00000000    0.00000000    0.00000000    0.00000000    0.00000000    0.00000000    0.00000000    0.00000000 
max(|FNEB|)      :   0.00000000    0.00337927    0.01147463    0.02127144    0.02194625    0.02322388    0.00685096    0.00874116    0.00000000 
max(|Force|)     :   0.00011181    0.00309360    0.01136167    0.00918211    0.02203915    0.02343573    0.01173880    0.00913959    0.00046161 
ksp              :   0.03373610    0.06211892    0.07501089    0.07501089    0.07425231    0.10000000    0.10000000    0.02120100 
max(|step|)      :   0.00000000    0.00448711    0.01523642    0.02824498    0.02914102    0.03083750    0.00909695    0.01160682    0.00000000 
angle (deg.)     :    15.8161  13.6762  66.2041  80.1255  107.6982  76.6061  43.9459 
>
iteration       : 75
climbing        : no
zoom on         : no
nim             : 9
barrier         :   0.04189890 (image:  6) 
distance        :   0.00000000   12.56292918   19.31508798   24.74850072   29.90743546   34.97008375   38.61311561   42.14677725   59.28196812 
energy          : -2464.51768788  -2464.50670978  -2464.49388728  -2464.48774031  -2464.48843148  -2464.49347239  -2464.47578898  -2464.51287873  -2464.54813204 
max(|Fr_perp|)   :   0.00000000    0.00176857    0.00852014    0.00728619    0.01606417    0.01615258    0.00339520    0.00366064    0.00000000 
Fr_paral         :   0.00000000   -0.00194523   -0.00131585    0.00461453    0.02643576   -0.00316365    0.01460733    0.01389358    0.00000000 
max(|Fsp_paral|) :   0.00000000    0.00174960    0.00187721    0.01678539    0.01242323    0.00358032    0.00702202    0.00193805    0.00000000 
max(|Fsp_perp|)  :   0.00000000    0.00000000    0.00000000    0.00000000    0.00000000    0.00000000    0.00000000    0.00000000    0.00000000 
max(|FNEB|)      :   0.00000000    0.00304762    0.00840341    0.01938742    0.01614969    0.01578473    0.00570160    0.00217448    0.00000000 
max(|Force|)     :   0.00011181    0.00195120    0.00850282    0.00800878    0.02538339    0.01589270    0.01277372    0.00904087    0.00046161 
ksp              :   0.03358126    0.06112434    0.07432820    0.07432820    0.07284355    0.10000000    0.10000000    0.02033018 
max(|step|)      :   0.00000000    0.00356230    0.00849614    0.02258756    0.01007411    0.01385171    0.00685635    0.00447693    0.00005685 
angle (deg.)     :    15.8297  13.7065  66.3584  79.9833  107.8661  76.6717  44.0565 
>
iteration       : 76
climbing        : no
zoom on         : no
nim             : 9
barrier         :   0.04199168 (image:  6) 
distance        :   0.00000000   12.55539240   19.30508011   24.73420991   29.90036644   34.98237060   38.62508594   42.16971605   59.31095568 
energy          : -2464.51768788  -2464.50674794  -2464.49402173  -2464.48788375  -2464.48856053  -2464.49393734  -2464.47569620  -2464.51301251  -2464.54813204 
max(|Fr_perp|)   :   0.00000000    0.00155678    0.00516033    0.00668288    0.00912365    0.01228199    0.00374312    0.00361009    0.00000000 
Fr_paral         :   0.00000000   -0.00191180   -0.00127041    0.00392015    0.02909803   -0.00158594    0.01527824    0.01385915    0.00000000 
max(|Fsp_paral|) :   0.00000000    0.00192578    0.00185725    0.01601749    0.01152184    0.00304060    0.00626304    0.00436063    0.00000000 
max(|Fsp_perp|)  :   0.00000000    0.00000000    0.00000000    0.00000000    0.00000000    0.00000000    0.00000000    0.00000000    0.00000000 
max(|FNEB|)      :   0.00000000    0.00268498    0.00504728    0.01837587    0.00919108    0.01242464    0.00536997    0.00291360    0.00000000 
max(|Force|)     :   0.00011181    0.00165145    0.00514394    0.00729156    0.02758249    0.01234139    0.01349874    0.00896557    0.00046161 
ksp              :   0.03344737    0.06072323    0.07387864    0.07387864    0.07242812    0.10000000    0.10000000    0.02002063 
max(|step|)      :   0.00000000    0.01503105    0.03206096    0.10000000    0.04399078    0.06279525    0.03028077    0.01202449    0.00068052 
angle (deg.)     :    15.8989  13.8457  67.2331  79.4175  108.5576  77.0129  44.5132 
>
iteration       : 77
climbing        : no
zoom on         : no
nim             : 9
barrier         :   0.04243692 (image:  6) 
distance        :   0.00000000   12.51738730   19.25979112   24.67224759   29.87244601   35.03950809   38.68321102   42.25655122   59.44071510 
energy          : -2464.51768788  -2464.50691153  -2464.49403640  -2464.48828053  -2464.48720136  -2464.49539166  -2464.47525096  -2464.51330797  -2464.54813204 
max(|Fr_perp|)   :   0.00000000    0.00247239    0.00734463    0.00450854    0.01200502    0.01126326    0.00509530    0.00338821    0.00000000 
Fr_paral         :   0.00000000   -0.00181724   -0.00098364    0.00184382    0.03679176    0.00290534    0.01768826    0.01381739    0.00000000 
max(|Fsp_paral|) :   0.00000000    0.00106748    0.00296458    0.00286292    0.00209020    0.01661630    0.00445241    0.00995324    0.00000000 
max(|Fsp_perp|)  :   0.00000000    0.00000000    0.00000000    0.00000000    0.00000000    0.00000000    0.00000000    0.00000000    0.00000000 
max(|FNEB|)      :   0.00000000    0.00264509    0.00803235    0.00466017    0.01176159    0.01388511    0.00483885    0.00664226    0.00000000 
max(|Force|)     :   0.00011181    0.00254066    0.00744389    0.00482138    0.03411637    0.01129692    0.01619350    0.00867672    0.00046161 
ksp              :   0.03285541    0.06016801    0.07236920    0.07468021    0.07468021    0.10000000    0.10000000    0.01927927 
max(|step|)      :   0.00000000    0.01578275    0.04792753    0.02780638    0.07017916    0.08284984    0.02887248    0.03963313    0.00000000 
angle (deg.)     :    15.9005  13.7485  68.6008  79.5166  108.8157  77.3094  44.7131 
>
iteration       : 78
climbing        : no
zoom on         : no
nim             : 9
barrier         :   0.04262404 (image:  6) 
distance        :   0.00000000   12.48750748   19.17701107   24.65463969   29.86338701   35.04873106   38.79919905   42.26850020   59.59801635 
energy          : -2464.51768788  -2464.50704877  -2464.49358910  -2464.48854554  -2464.48700521  -2464.49625459  -2464.47506384  -2464.51171858  -2464.54813204 
max(|Fr_perp|)   :   0.00000000    0.00401971    0.01429629    0.00400562    0.03303459    0.00953782    0.00921151    0.00340357    0.00000000 
Fr_paral         :   0.00000000   -0.00205043   -0.00133150   -0.00000029    0.01873818    0.00315437    0.01668341    0.01438658    0.00000000 
max(|Fsp_paral|) :   0.00000000    0.00035983    0.00328644    0.00196774    0.00147913    0.00973125    0.01756351    0.01700482    0.00000000 
max(|Fsp_perp|)  :   0.00000000    0.00000000    0.00000000    0.00000000    0.00000000    0.00000000    0.00000000    0.00000000    0.00000000 
max(|FNEB|)      :   0.00000000    0.00395319    0.01603749    0.00403122    0.03306897    0.01296911    0.01364047    0.02040839    0.00000000 
max(|Force|)     :   0.00011181    0.00432982    0.01425237    0.00400562    0.03266653    0.00986135    0.01533577    0.00886581    0.00046161 
ksp              :   0.03246431    0.06088420    0.07153360    0.07478597    0.07478597    0.10000000    0.10000000    0.02260408 
max(|step|)      :   0.00000000    0.00497343    0.01938982    0.00834719    0.03303624    0.02865433    0.02149058    0.01985185    0.00003476 
angle (deg.)     :    15.8971  13.8496  68.6682  79.5054  109.2264  77.3446  45.0117 
>
iteration       : 79
climbing        : no
zoom on         : no
nim             : 9
barrier         :   0.04295623 (image:  6) 
distance        :   0.00000000   12.48615975   19.14715695   24.65169223   29.86394123   35.07398348   38.83664769   42.37345808   59.69219844 
energy          : -2464.51768788  -2464.50711206  -2464.49430383  -2464.48870276  -2464.48840008  -2464.49686533  -2464.47473165  -2464.51243377  -2464.54813204 
max(|Fr_perp|)   :   0.00000000    0.00283336    0.00823071    0.00290900    0.01494418    0.00930994    0.00605132    0.00353451    0.00000000 
Fr_paral         :   0.00000000   -0.00196530   -0.00132492    0.00000034    0.01842206    0.00575518    0.01975527    0.01418165    0.00000000 
max(|Fsp_paral|) :   0.00000000    0.00163444    0.00077158    0.01493238    0.00013523    0.00348333    0.01405359    0.00382203    0.00000000 
max(|Fsp_perp|)  :   0.00000000    0.00000000    0.00000000    0.00000000    0.00000000    0.00000000    0.00000000    0.00000000    0.00000000 
max(|FNEB|)      :   0.00000000    0.00411742    0.00876662    0.01625763    0.01494635    0.00925451    0.01173570    0.00735654    0.00000000 
max(|Force|)     :   0.00011181    0.00312762    0.00842647    0.00290901    0.01868072    0.00923849    0.01834389    0.00887253    0.00046161 
ksp              :   0.03215798    0.05899322    0.07072833    0.07136250    0.07136250    0.10000000    0.10000000    0.02100817 
max(|step|)      :   0.00000000    0.00905019    0.02446814    0.03045187    0.01482330    0.03772439    0.03518103    0.01776561    0.00035306 
angle (deg.)     :    15.9264  13.9482  69.0749  79.6256  109.8405  77.5513  45.4239 
>
iteration       : 80
climbing        : no
zoom on         : no
nim             : 9
barrier         :   0.04377673 (image:  6) 
distance        :   0.00000000   12.47110715   19.10876249   24.63942706   29.87788626   35.13663742   38.91030043   42.51871263   59.85059432 
energy          : -2464.51768788  -2464.50721634  -2464.49461549  -2464.48887587  -2464.48909397  -2464.49761114  -2464.47391114  -2464.51300773  -2464.54813204 
max(|Fr_perp|)   :   0.00000000    0.00148491    0.00628900    0.00377276    0.01502518    0.00903259    0.00765547    0.00363003    0.00000000 
Fr_paral         :   0.00000000   -0.00187936   -0.00120724    0.00156954    0.01677646    0.00621264    0.02343325    0.01400986    0.00000000 
max(|Fsp_paral|) :   0.00000000    0.00227848    0.00035815    0.01731002    0.00082219    0.01230641    0.01020421    0.00771426    0.00000000 
max(|Fsp_perp|)  :   0.00000000    0.00000000    0.00000000    0.00000000    0.00000000    0.00000000    0.00000000    0.00000000    0.00000000 
max(|FNEB|)      :   0.00000000    0.00325480    0.00626919    0.01878564    0.01503775    0.01356445    0.00981006    0.00509456    0.00000000 
max(|Force|)     :   0.00011181    0.00176293    0.00630321    0.00401426    0.01686892    0.00886112    0.02212546    0.00883658    0.00046161 
ksp              :   0.03152830    0.05743421    0.06923423    0.06923423    0.06878583    0.10000000    0.10000000    0.01962185 
max(|step|)      :   0.00000000    0.02114097    0.05050000    0.08228134    0.03027692    0.10000000    0.08776003    0.01997183    0.00105261 
angle (deg.)     :    16.0184  14.1393  70.3225  79.9267  111.2486  78.3450  46.3405 
>
iteration       : 81
climbing        : no
zoom on         : no
nim             : 9
barrier         :   0.04606387 (image:  6) 
distance        :   0.00000000   12.42541931   19.01250025   24.60297131   29.91196045   35.28879673   39.09609334   42.81814980   60.23703852 
energy          : -2464.51768788  -2464.50746531  -2464.49475552  -2464.48915081  -2464.48947326  -2464.49899828  -2464.47162401  -2464.51344312  -2464.54813204 
max(|Fr_perp|)   :   0.00000000    0.00194344    0.00855898    0.00533726    0.02058541    0.00759018    0.01074746    0.00361496    0.00000000 
Fr_paral         :   0.00000000   -0.00176914   -0.00099967    0.00461149    0.00987115    0.00480368    0.02947607    0.01391823    0.00000000 
max(|Fsp_paral|) :   0.00000000    0.00215855    0.00138906    0.01587828    0.00113372    0.02398247    0.00518852    0.01939337    0.00000000 
max(|Fsp_perp|)  :   0.00000000    0.00000000    0.00000000    0.00000000    0.00000000    0.00000000    0.00000000    0.00000000    0.00000000 
max(|FNEB|)      :   0.00000000    0.00265765    0.00860264    0.01756185    0.02083671    0.02636563    0.00867175    0.01734793    0.00000000 
max(|Force|)     :   0.00011181    0.00199852    0.00869166    0.00599782    0.02083928    0.00743473    0.02867892    0.00864387    0.00046161 
ksp              :   0.02997238    0.05481220    0.06575321    0.06575321    0.06516772    0.10000000    0.10000000    0.01827869 
max(|step|)      :   0.00000000    0.00693022    0.02243266    0.04579511    0.05433479    0.06875228    0.02261288    0.04523731    0.00000000 
angle (deg.)     :    16.0919  14.0115  70.8232  80.0143  111.1944  79.3018  46.2347 
>
iteration       : 82
climbing        : no
zoom on         : no
nim             : 9
barrier         :   0.04563789 (image:  6) 
distance        :   0.00000000   12.39789684   19.02902281   24.57681940   29.93836355   35.33457894   39.07870981   42.70435489   60.23481896 
energy          : -2464.51768788  -2464.50755287  -2464.49428559  -2464.48923371  -2464.48764783  -2464.49941972  -2464.47204998  -2464.51168665  -2464.54813204 
max(|Fr_perp|)   :   0.00000000    0.00209113    0.02238195    0.00502680    0.05120990    0.01226795    0.00982972    0.00291785    0.00000000 
Fr_paral         :   0.00000000   -0.00183080   -0.00103960    0.00472612    0.01938853   -0.00423962    0.02547020    0.01456630    0.00000000 
max(|Fsp_paral|) :   0.00000000    0.00010811    0.00118622    0.00388098    0.00206882    0.00059774    0.00711181    0.00728178    0.00000000 
max(|Fsp_perp|)  :   0.00000000    0.00000000    0.00000000    0.00000000    0.00000000    0.00000000    0.00000000    0.00000000    0.00000000 
max(|FNEB|)      :   0.00000000    0.00208590    0.02229511    0.00567404    0.05122201    0.01229295    0.00961967    0.01018606    0.00000000 
max(|Force|)     :   0.00011181    0.00210799    0.02236571    0.00571355    0.05130770    0.01213157    0.02511756    0.00815315    0.00046161 
ksp              :   0.02998671    0.05615037    0.06611290    0.06924035    0.06924035    0.10000000    0.10000000    0.02183470 
max(|step|)      :   0.00000000    0.00141430    0.01519310    0.00344616    0.03494330    0.00763469    0.00537633    0.00830680    0.00013246 
angle (deg.)     :    16.0854  14.0253  70.7607  79.8913  111.2382  79.4442  46.3328 
>
iteration       : 83
climbing        : no
zoom on         : no
nim             : 9
barrier         :   0.04563794 (image:  6) 
distance        :   0.00000000   12.39962783   19.02489280   24.57724882   29.93505833   35.32776109   39.07269586   42.72590915   60.24678509 
energy          : -2464.51768788  -2464.50756781  -2464.49505493  -2464.48932239  -2464.49105461  -2464.49973584  -2464.47204994  -2464.51200854  -2464.54813204 
max(|Fr_perp|)   :   0.00000000    0.00126104    0.00268541    0.00446434    0.00410732    0.00807555    0.00966856    0.00306985    0.00000000 
Fr_paral         :   0.00000000   -0.00180454   -0.00121377    0.00287488    0.01895125   -0.00212458    0.02517694    0.01446072    0.00000000 
max(|Fsp_paral|) :   0.00000000    0.00180751    0.00088590    0.01025181    0.01405329    0.02988446    0.00549536    0.00220067    0.00000000 
max(|Fsp_perp|)  :   0.00000000    0.00000000    0.00000000    0.00000000    0.00000000    0.00000000    0.00000000    0.00000000    0.00000000 
max(|FNEB|)      :   0.00000000    0.00232101    0.00214181    0.01079532    0.01190571    0.03132269    0.00822361    0.00527052    0.00000000 
max(|Force|)     :   0.00011181    0.00138889    0.00284432    0.00476135    0.01866838    0.00806055    0.02475296    0.00827029    0.00046161 
ksp              :   0.02995721    0.05463316    0.06593798    0.06593798    0.06252197    0.10000000    0.10000000    0.02119989 
max(|step|)      :   0.00000000    0.00298710    0.00522683    0.01395910    0.01012698    0.03253737    0.01248342    0.00360437    0.00014457 
angle (deg.)     :    16.1125  14.0116  70.8635  79.7004  111.2015  79.9486  46.4434 
>
iteration       : 84
climbing        : no
zoom on         : no
nim             : 9
barrier         :   0.04560536 (image:  6) 
distance        :   0.00000000   12.38962103   19.02872992   24.56639162   29.92952145   35.32983750   39.04150047   42.70603497   60.24396208 
energy          : -2464.51768788  -2464.50760784  -2464.49501886  -2464.48938679  -2464.49075131  -2464.49993099  -2464.47208251  -2464.51196627  -2464.54813204 
max(|Fr_perp|)   :   0.00000000    0.00127000    0.00566522    0.00378295    0.01418538    0.00818560    0.00910831    0.00310646    0.00000000 
Fr_paral         :   0.00000000   -0.00180288   -0.00118914    0.00239283    0.02288937   -0.00344604    0.02364400    0.01446755    0.00000000 
max(|Fsp_paral|) :   0.00000000    0.00132409    0.00026891    0.00939046    0.01055306    0.02404006    0.00281018    0.00249312    0.00000000 
max(|Fsp_perp|)  :   0.00000000    0.00000000    0.00000000    0.00000000    0.00000000    0.00000000    0.00000000    0.00000000    0.00000000 
max(|FNEB|)      :   0.00000000    0.00207391    0.00566927    0.01004046    0.01426104    0.02525048    0.00629812    0.00559957    0.00000000 
max(|Force|)     :   0.00011181    0.00139816    0.00566233    0.00404426    0.02216480    0.00815993    0.02320678    0.00829477    0.00046161 
ksp              :   0.02989248    0.05473622    0.06585085    0.06585085    0.06315802    0.10000000    0.10000000    0.02129131 
max(|step|)      :   0.00000000    0.00862103    0.00951330    0.04120342    0.01678924    0.08923817    0.03569186    0.00929925    0.00066423 
angle (deg.)     :    16.1862  14.0011  71.2266  79.2270  111.1058  81.6297  46.8612 
>
iteration       : 85
climbing        : no
zoom on         : no
nim             : 9
barrier         :   0.04538465 (image:  6) 
distance        :   0.00000000   12.36495912   19.03126821   24.53602164   29.92010396   35.35361939   38.98626321   42.69936568   60.27970612 
energy          : -2464.51768788  -2464.50772402  -2464.49502875  -2464.48952857  -2464.49020116  -2464.50027570  -2464.47230323  -2464.51213498  -2464.54813204 
max(|Fr_perp|)   :   0.00000000    0.00127565    0.00869522    0.00206889    0.02213112    0.00645048    0.00644823    0.00327411    0.00000000 
Fr_paral         :   0.00000000   -0.00178837   -0.00115991    0.00089661    0.02892032   -0.00529573    0.01780582    0.01440170    0.00000000 
max(|Fsp_paral|) :   0.00000000    0.00033487    0.00080477    0.00676171    0.00349532    0.01015514    0.00475312    0.00068714    0.00000000 
max(|Fsp_perp|)  :   0.00000000    0.00000000    0.00000000    0.00000000    0.00000000    0.00000000    0.00000000    0.00000000    0.00000000 
max(|FNEB|)      :   0.00000000    0.00141544    0.00874060    0.00738400    0.02218189    0.01185609    0.01120135    0.00259126    0.00000000 
max(|Force|)     :   0.00011181    0.00141977    0.00870919    0.00217590    0.02740432    0.00672372    0.01696707    0.00840151    0.00046161 
ksp              :   0.02975882    0.05493417    0.06584130    0.06584130    0.06450752    0.10000000    0.10000000    0.02101167 
max(|step|)      :   0.00000000    0.01190799    0.02024928    0.05421840    0.01626217    0.10000000    0.06136861    0.01649584    0.00087021 
angle (deg.)     :    16.2671  14.0117  71.8874  78.7983  110.8924  83.9898  47.4777 
>
iteration       : 86
climbing        : no
zoom on         : no
nim             : 9
barrier         :   0.04443428 (image:  6) 
distance        :   0.00000000   12.34339061   19.01760913   24.49950653   29.92416681   35.40062631   38.98787339   42.71836379   60.37570932 
energy          : -2464.51768788  -2464.50787478  -2464.49511367  -2464.48971075  -2464.49081419  -2464.50057398  -2464.47325360  -2464.51219899  -2464.54813204 
max(|Fr_perp|)   :   0.00000000    0.00126314    0.01126294    0.00223196    0.01854703    0.00603606    0.00976178    0.00310404    0.00000000 
Fr_paral         :   0.00000000   -0.00176960   -0.00110119    0.00061171    0.02843380   -0.00744532    0.00682265    0.01439402    0.00000000 
max(|Fsp_paral|) :   0.00000000    0.00061930    0.00140382    0.00319599    0.00749952    0.00453854    0.00839655    0.00004695    0.00000000 
max(|Fsp_perp|)  :   0.00000000    0.00000000    0.00000000    0.00000000    0.00000000    0.00000000    0.00000000    0.00000000    0.00000000 
max(|FNEB|)      :   0.00000000    0.00129206    0.01159517    0.00349971    0.01899488    0.00642395    0.01003779    0.00305210    0.00000000 
max(|Force|)     :   0.00011181    0.00139299    0.01152942    0.00226998    0.02687586    0.00649272    0.00777251    0.00823182    0.00046161 
ksp              :   0.02987329    0.05573685    0.06665901    0.06665901    0.06446914    0.10000000    0.10000000    0.02111857 
max(|step|)      :   0.00000000    0.00160826    0.01443286    0.00435620    0.02364350    0.00799609    0.01249434    0.00379904    0.00000000 
angle (deg.)     :    16.2664  14.0055  71.9949  78.7229  110.7986  84.1011  47.5986 
>
iteration       : 87
climbing        : no
zoom on         : no
nim             : 9
barrier         :   0.04397205 (image:  6) 
distance        :   0.00000000   12.34779902   19.00953756   24.49593126   29.91451788   35.40003886   38.99583246   42.71397978   60.37844487 
energy          : -2464.51768788  -2464.50788467  -2464.49527480  -2464.48975446  -2464.49106404  -2464.50075647  -2464.47371583  -2464.51229667  -2464.54813204 
max(|Fr_perp|)   :   0.00000000    0.00125940    0.00738169    0.00210253    0.01183916    0.00595018    0.00902709    0.00299705    0.00000000 
Fr_paral         :   0.00000000   -0.00176715   -0.00118623    0.00139361    0.02807996   -0.00830666    0.00639493    0.01435987    0.00000000 
max(|Fsp_paral|) :   0.00000000    0.00018762    0.00078693    0.00376774    0.00898338    0.00464651    0.00718321    0.00009023    0.00000000 
max(|Fsp_perp|)  :   0.00000000    0.00000000    0.00000000    0.00000000    0.00000000    0.00000000    0.00000000    0.00000000    0.00000000 
max(|FNEB|)      :   0.00000000    0.00118705    0.00732906    0.00404215    0.01187616    0.00609135    0.00869954    0.00290692    0.00000000 
max(|Force|)     :   0.00011181    0.00138924    0.00736473    0.00224067    0.02637319    0.00645357    0.00715306    0.00813478    0.00046161 
ksp              :   0.03006477    0.05587408    0.06717287    0.06717287    0.06449247    0.10000000    0.10000000    0.02103448 
max(|step|)      :   0.00000000    0.00124574    0.00302356    0.00424796    0.00745289    0.00668786    0.01004125    0.00325467    0.00004683 
angle (deg.)     :    16.2673  14.0026  72.0864  78.5826  110.7273  84.2013  47.7090 
>
iteration       : 88
climbing        : no
zoom on         : no
nim             : 9
barrier         :   0.04364650 (image:  6) 
distance        :   0.00000000   12.35008050   19.00465714   24.49219617   29.90454716   35.39368164   38.99549600   42.70377384   60.37454738 
energy          : -2464.51768788  -2464.50789547  -2464.49533597  -2464.48978389  -2464.49100796  -2464.50089443  -2464.47404138  -2464.51238199  -2464.54813204 
max(|Fr_perp|)   :   0.00000000    0.00125821    0.00557360    0.00244780    0.00914581    0.00598106    0.00820121    0.00292563    0.00000000 
Fr_paral         :   0.00000000   -0.00176247   -0.00119148    0.00194022    0.02812758   -0.00830418    0.00620006    0.01433513    0.00000000 
max(|Fsp_paral|) :   0.00000000    0.00007245    0.00056325    0.00422610    0.00763325    0.00263933    0.00624780    0.00028275    0.00000000 
max(|Fsp_perp|)  :   0.00000000    0.00000000    0.00000000    0.00000000    0.00000000    0.00000000    0.00000000    0.00000000    0.00000000 
max(|FNEB|)      :   0.00000000    0.00123021    0.00553639    0.00453414    0.00917431    0.00579815    0.00763420    0.00264288    0.00000000 
max(|Force|)     :   0.00011181    0.00138802    0.00555677    0.00264394    0.02637101    0.00644026    0.00638301    0.00807672    0.00046161 
ksp              :   0.03019216    0.05609011    0.06753861    0.06753861    0.06501456    0.10000000    0.10000000    0.02094084 
max(|step|)      :   0.00000000    0.01536300    0.03046418    0.05769425    0.06905890    0.07556596    0.10000000    0.03393294    0.00125334 
angle (deg.)     :    16.3143  13.9621  73.1996  77.1679  110.0190  85.3685  49.1075 
>
iteration       : 89
climbing        : no
zoom on         : no
nim             : 9
barrier         :   0.04156955 (image:  6) 
distance        :   0.00000000   12.36604692   18.96604755   24.44075511   29.81105931   35.34985386   39.04057855   42.64845808   60.39830238 
energy          : -2464.51768788  -2464.50803252  -2464.49564450  -2464.48998712  -2464.48983616  -2464.50215084  -2464.47611832  -2464.51322455  -2464.54813204 
max(|Fr_perp|)   :   0.00000000    0.00125166    0.00136982    0.00414588    0.00295854    0.00620595    0.00386937    0.00240457    0.00000000 
Fr_paral         :   0.00000000   -0.00173281   -0.00119358    0.00598050    0.02623495    0.00090468    0.00582783    0.01404905    0.00000000 
max(|Fsp_paral|) :   0.00000000    0.00022511    0.00044791    0.00476823    0.01045248    0.01553563    0.00487634    0.00446516    0.00000000 
max(|Fsp_perp|)  :   0.00000000    0.00000000    0.00000000    0.00000000    0.00000000    0.00000000    0.00000000    0.00000000    0.00000000 
max(|FNEB|)      :   0.00000000    0.00134112    0.00137978    0.00592089    0.01189750    0.01463288    0.00455945    0.00272444    0.00000000 
max(|Force|)     :   0.00011181    0.00138247    0.00153127    0.00516916    0.02467773    0.00620684    0.00433592    0.00769720    0.00046161 
ksp              :   0.03090381    0.05772304    0.06997318    0.07032255    0.07032255    0.10000000    0.10000000    0.01965729 
max(|step|)      :   0.00000000    0.00914117    0.00940465    0.04035716    0.08109416    0.09973865    0.03107749    0.01856994    0.00000000 
angle (deg.)     :    16.3847  13.9519  73.8152  78.2903  110.1853  84.8253  49.6371 
>
iteration       : 90
climbing        : no
zoom on         : no
nim             : 9
barrier         :   0.04219878 (image:  6) 
distance        :   0.00000000   12.36114039   18.98111770   24.41239681   29.90169159   35.41755526   39.18351018   42.74890769   60.58667331 
energy          : -2464.51768788  -2464.50811072  -2464.49564316  -2464.49006900  -2464.49088110  -2464.50194148  -2464.47548910  -2464.51254754  -2464.54813204 
max(|Fr_perp|)   :   0.00000000    0.00302123    0.00627381    0.00610649    0.02581130    0.01841893    0.01410284    0.00242916    0.00000000 
Fr_paral         :   0.00000000   -0.00176013   -0.00120843   -0.00060819    0.00486314    0.00735045    0.01269686    0.01446086    0.00000000 
max(|Fsp_paral|) :   0.00000000    0.00025728    0.00068601    0.00344305    0.00685953    0.00473439    0.01191254    0.00652919    0.00000000 
max(|Fsp_perp|)  :   0.00000000    0.00000000    0.00000000    0.00000000    0.00000000    0.00000000    0.00000000    0.00000000    0.00000000 
max(|FNEB|)      :   0.00000000    0.00302365    0.00622565    0.00614458    0.02585550    0.01893787    0.01526547    0.00895723    0.00000000 
max(|Force|)     :   0.00011181    0.00301807    0.00625566    0.00610070    0.02578346    0.01904619    0.01336681    0.00785589    0.00046161 
ksp              :   0.03042580    0.05701615    0.06890452    0.06890452    0.06717251    0.10000000    0.10000000    0.02096313 
max(|step|)      :   0.00000000    0.00269753    0.00555559    0.00538628    0.02278818    0.01468418    0.01327991    0.00673800    0.00006151 
angle (deg.)     :    16.3999  13.9359  73.8405  78.3098  110.4778  84.7950  49.8747 
>
iteration       : 91
climbing        : no
zoom on         : no
nim             : 9
barrier         :   0.04194780 (image:  6) 
distance        :   0.00000000   12.36211411   18.98071390   24.40903244   29.90674306   35.42382285   39.18997440   42.78232990   60.62878370 
energy          : -2464.51768788  -2464.50814723  -2464.49576567  -2464.49014270  -2464.49227947  -2464.50261343  -2464.47574007  -2464.51276014  -2464.54813204 
max(|Fr_perp|)   :   0.00000000    0.00122709    0.00259334    0.00465163    0.01117296    0.00909227    0.00542652    0.00242165    0.00000000 
Fr_paral         :   0.00000000   -0.00173887   -0.00121342   -0.00097685    0.00967908    0.00590599    0.01545704    0.01438601    0.00000000 
max(|Fsp_paral|) :   0.00000000    0.00015649    0.00051328    0.00383705    0.02129553    0.01631657    0.01027048    0.00298429    0.00000000 
max(|Fsp_perp|)  :   0.00000000    0.00000000    0.00000000    0.00000000    0.00000000    0.00000000    0.00000000    0.00000000    0.00000000 
max(|FNEB|)      :   0.00000000    0.00116394    0.00285334    0.00483625    0.01980484    0.01464967    0.01043693    0.00537779    0.00000000 
max(|Force|)     :   0.00011181    0.00136107    0.00272485    0.00461402    0.01009534    0.00988208    0.01456086    0.00779662    0.00046161 
ksp              :   0.03046968    0.05703462    0.06909883    0.06909883    0.06451434    0.10000000    0.10000000    0.02057258 
max(|step|)      :   0.00000000    0.00147284    0.00248063    0.01060020    0.03191194    0.02954460    0.01305551    0.00975574    0.00015101 
angle (deg.)     :    16.3948  13.9131  73.6884  77.8575  110.7415  85.0373  49.9414 
>
iteration       : 92
climbing        : no
zoom on         : no
nim             : 9
barrier         :   0.04204797 (image:  6) 
distance        :   0.00000000   12.36449352   18.97562477   24.41613694   29.86626951   35.40467781   39.13618591   42.76674364   60.59829434 
energy          : -2464.51768788  -2464.50814236  -2464.49575788  -2464.49022107  -2464.49160528  -2464.50290805  -2464.47563991  -2464.51312061  -2464.54813204 
max(|Fr_perp|)   :   0.00000000    0.00190859    0.00325041    0.00288790    0.01252187    0.00651991    0.00753053    0.00240555    0.00000000 
Fr_paral         :   0.00000000   -0.00172063   -0.00119231    0.00095171    0.02379914    0.00117655    0.01542820    0.01421986    0.00000000 
max(|Fsp_paral|) :   0.00000000    0.00003145    0.00046597    0.00055314    0.00918872    0.00669370    0.00592068    0.00392277    0.00000000 
max(|Fsp_perp|)  :   0.00000000    0.00000000    0.00000000    0.00000000    0.00000000    0.00000000    0.00000000    0.00000000    0.00000000 
max(|FNEB|)      :   0.00000000    0.00190822    0.00324300    0.00288315    0.01259057    0.00647624    0.00734863    0.00249355    0.00000000 
max(|Force|)     :   0.00011181    0.00191238    0.00324635    0.00288108    0.02258488    0.00643453    0.01403749    0.00769856    0.00046161 
ksp              :   0.03043134    0.05693925    0.06879030    0.06879030    0.06582753    0.10000000    0.10000000    0.01977584 
max(|step|)      :   0.00000000    0.00425218    0.00689581    0.00572458    0.01032428    0.01965420    0.02230525    0.00615690    0.00021905 
angle (deg.)     :    16.4173  13.8775  73.7795  77.7714  111.1417  85.2763  50.2471 
>
iteration       : 93
climbing        : no
zoom on         : no
nim             : 9
barrier         :   0.04230476 (image:  6) 
distance        :   0.00000000   12.36597828   18.97263327   24.41145326   29.85390998   35.41494084   39.13836928   42.79042607   60.65055470 
energy          : -2464.51768788  -2464.50818255  -2464.49583445  -2464.49030832  -2464.49172578  -2464.50320862  -2464.47538311  -2464.51311353  -2464.54813204 
max(|Fr_perp|)   :   0.00000000    0.00123399    0.00154440    0.00185077    0.00665267    0.00520600    0.00595533    0.00239034    0.00000000 
Fr_paral         :   0.00000000   -0.00170968   -0.00120458    0.00091545    0.02795419   -0.00098774    0.01654415    0.01426163    0.00000000 
max(|Fsp_paral|) :   0.00000000    0.00009610    0.00043452    0.00020736    0.00772320    0.00749653    0.00417246    0.00484540    0.00000000 
max(|Fsp_perp|)  :   0.00000000    0.00000000    0.00000000    0.00000000    0.00000000    0.00000000    0.00000000    0.00000000    0.00000000 
max(|FNEB|)      :   0.00000000    0.00127303    0.00177056    0.00187112    0.00670264    0.00725618    0.00614970    0.00323904    0.00000000 
max(|Force|)     :   0.00011181    0.00136660    0.00167849    0.00192582    0.02613019    0.00525012    0.01562722    0.00766174    0.00046161 
ksp              :   0.03022184    0.05649142    0.06824782    0.06824782    0.06523228    0.10000000    0.10000000    0.01973156 
max(|step|)      :   0.00000000    0.01976761    0.03101049    0.02749305    0.03474978    0.08595105    0.10000000    0.03106916    0.00185749 
angle (deg.)     :    16.5243  13.7161  74.3022  77.2300  112.6760  86.8930  51.6017 
>
iteration       : 94
climbing        : no
zoom on         : no
nim             : 9
barrier         :   0.04392854 (image:  6) 
distance        :   0.00000000   12.37032984   18.95722022   24.39215211   29.78594304   35.45321350   39.13242598   42.87019296   60.87199654 
energy          : -2464.51768788  -2464.50835584  -2464.49609989  -2464.49063577  -2464.49064175  -2464.50355914  -2464.47375934  -2464.51282610  -2464.54813204 
max(|Fr_perp|)   :   0.00000000    0.00121192    0.00157670    0.00182476    0.01743396    0.01095244    0.00856783    0.00222947    0.00000000 
Fr_paral         :   0.00000000   -0.00166611   -0.00123126    0.00197943    0.03888148   -0.00920158    0.01851668    0.01451574    0.00000000 
max(|Fsp_paral|) :   0.00000000    0.00057913    0.00034888    0.00214046    0.01598287    0.00237075    0.00337970    0.00563094    0.00000000 
max(|Fsp_perp|)  :   0.00000000    0.00000000    0.00000000    0.00000000    0.00000000    0.00000000    0.00000000    0.00000000    0.00000000 
max(|FNEB|)      :   0.00000000    0.00145370    0.00173605    0.00248386    0.01966089    0.01144877    0.01199483    0.00400253    0.00000000 
max(|Force|)     :   0.00011181    0.00134499    0.00168212    0.00205784    0.03571047    0.01229243    0.01937446    0.00743350    0.00046161 
ksp              :   0.02911592    0.05422065    0.06541289    0.06546297    0.06546297    0.10000000    0.10000000    0.01995211 
max(|step|)      :   0.00000000    0.00421931    0.00503882    0.00720930    0.05706496    0.03322959    0.03481452    0.01161718    0.00000000 
angle (deg.)     :    16.5452  13.6835  74.6783  77.6472  111.9667  87.6297  51.7365 
>
iteration       : 95
climbing        : no
zoom on         : no
nim             : 9
barrier         :   0.04309403 (image:  6) 
distance        :   0.00000000   12.36303754   18.95330330   24.38716923   29.84051323   35.48473932   39.18695906   42.89222924   60.93486755 
energy          : -2464.51768788  -2464.50839802  -2464.49614304  -2464.49067448  -2464.49253723  -2464.50412726  -2464.47459385  -2464.51237884  -2464.54813204 
max(|Fr_perp|)   :   0.00000000    0.00120796    0.00207861    0.00153017    0.01627958    0.01082024    0.00685667    0.00208565    0.00000000 
Fr_paral         :   0.00000000   -0.00167402   -0.00124511    0.00156979    0.01509501    0.00203273    0.01330192    0.01467511    0.00000000 
max(|Fsp_paral|) :   0.00000000    0.00020248    0.00032848    0.00106201    0.00830739    0.01375274    0.00017687    0.00382593    0.00000000 
max(|Fsp_perp|)  :   0.00000000    0.00000000    0.00000000    0.00000000    0.00000000    0.00000000    0.00000000    0.00000000    0.00000000 
max(|FNEB|)      :   0.00000000    0.00129274    0.00211486    0.00161998    0.01637365    0.01582109    0.00687545    0.00566678    0.00000000 
max(|Force|)     :   0.00011181    0.00134224    0.00208141    0.00163915    0.01612656    0.01091882    0.01272551    0.00743505    0.00046161 
ksp              :   0.02940147    0.05499544    0.06641630    0.06641630    0.06252603    0.10000000    0.10000000    0.02108769 
max(|step|)      :   0.00000000    0.00177724    0.00249446    0.00213982    0.01500773    0.01646368    0.00906633    0.00484932    0.00000705 
angle (deg.)     :    16.5537  13.6720  74.6975  77.6834  111.9109  87.9022  51.8700 
>
iteration       : 96
climbing        : no
zoom on         : no
nim             : 9
barrier         :   0.04281349 (image:  6) 
distance        :   0.00000000   12.36162506   18.95158649   24.38593757   29.83454895   35.48692252   39.18229100   42.89869432   60.94461733 
energy          : -2464.51768788  -2464.50841529  -2464.49617349  -2464.49070178  -2464.49296940  -2464.50435203  -2464.47487438  -2464.51253791  -2464.54813204 
max(|Fr_perp|)   :   0.00000000    0.00120315    0.00188537    0.00173565    0.00548236    0.00373669    0.00482174    0.00210600    0.00000000 
Fr_paral         :   0.00000000   -0.00167256   -0.00125662    0.00108561    0.01644014   -0.00230890    0.01225495    0.01460797    0.00000000 
max(|Fsp_paral|) :   0.00000000    0.00012143    0.00028042    0.00076143    0.01195298    0.01537664    0.00121517    0.00160530    0.00000000 
max(|Fsp_perp|)  :   0.00000000    0.00000000    0.00000000    0.00000000    0.00000000    0.00000000    0.00000000    0.00000000    0.00000000 
max(|FNEB|)      :   0.00000000    0.00125408    0.00203631    0.00179085    0.01087902    0.01674723    0.00603690    0.00361328    0.00000000 
max(|Force|)     :   0.00011181    0.00133759    0.00202989    0.00179863    0.01579664    0.00390752    0.01190133    0.00736938    0.00046161 
ksp              :   0.02949229    0.05522628    0.06672858    0.06672858    0.06196172    0.10000000    0.10000000    0.02082596 
max(|step|)      :   0.00000000    0.00301737    0.00429181    0.00389678    0.00890276    0.03047765    0.01623699    0.00674220    0.00017829 
angle (deg.)     :    16.5678  13.6515  74.7331  77.5917  111.8184  88.3906  52.0910 
>
iteration       : 97
climbing        : no
zoom on         : no
nim             : 9
barrier         :   0.04252574 (image:  6) 
distance        :   0.00000000   12.35973389   18.94885285   24.38394916   29.81838843   35.48258558   39.16393353   42.89338710   60.94789019 
energy          : -2464.51768788  -2464.50844190  -2464.49620801  -2464.49073981  -2464.49270099  -2464.50430596  -2464.47516214  -2464.51274062  -2464.54813204 
max(|Fr_perp|)   :   0.00000000    0.00119751    0.00178579    0.00178963    0.01172707    0.00826577    0.00408873    0.00210834    0.00000000 
Fr_paral         :   0.00000000   -0.00166769   -0.00126292    0.00065925    0.01991668   -0.00662980    0.01030714    0.01452001    0.00000000 
max(|Fsp_paral|) :   0.00000000    0.00000448    0.00023551    0.00003598    0.00726569    0.00948822    0.00277565    0.00128812    0.00000000 
max(|Fsp_perp|)  :   0.00000000    0.00000000    0.00000000    0.00000000    0.00000000    0.00000000    0.00000000    0.00000000    0.00000000 
max(|FNEB|)      :   0.00000000    0.00119940    0.00191362    0.00178676    0.01175861    0.00951469    0.00678884    0.00151983    0.00000000 
max(|Force|)     :   0.00011181    0.00133205    0.00193222    0.00183248    0.01891429    0.00776858    0.00996032    0.00735262    0.00046161 
ksp              :   0.02956787    0.05545926    0.06703195    0.06703195    0.06288139    0.10000000    0.10000000    0.02047022 
max(|step|)      :   0.00000000    0.00814157    0.01131157    0.01053125    0.01011099    0.06544386    0.04643996    0.01227768    0.00050293 
angle (deg.)     :    16.6054  13.5932  74.9013  77.3835  111.5120  89.6805  52.6556 
>
iteration       : 98
climbing        : no
zoom on         : no
nim             : 9
barrier         :   0.04204782 (image:  6) 
distance        :   0.00000000   12.35537730   18.94171352   24.37775825   29.79326801   35.48182740   39.14453300   42.88846856   60.97666609 
energy          : -2464.51768788  -2464.50851238  -2464.49630509  -2464.49083240  -2464.49244793  -2464.50423169  -2464.47564005  -2464.51303722  -2464.54813204 
max(|Fr_perp|)   :   0.00000000    0.00118837    0.00223518    0.00174393    0.01687914    0.01217410    0.00660291    0.00203468    0.00000000 
Fr_paral         :   0.00000000   -0.00165624   -0.00127610   -0.00008589    0.02190830   -0.01064124    0.00417141    0.01437234    0.00000000 
max(|Fsp_paral|) :   0.00000000    0.00021161    0.00010090    0.00115927    0.00111693    0.00163229    0.00467688    0.00511659    0.00000000 
max(|Fsp_perp|)  :   0.00000000    0.00000000    0.00000000    0.00000000    0.00000000    0.00000000    0.00000000    0.00000000    0.00000000 
max(|FNEB|)      :   0.00000000    0.00109864    0.00222810    0.00165989    0.01688485    0.01232764    0.00667375    0.00360401    0.00000000 
max(|Force|)     :   0.00011181    0.00132328    0.00221606    0.00173763    0.02073718    0.01138536    0.00663929    0.00726607    0.00046161 
ksp              :   0.02963941    0.05576814    0.06748199    0.06748199    0.06402408    0.10000000    0.10000000    0.01995437 
max(|step|)      :   0.00000000    0.01497344    0.02096022    0.01934288    0.01842135    0.10000000    0.08054878    0.01688278    0.00098071 
angle (deg.)     :    16.6750  13.4808  75.2486  77.0006  111.0752  91.8009  53.6836 
>
iteration       : 99
climbing        : no
zoom on         : no
nim             : 9
barrier         :   0.04202355 (image:  6) 
distance        :   0.00000000   12.35091745   18.93028032   24.36592849   29.76124959   35.49450584   39.14409764   42.88060865   61.04495370 
energy          : -2464.51768788  -2464.50863688  -2464.49649584  -2464.49100194  -2464.49249337  -2464.50431489  -2464.47566433  -2464.51324867  -2464.54813204 
max(|Fr_perp|)   :   0.00000000    0.00117488    0.00197729    0.00166048    0.01828547    0.01313874    0.00965680    0.00177018    0.00000000 
Fr_paral         :   0.00000000   -0.00163118   -0.00130141   -0.00048417    0.02387767   -0.01276324   -0.00597725    0.01424858    0.00000000 
max(|Fsp_paral|) :   0.00000000    0.00028465    0.00012881    0.00228345    0.00421677    0.00157375    0.00492918    0.00733059    0.00000000 
max(|Fsp_perp|)  :   0.00000000    0.00000000    0.00000000    0.00000000    0.00000000    0.00000000    0.00000000    0.00000000    0.00000000 
max(|FNEB|)      :   0.00000000    0.00105220    0.00203111    0.00217734    0.01871764    0.01328221    0.00990814    0.00598654    0.00000000 
max(|Force|)     :   0.00011181    0.00131008    0.00200220    0.00170445    0.02246691    0.01321930    0.00981823    0.00704935    0.00046161 
ksp              :   0.02938112    0.05537966    0.06714350    0.06714350    0.06400512    0.10000000    0.10000000    0.01949720 
max(|step|)      :   0.00000000    0.00113325    0.00218756    0.00234506    0.02015944    0.01430533    0.01067136    0.00644767    0.00000000 
angle (deg.)     :    16.6778  13.4597  75.3139  76.8828  111.0930  91.7144  53.7272 
>
iteration       : 100
climbing        : no
zoom on         : no
nim             : 9
barrier         :   0.04171071 (image:  6) 
distance        :   0.00000000   12.35286875   18.93105730   24.36414189   29.76736975   35.49853512   39.15425799   42.85822667   61.03975606 
energy          : -2464.51768788  -2464.50864436  -2464.49651645  -2464.49102498  -2464.49304547  -2464.50480734  -2464.47597717  -2464.51300250  -2464.54813204 
max(|Fr_perp|)   :   0.00000000    0.00117549    0.00147053    0.00127521    0.00862616    0.00507167    0.00871963    0.00165722    0.00000000 
Fr_paral         :   0.00000000   -0.00162746   -0.00130084    0.00022031    0.02213165   -0.00652452   -0.00407479    0.01439989    0.00000000 
max(|Fsp_paral|) :   0.00000000    0.00033002    0.00013121    0.00165532    0.00255563    0.00279859    0.00274044    0.00180596    0.00000000 
max(|Fsp_perp|)  :   0.00000000    0.00000000    0.00000000    0.00000000    0.00000000    0.00000000    0.00000000    0.00000000    0.00000000 
max(|FNEB|)      :   0.00000000    0.00103336    0.00139583    0.00148203    0.00865030    0.00519475    0.00859816    0.00161357    0.00000000 
max(|Force|)     :   0.00011181    0.00131061    0.00164218    0.00128839    0.02076738    0.00630609    0.00882223    0.00701815    0.00046161 
ksp              :   0.02951337    0.05568201    0.06753105    0.06753105    0.06317140    0.10000000    0.10000000    0.02010974 
max(|step|)      :   0.00000000    0.00104025    0.00139671    0.00162321    0.00344346    0.00617546    0.00880534    0.00202316    0.00002512 
angle (deg.)     :    16.6806  13.4424  75.3578  76.8287  111.1234  91.6402  53.7988 
>
iteration       : 101
climbing        : no
zoom on         : no
nim             : 9
barrier         :   0.04153953 (image:  6) 
distance        :   0.00000000   12.35486387   18.93177682   24.36232542   29.76603600   35.50179582   39.15791483   42.84619077   61.03676487 
energy          : -2464.51768788  -2464.50865013  -2464.49653061  -2464.49103842  -2464.49315524  -2464.50492726  -2464.47614835  -2464.51293827  -2464.54813204 
max(|Fr_perp|)   :   0.00000000    0.00117431    0.00150826    0.00129595    0.00448950    0.00392716    0.00761220    0.00161077    0.00000000 
Fr_paral         :   0.00000000   -0.00162659   -0.00130656    0.00057281    0.02228375   -0.00509653   -0.00250776    0.01444193    0.00000000 
max(|Fsp_paral|) :   0.00000000    0.00034309    0.00012967    0.00148418    0.00343234    0.00268205    0.00182435    0.00010224    0.00000000 
max(|Fsp_perp|)  :   0.00000000    0.00000000    0.00000000    0.00000000    0.00000000    0.00000000    0.00000000    0.00000000    0.00000000 
max(|FNEB|)      :   0.00000000    0.00102641    0.00143442    0.00127149    0.00451957    0.00368715    0.00752924    0.00171136    0.00000000 
max(|Force|)     :   0.00011181    0.00130953    0.00166693    0.00132865    0.02082716    0.00428868    0.00767690    0.00700632    0.00046161 
ksp              :   0.02958129    0.05583957    0.06773901    0.06773901    0.06315267    0.10000000    0.10000000    0.02029055 
max(|step|)      :   0.00000000    0.00583942    0.00804273    0.00797762    0.01245976    0.02222158    0.04464392    0.00774218    0.00059381 
angle (deg.)     :    16.6960  13.3563  75.5730  76.5630  111.2538  91.3231  54.2853 
>
iteration       : 102
climbing        : no
zoom on         : no
nim             : 9
barrier         :   0.04094903 (image:  6) 
distance        :   0.00000000   12.36654674   18.93586162   24.35149146   29.74958761   35.50676202   39.15830629   42.79593217   61.02137332 
energy          : -2464.51768788  -2464.50868205  -2464.49660616  -2464.49109643  -2464.49308433  -2464.50522511  -2464.47673885  -2464.51297274  -2464.54813204 
max(|Fr_perp|)   :   0.00000000    0.00116170    0.00160798    0.00153671    0.00412161    0.00613352    0.00308385    0.00148169    0.00000000 
Fr_paral         :   0.00000000   -0.00162160   -0.00132452    0.00173001    0.02458868   -0.00284801    0.00430599    0.01447256    0.00000000 
max(|Fsp_paral|) :   0.00000000    0.00031615    0.00012549    0.00099032    0.00051969    0.00292764    0.00078751    0.00284555    0.00000000 
max(|Fsp_perp|)  :   0.00000000    0.00000000    0.00000000    0.00000000    0.00000000    0.00000000    0.00000000    0.00000000    0.00000000 
max(|FNEB|)      :   0.00000000    0.00102468    0.00153629    0.00152270    0.00412325    0.00587845    0.00292842    0.00427776    0.00000000 
max(|Force|)     :   0.00011181    0.00129745    0.00176929    0.00168554    0.02271071    0.00593911    0.00407773    0.00697576    0.00046161 
ksp              :   0.02979349    0.05633455    0.06844412    0.06844412    0.06407503    0.10000000    0.10000000    0.02036319 
max(|step|)      :   0.00000000    0.00760898    0.01073706    0.00944019    0.01043595    0.02793885    0.04338075    0.01074087    0.00062300 
angle (deg.)     :    16.7178  13.2637  75.8293  76.4115  111.3186  91.1069  54.9628 
>
iteration       : 103
climbing        : no
zoom on         : no
nim             : 9
barrier         :   0.04072877 (image:  6) 
distance        :   0.00000000   12.38128041   18.94127095   24.33686180   29.73534347   35.50943263   39.16634291   42.77423111   61.03500255 
energy          : -2464.51768788  -2464.50872332  -2464.49670337  -2464.49118122  -2464.49316211  -2464.50564855  -2464.47695911  -2464.51325511  -2464.54813204 
max(|Fr_perp|)   :   0.00000000    0.00115112    0.00156862    0.00159768    0.00677892    0.00665425    0.00418453    0.00140000    0.00000000 
Fr_paral         :   0.00000000   -0.00161375   -0.00134364    0.00178953    0.02390391   -0.00051460    0.00871146    0.01438874    0.00000000 
max(|Fsp_paral|) :   0.00000000    0.00013764    0.00004309    0.00016420    0.00043458    0.00386575    0.00276503    0.00027099    0.00000000 
max(|Fsp_perp|)  :   0.00000000    0.00000000    0.00000000    0.00000000    0.00000000    0.00000000    0.00000000    0.00000000    0.00000000 
max(|FNEB|)      :   0.00000000    0.00109106    0.00154383    0.00160581    0.00677737    0.00630271    0.00454624    0.00166474    0.00000000 
max(|Force|)     :   0.00011181    0.00128742    0.00173334    0.00172796    0.02207269    0.00661792    0.00742280    0.00693489    0.00046161 
ksp              :   0.02980934    0.05637032    0.06857283    0.06857283    0.06419558    0.10000000    0.10000000    0.01979528 
max(|step|)      :   0.00000000    0.02412766    0.03344822    0.02927721    0.03194513    0.08720198    0.10000000    0.02961103    0.00203143 
angle (deg.)     :    16.8001  13.0157  76.5149  76.2203  111.6235  90.8918  56.9764 
>
iteration       : 104
climbing        : no
zoom on         : no
nim             : 9
barrier         :   0.04168906 (image:  6) 
distance        :   0.00000000   12.42007087   18.95587403   24.29827490   29.69444565   35.52061938   39.19753386   42.71593931   61.11035129 
energy          : -2464.51768788  -2464.50885263  -2464.49699354  -2464.49142408  -2464.49374203  -2464.50655781  -2464.47599882  -2464.51347106  -2464.54813204 
max(|Fr_perp|)   :   0.00000000    0.00213539    0.00404250    0.00527418    0.00372088    0.00529726    0.01117616    0.00136124    0.00000000 
Fr_paral         :   0.00000000   -0.00158759   -0.00139794    0.00021204    0.02258688   -0.00004113    0.01735299    0.01442525    0.00000000 
max(|Fsp_paral|) :   0.00000000    0.00073355    0.00021620    0.00293304    0.00039495    0.00637651    0.00880665    0.00020807    0.00000000 
max(|Fsp_perp|)  :   0.00000000    0.00000000    0.00000000    0.00000000    0.00000000    0.00000000    0.00000000    0.00000000    0.00000000 
max(|FNEB|)      :   0.00000000    0.00219739    0.00416959    0.00543835    0.00382838    0.00701417    0.01284251    0.00139658    0.00000000 
max(|Force|)     :   0.00011181    0.00220227    0.00417181    0.00541088    0.02073847    0.00544441    0.01767532    0.00680102    0.00046161 
ksp              :   0.02906848    0.05466256    0.06668307    0.06668307    0.06168403    0.10000000    0.10000000    0.01910192 
max(|step|)      :   0.00000000    0.00374739    0.00711075    0.00927447    0.00652886    0.01196185    0.02190140    0.00238170    0.00000000 
angle (deg.)     :    16.8137  13.0041  76.5226  76.2253  111.7768  91.1804  57.0531 
>
iteration       : 105
climbing        : no
zoom on         : no
nim             : 9
barrier         :   0.04142283 (image:  6) 
distance        :   0.00000000   12.41459801   18.95490994   24.30097663   29.69008686   35.52649624   39.18192180   42.72631841   61.12783840 
energy          : -2464.51768788  -2464.50887498  -2464.49701873  -2464.49144306  -2464.49380791  -2464.50671925  -2464.47626505  -2464.51352065  -2464.54813204 
max(|Fr_perp|)   :   0.00000000    0.00245093    0.00460904    0.00529988    0.00462664    0.00621088    0.00959536    0.00125635    0.00000000 
Fr_paral         :   0.00000000   -0.00157471   -0.00140919   -0.00008992    0.02227234    0.00019962    0.01649498    0.01440581    0.00000000 
max(|Fsp_paral|) :   0.00000000    0.00053495    0.00017225    0.00236118    0.00000837    0.00336353    0.00617834    0.00156631    0.00000000 
max(|Fsp_perp|)  :   0.00000000    0.00000000    0.00000000    0.00000000    0.00000000    0.00000000    0.00000000    0.00000000    0.00000000 
max(|FNEB|)      :   0.00000000    0.00245848    0.00460466    0.00527937    0.00462671    0.00588957    0.00991273    0.00131475    0.00000000 
max(|Force|)     :   0.00011181    0.00245526    0.00460142    0.00530052    0.02067261    0.00619617    0.01488211    0.00672297    0.00046161 
ksp              :   0.02914792    0.05490817    0.06702251    0.06702251    0.06188436    0.10000000    0.10000000    0.01905419 
max(|step|)      :   0.00000000    0.00244742    0.00294113    0.00490590    0.00270331    0.00888375    0.01971827    0.00208763    0.00012424 
angle (deg.)     :    16.8259  12.9903  76.5372  76.2523  111.9019  91.4711  57.1280 
>
iteration       : 106
climbing        : no
zoom on         : no
nim             : 9
barrier         :   0.04123059 (image:  6) 
distance        :   0.00000000   12.40990500   18.95406560   24.30355555   29.68655609   35.53355037   39.17389192   42.73885433   61.14954705 
energy          : -2464.51768788  -2464.50889886  -2464.49705350  -2464.49147509  -2464.49389891  -2464.50686084  -2464.47645729  -2464.51352187  -2464.54813204 
max(|Fr_perp|)   :   0.00000000    0.00182366    0.00328316    0.00367058    0.00283124    0.00371066    0.00937804    0.00124795    0.00000000 
Fr_paral         :   0.00000000   -0.00156818   -0.00141469   -0.00039200    0.02219171   -0.00047405    0.01508238    0.01441124    0.00000000 
max(|Fsp_paral|) :   0.00000000    0.00038679    0.00013120    0.00183824    0.00022953    0.00150039    0.00418471    0.00203088    0.00000000 
max(|Fsp_perp|)  :   0.00000000    0.00000000    0.00000000    0.00000000    0.00000000    0.00000000    0.00000000    0.00000000    0.00000000 
max(|FNEB|)      :   0.00000000    0.00182891    0.00327986    0.00365437    0.00283584    0.00356879    0.00895089    0.00141375    0.00000000 
max(|Force|)     :   0.00011181    0.00182782    0.00327559    0.00367340    0.02059263    0.00374526    0.01327235    0.00668379    0.00046161 
ksp              :   0.02918508    0.05504167    0.06721847    0.06721847    0.06192765    0.10000000    0.10000000    0.01909375 
max(|step|)      :   0.00000000    0.01545996    0.01915502    0.02623091    0.01429249    0.03906494    0.10000000    0.01587800    0.00148970 
angle (deg.)     :    16.8950  12.9025  76.7125  76.3611  112.3433  93.4680  57.6681 
>
iteration       : 107
climbing        : no
zoom on         : no
nim             : 9
barrier         :   0.04112411 (image:  6) 
distance        :   0.00000000   12.38743814   18.95032888   24.31869667   29.67255996   35.56485992   39.15782966   42.81653403   61.29685437 
energy          : -2464.51768788  -2464.50902822  -2464.49723292  -2464.49159314  -2464.49412671  -2464.50711139  -2464.47656377  -2464.51328053  -2464.54813204 
max(|Fr_perp|)   :   0.00000000    0.00109081    0.00196229    0.00269193    0.01064016    0.01108082    0.00960760    0.00129157    0.00000000 
Fr_paral         :   0.00000000   -0.00154095   -0.00145408   -0.00052899    0.02055594   -0.00121411    0.00301033    0.01451464    0.00000000 
max(|Fsp_paral|) :   0.00000000    0.00015067    0.00017714    0.00078520    0.00330421    0.00275186    0.00360226    0.00113327    0.00000000 
max(|Fsp_perp|)  :   0.00000000    0.00000000    0.00000000    0.00000000    0.00000000    0.00000000    0.00000000    0.00000000    0.00000000 
max(|FNEB|)      :   0.00000000    0.00102276    0.00201970    0.00277793    0.01095430    0.01127258    0.00987746    0.00124121    0.00000000 
max(|Force|)     :   0.00011181    0.00122598    0.00200895    0.00277462    0.01920694    0.01136552    0.00985507    0.00705821    0.00046161 
ksp              :   0.02894639    0.05475369    0.06709302    0.06709302    0.06158123    0.10000000    0.10000000    0.01964231 
max(|step|)      :   0.00000000    0.00106835    0.00210973    0.00290176    0.01144260    0.01177507    0.01031776    0.00129654    0.00000000 
angle (deg.)     :    16.8965  12.8902  76.7423  76.4171  112.3114  93.4495  57.7309 
>
iteration       : 108
climbing        : no
zoom on         : no
nim             : 9
barrier         :   0.04084808 (image:  6) 
distance        :   0.00000000   12.38857770   18.95141139   24.31793439   29.67644156   35.57163224   39.17362473   42.82424643   61.31015437 
energy          : -2464.51768788  -2464.50903442  -2464.49724824  -2464.49160917  -2464.49440838  -2464.50730604  -2464.47683980  -2464.51327160  -2464.54813204 
max(|Fr_perp|)   :   0.00000000    0.00108964    0.00152976    0.00092659    0.00398872    0.00380482    0.00458295    0.00130194    0.00000000 
Fr_paral         :   0.00000000   -0.00153747   -0.00145668   -0.00037259    0.01979278   -0.00182991    0.00336292    0.01452243    0.00000000 
max(|Fsp_paral|) :   0.00000000    0.00021420    0.00017785    0.00043404    0.00013992    0.00087462    0.00267715    0.00013069    0.00000000 
max(|Fsp_perp|)  :   0.00000000    0.00000000    0.00000000    0.00000000    0.00000000    0.00000000    0.00000000    0.00000000    0.00000000 
max(|FNEB|)      :   0.00000000    0.00099337    0.00141392    0.00090752    0.00398917    0.00372485    0.00408318    0.00117320    0.00000000 
max(|Force|)     :   0.00011181    0.00122490    0.00173110    0.00091345    0.01842601    0.00367476    0.00355746    0.00707057    0.00046161 
ksp              :   0.02906606    0.05503437    0.06745885    0.06745885    0.06129139    0.10000000    0.10000000    0.01973033 
max(|step|)      :   0.00000000    0.00098893    0.00141102    0.00089525    0.00245817    0.00307228    0.00428523    0.00114773    0.00001582 
angle (deg.)     :    16.8975  12.8798  76.7640  76.4135  112.2914  93.4580  57.7958 
>
iteration       : 109
climbing        : no
zoom on         : no
nim             : 9
barrier         :   0.04076007 (image:  6) 
distance        :   0.00000000   12.38990937   18.95242809   24.31731593   29.67671075   35.57236637   39.17960370   42.82578289   61.31587607 
energy          : -2464.51768788  -2464.50903949  -2464.49726071  -2464.49161810  -2464.49447719  -2464.50736596  -2464.47692781  -2464.51329159  -2464.54813204 
max(|Fr_perp|)   :   0.00000000    0.00108773    0.00152276    0.00093104    0.00227056    0.00291041    0.00381651    0.00126287    0.00000000 
Fr_paral         :   0.00000000   -0.00153701   -0.00146036   -0.00028984    0.02009073   -0.00181343    0.00373300    0.01451526    0.00000000 
max(|Fsp_paral|) :   0.00000000    0.00022015    0.00017981    0.00029694    0.00089557    0.00030015    0.00214289    0.00009131    0.00000000 
max(|Fsp_perp|)  :   0.00000000    0.00000000    0.00000000    0.00000000    0.00000000    0.00000000    0.00000000    0.00000000    0.00000000 
max(|FNEB|)      :   0.00000000    0.00098874    0.00140552    0.00091859    0.00227316    0.00294067    0.00329647    0.00118508    0.00000000 
max(|Force|)     :   0.00011181    0.00122304    0.00172481    0.00092132    0.01865760    0.00305243    0.00323055    0.00702833    0.00046161 
ksp              :   0.02909603    0.05510408    0.06756320    0.06756320    0.06125021    0.10000000    0.10000000    0.01970720 
max(|step|)      :   0.00000000    0.01113357    0.01590281    0.01028249    0.02144260    0.03445932    0.03991440    0.01340858    0.00082941 
angle (deg.)     :    16.9111  12.7758  76.9975  76.3261  112.1873  93.6661  58.5513 
>
iteration       : 110
climbing        : no
zoom on         : no
nim             : 9
barrier         :   0.04034014 (image:  6) 
distance        :   0.00000000   12.40551322   18.96418305   24.31105351   29.66833194   35.58079850   39.23771940   42.84628224   61.38270822 
energy          : -2464.51768788  -2464.50909538  -2464.49740119  -2464.49170946  -2464.49464534  -2464.50773553  -2464.47734774  -2464.51353722  -2464.54813204 
max(|Fr_perp|)   :   0.00000000    0.00107305    0.00158268    0.00103428    0.00348741    0.00315116    0.00366895    0.00114207    0.00000000 
Fr_paral         :   0.00000000   -0.00153453   -0.00149557    0.00010315    0.02479121   -0.00230421    0.00703851    0.01439315    0.00000000 
max(|Fsp_paral|) :   0.00000000    0.00011056    0.00019758    0.00056659    0.00090505    0.00201163    0.00265355    0.00152705    0.00000000 
max(|Fsp_perp|)  :   0.00000000    0.00000000    0.00000000    0.00000000    0.00000000    0.00000000    0.00000000    0.00000000    0.00000000 
max(|FNEB|)      :   0.00000000    0.00102310    0.00145226    0.00105452    0.00338072    0.00320251    0.00342986    0.00120782    0.00000000 
max(|Force|)     :   0.00011181    0.00120918    0.00179187    0.00103723    0.02264103    0.00310593    0.00608015    0.00660065    0.00046161 
ksp              :   0.02917012    0.05526019    0.06795858    0.06795858    0.06140855    0.10000000    0.10000000    0.01926023 
max(|step|)      :   0.00000000    0.01126198    0.01606177    0.01080392    0.01251697    0.03208953    0.02124492    0.01321073    0.00064227 
angle (deg.)     :    16.9331  12.6977  77.2460  76.2722  112.2736  94.0531  59.2589 
>
iteration       : 111
climbing        : no
zoom on         : no
nim             : 9
barrier         :   0.04033303 (image:  6) 
distance        :   0.00000000   12.41910095   18.97660637   24.30686471   29.65846701   35.59881567   39.27860603   42.86514013   61.45405625 
energy          : -2464.51768788  -2464.50915243  -2464.49753914  -2464.49179444  -2464.49477779  -2464.50805607  -2464.47735485  -2464.51356998  -2464.54813204 
max(|Fr_perp|)   :   0.00000000    0.00105700    0.00152216    0.00194962    0.00946050    0.00462382    0.00655357    0.00121815    0.00000000 
Fr_paral         :   0.00000000   -0.00152207   -0.00153251   -0.00044831    0.02365204    0.00064022    0.00839129    0.01440017    0.00000000 
max(|Fsp_paral|) :   0.00000000    0.00006400    0.00018579    0.00116256    0.00032627    0.00375022    0.00509434    0.00078170    0.00000000 
max(|Fsp_perp|)  :   0.00000000    0.00000000    0.00000000    0.00000000    0.00000000    0.00000000    0.00000000    0.00000000    0.00000000 
max(|FNEB|)      :   0.00000000    0.00108603    0.00140223    0.00196173    0.00945796    0.00499072    0.00666931    0.00122055    0.00000000 
max(|Force|)     :   0.00011181    0.00119301    0.00173870    0.00194587    0.02169388    0.00458056    0.00845856    0.00654711    0.00046161 
ksp              :   0.02904619    0.05496033    0.06777918    0.06777918    0.06112206    0.10000000    0.10000000    0.01918877 
max(|step|)      :   0.00000000    0.02061044    0.02913608    0.01955242    0.02269201    0.05726460    0.03156718    0.02410704    0.00128732 
angle (deg.)     :    16.9842  12.6053  77.7008  76.3389  112.4982  94.8034  60.5437 
>
iteration       : 112
climbing        : no
zoom on         : no
nim             : 9
barrier         :   0.04036054 (image:  6) 
distance        :   0.00000000   12.44141697   18.99975441   24.30235629   29.64738218   35.64311805   39.34781331   42.91005846   61.59449697 
energy          : -2464.51768788  -2464.50925626  -2464.49779285  -2464.49193995  -2464.49531082  -2464.50855860  -2464.47732733  -2464.51359609  -2464.54813204 
max(|Fr_perp|)   :   0.00000000    0.00102386    0.00150511    0.00162613    0.01080941    0.00767618    0.00923225    0.00122539    0.00000000 
Fr_paral         :   0.00000000   -0.00149595   -0.00158933   -0.00133551    0.01948428    0.00314812    0.01001218    0.01440738    0.00000000 
max(|Fsp_paral|) :   0.00000000    0.00035584    0.00019834    0.00227252    0.00109210    0.00868569    0.00770738    0.00044531    0.00000000 
max(|Fsp_perp|)  :   0.00000000    0.00000000    0.00000000    0.00000000    0.00000000    0.00000000    0.00000000    0.00000000    0.00000000 
max(|FNEB|)      :   0.00000000    0.00118647    0.00136995    0.00213318    0.01081761    0.01092142    0.01014720    0.00122764    0.00000000 
max(|Force|)     :   0.00011181    0.00115926    0.00173372    0.00161452    0.01794317    0.00746933    0.01181761    0.00642660    0.00046161 
ksp              :   0.02880167    0.05436393    0.06741533    0.06741533    0.05989862    0.10000000    0.10000000    0.01912428 
max(|step|)      :   0.00000000    0.03716922    0.05208293    0.03470986    0.04077927    0.10000000    0.05015742    0.04316272    0.00255132 
angle (deg.)     :    17.1054  12.6102  78.4927  76.5408  113.0809  96.2141  62.8734 
>
iteration       : 113
climbing        : no
zoom on         : no
nim             : 9
barrier         :   0.04039586 (image:  6) 
distance        :   0.00000000   12.47719025   19.04299051   24.30202351   29.63214376   35.73691251   39.46250567   43.00852659   61.86094584 
energy          : -2464.51768788  -2464.50943667  -2464.49823416  -2464.49214660  -2464.49593121  -2464.50953081  -2464.47729202  -2464.51367477  -2464.54813204 
max(|Fr_perp|)   :   0.00000000    0.00096810    0.00255221    0.00390711    0.01434225    0.00536651    0.01118807    0.00162075    0.00000000 
Fr_paral         :   0.00000000   -0.00144840   -0.00167669   -0.00230421    0.01469786    0.00150340    0.01181428    0.01431194    0.00000000 
max(|Fsp_paral|) :   0.00000000    0.00078393    0.00034009    0.00376946    0.00054095    0.01172759    0.00944243    0.00100753    0.00000000 
max(|Fsp_perp|)  :   0.00000000    0.00000000    0.00000000    0.00000000    0.00000000    0.00000000    0.00000000    0.00000000    0.00000000 
max(|FNEB|)      :   0.00000000    0.00133122    0.00261289    0.00403423    0.01467667    0.01373799    0.01298788    0.00166042    0.00000000 
max(|Force|)     :   0.00011181    0.00110196    0.00262018    0.00396425    0.01458113    0.00547774    0.01483241    0.00627546    0.00046161 
ksp              :   0.02837803    0.05332953    0.06688934    0.06688934    0.05849715    0.10000000    0.10000000    0.01894099 
max(|step|)      :   0.00000000    0.00189414    0.00371776    0.00574011    0.02088273    0.01954712    0.01847983    0.00236254    0.00000000 
angle (deg.)     :    17.1164  12.6145  78.5113  76.6208  113.2208  96.3822  62.9323 
>
iteration       : 114
climbing        : no
zoom on         : no
nim             : 9
barrier         :   0.03996817 (image:  6) 
distance        :   0.00000000   12.47234462   19.04606612   24.30837769   29.63436837   35.74744761   39.44259698   43.01326413   61.86779160 
energy          : -2464.51768788  -2464.50945231  -2464.49825361  -2464.49217316  -2464.49614007  -2464.50964544  -2464.47771971  -2464.51376055  -2464.54813204 
max(|Fr_perp|)   :   0.00000000    0.00097197    0.00219351    0.00239404    0.01274431    0.00478094    0.00926227    0.00137524    0.00000000 
Fr_paral         :   0.00000000   -0.00145004   -0.00168841   -0.00169677    0.01777551   -0.00289405    0.01042894    0.01424853    0.00000000 
max(|Fsp_paral|) :   0.00000000    0.00052109    0.00032476    0.00337635    0.00137977    0.00895586    0.00654115    0.00073248    0.00000000 
max(|Fsp_perp|)  :   0.00000000    0.00000000    0.00000000    0.00000000    0.00000000    0.00000000    0.00000000    0.00000000    0.00000000 
max(|FNEB|)      :   0.00000000    0.00121289    0.00219633    0.00306431    0.01275101    0.00934601    0.00912795    0.00125562    0.00000000 
max(|Force|)     :   0.00011181    0.00110609    0.00219043    0.00240995    0.01626665    0.00486633    0.01245116    0.00629716    0.00046161 
ksp              :   0.02854480    0.05376193    0.06745383    0.06745383    0.05852118    0.10000000    0.10000000    0.01884352 
max(|step|)      :   0.00000000    0.00158777    0.00174209    0.00401625    0.00480119    0.01376733    0.01321607    0.00172816    0.00009564 
angle (deg.)     :    17.1247  12.6215  78.5281  76.5945  113.3358  96.5438  62.9784 
>
iteration       : 115
climbing        : no
zoom on         : no
nim             : 9
barrier         :   0.03984462 (image:  6) 
distance        :   0.00000000   12.46908394   19.04871685   24.31348439   29.63414383   35.75122266   39.42476664   43.01066545   61.86869022 
energy          : -2464.51768788  -2464.50946442  -2464.49826881  -2464.49218758  -2464.49633330  -2464.50970220  -2464.47784326  -2464.51378317  -2464.54813204 
max(|Fr_perp|)   :   0.00000000    0.00096771    0.00173834    0.00180495    0.00650343    0.00458260    0.00698243    0.00127299    0.00000000 
Fr_paral         :   0.00000000   -0.00144529   -0.00169771   -0.00139478    0.01977113   -0.00403629    0.00919568    0.01423842    0.00000000 
max(|Fsp_paral|) :   0.00000000    0.00038072    0.00031360    0.00294134    0.00313929    0.00848285    0.00459090    0.00151493    0.00000000 
max(|Fsp_perp|)  :   0.00000000    0.00000000    0.00000000    0.00000000    0.00000000    0.00000000    0.00000000    0.00000000    0.00000000 
max(|FNEB|)      :   0.00000000    0.00114368    0.00174092    0.00269373    0.00651526    0.00838278    0.00665570    0.00179673    0.00000000 
max(|Force|)     :   0.00011181    0.00110140    0.00187939    0.00181788    0.01799184    0.00447909    0.00979601    0.00626960    0.00046161 
ksp              :   0.02857493    0.05386330    0.06759942    0.06759942    0.05823518    0.10000000    0.10000000    0.01881986 
max(|step|)      :   0.00000000    0.00876819    0.01019239    0.02121341    0.01592172    0.07253892    0.06080632    0.00868488    0.00111847 
angle (deg.)     :    17.1659  12.6791  78.6434  76.3740  113.9002  97.5392  63.2274 
>
iteration       : 116
climbing        : no
zoom on         : no
nim             : 9
barrier         :   0.03991650 (image:  6) 
distance        :   0.00000000   12.45455040   19.06373025   24.34019356   29.61967316   35.77022772   39.34066688   42.98565984   61.86999342 
energy          : -2464.51768788  -2464.50952658  -2464.49834851  -2464.49219748  -2464.49599171  -2464.50965407  -2464.47777138  -2464.51369873  -2464.54813204 
max(|Fr_perp|)   :   0.00000000    0.00095598    0.00148481    0.00149501    0.00821242    0.00519413    0.00492740    0.00104975    0.00000000 
Fr_paral         :   0.00000000   -0.00142721   -0.00173180   -0.00049618    0.02826196   -0.00776543    0.00221743    0.01432962    0.00000000 
max(|Fsp_paral|) :   0.00000000    0.00011156    0.00036413    0.00016224    0.00561238    0.00406245    0.00385312    0.00237871    0.00000000 
max(|Fsp_perp|)  :   0.00000000    0.00000000    0.00000000    0.00000000    0.00000000    0.00000000    0.00000000    0.00000000    0.00000000 
max(|FNEB|)      :   0.00000000    0.00090450    0.00128925    0.00149707    0.00880902    0.00485051    0.00535768    0.00192902    0.00000000 
max(|Force|)     :   0.00011181    0.00108800    0.00174368    0.00149000    0.02561449    0.00619011    0.00505538    0.00632289    0.00046161 
ksp              :   0.02840133    0.05360460    0.06747336    0.06747336    0.05891849    0.10000000    0.10000000    0.01899435 
max(|step|)      :   0.00000000    0.00276243    0.00361329    0.00271117    0.02038331    0.01150960    0.01128449    0.00501997    0.00005369 
angle (deg.)     :    17.1704  12.6987  78.7190  76.4978  113.7370  97.5736  63.2985 
>
iteration       : 117
climbing        : no
zoom on         : no
nim             : 9
barrier         :   0.03977265 (image:  6) 
distance        :   0.00000000   12.45559265   19.06985084   24.34217915   29.63477319   35.78449484   39.36771124   42.98931907   61.88762801 
energy          : -2464.51768788  -2464.50954033  -2464.49837826  -2464.49221375  -2464.49646550  -2464.50984373  -2464.47791522  -2464.51353650  -2464.54813204 
max(|Fr_perp|)   :   0.00000000    0.00095204    0.00170091    0.00187446    0.00588791    0.00462786    0.00541328    0.00098111    0.00000000 
Fr_paral         :   0.00000000   -0.00142318   -0.00172530   -0.00112914    0.01871024   -0.00050731    0.00231942    0.01442424    0.00000000 
max(|Fsp_paral|) :   0.00000000    0.00019170    0.00031221    0.00106830    0.00108225    0.00114294    0.00198262    0.00177796    0.00000000 
max(|Fsp_perp|)  :   0.00000000    0.00000000    0.00000000    0.00000000    0.00000000    0.00000000    0.00000000    0.00000000    0.00000000 
max(|FNEB|)      :   0.00000000    0.00086363    0.00170236    0.00186118    0.00589378    0.00470698    0.00542989    0.00239463    0.00000000 
max(|Force|)     :   0.00011181    0.00108367    0.00182757    0.00188539    0.01699660    0.00460100    0.00542331    0.00650847    0.00046161 
ksp              :   0.02843676    0.05369500    0.06764442    0.06764442    0.05802330    0.10000000    0.10000000    0.01939399 
max(|step|)      :   0.00000000    0.00136207    0.00212011    0.00179376    0.00481756    0.00535254    0.00897046    0.00225574    0.00009617 
angle (deg.)     :    17.1691  12.7081  78.7509  76.6013  113.6190  97.5185  63.3718 
>
iteration       : 118
climbing        : no
zoom on         : no
nim             : 9
barrier         :   0.03961568 (image:  6) 
distance        :   0.00000000   12.45823318   19.07305867   24.34286199   29.63990273   35.78811698   39.38143054   42.99471155   61.89609710 
energy          : -2464.51768788  -2464.50954509  -2464.49839707  -2464.49222370  -2464.49661374  -2464.50997626  -2464.47807220  -2464.51360083  -2464.54813204 
max(|Fr_perp|)   :   0.00000000    0.00094946    0.00156398    0.00068295    0.00388133    0.00277678    0.00221049    0.00098214    0.00000000 
Fr_paral         :   0.00000000   -0.00142173   -0.00172495   -0.00143821    0.01597623   -0.00138112    0.00317158    0.01437935    0.00000000 
max(|Fsp_paral|) :   0.00000000    0.00020031    0.00031648    0.00143093    0.00325095    0.00266789    0.00103011    0.00129987    0.00000000 
max(|Fsp_perp|)  :   0.00000000    0.00000000    0.00000000    0.00000000    0.00000000    0.00000000    0.00000000    0.00000000    0.00000000 
max(|FNEB|)      :   0.00000000    0.00085712    0.00133685    0.00113553    0.00424138    0.00404891    0.00222178    0.00184769    0.00000000 
max(|Force|)     :   0.00011181    0.00108094    0.00182316    0.00140898    0.01457599    0.00270363    0.00222843    0.00641335    0.00046161 
ksp              :   0.02849900    0.05382540    0.06785022    0.06785022    0.05787681    0.10000000    0.10000000    0.01928508 
max(|step|)      :   0.00000000    0.00633645    0.00900157    0.00725377    0.00711655    0.01518269    0.01297209    0.00709969    0.00047110 
angle (deg.)     :    17.1772  12.7601  78.8700  76.7212  113.5279  97.6803  63.6547 
>
iteration       : 119
climbing        : no
zoom on         : no
nim             : 9
barrier         :   0.03949124 (image:  6) 
distance        :   0.00000000   12.46250526   19.08664406   24.35361341   29.64506066   35.80145418   39.39411174   43.00094969   61.91921789 
energy          : -2464.51768788  -2464.50957462  -2464.49846868  -2464.49224230  -2464.49674827  -2464.51015848  -2464.47819663  -2464.51373677  -2464.54813204 
max(|Fr_perp|)   :   0.00000000    0.00094077    0.00154023    0.00110897    0.00459552    0.00362591    0.00271680    0.00100100    0.00000000 
Fr_paral         :   0.00000000   -0.00141508   -0.00173832   -0.00180891    0.01503940   -0.00315498    0.00311021    0.01429332    0.00000000 
max(|Fsp_paral|) :   0.00000000    0.00026597    0.00035995    0.00128645    0.00402254    0.00297846    0.00072809    0.00046746    0.00000000 
max(|Fsp_perp|)  :   0.00000000    0.00000000    0.00000000    0.00000000    0.00000000    0.00000000    0.00000000    0.00000000    0.00000000 
max(|FNEB|)      :   0.00000000    0.00081839    0.00127949    0.00087626    0.00504114    0.00371572    0.00279377    0.00099677    0.00000000 
max(|Force|)     :   0.00011181    0.00107158    0.00180355    0.00181775    0.01377248    0.00355348    0.00288561    0.00638535    0.00046161 
ksp              :   0.02849000    0.05380029    0.06799013    0.06799013    0.05772107    0.10000000    0.10000000    0.01900452 
max(|step|)      :   0.00000000    0.02898878    0.04069058    0.03456741    0.03154440    0.07529496    0.04736156    0.03244018    0.00274681 
angle (deg.)     :    17.2332  13.1128  79.4282  77.1012  113.3863  98.6053  64.9043 
>
iteration       : 120
climbing        : no
zoom on         : no
nim             : 9
barrier         :   0.03959201 (image:  6) 
distance        :   0.00000000   12.47894425   19.14968416   24.40744084   29.66816351   35.87449549   39.44995493   43.02917110   62.03246028 
energy          : -2464.51768788  -2464.50970842  -2464.49878404  -2464.49229990  -2464.49704148  -2464.51045495  -2464.47809587  -2464.51405130  -2464.54813204 
max(|Fr_perp|)   :   0.00000000    0.00089649    0.00221593    0.00306917    0.01372235    0.01239115    0.01038713    0.00129110    0.00000000 
Fr_paral         :   0.00000000   -0.00138396   -0.00178849   -0.00274182    0.01284191   -0.00540858    0.00076932    0.01402404    0.00000000 
max(|Fsp_paral|) :   0.00000000    0.00044869    0.00055085    0.00015663    0.00261278    0.00316536    0.00018954    0.00429828    0.00000000 
max(|Fsp_perp|)  :   0.00000000    0.00000000    0.00000000    0.00000000    0.00000000    0.00000000    0.00000000    0.00000000    0.00000000 
max(|FNEB|)      :   0.00000000    0.00069169    0.00219832    0.00307141    0.01373575    0.01250475    0.01040638    0.00397340    0.00000000 
max(|Force|)     :   0.00011181    0.00102420    0.00222782    0.00303853    0.01366232    0.01224486    0.01042655    0.00654651    0.00046161 
ksp              :   0.02813880    0.05297193    0.06771160    0.06771160    0.05693309    0.10000000    0.10000000    0.01826662 
max(|step|)      :   0.00000000    0.03904798    0.05455380    0.04442756    0.04349614    0.10000000    0.05462482    0.04374537    0.00378214 
angle (deg.)     :    17.3419  13.8558  80.2039  77.6033  113.4970  99.8049  66.5894 
>
iteration       : 121
climbing        : no
zoom on         : no
nim             : 9
barrier         :   0.04032211 (image:  6) 
distance        :   0.00000000   12.50219484   19.23847336   24.48488563   29.71320174   36.00217657   39.55708158   43.09298608   62.21703910 
energy          : -2464.51768788  -2464.50987712  -2464.49919707  -2464.49237020  -2464.49765171  -2464.51064364  -2464.47736577  -2464.51421633  -2464.54813204 
max(|Fr_perp|)   :   0.00000000    0.00083435    0.00240733    0.00307183    0.01689417    0.01769285    0.01484732    0.00190920    0.00000000 
Fr_paral         :   0.00000000   -0.00134228   -0.00183570   -0.00305911    0.01084942   -0.00649829   -0.00225553    0.01374473    0.00000000 
max(|Fsp_paral|) :   0.00000000    0.00048534    0.00073258    0.00093827    0.00300726    0.00833665    0.00094301    0.00561612    0.00000000 
max(|Fsp_perp|)  :   0.00000000    0.00000000    0.00000000    0.00000000    0.00000000    0.00000000    0.00000000    0.00000000    0.00000000 
max(|FNEB|)      :   0.00000000    0.00064095    0.00240926    0.00311762    0.01729871    0.01822281    0.01496954    0.00566393    0.00000000 
max(|Force|)     :   0.00011181    0.00095727    0.00246076    0.00334634    0.01722176    0.01767433    0.01495222    0.00677042    0.00046161 
ksp              :   0.02742746    0.05125749    0.06649144    0.06649144    0.05475094    0.10000000    0.10000000    0.01773970 
max(|step|)      :   0.00000000    0.00081762    0.00307332    0.00397693    0.02206676    0.02324557    0.01909559    0.00722508    0.00000000 
angle (deg.)     :    17.3443  13.8553  80.2433  77.3709  113.8061  99.6934  66.5683 
>
iteration       : 122
climbing        : no
zoom on         : no
nim             : 9
barrier         :   0.03963113 (image:  6) 
distance        :   0.00000000   12.50547785   19.24339354   24.48616527   29.71330116   36.01360543   39.56078648   43.07489153   62.20831780 
energy          : -2464.51768788  -2464.50987856  -2464.49920965  -2464.49240871  -2464.49795820  -2464.51150836  -2464.47805675  -2464.51399948  -2464.54813204 
max(|Fr_perp|)   :   0.00000000    0.00085319    0.00160879    0.00188658    0.01205319    0.00535030    0.00553477    0.00146789    0.00000000 
Fr_paral         :   0.00000000   -0.00135000   -0.00187171   -0.00222594    0.01554346    0.00043020   -0.00147980    0.01398809    0.00000000 
max(|Fsp_paral|) :   0.00000000    0.00067058    0.00067624    0.00081218    0.00643021    0.00701636    0.00160552    0.00007374    0.00000000 
max(|Fsp_perp|)  :   0.00000000    0.00000000    0.00000000    0.00000000    0.00000000    0.00000000    0.00000000    0.00000000    0.00000000 
max(|FNEB|)      :   0.00000000    0.00080703    0.00159798    0.00187662    0.01208427    0.00664022    0.00647227    0.00145164    0.00000000 
max(|Force|)     :   0.00011181    0.00097728    0.00163567    0.00245308    0.01427637    0.00540914    0.00595420    0.00679407    0.00046161 
ksp              :   0.02773450    0.05196298    0.06740753    0.06740753    0.05480496    0.10000000    0.10000000    0.01837613 
max(|step|)      :   0.00000000    0.00092638    0.00118117    0.00197574    0.00649860    0.00889264    0.00773344    0.00228313    0.00003857 
angle (deg.)     :    17.3452  13.8586  80.2752  77.2710  114.0143  99.5955  66.5904 
>
iteration       : 123
climbing        : no
zoom on         : no
nim             : 9
barrier         :   0.03932120 (image:  6) 
distance        :   0.00000000   12.50939289   19.24784264   24.48692351   29.70889684   36.02176960   39.55997035   43.06819628   62.20535943 
energy          : -2464.51768788  -2464.50987831  -2464.49921735  -2464.49242591  -2464.49807906  -2464.51170434  -2464.47836668  -2464.51396718  -2464.54813204 
max(|Fr_perp|)   :   0.00000000    0.00085232    0.00130506    0.00111035    0.00478264    0.00324894    0.00481596    0.00118179    0.00000000 
Fr_paral         :   0.00000000   -0.00134875   -0.00188665   -0.00182616    0.01911279    0.00133234   -0.00074537    0.01406051    0.00000000 
max(|Fsp_paral|) :   0.00000000    0.00072655    0.00063033    0.00088938    0.00701107    0.00546658    0.00144934    0.00139206    0.00000000 
max(|Fsp_perp|)  :   0.00000000    0.00000000    0.00000000    0.00000000    0.00000000    0.00000000    0.00000000    0.00000000    0.00000000 
max(|FNEB|)      :   0.00000000    0.00085930    0.00116627    0.00148494    0.00708234    0.00504476    0.00550002    0.00251850    0.00000000 
max(|Force|)     :   0.00011181    0.00097622    0.00161640    0.00199539    0.01733630    0.00323880    0.00485955    0.00668233    0.00046161 
ksp              :   0.02787485    0.05227612    0.06782065    0.06782065    0.05488148    0.10000000    0.10000000    0.01851610 
max(|step|)      :   0.00000000    0.00374665    0.00430556    0.00712150    0.02864103    0.02349452    0.02592373    0.00608857    0.00042513 
angle (deg.)     :    17.3452  13.8808  80.3861  76.9820  114.6024  99.3031  66.7313 
>
