*************************************************
******************* ORCA 6.1.1 ******************
*************************************************
$Geometry
   &GeometryIndex 1
   &NAtoms [&Type "Integer"] 66
   &NCorelessECP [&Type "Integer"] 0
   &NGhostAtoms [&Type "Integer"] 0
   &CartesianCoordinates [&Type "Coordinates", &Dim(66,4), &Units "Bohr"] 
              O     -3.271307860274   -0.849013995019   -0.203920772170
              Si    -1.334611460886    0.235311204797    2.074186123859
              Si    -4.812735962430   -0.541999351117   -2.955273743485
              C     -3.304512772851    0.691598620408    5.008324340067
              C     -3.441089873339    2.839820737747    6.375710256812
              C     -7.655514434278    1.561864156631   -2.447154244884
              C     -8.216020902093    2.765555574135   -0.259539935994
              C      1.121007315285   -2.280004172079    2.655330498926
              C      0.179874895954    3.308586329262    1.076263163800
              C     -2.696584334872    0.915763820514   -5.432826974952
              C     -5.899195752038   -3.777715554118   -3.973911907825
              H     -4.433015545023   -0.945154973752    5.666104630186
              H     -2.383650699376    4.559424123383    5.844523864853
              H     -4.615553050006    2.998827258559    8.094835199856
              H     -8.983031073506    1.847945062494   -4.043317070674
              H     -7.025422944174    2.574005860802    1.445629323426
              H     -9.893292229962    3.996451293103   -0.078535773106
              H      0.215892951282   -4.088587163449    3.205420070168
              H      2.428930340045   -1.717589294584    4.194359987638
              H      2.257396066716   -2.630697547532    0.928422559022
              H     -1.259237920374    4.778325401594    0.672532259046
              H      1.320115252478    3.030541479298   -0.660905725182
              H      1.462625453414    4.048276709996    2.561084864397
              H     -2.028327089500    2.811883674903   -4.842027484088
              H     -3.720933501617    1.136762347341   -7.249502028031
              H     -1.018364508889   -0.291325311986   -5.784910958492
              H     -7.190589277137   -4.614835806786   -2.552195864873
              H     -4.266316126328   -5.068522328166   -4.221743792572
              H     -6.929601960087   -3.676071903573   -5.797871021710
              Pt   -14.457297835084    1.951070557633    3.669924758257
              O    -15.896657514300    0.189149490503    0.922892410762
              O    -12.972738733694    3.295423614293    6.624627993866
              P    -14.381247643721   -1.008144478003   -1.566581080037
              P    -14.483494247661    4.583631652811    9.062358420817
              O    -16.919921490592    2.750228835427    9.636945812743
              O    -15.074772482433    7.310465578918    8.487833107138
              O    -11.742901241920   -2.199407891455   -0.509020553052
              O    -14.125364082670    1.014809645908   -3.566638364879
              C    -16.271436950923   -3.814803084709   -2.405331407243
              C    -12.398568652016    3.941410851238   11.779335370379
              C    -13.743493194896    4.980443987966   14.148674916149
              C     -9.926939840081    5.407680245913   11.283386960977
              C    -11.887512616751    1.087849997647   12.024913259517
              C    -16.426357853910   -5.648608356950   -0.151985871999
              C    -18.915846928213   -2.852970492949   -3.165008090371
              C    -14.949054891904   -5.064245651871   -4.684563920971
              H    -18.231140668786    3.031236508712    8.357682716950
              H    -10.401485918912   -0.876014319171   -0.513287165854
              H    -14.196720099224    7.013780605438   13.933210758862
              H    -12.484309893272    4.763128611668   15.812349069623
              H    -15.523476430826    3.949317875956   14.539182855426
              H    -10.296126694244    7.451747015837   11.021664653752
              H     -8.949953506678    4.699319184426    9.571538976830
              H     -8.639760977890    5.173213114838   12.922939635694
              H    -13.654709545349    0.009526616313   12.332206104193
              H    -10.623349024758    0.751089855897   13.665428430578
              H    -10.943318754116    0.326724378699   10.317460375201
              H    -17.365431854897   -4.764280381138    1.497967213169
              H    -14.527932396222   -6.298404249058    0.443740919880
              H    -17.548571201239   -7.333476519672   -0.704403248745
              H    -19.896707225444   -1.953082214451   -1.549535043894
              H    -20.080816903813   -4.468058634003   -3.824022005483
              H    -18.795016985896   -1.451387520390   -4.715839679287
              H    -13.047112117055   -5.777885847189   -4.176579938865
              H    -14.743157412955   -3.716065272441   -6.274326786208
              H    -16.100268431252   -6.687344822437   -5.348356953854
$End
$Calculation_Status
   &GeometryIndex 2
   &version [&Type "String"] "6.1.1"
   &progName [&Type "String"] "LeanSCF"
   &Status [&Type "String"] "NORMAL TERMINATION"
$End
$SCF_Mulliken_Population_Analysis
   &GeometryIndex 1
   &NAtoms [&Type "Integer"] 66
   &ATNO [&Type "ArrayOfIntegers", &Dim (66,1)] 
                                                         0

0                                                        8
1                                                       14
2                                                       14
3                                                        6
4                                                        6
5                                                        6
6                                                        6
7                                                        6
8                                                        6
9                                                        6
10                                                       6
11                                                       1
12                                                       1
13                                                       1
14                                                       1
15                                                       1
16                                                       1
17                                                       1
18                                                       1
19                                                       1
20                                                       1
21                                                       1
22                                                       1
23                                                       1
24                                                       1
25                                                       1
26                                                       1
27                                                       1
28                                                       1
29                                                      78
30                                                       8
31                                                       8
32                                                      15
33                                                      15
34                                                       8
35                                                       8
36                                                       8
37                                                       8
38                                                       6
39                                                       6
40                                                       6
41                                                       6
42                                                       6
43                                                       6
44                                                       6
45                                                       6
46                                                       1
47                                                       1
48                                                       1
49                                                       1
50                                                       1
51                                                       1
52                                                       1
53                                                       1
54                                                       1
55                                                       1
56                                                       1
57                                                       1
58                                                       1
59                                                       1
60                                                       1
61                                                       1
62                                                       1
63                                                       1
64                                                       1
65                                                       1
   &AtomicCharges [&Type "ArrayOfDoubles", &Dim (66,1)] 
                                                         0

0                                     -5.1149723091993593e-01
1                                      6.2409630792113369e-01
2                                      6.1646330979903752e-01
3                                     -2.1562726082667361e-01
4                                     -6.1372007469419287e-02
5                                     -2.7639162047071331e-01
6                                     -1.0087564505911040e-01
7                                     -2.5706256231900149e-01
8                                     -2.9147689325315440e-01
9                                     -2.7355149031524206e-01
10                                    -2.6563351169349403e-01
11                                     3.8039482641377909e-02
12                                     3.7406516459223660e-02
13                                     4.2812309384187786e-02
14                                     6.4258232177187180e-02
15                                     6.9492136449236908e-02
16                                     9.0775920291957579e-02
17                                     5.9865114184287749e-02
18                                     5.6320578219165363e-02
19                                     5.4814784517530635e-02
20                                     6.4204664654957000e-02
21                                     5.9947940523042309e-02
22                                     6.0962874828194513e-02
23                                     6.1995979069887186e-02
24                                     6.0391773686207517e-02
25                                     5.7199568079427721e-02
26                                     6.7147409025242633e-02
27                                     5.7140730344957147e-02
28                                     5.7377277895347634e-02
29                                     1.2202084345860342e-01
30                                    -4.6386849609581660e-01
31                                    -4.6339459445538544e-01
32                                     9.1624385725982371e-01
33                                     9.0935710225003596e-01
34                                    -3.2062817781104158e-01
35                                    -3.9984641621455452e-01
36                                    -3.3554177039759558e-01
37                                    -4.0908855616238604e-01
38                                    -4.8946198219917569e-01
39                                    -4.9478158018934693e-01
40                                     3.7188477404617615e-02
41                                     2.3249394493818798e-02
42                                     3.5287332855788556e-02
43                                     3.4761882540214728e-02
44                                     3.6495718316941428e-02
45                                     3.2422565785090285e-02
46                                     2.1543407788845359e-01
47                                     2.2197203191437209e-01
48                                     4.6946512616809155e-02
49                                     3.2453841916312176e-02
50                                     4.1247674688117186e-02
51                                     4.8305836040032801e-02
52                                     5.5179293274056906e-02
53                                     3.1759973020519583e-02
54                                     4.4656504625520177e-02
55                                     2.9182454439169225e-02
56                                     5.0443563055597163e-02
57                                     4.9254749621172045e-02
58                                     4.5070342299175614e-02
59                                     2.8672083894575096e-02
60                                     4.6050388604640613e-02
61                                     3.0239600524819110e-02
62                                     4.7335815254494040e-02
63                                     4.1840819561288711e-02
64                                     4.4341809062283799e-02
65                                     3.1972339033881303e-02
   &Method [&Type "String"] "SCF"
   &Level [&Type "String"] "Relaxed density"
   &Mult [&Type "Integer"] 1
   &State [&Type "Integer"] -1
   &Irrep [&Type "Integer"] 0
$End
$SCF_Loewdin_Population_Analysis
   &GeometryIndex 1
   &NAtoms [&Type "Integer"] 66
   &ATNO [&Type "ArrayOfIntegers", &Dim (66,1)] 
                                                         0

0                                                        8
1                                                       14
2                                                       14
3                                                        6
4                                                        6
5                                                        6
6                                                        6
7                                                        6
8                                                        6
9                                                        6
10                                                       6
11                                                       1
12                                                       1
13                                                       1
14                                                       1
15                                                       1
16                                                       1
17                                                       1
18                                                       1
19                                                       1
20                                                       1
21                                                       1
22                                                       1
23                                                       1
24                                                       1
25                                                       1
26                                                       1
27                                                       1
28                                                       1
29                                                      78
30                                                       8
31                                                       8
32                                                      15
33                                                      15
34                                                       8
35                                                       8
36                                                       8
37                                                       8
38                                                       6
39                                                       6
40                                                       6
41                                                       6
42                                                       6
43                                                       6
44                                                       6
45                                                       6
46                                                       1
47                                                       1
48                                                       1
49                                                       1
50                                                       1
51                                                       1
52                                                       1
53                                                       1
54                                                       1
55                                                       1
56                                                       1
57                                                       1
58                                                       1
59                                                       1
60                                                       1
61                                                       1
62                                                       1
63                                                       1
64                                                       1
65                                                       1
   &AtomicCharges [&Type "ArrayOfDoubles", &Dim (66,1)] 
                                                         0

0                                     -3.1651207762513422e-01
1                                      6.1370854670487063e-01
2                                      6.1216072991561177e-01
3                                     -2.0046859696199970e-01
4                                     -4.4825972601532094e-02
5                                     -2.0882303091879084e-01
6                                     -3.3318334427836049e-02
7                                     -2.6255371772121538e-01
8                                     -2.6921930487369661e-01
9                                     -2.6495393914092258e-01
10                                    -2.6265577797388406e-01
11                                     3.4665084285335435e-02
12                                     2.4465072143938560e-02
13                                     2.4116373884935594e-02
14                                     3.8828089713198066e-02
15                                     3.1037636566398574e-02
16                                     4.3836702793904947e-02
17                                     4.2669680928419829e-02
18                                     4.1801432612907474e-02
19                                     4.0170426775602008e-02
20                                     4.1969968935480106e-02
21                                     4.2171202769081928e-02
22                                     4.2689229433974352e-02
23                                     4.1385253947171741e-02
24                                     4.3985038062670179e-02
25                                     4.0608937123867372e-02
26                                     4.1318716032758718e-02
27                                     4.1666769329097186e-02
28                                     4.1970358365138072e-02
29                                    -2.7581816364985912e-01
30                                    -2.0935451546120198e-01
31                                    -2.1160865968974285e-01
32                                     9.0666485573497368e-01
33                                     9.0061165614661753e-01
34                                    -1.9121751347099369e-01
35                                    -4.0861568884172428e-01
36                                    -1.8832627827024240e-01
37                                    -4.1546342508602763e-01
38                                    -1.8918455998586481e-01
39                                    -1.8890352823648637e-01
40                                    -6.3805917984752547e-02
41                                    -6.4488837460179305e-02
42                                    -6.2838992952577222e-02
43                                    -6.2982427122851625e-02
44                                    -6.3284503333171926e-02
45                                    -6.4613542219826847e-02
46                                     1.0268954201760117e-01
47                                     8.2629918687988524e-02
48                                     3.4962096907817819e-02
49                                     3.3273562112149602e-02
50                                     3.2047031125397085e-02
51                                     3.6197924524500436e-02
52                                     3.3176325933267803e-02
53                                     3.2295651299551809e-02
54                                     3.3277996096233387e-02
55                                     3.2660938192498157e-02
56                                     3.6475556728899905e-02
57                                     3.6301879751592492e-02
58                                     3.3380174710748056e-02
59                                     3.2465944023190918e-02
60                                     3.4360278758735596e-02
61                                     3.2003287487719190e-02
62                                     3.5163273374060555e-02
63                                     3.1088568126737881e-02
64                                     3.3685862390166132e-02
65                                     3.3199731555442868e-02
   &Method [&Type "String"] "SCF"
   &Level [&Type "String"] "Relaxed density"
   &Mult [&Type "Integer"] 1
   &State [&Type "Integer"] -1
   &Irrep [&Type "Integer"] 0
$End
$SCF_Mayer_Population_Analysis
   &GeometryIndex 1
   &NAtoms [&Type "Integer"] 66 "Total number of atoms"
   &NBondOrdersPrint [&Type "Integer"] 67 "The number of bond orders larger than threshold"
   &bondThresh [&Type "Double"]       1.0000000000000001e-01  "The threshold for printing"
   &components [&Type "ArrayOfIntegers", &Dim (67,4)] "The indices and atomic numbers of the bonding atoms"
                                                         0                           1                           2                           3

0                                                        0                           8                           1                          14
1                                                        0                           8                           2                          14
2                                                        1                          14                           3                           6
3                                                        1                          14                           7                           6
4                                                        1                          14                           8                           6
5                                                        2                          14                           5                           6
6                                                        2                          14                           9                           6
7                                                        2                          14                          10                           6
8                                                        3                           6                           4                           6
9                                                        3                           6                          11                           1
10                                                       4                           6                          12                           1
11                                                       4                           6                          13                           1
12                                                       5                           6                           6                           6
13                                                       5                           6                          14                           1
14                                                       6                           6                          15                           1
15                                                       6                           6                          16                           1
16                                                       7                           6                          17                           1
17                                                       7                           6                          18                           1
18                                                       7                           6                          19                           1
19                                                       8                           6                          20                           1
20                                                       8                           6                          21                           1
21                                                       8                           6                          22                           1
22                                                       9                           6                          23                           1
23                                                       9                           6                          24                           1
24                                                       9                           6                          25                           1
25                                                      10                           6                          26                           1
26                                                      10                           6                          27                           1
27                                                      10                           6                          28                           1
28                                                      29                          78                          30                           8
29                                                      29                          78                          31                           8
30                                                      29                          78                          35                           8
31                                                      29                          78                          37                           8
32                                                      30                           8                          31                           8
33                                                      30                           8                          32                          15
34                                                      31                           8                          33                          15
35                                                      32                          15                          36                           8
36                                                      32                          15                          37                           8
37                                                      32                          15                          38                           6
38                                                      33                          15                          34                           8
39                                                      33                          15                          35                           8
40                                                      33                          15                          39                           6
41                                                      34                           8                          46                           1
42                                                      36                           8                          47                           1
43                                                      38                           6                          43                           6
44                                                      38                           6                          44                           6
45                                                      38                           6                          45                           6
46                                                      39                           6                          40                           6
47                                                      39                           6                          41                           6
48                                                      39                           6                          42                           6
49                                                      40                           6                          48                           1
50                                                      40                           6                          49                           1
51                                                      40                           6                          50                           1
52                                                      41                           6                          51                           1
53                                                      41                           6                          52                           1
54                                                      41                           6                          53                           1
55                                                      42                           6                          54                           1
56                                                      42                           6                          55                           1
57                                                      42                           6                          56                           1
58                                                      43                           6                          57                           1
59                                                      43                           6                          58                           1
60                                                      43                           6                          59                           1
61                                                      44                           6                          60                           1
62                                                      44                           6                          61                           1
63                                                      44                           6                          62                           1
64                                                      45                           6                          63                           1
65                                                      45                           6                          64                           1
66                                                      45                           6                          65                           1
   &BondOrders [&Type "ArrayOfDoubles", &Dim (67,1)] "The bond orders"
                                                         0

0                                      1.0493493501545039e+00
1                                      1.0822446209980416e+00
2                                      9.3095173675126985e-01
3                                      1.0012626409675047e+00
4                                      1.0103829521899261e+00
5                                      9.0783429472470334e-01
6                                      1.0069370271054356e+00
7                                      1.0031458773888211e+00
8                                      1.9702848408663782e+00
9                                      9.2309996805227257e-01
10                                     9.5200215849475156e-01
11                                     9.3989593620987733e-01
12                                     1.8862454176552417e+00
13                                     9.0743450077023158e-01
14                                     9.4224563407305273e-01
15                                     9.3051142520588148e-01
16                                     9.5320154418889702e-01
17                                     9.4818017417013500e-01
18                                     9.5156365032165713e-01
19                                     9.5061997433696521e-01
20                                     9.4875289175624300e-01
21                                     9.4389926375683342e-01
22                                     9.5037848897771349e-01
23                                     9.4441986385171672e-01
24                                     9.5302938177882401e-01
25                                     9.5029506116867468e-01
26                                     9.5040655274949237e-01
27                                     9.4445101057475001e-01
28                                     9.9168464777368637e-01
29                                     9.8212605605149506e-01
30                                     1.3005877221452572e-01
31                                     1.2651564993462516e-01
32                                     1.4664180876063584e-01
33                                     9.3286136163348632e-01
34                                     9.4268456034175041e-01
35                                     1.1190056409292077e+00
36                                     1.8115200932472157e+00
37                                     8.9358705425599283e-01
38                                     1.0883990146675186e+00
39                                     1.8481320776226047e+00
40                                     8.9490471982335928e-01
41                                     9.2995945782220690e-01
42                                     8.6322323553968383e-01
43                                     1.0049099690052785e+00
44                                     1.0134585173895456e+00
45                                     1.0124300221039013e+00
46                                     1.0119903350456319e+00
47                                     1.0136533575723354e+00
48                                     1.0027845266900877e+00
49                                     9.5463174949511964e-01
50                                     9.5435131348170110e-01
51                                     9.5868549454398044e-01
52                                     9.5030603050323081e-01
53                                     9.5355993040701093e-01
54                                     9.5629049040903635e-01
55                                     9.5817669655521431e-01
56                                     9.5194493399940772e-01
57                                     9.5927449438401102e-01
58                                     9.5916085030220755e-01
59                                     9.5790348108393264e-01
60                                     9.5211429797297586e-01
61                                     9.5860702299902556e-01
62                                     9.5481317520865805e-01
63                                     9.5407271247115921e-01
64                                     9.5841158517757896e-01
65                                     9.5471333112937751e-01
66                                     9.5310284992886707e-01
   &ATNO [&Type "ArrayOfIntegers", &Dim (66,1)] "Atomic number of the elements"
                                                         0

0                                                        8
1                                                       14
2                                                       14
3                                                        6
4                                                        6
5                                                        6
6                                                        6
7                                                        6
8                                                        6
9                                                        6
10                                                       6
11                                                       1
12                                                       1
13                                                       1
14                                                       1
15                                                       1
16                                                       1
17                                                       1
18                                                       1
19                                                       1
20                                                       1
21                                                       1
22                                                       1
23                                                       1
24                                                       1
25                                                       1
26                                                       1
27                                                       1
28                                                       1
29                                                      78
30                                                       8
31                                                       8
32                                                      15
33                                                      15
34                                                       8
35                                                       8
36                                                       8
37                                                       8
38                                                       6
39                                                       6
40                                                       6
41                                                       6
42                                                       6
43                                                       6
44                                                       6
45                                                       6
46                                                       1
47                                                       1
48                                                       1
49                                                       1
50                                                       1
51                                                       1
52                                                       1
53                                                       1
54                                                       1
55                                                       1
56                                                       1
57                                                       1
58                                                       1
59                                                       1
60                                                       1
61                                                       1
62                                                       1
63                                                       1
64                                                       1
65                                                       1
   &NA [&Type "ArrayOfDoubles", &Dim (66,1)] "Mulliken gross atomic population"
                                                         0

0                                      8.5114972309199377e+00
1                                      1.3375903692078861e+01
2                                      1.3383536690200957e+01
3                                      6.2156272608266736e+00
4                                      6.0613720074694148e+00
5                                      6.2763916204707169e+00
6                                      6.1008756450591122e+00
7                                      6.2570625623189979e+00
8                                      6.2914768932531500e+00
9                                      6.2735514903152421e+00
10                                     6.2656335116934985e+00
11                                     9.6196051735862209e-01
12                                     9.6259348354077579e-01
13                                     9.5718769061581144e-01
14                                     9.3574176782281271e-01
15                                     9.3050786355076354e-01
16                                     9.0922407970804209e-01
17                                     9.4013488581571236e-01
18                                     9.4367942178083386e-01
19                                     9.4518521548246959e-01
20                                     9.3579533534504289e-01
21                                     9.4005205947695747e-01
22                                     9.3903712517180526e-01
23                                     9.3800402093011259e-01
24                                     9.3960822631379237e-01
25                                     9.4280043192057250e-01
26                                     9.3285259097475792e-01
27                                     9.4285926965504285e-01
28                                     9.4262272210465259e-01
29                                     1.7877979156541393e+01
30                                     8.4638684960958184e+00
31                                     8.4633945944553783e+00
32                                     1.4083756142740175e+01
33                                     1.4090642897749968e+01
34                                     8.3206281778110363e+00
35                                     8.3998464162145581e+00
36                                     8.3355417703975920e+00
37                                     8.4090885561623878e+00
38                                     6.4894619821991739e+00
39                                     6.4947815801893487e+00
40                                     5.9628115225953833e+00
41                                     5.9767506055061821e+00
42                                     5.9647126671442070e+00
43                                     5.9652381174597826e+00
44                                     5.9635042816830586e+00
45                                     5.9675774342149133e+00
46                                     7.8456592211154608e-01
47                                     7.7802796808562791e-01
48                                     9.5305348738319062e-01
49                                     9.6754615808368782e-01
50                                     9.5875232531188259e-01
51                                     9.5169416395996764e-01
52                                     9.4482070672594298e-01
53                                     9.6824002697948042e-01
54                                     9.5534349537448005e-01
55                                     9.7081754556083055e-01
56                                     9.4955643694440284e-01
57                                     9.5074525037882807e-01
58                                     9.5492965770082405e-01
59                                     9.7132791610542402e-01
60                                     9.5394961139535961e-01
61                                     9.6976039947518033e-01
62                                     9.5266418474550574e-01
63                                     9.5815918043871118e-01
64                                     9.5565819093771620e-01
65                                     9.6802766096611881e-01
   &ZA [&Type "ArrayOfDoubles", &Dim (66,1)] "Total nuclear charge"
                                                         0

0                                      8.0000000000000000e+00
1                                      1.4000000000000000e+01
2                                      1.4000000000000000e+01
3                                      6.0000000000000000e+00
4                                      6.0000000000000000e+00
5                                      6.0000000000000000e+00
6                                      6.0000000000000000e+00
7                                      6.0000000000000000e+00
8                                      6.0000000000000000e+00
9                                      6.0000000000000000e+00
10                                     6.0000000000000000e+00
11                                     1.0000000000000000e+00
12                                     1.0000000000000000e+00
13                                     1.0000000000000000e+00
14                                     1.0000000000000000e+00
15                                     1.0000000000000000e+00
16                                     1.0000000000000000e+00
17                                     1.0000000000000000e+00
18                                     1.0000000000000000e+00
19                                     1.0000000000000000e+00
20                                     1.0000000000000000e+00
21                                     1.0000000000000000e+00
22                                     1.0000000000000000e+00
23                                     1.0000000000000000e+00
24                                     1.0000000000000000e+00
25                                     1.0000000000000000e+00
26                                     1.0000000000000000e+00
27                                     1.0000000000000000e+00
28                                     1.0000000000000000e+00
29                                     1.8000000000000000e+01
30                                     8.0000000000000000e+00
31                                     8.0000000000000000e+00
32                                     1.5000000000000000e+01
33                                     1.5000000000000000e+01
34                                     8.0000000000000000e+00
35                                     8.0000000000000000e+00
36                                     8.0000000000000000e+00
37                                     8.0000000000000000e+00
38                                     6.0000000000000000e+00
39                                     6.0000000000000000e+00
40                                     6.0000000000000000e+00
41                                     6.0000000000000000e+00
42                                     6.0000000000000000e+00
43                                     6.0000000000000000e+00
44                                     6.0000000000000000e+00
45                                     6.0000000000000000e+00
46                                     1.0000000000000000e+00
47                                     1.0000000000000000e+00
48                                     1.0000000000000000e+00
49                                     1.0000000000000000e+00
50                                     1.0000000000000000e+00
51                                     1.0000000000000000e+00
52                                     1.0000000000000000e+00
53                                     1.0000000000000000e+00
54                                     1.0000000000000000e+00
55                                     1.0000000000000000e+00
56                                     1.0000000000000000e+00
57                                     1.0000000000000000e+00
58                                     1.0000000000000000e+00
59                                     1.0000000000000000e+00
60                                     1.0000000000000000e+00
61                                     1.0000000000000000e+00
62                                     1.0000000000000000e+00
63                                     1.0000000000000000e+00
64                                     1.0000000000000000e+00
65                                     1.0000000000000000e+00
   &QA [&Type "ArrayOfDoubles", &Dim (66,1)] "Mulliken gross atomic charge"
                                                         0

0                                     -5.1149723091993771e-01
1                                      6.2409630792113902e-01
2                                      6.1646330979904285e-01
3                                     -2.1562726082667361e-01
4                                     -6.1372007469414847e-02
5                                     -2.7639162047071686e-01
6                                     -1.0087564505911217e-01
7                                     -2.5706256231899793e-01
8                                     -2.9147689325314996e-01
9                                     -2.7355149031524206e-01
10                                    -2.6563351169349847e-01
11                                     3.8039482641377909e-02
12                                     3.7406516459224215e-02
13                                     4.2812309384188563e-02
14                                     6.4258232177187291e-02
15                                     6.9492136449236463e-02
16                                     9.0775920291957912e-02
17                                     5.9865114184287638e-02
18                                     5.6320578219166140e-02
19                                     5.4814784517530413e-02
20                                     6.4204664654957111e-02
21                                     5.9947940523042531e-02
22                                     6.0962874828194735e-02
23                                     6.1995979069887408e-02
24                                     6.0391773686207628e-02
25                                     5.7199568079427499e-02
26                                     6.7147409025242077e-02
27                                     5.7140730344957147e-02
28                                     5.7377277895347412e-02
29                                     1.2202084345860698e-01
30                                    -4.6386849609581837e-01
31                                    -4.6339459445537834e-01
32                                     9.1624385725982549e-01
33                                     9.0935710225003241e-01
34                                    -3.2062817781103625e-01
35                                    -3.9984641621455808e-01
36                                    -3.3554177039759203e-01
37                                    -4.0908855616238782e-01
38                                    -4.8946198219917392e-01
39                                    -4.9478158018934870e-01
40                                     3.7188477404616727e-02
41                                     2.3249394493817910e-02
42                                     3.5287332855792997e-02
43                                     3.4761882540217393e-02
44                                     3.6495718316941428e-02
45                                     3.2422565785086732e-02
46                                     2.1543407788845392e-01
47                                     2.2197203191437209e-01
48                                     4.6946512616809377e-02
49                                     3.2453841916312176e-02
50                                     4.1247674688117408e-02
51                                     4.8305836040032357e-02
52                                     5.5179293274057017e-02
53                                     3.1759973020519583e-02
54                                     4.4656504625519955e-02
55                                     2.9182454439169447e-02
56                                     5.0443563055597163e-02
57                                     4.9254749621171934e-02
58                                     4.5070342299175947e-02
59                                     2.8672083894575984e-02
60                                     4.6050388604640391e-02
61                                     3.0239600524819665e-02
62                                     4.7335815254494262e-02
63                                     4.1840819561288822e-02
64                                     4.4341809062283799e-02
65                                     3.1972339033881192e-02
   &VA [&Type "ArrayOfDoubles", &Dim (66,1)] "Mayer's total valence"
                                                         0

0                                      2.2093598846369282e+00
1                                      4.2885455038875495e+00
2                                      4.2879731878290972e+00
3                                      3.8804370687427898e+00
4                                      3.9583222177291733e+00
5                                      3.8060898460228412e+00
6                                      3.9410789429223927e+00
7                                      3.8764711669465384e+00
8                                      3.8905838714102274e+00
9                                      3.8832061947713328e+00
10                                     3.8708155101038946e+00
11                                     9.7483419384878267e-01
12                                     9.8188302721951426e-01
13                                     9.7921937488427768e-01
14                                     9.9900742439064139e-01
15                                     9.9826206214251390e-01
16                                     9.7099434700191400e-01
17                                     9.8732544091088925e-01
18                                     9.8458768582590472e-01
19                                     9.8669520807941302e-01
20                                     9.8977863540638722e-01
21                                     9.8852145903888300e-01
22                                     9.8456615709218354e-01
23                                     9.9196884101929150e-01
24                                     9.8357094678976797e-01
25                                     9.8465784271116841e-01
26                                     1.0042435811389918e+00
27                                     9.8613834749794937e-01
28                                     9.8394514723837667e-01
29                                     2.6025942695311319e+00
30                                     2.2332043010745708e+00
31                                     2.2344485390777091e+00
32                                     4.9438629656479147e+00
33                                     4.9542872128790112e+00
34                                     2.1981928839434595e+00
35                                     2.1975728757755211e+00
36                                     2.2154418109303635e+00
37                                     2.1900803490150502e+00
38                                     4.1024643081492753e+00
39                                     4.1010215029145760e+00
40                                     3.8854062888831922e+00
41                                     3.8867628284224707e+00
42                                     3.8863591655435594e+00
43                                     3.8876966451994339e+00
44                                     3.8883195362095200e+00
45                                     3.8897588913586265e+00
46                                     1.0048988318404839e+00
47                                     1.0502556481318355e+00
48                                     1.0066118735830889e+00
49                                     9.9562216557557415e-01
50                                     1.0032974874389451e+00
51                                     1.0080985302951144e+00
52                                     1.0128120247219650e+00
53                                     9.9484017429117344e-01
54                                     1.0047933384694219e+00
55                                     9.9479182426928725e-01
56                                     9.9724173499382152e-01
57                                     9.9651964599503173e-01
58                                     1.0049095632164418e+00
59                                     9.9475366138908949e-01
60                                     1.0022269029904460e+00
61                                     9.9479418168821820e-01
62                                     1.0085075219170700e+00
63                                     1.0048267807263007e+00
64                                     1.0074657387078125e+00
65                                     9.9552837842098829e-01
   &BVA [&Type "ArrayOfDoubles", &Dim (66,1)] "Mayer's bonded valence"
                                                         0

0                                      2.2093598846370153e+00
1                                      4.2885455038875318e+00
2                                      4.2879731878290794e+00
3                                      3.8804370687427858e+00
4                                      3.9583222177292257e+00
5                                      3.8060898460228407e+00
6                                      3.9410789429223723e+00
7                                      3.8764711669465339e+00
8                                      3.8905838714102958e+00
9                                      3.8832061947713576e+00
10                                     3.8708155101039199e+00
11                                     9.7483419384877978e-01
12                                     9.8188302721951271e-01
13                                     9.7921937488428057e-01
14                                     9.9900742439064083e-01
15                                     9.9826206214251034e-01
16                                     9.7099434700192222e-01
17                                     9.8732544091089014e-01
18                                     9.8458768582591338e-01
19                                     9.8669520807942146e-01
20                                     9.8977863540639577e-01
21                                     9.8852145903888988e-01
22                                     9.8456615709219708e-01
23                                     9.9196884101929605e-01
24                                     9.8357094678976720e-01
25                                     9.8465784271116930e-01
26                                     1.0042435811389880e+00
27                                     9.8613834749795670e-01
28                                     9.8394514723838467e-01
29                                     2.6025942695311226e+00
30                                     2.2332043010746014e+00
31                                     2.2344485390777615e+00
32                                     4.9438629656479032e+00
33                                     4.9542872128791009e+00
34                                     2.1981928839434959e+00
35                                     2.1975728757755331e+00
36                                     2.2154418109303862e+00
37                                     2.1900803490150169e+00
38                                     4.1024643081493330e+00
39                                     4.1010215029145574e+00
40                                     3.8854062888831633e+00
41                                     3.8867628284224631e+00
42                                     3.8863591655435474e+00
43                                     3.8876966451994872e+00
44                                     3.8883195362095124e+00
45                                     3.8897588913586389e+00
46                                     1.0048988318404846e+00
47                                     1.0502556481318390e+00
48                                     1.0066118735830880e+00
49                                     9.9562216557557137e-01
50                                     1.0032974874389304e+00
51                                     1.0080985302951122e+00
52                                     1.0128120247219596e+00
53                                     9.9484017429116733e-01
54                                     1.0047933384694170e+00
55                                     9.9479182426928503e-01
56                                     9.9724173499381363e-01
57                                     9.9651964599503662e-01
58                                     1.0049095632164484e+00
59                                     9.9475366138909715e-01
60                                     1.0022269029904463e+00
61                                     9.9479418168822131e-01
62                                     1.0085075219170652e+00
63                                     1.0048267807263001e+00
64                                     1.0074657387078096e+00
65                                     9.9552837842098796e-01
   &FA [&Type "ArrayOfDoubles", &Dim (66,1)] "Mayer's free valence"
                                                         0

0                                      0.0000000000000000e+00
1                                      0.0000000000000000e+00
2                                      0.0000000000000000e+00
3                                      0.0000000000000000e+00
4                                      0.0000000000000000e+00
5                                      0.0000000000000000e+00
6                                      0.0000000000000000e+00
7                                      0.0000000000000000e+00
8                                      0.0000000000000000e+00
9                                      0.0000000000000000e+00
10                                     0.0000000000000000e+00
11                                     0.0000000000000000e+00
12                                     0.0000000000000000e+00
13                                     0.0000000000000000e+00
14                                     0.0000000000000000e+00
15                                     0.0000000000000000e+00
16                                     0.0000000000000000e+00
17                                     0.0000000000000000e+00
18                                     0.0000000000000000e+00
19                                     0.0000000000000000e+00
20                                     0.0000000000000000e+00
21                                     0.0000000000000000e+00
22                                     0.0000000000000000e+00
23                                     0.0000000000000000e+00
24                                     0.0000000000000000e+00
25                                     0.0000000000000000e+00
26                                     0.0000000000000000e+00
27                                     0.0000000000000000e+00
28                                     0.0000000000000000e+00
29                                     0.0000000000000000e+00
30                                     0.0000000000000000e+00
31                                     0.0000000000000000e+00
32                                     0.0000000000000000e+00
33                                     0.0000000000000000e+00
34                                     0.0000000000000000e+00
35                                     0.0000000000000000e+00
36                                     0.0000000000000000e+00
37                                     0.0000000000000000e+00
38                                     0.0000000000000000e+00
39                                     0.0000000000000000e+00
40                                     0.0000000000000000e+00
41                                     0.0000000000000000e+00
42                                     0.0000000000000000e+00
43                                     0.0000000000000000e+00
44                                     0.0000000000000000e+00
45                                     0.0000000000000000e+00
46                                     0.0000000000000000e+00
47                                     0.0000000000000000e+00
48                                     0.0000000000000000e+00
49                                     0.0000000000000000e+00
50                                     0.0000000000000000e+00
51                                     0.0000000000000000e+00
52                                     0.0000000000000000e+00
53                                     0.0000000000000000e+00
54                                     0.0000000000000000e+00
55                                     0.0000000000000000e+00
56                                     0.0000000000000000e+00
57                                     0.0000000000000000e+00
58                                     0.0000000000000000e+00
59                                     0.0000000000000000e+00
60                                     0.0000000000000000e+00
61                                     0.0000000000000000e+00
62                                     0.0000000000000000e+00
63                                     0.0000000000000000e+00
64                                     0.0000000000000000e+00
65                                     0.0000000000000000e+00
   &Method [&Type "String"] "SCF"
   &Level [&Type "String"] "Relaxed density"
   &Mult [&Type "Integer"] 1
   &State [&Type "Integer"] -1
   &Irrep [&Type "Integer"] 0
$End
$SCF_Energy
   &GeometryIndex 1
   &Method [&Type "String"] "SCF"
   &totalEnergy [&Type "ArrayOfDoubles", &Dim (1,1)] "Total energy of each state"
                                                         0

0                                     -2.5371793884787699e+03
   &Mult [&Type "ArrayOfIntegers", &Dim (1,1)] "Multiplicity of each state"
                                                         0

0                                                        1
$End
$DFT_Energy
   &GeometryIndex 1
   &nAlphaEl [&Type "Integer"] 133
   &nBetaEl [&Type "Integer"] 133
   &nTotalEl [&Type "Integer"] 266
   &finalEn [&Type "Double"]      -2.5371793884787699e+03  "No Van der Waals correction"
   &eExchange [&Type "Double"]      -2.4959605936594571e+02
   &eCorr [&Type "Double"]      -9.2720149432508965e+00
   &eXC [&Type "Double"]      -2.5886807430919663e+02
   &eCNL [&Type "Double"]       0.0000000000000000e+00
$End
$SCF_Timings
   &GeometryIndex 1
   &TOTAL [&Type "Double"]       2.3801348000000001e+01
   &PREP [&Type "Double"]       1.0960809999999999e+00
   &FOCK [&Type "Double"]       1.4183438999999996e+01
   &DENS [&Type "Double"]       9.2224400000000628e-01
   &ETOT [&Type "Double"]       2.8041200000000188e-01
   &POP [&Type "Double"]       2.1189799999999792e-01
   &TRAFO [&Type "Double"]       5.4867399999999966e-01
   &DIIS [&Type "Double"]       2.0974370000000011e+00
   &SOSCF [&Type "Double"]       4.4325899999999994e+00
   &XC [&Type "Double"]       6.9877600000000077e+00
   &FOCKSTART [&Type "Double"]       1.3885900000000051e-01
   &INT_PREP [&Type "Double"]       4.0000000023354687e-06
   &INT_BF [&Type "Double"]       1.1886280000000295e+00
   &INT_DENS [&Type "Double"]       1.6383990000000064e+00
   &INT_DENSIO [&Type "Double"]       5.2404272891999994e+04
   &INT_FUNC [&Type "Double"]       1.7421400000004827e-01
   &INT_POT [&Type "Double"]       9.4211600000004214e-01
   &INT_POTIO [&Type "Double"]       8.8133000000003570e-02
   &INT_SUM [&Type "Double"]       1.7036000000000273e-02
   &SPLITRIJ [&Type "Double"]       5.4340660000000049e+00
$End
$Single_Point_Data
   &GeometryIndex 1
   &FinalEnergy [&Type "Double"]      -2.5371793884787699e+03  "Final single point energy"
   &Converged [&Type "Boolean"] true
$End
$SCF_Nuc_Gradient
   &GeometryIndex 1
   &NAtoms [&Type "Integer"] 66
   &gradNorm [&Type "Double"]       5.3372535687154791e-04
   &grad [&Type "ArrayOfDoubles", &Dim (198,1)] 
                                                         0

0                                     -1.5630554396059426e-05
1                                      1.0028049745203216e-04
2                                     -3.3944678246265736e-05
3                                      3.3028448758812279e-05
4                                     -4.9801497075466217e-05
5                                      2.8532528874303242e-05
6                                      3.0468189815446856e-05
7                                     -2.7942087879179178e-06
8                                      1.0400471752713969e-06
9                                      1.3245192883842849e-05
10                                    -1.3539124988831697e-05
11                                    -1.6017843743498794e-05
12                                    -3.8567276620838850e-05
13                                     4.3088222476450611e-05
14                                    -3.6306659222939963e-06
15                                     3.9079931219959674e-05
16                                     1.0198786826703943e-05
17                                    -6.9504081370269644e-05
18                                     2.0330411674457372e-05
19                                    -4.6042682471200691e-05
20                                    -1.1791628144502964e-04
21                                     8.7279796834177636e-06
22                                     1.3571029601151807e-05
23                                    -1.0748463023575738e-05
24                                     1.5726275314320581e-05
25                                     2.1417575634327668e-06
26                                     1.8444179614579559e-05
27                                    -1.3312969660526919e-05
28                                     2.6591571922834900e-05
29                                     1.1503622965938765e-05
30                                    -1.2011494544782869e-05
31                                     1.6228545499569202e-05
32                                     1.1699983111066944e-05
33                                    -9.7955120154924469e-06
34                                     1.1072192814570725e-05
35                                     1.1556160393555448e-05
36                                     2.8811851045529302e-06
37                                    -1.8318726752175607e-06
38                                    -2.5681128206916926e-06
39                                     2.7928334514204511e-06
40                                    -7.4095412603003563e-05
41                                     3.4151355254641302e-05
42                                    -5.1212816971152320e-05
43                                    -2.4646647966655721e-05
44                                     2.3966544159065295e-05
45                                    -2.7915162249342318e-05
46                                    -1.2669493179278540e-05
47                                     4.0292167115402178e-05
48                                    -4.9994086126770032e-06
49                                    -5.3028378673991572e-06
50                                     1.1812082465825768e-05
51                                    -4.4411375308139878e-06
52                                     4.5997229355665414e-06
53                                    -3.9863801157835610e-06
54                                    -2.6526695053041838e-06
55                                     4.6823343216595426e-06
56                                     1.6804800194725189e-06
57                                    -2.0146973387091816e-06
58                                     5.6308428771703611e-06
59                                    -2.7567990907029216e-06
60                                    -1.3363703759955436e-05
61                                    -5.3480241327674705e-06
62                                     1.1221081621631823e-05
63                                    -1.5589692389794685e-06
64                                    -1.0815890506818415e-05
65                                     3.6849170224617644e-06
66                                     3.2164577115356696e-06
67                                     3.0320897826813242e-05
68                                    -1.7635055032383384e-05
69                                     1.6236578560396842e-06
70                                     4.3251329512605796e-06
71                                    -4.1615683745166443e-06
72                                     2.7559938134691375e-06
73                                    -2.6557941841531818e-07
74                                    -1.3544222566552744e-06
75                                    -3.6781744356950696e-06
76                                    -3.4429281504655407e-06
77                                     8.3752604256720486e-06
78                                     4.7935859933678771e-06
79                                    -2.4101133048598511e-05
80                                    -1.4582610911806348e-05
81                                    -2.4322850857849687e-06
82                                    -6.7320539983983796e-06
83                                    -5.6630294486964550e-06
84                                    -2.5795441533915664e-06
85                                     8.2133271714877887e-06
86                                    -2.4345101592437857e-06
87                                     2.1046664069112458e-05
88                                     1.3503868961281876e-04
89                                    -5.0525818274978207e-05
90                                     5.0756462052381490e-05
91                                    -7.5877299985911348e-05
92                                    -5.2227561049972282e-06
93                                     4.0318860006494095e-06
94                                    -6.6229097775864776e-05
95                                     2.9114175893241168e-05
96                                    -7.2041870503580796e-05
97                                    -5.1927744228852379e-05
98                                     1.4146141904258780e-05
99                                    -3.7083517914981989e-05
100                                   -1.4543973679126410e-04
101                                    1.0441274158333458e-04
102                                    3.9365964025008665e-05
103                                    3.8547190980925405e-05
104                                   -2.8078479341220319e-05
105                                   -2.4143963336054064e-05
106                                    9.5651532084572999e-05
107                                   -5.2310611556236064e-05
108                                    3.4315190991243694e-05
109                                   -1.1407964757348399e-05
110                                   -1.0084401398582910e-04
111                                   -1.6667351163721089e-05
112                                    5.9552495651871151e-05
113                                   -1.3466057814881527e-05
114                                    2.4663183166368646e-05
115                                    1.2279671157942179e-05
116                                   -2.8699476130239487e-05
117                                    1.4467966153518946e-05
118                                   -5.6263858318838719e-05
119                                   -7.5354049252077809e-05
120                                   -1.1920461601460514e-05
121                                    4.6445020234070489e-05
122                                    2.8299491304589752e-05
123                                    3.1308876471181080e-05
124                                   -8.8720306676802474e-06
125                                    5.2587183566661644e-05
126                                    1.1954382084459342e-06
127                                    6.8990347301234323e-05
128                                    4.7118578860912835e-06
129                                   -7.8712259555940856e-06
130                                    6.7089164705186333e-06
131                                   -3.1609105742846921e-06
132                                   -4.9058989399497488e-06
133                                   -1.4114987211422819e-05
134                                   -3.7454293917684595e-05
135                                    4.7489877406919206e-06
136                                    1.6587092683154753e-05
137                                   -9.5048635748787302e-06
138                                   -1.4858084536606420e-05
139                                   -1.7884326858154387e-05
140                                    1.5021271840942596e-05
141                                    1.0946306687520391e-05
142                                    4.4734250160050060e-05
143                                    2.7289292418301902e-04
144                                    4.7341676594550575e-06
145                                   -9.9193344432757513e-06
146                                   -1.3045752690968304e-05
147                                   -9.0228175420037360e-06
148                                   -2.4578689531606218e-05
149                                    3.9286991107556624e-06
150                                    4.9681213781238576e-06
151                                   -2.1001125172115387e-05
152                                    5.8507856625089616e-06
153                                   -2.9040524887981312e-05
154                                   -1.4553660459992734e-05
155                                   -7.2055473482185439e-06
156                                   -1.1484114942589274e-05
157                                    6.2450242671041600e-05
158                                   -4.1580252675671447e-05
159                                    2.2160704649387686e-06
160                                    3.9443845268674615e-06
161                                   -4.9074456991149429e-06
162                                   -1.7556412717223413e-06
163                                   -1.3289834618290808e-05
164                                   -1.8010311559346626e-06
165                                    5.0178127775080128e-07
166                                   -4.2408227426446454e-05
167                                   -6.4556233183299394e-06
168                                    6.2999126633489499e-07
169                                   -1.3022677708168784e-05
170                                    1.0740010757959162e-06
171                                    3.4657996674236635e-06
172                                    4.6101812748444715e-06
173                                   -3.0818203688443013e-06
174                                    4.3914008807655058e-06
175                                   -6.3546408131387455e-06
176                                   -5.7248800710563152e-06
177                                    8.0826184006010937e-06
178                                   -7.9668118991294001e-06
179                                    6.5260308266951172e-06
180                                   -5.5114258343952338e-06
181                                   -1.4046552219565411e-06
182                                   -3.5343305363477739e-06
183                                   -9.7587648695274254e-06
184                                   -4.7763125227140435e-07
185                                    2.3857387672396313e-05
186                                    1.5389825189509806e-05
187                                    7.8295527283778199e-06
188                                    1.2197300675725886e-05
189                                    2.6704479317296581e-06
190                                   -3.2294417236095052e-06
191                                   -8.5430400264402406e-07
192                                   -2.9800053115876246e-06
193                                    5.6453406653000915e-06
194                                    4.9152594495949220e-06
195                                    2.6447831183440407e-06
196                                   -2.3065895290996785e-06
197                                    2.2211664345017645e-06
   &Method [&Type "String"] "SCF"
   &Level [&Type "String"] "Relaxed density"
   &Mult [&Type "Integer"] 1
   &State [&Type "Integer"] 0
   &Irrep [&Type "Integer"] 0
$End
$Geometry
   &GeometryIndex 2
   &NAtoms [&Type "Integer"] 66
   &NCorelessECP [&Type "Integer"] 0
   &NGhostAtoms [&Type "Integer"] 0
   &CartesianCoordinates [&Type "Coordinates", &Dim(66,4), &Units "Bohr"] 
              O     -3.271429503930   -0.849460444497   -0.204070028293
              Si    -1.334680603878    0.234724052400    2.074032275715
              Si    -4.812897481628   -0.541359549752   -2.955291836001
              C     -3.304398317626    0.691575263956    5.008182836565
              C     -3.440708936108    2.840040767401    6.375202356705
              C     -7.655713429730    1.562331622990   -2.446371711908
              C     -8.216301125074    2.765227102000   -0.258329901067
              C      1.120500293431   -2.280980043473    2.655539235092
              C      0.180448011059    3.307678892675    1.076099405601
              C     -2.696763767965    0.917436139164   -5.432299091486
              C     -5.899135889931   -3.776691039155   -3.975216969575
              H     -4.432789691255   -0.945108397114    5.666316134487
              H     -2.383397979994    4.559563256580    5.843505477105
              H     -4.615098121024    2.999511459672    8.094336518779
              H     -8.983006164550    1.848975387573   -4.042618591385
              H     -7.025478289071    2.573032689248    1.446587066523
              H     -9.893636949193    3.995968681417   -0.076836320639
              H      0.215116645959   -4.089324671411    3.205958502794
              H      2.428581076019   -1.718550863487    4.194429867300
              H      2.256805518722   -2.632162292256    0.928674095953
              H     -1.258212361935    4.777843075338    0.672301057529
              H      1.320805482846    3.029519795716   -0.660976045767
              H      1.463227389854    4.046844528252    2.561163068176
              H     -2.028346385357    2.813206199066   -4.840542568887
              H     -3.721281807984    1.139521266924   -7.248748890392
              H     -1.018643176878   -0.289539146663   -5.785228865160
              H     -7.190670084709   -4.614222380028   -2.553884636136
              H     -4.266166911401   -5.067325910961   -4.223259265150
              H     -6.929304095171   -3.674478188741   -5.799268178717
              Pt   -14.457075907907    1.948662562581    3.670737517953
              O    -15.896850545128    0.187967366593    0.923154224823
              O    -12.972144749982    3.294826168387    6.624682878410
              P    -14.381541940477   -1.008734847667   -1.566783197707
              P    -14.482724786264    4.583907623162    9.062067232795
              O    -16.919614447855    2.751054113309    9.636749730448
              O    -15.073481807443    7.310672276752    8.487128012530
              O    -11.743054776961   -2.200224222607   -0.510014084150
              O    -14.125863486627    1.014488999499   -3.566550273190
              C    -16.271673693601   -3.815454897878   -2.405718188346
              C    -12.398486190299    3.942045968550   11.779767271147
              C    -13.743872537442    4.981660117630   14.148513883904
              C     -9.926627213052    5.407995508863   11.284027210930
              C    -11.887550351427    1.088499404643   12.026316600712
              C    -16.426390118792   -5.649678443290   -0.152699673934
              C    -18.916184334430   -2.853778777082   -3.165156613051
              C    -14.949323391126   -5.064639389419   -4.685146832828
              H    -18.230326059123    3.031846218056    8.356913930761
              H    -10.401702619100   -0.876773034136   -0.513808082234
              H    -14.197169166628    7.014933497734   13.932485448639
              H    -12.484939492688    4.764984344954   15.812463265218
              H    -15.523926818727    3.950661619973   14.538992440820
              H    -10.295491845974    7.452128273324   11.022244858213
              H     -8.949356919832    4.699637243061    9.572337443756
              H     -8.639714389218    5.173466483193   12.923793424575
              H    -13.654801792516    0.010293525665   12.333594657657
              H    -10.623789759975    0.752607866963   13.667315235308
              H    -10.942867041160    0.326868863039   10.319370322355
              H    -17.365731480959   -4.765883173840    1.497381735983
              H    -14.527900645389   -6.299270634550    0.443020182228
              H    -17.548312494390   -7.334586439264   -0.705589915545
              H    -19.897290484160   -1.954696619023   -1.549388992402
              H    -20.080724752582   -4.468857838537   -3.824975666726
              H    -18.795628437233   -1.451651936629   -4.715529073386
              H    -13.047353713728   -5.778277148565   -4.177286555395
              H    -14.743455674931   -3.716324280334   -6.274808581289
              H    -16.100518723834   -6.687678872988   -5.349112322706
$End
$SCF_Mulliken_Population_Analysis
   &GeometryIndex 2
   &NAtoms [&Type "Integer"] 66
   &ATNO [&Type "ArrayOfIntegers", &Dim (66,1)] 
                                                         0

0                                                        8
1                                                       14
2                                                       14
3                                                        6
4                                                        6
5                                                        6
6                                                        6
7                                                        6
8                                                        6
9                                                        6
10                                                       6
11                                                       1
12                                                       1
13                                                       1
14                                                       1
15                                                       1
16                                                       1
17                                                       1
18                                                       1
19                                                       1
20                                                       1
21                                                       1
22                                                       1
23                                                       1
24                                                       1
25                                                       1
26                                                       1
27                                                       1
28                                                       1
29                                                      78
30                                                       8
31                                                       8
32                                                      15
33                                                      15
34                                                       8
35                                                       8
36                                                       8
37                                                       8
38                                                       6
39                                                       6
40                                                       6
41                                                       6
42                                                       6
43                                                       6
44                                                       6
45                                                       6
46                                                       1
47                                                       1
48                                                       1
49                                                       1
50                                                       1
51                                                       1
52                                                       1
53                                                       1
54                                                       1
55                                                       1
56                                                       1
57                                                       1
58                                                       1
59                                                       1
60                                                       1
61                                                       1
62                                                       1
63                                                       1
64                                                       1
65                                                       1
   &AtomicCharges [&Type "ArrayOfDoubles", &Dim (66,1)] 
                                                         0

0                                     -5.1150219993736101e-01
1                                      6.2407975571317742e-01
2                                      6.1643427121139460e-01
3                                     -2.1560750462007050e-01
4                                     -6.1389335316927252e-02
5                                     -2.7642370045848619e-01
6                                     -1.0084143852822081e-01
7                                     -2.5706379103878696e-01
8                                     -2.9148355577004992e-01
9                                     -2.7354994971789814e-01
10                                    -2.6560301260601271e-01
11                                     3.8039710814116945e-02
12                                     3.7412014671282634e-02
13                                     4.2820940818985798e-02
14                                     6.4252336774579755e-02
15                                     6.9496821446586310e-02
16                                     9.0789325643122809e-02
17                                     5.9862323573804499e-02
18                                     5.6317633906241338e-02
19                                     5.4813061633293358e-02
20                                     6.4208954617609892e-02
21                                     5.9949475658543250e-02
22                                     6.0967316448800268e-02
23                                     6.1989484708644182e-02
24                                     6.0389370977967149e-02
25                                     5.7197939443283552e-02
26                                     6.7146017058251517e-02
27                                     5.7148255403066006e-02
28                                     5.7379089261448524e-02
29                                     1.2198296161233202e-01
30                                    -4.6384771289092086e-01
31                                    -4.6339683278675636e-01
32                                     9.1624787420776599e-01
33                                     9.0934093538760941e-01
34                                    -3.2063397477871192e-01
35                                    -3.9983048777305541e-01
36                                    -3.3551629257630466e-01
37                                    -4.0907182409996601e-01
38                                    -4.8949037631873438e-01
39                                    -4.9479266882368833e-01
40                                     3.7191119756321278e-02
41                                     2.3230624515521825e-02
42                                     3.5309548792368695e-02
43                                     3.4767638216880670e-02
44                                     3.6503158031170990e-02
45                                     3.2414651829227203e-02
46                                     2.1542824208606559e-01
47                                     2.2197509802285220e-01
48                                     4.6944014536490997e-02
49                                     3.2454250751666525e-02
50                                     4.1258498981545433e-02
51                                     4.8303194483629408e-02
52                                     5.5180369199105961e-02
53                                     3.1755998826307086e-02
54                                     4.4662557121304958e-02
55                                     2.9176868735823258e-02
56                                     5.0438695498583153e-02
57                                     4.9257202590414995e-02
58                                     4.5074511364820768e-02
59                                     2.8668569268794020e-02
60                                     4.6054257170617063e-02
61                                     3.0234335958342795e-02
62                                     4.7335905608701934e-02
63                                     4.1845927192928234e-02
64                                     4.4338699472541654e-02
65                                     3.1974849037943232e-02
   &Method [&Type "String"] "SCF"
   &Level [&Type "String"] "Relaxed density"
   &Mult [&Type "Integer"] 1
   &State [&Type "Integer"] -1
   &Irrep [&Type "Integer"] 0
$End
$SCF_Loewdin_Population_Analysis
   &GeometryIndex 2
   &NAtoms [&Type "Integer"] 66
   &ATNO [&Type "ArrayOfIntegers", &Dim (66,1)] 
                                                         0

0                                                        8
1                                                       14
2                                                       14
3                                                        6
4                                                        6
5                                                        6
6                                                        6
7                                                        6
8                                                        6
9                                                        6
10                                                       6
11                                                       1
12                                                       1
13                                                       1
14                                                       1
15                                                       1
16                                                       1
17                                                       1
18                                                       1
19                                                       1
20                                                       1
21                                                       1
22                                                       1
23                                                       1
24                                                       1
25                                                       1
26                                                       1
27                                                       1
28                                                       1
29                                                      78
30                                                       8
31                                                       8
32                                                      15
33                                                      15
34                                                       8
35                                                       8
36                                                       8
37                                                       8
38                                                       6
39                                                       6
40                                                       6
41                                                       6
42                                                       6
43                                                       6
44                                                       6
45                                                       6
46                                                       1
47                                                       1
48                                                       1
49                                                       1
50                                                       1
51                                                       1
52                                                       1
53                                                       1
54                                                       1
55                                                       1
56                                                       1
57                                                       1
58                                                       1
59                                                       1
60                                                       1
61                                                       1
62                                                       1
63                                                       1
64                                                       1
65                                                       1
   &AtomicCharges [&Type "ArrayOfDoubles", &Dim (66,1)] 
                                                         0

0                                     -3.1651882175721902e-01
1                                      6.1369045124057564e-01
2                                      6.1215202621442977e-01
3                                     -2.0045414027385444e-01
4                                     -4.4833583150011513e-02
5                                     -2.0883266463960748e-01
6                                     -3.3306773268413359e-02
7                                     -2.6254951845267716e-01
8                                     -2.6921629811031966e-01
9                                     -2.6495339774430526e-01
10                                    -2.6264503743194823e-01
11                                     3.4664777347941267e-02
12                                     2.4467694727098976e-02
13                                     2.4118406891001420e-02
14                                     3.8823658303740127e-02
15                                     3.1041800136698439e-02
16                                     4.3845784042330416e-02
17                                     4.2667813865207904e-02
18                                     4.1800764587666017e-02
19                                     4.0168970619796962e-02
20                                     4.1966729799838287e-02
21                                     4.2170082758423266e-02
22                                     4.2693076730653368e-02
23                                     4.1382694927655672e-02
24                                     4.3984348973874487e-02
25                                     4.0606308577291417e-02
26                                     4.1316611738429265e-02
27                                     4.1671761036582766e-02
28                                     4.1973252332076383e-02
29                                    -2.7585101629702535e-01
30                                    -2.0932308408577605e-01
31                                    -2.1163668740916286e-01
32                                     9.0665344494591515e-01
33                                     9.0059193430430007e-01
34                                    -1.9122973043787539e-01
35                                    -4.0860633985439065e-01
36                                    -1.8829886056045630e-01
37                                    -4.1545637101894428e-01
38                                    -1.8918764869458915e-01
39                                    -1.8890289232130009e-01
40                                    -6.3799238725824381e-02
41                                    -6.4496108585534451e-02
42                                    -6.2824922955214468e-02
43                                    -6.2976068275771624e-02
44                                    -6.3285915888868338e-02
45                                    -6.4604849904077888e-02
46                                     1.0267798164483855e-01
47                                     8.2634940554688119e-02
48                                     3.4962692345180790e-02
49                                     3.3277249098195072e-02
50                                     3.2052198159521095e-02
51                                     3.6198870831227081e-02
52                                     3.3176780855613042e-02
53                                     3.2294603848049053e-02
54                                     3.3279246196910472e-02
55                                     3.2659024324950603e-02
56                                     3.6472837774449540e-02
57                                     3.6302289083467776e-02
58                                     3.3380949212050259e-02
59                                     3.2466044701135122e-02
60                                     3.4362913655546889e-02
61                                     3.2003080501930459e-02
62                                     3.5162944523272843e-02
63                                     3.1089166589776229e-02
64                                     3.3683982295573012e-02
65                                     3.3199779545143637e-02
   &Method [&Type "String"] "SCF"
   &Level [&Type "String"] "Relaxed density"
   &Mult [&Type "Integer"] 1
   &State [&Type "Integer"] -1
   &Irrep [&Type "Integer"] 0
$End
$SCF_Mayer_Population_Analysis
   &GeometryIndex 2
   &NAtoms [&Type "Integer"] 66 "Total number of atoms"
   &NBondOrdersPrint [&Type "Integer"] 67 "The number of bond orders larger than threshold"
   &bondThresh [&Type "Double"]       1.0000000000000001e-01  "The threshold for printing"
   &components [&Type "ArrayOfIntegers", &Dim (67,4)] "The indices and atomic numbers of the bonding atoms"
                                                         0                           1                           2                           3

0                                                        0                           8                           1                          14
1                                                        0                           8                           2                          14
2                                                        1                          14                           3                           6
3                                                        1                          14                           7                           6
4                                                        1                          14                           8                           6
5                                                        2                          14                           5                           6
6                                                        2                          14                           9                           6
7                                                        2                          14                          10                           6
8                                                        3                           6                           4                           6
9                                                        3                           6                          11                           1
10                                                       4                           6                          12                           1
11                                                       4                           6                          13                           1
12                                                       5                           6                           6                           6
13                                                       5                           6                          14                           1
14                                                       6                           6                          15                           1
15                                                       6                           6                          16                           1
16                                                       7                           6                          17                           1
17                                                       7                           6                          18                           1
18                                                       7                           6                          19                           1
19                                                       8                           6                          20                           1
20                                                       8                           6                          21                           1
21                                                       8                           6                          22                           1
22                                                       9                           6                          23                           1
23                                                       9                           6                          24                           1
24                                                       9                           6                          25                           1
25                                                      10                           6                          26                           1
26                                                      10                           6                          27                           1
27                                                      10                           6                          28                           1
28                                                      29                          78                          30                           8
29                                                      29                          78                          31                           8
30                                                      29                          78                          35                           8
31                                                      29                          78                          37                           8
32                                                      30                           8                          31                           8
33                                                      30                           8                          32                          15
34                                                      31                           8                          33                          15
35                                                      32                          15                          36                           8
36                                                      32                          15                          37                           8
37                                                      32                          15                          38                           6
38                                                      33                          15                          34                           8
39                                                      33                          15                          35                           8
40                                                      33                          15                          39                           6
41                                                      34                           8                          46                           1
42                                                      36                           8                          47                           1
43                                                      38                           6                          43                           6
44                                                      38                           6                          44                           6
45                                                      38                           6                          45                           6
46                                                      39                           6                          40                           6
47                                                      39                           6                          41                           6
48                                                      39                           6                          42                           6
49                                                      40                           6                          48                           1
50                                                      40                           6                          49                           1
51                                                      40                           6                          50                           1
52                                                      41                           6                          51                           1
53                                                      41                           6                          52                           1
54                                                      41                           6                          53                           1
55                                                      42                           6                          54                           1
56                                                      42                           6                          55                           1
57                                                      42                           6                          56                           1
58                                                      43                           6                          57                           1
59                                                      43                           6                          58                           1
60                                                      43                           6                          59                           1
61                                                      44                           6                          60                           1
62                                                      44                           6                          61                           1
63                                                      44                           6                          62                           1
64                                                      45                           6                          63                           1
65                                                      45                           6                          64                           1
66                                                      45                           6                          65                           1
   &BondOrders [&Type "ArrayOfDoubles", &Dim (67,1)] "The bond orders"
                                                         0

0                                      1.0493838656226240e+00
1                                      1.0822138834046311e+00
2                                      9.3096048220173255e-01
3                                      1.0012534170442555e+00
4                                      1.0103833813910588e+00
5                                      9.0784476291771254e-01
6                                      1.0069459777570449e+00
7                                      1.0031684615517520e+00
8                                      1.9702680768420382e+00
9                                      9.2310251899067652e-01
10                                     9.5199845695654650e-01
11                                     9.3989892307072564e-01
12                                     1.8862492142489864e+00
13                                     9.0744432224282068e-01
14                                     9.4223648484393607e-01
15                                     9.3050965631184268e-01
16                                     9.5320495626997337e-01
17                                     9.4818013053725170e-01
18                                     9.5156593144512902e-01
19                                     9.5061712175410018e-01
20                                     9.4875401271211390e-01
21                                     9.4388945194457541e-01
22                                     9.5037243236772562e-01
23                                     9.4441915285816558e-01
24                                     9.5303214573964901e-01
25                                     9.5029069450943326e-01
26                                     9.5040293158866707e-01
27                                     9.4445186450631669e-01
28                                     9.9172817379696843e-01
29                                     9.8205381344992193e-01
30                                     1.3002410015800528e-01
31                                     1.2649443057432080e-01
32                                     1.4667680891143692e-01
33                                     9.3282333637364157e-01
34                                     9.4273147263056467e-01
35                                     1.1190353722902966e+00
36                                     1.8115740461071155e+00
37                                     8.9355997692815126e-01
38                                     1.0883691058470593e+00
39                                     1.8481787774238412e+00
40                                     8.9488201585028770e-01
41                                     9.2995905238241128e-01
42                                     8.6322682250494964e-01
43                                     1.0049095504491410e+00
44                                     1.0134612702400627e+00
45                                     1.0124228711942278e+00
46                                     1.0119959163897312e+00
47                                     1.0136532593168393e+00
48                                     1.0027748455444361e+00
49                                     9.5462376886107470e-01
50                                     9.5434336738644798e-01
51                                     9.5868635737765329e-01
52                                     9.5031168175644776e-01
53                                     9.5356200629997023e-01
54                                     9.5628608212083499e-01
55                                     9.5818346851350300e-01
56                                     9.5194626779990421e-01
57                                     9.5928144193567699e-01
58                                     9.5916147569690724e-01
59                                     9.5790451907315832e-01
60                                     9.5211643851981931e-01
61                                     9.5861192422011821e-01
62                                     9.5481086071062293e-01
63                                     9.5407060295124346e-01
64                                     9.5841583570019917e-01
65                                     9.5471570950587392e-01
66                                     9.5309675242916725e-01
   &ATNO [&Type "ArrayOfIntegers", &Dim (66,1)] "Atomic number of the elements"
                                                         0

0                                                        8
1                                                       14
2                                                       14
3                                                        6
4                                                        6
5                                                        6
6                                                        6
7                                                        6
8                                                        6
9                                                        6
10                                                       6
11                                                       1
12                                                       1
13                                                       1
14                                                       1
15                                                       1
16                                                       1
17                                                       1
18                                                       1
19                                                       1
20                                                       1
21                                                       1
22                                                       1
23                                                       1
24                                                       1
25                                                       1
26                                                       1
27                                                       1
28                                                       1
29                                                      78
30                                                       8
31                                                       8
32                                                      15
33                                                      15
34                                                       8
35                                                       8
36                                                       8
37                                                       8
38                                                       6
39                                                       6
40                                                       6
41                                                       6
42                                                       6
43                                                       6
44                                                       6
45                                                       6
46                                                       1
47                                                       1
48                                                       1
49                                                       1
50                                                       1
51                                                       1
52                                                       1
53                                                       1
54                                                       1
55                                                       1
56                                                       1
57                                                       1
58                                                       1
59                                                       1
60                                                       1
61                                                       1
62                                                       1
63                                                       1
64                                                       1
65                                                       1
   &NA [&Type "ArrayOfDoubles", &Dim (66,1)] "Mulliken gross atomic population"
                                                         0

0                                      8.5115021999373592e+00
1                                      1.3375920244286826e+01
2                                      1.3383565728788597e+01
3                                      6.2156075046200714e+00
4                                      6.0613893353169281e+00
5                                      6.2764237004584844e+00
6                                      6.1008414385282226e+00
7                                      6.2570637910387861e+00
8                                      6.2914835557700499e+00
9                                      6.2735499497178981e+00
10                                     6.2656030126060189e+00
11                                     9.6196028918588283e-01
12                                     9.6258798532871759e-01
13                                     9.5717905918101354e-01
14                                     9.3574766322542091e-01
15                                     9.3050317855341402e-01
16                                     9.0921067435687686e-01
17                                     9.4013767642619528e-01
18                                     9.4368236609375922e-01
19                                     9.4518693836670709e-01
20                                     9.3579104538238911e-01
21                                     9.4005052434145686e-01
22                                     9.3903268355119984e-01
23                                     9.3801051529135560e-01
24                                     9.3961062902203352e-01
25                                     9.4280206055671645e-01
26                                     9.3285398294174848e-01
27                                     9.4285174459693444e-01
28                                     9.4262091073855114e-01
29                                     1.7878017038387679e+01
30                                     8.4638477128909191e+00
31                                     8.4633968327867564e+00
32                                     1.4083752125792238e+01
33                                     1.4090659064612389e+01
34                                     8.3206339747787119e+00
35                                     8.3998304877730554e+00
36                                     8.3355162925763029e+00
37                                     8.4090718240999625e+00
38                                     6.4894903763187290e+00
39                                     6.4947926688236892e+00
40                                     5.9628088802436778e+00
41                                     5.9767693754844773e+00
42                                     5.9646904512076313e+00
43                                     5.9652323617831211e+00
44                                     5.9634968419688299e+00
45                                     5.9675853481707746e+00
46                                     7.8457175791393496e-01
47                                     7.7802490197714802e-01
48                                     9.5305598546350900e-01
49                                     9.6754574924833381e-01
50                                     9.5874150101845412e-01
51                                     9.5169680551637048e-01
52                                     9.4481963080089393e-01
53                                     9.6824400117369303e-01
54                                     9.5533744287869515e-01
55                                     9.7082313126417674e-01
56                                     9.4956130450141674e-01
57                                     9.5074279740958489e-01
58                                     9.5492548863517990e-01
59                                     9.7133143073120576e-01
60                                     9.5394574282938283e-01
61                                     9.6976566404165720e-01
62                                     9.5266409439129840e-01
63                                     9.5815407280707177e-01
64                                     9.5566130052745835e-01
65                                     9.6802515096205677e-01
   &ZA [&Type "ArrayOfDoubles", &Dim (66,1)] "Total nuclear charge"
                                                         0

0                                      8.0000000000000000e+00
1                                      1.4000000000000000e+01
2                                      1.4000000000000000e+01
3                                      6.0000000000000000e+00
4                                      6.0000000000000000e+00
5                                      6.0000000000000000e+00
6                                      6.0000000000000000e+00
7                                      6.0000000000000000e+00
8                                      6.0000000000000000e+00
9                                      6.0000000000000000e+00
10                                     6.0000000000000000e+00
11                                     1.0000000000000000e+00
12                                     1.0000000000000000e+00
13                                     1.0000000000000000e+00
14                                     1.0000000000000000e+00
15                                     1.0000000000000000e+00
16                                     1.0000000000000000e+00
17                                     1.0000000000000000e+00
18                                     1.0000000000000000e+00
19                                     1.0000000000000000e+00
20                                     1.0000000000000000e+00
21                                     1.0000000000000000e+00
22                                     1.0000000000000000e+00
23                                     1.0000000000000000e+00
24                                     1.0000000000000000e+00
25                                     1.0000000000000000e+00
26                                     1.0000000000000000e+00
27                                     1.0000000000000000e+00
28                                     1.0000000000000000e+00
29                                     1.8000000000000000e+01
30                                     8.0000000000000000e+00
31                                     8.0000000000000000e+00
32                                     1.5000000000000000e+01
33                                     1.5000000000000000e+01
34                                     8.0000000000000000e+00
35                                     8.0000000000000000e+00
36                                     8.0000000000000000e+00
37                                     8.0000000000000000e+00
38                                     6.0000000000000000e+00
39                                     6.0000000000000000e+00
40                                     6.0000000000000000e+00
41                                     6.0000000000000000e+00
42                                     6.0000000000000000e+00
43                                     6.0000000000000000e+00
44                                     6.0000000000000000e+00
45                                     6.0000000000000000e+00
46                                     1.0000000000000000e+00
47                                     1.0000000000000000e+00
48                                     1.0000000000000000e+00
49                                     1.0000000000000000e+00
50                                     1.0000000000000000e+00
51                                     1.0000000000000000e+00
52                                     1.0000000000000000e+00
53                                     1.0000000000000000e+00
54                                     1.0000000000000000e+00
55                                     1.0000000000000000e+00
56                                     1.0000000000000000e+00
57                                     1.0000000000000000e+00
58                                     1.0000000000000000e+00
59                                     1.0000000000000000e+00
60                                     1.0000000000000000e+00
61                                     1.0000000000000000e+00
62                                     1.0000000000000000e+00
63                                     1.0000000000000000e+00
64                                     1.0000000000000000e+00
65                                     1.0000000000000000e+00
   &QA [&Type "ArrayOfDoubles", &Dim (66,1)] "Mulliken gross atomic charge"
                                                         0

0                                     -5.1150219993735924e-01
1                                      6.2407975571317387e-01
2                                      6.1643427121140348e-01
3                                     -2.1560750462007139e-01
4                                     -6.1389335316928140e-02
5                                     -2.7642370045848441e-01
6                                     -1.0084143852822258e-01
7                                     -2.5706379103878607e-01
8                                     -2.9148355577004992e-01
9                                     -2.7354994971789814e-01
10                                    -2.6560301260601893e-01
11                                     3.8039710814117167e-02
12                                     3.7412014671282412e-02
13                                     4.2820940818986464e-02
14                                     6.4252336774579089e-02
15                                     6.9496821446585977e-02
16                                     9.0789325643123142e-02
17                                     5.9862323573804721e-02
18                                     5.6317633906240783e-02
19                                     5.4813061633292914e-02
20                                     6.4208954617610892e-02
21                                     5.9949475658543139e-02
22                                     6.0967316448800157e-02
23                                     6.1989484708644405e-02
24                                     6.0389370977966483e-02
25                                     5.7197939443283552e-02
26                                     6.7146017058251517e-02
27                                     5.7148255403065562e-02
28                                     5.7379089261448857e-02
29                                     1.2198296161232136e-01
30                                    -4.6384771289091908e-01
31                                    -4.6339683278675636e-01
32                                     9.1624787420776244e-01
33                                     9.0934093538761118e-01
34                                    -3.2063397477871192e-01
35                                    -3.9983048777305541e-01
36                                    -3.3551629257630289e-01
37                                    -4.0907182409996246e-01
38                                    -4.8949037631872905e-01
39                                    -4.9479266882368922e-01
40                                     3.7191119756322166e-02
41                                     2.3230624515522713e-02
42                                     3.5309548792368695e-02
43                                     3.4767638216878893e-02
44                                     3.6503158031170102e-02
45                                     3.2414651829225427e-02
46                                     2.1542824208606504e-01
47                                     2.2197509802285198e-01
48                                     4.6944014536490997e-02
49                                     3.2454250751666192e-02
50                                     4.1258498981545877e-02
51                                     4.8303194483629519e-02
52                                     5.5180369199106072e-02
53                                     3.1755998826306975e-02
54                                     4.4662557121304847e-02
55                                     2.9176868735823258e-02
56                                     5.0438695498583264e-02
57                                     4.9257202590415106e-02
58                                     4.5074511364820102e-02
59                                     2.8668569268794242e-02
60                                     4.6054257170617174e-02
61                                     3.0234335958342795e-02
62                                     4.7335905608701601e-02
63                                     4.1845927192928234e-02
64                                     4.4338699472541654e-02
65                                     3.1974849037943232e-02
   &VA [&Type "ArrayOfDoubles", &Dim (66,1)] "Mayer's total valence"
                                                         0

0                                      2.2093591072054051e+00
1                                      4.2885714637171395e+00
2                                      4.2879894932666609e+00
3                                      3.8804309260013055e+00
4                                      3.9583165703847230e+00
5                                      3.8061117835397780e+00
6                                      3.9410515862334838e+00
7                                      3.8764661911729599e+00
8                                      3.8905799772368201e+00
9                                      3.8832128292763666e+00
10                                     3.8708238735182974e+00
11                                     9.7483296676355669e-01
12                                     9.8188721865281536e-01
13                                     9.7921679755497715e-01
14                                     9.9899082458888133e-01
15                                     9.9826838770863602e-01
16                                     9.7098362399427285e-01
17                                     9.8732499604535506e-01
18                                     9.8458786262243492e-01
19                                     9.8669419759201105e-01
20                                     9.8977505740522564e-01
21                                     9.8852044168560649e-01
22                                     9.8456587402790663e-01
23                                     9.9197828291377754e-01
24                                     9.8357064136293237e-01
25                                     9.8465715442021429e-01
26                                     1.0042489431972914e+00
27                                     9.8614253580846345e-01
28                                     9.8394545532200217e-01
29                                     2.6025751584842665e+00
30                                     2.2332619304465000e+00
31                                     2.2344627099120897e+00
32                                     4.9438607220601591e+00
33                                     4.9543033656074726e+00
34                                     2.1981749232117034e+00
35                                     2.1975824262809049e+00
36                                     2.2154549848221272e+00
37                                     2.1900911206574714e+00
38                                     4.1024517213080145e+00
39                                     4.1010118614916600e+00
40                                     3.8854129348811739e+00
41                                     3.8867643489591259e+00
42                                     3.8863569507342253e+00
43                                     3.8877024843588392e+00
44                                     3.8883112466697769e+00
45                                     3.8897688795227050e+00
46                                     1.0049075530825939e+00
47                                     1.0502449849823330e+00
48                                     1.0066146527430861e+00
49                                     9.9562472459030593e-01
50                                     1.0032985882461380e+00
51                                     1.0080942700260833e+00
52                                     1.0128067327506816e+00
53                                     9.9484159199944600e-01
54                                     1.0047843691465208e+00
55                                     9.9479839056657915e-01
56                                     9.9723517880872059e-01
57                                     9.9651333380288176e-01
58                                     1.0049084745345376e+00
59                                     9.9475714159069573e-01
60                                     1.0022212792723124e+00
61                                     9.9479753532595916e-01
62                                     1.0085069768102803e+00
63                                     1.0048264459459271e+00
64                                     1.0074569620552587e+00
65                                     9.9553073530014247e-01
   &BVA [&Type "ArrayOfDoubles", &Dim (66,1)] "Mayer's bonded valence"
                                                         0

0                                      2.2093591072054535e+00
1                                      4.2885714637171040e+00
2                                      4.2879894932667089e+00
3                                      3.8804309260013183e+00
4                                      3.9583165703847523e+00
5                                      3.8061117835397988e+00
6                                      3.9410515862334714e+00
7                                      3.8764661911729350e+00
8                                      3.8905799772368082e+00
9                                      3.8832128292763790e+00
10                                     3.8708238735182783e+00
11                                     9.7483296676355324e-01
12                                     9.8188721865280926e-01
13                                     9.7921679755498003e-01
14                                     9.9899082458888555e-01
15                                     9.9826838770863491e-01
16                                     9.7098362399426585e-01
17                                     9.8732499604535029e-01
18                                     9.8458786262243037e-01
19                                     9.8669419759200183e-01
20                                     9.8977505740522564e-01
21                                     9.8852044168560771e-01
22                                     9.8456587402790530e-01
23                                     9.9197828291378143e-01
24                                     9.8357064136292749e-01
25                                     9.8465715442022017e-01
26                                     1.0042489431972956e+00
27                                     9.8614253580846911e-01
28                                     9.8394545532199251e-01
29                                     2.6025751584842531e+00
30                                     2.2332619304465107e+00
31                                     2.2344627099120871e+00
32                                     4.9438607220601316e+00
33                                     4.9543033656074762e+00
34                                     2.1981749232116989e+00
35                                     2.1975824262808814e+00
36                                     2.2154549848221627e+00
37                                     2.1900911206574616e+00
38                                     4.1024517213080403e+00
39                                     4.1010118614917026e+00
40                                     3.8854129348811637e+00
41                                     3.8867643489591237e+00
42                                     3.8863569507342377e+00
43                                     3.8877024843588721e+00
44                                     3.8883112466698062e+00
45                                     3.8897688795227077e+00
46                                     1.0049075530825924e+00
47                                     1.0502449849823308e+00
48                                     1.0066146527430861e+00
49                                     9.9562472459030382e-01
50                                     1.0032985882461301e+00
51                                     1.0080942700260769e+00
52                                     1.0128067327506747e+00
53                                     9.9484159199943867e-01
54                                     1.0047843691465244e+00
55                                     9.9479839056656993e-01
56                                     9.9723517880872059e-01
57                                     9.9651333380288520e-01
58                                     1.0049084745345347e+00
59                                     9.9475714159070239e-01
60                                     1.0022212792723111e+00
61                                     9.9479753532596471e-01
62                                     1.0085069768102848e+00
63                                     1.0048264459459344e+00
64                                     1.0074569620552580e+00
65                                     9.9553073530014136e-01
   &FA [&Type "ArrayOfDoubles", &Dim (66,1)] "Mayer's free valence"
                                                         0

0                                      0.0000000000000000e+00
1                                      0.0000000000000000e+00
2                                      0.0000000000000000e+00
3                                      0.0000000000000000e+00
4                                      0.0000000000000000e+00
5                                      0.0000000000000000e+00
6                                      0.0000000000000000e+00
7                                      0.0000000000000000e+00
8                                      0.0000000000000000e+00
9                                      0.0000000000000000e+00
10                                     0.0000000000000000e+00
11                                     0.0000000000000000e+00
12                                     0.0000000000000000e+00
13                                     0.0000000000000000e+00
14                                     0.0000000000000000e+00
15                                     0.0000000000000000e+00
16                                     0.0000000000000000e+00
17                                     0.0000000000000000e+00
18                                     0.0000000000000000e+00
19                                     0.0000000000000000e+00
20                                     0.0000000000000000e+00
21                                     0.0000000000000000e+00
22                                     0.0000000000000000e+00
23                                     0.0000000000000000e+00
24                                     0.0000000000000000e+00
25                                     0.0000000000000000e+00
26                                     0.0000000000000000e+00
27                                     0.0000000000000000e+00
28                                     0.0000000000000000e+00
29                                     0.0000000000000000e+00
30                                     0.0000000000000000e+00
31                                     0.0000000000000000e+00
32                                     0.0000000000000000e+00
33                                     0.0000000000000000e+00
34                                     0.0000000000000000e+00
35                                     0.0000000000000000e+00
36                                     0.0000000000000000e+00
37                                     0.0000000000000000e+00
38                                     0.0000000000000000e+00
39                                     0.0000000000000000e+00
40                                     0.0000000000000000e+00
41                                     0.0000000000000000e+00
42                                     0.0000000000000000e+00
43                                     0.0000000000000000e+00
44                                     0.0000000000000000e+00
45                                     0.0000000000000000e+00
46                                     0.0000000000000000e+00
47                                     0.0000000000000000e+00
48                                     0.0000000000000000e+00
49                                     0.0000000000000000e+00
50                                     0.0000000000000000e+00
51                                     0.0000000000000000e+00
52                                     0.0000000000000000e+00
53                                     0.0000000000000000e+00
54                                     0.0000000000000000e+00
55                                     0.0000000000000000e+00
56                                     0.0000000000000000e+00
57                                     0.0000000000000000e+00
58                                     0.0000000000000000e+00
59                                     0.0000000000000000e+00
60                                     0.0000000000000000e+00
61                                     0.0000000000000000e+00
62                                     0.0000000000000000e+00
63                                     0.0000000000000000e+00
64                                     0.0000000000000000e+00
65                                     0.0000000000000000e+00
   &Method [&Type "String"] "SCF"
   &Level [&Type "String"] "Relaxed density"
   &Mult [&Type "Integer"] 1
   &State [&Type "Integer"] -1
   &Irrep [&Type "Integer"] 0
$End
$SCF_Energy
   &GeometryIndex 2
   &Method [&Type "String"] "SCF"
   &totalEnergy [&Type "ArrayOfDoubles", &Dim (1,1)] "Total energy of each state"
                                                         0

0                                     -2.5371793891006214e+03
   &Mult [&Type "ArrayOfIntegers", &Dim (1,1)] "Multiplicity of each state"
                                                         0

0                                                        1
$End
$DFT_Energy
   &GeometryIndex 2
   &nAlphaEl [&Type "Integer"] 133
   &nBetaEl [&Type "Integer"] 133
   &nTotalEl [&Type "Integer"] 266
   &finalEn [&Type "Double"]      -2.5371793891006214e+03  "No Van der Waals correction"
   &eExchange [&Type "Double"]      -2.4959602752616004e+02
   &eCorr [&Type "Double"]      -9.2720083358967251e+00
   &eXC [&Type "Double"]      -2.5886803586205679e+02
   &eCNL [&Type "Double"]       0.0000000000000000e+00
$End
$SCF_Timings
   &GeometryIndex 2
   &TOTAL [&Type "Double"]       8.9180360000000007e+00
   &PREP [&Type "Double"]       1.0101590000000000e+00
   &FOCK [&Type "Double"]       5.0609790000000014e+00
   &DENS [&Type "Double"]       3.2178500000000021e-01
   &ETOT [&Type "Double"]       1.0011299999999834e-01
   &POP [&Type "Double"]       2.3330600000000068e-01
   &TRAFO [&Type "Double"]       2.3672000000000004e-01
   &DIIS [&Type "Double"]       3.2067999999999985e-01
   &SOSCF [&Type "Double"]       1.7299950000000011e+00
   &XC [&Type "Double"]       2.7046770000000011e+00
   &FOCKSTART [&Type "Double"]       6.7171999999999121e-02
   &INT_PREP [&Type "Double"]       2.0000000002795559e-06
   &INT_BF [&Type "Double"]       4.6017000000002106e-01
   &INT_DENS [&Type "Double"]       6.2194499999996866e-01
   &INT_DENSIO [&Type "Double"]       8.6284577270000100e+03
   &INT_FUNC [&Type "Double"]       6.9167999999986129e-02
   &INT_POT [&Type "Double"]       2.6691999999997740e-01
   &INT_POTIO [&Type "Double"]       4.0784000000024134e-02
   &INT_SUM [&Type "Double"]       8.8850000000004759e-03
   &SPLITRIJ [&Type "Double"]       2.0588620000000004e+00
$End
$Single_Point_Data
   &GeometryIndex 2
   &FinalEnergy [&Type "Double"]      -2.5371793891006214e+03  "Final single point energy"
   &Converged [&Type "Boolean"] true
$End
