*************************************************
******************* ORCA 6.1.1 ******************
*************************************************
$Geometry
   &GeometryIndex 1
   &NAtoms [&Type "Integer"] 66
   &NCorelessECP [&Type "Integer"] 0
   &NGhostAtoms [&Type "Integer"] 0
   &CartesianCoordinates [&Type "Coordinates", &Dim(66,4), &Units "Bohr"] 
              O     -4.570595720295    0.439989185105   -0.070435736196
              Si    -2.929074873679    2.605391076240    1.573011489745
              Si    -4.647965283848   -2.566855535868   -1.114391532674
              C     -5.083455420904    5.421444737288    2.031931040962
              C     -7.382940436881    5.815327739581    0.656825171420
              C     -6.442463145495   -2.544948142353   -4.183404287776
              C     -7.378320092642   -0.443785939695   -5.281879736095
              C     -1.868338142237    1.275830534163    4.711077600417
              C     -0.091294199734    3.652103739332   -0.331682462385
              C     -1.324539009721   -3.766323668116   -1.669004176431
              C     -6.316632600713   -4.611843474904    1.281692843085
              H     -4.142564233610    7.142607374619    2.779621978488
              H     -8.064919942095    4.391008452582   -0.708282139611
              H     -8.113141522285    7.742700429399    0.317527904817
              H     -6.746757001402   -4.374892741992   -5.155512216628
              H     -7.134742506714    1.431758470928   -4.401307465225
              H     -8.419752697723   -0.491227034025   -7.089956392835
              H     -3.500315027644    0.502144276550    5.774042653396
              H     -0.980515916479    2.765951224253    5.890581557287
              H     -0.460434722196   -0.256992503362    4.452994239612
              H     -0.680976728548    4.372790233096   -2.209259165332
              H      1.242238235595    2.062729629819   -0.636722035519
              H      0.953663247601    5.184306930495    0.648226912951
              H     -0.293465380963   -2.538587146935   -3.018826295097
              H     -1.359412342369   -5.705098896259   -2.469415269043
              H     -0.230702521695   -3.841919330224    0.119469857215
              H     -8.213474600905   -3.817153132820    1.684720499012
              H     -5.242153503769   -4.701680753494    3.080295139846
              H     -6.552125322301   -6.571903002337    0.573474777319
              Pt    -8.213697604001    4.727039812472    4.348691040817
              O    -15.129598161342    2.271458687503    3.979218848108
              O    -15.306874714490    0.046637894724    5.742570018859
              P    -13.805084478298    1.470170193446    1.165120406531
              P    -14.917104579877    1.125987480300    8.719007809707
              O    -15.464916762061   -1.614826716198   10.067830396576
              O    -16.558739115702    3.295650860366    9.488468905293
              O    -11.116565506035    0.138181339386    1.835069231572
              O    -13.750606141621    3.946160435433   -0.227692247672
              C    -15.693993496923   -1.087158544651   -0.299933973183
              C    -11.468783175571    1.533553063110    9.251949955510
              C    -11.103968442202    1.822850944877   12.133906369877
              C    -10.673921755558    4.035433391365    7.950535373583
              C    -10.000958804088   -0.761197557998    8.243578052614
              C    -15.253517953640   -3.671445320648    0.962524983939
              C    -18.488421505848   -0.281936020916   -0.098957764333
              C    -14.851062793251   -1.156875293428   -3.095345741317
              H    -17.260544470930   -1.717184826144   10.502043954887
              H     -9.877358190891    1.474287581855    2.490781610149
              H    -12.255107285408    3.398070524497   12.894283896054
              H     -9.085117635974    2.213930339345   12.550377852569
              H    -11.647508057560    0.068431933807   13.136646258196
              H    -11.463662930020    5.710342829721    8.922969621188
              H    -11.497734670685    4.150034394594    5.949161025952
              H     -8.526526756556    4.217118670216    8.111487595145
              H    -10.625131671368   -2.515616763708    9.198657698342
              H     -7.953449301348   -0.504079369733    8.624505567924
              H    -10.257797024266   -1.007325532649    6.184473529667
              H    -15.791816934808   -3.654524381208    2.982720025854
              H    -13.252085735730   -4.264891603389    0.820503806511
              H    -16.426744862545   -5.109345459898   -0.018135856964
              H    -19.139308647082   -0.255142869620    1.889805825505
              H    -19.676812197637   -1.643423031324   -1.163826097148
              H    -18.793579619399    1.624247288765   -0.911819639332
              H    -12.831952112207   -1.686743019340   -3.282769205126
              H    -15.120821749970    0.703891780877   -4.014805914159
              H    -15.997095587698   -2.583371842573   -4.121866881515
$End
$Calculation_Status
   &GeometryIndex 2
   &version [&Type "String"] "6.1.1"
   &progName [&Type "String"] "LeanSCF"
   &Status [&Type "String"] "NORMAL TERMINATION"
$End
$SCF_Mulliken_Population_Analysis
   &GeometryIndex 1
   &NAtoms [&Type "Integer"] 66
   &ATNO [&Type "ArrayOfIntegers", &Dim (66,1)] 
                                                         0

0                                                        8
1                                                       14
2                                                       14
3                                                        6
4                                                        6
5                                                        6
6                                                        6
7                                                        6
8                                                        6
9                                                        6
10                                                       6
11                                                       1
12                                                       1
13                                                       1
14                                                       1
15                                                       1
16                                                       1
17                                                       1
18                                                       1
19                                                       1
20                                                       1
21                                                       1
22                                                       1
23                                                       1
24                                                       1
25                                                       1
26                                                       1
27                                                       1
28                                                       1
29                                                      78
30                                                       8
31                                                       8
32                                                      15
33                                                      15
34                                                       8
35                                                       8
36                                                       8
37                                                       8
38                                                       6
39                                                       6
40                                                       6
41                                                       6
42                                                       6
43                                                       6
44                                                       6
45                                                       6
46                                                       1
47                                                       1
48                                                       1
49                                                       1
50                                                       1
51                                                       1
52                                                       1
53                                                       1
54                                                       1
55                                                       1
56                                                       1
57                                                       1
58                                                       1
59                                                       1
60                                                       1
61                                                       1
62                                                       1
63                                                       1
64                                                       1
65                                                       1
   &AtomicCharges [&Type "ArrayOfDoubles", &Dim (66,1)] 
                                                         0

0                                     -5.2877541500574132e-01
1                                      6.6767919917496243e-01
2                                      6.1055339158950162e-01
3                                     -2.7359960289975493e-01
4                                     -2.6700117382415733e-02
5                                     -2.1040991836379330e-01
6                                     -5.0389613386185417e-02
7                                     -2.7273828079563422e-01
8                                     -2.5252634508409688e-01
9                                     -2.7778528129658220e-01
10                                    -2.9002685354927138e-01
11                                     8.6827040959606361e-02
12                                     1.0219696983377369e-01
13                                     9.6215374224586592e-02
14                                     2.9911818868096907e-02
15                                     5.3598446724786086e-02
16                                     3.4681314262796747e-02
17                                     7.3668861720903811e-02
18                                     5.8362388974362966e-02
19                                     4.9537665018332344e-02
20                                     6.2258230607991405e-02
21                                     5.4360266280442215e-02
22                                     5.3200169932029917e-02
23                                     6.3173599020800886e-02
24                                     5.5445455027374302e-02
25                                     5.2513022747506910e-02
26                                     9.5790936799108883e-02
27                                     4.8662038734433977e-02
28                                     5.0455517263934713e-02
29                                    -5.6903531634130999e-01
30                                    -2.8052232556127166e-01
31                                    -2.8700434543957698e-01
32                                     8.9163948437596829e-01
33                                     8.6196646056685822e-01
34                                    -3.2293870281354309e-01
35                                    -4.0997695388661626e-01
36                                    -3.5244568442818647e-01
37                                    -4.0612111081090241e-01
38                                    -4.8770606865740351e-01
39                                    -4.9295431059684613e-01
40                                     3.8428029490764182e-02
41                                    -2.8634698702395767e-02
42                                     5.1121189228709341e-02
43                                     3.9551994150093250e-02
44                                     4.0438297459374439e-02
45                                     2.6573658959204494e-02
46                                     2.0172582477364565e-01
47                                     2.5646592844140015e-01
48                                     5.0807698826152992e-02
49                                     3.6338868903901700e-02
50                                     4.3666393811804927e-02
51                                     9.6376094542865109e-02
52                                     1.6430158199889899e-01
53                                     1.2560299147056053e-01
54                                     4.1422645849794049e-02
55                                     4.1592947174451944e-02
56                                     6.8569293184386426e-02
57                                     4.0933275155415449e-02
58                                     4.4493325557236396e-02
59                                     2.2146667757846794e-02
60                                     4.1572584372981725e-02
61                                     2.7165781369956177e-02
62                                     4.8592194608828132e-02
63                                     4.6179225517361644e-02
64                                     4.6541863832853303e-02
65                                     2.6984935854762915e-02
   &Method [&Type "String"] "SCF"
   &Level [&Type "String"] "Relaxed density"
   &Mult [&Type "Integer"] 1
   &State [&Type "Integer"] -1
   &Irrep [&Type "Integer"] 0
$End
$SCF_Loewdin_Population_Analysis
   &GeometryIndex 1
   &NAtoms [&Type "Integer"] 66
   &ATNO [&Type "ArrayOfIntegers", &Dim (66,1)] 
                                                         0

0                                                        8
1                                                       14
2                                                       14
3                                                        6
4                                                        6
5                                                        6
6                                                        6
7                                                        6
8                                                        6
9                                                        6
10                                                       6
11                                                       1
12                                                       1
13                                                       1
14                                                       1
15                                                       1
16                                                       1
17                                                       1
18                                                       1
19                                                       1
20                                                       1
21                                                       1
22                                                       1
23                                                       1
24                                                       1
25                                                       1
26                                                       1
27                                                       1
28                                                       1
29                                                      78
30                                                       8
31                                                       8
32                                                      15
33                                                      15
34                                                       8
35                                                       8
36                                                       8
37                                                       8
38                                                       6
39                                                       6
40                                                       6
41                                                       6
42                                                       6
43                                                       6
44                                                       6
45                                                       6
46                                                       1
47                                                       1
48                                                       1
49                                                       1
50                                                       1
51                                                       1
52                                                       1
53                                                       1
54                                                       1
55                                                       1
56                                                       1
57                                                       1
58                                                       1
59                                                       1
60                                                       1
61                                                       1
62                                                       1
63                                                       1
64                                                       1
65                                                       1
   &AtomicCharges [&Type "ArrayOfDoubles", &Dim (66,1)] 
                                                         0

0                                     -3.1067805047082864e-01
1                                      6.4178878189513533e-01
2                                      6.2165858910432092e-01
3                                     -1.7578123955182612e-01
4                                      5.8113977353695390e-03
5                                     -2.0626889993694331e-01
6                                     -3.9748299239570350e-02
7                                     -2.5829398135187542e-01
8                                     -2.6329116690799825e-01
9                                     -2.6872610945909781e-01
10                                    -2.6743831318811218e-01
11                                     6.1710651711820552e-02
12                                     5.3141711728002194e-02
13                                     6.0202226074212328e-02
14                                     3.0657966282913729e-02
15                                     2.5500906912866439e-02
16                                     2.4339408971096543e-02
17                                     4.5898390245922904e-02
18                                     4.4013057906045261e-02
19                                     3.7547809120128561e-02
20                                     4.3170672889629169e-02
21                                     3.8957877082666847e-02
22                                     4.0548302167051964e-02
23                                     4.1088703964159756e-02
24                                     4.2093499360268960e-02
25                                     3.6538576688954549e-02
26                                     4.2807086684964024e-02
27                                     3.7612274741603668e-02
28                                     3.9612026360421826e-02
29                                    -5.0143449715724131e-01
30                                    -2.0482113619607922e-01
31                                    -2.1988217122778231e-01
32                                     8.8276303992482852e-01
33                                     8.5606067695081833e-01
34                                    -2.0310516340617113e-01
35                                    -4.3388711408917935e-01
36                                    -2.0152901021235259e-01
37                                    -4.2010044017316517e-01
38                                    -1.8941551832472570e-01
39                                    -1.8133277872555897e-01
40                                    -6.1466513556982072e-02
41                                     4.5061961619285995e-03
42                                    -6.1374694685073727e-02
43                                    -6.6234014341709724e-02
44                                    -6.4220888998992365e-02
45                                    -6.5507584175481526e-02
46                                     9.7479334493194236e-02
47                                     7.8892679961147794e-02
48                                     3.5362351782586621e-02
49                                     3.4730624985782166e-02
50                                     3.4222822979979473e-02
51                                     6.6076868046983872e-02
52                                     7.8778855767805744e-02
53                                     8.7104283961347395e-02
54                                     3.5735909950009304e-02
55                                     3.7217127438184616e-02
56                                     3.6556672980726512e-02
57                                     2.7549072704195821e-02
58                                     3.1351579234803584e-02
59                                     2.9827410529371989e-02
60                                     3.1794003044506303e-02
61                                     3.1197598463788667e-02
62                                     3.5404331444092607e-02
63                                     3.2534619692415001e-02
64                                     3.3903357085094621e-02
65                                     3.0788250165429853e-02
   &Method [&Type "String"] "SCF"
   &Level [&Type "String"] "Relaxed density"
   &Mult [&Type "Integer"] 1
   &State [&Type "Integer"] -1
   &Irrep [&Type "Integer"] 0
$End
$SCF_Mayer_Population_Analysis
   &GeometryIndex 1
   &NAtoms [&Type "Integer"] 66 "Total number of atoms"
   &NBondOrdersPrint [&Type "Integer"] 69 "The number of bond orders larger than threshold"
   &bondThresh [&Type "Double"]       1.0000000000000001e-01  "The threshold for printing"
   &components [&Type "ArrayOfIntegers", &Dim (69,4)] "The indices and atomic numbers of the bonding atoms"
                                                         0                           1                           2                           3

0                                                        0                           8                           1                          14
1                                                        0                           8                           2                          14
2                                                        1                          14                           3                           6
3                                                        1                          14                           7                           6
4                                                        1                          14                           8                           6
5                                                        2                          14                           5                           6
6                                                        2                          14                           9                           6
7                                                        2                          14                          10                           6
8                                                        3                           6                           4                           6
9                                                        3                           6                          11                           1
10                                                       3                           6                          29                          78
11                                                       4                           6                          12                           1
12                                                       4                           6                          13                           1
13                                                       4                           6                          29                          78
14                                                       5                           6                           6                           6
15                                                       5                           6                          14                           1
16                                                       6                           6                          15                           1
17                                                       6                           6                          16                           1
18                                                       7                           6                          17                           1
19                                                       7                           6                          18                           1
20                                                       7                           6                          19                           1
21                                                       8                           6                          20                           1
22                                                       8                           6                          21                           1
23                                                       8                           6                          22                           1
24                                                       9                           6                          23                           1
25                                                       9                           6                          24                           1
26                                                       9                           6                          25                           1
27                                                      10                           6                          26                           1
28                                                      10                           6                          27                           1
29                                                      10                           6                          28                           1
30                                                      29                          78                          41                           6
31                                                      29                          78                          47                           1
32                                                      29                          78                          52                           1
33                                                      29                          78                          53                           1
34                                                      30                           8                          31                           8
35                                                      30                           8                          32                          15
36                                                      31                           8                          33                          15
37                                                      32                          15                          36                           8
38                                                      32                          15                          37                           8
39                                                      32                          15                          38                           6
40                                                      33                          15                          34                           8
41                                                      33                          15                          35                           8
42                                                      33                          15                          39                           6
43                                                      34                           8                          46                           1
44                                                      36                           8                          47                           1
45                                                      38                           6                          43                           6
46                                                      38                           6                          44                           6
47                                                      38                           6                          45                           6
48                                                      39                           6                          40                           6
49                                                      39                           6                          41                           6
50                                                      39                           6                          42                           6
51                                                      40                           6                          48                           1
52                                                      40                           6                          49                           1
53                                                      40                           6                          50                           1
54                                                      41                           6                          51                           1
55                                                      41                           6                          52                           1
56                                                      41                           6                          53                           1
57                                                      42                           6                          54                           1
58                                                      42                           6                          55                           1
59                                                      42                           6                          56                           1
60                                                      43                           6                          57                           1
61                                                      43                           6                          58                           1
62                                                      43                           6                          59                           1
63                                                      44                           6                          60                           1
64                                                      44                           6                          61                           1
65                                                      44                           6                          62                           1
66                                                      45                           6                          63                           1
67                                                      45                           6                          64                           1
68                                                      45                           6                          65                           1
   &BondOrders [&Type "ArrayOfDoubles", &Dim (69,1)] "The bond orders"
                                                         0

0                                      1.0372288090383113e+00
1                                      1.0385023833896505e+00
2                                      8.9087055532783577e-01
3                                      1.0144919773669445e+00
4                                      1.0073558166413847e+00
5                                      9.3533894952414187e-01
6                                      9.9647008640350421e-01
7                                      1.0104819398135092e+00
8                                      1.2371438054803749e+00
9                                      8.8253724511525666e-01
10                                     7.0981270216547876e-01
11                                     9.1557018025863424e-01
12                                     9.1478578060112525e-01
13                                     7.9179722648568174e-01
14                                     1.9800615891847166e+00
15                                     9.1611337235460533e-01
16                                     9.4536411487681837e-01
17                                     9.4415196066019325e-01
18                                     9.5072503625184668e-01
19                                     9.4199428917245298e-01
20                                     9.4338046285302124e-01
21                                     9.5280192365005312e-01
22                                     9.4741362398429185e-01
23                                     9.4512600829201121e-01
24                                     9.5304353774104222e-01
25                                     9.4427689960161465e-01
26                                     9.5184150688294311e-01
27                                     9.4236065612403985e-01
28                                     9.4512569161196658e-01
29                                     9.4297417177341780e-01
30                                     3.2014845890836524e-01
31                                     2.1937386474172149e-01
32                                     2.0667028198594306e-01
33                                     1.9256180317935725e-01
34                                     8.5188099407368389e-01
35                                     8.6334415820644039e-01
36                                     9.1779742817359555e-01
37                                     1.1520553040541799e+00
38                                     1.8523445653007622e+00
39                                     8.9275064930954640e-01
40                                     1.0984478242714064e+00
41                                     1.9696084118452459e+00
42                                     8.8721353208379972e-01
43                                     9.4108919027606275e-01
44                                     7.5579207447521923e-01
45                                     1.0120947976471368e+00
46                                     1.0124544470789745e+00
47                                     1.0142907988206216e+00
48                                     1.0070111672597590e+00
49                                     9.7621278017980362e-01
50                                     1.0092393360228031e+00
51                                     9.5248331348182236e-01
52                                     9.5452033971723960e-01
53                                     9.5612937620641891e-01
54                                     9.2656388464505623e-01
55                                     7.3724455307203884e-01
56                                     7.8091461917704685e-01
57                                     9.4577061863159984e-01
58                                     9.3846921522006466e-01
59                                     9.2714287700982390e-01
60                                     9.5336577328563687e-01
61                                     9.5762275994841217e-01
62                                     9.4903402309237950e-01
63                                     9.5819916802142757e-01
64                                     9.5408289984893879e-01
65                                     9.5390408027603169e-01
66                                     9.5328312695221007e-01
67                                     9.5370549113708958e-01
68                                     9.5129502313796821e-01
   &ATNO [&Type "ArrayOfIntegers", &Dim (66,1)] "Atomic number of the elements"
                                                         0

0                                                        8
1                                                       14
2                                                       14
3                                                        6
4                                                        6
5                                                        6
6                                                        6
7                                                        6
8                                                        6
9                                                        6
10                                                       6
11                                                       1
12                                                       1
13                                                       1
14                                                       1
15                                                       1
16                                                       1
17                                                       1
18                                                       1
19                                                       1
20                                                       1
21                                                       1
22                                                       1
23                                                       1
24                                                       1
25                                                       1
26                                                       1
27                                                       1
28                                                       1
29                                                      78
30                                                       8
31                                                       8
32                                                      15
33                                                      15
34                                                       8
35                                                       8
36                                                       8
37                                                       8
38                                                       6
39                                                       6
40                                                       6
41                                                       6
42                                                       6
43                                                       6
44                                                       6
45                                                       6
46                                                       1
47                                                       1
48                                                       1
49                                                       1
50                                                       1
51                                                       1
52                                                       1
53                                                       1
54                                                       1
55                                                       1
56                                                       1
57                                                       1
58                                                       1
59                                                       1
60                                                       1
61                                                       1
62                                                       1
63                                                       1
64                                                       1
65                                                       1
   &NA [&Type "ArrayOfDoubles", &Dim (66,1)] "Mulliken gross atomic population"
                                                         0

0                                      8.5287754150057431e+00
1                                      1.3332320800825034e+01
2                                      1.3389446608410500e+01
3                                      6.2735996028997532e+00
4                                      6.0267001173824157e+00
5                                      6.2104099183637960e+00
6                                      6.0503896133861845e+00
7                                      6.2727382807956333e+00
8                                      6.2525263450840951e+00
9                                      6.2777852812965831e+00
10                                     6.2900268535492696e+00
11                                     9.1317295904039386e-01
12                                     8.9780303016622764e-01
13                                     9.0378462577541374e-01
14                                     9.7008818113190354e-01
15                                     9.4640155327521425e-01
16                                     9.6531868573720303e-01
17                                     9.2633113827909641e-01
18                                     9.4163761102563670e-01
19                                     9.5046233498166799e-01
20                                     9.3774176939200871e-01
21                                     9.4563973371955767e-01
22                                     9.4679983006796997e-01
23                                     9.3682640097919923e-01
24                                     9.4455454497262548e-01
25                                     9.4748697725249287e-01
26                                     9.0420906320089156e-01
27                                     9.5133796126556636e-01
28                                     9.4954448273606462e-01
29                                     1.8569035316341321e+01
30                                     8.2805223255612699e+00
31                                     8.2870043454395788e+00
32                                     1.4108360515624033e+01
33                                     1.4138033539433154e+01
34                                     8.3229387028135413e+00
35                                     8.4099769538866180e+00
36                                     8.3524456844281936e+00
37                                     8.4061211108109060e+00
38                                     6.4877060686574053e+00
39                                     6.4929543105968470e+00
40                                     5.9615719705092332e+00
41                                     6.0286346987024011e+00
42                                     5.9488788107712924e+00
43                                     5.9604480058499076e+00
44                                     5.9595617025406256e+00
45                                     5.9734263410407973e+00
46                                     7.9827417522635424e-01
47                                     7.4353407155860007e-01
48                                     9.4919230117384690e-01
49                                     9.6366113109609797e-01
50                                     9.5633360618819530e-01
51                                     9.0362390545713533e-01
52                                     8.3569841800110101e-01
53                                     8.7439700852943980e-01
54                                     9.5857735415020540e-01
55                                     9.5840705282554783e-01
56                                     9.3143070681561368e-01
57                                     9.5906672484458499e-01
58                                     9.5550667444276327e-01
59                                     9.7785333224215332e-01
60                                     9.5842741562701861e-01
61                                     9.7283421863004349e-01
62                                     9.5140780539117165e-01
63                                     9.5382077448263769e-01
64                                     9.5345813616714659e-01
65                                     9.7301506414523720e-01
   &ZA [&Type "ArrayOfDoubles", &Dim (66,1)] "Total nuclear charge"
                                                         0

0                                      8.0000000000000000e+00
1                                      1.4000000000000000e+01
2                                      1.4000000000000000e+01
3                                      6.0000000000000000e+00
4                                      6.0000000000000000e+00
5                                      6.0000000000000000e+00
6                                      6.0000000000000000e+00
7                                      6.0000000000000000e+00
8                                      6.0000000000000000e+00
9                                      6.0000000000000000e+00
10                                     6.0000000000000000e+00
11                                     1.0000000000000000e+00
12                                     1.0000000000000000e+00
13                                     1.0000000000000000e+00
14                                     1.0000000000000000e+00
15                                     1.0000000000000000e+00
16                                     1.0000000000000000e+00
17                                     1.0000000000000000e+00
18                                     1.0000000000000000e+00
19                                     1.0000000000000000e+00
20                                     1.0000000000000000e+00
21                                     1.0000000000000000e+00
22                                     1.0000000000000000e+00
23                                     1.0000000000000000e+00
24                                     1.0000000000000000e+00
25                                     1.0000000000000000e+00
26                                     1.0000000000000000e+00
27                                     1.0000000000000000e+00
28                                     1.0000000000000000e+00
29                                     1.8000000000000000e+01
30                                     8.0000000000000000e+00
31                                     8.0000000000000000e+00
32                                     1.5000000000000000e+01
33                                     1.5000000000000000e+01
34                                     8.0000000000000000e+00
35                                     8.0000000000000000e+00
36                                     8.0000000000000000e+00
37                                     8.0000000000000000e+00
38                                     6.0000000000000000e+00
39                                     6.0000000000000000e+00
40                                     6.0000000000000000e+00
41                                     6.0000000000000000e+00
42                                     6.0000000000000000e+00
43                                     6.0000000000000000e+00
44                                     6.0000000000000000e+00
45                                     6.0000000000000000e+00
46                                     1.0000000000000000e+00
47                                     1.0000000000000000e+00
48                                     1.0000000000000000e+00
49                                     1.0000000000000000e+00
50                                     1.0000000000000000e+00
51                                     1.0000000000000000e+00
52                                     1.0000000000000000e+00
53                                     1.0000000000000000e+00
54                                     1.0000000000000000e+00
55                                     1.0000000000000000e+00
56                                     1.0000000000000000e+00
57                                     1.0000000000000000e+00
58                                     1.0000000000000000e+00
59                                     1.0000000000000000e+00
60                                     1.0000000000000000e+00
61                                     1.0000000000000000e+00
62                                     1.0000000000000000e+00
63                                     1.0000000000000000e+00
64                                     1.0000000000000000e+00
65                                     1.0000000000000000e+00
   &QA [&Type "ArrayOfDoubles", &Dim (66,1)] "Mulliken gross atomic charge"
                                                         0

0                                     -5.2877541500574310e-01
1                                      6.6767919917496599e-01
2                                      6.1055339158949984e-01
3                                     -2.7359960289975316e-01
4                                     -2.6700117382415733e-02
5                                     -2.1040991836379597e-01
6                                     -5.0389613386184529e-02
7                                     -2.7273828079563334e-01
8                                     -2.5252634508409511e-01
9                                     -2.7778528129658309e-01
10                                    -2.9002685354926960e-01
11                                     8.6827040959606139e-02
12                                     1.0219696983377236e-01
13                                     9.6215374224586259e-02
14                                     2.9911818868096463e-02
15                                     5.3598446724785753e-02
16                                     3.4681314262796969e-02
17                                     7.3668861720903589e-02
18                                     5.8362388974363300e-02
19                                     4.9537665018332011e-02
20                                     6.2258230607991294e-02
21                                     5.4360266280442326e-02
22                                     5.3200169932030028e-02
23                                     6.3173599020800775e-02
24                                     5.5445455027374524e-02
25                                     5.2513022747507132e-02
26                                     9.5790936799108439e-02
27                                     4.8662038734433644e-02
28                                     5.0455517263935379e-02
29                                    -5.6903531634132065e-01
30                                    -2.8052232556126988e-01
31                                    -2.8700434543957876e-01
32                                     8.9163948437596652e-01
33                                     8.6196646056684578e-01
34                                    -3.2293870281354131e-01
35                                    -4.0997695388661803e-01
36                                    -3.5244568442819357e-01
37                                    -4.0612111081090596e-01
38                                    -4.8770606865740529e-01
39                                    -4.9295431059684702e-01
40                                     3.8428029490766846e-02
41                                    -2.8634698702401096e-02
42                                     5.1121189228707564e-02
43                                     3.9551994150092362e-02
44                                     4.0438297459374439e-02
45                                     2.6573658959202717e-02
46                                     2.0172582477364576e-01
47                                     2.5646592844139993e-01
48                                     5.0807698826153103e-02
49                                     3.6338868903902033e-02
50                                     4.3666393811804705e-02
51                                     9.6376094542864665e-02
52                                     1.6430158199889899e-01
53                                     1.2560299147056020e-01
54                                     4.1422645849794604e-02
55                                     4.1592947174452166e-02
56                                     6.8569293184386315e-02
57                                     4.0933275155415005e-02
58                                     4.4493325557236729e-02
59                                     2.2146667757846683e-02
60                                     4.1572584372981392e-02
61                                     2.7165781369956510e-02
62                                     4.8592194608828354e-02
63                                     4.6179225517362310e-02
64                                     4.6541863832853414e-02
65                                     2.6984935854762804e-02
   &VA [&Type "ArrayOfDoubles", &Dim (66,1)] "Mayer's total valence"
                                                         0

0                                      2.1965672167242136e+00
1                                      4.2497852755029939e+00
2                                      4.2868601324957218e+00
3                                      3.8257850096594939e+00
4                                      3.9622505498076239e+00
5                                      3.8686077347114476e+00
6                                      3.9781217109550346e+00
7                                      3.8957865135193912e+00
8                                      3.8868039762916906e+00
9                                      3.8776077464626790e+00
10                                     3.8689559117058865e+00
11                                     9.5903029067958045e-01
12                                     9.8738016645294446e-01
13                                     9.5122257915526576e-01
14                                     9.7101159855507058e-01
15                                     9.9245134751656505e-01
16                                     9.7014656731527449e-01
17                                     9.9859166714162428e-01
18                                     9.8281647342730216e-01
19                                     9.8737565325093368e-01
20                                     9.8668712709108419e-01
21                                     9.9161718635976359e-01
22                                     9.8422616043853139e-01
23                                     9.8916360502937217e-01
24                                     9.8347239339967796e-01
25                                     9.8797477726915750e-01
26                                     1.0198203166858366e+00
27                                     9.8736747796353908e-01
28                                     9.8287565298148261e-01
29                                     2.9519892658003468e+00
30                                     1.9836002391395935e+00
31                                     2.0250651521298249e+00
32                                     4.9372956803444081e+00
33                                     5.0320780760738106e+00
34                                     2.1906839808341463e+00
35                                     2.1759380927363905e+00
36                                     2.1992949989384751e+00
37                                     2.2007014764342587e+00
38                                     4.1214401098402069e+00
39                                     4.0654359334191721e+00
40                                     3.8816229709805778e+00
41                                     3.8344495821829985e+00
42                                     3.8485956468635778e+00
43                                     3.8856788030931253e+00
44                                     3.8836957094278248e+00
45                                     3.8867232347373175e+00
46                                     1.0139774645282216e+00
47                                     1.0171728636681421e+00
48                                     1.0078025120274949e+00
49                                     9.9602664699392818e-01
50                                     1.0073856500430085e+00
51                                     9.8425453581484124e-01
52                                     1.0184730295762199e+00
53                                     1.0023394996770070e+00
54                                     1.0046775731289297e+00
55                                     9.9701368792288070e-01
56                                     1.0492342651663515e+00
57                                     1.0197628327537880e+00
58                                     1.0077068185495792e+00
59                                     9.9496893391059371e-01
60                                     1.0052016185610058e+00
61                                     9.9539452502670744e-01
62                                     1.0058270979598116e+00
63                                     1.0170118305358244e+00
64                                     1.0129565309882582e+00
65                                     9.9534682426783061e-01
   &BVA [&Type "ArrayOfDoubles", &Dim (66,1)] "Mayer's bonded valence"
                                                         0

0                                      2.1965672167242083e+00
1                                      4.2497852755030125e+00
2                                      4.2868601324957849e+00
3                                      3.8257850096595085e+00
4                                      3.9622505498076146e+00
5                                      3.8686077347114085e+00
6                                      3.9781217109549942e+00
7                                      3.8957865135193650e+00
8                                      3.8868039762917190e+00
9                                      3.8776077464626835e+00
10                                     3.8689559117059242e+00
11                                     9.5903029067958367e-01
12                                     9.8738016645294480e-01
13                                     9.5122257915526154e-01
14                                     9.7101159855506147e-01
15                                     9.9245134751655195e-01
16                                     9.7014656731525883e-01
17                                     9.9859166714161895e-01
18                                     9.8281647342729528e-01
19                                     9.8737565325092835e-01
20                                     9.8668712709109174e-01
21                                     9.9161718635976570e-01
22                                     9.8422616043853828e-01
23                                     9.8916360502937339e-01
24                                     9.8347239339967951e-01
25                                     9.8797477726915994e-01
26                                     1.0198203166858451e+00
27                                     9.8736747796354885e-01
28                                     9.8287565298147894e-01
29                                     2.9519892658004068e+00
30                                     1.9836002391395731e+00
31                                     2.0250651521299012e+00
32                                     4.9372956803444215e+00
33                                     5.0320780760738213e+00
34                                     2.1906839808341410e+00
35                                     2.1759380927363949e+00
36                                     2.1992949989384805e+00
37                                     2.2007014764343245e+00
38                                     4.1214401098402078e+00
39                                     4.0654359334191348e+00
40                                     3.8816229709805388e+00
41                                     3.8344495821829927e+00
42                                     3.8485956468636182e+00
43                                     3.8856788030931324e+00
44                                     3.8836957094278302e+00
45                                     3.8867232347373304e+00
46                                     1.0139774645282207e+00
47                                     1.0171728636681372e+00
48                                     1.0078025120274798e+00
49                                     9.9602664699392029e-01
50                                     1.0073856500430054e+00
51                                     9.8425453581483979e-01
52                                     1.0184730295762248e+00
53                                     1.0023394996769992e+00
54                                     1.0046775731289355e+00
55                                     9.9701368792288281e-01
56                                     1.0492342651663591e+00
57                                     1.0197628327537935e+00
58                                     1.0077068185495766e+00
59                                     9.9496893391059316e-01
60                                     1.0052016185610044e+00
61                                     9.9539452502670844e-01
62                                     1.0058270979598156e+00
63                                     1.0170118305358233e+00
64                                     1.0129565309882611e+00
65                                     9.9534682426782761e-01
   &FA [&Type "ArrayOfDoubles", &Dim (66,1)] "Mayer's free valence"
                                                         0

0                                      0.0000000000000000e+00
1                                      0.0000000000000000e+00
2                                      0.0000000000000000e+00
3                                      0.0000000000000000e+00
4                                      0.0000000000000000e+00
5                                      0.0000000000000000e+00
6                                      0.0000000000000000e+00
7                                      0.0000000000000000e+00
8                                      0.0000000000000000e+00
9                                      0.0000000000000000e+00
10                                     0.0000000000000000e+00
11                                     0.0000000000000000e+00
12                                     0.0000000000000000e+00
13                                     0.0000000000000000e+00
14                                     0.0000000000000000e+00
15                                     0.0000000000000000e+00
16                                     0.0000000000000000e+00
17                                     0.0000000000000000e+00
18                                     0.0000000000000000e+00
19                                     0.0000000000000000e+00
20                                     0.0000000000000000e+00
21                                     0.0000000000000000e+00
22                                     0.0000000000000000e+00
23                                     0.0000000000000000e+00
24                                     0.0000000000000000e+00
25                                     0.0000000000000000e+00
26                                     0.0000000000000000e+00
27                                     0.0000000000000000e+00
28                                     0.0000000000000000e+00
29                                     0.0000000000000000e+00
30                                     0.0000000000000000e+00
31                                     0.0000000000000000e+00
32                                     0.0000000000000000e+00
33                                     0.0000000000000000e+00
34                                     0.0000000000000000e+00
35                                     0.0000000000000000e+00
36                                     0.0000000000000000e+00
37                                     0.0000000000000000e+00
38                                     0.0000000000000000e+00
39                                     0.0000000000000000e+00
40                                     0.0000000000000000e+00
41                                     0.0000000000000000e+00
42                                     0.0000000000000000e+00
43                                     0.0000000000000000e+00
44                                     0.0000000000000000e+00
45                                     0.0000000000000000e+00
46                                     0.0000000000000000e+00
47                                     0.0000000000000000e+00
48                                     0.0000000000000000e+00
49                                     0.0000000000000000e+00
50                                     0.0000000000000000e+00
51                                     0.0000000000000000e+00
52                                     0.0000000000000000e+00
53                                     0.0000000000000000e+00
54                                     0.0000000000000000e+00
55                                     0.0000000000000000e+00
56                                     0.0000000000000000e+00
57                                     0.0000000000000000e+00
58                                     0.0000000000000000e+00
59                                     0.0000000000000000e+00
60                                     0.0000000000000000e+00
61                                     0.0000000000000000e+00
62                                     0.0000000000000000e+00
63                                     0.0000000000000000e+00
64                                     0.0000000000000000e+00
65                                     0.0000000000000000e+00
   &Method [&Type "String"] "SCF"
   &Level [&Type "String"] "Relaxed density"
   &Mult [&Type "Integer"] 1
   &State [&Type "Integer"] -1
   &Irrep [&Type "Integer"] 0
$End
$SCF_Energy
   &GeometryIndex 1
   &Method [&Type "String"] "SCF"
   &totalEnergy [&Type "ArrayOfDoubles", &Dim (1,1)] "Total energy of each state"
                                                         0

0                                     -2.5371437987377067e+03
   &Mult [&Type "ArrayOfIntegers", &Dim (1,1)] "Multiplicity of each state"
                                                         0

0                                                        1
$End
$DFT_Energy
   &GeometryIndex 1
   &nAlphaEl [&Type "Integer"] 133
   &nBetaEl [&Type "Integer"] 133
   &nTotalEl [&Type "Integer"] 266
   &finalEn [&Type "Double"]      -2.5371437987377067e+03  "No Van der Waals correction"
   &eExchange [&Type "Double"]      -2.4965165625468305e+02
   &eCorr [&Type "Double"]      -9.3178718149651196e+00
   &eXC [&Type "Double"]      -2.5896952806964816e+02
   &eCNL [&Type "Double"]       0.0000000000000000e+00
$End
$SCF_Timings
   &GeometryIndex 1
   &TOTAL [&Type "Double"]       2.3545967000000001e+01
   &PREP [&Type "Double"]       1.1581889999999999e+00
   &FOCK [&Type "Double"]       1.5100270999999999e+01
   &DENS [&Type "Double"]       8.5623700000000724e-01
   &ETOT [&Type "Double"]       2.4349999999999827e-01
   &POP [&Type "Double"]       3.6332099999999912e-01
   &TRAFO [&Type "Double"]       5.4274099999999859e-01
   &DIIS [&Type "Double"]       2.1908919999999990e+00
   &SOSCF [&Type "Double"]       3.3238529999999953e+00
   &XC [&Type "Double"]       7.4468489999999923e+00
   &FOCKSTART [&Type "Double"]       1.2313800000000596e-01
   &INT_PREP [&Type "Double"]       4.0000000014472903e-06
   &INT_BF [&Type "Double"]       1.3266220000000155e+00
   &INT_DENS [&Type "Double"]       2.2117610000000578e+00
   &INT_DENSIO [&Type "Double"]       4.7145907450000013e+04
   &INT_FUNC [&Type "Double"]       1.5817000000008719e-01
   &INT_POT [&Type "Double"]       1.1159549999999752e+00
   &INT_POTIO [&Type "Double"]       1.1089199999994515e-01
   &INT_SUM [&Type "Double"]       2.6582000000009653e-02
   &SPLITRIJ [&Type "Double"]       6.3331669999999889e+00
$End
$Single_Point_Data
   &GeometryIndex 1
   &FinalEnergy [&Type "Double"]      -2.5371437987377067e+03  "Final single point energy"
   &Converged [&Type "Boolean"] true
$End
$SCF_Nuc_Gradient
   &GeometryIndex 1
   &NAtoms [&Type "Integer"] 66
   &gradNorm [&Type "Double"]       3.0239836949283471e-04
   &grad [&Type "ArrayOfDoubles", &Dim (198,1)] 
                                                         0

0                                      2.5069245784131722e-05
1                                     -3.1562690072109434e-05
2                                      3.5756112073570545e-05
3                                     -6.2863467485095581e-06
4                                      5.7867982081460934e-06
5                                      1.3540713192719545e-06
6                                     -1.0912381338792215e-05
7                                      3.3467067870315836e-05
8                                     -7.8914431931309537e-06
9                                      7.5589181461499511e-05
10                                    -3.1943105169990327e-05
11                                     1.4834018239928692e-05
12                                    -2.1898303883272074e-05
13                                    -2.6431965132803908e-05
14                                    -5.9996456285182909e-05
15                                    -5.0473716456389539e-06
16                                     4.3594423836113005e-06
17                                     2.0526107834262231e-06
18                                     6.8623342452389657e-06
19                                     2.0182969617255075e-06
20                                    -8.1021067929593071e-06
21                                    -3.9917369065497338e-06
22                                    -1.4093320295623102e-05
23                                    -6.4214531038733758e-06
24                                     5.4010030411250076e-07
25                                     2.0518508404565594e-06
26                                     2.4846799074648707e-05
27                                     1.4585908808470438e-05
28                                     9.3964639239253744e-06
29                                     4.9856126734804107e-06
30                                     1.5345361715213279e-06
31                                    -3.2109719083142640e-06
32                                    -2.2091808077717712e-05
33                                    -1.3118845122075951e-05
34                                     1.8416399851062248e-05
35                                     4.2787861321419429e-06
36                                     1.5134213111167583e-05
37                                     3.9500038806761228e-06
38                                    -2.7444162195300326e-06
39                                     1.1344653861183884e-05
40                                     8.8950937573162303e-06
41                                     1.1290651512840810e-05
42                                     2.9046809802008022e-06
43                                     8.9383286372146653e-06
44                                    -2.0075326026408602e-06
45                                     2.3077832865085746e-06
46                                     1.7751721751280147e-05
47                                     9.9548627389284272e-06
48                                     2.0787045096892776e-06
49                                     1.0323585604267785e-05
50                                    -1.2935395703184138e-06
51                                    -9.3721626284737347e-07
52                                    -4.8345510746394815e-06
53                                     6.5940467593728069e-06
54                                    -2.9239347925924530e-06
55                                     2.5062773741646449e-06
56                                     3.9539547154188170e-06
57                                    -2.3498165613311528e-07
58                                    -5.7846985887510805e-07
59                                     8.9784012655691470e-06
60                                    -1.3092450133200817e-06
61                                     6.4338699283933432e-06
62                                     1.0305976914870563e-05
63                                     2.5243350522952124e-06
64                                     5.7519102841796510e-06
65                                     5.8658334852468297e-06
66                                     7.5017306908481407e-06
67                                     3.1729792044077332e-06
68                                     6.1915795831896103e-06
69                                     3.0782195371836796e-06
70                                     5.6830755111869635e-06
71                                    -4.7612096079618915e-07
72                                    -9.8344732987580563e-07
73                                     6.7375264295455040e-06
74                                    -1.0471755654134496e-06
75                                     2.9749377186416570e-06
76                                     1.3633723115920315e-06
77                                    -2.1719699226652178e-06
78                                    -9.4030401007194619e-07
79                                     5.6243347840712055e-06
80                                    -2.0339349082743041e-07
81                                    -2.7687790435382276e-06
82                                     3.0884386214950765e-07
83                                    -1.8249042113838154e-06
84                                    -1.1717272281330793e-06
85                                     1.2614398505195190e-06
86                                    -1.5555089225294250e-06
87                                    -6.9216826267114173e-05
88                                     1.4262764030855557e-04
89                                     9.9271320485122549e-05
90                                    -1.6679878952069460e-06
91                                    -3.8524645998294638e-07
92                                    -3.2429713484022349e-05
93                                     5.3668899639910950e-06
94                                    -1.5792414912479957e-05
95                                     2.3445009973421804e-06
96                                    -1.2856974305114344e-05
97                                     9.5778512777811020e-06
98                                    -7.2007031091253504e-07
99                                    -1.5745573453407324e-06
100                                   -7.5320138817822069e-06
101                                    1.9768660450419917e-05
102                                   -5.4208974133440613e-06
103                                   -3.2595449252492692e-06
104                                   -1.2427366407552487e-05
105                                   -4.5511118795804606e-06
106                                   -4.4503490780334332e-06
107                                   -3.8073146281236703e-06
108                                   -5.6366480693292864e-05
109                                   -8.5464172383586945e-05
110                                   -2.9409795121497495e-05
111                                   -2.4859536487962033e-06
112                                    5.4897283335852975e-06
113                                    1.2769990060668146e-05
114                                    2.5580548810300030e-05
115                                    8.0245867529853132e-06
116                                    1.1701480445922008e-06
117                                   -2.4611708709619540e-05
118                                   -1.3205678729357948e-05
119                                    2.4912067258291148e-05
120                                   -7.0062940618429576e-06
121                                   -1.0266220595429171e-05
122                                   -3.3721926455468343e-06
123                                    2.7453859483456827e-05
124                                   -3.7111393628719291e-05
125                                   -3.4263357504622782e-05
126                                    1.5394077791004712e-06
127                                   -1.7594653183190812e-06
128                                   -1.1911078438679029e-05
129                                   -4.7933734633239661e-06
130                                   -5.9091491254083250e-06
131                                    1.2356365325771196e-06
132                                    5.0292795882277141e-06
133                                    1.0512130050686214e-06
134                                   -1.5473966724347497e-05
135                                   -6.5665022389721495e-07
136                                    1.8717267877242649e-06
137                                   -1.2154278666506868e-06
138                                   -5.6501511198625565e-06
139                                   -1.4565594234947077e-05
140                                   -3.7110968860304405e-06
141                                    5.7333440807910696e-05
142                                    6.4150680495089762e-05
143                                   -1.2719266846844546e-06
144                                   -6.4853586828061971e-06
145                                   -1.3393922622839671e-05
146                                   -6.5557132436500076e-07
147                                   -7.8175235947997024e-06
148                                   -8.5614151736357336e-06
149                                   -2.0761225250146009e-06
150                                   -8.2922771927826378e-06
151                                   -1.4490516674375842e-05
152                                   -1.3793207085804893e-06
153                                   -3.0955358399226141e-06
154                                   -3.6081980505919820e-06
155                                   -6.1459746196479426e-06
156                                   -1.6105288855289279e-05
157                                   -2.6798706476509858e-05
158                                    6.2839070176456957e-05
159                                   -1.6669102315958195e-06
160                                   -2.6124407434328228e-05
161                                   -6.3316221011466833e-06
162                                   -5.9028397754040673e-06
163                                   -1.0165537741219088e-05
164                                   -6.2321846390905877e-06
165                                   -2.4467144495443627e-06
166                                   -9.8143127316707712e-06
167                                   -2.9617530434150607e-06
168                                    1.7753304026174588e-07
169                                   -4.7692202416564633e-06
170                                    1.0631345923328706e-06
171                                    5.8139490870662280e-06
172                                   -3.0171912256279042e-06
173                                   -3.3220888387530678e-05
174                                    3.3962784080077135e-06
175                                    2.3722288811645065e-06
176                                   -2.3374924126851049e-06
177                                   -2.0205967409814285e-06
178                                    1.8132391240710533e-06
179                                   -1.0778700164859600e-05
180                                   -2.8885216343116360e-06
181                                    2.5259578146290089e-06
182                                   -1.0956784540827602e-05
183                                    3.9327116641008075e-07
184                                    9.4924912502625247e-07
185                                   -4.9552215200254768e-06
186                                    4.6806824285441917e-06
187                                    4.8384433328496623e-06
188                                   -2.3273862492234620e-06
189                                    7.4190138576180065e-06
190                                    5.1593709447794733e-06
191                                   -4.6389742713037752e-06
192                                    1.9570716669747856e-06
193                                    8.3841635133141690e-06
194                                   -3.5462019739307404e-06
195                                    5.9333176957165890e-06
196                                    1.0065011157800452e-05
197                                   -1.0232485784897327e-05
   &Method [&Type "String"] "SCF"
   &Level [&Type "String"] "Relaxed density"
   &Mult [&Type "Integer"] 1
   &State [&Type "Integer"] 0
   &Irrep [&Type "Integer"] 0
$End
$Geometry
   &GeometryIndex 2
   &NAtoms [&Type "Integer"] 66
   &NCorelessECP [&Type "Integer"] 0
   &NGhostAtoms [&Type "Integer"] 0
   &CartesianCoordinates [&Type "Coordinates", &Dim(66,4), &Units "Bohr"] 
              O     -4.564754456816    0.439303836498   -0.076176210316
              Si    -2.928171138830    2.605546999963    1.571091438287
              Si    -4.638122709726   -2.568026775832   -1.119091125221
              C     -5.085695657787    5.419482143219    2.028120052219
              C     -7.385599644142    5.810331488011    0.652977171274
              C     -6.417357416764   -2.546853217176   -4.196968884961
              C     -7.346580875205   -0.445778356818   -5.301217687533
              C     -1.871126537091    1.275569964698    4.710243957464
              C     -0.088327650586    3.655857236238   -0.328547677064
              C     -1.312426313536   -3.768830580372   -1.656849331544
              C     -6.319144224807   -4.611384093596    1.269750853047
              H     -4.146531045286    7.141875562736    2.775089320423
              H     -8.066651125137    4.384421547734   -0.710930885921
              H     -8.117753520482    7.736760163320    0.312559877903
              H     -6.717584719683   -4.377130886940   -5.169715043459
              H     -7.106297925919    1.430089500942   -4.420506712842
              H     -8.378815453324   -0.493595053506   -7.114541592262
              H     -3.504080603751    0.499931141140    5.770275519950
              H     -0.986485240918    2.765912583581    5.891847985012
              H     -0.461468987551   -0.255891418077    4.453643080903
              H     -0.675606138698    4.376755577776   -2.206792324038
              H      1.247290076823    2.067934875275   -0.632020798607
              H      0.953443862554    5.188688111506    0.653766323060
              H     -0.274276247275   -2.541923563061   -3.001991276614
              H     -1.343949887083   -5.707896626105   -2.456697882713
              H     -0.227483295233   -3.844096878274    0.137054510954
              H     -8.217871165404   -3.816193476325    1.662816213639
              H     -5.253672349430   -4.700450821949    3.073742306546
              H     -6.551383637964   -6.571780844318    0.561391175117
              Pt    -8.214638483674    4.723924932443    4.345186856330
              O    -15.136079055181    2.273112966457    3.984756968672
              O    -15.311767867396    0.047676072418    5.747372202795
              P    -13.814800795855    1.472306355361    1.169018757163
              P    -14.917131859353    1.125847696154    8.723537698672
              O    -15.463363950845   -1.615314404957   10.072301057574
              O    -16.557186930020    3.295534393154    9.496286809478
              O    -11.125607002364    0.140149511626    1.835878442642
              O    -13.761845649479    3.948468457468   -0.223552725445
              C    -15.705541386782   -1.084826303686   -0.294006892089
              C    -11.467914140018    1.532683747846    9.251342439323
              C    -11.099119301154    1.822933727509   12.132726148715
              C    -10.674285968422    4.033908253180    7.947941484178
              C    -10.002037898380   -0.762866329718    8.242018479488
              C    -15.262578914012   -3.669317908446    0.967141483246
              C    -18.499798673891   -0.280166347930   -0.088429891374
              C    -14.866875741553   -1.153571881388   -3.090731149032
              H    -17.258370374186   -1.717505636087   10.509099147131
              H     -9.886382995761    1.475564339985    2.492242904150
              H    -12.248707824210    3.398817496161   12.894086687463
              H     -9.079577049574    2.213456776127   12.546378948892
              H    -11.641910847314    0.069073125086   13.136834589985
              H    -11.464456098151    5.709139608594    8.919487678412
              H    -11.498409740295    4.147058366023    5.946422491605
              H     -8.526960392352    4.216740236779    8.108534697803
              H    -10.625243648455   -2.516672103929    9.198845330135
              H     -7.953946206059   -0.505995977261    8.619962865966
              H    -10.261841408365   -1.009938041539    6.183388624081
              H    -15.797723891982   -3.652984273318    2.988255262111
              H    -13.261232275983   -4.262303823561    0.821813216932
              H    -16.437017916430   -5.107229058892   -0.012034492544
              H    -19.147605932812   -0.254277689373    1.901359139394
              H    -19.689569073382   -1.641446848946   -1.152015917372
              H    -18.806563834771    1.626270735867   -0.900089982373
              H    -12.847965292078   -1.683001370119   -3.281398202996
              H    -15.138385802276    0.707399627930   -4.009252702094
              H    -16.014213594377   -2.580012543004   -4.115879714812
$End
$SCF_Mulliken_Population_Analysis
   &GeometryIndex 2
   &NAtoms [&Type "Integer"] 66
   &ATNO [&Type "ArrayOfIntegers", &Dim (66,1)] 
                                                         0

0                                                        8
1                                                       14
2                                                       14
3                                                        6
4                                                        6
5                                                        6
6                                                        6
7                                                        6
8                                                        6
9                                                        6
10                                                       6
11                                                       1
12                                                       1
13                                                       1
14                                                       1
15                                                       1
16                                                       1
17                                                       1
18                                                       1
19                                                       1
20                                                       1
21                                                       1
22                                                       1
23                                                       1
24                                                       1
25                                                       1
26                                                       1
27                                                       1
28                                                       1
29                                                      78
30                                                       8
31                                                       8
32                                                      15
33                                                      15
34                                                       8
35                                                       8
36                                                       8
37                                                       8
38                                                       6
39                                                       6
40                                                       6
41                                                       6
42                                                       6
43                                                       6
44                                                       6
45                                                       6
46                                                       1
47                                                       1
48                                                       1
49                                                       1
50                                                       1
51                                                       1
52                                                       1
53                                                       1
54                                                       1
55                                                       1
56                                                       1
57                                                       1
58                                                       1
59                                                       1
60                                                       1
61                                                       1
62                                                       1
63                                                       1
64                                                       1
65                                                       1
   &AtomicCharges [&Type "ArrayOfDoubles", &Dim (66,1)] 
                                                         0

0                                     -5.2872681560532619e-01
1                                      6.6791536893401648e-01
2                                      6.1062235339310966e-01
3                                     -2.7373149196963098e-01
4                                     -2.6590995149009089e-02
5                                     -2.1040101910776254e-01
6                                     -5.0424641661670933e-02
7                                     -2.7279754222221264e-01
8                                     -2.5257269938756011e-01
9                                     -2.7784981911070528e-01
10                                    -2.9006248228091280e-01
11                                     8.6846828785321240e-02
12                                     1.0207776834453519e-01
13                                     9.6268707240504847e-02
14                                     2.9932781103417905e-02
15                                     5.3468263834049345e-02
16                                     3.4626735955068488e-02
17                                     7.3691077764910573e-02
18                                     5.8370982065413468e-02
19                                     4.9547684602192055e-02
20                                     6.2257937738298352e-02
21                                     5.4367986969492965e-02
22                                     5.3188959501994759e-02
23                                     6.3157268828254898e-02
24                                     5.5446820013040132e-02
25                                     5.2506543519178384e-02
26                                     9.5774301009864837e-02
27                                     4.8699645421534932e-02
28                                     5.0451884611443010e-02
29                                    -5.6883677771286045e-01
30                                    -2.8049822254699563e-01
31                                    -2.8697589624824538e-01
32                                     8.9152017223375779e-01
33                                     8.6195966262852686e-01
34                                    -3.2293461127136425e-01
35                                    -4.0995423445873946e-01
36                                    -3.5237186045751656e-01
37                                    -4.0610480523772097e-01
38                                    -4.8781508043102662e-01
39                                    -4.9300499283784216e-01
40                                     3.8398277695265826e-02
41                                    -2.8604799261333191e-02
42                                     5.1210510866050996e-02
43                                     3.9555799963485683e-02
44                                     4.0408766333595914e-02
45                                     2.6775984838767641e-02
46                                     2.0172870443089219e-01
47                                     2.5617559298642778e-01
48                                     5.0823868304445630e-02
49                                     3.6354047368269859e-02
50                                     4.3668008045202100e-02
51                                     9.6411623415929903e-02
52                                     1.6415729040129823e-01
53                                     1.2563017170221169e-01
54                                     4.1433814339928543e-02
55                                     4.1632921685634816e-02
56                                     6.8464462653586855e-02
57                                     4.0961988313266362e-02
58                                     4.4527901257358282e-02
59                                     2.2158070334540314e-02
60                                     4.1594635992123985e-02
61                                     2.7182780150250441e-02
62                                     4.8611582658684149e-02
63                                     4.5985848021601994e-02
64                                     4.6629921742839864e-02
65                                     2.7076478958724781e-02
   &Method [&Type "String"] "SCF"
   &Level [&Type "String"] "Relaxed density"
   &Mult [&Type "Integer"] 1
   &State [&Type "Integer"] -1
   &Irrep [&Type "Integer"] 0
$End
$SCF_Loewdin_Population_Analysis
   &GeometryIndex 2
   &NAtoms [&Type "Integer"] 66
   &ATNO [&Type "ArrayOfIntegers", &Dim (66,1)] 
                                                         0

0                                                        8
1                                                       14
2                                                       14
3                                                        6
4                                                        6
5                                                        6
6                                                        6
7                                                        6
8                                                        6
9                                                        6
10                                                       6
11                                                       1
12                                                       1
13                                                       1
14                                                       1
15                                                       1
16                                                       1
17                                                       1
18                                                       1
19                                                       1
20                                                       1
21                                                       1
22                                                       1
23                                                       1
24                                                       1
25                                                       1
26                                                       1
27                                                       1
28                                                       1
29                                                      78
30                                                       8
31                                                       8
32                                                      15
33                                                      15
34                                                       8
35                                                       8
36                                                       8
37                                                       8
38                                                       6
39                                                       6
40                                                       6
41                                                       6
42                                                       6
43                                                       6
44                                                       6
45                                                       6
46                                                       1
47                                                       1
48                                                       1
49                                                       1
50                                                       1
51                                                       1
52                                                       1
53                                                       1
54                                                       1
55                                                       1
56                                                       1
57                                                       1
58                                                       1
59                                                       1
60                                                       1
61                                                       1
62                                                       1
63                                                       1
64                                                       1
65                                                       1
   &AtomicCharges [&Type "ArrayOfDoubles", &Dim (66,1)] 
                                                         0

0                                     -3.1070402468066760e-01
1                                      6.4184531864562722e-01
2                                      6.2170347387210434e-01
3                                     -1.7580022033041143e-01
4                                      5.7987712995455354e-03
5                                     -2.0627630787990814e-01
6                                     -3.9860181188672961e-02
7                                     -2.5827766213608339e-01
8                                     -2.6329392073681390e-01
9                                     -2.6874449203861595e-01
10                                    -2.6743066221652434e-01
11                                     6.1730781318641070e-02
12                                     5.3198911289160211e-02
13                                     6.0216743377885407e-02
14                                     3.0665782269973074e-02
15                                     2.5482454514626496e-02
16                                     2.4337972280844666e-02
17                                     4.5902056944380543e-02
18                                     4.4016476555587047e-02
19                                     3.7542134491107548e-02
20                                     4.3169124067325759e-02
21                                     3.8957218985623654e-02
22                                     4.0538417284103234e-02
23                                     4.1077317801796687e-02
24                                     4.2093482576431862e-02
25                                     3.6535392753843987e-02
26                                     4.2826806544890905e-02
27                                     3.7618270610368043e-02
28                                     3.9609713590402551e-02
29                                    -5.0123733485411748e-01
30                                    -2.0482639468079178e-01
31                                    -2.1984576497029096e-01
32                                     8.8269289125936368e-01
33                                     8.5603721636867469e-01
34                                    -2.0310188675587248e-01
35                                    -4.3387176950292528e-01
36                                    -2.0147786323242833e-01
37                                    -4.2012574403945813e-01
38                                    -1.8946743320397363e-01
39                                    -1.8136003017893998e-01
40                                    -6.1465725930487380e-02
41                                     4.5053194731332624e-03
42                                    -6.1377051251406911e-02
43                                    -6.6239679295909681e-02
44                                    -6.4210644998727417e-02
45                                    -6.5443499209298928e-02
46                                     9.7480239507997668e-02
47                                     7.8601341701823535e-02
48                                     3.5370648124127380e-02
49                                     3.4734371366878292e-02
50                                     3.4227458816509571e-02
51                                     6.6085368604451133e-02
52                                     7.8759304076022607e-02
53                                     8.7112602550313722e-02
54                                     3.5737936241110657e-02
55                                     3.7234671186284096e-02
56                                     3.6563629257120644e-02
57                                     2.7560360146113960e-02
58                                     3.1343778726185434e-02
59                                     2.9826536670753634e-02
60                                     3.1799786131957775e-02
61                                     3.1203559509296208e-02
62                                     3.5409627327680604e-02
63                                     3.2539992348021518e-02
64                                     3.3936591272517247e-02
65                                     3.0808441571593015e-02
   &Method [&Type "String"] "SCF"
   &Level [&Type "String"] "Relaxed density"
   &Mult [&Type "Integer"] 1
   &State [&Type "Integer"] -1
   &Irrep [&Type "Integer"] 0
$End
$SCF_Mayer_Population_Analysis
   &GeometryIndex 2
   &NAtoms [&Type "Integer"] 66 "Total number of atoms"
   &NBondOrdersPrint [&Type "Integer"] 69 "The number of bond orders larger than threshold"
   &bondThresh [&Type "Double"]       1.0000000000000001e-01  "The threshold for printing"
   &components [&Type "ArrayOfIntegers", &Dim (69,4)] "The indices and atomic numbers of the bonding atoms"
                                                         0                           1                           2                           3

0                                                        0                           8                           1                          14
1                                                        0                           8                           2                          14
2                                                        1                          14                           3                           6
3                                                        1                          14                           7                           6
4                                                        1                          14                           8                           6
5                                                        2                          14                           5                           6
6                                                        2                          14                           9                           6
7                                                        2                          14                          10                           6
8                                                        3                           6                           4                           6
9                                                        3                           6                          11                           1
10                                                       3                           6                          29                          78
11                                                       4                           6                          12                           1
12                                                       4                           6                          13                           1
13                                                       4                           6                          29                          78
14                                                       5                           6                           6                           6
15                                                       5                           6                          14                           1
16                                                       6                           6                          15                           1
17                                                       6                           6                          16                           1
18                                                       7                           6                          17                           1
19                                                       7                           6                          18                           1
20                                                       7                           6                          19                           1
21                                                       8                           6                          20                           1
22                                                       8                           6                          21                           1
23                                                       8                           6                          22                           1
24                                                       9                           6                          23                           1
25                                                       9                           6                          24                           1
26                                                       9                           6                          25                           1
27                                                      10                           6                          26                           1
28                                                      10                           6                          27                           1
29                                                      10                           6                          28                           1
30                                                      29                          78                          41                           6
31                                                      29                          78                          47                           1
32                                                      29                          78                          52                           1
33                                                      29                          78                          53                           1
34                                                      30                           8                          31                           8
35                                                      30                           8                          32                          15
36                                                      31                           8                          33                          15
37                                                      32                          15                          36                           8
38                                                      32                          15                          37                           8
39                                                      32                          15                          38                           6
40                                                      33                          15                          34                           8
41                                                      33                          15                          35                           8
42                                                      33                          15                          39                           6
43                                                      34                           8                          46                           1
44                                                      36                           8                          47                           1
45                                                      38                           6                          43                           6
46                                                      38                           6                          44                           6
47                                                      38                           6                          45                           6
48                                                      39                           6                          40                           6
49                                                      39                           6                          41                           6
50                                                      39                           6                          42                           6
51                                                      40                           6                          48                           1
52                                                      40                           6                          49                           1
53                                                      40                           6                          50                           1
54                                                      41                           6                          51                           1
55                                                      41                           6                          52                           1
56                                                      41                           6                          53                           1
57                                                      42                           6                          54                           1
58                                                      42                           6                          55                           1
59                                                      42                           6                          56                           1
60                                                      43                           6                          57                           1
61                                                      43                           6                          58                           1
62                                                      43                           6                          59                           1
63                                                      44                           6                          60                           1
64                                                      44                           6                          61                           1
65                                                      44                           6                          62                           1
66                                                      45                           6                          63                           1
67                                                      45                           6                          64                           1
68                                                      45                           6                          65                           1
   &BondOrders [&Type "ArrayOfDoubles", &Dim (69,1)] "The bond orders"
                                                         0

0                                      1.0371337544123804e+00
1                                      1.0386756216298663e+00
2                                      8.9084527768620403e-01
3                                      1.0144920970672644e+00
4                                      1.0073155056589209e+00
5                                      9.3538049090128517e-01
6                                      9.9643641927644921e-01
7                                      1.0103966551017478e+00
8                                      1.2372808828332145e+00
9                                      8.8249874038671206e-01
10                                     7.0973786700846997e-01
11                                     9.1563719395998266e-01
12                                     9.1476233252596617e-01
13                                     7.9204053576302347e-01
14                                     1.9803835549585072e+00
15                                     9.1611030159848439e-01
16                                     9.4541547296900608e-01
17                                     9.4422846441210861e-01
18                                     9.5073757299212014e-01
19                                     9.4197950366222505e-01
20                                     9.4334653024657622e-01
21                                     9.5282090737040703e-01
22                                     9.4742821503155805e-01
23                                     9.4511923793615271e-01
24                                     9.5304404929955588e-01
25                                     9.4427343128279895e-01
26                                     9.5183948422767006e-01
27                                     9.4231463268565097e-01
28                                     9.4516918016823881e-01
29                                     9.4297804123530349e-01
30                                     3.2012683383721141e-01
31                                     2.1976424046812779e-01
32                                     2.0658424403117401e-01
33                                     1.9248048707971976e-01
34                                     8.5189201914297197e-01
35                                     8.6330647533945959e-01
36                                     9.1779962366284296e-01
37                                     1.1521269492953727e+00
38                                     1.8526094671241604e+00
39                                     8.9275129271657006e-01
40                                     1.0984531165796552e+00
41                                     1.9696161841412341e+00
42                                     8.8717025806917771e-01
43                                     9.4108931401128937e-01
44                                     7.5578468973376267e-01
45                                     1.0120903699540469e+00
46                                     1.0124480264830249e+00
47                                     1.0142774860330224e+00
48                                     1.0069956650349932e+00
49                                     9.7625860481789706e-01
50                                     1.0092381259404453e+00
51                                     9.5248667165196443e-01
52                                     9.5450861135348741e-01
53                                     9.5612805433917880e-01
54                                     9.2653918406842284e-01
55                                     7.3717891764291665e-01
56                                     7.8094649083476364e-01
57                                     9.4576556770767795e-01
58                                     9.3845579568182314e-01
59                                     9.2718799721186662e-01
60                                     9.5334839307264485e-01
61                                     9.5762956103622876e-01
62                                     9.4903026774405352e-01
63                                     9.5819575693992287e-01
64                                     9.5408552663861845e-01
65                                     9.5390853681792320e-01
66                                     9.5346041285650185e-01
67                                     9.5371023010410505e-01
68                                     9.5139417465093834e-01
   &ATNO [&Type "ArrayOfIntegers", &Dim (66,1)] "Atomic number of the elements"
                                                         0

0                                                        8
1                                                       14
2                                                       14
3                                                        6
4                                                        6
5                                                        6
6                                                        6
7                                                        6
8                                                        6
9                                                        6
10                                                       6
11                                                       1
12                                                       1
13                                                       1
14                                                       1
15                                                       1
16                                                       1
17                                                       1
18                                                       1
19                                                       1
20                                                       1
21                                                       1
22                                                       1
23                                                       1
24                                                       1
25                                                       1
26                                                       1
27                                                       1
28                                                       1
29                                                      78
30                                                       8
31                                                       8
32                                                      15
33                                                      15
34                                                       8
35                                                       8
36                                                       8
37                                                       8
38                                                       6
39                                                       6
40                                                       6
41                                                       6
42                                                       6
43                                                       6
44                                                       6
45                                                       6
46                                                       1
47                                                       1
48                                                       1
49                                                       1
50                                                       1
51                                                       1
52                                                       1
53                                                       1
54                                                       1
55                                                       1
56                                                       1
57                                                       1
58                                                       1
59                                                       1
60                                                       1
61                                                       1
62                                                       1
63                                                       1
64                                                       1
65                                                       1
   &NA [&Type "ArrayOfDoubles", &Dim (66,1)] "Mulliken gross atomic population"
                                                         0

0                                      8.5287268156053315e+00
1                                      1.3332084631065985e+01
2                                      1.3389377646606894e+01
3                                      6.2737314919696328e+00
4                                      6.0265909951490064e+00
5                                      6.2104010191077634e+00
6                                      6.0504246416616771e+00
7                                      6.2727975422222162e+00
8                                      6.2525726993875574e+00
9                                      6.2778498191107053e+00
10                                     6.2900624822809119e+00
11                                     9.1315317121467865e-01
12                                     8.9792223165546525e-01
13                                     9.0373129275949549e-01
14                                     9.7006721889658210e-01
15                                     9.4653173616595088e-01
16                                     9.6537326404493151e-01
17                                     9.2630892223509020e-01
18                                     9.4162901793458564e-01
19                                     9.5045231539780739e-01
20                                     9.3774206226170154e-01
21                                     9.4563201303050737e-01
22                                     9.4681104049800557e-01
23                                     9.3684273117174532e-01
24                                     9.4455317998695920e-01
25                                     9.4749345648082195e-01
26                                     9.0422569899013494e-01
27                                     9.5130035457846440e-01
28                                     9.4954811538855710e-01
29                                     1.8568836777712853e+01
30                                     8.2804982225469868e+00
31                                     8.2869758962482400e+00
32                                     1.4108479827766242e+01
33                                     1.4138040337371478e+01
34                                     8.3229346112713660e+00
35                                     8.4099542344587377e+00
36                                     8.3523718604575219e+00
37                                     8.4061048052377210e+00
38                                     6.4878150804310240e+00
39                                     6.4930049928378430e+00
40                                     5.9616017223047333e+00
41                                     6.0286047992613332e+00
42                                     5.9487894891339499e+00
43                                     5.9604442000365179e+00
44                                     5.9595912336664050e+00
45                                     5.9732240151612288e+00
46                                     7.9827129556910814e-01
47                                     7.4382440701357211e-01
48                                     9.4917613169555382e-01
49                                     9.6364595263173014e-01
50                                     9.5633199195479746e-01
51                                     9.0358837658406999e-01
52                                     8.3584270959870166e-01
53                                     8.7436982829778875e-01
54                                     9.5856618566007101e-01
55                                     9.5836707831436541e-01
56                                     9.3153553734641348e-01
57                                     9.5903801168673342e-01
58                                     9.5547209874264172e-01
59                                     9.7784192966545946e-01
60                                     9.5840536400787635e-01
61                                     9.7281721984974967e-01
62                                     9.5138841734131596e-01
63                                     9.5401415197839812e-01
64                                     9.5337007825715991e-01
65                                     9.7292352104127477e-01
   &ZA [&Type "ArrayOfDoubles", &Dim (66,1)] "Total nuclear charge"
                                                         0

0                                      8.0000000000000000e+00
1                                      1.4000000000000000e+01
2                                      1.4000000000000000e+01
3                                      6.0000000000000000e+00
4                                      6.0000000000000000e+00
5                                      6.0000000000000000e+00
6                                      6.0000000000000000e+00
7                                      6.0000000000000000e+00
8                                      6.0000000000000000e+00
9                                      6.0000000000000000e+00
10                                     6.0000000000000000e+00
11                                     1.0000000000000000e+00
12                                     1.0000000000000000e+00
13                                     1.0000000000000000e+00
14                                     1.0000000000000000e+00
15                                     1.0000000000000000e+00
16                                     1.0000000000000000e+00
17                                     1.0000000000000000e+00
18                                     1.0000000000000000e+00
19                                     1.0000000000000000e+00
20                                     1.0000000000000000e+00
21                                     1.0000000000000000e+00
22                                     1.0000000000000000e+00
23                                     1.0000000000000000e+00
24                                     1.0000000000000000e+00
25                                     1.0000000000000000e+00
26                                     1.0000000000000000e+00
27                                     1.0000000000000000e+00
28                                     1.0000000000000000e+00
29                                     1.8000000000000000e+01
30                                     8.0000000000000000e+00
31                                     8.0000000000000000e+00
32                                     1.5000000000000000e+01
33                                     1.5000000000000000e+01
34                                     8.0000000000000000e+00
35                                     8.0000000000000000e+00
36                                     8.0000000000000000e+00
37                                     8.0000000000000000e+00
38                                     6.0000000000000000e+00
39                                     6.0000000000000000e+00
40                                     6.0000000000000000e+00
41                                     6.0000000000000000e+00
42                                     6.0000000000000000e+00
43                                     6.0000000000000000e+00
44                                     6.0000000000000000e+00
45                                     6.0000000000000000e+00
46                                     1.0000000000000000e+00
47                                     1.0000000000000000e+00
48                                     1.0000000000000000e+00
49                                     1.0000000000000000e+00
50                                     1.0000000000000000e+00
51                                     1.0000000000000000e+00
52                                     1.0000000000000000e+00
53                                     1.0000000000000000e+00
54                                     1.0000000000000000e+00
55                                     1.0000000000000000e+00
56                                     1.0000000000000000e+00
57                                     1.0000000000000000e+00
58                                     1.0000000000000000e+00
59                                     1.0000000000000000e+00
60                                     1.0000000000000000e+00
61                                     1.0000000000000000e+00
62                                     1.0000000000000000e+00
63                                     1.0000000000000000e+00
64                                     1.0000000000000000e+00
65                                     1.0000000000000000e+00
   &QA [&Type "ArrayOfDoubles", &Dim (66,1)] "Mulliken gross atomic charge"
                                                         0

0                                     -5.2872681560533152e-01
1                                      6.6791536893401471e-01
2                                      6.1062235339310611e-01
3                                     -2.7373149196963276e-01
4                                     -2.6590995149006424e-02
5                                     -2.1040101910776343e-01
6                                     -5.0424641661677150e-02
7                                     -2.7279754222221619e-01
8                                     -2.5257269938755744e-01
9                                     -2.7784981911070528e-01
10                                    -2.9006248228091192e-01
11                                     8.6846828785321351e-02
12                                     1.0207776834453475e-01
13                                     9.6268707240504514e-02
14                                     2.9932781103417905e-02
15                                     5.3468263834049123e-02
16                                     3.4626735955068488e-02
17                                     7.3691077764909796e-02
18                                     5.8370982065414356e-02
19                                     4.9547684602192610e-02
20                                     6.2257937738298463e-02
21                                     5.4367986969492632e-02
22                                     5.3188959501994426e-02
23                                     6.3157268828254676e-02
24                                     5.5446820013040798e-02
25                                     5.2506543519178051e-02
26                                     9.5774301009865059e-02
27                                     4.8699645421535598e-02
28                                     5.0451884611442899e-02
29                                    -5.6883677771285335e-01
30                                    -2.8049822254698675e-01
31                                    -2.8697589624824005e-01
32                                     8.9152017223375779e-01
33                                     8.6195966262852153e-01
34                                    -3.2293461127136602e-01
35                                    -4.0995423445873769e-01
36                                    -3.5237186045752189e-01
37                                    -4.0610480523772097e-01
38                                    -4.8781508043102395e-01
39                                    -4.9300499283784305e-01
40                                     3.8398277695266714e-02
41                                    -2.8604799261333191e-02
42                                     5.1210510866050107e-02
43                                     3.9555799963482130e-02
44                                     4.0408766333595025e-02
45                                     2.6775984838771194e-02
46                                     2.0172870443089186e-01
47                                     2.5617559298642789e-01
48                                     5.0823868304446185e-02
49                                     3.6354047368269859e-02
50                                     4.3668008045202544e-02
51                                     9.6411623415930015e-02
52                                     1.6415729040129834e-01
53                                     1.2563017170221125e-01
54                                     4.1433814339928987e-02
55                                     4.1632921685634594e-02
56                                     6.8464462653586522e-02
57                                     4.0961988313266584e-02
58                                     4.4527901257358282e-02
59                                     2.2158070334540536e-02
60                                     4.1594635992123652e-02
61                                     2.7182780150250330e-02
62                                     4.8611582658684038e-02
63                                     4.5985848021601883e-02
64                                     4.6629921742840086e-02
65                                     2.7076478958725225e-02
   &VA [&Type "ArrayOfDoubles", &Dim (66,1)] "Mayer's total valence"
                                                         0

0                                      2.1966234005727987e+00
1                                      4.2494520358927943e+00
2                                      4.2865493321062855e+00
3                                      3.8259333146011363e+00
4                                      3.9625052107989234e+00
5                                      3.8687068778480596e+00
6                                      3.9780287035167623e+00
7                                      3.8958069365886954e+00
8                                      3.8868149050891141e+00
9                                      3.8775403567610875e+00
10                                     3.8688420420051455e+00
11                                     9.5903989039403081e-01
12                                     9.8714701273562233e-01
13                                     9.5120171045442869e-01
14                                     9.7100131587729910e-01
15                                     9.9234965099224959e-01
16                                     9.7012474862859355e-01
17                                     9.9861109879178545e-01
18                                     9.8281546877389703e-01
19                                     9.8742271954570149e-01
20                                     9.8668680126300512e-01
21                                     9.9161521821650922e-01
22                                     9.8422860290758352e-01
23                                     9.8918226147604926e-01
24                                     9.8347010110690947e-01
25                                     9.8802013025744317e-01
26                                     1.0199067063755793e+00
27                                     9.8737130786446159e-01
28                                     9.8286557812448649e-01
29                                     2.9526570794385032e+00
30                                     1.9836191384915507e+00
31                                     2.0250730487486361e+00
32                                     4.9374721092758778e+00
33                                     5.0320671269999862e+00
34                                     2.1906905411551740e+00
35                                     2.1759649721744978e+00
36                                     2.1992060914201668e+00
37                                     2.2007150713185641e+00
38                                     4.1213636957717998e+00
39                                     4.0654565168015715e+00
40                                     3.8816194167088183e+00
41                                     3.8343816410425267e+00
42                                     3.8486000021804556e+00
43                                     3.8856803144131185e+00
44                                     3.8837056385656794e+00
45                                     3.8868715003808387e+00
46                                     1.0139764158498372e+00
47                                     1.0173004536586052e+00
48                                     1.0078225474739528e+00
49                                     9.9603149747788577e-01
50                                     1.0073773754105857e+00
51                                     9.8426584913939219e-01
52                                     1.0185766204646489e+00
53                                     1.0022931570238336e+00
54                                     1.0046871321198914e+00
55                                     9.9704571140226905e-01
56                                     1.0491462614522835e+00
57                                     1.0197736756468130e+00
58                                     1.0076644934325696e+00
59                                     9.9496440895418181e-01
60                                     1.0052221701066977e+00
61                                     9.9539291667304453e-01
62                                     1.0058093310461340e+00
63                                     1.0164767087340425e+00
64                                     1.0129353848203946e+00
65                                     9.9535059464148434e-01
   &BVA [&Type "ArrayOfDoubles", &Dim (66,1)] "Mayer's bonded valence"
                                                         0

0                                      2.1966234005727889e+00
1                                      4.2494520358927854e+00
2                                      4.2865493321063308e+00
3                                      3.8259333146011434e+00
4                                      3.9625052107989598e+00
5                                      3.8687068778480702e+00
6                                      3.9780287035168049e+00
7                                      3.8958069365886918e+00
8                                      3.8868149050891097e+00
9                                      3.8775403567610844e+00
10                                     3.8688420420051277e+00
11                                     9.5903989039402682e-01
12                                     9.8714701273562433e-01
13                                     9.5120171045443502e-01
14                                     9.7100131587731164e-01
15                                     9.9234965099225092e-01
16                                     9.7012474862860398e-01
17                                     9.9861109879178522e-01
18                                     9.8281546877389958e-01
19                                     9.8742271954571370e-01
20                                     9.8668680126300079e-01
21                                     9.9161521821651233e-01
22                                     9.8422860290758118e-01
23                                     9.8918226147604238e-01
24                                     9.8347010110691258e-01
25                                     9.8802013025745039e-01
26                                     1.0199067063755773e+00
27                                     9.8737130786445815e-01
28                                     9.8286557812448305e-01
29                                     2.9526570794385805e+00
30                                     1.9836191384915756e+00
31                                     2.0250730487486557e+00
32                                     4.9374721092758707e+00
33                                     5.0320671270000528e+00
34                                     2.1906905411551580e+00
35                                     2.1759649721745582e+00
36                                     2.1992060914201819e+00
37                                     2.2007150713185677e+00
38                                     4.1213636957717990e+00
39                                     4.0654565168015582e+00
40                                     3.8816194167088116e+00
41                                     3.8343816410424982e+00
42                                     3.8486000021804361e+00
43                                     3.8856803144131260e+00
44                                     3.8837056385656501e+00
45                                     3.8868715003808161e+00
46                                     1.0139764158498341e+00
47                                     1.0173004536586039e+00
48                                     1.0078225474739484e+00
49                                     9.9603149747788500e-01
50                                     1.0073773754105937e+00
51                                     9.8426584913939053e-01
52                                     1.0185766204646485e+00
53                                     1.0022931570238329e+00
54                                     1.0046871321198945e+00
55                                     9.9704571140227516e-01
56                                     1.0491462614522840e+00
57                                     1.0197736756468017e+00
58                                     1.0076644934325707e+00
59                                     9.9496440895418259e-01
60                                     1.0052221701066923e+00
61                                     9.9539291667304031e-01
62                                     1.0058093310461356e+00
63                                     1.0164767087340374e+00
64                                     1.0129353848203948e+00
65                                     9.9535059464148101e-01
   &FA [&Type "ArrayOfDoubles", &Dim (66,1)] "Mayer's free valence"
                                                         0

0                                      0.0000000000000000e+00
1                                      0.0000000000000000e+00
2                                      0.0000000000000000e+00
3                                      0.0000000000000000e+00
4                                      0.0000000000000000e+00
5                                      0.0000000000000000e+00
6                                      0.0000000000000000e+00
7                                      0.0000000000000000e+00
8                                      0.0000000000000000e+00
9                                      0.0000000000000000e+00
10                                     0.0000000000000000e+00
11                                     0.0000000000000000e+00
12                                     0.0000000000000000e+00
13                                     0.0000000000000000e+00
14                                     0.0000000000000000e+00
15                                     0.0000000000000000e+00
16                                     0.0000000000000000e+00
17                                     0.0000000000000000e+00
18                                     0.0000000000000000e+00
19                                     0.0000000000000000e+00
20                                     0.0000000000000000e+00
21                                     0.0000000000000000e+00
22                                     0.0000000000000000e+00
23                                     0.0000000000000000e+00
24                                     0.0000000000000000e+00
25                                     0.0000000000000000e+00
26                                     0.0000000000000000e+00
27                                     0.0000000000000000e+00
28                                     0.0000000000000000e+00
29                                     0.0000000000000000e+00
30                                     0.0000000000000000e+00
31                                     0.0000000000000000e+00
32                                     0.0000000000000000e+00
33                                     0.0000000000000000e+00
34                                     0.0000000000000000e+00
35                                     0.0000000000000000e+00
36                                     0.0000000000000000e+00
37                                     0.0000000000000000e+00
38                                     0.0000000000000000e+00
39                                     0.0000000000000000e+00
40                                     0.0000000000000000e+00
41                                     0.0000000000000000e+00
42                                     0.0000000000000000e+00
43                                     0.0000000000000000e+00
44                                     0.0000000000000000e+00
45                                     0.0000000000000000e+00
46                                     0.0000000000000000e+00
47                                     0.0000000000000000e+00
48                                     0.0000000000000000e+00
49                                     0.0000000000000000e+00
50                                     0.0000000000000000e+00
51                                     0.0000000000000000e+00
52                                     0.0000000000000000e+00
53                                     0.0000000000000000e+00
54                                     0.0000000000000000e+00
55                                     0.0000000000000000e+00
56                                     0.0000000000000000e+00
57                                     0.0000000000000000e+00
58                                     0.0000000000000000e+00
59                                     0.0000000000000000e+00
60                                     0.0000000000000000e+00
61                                     0.0000000000000000e+00
62                                     0.0000000000000000e+00
63                                     0.0000000000000000e+00
64                                     0.0000000000000000e+00
65                                     0.0000000000000000e+00
   &Method [&Type "String"] "SCF"
   &Level [&Type "String"] "Relaxed density"
   &Mult [&Type "Integer"] 1
   &State [&Type "Integer"] -1
   &Irrep [&Type "Integer"] 0
$End
$SCF_Energy
   &GeometryIndex 2
   &Method [&Type "String"] "SCF"
   &totalEnergy [&Type "ArrayOfDoubles", &Dim (1,1)] "Total energy of each state"
                                                         0

0                                     -2.5371437980971532e+03
   &Mult [&Type "ArrayOfIntegers", &Dim (1,1)] "Multiplicity of each state"
                                                         0

0                                                        1
$End
$DFT_Energy
   &GeometryIndex 2
   &nAlphaEl [&Type "Integer"] 133
   &nBetaEl [&Type "Integer"] 133
   &nTotalEl [&Type "Integer"] 266
   &finalEn [&Type "Double"]      -2.5371437980971532e+03  "No Van der Waals correction"
   &eExchange [&Type "Double"]      -2.4965181411515334e+02
   &eCorr [&Type "Double"]      -9.3178490397104117e+00
   &eXC [&Type "Double"]      -2.5896966315486378e+02
   &eCNL [&Type "Double"]       0.0000000000000000e+00
$End
$SCF_Timings
   &GeometryIndex 2
   &TOTAL [&Type "Double"]       1.3610698000000001e+01
   &PREP [&Type "Double"]       1.0074800000000002e+00
   &FOCK [&Type "Double"]       8.2386100000000013e+00
   &DENS [&Type "Double"]       4.3887600000000226e-01
   &ETOT [&Type "Double"]       1.4127299999999821e-01
   &POP [&Type "Double"]       2.2215199999999946e-01
   &TRAFO [&Type "Double"]       2.3576199999999936e-01
   &DIIS [&Type "Double"]       2.9643799999999976e-01
   &SOSCF [&Type "Double"]       2.5584659999999997e+00
   &XC [&Type "Double"]       4.3135030000000008e+00
   &FOCKSTART [&Type "Double"]       8.5173000000003496e-02
   &INT_PREP [&Type "Double"]       2.9999999995311555e-06
   &INT_BF [&Type "Double"]       7.2836300000000587e-01
   &INT_DENS [&Type "Double"]       1.1743519999999890e+00
   &INT_DENSIO [&Type "Double"]       1.6736107888000024e+04
   &INT_FUNC [&Type "Double"]       9.3762999999960295e-02
   &INT_POT [&Type "Double"]       4.4988699999999238e-01
   &INT_POTIO [&Type "Double"]       5.3604000000035956e-02
   &INT_SUM [&Type "Double"]       8.5069999999993762e-03
   &SPLITRIJ [&Type "Double"]       3.4287350000000023e+00
$End
$Single_Point_Data
   &GeometryIndex 2
   &FinalEnergy [&Type "Double"]      -2.5371437980971532e+03  "Final single point energy"
   &Converged [&Type "Boolean"] true
$End
