NEB log file generated by ORCA
All quantities are given in atomic units. Unless stated otherwise. 
iteration       : 0
climbing        : no
zoom on         : no
nim             : 10
barrier         :   0.02182615 (image:  2) 
distance        :   0.00000000    8.60088350   11.74387003   14.96834778   18.48940922   21.23732655   23.78317927   27.24057254   42.35497257   61.85044057 
energy          : -2537.14379937  -2537.13760003  -2537.12197322  -2537.12413043  -2537.14416296  -2537.12555117  -2537.12860564  -2537.13487377  -2537.15992920  -2537.17943128 
max(|Fr_perp|)   :   0.00000000    0.00055848    0.00144040    0.00084873    0.00350820    0.03035227    0.00131310    0.00690332    0.00458890    0.00000000 
Fr_paral         :   0.00000000   -0.00253723   -0.00287784    0.00295264    0.00401473    0.00380726    0.00396887    0.03872817    0.00066194    0.00000000 
max(|Fsp_paral|) :   0.00000000    0.00216686    0.00331145    0.00065605    0.02748797    0.00553319    0.01174616    0.17416602    0.16212684    0.00000000 
max(|Fsp_perp|)  :   0.00000000    0.00000000    0.00000000    0.00000000    0.00000000    0.00000000    0.00000000    0.00000000    0.00000000    0.00000000 
max(|FNEB|)      :   0.00000000    0.00237939    0.00348688    0.00106941    0.02872100    0.02965115    0.01191801    0.17526288    0.16674583    0.00000000 
max(|Force|)     :   0.00009233    0.00083681    0.00230510    0.00166580    0.00471324    0.03055437    0.00248758    0.01750510    0.00439620    0.00034335 
ksp              :   0.03556276    0.10000000    0.10000000    0.09110461    0.08525704    0.08525704    0.07265218    0.04691114    0.01000000 
max(|step|)      :   0.00000000    0.00135761    0.00198952    0.00061017    0.01638739    0.01691810    0.00680008    0.10000000    0.09514041    0.00000000 
angle (deg.)     :    52.3925  73.2911  50.7213  87.3234  89.2222  31.8177  88.1941  49.3850 
>
iteration       : 1
climbing        : no
zoom on         : no
nim             : 10
barrier         :   0.02182270 (image:  2) 
distance        :   0.00000000    8.60401371   11.74240708   14.96109983   18.44474617   21.21833172   23.79243992   27.49437254   42.30593632   61.99065410 
energy          : -2537.14379937  -2537.13759005  -2537.12197667  -2537.12413192  -2537.14399861  -2537.12639300  -2537.12870032  -2537.14471323  -2537.15911340  -2537.17943128 
max(|Fr_perp|)   :   0.00000000    0.00057027    0.00143418    0.00083374    0.00433569    0.01747403    0.00131730    0.00653421    0.00819831    0.00000000 
Fr_paral         :   0.00000000   -0.00254584   -0.00288606    0.00295906    0.00481362    0.00398676    0.00387269    0.03574218    0.00506087    0.00000000 
max(|Fsp_paral|) :   0.00000000    0.00192034    0.00326513    0.00175700    0.02825858    0.00518674    0.01955883    0.04544339    0.01519945    0.00000000 
max(|Fsp_perp|)  :   0.00000000    0.00000000    0.00000000    0.00000000    0.00000000    0.00000000    0.00000000    0.00000000    0.00000000    0.00000000 
max(|FNEB|)      :   0.00000000    0.00212377    0.00344864    0.00149221    0.02967184    0.01685263    0.01973119    0.04508058    0.01591284    0.00000000 
max(|Force|)     :   0.00009233    0.00085965    0.00230433    0.00166361    0.00580414    0.01762589    0.00246698    0.01396329    0.00839074    0.00034335 
ksp              :   0.03560813    0.10000000    0.10000000    0.09111145    0.08178643    0.08178643    0.07227070    0.01000000    0.01000000 
max(|step|)      :   0.00000001    0.00091429    0.00148279    0.00063778    0.01274759    0.00730626    0.00844214    0.01827579    0.00598510    0.00029911 
angle (deg.)     :    52.3867  73.2116  50.4983  87.0529  89.4352  32.0757  87.9926  49.4388 
>
iteration       : 2
climbing        : no
zoom on         : no
nim             : 10
barrier         :   0.02182000 (image:  2) 
distance        :   0.00000000    8.60612680   11.74145678   14.95465004   18.40912295   21.20348557   23.80839856   27.44103806   42.27233675   61.94665559 
energy          : -2537.14379937  -2537.13758348  -2537.12197937  -2537.12412947  -2537.14384805  -2537.12669978  -2537.12880699  -2537.14299758  -2537.15930683  -2537.17943128 
max(|Fr_perp|)   :   0.00000000    0.00057640    0.00144153    0.00081514    0.00495390    0.01263067    0.00124821    0.00244676    0.00610158    0.00000000 
Fr_paral         :   0.00000000   -0.00258162   -0.00286011    0.00295245    0.00534257    0.00405466    0.00376679    0.03678282    0.00430158    0.00000000 
max(|Fsp_paral|) :   0.00000000    0.00175529    0.00316743    0.00255985    0.02779933    0.00484254    0.01752312    0.02419534    0.00019333    0.00000000 
max(|Fsp_perp|)  :   0.00000000    0.00000000    0.00000000    0.00000000    0.00000000    0.00000000    0.00000000    0.00000000    0.00000000    0.00000000 
max(|FNEB|)      :   0.00000000    0.00195608    0.00339402    0.00207828    0.02932517    0.01208646    0.01768028    0.02369495    0.00608156    0.00000000 
max(|Force|)     :   0.00009233    0.00090871    0.00227383    0.00164293    0.00659255    0.01277531    0.00236863    0.01449338    0.00624080    0.00034335 
ksp              :   0.03563843    0.10000000    0.10000000    0.09113159    0.08052994    0.08052994    0.07183842    0.01330711    0.01000000 
max(|step|)      :   0.00000002    0.00439118    0.00759610    0.00456536    0.06570833    0.02767765    0.03960534    0.05088710    0.01322597    0.00092495 
angle (deg.)     :    52.3643  72.8017  49.2629  85.9193  90.5136  33.3796  87.4060  49.4872 
>
iteration       : 3
climbing        : no
zoom on         : no
nim             : 10
barrier         :   0.02180461 (image:  2) 
distance        :   0.00000000    8.61632776   11.73695724   14.91759872   18.22624085   21.13448518   23.88596794   27.28426095   42.11438076   61.79935143 
energy          : -2537.14379937  -2537.13755223  -2537.12199476  -2537.12410301  -2537.14286707  -2537.12754774  -2537.12927880  -2537.13786608  -2537.15952441  -2537.17943128 
max(|Fr_perp|)   :   0.00000000    0.00058331    0.00142262    0.00065742    0.00765125    0.00699161    0.00148003    0.00803171    0.00275090    0.00000000 
Fr_paral         :   0.00000000   -0.00265678   -0.00285956    0.00301052    0.00767598    0.00437828    0.00325271    0.03849513    0.00267029    0.00000000 
max(|Fsp_paral|) :   0.00000000    0.00095813    0.00244632    0.00630853    0.02433373    0.00385323    0.00864995    0.10406480    0.09889572    0.00000000 
max(|Fsp_perp|)  :   0.00000000    0.00000000    0.00000000    0.00000000    0.00000000    0.00000000    0.00000000    0.00000000    0.00000000    0.00000000 
max(|FNEB|)      :   0.00000000    0.00114183    0.00292481    0.00590500    0.02540609    0.00735733    0.00873202    0.10480127    0.10164662    0.00000000 
max(|Force|)     :   0.00009233    0.00100433    0.00224614    0.00159115    0.01004882    0.00814195    0.00176179    0.01536576    0.00327255    0.00034335 
ksp              :   0.03578551    0.10000000    0.10000000    0.09129806    0.07707970    0.07707970    0.06993462    0.03449007    0.01000000 
max(|step|)      :   0.00000002    0.00305261    0.00535409    0.00361953    0.04624585    0.01910487    0.02677454    0.00636209    0.02650044    0.00026211 
angle (deg.)     :    52.3505  72.5103  48.3518  85.4123  91.2522  34.3254  87.2921  49.3557 
>
iteration       : 4
climbing        : no
zoom on         : no
nim             : 10
barrier         :   0.02179307 (image:  2) 
distance        :   0.00000000    8.62343473   11.73385846   14.89062581   18.10081925   21.09548656   23.94767519   27.26173423   42.01278768   61.75412995 
energy          : -2537.14379937  -2537.13753007  -2537.12200630  -2537.12408086  -2537.14199046  -2537.12770067  -2537.12956494  -2537.13713357  -2537.15938131  -2537.17943128 
max(|Fr_perp|)   :   0.00000000    0.00058509    0.00141348    0.00061972    0.00918528    0.01411824    0.00221752    0.01144514    0.00334231    0.00000000 
Fr_paral         :   0.00000000   -0.00270787   -0.00284988    0.00303665    0.00907191    0.00467324    0.00286981    0.03867583    0.00271568    0.00000000 
max(|Fsp_paral|) :   0.00000000    0.00039685    0.00189191    0.00876029    0.02027672    0.00352241    0.00329093    0.12363587    0.11201236    0.00000000 
max(|Fsp_perp|)  :   0.00000000    0.00000000    0.00000000    0.00000000    0.00000000    0.00000000    0.00000000    0.00000000    0.00000000    0.00000000 
max(|FNEB|)      :   0.00000000    0.00081380    0.00257220    0.00842303    0.02193982    0.01433656    0.00351276    0.12433600    0.11496002    0.00000000 
max(|Force|)     :   0.00009233    0.00106471    0.00221664    0.00153768    0.01203839    0.01402462    0.00220267    0.01538498    0.00358803    0.00034335 
ksp              :   0.03589065    0.10000000    0.10000000    0.09143258    0.07648366    0.07648366    0.06878468    0.03752811    0.01000000 
max(|step|)      :   0.00000000    0.00655932    0.01159111    0.00821119    0.10000000    0.04031902    0.05735328    0.00873927    0.06296906    0.00071158 
angle (deg.)     :    52.3253  71.8726  46.3168  85.1392  92.7716  36.4842  87.1140  49.0393 
>
iteration       : 5
climbing        : no
zoom on         : no
nim             : 10
barrier         :   0.02176750 (image:  2) 
distance        :   0.00000000    8.63874367   11.72739914   14.83164931   17.84087513   21.03841608   24.10845150   27.26195550   41.82373962   61.69919714 
energy          : -2537.14379937  -2537.13748091  -2537.12203187  -2537.12402827  -2537.13960401  -2537.12691573  -2537.13007493  -2537.13622107  -2537.15895553  -2537.17943128 
max(|Fr_perp|)   :   0.00000000    0.00058179    0.00139433    0.00071594    0.01171673    0.03608166    0.00386164    0.01788447    0.00570175    0.00000000 
Fr_paral         :   0.00000000   -0.00281380   -0.00282732    0.00310350    0.01157494    0.00523435    0.00196289    0.03882835    0.00304050    0.00000000 
max(|Fsp_paral|) :   0.00000000    0.00082499    0.00063600    0.01363605    0.00651589    0.00347495    0.01139514    0.14881597    0.12735666    0.00000000 
max(|Fsp_perp|)  :   0.00000000    0.00000000    0.00000000    0.00000000    0.00000000    0.00000000    0.00000000    0.00000000    0.00000000    0.00000000 
max(|FNEB|)      :   0.00000000    0.00128441    0.00178267    0.01344292    0.01237615    0.03624253    0.01156993    0.14948053    0.13045687    0.00000000 
max(|Force|)     :   0.00009233    0.00118848    0.00215068    0.00142885    0.01533972    0.03609106    0.00384896    0.02200306    0.00571126    0.00034335 
ksp              :   0.03612434    0.10000000    0.10000000    0.09174463    0.07983086    0.07983086    0.06674499    0.04144967    0.01000000 
max(|step|)      :   0.00000000    0.00085925    0.00119258    0.00899309    0.00827944    0.02424565    0.00774009    0.10000000    0.08727349    0.00000000 
angle (deg.)     :    52.3420  71.8062  45.8951  85.2241  92.8032  36.2756  88.1492  48.4825 
>
iteration       : 6
climbing        : no
zoom on         : no
nim             : 10
barrier         :   0.02175178 (image:  2) 
distance        :   0.00000000    8.63777053   11.72712517   14.80712250   17.82445258   21.02834890   24.08065525   27.51452609   41.79550562   61.85059549 
energy          : -2537.14379937  -2537.13748978  -2537.12204759  -2537.12396226  -2537.13977124  -2537.12857652  -2537.13007426  -2537.14625869  -2537.15769126  -2537.17943128 
max(|Fr_perp|)   :   0.00000000    0.00051813    0.00140042    0.00085614    0.01118290    0.01406606    0.00304229    0.00458436    0.01089423    0.00000000 
Fr_paral         :   0.00000000   -0.00278179   -0.00281803    0.00313120    0.01161880    0.00492004    0.00227051    0.03521991    0.00695684    0.00000000 
max(|Fsp_paral|) :   0.00000000    0.00075831    0.00038316    0.01199009    0.01436044    0.00362732    0.00215217    0.03280544    0.01793537    0.00000000 
max(|Fsp_perp|)  :   0.00000000    0.00000000    0.00000000    0.00000000    0.00000000    0.00000000    0.00000000    0.00000000    0.00000000    0.00000000 
max(|FNEB|)      :   0.00000000    0.00111935    0.00136403    0.01189339    0.01765054    0.01423484    0.00299949    0.03302683    0.01972970    0.00000000 
max(|Force|)     :   0.00009233    0.00107925    0.00213479    0.00157450    0.01497584    0.01399100    0.00302750    0.01313054    0.01118174    0.00034335 
ksp              :   0.03610650    0.10000000    0.10000000    0.09207791    0.07298598    0.07298598    0.06678891    0.01000000    0.01000000 
max(|step|)      :   0.00000000    0.00053799    0.00066240    0.00571183    0.00851405    0.00672900    0.00143448    0.01685876    0.01036366    0.00036045 
angle (deg.)     :    52.3480  71.7762  45.5826  85.2251  92.9105  36.3726  87.9526  48.5670 
>
iteration       : 7
climbing        : no
zoom on         : no
nim             : 10
barrier         :   0.02173704 (image:  2) 
distance        :   0.00000000    8.63713775   11.72635031   14.79215390   17.80414076   21.02045977   24.08099694   27.46727873   41.77982156   61.81734267 
energy          : -2537.14379937  -2537.13749562  -2537.12206233  -2537.12392109  -2537.13970592  -2537.12896978  -2537.13010537  -2537.14470981  -2537.15807829  -2537.17943128 
max(|Fr_perp|)   :   0.00000000    0.00048382    0.00139134    0.00091983    0.01103957    0.00799875    0.00277433    0.00262619    0.00721543    0.00000000 
Fr_paral         :   0.00000000   -0.00277117   -0.00280546    0.00314068    0.01171944    0.00477370    0.00230942    0.03628291    0.00578281    0.00000000 
max(|Fsp_paral|) :   0.00000000    0.00074168    0.00095840    0.01135641    0.01598912    0.00360430    0.00239450    0.03136775    0.01782097    0.00000000 
max(|Fsp_perp|)  :   0.00000000    0.00000000    0.00000000    0.00000000    0.00000000    0.00000000    0.00000000    0.00000000    0.00000000    0.00000000 
max(|FNEB|)      :   0.00000000    0.00105936    0.00190970    0.01130800    0.01839909    0.00805717    0.00272489    0.03138875    0.01839998    0.00000000 
max(|Force|)     :   0.00009233    0.00103254    0.00209990    0.00164094    0.01491338    0.00850350    0.00275877    0.01373514    0.00741268    0.00034335 
ksp              :   0.03610005    0.10000000    0.10000000    0.09230400    0.07140040    0.07140040    0.06669863    0.01000000    0.01000000 
max(|step|)      :   0.00000000    0.00316443    0.00702176    0.03407727    0.05915212    0.01987686    0.00893637    0.10000000    0.05943917    0.00196129 
angle (deg.)     :    52.3549  71.6831  43.6402  85.1630  93.7846  36.9867  86.7960  49.0722 
>
iteration       : 8
climbing        : no
zoom on         : no
nim             : 10
barrier         :   0.02162204 (image:  2) 
distance        :   0.00000000    8.63319099   11.71818937   14.70712892   17.66113272   20.97594941   24.09532877   27.19296833   41.70895475   61.63132558 
energy          : -2537.14379937  -2537.13753156  -2537.12217734  -2537.12367986  -2537.13885877  -2537.12978219  -2537.13028520  -2537.13486452  -2537.15898980  -2537.17943128 
max(|Fr_perp|)   :   0.00000000    0.00041587    0.00138232    0.00111620    0.01058694    0.00652891    0.00145333    0.00653042    0.00599565    0.00000000 
Fr_paral         :   0.00000000   -0.00266323   -0.00275845    0.00315479    0.01247737    0.00430916    0.00245771    0.03820660    0.00132905    0.00000000 
max(|Fsp_paral|) :   0.00000000    0.00078839    0.00392769    0.00876178    0.01741027    0.00424943    0.00253529    0.18270787    0.15359092    0.00000000 
max(|Fsp_perp|)  :   0.00000000    0.00000000    0.00000000    0.00000000    0.00000000    0.00000000    0.00000000    0.00000000    0.00000000    0.00000000 
max(|FNEB|)      :   0.00000000    0.00082913    0.00473865    0.00890713    0.01722533    0.00673414    0.00256746    0.18339270    0.15677527    0.00000000 
max(|Force|)     :   0.00009233    0.00072900    0.00193912    0.00180373    0.01490168    0.00662612    0.00143407    0.01651097    0.00597074    0.00034335 
ksp              :   0.03608897    0.10000000    0.10000000    0.09374526    0.06834692    0.06834692    0.06625149    0.04730282    0.01000000 
max(|step|)      :   0.00000000    0.00045210    0.00258388    0.00485686    0.00939259    0.00367198    0.00139998    0.10000000    0.08548610    0.00000000 
angle (deg.)     :    52.3410  71.7204  43.3703  85.1096  93.9651  36.9673  87.8382  48.5150 
>
iteration       : 9
climbing        : no
zoom on         : no
nim             : 10
barrier         :   0.02159249 (image:  2) 
distance        :   0.00000000    8.63239265   11.71535662   14.69737086   17.63875073   20.96996687   24.09210378   27.45538231   41.69424283   61.79157411 
energy          : -2537.14379937  -2537.13753796  -2537.12220688  -2537.12364793  -2537.13868384  -2537.12990644  -2537.13029016  -2537.14466129  -2537.15814418  -2537.17943128 
max(|Fr_perp|)   :   0.00000000    0.00041138    0.00138211    0.00111018    0.01052275    0.00459608    0.00128636    0.00661430    0.00576079    0.00000000 
Fr_paral         :   0.00000000   -0.00264816   -0.00275465    0.00314611    0.01262057    0.00441053    0.00250949    0.03566271    0.00521930    0.00000000 
max(|Fsp_paral|) :   0.00000000    0.00085364    0.00412534    0.00866937    0.01750301    0.00449307    0.00350693    0.03061671    0.01823383    0.00000000 
max(|Fsp_perp|)  :   0.00000000    0.00000000    0.00000000    0.00000000    0.00000000    0.00000000    0.00000000    0.00000000    0.00000000    0.00000000 
max(|FNEB|)      :   0.00000000    0.00089456    0.00491458    0.00881660    0.01702860    0.00687422    0.00350193    0.03061953    0.01952385    0.00000000 
max(|Force|)     :   0.00009233    0.00072668    0.00191493    0.00176856    0.01491815    0.00596238    0.00127406    0.01354007    0.00594416    0.00034335 
ksp              :   0.03609828    0.10000000    0.10000000    0.09399352    0.06790735    0.06790735    0.06630794    0.01000000    0.01000000 
max(|step|)      :   0.00000000    0.00037208    0.00204596    0.00366877    0.00708262    0.00286249    0.00147955    0.01353061    0.00883545    0.00030683 
angle (deg.)     :    52.3299  71.7523  43.1690  85.0630  94.1108  37.0645  87.6768  48.5837 
>
iteration       : 10
climbing        : no
zoom on         : no
nim             : 10
barrier         :   0.02156930 (image:  2) 
distance        :   0.00000000    8.63171435   11.71315475   14.69019370   17.62180461   20.96552600   24.09811563   27.42182188   41.68842743   61.76970992 
energy          : -2537.14379937  -2537.13754309  -2537.12223007  -2537.12362377  -2537.13854597  -2537.12998156  -2537.13031329  -2537.14341880  -2537.15833648  -2537.17943128 
max(|Fr_perp|)   :   0.00000000    0.00040837    0.00138200    0.00110632    0.01047530    0.00470446    0.00127011    0.00286223    0.00423283    0.00000000 
Fr_paral         :   0.00000000   -0.00264091   -0.00275051    0.00313946    0.01272379    0.00445099    0.00250107    0.03650814    0.00450542    0.00000000 
max(|Fsp_paral|) :   0.00000000    0.00090116    0.00426490    0.00861626    0.01746662    0.00451207    0.00265140    0.02086651    0.01106534    0.00000000 
max(|Fsp_perp|)  :   0.00000000    0.00000000    0.00000000    0.00000000    0.00000000    0.00000000    0.00000000    0.00000000    0.00000000    0.00000000 
max(|FNEB|)      :   0.00000000    0.00094097    0.00503690    0.00876513    0.01681058    0.00689116    0.00265096    0.02077972    0.01140260    0.00000000 
max(|Force|)     :   0.00009233    0.00072486    0.00189561    0.00174277    0.01492998    0.00608540    0.00126718    0.01395090    0.00439613    0.00034335 
ksp              :   0.03610496    0.10000000    0.10000000    0.09418468    0.06765615    0.06765615    0.06627200    0.01158799    0.01000000 
max(|step|)      :   0.00000000    0.00266934    0.01394313    0.02366515    0.04519951    0.01870974    0.00571888    0.04331564    0.02169290    0.00075523 
angle (deg.)     :    52.2549  71.9902  41.9013  84.8095  95.0660  37.5309  87.1131  48.7905 
>
iteration       : 11
climbing        : no
zoom on         : no
nim             : 10
barrier         :   0.02141305 (image:  2) 
distance        :   0.00000000    8.62670916   11.69857063   14.64562046   17.51523132   20.94154794   24.13023235   27.32325548   41.66356235   61.70649804 
energy          : -2537.14379937  -2537.13757845  -2537.12238632  -2537.12346958  -2537.13761525  -2537.13039989  -2537.13042948  -2537.13919624  -2537.15873688  -2537.17943128 
max(|Fr_perp|)   :   0.00000000    0.00038762    0.00137300    0.00107325    0.01011358    0.00482127    0.00110866    0.00249796    0.00191248    0.00000000 
Fr_paral         :   0.00000000   -0.00256805   -0.00271551    0.00309010    0.01337652    0.00464214    0.00250086    0.03760666    0.00290610    0.00000000 
max(|Fsp_paral|) :   0.00000000    0.00119195    0.00508553    0.00832011    0.01690813    0.00493799    0.00003437    0.07960270    0.06910593    0.00000000 
max(|Fsp_perp|)  :   0.00000000    0.00000000    0.00000000    0.00000000    0.00000000    0.00000000    0.00000000    0.00000000    0.00000000    0.00000000 
max(|FNEB|)      :   0.00000000    0.00122252    0.00575381    0.00847972    0.01522049    0.00713920    0.00112704    0.07996669    0.07019195    0.00000000 
max(|Force|)     :   0.00009233    0.00070444    0.00177473    0.00157383    0.01496007    0.00627582    0.00125978    0.01465407    0.00227112    0.00034335 
ksp              :   0.03614682    0.10000000    0.10000000    0.09544702    0.06631863    0.06631863    0.06619426    0.02934716    0.01000000 
max(|step|)      :   0.00000000    0.00032821    0.00177413    0.00316805    0.00620389    0.00244047    0.00106130    0.02228289    0.01620945    0.00054562 
angle (deg.)     :    52.2642  71.9627  42.0743  84.8173  94.9447  37.4562  87.3632  48.6726 
>
iteration       : 12
climbing        : no
zoom on         : no
nim             : 10
barrier         :   0.02143332 (image:  2) 
distance        :   0.00000000    8.62729326   11.70045697   14.65178134   17.52936170   20.94383865   24.12421064   27.37883867   41.66489260   61.74074054 
energy          : -2537.14379937  -2537.13757413  -2537.12236605  -2537.12349013  -2537.13774293  -2537.13034565  -2537.13041161  -2537.14138585  -2537.15854969  -2537.17943128 
max(|Fr_perp|)   :   0.00000000    0.00039022    0.00137096    0.00108148    0.01016981    0.00479777    0.00110597    0.00186189    0.00243743    0.00000000 
Fr_paral         :   0.00000000   -0.00257416   -0.00268387    0.00309650    0.01328558    0.00461331    0.00250668    0.03710350    0.00372770    0.00000000 
max(|Fsp_paral|) :   0.00000000    0.00114956    0.00496613    0.00837693    0.01699648    0.00487094    0.00127017    0.02740857    0.02716410    0.00000000 
max(|Fsp_perp|)  :   0.00000000    0.00000000    0.00000000    0.00000000    0.00000000    0.00000000    0.00000000    0.00000000    0.00000000    0.00000000 
max(|FNEB|)      :   0.00000000    0.00118151    0.00561293    0.00853921    0.01542432    0.00710658    0.00140117    0.02763365    0.02741711    0.00000000 
max(|Force|)     :   0.00009233    0.00070627    0.00174073    0.00160268    0.01496033    0.00624135    0.00125995    0.01432321    0.00257981    0.00034335 
ksp              :   0.03614022    0.10000000    0.10000000    0.09527990    0.06649310    0.06649310    0.06621613    0.02013452    0.01000000 
max(|step|)      :   0.00000000    0.00157588    0.00788031    0.01280272    0.02395989    0.01031230    0.00260066    0.00615041    0.01296877    0.00032123 
angle (deg.)     :    52.2219  72.1084  41.4093  84.7111  95.4730  37.6913  87.3708  48.6246 
>
iteration       : 13
climbing        : no
zoom on         : no
nim             : 10
barrier         :   0.02134557 (image:  2) 
distance        :   0.00000000    8.62425394   11.69243701   14.62859141   17.47383345   20.93383307   24.14384912   27.40695069   41.65354900   61.75857725 
energy          : -2537.14379937  -2537.13759422  -2537.12245380  -2537.12340772  -2537.13722377  -2537.13055391  -2537.13046866  -2537.14198849  -2537.15847988  -2537.17943128 
max(|Fr_perp|)   :   0.00000000    0.00038135    0.00137148    0.00106161    0.00993633    0.00479544    0.00110483    0.00178131    0.00270978    0.00000000 
Fr_paral         :   0.00000000   -0.00256947   -0.00270465    0.00306824    0.01362688    0.00465048    0.00251753    0.03689878    0.00393553    0.00000000 
max(|Fsp_paral|) :   0.00000000    0.00129840    0.00537276    0.00821624    0.01663264    0.00478306    0.00110171    0.01338126    0.01568169    0.00000000 
max(|Fsp_perp|)  :   0.00000000    0.00000000    0.00000000    0.00000000    0.00000000    0.00000000    0.00000000    0.00000000    0.00000000    0.00000000 
max(|FNEB|)      :   0.00000000    0.00132232    0.00601436    0.00838169    0.01451670    0.00708355    0.00131542    0.01351072    0.01560982    0.00000000 
max(|Force|)     :   0.00009233    0.00070082    0.00174223    0.00151082    0.01494530    0.00624860    0.00125356    0.01415507    0.00285951    0.00034335 
ksp              :   0.03616297    0.10000000    0.10000000    0.09597797    0.06584727    0.06620670    0.06620670    0.01763529    0.01000000 
max(|step|)      :   0.00000000    0.00709513    0.03466794    0.05422260    0.10000000    0.04394045    0.01050782    0.00735223    0.03766379    0.00104979 
angle (deg.)     :    52.0447  72.7802  38.7456  84.8395  97.6285  38.6777  87.1837  48.5371 
>
iteration       : 14
climbing        : no
zoom on         : no
nim             : 10
barrier         :   0.02096095 (image:  2) 
distance        :   0.00000000    8.61038230   11.65873072   14.53418249   17.25605053   20.92360522   24.25872674   27.50610832   41.64050157   61.83494029 
energy          : -2537.14379937  -2537.13768120  -2537.12283842  -2537.12306807  -2537.13488630  -2537.13136275  -2537.13069651  -2537.14256134  -2537.15837587  -2537.17943128 
max(|Fr_perp|)   :   0.00000000    0.00055297    0.00138180    0.00093869    0.00859030    0.00461870    0.00109499    0.00138742    0.00215371    0.00000000 
Fr_paral         :   0.00000000   -0.00235994   -0.00259395    0.00290544    0.01489050    0.00460854    0.00255679    0.03675836    0.00393154    0.00000000 
max(|Fsp_paral|) :   0.00000000    0.00190474    0.00697712    0.00727237    0.01482452    0.00365523    0.00181990    0.00052637    0.00456056    0.00000000 
max(|Fsp_perp|)  :   0.00000000    0.00000000    0.00000000    0.00000000    0.00000000    0.00000000    0.00000000    0.00000000    0.00000000    0.00000000 
max(|FNEB|)      :   0.00000000    0.00189042    0.00742146    0.00741875    0.01429390    0.00656914    0.00207627    0.00096804    0.00423880    0.00000000 
max(|Force|)     :   0.00009233    0.00062746    0.00174347    0.00122159    0.01457929    0.00602422    0.00122492    0.01388994    0.00232034    0.00034335 
ksp              :   0.03626941    0.10000000    0.10000000    0.09900465    0.06340772    0.06625644    0.06625644    0.01532106    0.01000000 
max(|step|)      :   0.00000000    0.01322533    0.05192049    0.05190152    0.10000000    0.04595764    0.01452558    0.00677237    0.02965464    0.00000000 
angle (deg.)     :    51.7828  74.3607  36.9968  83.1673  99.5683  39.1764  86.9311  48.4853 
>
iteration       : 15
climbing        : no
zoom on         : no
nim             : 10
barrier         :   0.02102438 (image:  3) 
distance        :   0.00000000    8.58012388   11.62053793   14.49041266   17.08204104   20.88067792   24.25731213   27.54568292   41.58066239   61.85741178 
energy          : -2537.14379937  -2537.13782302  -2537.12337620  -2537.12277499  -2537.13243685  -2537.13196182  -2537.13073410  -2537.14304342  -2537.15830672  -2537.17943128 
max(|Fr_perp|)   :   0.00000000    0.00082861    0.00138159    0.00116200    0.00723815    0.01130534    0.00104125    0.00246889    0.00328568    0.00000000 
Fr_paral         :   0.00000000   -0.00211270   -0.00265261    0.00275932    0.01500008    0.00391864    0.00279192    0.03714606    0.00347964    0.00000000 
max(|Fsp_paral|) :   0.00000000    0.00230209    0.00371514    0.01094857    0.01232092    0.00251311    0.00183691    0.01180651    0.00530398    0.00000000 
max(|Fsp_perp|)  :   0.00000000    0.00000000    0.00000000    0.00000000    0.00000000    0.00000000    0.00000000    0.00000000    0.00000000    0.00000000 
max(|FNEB|)      :   0.00000000    0.00213429    0.00422580    0.01130008    0.01294074    0.01119982    0.00203563    0.01194177    0.00554367    0.00000000 
max(|Force|)     :   0.00009233    0.00060298    0.00173237    0.00143375    0.01368080    0.01135795    0.00120275    0.01399744    0.00343777    0.00034335 
ksp              :   0.03558323    0.09742638    0.10000000    0.10000000    0.06067352    0.06592908    0.06592908    0.01323602    0.01000000 
max(|step|)      :   0.00000000    0.01391797    0.04819261    0.05875352    0.10000000    0.04594077    0.01465995    0.01854438    0.01783946    0.00143964 
angle (deg.)     :    51.6154  75.7575  35.2714  81.8221  101.4073  39.6168  86.4745  48.5305 
>
iteration       : 16
climbing        : no
zoom on         : no
nim             : 10
barrier         :   0.02133488 (image:  3) 
distance        :   0.00000000    8.54771269   11.58948429   14.42761403   16.91670318   20.85378707   24.26898612   27.55123726   41.53559517   61.86447261 
energy          : -2537.14379937  -2537.13796120  -2537.12390381  -2537.12246449  -2537.13001216  -2537.13285980  -2537.13075932  -2537.14172085  -2537.15837353  -2537.17943128 
max(|Fr_perp|)   :   0.00000000    0.00115297    0.00153223    0.00121820    0.00579798    0.00919008    0.00114918    0.00300995    0.00360082    0.00000000 
Fr_paral         :   0.00000000   -0.00186526   -0.00273738    0.00256690    0.01466399   -0.00009594    0.00297276    0.03795729    0.00285113    0.00000000 
max(|Fsp_paral|) :   0.00000000    0.00257731    0.00078486    0.01323493    0.00860741    0.01908506    0.00272022    0.01906547    0.01882637    0.00000000 
max(|Fsp_perp|)  :   0.00000000    0.00000000    0.00000000    0.00000000    0.00000000    0.00000000    0.00000000    0.00000000    0.00000000    0.00000000 
max(|FNEB|)      :   0.00000000    0.00231629    0.00168577    0.01376267    0.01443853    0.02016839    0.00264393    0.01901271    0.02054106    0.00000000 
max(|Force|)     :   0.00009233    0.00076825    0.00175231    0.00146977    0.01228723    0.00925390    0.00154587    0.01439791    0.00349704    0.00034335 
ksp              :   0.03462980    0.09393283    0.10000000    0.10000000    0.06818046    0.06501054    0.06501054    0.01884768    0.01000000 
max(|step|)      :   0.00000000    0.01127641    0.00820685    0.06700077    0.07029107    0.09818570    0.01287144    0.09255953    0.10000000    0.00000000 
angle (deg.)     :    51.7257  75.3353  34.2552  82.4062  99.4974  40.3603  87.3226  48.0067 
>
iteration       : 17
climbing        : no
zoom on         : no
nim             : 10
barrier         :   0.02169806 (image:  3) 
distance        :   0.00000000    8.51668404   11.58696741   14.26537656   16.99786394   20.72291814   24.17931652   27.74105458   41.42575205   61.95507854 
energy          : -2537.14379937  -2537.13807583  -2537.12409433  -2537.12210131  -2537.13174761  -2537.13235117  -2537.13073087  -2537.15018230  -2537.15654516  -2537.17943128 
max(|Fr_perp|)   :   0.00000000    0.00123497    0.00146143    0.00123054    0.01145234    0.02237745    0.00164871    0.01079397    0.02105163    0.00000000 
Fr_paral         :   0.00000000   -0.00169814   -0.00297411    0.00243014    0.01438078    0.00423608    0.00315392    0.03170969    0.00867054    0.00000000 
max(|Fsp_paral|) :   0.00000000    0.00142865    0.00558855    0.00204484    0.02224276    0.00055893    0.00224371    0.03489659    0.02114322    0.00000000 
max(|Fsp_perp|)  :   0.00000000    0.00000000    0.00000000    0.00000000    0.00000000    0.00000000    0.00000000    0.00000000    0.00000000    0.00000000 
max(|FNEB|)      :   0.00000000    0.00127800    0.00653914    0.00209183    0.01959124    0.02236753    0.00294656    0.03751496    0.02925772    0.00000000 
max(|Force|)     :   0.00009233    0.00088978    0.00215446    0.00147408    0.01171171    0.02240475    0.00177537    0.01459365    0.02154607    0.00034335 
ksp              :   0.03374030    0.09173328    0.10000000    0.10000000    0.05998873    0.06420602    0.06420602    0.01000000    0.01000000 
max(|step|)      :   0.00000000    0.00102810    0.00544205    0.01406925    0.03063471    0.02712337    0.00490144    0.05491164    0.04903573    0.00115255 
angle (deg.)     :    51.6586  75.6031  34.5826  81.2460  99.9735  40.4453  86.7326  48.3049 
>
iteration       : 18
climbing        : no
zoom on         : no
nim             : 10
barrier         :   0.02160224 (image:  3) 
distance        :   0.00000000    8.51888270   11.58208948   14.31035507   16.94048635   20.70574245   24.16043966   27.56972777   41.38512436   61.83614156 
energy          : -2537.14379937  -2537.13807046  -2537.12413292  -2537.12219713  -2537.13093135  -2537.13384109  -2537.13078330  -2537.14567450  -2537.15797229  -2537.17943128 
max(|Fr_perp|)   :   0.00000000    0.00116561    0.00147829    0.00114788    0.00536906    0.00437350    0.00095491    0.00537763    0.00364360    0.00000000 
Fr_paral         :   0.00000000   -0.00171792   -0.00291688    0.00238281    0.01481006    0.00108124    0.00306306    0.03684153    0.00395946    0.00000000 
max(|Fsp_paral|) :   0.00000000    0.00172480    0.00355571    0.00370167    0.01053451    0.00676848    0.00094721    0.03069271    0.02063631    0.00000000 
max(|Fsp_perp|)  :   0.00000000    0.00000000    0.00000000    0.00000000    0.00000000    0.00000000    0.00000000    0.00000000    0.00000000    0.00000000 
max(|FNEB|)      :   0.00000000    0.00152155    0.00435008    0.00419592    0.01015336    0.00859986    0.00142203    0.03114389    0.02000260    0.00000000 
max(|Force|)     :   0.00009233    0.00081918    0.00197436    0.00138516    0.01200788    0.00441276    0.00152256    0.01354038    0.00381832    0.00034335 
ksp              :   0.03386798    0.09193505    0.10000000    0.10000000    0.06361120    0.06422801    0.06422801    0.01000000    0.01000000 
max(|step|)      :   0.00000000    0.00086595    0.00862582    0.01031256    0.03404097    0.01844319    0.00237315    0.10000000    0.07723352    0.00136782 
angle (deg.)     :    51.5737  75.9104  34.9388  79.6954  100.4987  40.6276  85.6175  48.8445 
>
iteration       : 19
climbing        : no
zoom on         : no
nim             : 10
barrier         :   0.02152591 (image:  3) 
distance        :   0.00000000    8.51772456   11.57427200   14.34910074   16.86798380   20.66744690   24.12146141   27.26435744   41.33626530   61.63271608 
energy          : -2537.14379937  -2537.13807822  -2537.12421629  -2537.12227346  -2537.12970229  -2537.13357612  -2537.13081973  -2537.13567711  -2537.15838257  -2537.17943128 
max(|Fr_perp|)   :   0.00000000    0.00109291    0.00150588    0.00090413    0.00519822    0.01227210    0.00129281    0.00885027    0.01193498    0.00000000 
Fr_paral         :   0.00000000   -0.00173400   -0.00288417    0.00233364    0.01488240   -0.00006244    0.00299761    0.03902325    0.00022984    0.00000000 
max(|Fsp_paral|) :   0.00000000    0.00201788    0.00135530    0.00957559    0.00453297    0.01654327    0.00652012    0.15866757    0.13118755    0.00000000 
max(|Fsp_perp|)  :   0.00000000    0.00000000    0.00000000    0.00000000    0.00000000    0.00000000    0.00000000    0.00000000    0.00000000    0.00000000 
max(|FNEB|)      :   0.00000000    0.00176346    0.00199975    0.00984675    0.00973435    0.01793000    0.00657055    0.15908027    0.13597372    0.00000000 
max(|Force|)     :   0.00009233    0.00074567    0.00181293    0.00113378    0.01191256    0.01229737    0.00150923    0.02036073    0.01195464    0.00034335 
ksp              :   0.03392027    0.09187770    0.10000000    0.10000000    0.06894207    0.06426804    0.06426804    0.04407682    0.01000000 
max(|step|)      :   0.00000000    0.00110853    0.00125707    0.00618980    0.00611914    0.01127104    0.00413034    0.10000000    0.08547491    0.00000000 
angle (deg.)     :    51.5758  75.8775  34.8647  79.6767  100.2892  40.6760  86.6904  48.2914 
>
iteration       : 20
climbing        : no
zoom on         : no
nim             : 10
barrier         :   0.02155783 (image:  3) 
distance        :   0.00000000    8.51452125   11.57314792   14.33409300   16.87344067   20.64939322   24.09999646   27.51714683   41.31085399   61.77985722 
energy          : -2537.14379937  -2537.13809031  -2537.12424368  -2537.12224154  -2537.12987526  -2537.13396424  -2537.13079531  -2537.14577267  -2537.15794089  -2537.17943128 
max(|Fr_perp|)   :   0.00000000    0.00107759    0.00150242    0.00092254    0.00514202    0.00728821    0.00095110    0.00659737    0.00268769    0.00000000 
Fr_paral         :   0.00000000   -0.00173891   -0.00290717    0.00233410    0.01490181    0.00040566    0.00307449    0.03637810    0.00427289    0.00000000 
max(|Fsp_paral|) :   0.00000000    0.00194016    0.00170124    0.00829440    0.00150188    0.01451510    0.00069864    0.03102006    0.02073919    0.00000000 
max(|Fsp_perp|)  :   0.00000000    0.00000000    0.00000000    0.00000000    0.00000000    0.00000000    0.00000000    0.00000000    0.00000000    0.00000000 
max(|FNEB|)      :   0.00000000    0.00169811    0.00237978    0.00861478    0.00664390    0.01592247    0.00129810    0.03125950    0.02113396    0.00000000 
max(|Force|)     :   0.00009233    0.00073233    0.00185544    0.00115313    0.01187658    0.00723735    0.00156065    0.01356422    0.00287780    0.00034335 
ksp              :   0.03383429    0.09164143    0.10000000    0.10000000    0.06813063    0.06428959    0.06428959    0.01000000    0.01000000 
max(|step|)      :   0.00000000    0.00075870    0.00107054    0.00384903    0.00294867    0.00711489    0.00055654    0.01580458    0.01102922    0.00036307 
angle (deg.)     :    51.5753  75.8631  34.8271  79.6110  100.1850  40.7594  86.4992  48.3743 
>
iteration       : 21
climbing        : no
zoom on         : no
nim             : 10
barrier         :   0.02157684 (image:  3) 
distance        :   0.00000000    8.51232598   11.57220282   14.32520130   16.87466231   20.63640371   24.09235174   27.46875269   41.29977061   61.74690579 
energy          : -2537.14379937  -2537.13809866  -2537.12426424  -2537.12222253  -2537.12994253  -2537.13408494  -2537.13080207  -2537.14428715  -2537.15810651  -2537.17943128 
max(|Fr_perp|)   :   0.00000000    0.00109096    0.00150787    0.00093256    0.00510603    0.00572946    0.00095340    0.00240064    0.00260215    0.00000000 
Fr_paral         :   0.00000000   -0.00171191   -0.00294702    0.00233102    0.01490995    0.00055007    0.00307672    0.03718737    0.00369250    0.00000000 
max(|Fsp_paral|) :   0.00000000    0.00189415    0.00187476    0.00761618    0.00004320    0.01353067    0.00165598    0.02978408    0.02059519    0.00000000 
max(|Fsp_perp|)  :   0.00000000    0.00000000    0.00000000    0.00000000    0.00000000    0.00000000    0.00000000    0.00000000    0.00000000    0.00000000 
max(|FNEB|)      :   0.00000000    0.00166471    0.00259495    0.00795723    0.00514923    0.01496894    0.00178507    0.02991169    0.02044378    0.00000000 
max(|Force|)     :   0.00009233    0.00075168    0.00191368    0.00116318    0.01185186    0.00566191    0.00156088    0.01398175    0.00276998    0.00034335 
ksp              :   0.03377844    0.09148377    0.10000000    0.10000000    0.06779881    0.06421354    0.06421354    0.01000000    0.01000000 
max(|step|)      :   0.00000000    0.00526431    0.00945342    0.02238474    0.01157469    0.04358354    0.00915988    0.10000000    0.07138354    0.00211694 
angle (deg.)     :    51.5497  75.8384  34.7059  78.7022  99.6941  41.1654  85.3030  48.9241 
>
iteration       : 22
climbing        : no
zoom on         : no
nim             : 10
barrier         :   0.02167632 (image:  3) 
distance        :   0.00000000    8.49732909   11.56389412   14.27768485   16.86093469   20.54173722   24.00786208   27.14579910   41.23672348   61.53110143 
energy          : -2537.14379937  -2537.13815536  -2537.12442336  -2537.12212305  -2537.12998808  -2537.13456730  -2537.13077261  -2537.13447552  -2537.15884300  -2537.17943128 
max(|Fr_perp|)   :   0.00000000    0.00106812    0.00148807    0.00094000    0.00485638    0.00462756    0.00096959    0.01026443    0.00543043    0.00000000 
Fr_paral         :   0.00000000   -0.00165070   -0.00301400    0.00226344    0.01495616    0.00078485    0.00315611    0.03682847    0.00164192    0.00000000 
max(|Fsp_paral|) :   0.00000000    0.00167152    0.00243281    0.00486308    0.00476879    0.01046522    0.00714100    0.18462832    0.15290143    0.00000000 
max(|Fsp_perp|)  :   0.00000000    0.00000000    0.00000000    0.00000000    0.00000000    0.00000000    0.00000000    0.00000000    0.00000000    0.00000000 
max(|FNEB|)      :   0.00000000    0.00149638    0.00321241    0.00523734    0.00541441    0.01221064    0.00726295    0.18514808    0.15391935    0.00000000 
max(|Force|)     :   0.00009233    0.00074141    0.00200349    0.00116542    0.01168246    0.00453226    0.00168031    0.01532408    0.00544322    0.00034335 
ksp              :   0.03343413    0.09044940    0.10000000    0.10000000    0.06734403    0.06408690    0.06408690    0.04882233    0.01000000 
max(|step|)      :   0.00000000    0.00080821    0.00173505    0.00282873    0.00292436    0.00659507    0.00392278    0.10000000    0.08313310    0.00000000 
angle (deg.)     :    51.5423  75.8443  34.7076  78.5046  99.6207  41.2578  86.3760  48.3717 
>
iteration       : 23
climbing        : no
zoom on         : no
nim             : 10
barrier         :   0.02168703 (image:  3) 
distance        :   0.00000000    8.49501390   11.56229705   14.27231046   16.85610664   20.52569448   23.98707554   27.39867149   41.20976971   61.67697579 
energy          : -2537.14379937  -2537.13816417  -2537.12445093  -2537.12211234  -2537.12994780  -2537.13464909  -2537.13074728  -2537.14411021  -2537.15800530  -2537.17943128 
max(|Fr_perp|)   :   0.00000000    0.00106056    0.00148443    0.00091997    0.00480827    0.00395395    0.00095278    0.01210720    0.00711801    0.00000000 
Fr_paral         :   0.00000000   -0.00165326   -0.00301470    0.00224671    0.01496410    0.00085444    0.00318668    0.03506644    0.00531815    0.00000000 
max(|Fsp_paral|) :   0.00000000    0.00165082    0.00242071    0.00469794    0.00491202    0.01038445    0.00104512    0.03064844    0.02074601    0.00000000 
max(|Fsp_perp|)  :   0.00000000    0.00000000    0.00000000    0.00000000    0.00000000    0.00000000    0.00000000    0.00000000    0.00000000    0.00000000 
max(|FNEB|)      :   0.00000000    0.00148010    0.00319931    0.00506779    0.00551028    0.01210672    0.00139072    0.03053031    0.02364147    0.00000000 
max(|Force|)     :   0.00009233    0.00073909    0.00200327    0.00114337    0.01164972    0.00388316    0.00169478    0.01355665    0.00740450    0.00034335 
ksp              :   0.03338576    0.09029497    0.10000000    0.10000000    0.06748324    0.06416546    0.06416546    0.01000000    0.01000000 
max(|step|)      :   0.00000000    0.00059258    0.00128383    0.00203241    0.00221063    0.00485634    0.00054444    0.01381594    0.01084559    0.00034599 
angle (deg.)     :    51.5366  75.8487  34.7108  78.3552  99.5785  41.3326  86.2058  48.4492 
>
iteration       : 24
climbing        : no
zoom on         : no
nim             : 10
barrier         :   0.02169463 (image:  3) 
distance        :   0.00000000    8.49331345   11.56110236   14.26847290   16.85239924   20.51377345   23.97831827   27.35430931   41.19861086   61.64672767 
energy          : -2537.14379937  -2537.13817067  -2537.12447140  -2537.12210474  -2537.12991514  -2537.13470541  -2537.13075220  -2537.14292997  -2537.15822860  -2537.17943128 
max(|Fr_perp|)   :   0.00000000    0.00106403    0.00148606    0.00090708    0.00477483    0.00394870    0.00095296    0.00634401    0.00406922    0.00000000 
Fr_paral         :   0.00000000   -0.00163954   -0.00303393    0.00225324    0.01497038    0.00087653    0.00325699    0.03604816    0.00452868    0.00000000 
max(|Fsp_paral|) :   0.00000000    0.00163669    0.00240645    0.00459141    0.00498404    0.01031421    0.00185254    0.01066489    0.00502809    0.00000000 
max(|Fsp_perp|)  :   0.00000000    0.00000000    0.00000000    0.00000000    0.00000000    0.00000000    0.00000000    0.00000000    0.00000000    0.00000000 
max(|FNEB|)      :   0.00000000    0.00147080    0.00319909    0.00494658    0.00555357    0.01203335    0.00177923    0.01058051    0.00669598    0.00000000 
max(|Force|)     :   0.00009233    0.00074591    0.00202549    0.00113114    0.01162717    0.00387719    0.00169975    0.01375908    0.00431007    0.00034335 
ksp              :   0.03335064    0.09018192    0.10000000    0.10000000    0.06759864    0.06412609    0.06412609    0.01360670    0.01000000 
max(|step|)      :   0.00000000    0.00143120    0.00310188    0.00478529    0.00539589    0.01166784    0.00175225    0.00970142    0.00601930    0.00011101 
angle (deg.)     :    51.5226  75.8587  34.7220  77.9907  99.4777  41.4948  86.0586  48.5049 
>
iteration       : 25
climbing        : no
zoom on         : no
nim             : 10
barrier         :   0.02171217 (image:  3) 
distance        :   0.00000000    8.48923097   11.55819720   14.25942929   16.84328068   20.48507987   23.95443354   27.30936097   41.17033878   61.61139349 
energy          : -2537.14379937  -2537.13818614  -2537.12452086  -2537.12208720  -2537.12983271  -2537.13483753  -2537.13075380  -2537.14205198  -2537.15835428  -2537.17943128 
max(|Fr_perp|)   :   0.00000000    0.00106250    0.00148383    0.00088348    0.00469428    0.00393277    0.00095533    0.00101069    0.00223335    0.00000000 
Fr_paral         :   0.00000000   -0.00161291   -0.00305609    0.00222088    0.01498428    0.00092416    0.00326714    0.03687533    0.00388540    0.00000000 
max(|Fsp_paral|) :   0.00000000    0.00160539    0.00236436    0.00435836    0.00510861    0.01018040    0.00238860    0.00911865    0.01081251    0.00000000 
max(|Fsp_perp|)  :   0.00000000    0.00000000    0.00000000    0.00000000    0.00000000    0.00000000    0.00000000    0.00000000    0.00000000    0.00000000 
max(|FNEB|)      :   0.00000000    0.00144950    0.00316811    0.00471429    0.00561626    0.01191289    0.00224035    0.00911423    0.01030363    0.00000000 
max(|Force|)     :   0.00009233    0.00075119    0.00204652    0.00110432    0.01157223    0.00386007    0.00172197    0.01398391    0.00241633    0.00034335 
ksp              :   0.03326765    0.08991216    0.10000000    0.10000000    0.06789379    0.06407574    0.06407574    0.01724320    0.01000000 
max(|step|)      :   0.00000000    0.00170478    0.00368419    0.00561410    0.00646386    0.01387203    0.00224559    0.00535842    0.00317014    0.00018610 
angle (deg.)     :    51.5059  75.8698  34.7392  77.5531  99.3633  41.6887  85.9784  48.5229 
>
iteration       : 26
climbing        : no
zoom on         : no
nim             : 10
barrier         :   0.02173235 (image:  3) 
distance        :   0.00000000    8.48438925   11.55473678   14.24885775   16.83235104   20.45120062   23.92578596   27.27919644   41.13624531   61.58351930 
energy          : -2537.14379937  -2537.13820437  -2537.12457979  -2537.12206702  -2537.12973159  -2537.13499183  -2537.13075340  -2537.14176142  -2537.15837914  -2537.17943128 
max(|Fr_perp|)   :   0.00000000    0.00104199    0.00148159    0.00085424    0.00460109    0.00392036    0.00095654    0.00492220    0.00273658    0.00000000 
Fr_paral         :   0.00000000   -0.00160897   -0.00307926    0.00219594    0.01500264    0.00096989    0.00328882    0.03737586    0.00354715    0.00000000 
max(|Fsp_paral|) :   0.00000000    0.00157055    0.00230870    0.00409917    0.00521837    0.01003875    0.00253004    0.01548054    0.01595790    0.00000000 
max(|Fsp_perp|)  :   0.00000000    0.00000000    0.00000000    0.00000000    0.00000000    0.00000000    0.00000000    0.00000000    0.00000000    0.00000000 
max(|FNEB|)      :   0.00000000    0.00142290    0.00312159    0.00444171    0.00565854    0.01179847    0.00237733    0.01538209    0.01621770    0.00000000 
max(|Force|)     :   0.00009233    0.00073339    0.00206618    0.00107256    0.01151035    0.00384740    0.00173809    0.01407894    0.00290492    0.00034335 
ksp              :   0.03317053    0.08959390    0.10000000    0.10000000    0.06825878    0.06402716    0.06402716    0.01843976    0.01000000 
max(|step|)      :   0.00000000    0.01232754    0.02653136    0.04030241    0.04669275    0.10000000    0.01637186    0.03337421    0.02210264    0.00213092 
angle (deg.)     :    51.3967  75.9398  34.9221  74.3570  98.7881  43.1687  85.4748  48.6179 
>
iteration       : 27
climbing        : no
zoom on         : no
nim             : 10
barrier         :   0.02186849 (image:  3) 
distance        :   0.00000000    8.44965225   11.53049853   14.17435054   16.75618925   20.22060220   23.74075677   27.10159997   40.91256152   61.41589590 
energy          : -2537.14379937  -2537.13833159  -2537.12500651  -2537.12193088  -2537.12897724  -2537.13602584  -2537.13074563  -2537.13904060  -2537.15811112  -2537.17943128 
max(|Fr_perp|)   :   0.00000000    0.00098111    0.00144495    0.00081565    0.00395207    0.00497108    0.00100823    0.03963535    0.01144221    0.00000000 
Fr_paral         :   0.00000000   -0.00147892   -0.00322873    0.00200704    0.01510419    0.00128374    0.00337595    0.03992317    0.00157289    0.00000000 
max(|Fsp_paral|) :   0.00000000    0.00135907    0.00192706    0.00226420    0.00575734    0.00894574    0.00327349    0.07450667    0.06436981    0.00000000 
max(|Fsp_perp|)  :   0.00000000    0.00000000    0.00000000    0.00000000    0.00000000    0.00000000    0.00000000    0.00000000    0.00000000    0.00000000 
max(|FNEB|)      :   0.00000000    0.00127160    0.00279995    0.00247383    0.00577656    0.01108077    0.00322146    0.07398488    0.06945449    0.00000000 
max(|Force|)     :   0.00009233    0.00071089    0.00219600    0.00084579    0.01106943    0.00493245    0.00186889    0.04414466    0.01140795    0.00034335 
ksp              :   0.03250285    0.08734286    0.10000000    0.10000000    0.07099876    0.06372274    0.06372274    0.02974262    0.01000000 
max(|step|)      :   0.00000000    0.00171873    0.00378448    0.00334369    0.00780776    0.01497707    0.00435421    0.10000000    0.09387660    0.00000000 
angle (deg.)     :    51.3712  75.9355  35.0114  73.8101  98.6835  43.4362  86.5515  48.0474 
>
iteration       : 28
climbing        : no
zoom on         : no
nim             : 10
barrier         :   0.02187417 (image:  3) 
distance        :   0.00000000    8.44473984   11.52623085   14.16809445   16.74080087   20.18422358   23.70382885   27.34379909   40.86118853   61.54937140 
energy          : -2537.14379937  -2537.13834976  -2537.12507099  -2537.12192520  -2537.12881122  -2537.13623412  -2537.13072632  -2537.14955238  -2537.15705707  -2537.17943128 
max(|Fr_perp|)   :   0.00000000    0.00096503    0.00144570    0.00082020    0.00387897    0.00381097    0.00095431    0.02325127    0.00918493    0.00000000 
Fr_paral         :   0.00000000   -0.00148229   -0.00325329    0.00198988    0.01512861    0.00124929    0.00348278    0.03241279    0.00687450    0.00000000 
max(|Fsp_paral|) :   0.00000000    0.00135288    0.00167226    0.00251813    0.00496023    0.00921170    0.00261440    0.03673685    0.02215693    0.00000000 
max(|Fsp_perp|)  :   0.00000000    0.00000000    0.00000000    0.00000000    0.00000000    0.00000000    0.00000000    0.00000000    0.00000000    0.00000000 
max(|FNEB|)      :   0.00000000    0.00127474    0.00254510    0.00273099    0.00514440    0.01132456    0.00327174    0.03742160    0.02565383    0.00000000 
max(|Force|)     :   0.00009233    0.00069553    0.00220675    0.00084294    0.01103399    0.00375223    0.00184327    0.02439041    0.00958367    0.00034335 
ksp              :   0.03242208    0.08705684    0.10000000    0.10000000    0.07166785    0.06378828    0.06378828    0.01000000    0.01000000 
max(|step|)      :   0.00000000    0.00071374    0.00141190    0.00157004    0.00283326    0.00641335    0.00244251    0.03262227    0.02444648    0.00070948 
angle (deg.)     :    51.3617  75.9249  35.0459  73.6053  98.6505  43.5812  86.1690  48.2175 
>
iteration       : 29
climbing        : no
zoom on         : no
nim             : 10
barrier         :   0.02187748 (image:  3) 
distance        :   0.00000000    8.44269462   11.52453943   14.16468597   16.73517141   20.16940884   23.70048784   27.25009533   40.84184564   61.48689573 
energy          : -2537.14379937  -2537.13835735  -2537.12509667  -2537.12192189  -2537.12875748  -2537.13629979  -2537.13075913  -2537.14722811  -2537.15773986  -2537.17943128 
max(|Fr_perp|)   :   0.00000000    0.00097226    0.00144317    0.00081749    0.00384339    0.00378524    0.00095822    0.00276676    0.00335043    0.00000000 
Fr_paral         :   0.00000000   -0.00145687   -0.00325442    0.00197808    0.01513405    0.00128330    0.00344080    0.03603294    0.00483284    0.00000000 
max(|Fsp_paral|) :   0.00000000    0.00134519    0.00160788    0.00253434    0.00482929    0.00915114    0.00039989    0.03407519    0.02187689    0.00000000 
max(|Fsp_perp|)  :   0.00000000    0.00000000    0.00000000    0.00000000    0.00000000    0.00000000    0.00000000    0.00000000    0.00000000    0.00000000 
max(|FNEB|)      :   0.00000000    0.00127170    0.00247423    0.00275772    0.00504030    0.01128867    0.00102247    0.03470772    0.02248921    0.00000000 
max(|Force|)     :   0.00009233    0.00070806    0.00220139    0.00083881    0.01101101    0.00372746    0.00178938    0.01301033    0.00357442    0.00034335 
ksp              :   0.03238749    0.08693954    0.10000000    0.10000000    0.07187964    0.06364519    0.06364519    0.01000000    0.01000000 
max(|step|)      :   0.00000000    0.00245604    0.00461812    0.00534822    0.00942327    0.02164885    0.00304764    0.10000000    0.07184556    0.00147222 
angle (deg.)     :    51.3298  75.8827  35.1642  72.9193  98.5356  44.0084  85.0114  48.7451 
>
iteration       : 30
climbing        : no
zoom on         : no
nim             : 10
barrier         :   0.02188878 (image:  3) 
distance        :   0.00000000    8.43578452   11.51887137   14.15280811   16.71645861   20.12000309   23.67499457   26.95868173   40.79211986   61.29735788 
energy          : -2537.14379937  -2537.13838277  -2537.12518249  -2537.12191059  -2537.12858121  -2537.13651874  -2537.13081611  -2537.13684970  -2537.15835222  -2537.17943128 
max(|Fr_perp|)   :   0.00000000    0.00095952    0.00143854    0.00081248    0.00373416    0.00372596    0.00100004    0.02447401    0.00977067    0.00000000 
Fr_paral         :   0.00000000   -0.00143701   -0.00329058    0.00195940    0.01514830    0.00135447    0.00331552    0.03976248    0.00097362    0.00000000 
max(|Fsp_paral|) :   0.00000000    0.00131791    0.00141333    0.00254978    0.00445639    0.00897678    0.00554434    0.12377168    0.10360490    0.00000000 
max(|Fsp_perp|)  :   0.00000000    0.00000000    0.00000000    0.00000000    0.00000000    0.00000000    0.00000000    0.00000000    0.00000000    0.00000000 
max(|FNEB|)      :   0.00000000    0.00125265    0.00229046    0.00277901    0.00473491    0.01117995    0.00565077    0.12376681    0.10724340    0.00000000 
max(|Force|)     :   0.00009233    0.00070128    0.00222952    0.00083311    0.01093916    0.00367102    0.00172946    0.02880554    0.00975596    0.00034335 
ksp              :   0.03227167    0.08654711    0.10000000    0.10000000    0.07257178    0.06338289    0.06338289    0.03870231    0.01000000 
max(|step|)      :   0.00000000    0.00101211    0.00185063    0.00224536    0.00382567    0.00903308    0.00456566    0.10000000    0.08664957    0.00000000 
angle (deg.)     :    51.3165  75.8594  35.2152  72.6366  98.4612  44.1566  86.1023  48.1854 
>
iteration       : 31
climbing        : no
zoom on         : no
nim             : 10
barrier         :   0.02189337 (image:  3) 
distance        :   0.00000000    8.43290315   11.51651238   14.14758853   16.70871803   20.09956632   23.64931815   27.21052321   40.75879512   61.44035301 
energy          : -2537.14379937  -2537.13839330  -2537.12521771  -2537.12190600  -2537.12851182  -2537.13661160  -2537.13078540  -2537.14738914  -2537.15762265  -2537.17943128 
max(|Fr_perp|)   :   0.00000000    0.00095373    0.00143654    0.00081202    0.00369109    0.00372328    0.00095589    0.00439845    0.00416864    0.00000000 
Fr_paral         :   0.00000000   -0.00142749   -0.00330496    0.00195429    0.01515226    0.00137008    0.00346375    0.03571012    0.00530006    0.00000000 
max(|Fsp_paral|) :   0.00000000    0.00130498    0.00134603    0.00253462    0.00434215    0.00894753    0.00024767    0.03428115    0.02211724    0.00000000 
max(|Fsp_perp|)  :   0.00000000    0.00000000    0.00000000    0.00000000    0.00000000    0.00000000    0.00000000    0.00000000    0.00000000    0.00000000 
max(|FNEB|)      :   0.00000000    0.00124443    0.00222709    0.00276266    0.00463356    0.01116090    0.00098268    0.03478841    0.02398415    0.00000000 
max(|Force|)     :   0.00009233    0.00069798    0.00224010    0.00083814    0.01091472    0.00367148    0.00178085    0.01299759    0.00446860    0.00034335 
ksp              :   0.03222345    0.08638609    0.10000000    0.10000000    0.07284456    0.06349828    0.06349828    0.01000000    0.01000000 
max(|step|)      :   0.00000000    0.00061302    0.00110096    0.00136730    0.00228770    0.00551984    0.00057344    0.02160185    0.01560329    0.00049081 
angle (deg.)     :    51.3085  75.8436  35.2466  72.4664  98.4323  44.2603  85.8439  48.2980 
>
iteration       : 32
climbing        : no
zoom on         : no
nim             : 10
barrier         :   0.02189613 (image:  3) 
distance        :   0.00000000    8.43115304   11.51507797   14.14433368   16.70403797   20.08717381   23.64237889   27.14636572   40.74534977   61.39768636 
energy          : -2537.14379937  -2537.13839973  -2537.12523908  -2537.12190324  -2537.12847067  -2537.13666709  -2537.13079816  -2537.14536324  -2537.15789897  -2537.17943128 
max(|Fr_perp|)   :   0.00000000    0.00095317    0.00143597    0.00081123    0.00366422    0.00371572    0.00095766    0.00097228    0.00267019    0.00000000 
Fr_paral         :   0.00000000   -0.00142269   -0.00330903    0.00195842    0.01515556    0.00138512    0.00345015    0.03693761    0.00432504    0.00000000 
max(|Fsp_paral|) :   0.00000000    0.00129706    0.00130912    0.00251859    0.00428696    0.00888535    0.00109960    0.03263113    0.02192497    0.00000000 
max(|Fsp_perp|)  :   0.00000000    0.00000000    0.00000000    0.00000000    0.00000000    0.00000000    0.00000000    0.00000000    0.00000000    0.00000000 
max(|FNEB|)      :   0.00000000    0.00123896    0.00218718    0.00274002    0.00458342    0.01110988    0.00134385    0.03293705    0.02259139    0.00000000 
max(|Force|)     :   0.00009233    0.00069881    0.00223937    0.00084876    0.01089775    0.00366521    0.00175890    0.01366070    0.00287781    0.00034335 
ksp              :   0.03219424    0.08628865    0.10000000    0.10000000    0.07300578    0.06343906    0.06343906    0.01000000    0.01000000 
max(|step|)      :   0.00000000    0.00326021    0.00554970    0.00707168    0.01182468    0.02892235    0.00631445    0.10000000    0.07156042    0.00195001 
angle (deg.)     :    51.2664  75.7488  35.4156  71.5818  98.2608  44.6477  84.6447  48.8386 
>
iteration       : 33
climbing        : no
zoom on         : no
nim             : 10
barrier         :   0.02191007 (image:  3) 
distance        :   0.00000000    8.42198477   11.50756508   14.12684869   16.67962708   20.02302254   23.58122732   26.83964335   40.69996570   61.19995859 
energy          : -2537.14379937  -2537.13843324  -2537.12535004  -2537.12188930  -2537.12826111  -2537.13695563  -2537.13077258  -2537.13552297  -2537.15869573  -2537.17943128 
max(|Fr_perp|)   :   0.00000000    0.00093293    0.00144000    0.00080680    0.00352840    0.00365022    0.00096858    0.00971611    0.00639653    0.00000000 
Fr_paral         :   0.00000000   -0.00139913   -0.00335498    0.00191071    0.01516831    0.00147505    0.00346796    0.03695199    0.00225825    0.00000000 
max(|Fsp_paral|) :   0.00000000    0.00125448    0.00114100    0.00239979    0.00405704    0.00863486    0.00631311    0.15276700    0.12782853    0.00000000 
max(|Fsp_perp|)  :   0.00000000    0.00000000    0.00000000    0.00000000    0.00000000    0.00000000    0.00000000    0.00000000    0.00000000    0.00000000 
max(|FNEB|)      :   0.00000000    0.00120751    0.00203065    0.00263803    0.00436755    0.01092587    0.00650227    0.15322657    0.12790076    0.00000000 
max(|Force|)     :   0.00009233    0.00068637    0.00227349    0.00083605    0.01081134    0.00360124    0.00192014    0.01501739    0.00641260    0.00034335 
ksp              :   0.03204260    0.08578434    0.10000000    0.10000000    0.07382596    0.06350968    0.06350968    0.04410554    0.01000000 
max(|step|)      :   0.00000000    0.00078805    0.00132526    0.00172165    0.00285038    0.00713053    0.00424356    0.10000000    0.08347166    0.00000000 
angle (deg.)     :    51.2560  75.7223  35.4591  71.3659  98.2004  44.7809  85.7359  48.2821 
>
iteration       : 34
climbing        : no
zoom on         : no
nim             : 10
barrier         :   0.02191317 (image:  3) 
distance        :   0.00000000    8.41974353   11.50570892   14.12249057   16.67362048   20.00740131   23.56057128   27.09473641   40.66930735   61.34481581 
energy          : -2537.14379937  -2537.13844143  -2537.12537695  -2537.12188620  -2537.12821104  -2537.13702534  -2537.13074288  -2537.14519052  -2537.15771947  -2537.17943128 
max(|Fr_perp|)   :   0.00000000    0.00092616    0.00145195    0.00080698    0.00349648    0.00364124    0.00094890    0.01086578    0.00856142    0.00000000 
Fr_paral         :   0.00000000   -0.00140247   -0.00339092    0.00192121    0.01517265    0.00149416    0.00360192    0.03491524    0.00588151    0.00000000 
max(|Fsp_paral|) :   0.00000000    0.00124362    0.00110382    0.00236708    0.00400823    0.00857666    0.00041019    0.03367392    0.02209567    0.00000000 
max(|Fsp_perp|)  :   0.00000000    0.00000000    0.00000000    0.00000000    0.00000000    0.00000000    0.00000000    0.00000000    0.00000000    0.00000000 
max(|FNEB|)      :   0.00000000    0.00119900    0.00202440    0.00259216    0.00432181    0.01088136    0.00095919    0.03369191    0.02571699    0.00000000 
max(|Force|)     :   0.00009233    0.00067873    0.00231976    0.00085240    0.01079184    0.00359657    0.00190992    0.01317561    0.00888818    0.00034335 
ksp              :   0.03200571    0.08566307    0.10000000    0.10000000    0.07402310    0.06362454    0.06362454    0.01000000    0.01000000 
max(|step|)      :   0.00000000    0.00052729    0.00089375    0.00114371    0.00190496    0.00479953    0.00040748    0.01769040    0.01375922    0.00043910 
angle (deg.)     :    51.2489  75.7034  35.4889  71.2210  98.1777  44.8655  85.5199  48.3792 
>
iteration       : 35
climbing        : no
zoom on         : no
nim             : 10
barrier         :   0.02191515 (image:  3) 
distance        :   0.00000000    8.41824003   11.50445313   14.11953981   16.66957108   19.99692753   23.55390282   27.04146540   40.65832978   61.30988964 
energy          : -2537.14379937  -2537.13844694  -2537.12539514  -2537.12188422  -2537.12817762  -2537.13707226  -2537.13075118  -2537.14364108  -2537.15802178  -2537.17943128 
max(|Fr_perp|)   :   0.00000000    0.00092861    0.00144454    0.00080717    0.00347466    0.00363077    0.00095090    0.00479580    0.00447342    0.00000000 
Fr_paral         :   0.00000000   -0.00138859   -0.00337220    0.00189635    0.01517422    0.00151005    0.00359118    0.03610907    0.00487186    0.00000000 
max(|Fsp_paral|) :   0.00000000    0.00123689    0.00107915    0.00234427    0.00397753    0.00851754    0.00148722    0.02899751    0.01917442    0.00000000 
max(|Fsp_perp|)  :   0.00000000    0.00000000    0.00000000    0.00000000    0.00000000    0.00000000    0.00000000    0.00000000    0.00000000    0.00000000 
max(|FNEB|)      :   0.00000000    0.00119527    0.00196863    0.00258309    0.00429104    0.01083113    0.00146853    0.02900704    0.02121487    0.00000000 
max(|Force|)     :   0.00009233    0.00068406    0.00228151    0.00083679    0.01077785    0.00358723    0.00188961    0.01363515    0.00473989    0.00034335 
ksp              :   0.03198107    0.08558155    0.10000000    0.10000000    0.07415460    0.06358563    0.06358563    0.01065005    0.01000000 
max(|step|)      :   0.00000000    0.00513425    0.00796033    0.01098501    0.01817604    0.04606286    0.01326731    0.10000000    0.06588564    0.00171838 
angle (deg.)     :    51.1809  75.5123  35.7834  69.8308  97.9303  45.5309  84.2478  48.9214 
>
iteration       : 36
climbing        : no
zoom on         : no
nim             : 10
barrier         :   0.02193254 (image:  3) 
distance        :   0.00000000    8.40375748   11.49244840   14.09109833   16.63080430   19.89834805   23.45240116   26.71433868   40.58454404   61.09408270 
energy          : -2537.14379937  -2537.13849941  -2537.12556724  -2537.12186683  -2537.12785951  -2537.13751833  -2537.13067476  -2537.13314941  -2537.15859741  -2537.17943128 
max(|Fr_perp|)   :   0.00000000    0.00089721    0.00143529    0.00081072    0.00326873    0.00351768    0.00134253    0.02968526    0.01313378    0.00000000 
Fr_paral         :   0.00000000   -0.00135244   -0.00344043    0.00184809    0.01519425    0.00165805    0.00360159    0.03423249    0.00359461    0.00000000 
max(|Fsp_paral|) :   0.00000000    0.00116733    0.00087177    0.00211185    0.00367786    0.00804632    0.00657508    0.20304420    0.17070041    0.00000000 
max(|Fsp_perp|)  :   0.00000000    0.00000000    0.00000000    0.00000000    0.00000000    0.00000000    0.00000000    0.00000000    0.00000000    0.00000000 
max(|FNEB|)      :   0.00000000    0.00114102    0.00179245    0.00234927    0.00400345    0.01045832    0.00687517    0.20381680    0.16771907    0.00000000 
max(|Force|)     :   0.00009233    0.00066535    0.00234695    0.00085709    0.01064247    0.00348339    0.00218593    0.02596882    0.01315665    0.00034335 
ksp              :   0.03174856    0.08481552    0.10000000    0.10000000    0.07540851    0.06385666    0.06385666    0.05381048    0.01000000 
max(|step|)      :   0.00000000    0.00055983    0.00087944    0.00115264    0.00196424    0.00513123    0.00337321    0.10000000    0.08228913    0.00000000 
angle (deg.)     :    51.1729  75.4872  35.8186  69.6781  97.8845  45.6642  85.3465  48.3605 
>
iteration       : 37
climbing        : no
zoom on         : no
nim             : 10
barrier         :   0.02193383 (image:  3) 
distance        :   0.00000000    8.40216432   11.49107908   14.08788949   16.62645810   19.88753814   23.43868978   26.97373633   40.55540611   61.24089418 
energy          : -2537.14379937  -2537.13850530  -2537.12558659  -2537.12186554  -2537.12782581  -2537.13756707  -2537.13065417  -2537.14287977  -2537.15758739  -2537.17943128 
max(|Fr_perp|)   :   0.00000000    0.00089671    0.00144758    0.00080895    0.00324446    0.00350436    0.00103442    0.02447029    0.01425820    0.00000000 
Fr_paral         :   0.00000000   -0.00134811   -0.00344767    0.00184388    0.01519176    0.00167458    0.00381019    0.03327543    0.00688556    0.00000000 
max(|Fsp_paral|) :   0.00000000    0.00116050    0.00084861    0.00208553    0.00364868    0.00798398    0.00034627    0.01470717    0.00617560    0.00000000 
max(|Fsp_perp|)  :   0.00000000    0.00000000    0.00000000    0.00000000    0.00000000    0.00000000    0.00000000    0.00000000    0.00000000    0.00000000 
max(|FNEB|)      :   0.00000000    0.00113614    0.00176231    0.00231984    0.00397617    0.01039492    0.00113387    0.02930366    0.01533906    0.00000000 
max(|Force|)     :   0.00009233    0.00066345    0.00234252    0.00085903    0.01063177    0.00347072    0.00210051    0.02464742    0.01463427    0.00034335 
ksp              :   0.03172290    0.08473160    0.10000000    0.10000000    0.07554352    0.06393805    0.06393805    0.01377336    0.01000000 
max(|step|)      :   0.00000000    0.00050465    0.00078343    0.00103124    0.00176701    0.00461994    0.00050734    0.01293953    0.00677212    0.00012011 
angle (deg.)     :    51.1657  75.4640  35.8506  69.5404  97.8669  45.7422  85.2581  48.3974 
>
iteration       : 38
climbing        : no
zoom on         : no
nim             : 10
barrier         :   0.02193508 (image:  3) 
distance        :   0.00000000    8.40072686   11.48984008   14.08499032   16.62253119   19.87783025   23.43252784   26.95139677   40.54259615   61.22466014 
energy          : -2537.14379937  -2537.13851061  -2537.12560376  -2537.12186429  -2537.12779538  -2537.13761115  -2537.13066275  -2537.14282415  -2537.15790510  -2537.17943128 
max(|Fr_perp|)   :   0.00000000    0.00089398    0.00145309    0.00080846    0.00322539    0.00349206    0.00094024    0.01413278    0.00959738    0.00000000 
Fr_paral         :   0.00000000   -0.00134730   -0.00345604    0.00181648    0.01519300    0.00169114    0.00378735    0.03460167    0.00597343    0.00000000 
max(|Fsp_paral|) :   0.00000000    0.00115387    0.00082904    0.00206179    0.00362260    0.00792765    0.00077070    0.01304859    0.00516079    0.00000000 
max(|Fsp_perp|)  :   0.00000000    0.00000000    0.00000000    0.00000000    0.00000000    0.00000000    0.00000000    0.00000000    0.00000000    0.00000000 
max(|FNEB|)      :   0.00000000    0.00113094    0.00174137    0.00231281    0.00395127    0.01034296    0.00113227    0.01831710    0.01049889    0.00000000 
max(|Force|)     :   0.00009233    0.00066124    0.00234520    0.00083917    0.01061998    0.00345977    0.00206462    0.01531302    0.00992325    0.00034335 
ksp              :   0.03169986    0.08465687    0.10000000    0.10000000    0.07566465    0.06389975    0.06389975    0.01400136    0.01000000 
max(|step|)      :   0.00000000    0.00395810    0.00600383    0.00801486    0.01372298    0.03589685    0.00414982    0.04259272    0.02721935    0.00069684 
angle (deg.)     :    51.1098  75.2789  36.1077  68.4709  97.7456  46.3879  84.7052  48.6007 
>
iteration       : 39
climbing        : no
zoom on         : no
nim             : 10
barrier         :   0.02194384 (image:  3) 
distance        :   0.00000000    8.38956073   11.48019344   14.06248847   16.59209845   19.80366230   23.38004001   26.80876702   40.45028190   61.11805397 
energy          : -2537.14379937  -2537.13855129  -2537.12573746  -2537.12185553  -2537.12755991  -2537.13795022  -2537.13069806  -2537.13906240  -2537.15830241  -2537.17943128 
max(|Fr_perp|)   :   0.00000000    0.00088158    0.00146035    0.00080983    0.00307145    0.00338541    0.00110054    0.02143655    0.00725543    0.00000000 
Fr_paral         :   0.00000000   -0.00131745   -0.00350439    0.00179387    0.01520140    0.00182021    0.00366370    0.03864063    0.00261330    0.00000000 
max(|Fsp_paral|) :   0.00000000    0.00110913    0.00067662    0.00187752    0.00340249    0.00746785    0.00306843    0.06906493    0.06105163    0.00000000 
max(|Fsp_perp|)  :   0.00000000    0.00000000    0.00000000    0.00000000    0.00000000    0.00000000    0.00000000    0.00000000    0.00000000    0.00000000 
max(|FNEB|)      :   0.00000000    0.00109790    0.00157140    0.00209622    0.00374322    0.00993075    0.00300974    0.06872488    0.06393416    0.00000000 
max(|Force|)     :   0.00009233    0.00065677    0.00235221    0.00086545    0.01052239    0.00336390    0.00196876    0.02578465    0.00711590    0.00034335 
ksp              :   0.03152438    0.08407872    0.10000000    0.10000000    0.07660419    0.06373345    0.06373345    0.02942810    0.01000000 
max(|step|)      :   0.00000000    0.00183434    0.00276355    0.00369406    0.00632980    0.01652901    0.00186801    0.02565666    0.01748726    0.00040194 
angle (deg.)     :    51.1352  75.3636  35.9883  68.9632  97.7928  46.0907  85.0532  48.4592 
>
iteration       : 40
climbing        : no
zoom on         : no
nim             : 10
barrier         :   0.02193986 (image:  3) 
distance        :   0.00000000    8.39469503   11.48461619   14.07280348   16.60602981   19.83744849   23.40315891   26.89605046   40.49065139   61.17924822 
energy          : -2537.14379937  -2537.13853262  -2537.12567591  -2537.12185951  -2537.12766860  -2537.13779539  -2537.13068040  -2537.14199839  -2537.15817444  -2537.17943128 
max(|Fr_perp|)   :   0.00000000    0.00088751    0.00145675    0.00080874    0.00314447    0.00343469    0.00094420    0.00200697    0.00287581    0.00000000 
Fr_paral         :   0.00000000   -0.00132978   -0.00348062    0.00180839    0.01519812    0.00176213    0.00374379    0.03666215    0.00444962    0.00000000 
max(|Fsp_paral|) :   0.00000000    0.00112924    0.00074738    0.00196256    0.00350999    0.00768309    0.00155862    0.00508945    0.00922105    0.00000000 
max(|Fsp_perp|)  :   0.00000000    0.00000000    0.00000000    0.00000000    0.00000000    0.00000000    0.00000000    0.00000000    0.00000000    0.00000000 
max(|FNEB|)      :   0.00000000    0.00111293    0.00164813    0.00219205    0.00384332    0.01012113    0.00156508    0.00492085    0.00856499    0.00000000 
max(|Force|)     :   0.00009233    0.00065930    0.00234625    0.00085691    0.01056978    0.00340792    0.00201137    0.01367392    0.00310334    0.00034335 
ksp              :   0.03160485    0.08434466    0.10000000    0.10000000    0.07617038    0.06381563    0.06381563    0.01738783    0.01000000 
max(|step|)      :   0.00000000    0.00098385    0.00147119    0.00196263    0.00339683    0.00890654    0.00123256    0.00363401    0.00333056    0.00019820 
angle (deg.)     :    51.1212  75.3163  36.0531  68.6979  97.7620  46.2535  85.0030  48.4635 
>
iteration       : 41
climbing        : no
zoom on         : no
nim             : 10
barrier         :   0.02194189 (image:  3) 
distance        :   0.00000000    8.39191786   11.48220939   14.06720002   16.59844879   19.81909311   23.38942413   26.88148647   40.46678682   61.16483816 
energy          : -2537.14379937  -2537.13854274  -2537.12570909  -2537.12185748  -2537.12761051  -2537.13787947  -2537.13068606  -2537.14184847  -2537.15817714  -2537.17943128 
max(|Fr_perp|)   :   0.00000000    0.00088363    0.00145772    0.00080957    0.00310392    0.00341222    0.00094527    0.00547961    0.00336155    0.00000000 
Fr_paral         :   0.00000000   -0.00132310   -0.00349047    0.00176020    0.01520042    0.00179243    0.00373129    0.03711054    0.00411431    0.00000000 
max(|Fsp_paral|) :   0.00000000    0.00111801    0.00071019    0.00191699    0.00345502    0.00756952    0.00167363    0.00823571    0.01175011    0.00000000 
max(|Fsp_perp|)  :   0.00000000    0.00000000    0.00000000    0.00000000    0.00000000    0.00000000    0.00000000    0.00000000    0.00000000    0.00000000 
max(|FNEB|)      :   0.00000000    0.00110452    0.00160531    0.00217719    0.00379139    0.01001951    0.00167133    0.00801079    0.01185273    0.00000000 
max(|Force|)     :   0.00009233    0.00065725    0.00234584    0.00082137    0.01054329    0.00338814    0.00200434    0.01376539    0.00357306    0.00034335 
ksp              :   0.03156135    0.08420170    0.10000000    0.10000000    0.07640255    0.06378743    0.06378743    0.01800211    0.01000000 
max(|step|)      :   0.00000000    0.01109915    0.01648513    0.02199939    0.03816759    0.10000000    0.01391796    0.04038828    0.03730637    0.00330703 
angle (deg.)     :    50.9702  74.7864  36.8191  65.7385  97.6513  48.1123  84.4461  48.5164 
>
iteration       : 42
climbing        : no
zoom on         : no
nim             : 10
barrier         :   0.02196134 (image:  3) 
distance        :   0.00000000    8.36084834   11.45561385   14.00544393   16.51550760   19.62499868   23.25397395   26.73865706   40.21903694   61.02421372 
energy          : -2537.14379937  -2537.13865426  -2537.12608101  -2537.12183803  -2537.12695308  -2537.13878271  -2537.13074351  -2537.13795782  -2537.15725789  -2537.17943128 
max(|Fr_perp|)   :   0.00000000    0.00084297    0.00146948    0.00081029    0.00268926    0.00305376    0.00149617    0.05004763    0.02044689    0.00000000 
Fr_paral         :   0.00000000   -0.00124789   -0.00361522    0.00167808    0.01521150    0.00215587    0.00346288    0.04119712    0.00074002    0.00000000 
max(|Fsp_paral|) :   0.00000000    0.00100680    0.00028662    0.00146778    0.00261489    0.00628173    0.00292546    0.08994590    0.07873157    0.00000000 
max(|Fsp_perp|)  :   0.00000000    0.00000000    0.00000000    0.00000000    0.00000000    0.00000000    0.00000000    0.00000000    0.00000000    0.00000000 
max(|FNEB|)      :   0.00000000    0.00102128    0.00140063    0.00158734    0.00308274    0.00890569    0.00320127    0.08925897    0.08684126    0.00000000 
max(|Force|)     :   0.00009233    0.00063603    0.00236299    0.00087273    0.01027837    0.00306539    0.00188158    0.05465386    0.02046138    0.00034335 
ksp              :   0.03108558    0.08261232    0.10000000    0.10000000    0.07903748    0.06350423    0.06350423    0.03411643    0.01000000 
max(|step|)      :   0.00000000    0.00114418    0.00156917    0.00177835    0.00345370    0.00997737    0.00358650    0.10000000    0.09729135    0.00000000 
angle (deg.)     :    50.9528  74.7064  36.9084  65.4557  97.6194  48.3640  85.5664  47.9257 
>
iteration       : 43
climbing        : no
zoom on         : no
nim             : 10
barrier         :   0.02196016 (image:  3) 
distance        :   0.00000000    8.35758173   11.45269570   13.99884763   16.50700921   19.60600428   23.23482606   26.99771589   40.17627668   61.16828771 
energy          : -2537.14379937  -2537.13866615  -2537.12611776  -2537.12183921  -2537.12690350  -2537.13887656  -2537.13073229  -2537.14990278  -2537.15681341  -2537.17943128 
max(|Fr_perp|)   :   0.00000000    0.00083481    0.00145799    0.00081082    0.00264824    0.00301925    0.00093932    0.01890060    0.00489206    0.00000000 
Fr_paral         :   0.00000000   -0.00124264   -0.00362764    0.00163726    0.01521107    0.00223926    0.00374279    0.03381432    0.00612953    0.00000000 
max(|Fsp_paral|) :   0.00000000    0.00098782    0.00026169    0.00140876    0.00261739    0.00613244    0.00299262    0.04043538    0.02413065    0.00000000 
max(|Fsp_perp|)  :   0.00000000    0.00000000    0.00000000    0.00000000    0.00000000    0.00000000    0.00000000    0.00000000    0.00000000    0.00000000 
max(|FNEB|)      :   0.00000000    0.00100520    0.00138629    0.00156075    0.00306552    0.00866417    0.00365237    0.04136261    0.02604543    0.00000000 
max(|Force|)     :   0.00009233    0.00063003    0.00237054    0.00084764    0.01025107    0.00303714    0.00197432    0.01982956    0.00514056    0.00034335 
ksp              :   0.03103764    0.08246509    0.10000000    0.10000000    0.07924488    0.06355320    0.06355320    0.01000000    0.01000000 
max(|step|)      :   0.00000000    0.00051369    0.00071619    0.00080655    0.00157921    0.00445405    0.00232975    0.03139727    0.02226332    0.00061973 
angle (deg.)     :    50.9446  74.6695  36.9497  65.3267  97.6255  48.4665  85.1947  48.0842 
>
iteration       : 44
climbing        : no
zoom on         : no
nim             : 10
barrier         :   0.02195942 (image:  3) 
distance        :   0.00000000    8.35610347   11.45135116   13.99587175   16.50305806   19.59742259   23.23563119   26.91159530   40.16276712   61.11323713 
energy          : -2537.14379937  -2537.13867162  -2537.12613452  -2537.12183995  -2537.12688020  -2537.13891956  -2537.13076394  -2537.14734615  -2537.15726759  -2537.17943128 
max(|Fr_perp|)   :   0.00000000    0.00083243    0.00146718    0.00081062    0.00263170    0.00300915    0.00094343    0.00198374    0.00368145    0.00000000 
Fr_paral         :   0.00000000   -0.00123797   -0.00364059    0.00166583    0.01521122    0.00225092    0.00368613    0.03668260    0.00467740    0.00000000 
max(|Fsp_paral|) :   0.00000000    0.00097944    0.00024879    0.00138734    0.00260306    0.00604883    0.00083401    0.03789751    0.02386456    0.00000000 
max(|Fsp_perp|)  :   0.00000000    0.00000000    0.00000000    0.00000000    0.00000000    0.00000000    0.00000000    0.00000000    0.00000000    0.00000000 
max(|FNEB|)      :   0.00000000    0.00099816    0.00138316    0.00150776    0.00304973    0.00858844    0.00145537    0.03861840    0.02401636    0.00000000 
max(|Force|)     :   0.00009233    0.00062869    0.00238526    0.00087364    0.01024126    0.00302957    0.00190516    0.01309284    0.00391946    0.00034335 
ksp              :   0.03101593    0.08239881    0.10000000    0.10000000    0.07934270    0.06342531    0.06342531    0.01000000    0.01000000 
max(|step|)      :   0.00000000    0.00184850    0.00253057    0.00270796    0.00560534    0.01568196    0.00223067    0.10000000    0.06992160    0.00169344 
angle (deg.)     :    50.9153  74.5364  37.0978  64.8716  97.6306  48.7895  84.0195  48.6011 
>
iteration       : 45
climbing        : no
zoom on         : no
nim             : 10
barrier         :   0.02195659 (image:  3) 
distance        :   0.00000000    8.35088685   11.44655193   13.98535119   16.48900576   19.56741956   23.22244828   26.63293131   40.13131839   60.94070810 
energy          : -2537.14379937  -2537.13869082  -2537.12619397  -2537.12184278  -2537.12679762  -2537.13907145  -2537.13081194  -2537.13734435  -2537.15805483  -2537.17943128 
max(|Fr_perp|)   :   0.00000000    0.00082348    0.00146581    0.00080724    0.00256852    0.00295953    0.00107114    0.01221164    0.00844555    0.00000000 
Fr_paral         :   0.00000000   -0.00122878   -0.00366452    0.00164818    0.01521097    0.00231555    0.00351831    0.03912474    0.00179427    0.00000000 
max(|Fsp_paral|) :   0.00000000    0.00095249    0.00019984    0.00131566    0.00253354    0.00580488    0.00495822    0.10458988    0.08954930    0.00000000 
max(|Fsp_perp|)  :   0.00000000    0.00000000    0.00000000    0.00000000    0.00000000    0.00000000    0.00000000    0.00000000    0.00000000    0.00000000 
max(|FNEB|)      :   0.00000000    0.00097480    0.00136087    0.00143398    0.00297781    0.00834947    0.00503706    0.10463832    0.09170964    0.00000000 
max(|Force|)     :   0.00009233    0.00062207    0.00239496    0.00086684    0.01020198    0.00298809    0.00188879    0.01815157    0.00839920    0.00034335 
ksp              :   0.03093998    0.08216471    0.10000000    0.10000000    0.07968965    0.06323497    0.06323497    0.03657573    0.01000000 
max(|step|)      :   0.00000000    0.00093159    0.00130055    0.00137041    0.00284581    0.00797936    0.00481378    0.10000000    0.08764442    0.00000000 
angle (deg.)     :    50.9000  74.4665  37.1752  64.6398  97.5961  48.9687  85.1403  48.0328 
>
iteration       : 46
climbing        : no
zoom on         : no
nim             : 10
barrier         :   0.02195480 (image:  3) 
distance        :   0.00000000    8.34822349   11.44407031   13.97996057   16.48177208   19.55226153   23.20143839   26.89176522   40.09501132   61.08567466 
energy          : -2537.14379937  -2537.13870064  -2537.12622422  -2537.12184457  -2537.12675598  -2537.13914888  -2537.13077822  -2537.14742549  -2537.15705220  -2537.17943128 
max(|Fr_perp|)   :   0.00000000    0.00081898    0.00146640    0.00080848    0.00254494    0.00292827    0.00093785    0.00761588    0.00626735    0.00000000 
Fr_paral         :   0.00000000   -0.00122391   -0.00367501    0.00163866    0.01520524    0.00235058    0.00375334    0.03527193    0.00601747    0.00000000 
max(|Fsp_paral|) :   0.00000000    0.00093906    0.00017420    0.00128072    0.00248875    0.00570392    0.00090879    0.03830960    0.02415492    0.00000000 
max(|Fsp_perp|)  :   0.00000000    0.00000000    0.00000000    0.00000000    0.00000000    0.00000000    0.00000000    0.00000000    0.00000000    0.00000000 
max(|FNEB|)      :   0.00000000    0.00096311    0.00137245    0.00139731    0.00295165    0.00823583    0.00152762    0.03875233    0.02718080    0.00000000 
max(|Force|)     :   0.00009233    0.00061896    0.00239655    0.00086879    0.01018687    0.00295929    0.00192673    0.01282395    0.00661931    0.00034335 
ksp              :   0.03090139    0.08204638    0.10000000    0.10000000    0.07986650    0.06337802    0.06337802    0.01000000    0.01000000 
max(|step|)      :   0.00000000    0.00047576    0.00068465    0.00069578    0.00146625    0.00409329    0.00105243    0.02677093    0.01986315    0.00060446 
angle (deg.)     :    50.8920  74.4297  37.2157  64.5207  97.6011  49.0554  84.8183  48.1732 
>
iteration       : 47
climbing        : no
zoom on         : no
nim             : 10
barrier         :   0.02195378 (image:  3) 
distance        :   0.00000000    8.34685325   11.44277992   13.97717601   16.47802378   19.54449739   23.19931246   26.81717440   40.08467681   61.03892412 
energy          : -2537.14379937  -2537.13870571  -2537.12623984  -2537.12184559  -2537.12673494  -2537.13918902  -2537.13079636  -2537.14493936  -2537.15744226  -2537.17943128 
max(|Fr_perp|)   :   0.00000000    0.00081340    0.00146713    0.00080866    0.00252300    0.00292133    0.00094162    0.00103994    0.00250678    0.00000000 
Fr_paral         :   0.00000000   -0.00122583   -0.00368230    0.00162493    0.01521432    0.00236075    0.00371109    0.03687390    0.00476440    0.00000000 
max(|Fsp_paral|) :   0.00000000    0.00093235    0.00016081    0.00126326    0.00246555    0.00564332    0.00080548    0.03623841    0.02391651    0.00000000 
max(|Fsp_perp|)  :   0.00000000    0.00000000    0.00000000    0.00000000    0.00000000    0.00000000    0.00000000    0.00000000    0.00000000    0.00000000 
max(|FNEB|)      :   0.00000000    0.00095678    0.00138055    0.00138876    0.00292156    0.00817507    0.00114033    0.03649846    0.02526806    0.00000000 
max(|Force|)     :   0.00009233    0.00061331    0.00240101    0.00086288    0.01017571    0.00295458    0.00190172    0.01360755    0.00283394    0.00034335 
ksp              :   0.03088157    0.08198566    0.10000000    0.10000000    0.07995602    0.06330612    0.06330612    0.01000000    0.01000000 
max(|step|)      :   0.00000000    0.00204633    0.00296327    0.00291322    0.00615702    0.01724980    0.00424046    0.10000000    0.07262125    0.00189096 
angle (deg.)     :    50.8580  74.2705  37.3873  64.0184  97.5869  49.3446  83.6131  48.7116 
>
iteration       : 48
climbing        : no
zoom on         : no
nim             : 10
barrier         :   0.02194884 (image:  3) 
distance        :   0.00000000    8.34106725   11.43727717   13.96536826   16.46209998   19.51198735   23.16757440   26.53295335   40.06451156   60.86758251 
energy          : -2537.14379937  -2537.13872726  -2537.12630597  -2537.12185053  -2537.12664602  -2537.13935948  -2537.13078164  -2537.13506675  -2537.15835154  -2537.17943128 
max(|Fr_perp|)   :   0.00000000    0.00080910    0.00146834    0.00081075    0.00244140    0.00286509    0.00096982    0.00888793    0.00442465    0.00000000 
Fr_paral         :   0.00000000   -0.00121151   -0.00371123    0.00161542    0.01521088    0.00242460    0.00360018    0.03691338    0.00252882    0.00000000 
max(|Fsp_paral|) :   0.00000000    0.00090433    0.00010437    0.00119064    0.00235081    0.00543729    0.00615996    0.15330851    0.13010311    0.00000000 
max(|Fsp_perp|)  :   0.00000000    0.00000000    0.00000000    0.00000000    0.00000000    0.00000000    0.00000000    0.00000000    0.00000000    0.00000000 
max(|FNEB|)      :   0.00000000    0.00093292    0.00141271    0.00129534    0.00277733    0.00796214    0.00640548    0.15368988    0.12988696    0.00000000 
max(|Force|)     :   0.00009233    0.00061638    0.00241201    0.00086593    0.01011859    0.00290655    0.00203705    0.01522122    0.00434350    0.00034335 
ksp              :   0.03079800    0.08173092    0.10000000    0.10000000    0.08033616    0.06337818    0.06337818    0.04591565    0.01000000 
max(|step|)      :   0.00000000    0.00060702    0.00091920    0.00084282    0.00180710    0.00518065    0.00416779    0.10000000    0.08451237    0.00000000 
angle (deg.)     :    50.8475  74.2213  37.4406  63.8687  97.5558  49.4882  84.7407  48.1461 
>
iteration       : 49
climbing        : no
zoom on         : no
nim             : 10
barrier         :   0.02194718 (image:  3) 
distance        :   0.00000000    8.33932748   11.43560246   13.96180223   16.45730750   19.50230389   23.15274512   26.79529445   40.03281608   61.01449528 
energy          : -2537.14379937  -2537.13873374  -2537.12632578  -2537.12185219  -2537.12662040  -2537.13941032  -2537.13075238  -2537.14479215  -2537.15723609  -2537.17943128 
max(|Fr_perp|)   :   0.00000000    0.00080438    0.00147903    0.00080999    0.00242747    0.00286331    0.00093307    0.01072730    0.00828741    0.00000000 
Fr_paral         :   0.00000000   -0.00120846   -0.00372815    0.00160646    0.01521401    0.00240752    0.00384303    0.03503688    0.00613721    0.00000000 
max(|Fsp_paral|) :   0.00000000    0.00089608    0.00008696    0.00116835    0.00231930    0.00536105    0.00017237    0.03718179    0.02412459    0.00000000 
max(|Fsp_perp|)  :   0.00000000    0.00000000    0.00000000    0.00000000    0.00000000    0.00000000    0.00000000    0.00000000    0.00000000    0.00000000 
max(|FNEB|)      :   0.00000000    0.00092552    0.00143264    0.00127382    0.00277459    0.00788817    0.00093170    0.03719116    0.02793047    0.00000000 
max(|Force|)     :   0.00009233    0.00060840    0.00243587    0.00086327    0.01011411    0.00290510    0.00201100    0.01315809    0.00863876    0.00034335 
ksp              :   0.03077293    0.08165492    0.10000000    0.10000000    0.08044672    0.06350252    0.06350252    0.01000000    0.01000000 
max(|step|)      :   0.00000000    0.00038967    0.00060645    0.00053924    0.00117221    0.00333348    0.00039627    0.01927288    0.01484127    0.00045541 
angle (deg.)     :    50.8407  74.1890  37.4753  63.7722  97.5585  49.5518  84.5037  48.2509 
>
iteration       : 50
climbing        : no
zoom on         : no
nim             : 10
barrier         :   0.02194606 (image:  3) 
distance        :   0.00000000    8.33820581   11.43451304   13.95949352   16.45420357   19.49608708   23.14951321   26.74068958   40.02518862   60.98067902 
energy          : -2537.14379937  -2537.13873793  -2537.12633862  -2537.12185332  -2537.12660399  -2537.13944361  -2537.13076184  -2537.14306749  -2537.15756027  -2537.17943128 
max(|Fr_perp|)   :   0.00000000    0.00080046    0.00146842    0.00080964    0.00241812    0.00283699    0.00093588    0.00476188    0.00418940    0.00000000 
Fr_paral         :   0.00000000   -0.00121121   -0.00372489    0.00160777    0.01520298    0.00245348    0.00381615    0.03618878    0.00513459    0.00000000 
max(|Fsp_paral|) :   0.00000000    0.00089096    0.00007554    0.00115404    0.00229813    0.00532098    0.00134351    0.02074592    0.01150084    0.00000000 
max(|Fsp_perp|)  :   0.00000000    0.00000000    0.00000000    0.00000000    0.00000000    0.00000000    0.00000000    0.00000000    0.00000000    0.00000000 
max(|FNEB|)      :   0.00000000    0.00092055    0.00142818    0.00125684    0.00277425    0.00783734    0.00134693    0.02075153    0.01381045    0.00000000 
max(|Force|)     :   0.00009233    0.00060422    0.00241788    0.00086813    0.01010427    0.00288121    0.00199548    0.01359486    0.00447842    0.00034335 
ksp              :   0.03075677    0.08160593    0.10000000    0.10000000    0.08051767    0.06346647    0.06346647    0.01300143    0.01000000 
max(|step|)      :   0.00000000    0.00147902    0.00228541    0.00199725    0.00445172    0.01252820    0.00257532    0.02555511    0.01547152    0.00037216 
angle (deg.)     :    50.8152  74.0666  37.6060  63.4114  97.5554  49.7864  84.1542  48.3826 
>
iteration       : 51
climbing        : no
zoom on         : no
nim             : 10
barrier         :   0.02194160 (image:  3) 
distance        :   0.00000000    8.33398383   11.43041690   13.95081169   16.44252890   19.47290088   23.12952444   26.66032860   39.99437615   60.92718069 
energy          : -2537.14379937  -2537.13875375  -2537.12638684  -2537.12185777  -2537.12654259  -2537.13956769  -2537.13076249  -2537.14061721  -2537.15784234  -2537.17943128 
max(|Fr_perp|)   :   0.00000000    0.00079393    0.00146973    0.00080885    0.00237280    0.00279398    0.00093945    0.00113245    0.00232068    0.00000000 
Fr_paral         :   0.00000000   -0.00120039   -0.00374499    0.00159288    0.01521253    0.00249992    0.00379100    0.03708248    0.00413950    0.00000000 
max(|Fsp_paral|) :   0.00000000    0.00087117    0.00003398    0.00109994    0.00221319    0.00516943    0.00265431    0.03128679    0.03070812    0.00000000 
max(|Fsp_perp|)  :   0.00000000    0.00000000    0.00000000    0.00000000    0.00000000    0.00000000    0.00000000    0.00000000    0.00000000    0.00000000 
max(|FNEB|)      :   0.00000000    0.00090326    0.00145172    0.00120117    0.00269742    0.00767494    0.00250788    0.03129785    0.02986195    0.00000000 
max(|Force|)     :   0.00009233    0.00060013    0.00242317    0.00086548    0.01008293    0.00284437    0.00201418    0.01394432    0.00255144    0.00034335 
ksp              :   0.03069612    0.08142268    0.10000000    0.10000000    0.08078380    0.06347465    0.06347465    0.02305259    0.01000000 
max(|step|)      :   0.00000000    0.00035264    0.00052206    0.00046142    0.00104686    0.00291556    0.00059142    0.01332154    0.00974696    0.00019381 
angle (deg.)     :    50.8210  74.0947  37.5757  63.4950  97.5544  49.7341  84.3201  48.3106 
>
iteration       : 52
climbing        : no
zoom on         : no
nim             : 10
barrier         :   0.02194261 (image:  3) 
distance        :   0.00000000    8.33496453   11.43136156   13.95281862   16.44522670   19.47824476   23.13395208   26.69862140   39.99971640   60.95070736 
energy          : -2537.14379937  -2537.13875005  -2537.12637562  -2537.12185676  -2537.12655703  -2537.13953911  -2537.13076172  -2537.14191830  -2537.15769685  -2537.17943128 
max(|Fr_perp|)   :   0.00000000    0.00079633    0.00146523    0.00080888    0.00238219    0.00280434    0.00093725    0.00121156    0.00226237    0.00000000 
Fr_paral         :   0.00000000   -0.00120200   -0.00373622    0.00160627    0.01521395    0.00248839    0.00380440    0.03674690    0.00460725    0.00000000 
max(|Fsp_paral|) :   0.00000000    0.00087603    0.00004374    0.00111261    0.00223459    0.00520378    0.00194650    0.00351921    0.00816882    0.00000000 
max(|Fsp_perp|)  :   0.00000000    0.00000000    0.00000000    0.00000000    0.00000000    0.00000000    0.00000000    0.00000000    0.00000000    0.00000000 
max(|FNEB|)      :   0.00000000    0.00090765    0.00144202    0.00120522    0.00271200    0.00771208    0.00179245    0.00349472    0.00675172    0.00000000 
max(|Force|)     :   0.00009233    0.00060211    0.00241197    0.00087513    0.01008860    0.00285321    0.00200920    0.01378346    0.00285774    0.00034335 
ksp              :   0.03071035    0.08146540    0.10000000    0.10000000    0.08072134    0.06347536    0.06347536    0.01771540    0.01000000 
max(|step|)      :   0.00000000    0.00053792    0.00084753    0.00071310    0.00160453    0.00455532    0.00103405    0.00083395    0.00262466    0.00008363 
angle (deg.)     :    50.8116  74.0494  37.6238  63.3640  97.5526  49.8230  84.3049  48.3037 
>
iteration       : 53
climbing        : no
zoom on         : no
nim             : 10
barrier         :   0.02194086 (image:  3) 
distance        :   0.00000000    8.33342649   11.42985976   13.94964837   16.44096537   19.46983728   23.12654428   26.69548627   39.98619075   60.94612088 
energy          : -2537.14379937  -2537.13875583  -2537.12639319  -2537.12185851  -2537.12653500  -2537.13958438  -2537.13076123  -2537.14197502  -2537.15767754  -2537.17943128 
max(|Fr_perp|)   :   0.00000000    0.00079379    0.00146759    0.00080886    0.00236383    0.00278127    0.00093696    0.00109536    0.00243611    0.00000000 
Fr_paral         :   0.00000000   -0.00119930   -0.00374597    0.00159646    0.01521631    0.00250467    0.00380826    0.03680661    0.00458836    0.00000000 
max(|Fsp_paral|) :   0.00000000    0.00086883    0.00002865    0.00109288    0.00220362    0.00514798    0.00187777    0.00218067    0.00711908    0.00000000 
max(|Fsp_perp|)  :   0.00000000    0.00000000    0.00000000    0.00000000    0.00000000    0.00000000    0.00000000    0.00000000    0.00000000    0.00000000 
max(|FNEB|)      :   0.00000000    0.00090122    0.00145242    0.00118998    0.00268548    0.00765460    0.00172987    0.00212434    0.00585393    0.00000000 
max(|Force|)     :   0.00009233    0.00060026    0.00242090    0.00087023    0.01007842    0.00283236    0.00200992    0.01377283    0.00269991    0.00034335 
ksp              :   0.03068828    0.08139902    0.10000000    0.10000000    0.08081731    0.06348161    0.06348161    0.01748335    0.01000000 
max(|step|)      :   0.00000000    0.00980766    0.01579129    0.01267602    0.02887899    0.08229156    0.01820632    0.01257523    0.04127440    0.00258379 
angle (deg.)     :    50.6421  73.2121  38.5321  61.0691  97.6499  51.4966  83.8594  48.2471 
>
iteration       : 54
climbing        : no
zoom on         : no
nim             : 10
barrier         :   0.02190603 (image:  3) 
distance        :   0.00000000    8.30566440   11.40265840   13.89280184   16.36501101   19.32582723   23.00702905   26.61365737   39.75197119   60.85319367 
energy          : -2537.14379937  -2537.13885959  -2537.12671005  -2537.12189334  -2537.12614503  -2537.14038039  -2537.13076603  -2537.14157176  -2537.15743432  -2537.17943128 
max(|Fr_perp|)   :   0.00000000    0.00074148    0.00146759    0.00081547    0.00204950    0.00259457    0.00093224    0.00489700    0.00291954    0.00000000 
Fr_paral         :   0.00000000   -0.00115647   -0.00387413    0.00149478    0.01521482    0.00279841    0.00383966    0.03678024    0.00450699    0.00000000 
max(|Fsp_paral|) :   0.00000000    0.00074686    0.00025672    0.00071644    0.00147287    0.00420014    0.00158899    0.00841170    0.01271660    0.00000000 
max(|Fsp_perp|)  :   0.00000000    0.00000000    0.00000000    0.00000000    0.00000000    0.00000000    0.00000000    0.00000000    0.00000000    0.00000000 
max(|FNEB|)      :   0.00000000    0.00078903    0.00159876    0.00086541    0.00211002    0.00663887    0.00154061    0.00829728    0.01201089    0.00000000 
max(|Force|)     :   0.00009233    0.00055915    0.00243849    0.00085520    0.00988895    0.00269072    0.00209802    0.01367567    0.00317803    0.00034335 
ksp              :   0.03029489    0.08021075    0.10000000    0.10000000    0.08253210    0.06354692    0.06354692    0.01915203    0.01000000 
max(|step|)      :   0.00000000    0.00000000    0.00000000    0.00000000    0.00000000    0.00000000    0.00000000    0.00000000    0.00000000    0.00000000 
angle (deg.)     :    50.6421  73.2121  38.5321  61.0690  97.6498  51.4967  83.8594  48.2471 
>
iteration       : 55
climbing        : no
zoom on         : no
nim             : 10
barrier         :   0.02190592 (image:  3) 
distance        :   0.00000000    8.30566440   11.40265840   13.89280184   16.36501101   19.32582723   23.00702905   26.61365737   39.75197119   60.85319367 
energy          : -2537.14379937  -2537.13885978  -2537.12671054  -2537.12189345  -2537.12614464  -2537.14038183  -2537.13076608  -2537.14158914  -2537.15743206  -2537.17943128 
max(|Fr_perp|)   :   0.00000000    0.00074096    0.00146790    0.00081535    0.00204852    0.00258510    0.00093216    0.00481461    0.00291522    0.00000000 
Fr_paral         :   0.00000000   -0.00115673   -0.00387530    0.00149300    0.01521402    0.00280405    0.00384104    0.03678146    0.00451422    0.00000000 
max(|Fsp_paral|) :   0.00000000    0.00074649    0.00025466    0.00071559    0.00147569    0.00419582    0.00157885    0.00839313    0.01270966    0.00000000 
max(|Fsp_perp|)  :   0.00000000    0.00000000    0.00000000    0.00000000    0.00000000    0.00000000    0.00000000    0.00000000    0.00000000    0.00000000 
max(|FNEB|)      :   0.00000000    0.00078890    0.00159902    0.00086533    0.00210994    0.00663949    0.00153936    0.00829439    0.01200900    0.00000000 
max(|Force|)     :   0.00009233    0.00056232    0.00244064    0.00085380    0.00988939    0.00268671    0.00210053    0.01367409    0.00317833    0.00034335 
ksp              :   0.03029487    0.08021081    0.10000000    0.10000000    0.08253226    0.06354701    0.06354701    0.01915200    0.01000000 
max(|step|)      :   0.00000000    0.00656924    0.01331520    0.00720568    0.01756962    0.05528758    0.01281837    0.06906810    0.10000000    0.00000000 
angle (deg.)     :    50.5161  72.5185  39.2222  59.6517  97.7720  52.6813  84.4251  47.7747 
>
iteration       : 56
climbing        : no
zoom on         : no
nim             : 10
barrier         :   0.02187442 (image:  3) 
distance        :   0.00000000    8.28661589   11.38272605   13.85263640   16.31425136   19.23440245   22.93281566   26.76388522   39.56094226   60.90803035 
energy          : -2537.14379937  -2537.13893323  -2537.12691301  -2537.12192495  -2537.12598333  -2537.14090829  -2537.13078190  -2537.14737302  -2537.15516271  -2537.17943128 
max(|Fr_perp|)   :   0.00000000    0.00070417    0.00329608    0.00283202    0.00188421    0.00315068    0.00171659    0.03225080    0.01964426    0.00000000 
Fr_paral         :   0.00000000   -0.00113393   -0.00395621    0.00145511    0.01522879    0.00309873    0.00382672    0.03535137    0.00747621    0.00000000 
max(|Fsp_paral|) :   0.00000000    0.00062520    0.00039500    0.00033925    0.00151412    0.00326905    0.00294718    0.04324226    0.02659094    0.00000000 
max(|Fsp_perp|)  :   0.00000000    0.00000000    0.00000000    0.00000000    0.00000000    0.00000000    0.00000000    0.00000000    0.00000000    0.00000000 
max(|FNEB|)      :   0.00000000    0.00067588    0.00330921    0.00283117    0.00204982    0.00540956    0.00364806    0.04437210    0.03228681    0.00000000 
max(|Force|)     :   0.00009233    0.00055781    0.00323968    0.00283352    0.00981792    0.00340091    0.00203849    0.03612459    0.01965465    0.00034335 
ksp              :   0.03002123    0.07947717    0.10000000    0.10000000    0.08330225    0.06355902    0.06355902    0.01000000    0.01000000 
max(|step|)      :   0.00000000    0.00282276    0.00541978    0.00307859    0.00727606    0.02335544    0.00728692    0.05637227    0.06501165    0.00246248 
angle (deg.)     :    50.5669  72.8013  38.9298  60.2251  97.7156  52.2310  83.8726  48.1195 
>
iteration       : 57
climbing        : no
zoom on         : no
nim             : 10
barrier         :   0.02188187 (image:  3) 
distance        :   0.00000000    8.29458330   11.39083295   13.86922679   16.33452415   19.27138920   22.96799865   26.62739885   39.63832092   60.84126647 
energy          : -2537.14379937  -2537.13890286  -2537.12683476  -2537.12191751  -2537.12604974  -2537.14071651  -2537.13080614  -2537.14302696  -2537.15705587  -2537.17943128 
max(|Fr_perp|)   :   0.00000000    0.00072057    0.00146731    0.00081123    0.00192823    0.00239231    0.00093151    0.00271979    0.00456457    0.00000000 
Fr_paral         :   0.00000000   -0.00115606   -0.00393469    0.00145591    0.01521900    0.00292909    0.00381075    0.03658008    0.00494769    0.00000000 
max(|Fsp_paral|) :   0.00000000    0.00069305    0.00035726    0.00053057    0.00143029    0.00370745    0.00080145    0.02273434    0.01269551    0.00000000 
max(|Fsp_perp|)  :   0.00000000    0.00000000    0.00000000    0.00000000    0.00000000    0.00000000    0.00000000    0.00000000    0.00000000    0.00000000 
max(|FNEB|)      :   0.00000000    0.00075075    0.00164706    0.00084807    0.00202968    0.00606664    0.00126276    0.02283263    0.01371021    0.00000000 
max(|Force|)     :   0.00009233    0.00055070    0.00246739    0.00083931    0.00982136    0.00250757    0.00202913    0.01359946    0.00444136    0.00034335 
ksp              :   0.03013930    0.07977534    0.10000000    0.10000000    0.08300413    0.06344108    0.06344108    0.01317692    0.01000000 
max(|step|)      :   0.00000000    0.00114915    0.00430399    0.00370532    0.00300595    0.00956574    0.00192518    0.07087837    0.06501614    0.00227815 
angle (deg.)     :    50.5871  72.9068  38.8235  60.4574  97.6847  51.9580  83.0657  48.5357 
>
iteration       : 58
climbing        : no
zoom on         : no
nim             : 10
barrier         :   0.02190404 (image:  3) 
distance        :   0.00000000    8.29776673   11.39411864   13.87588163   16.34240834   19.28661690   22.97549035   26.43917186   39.69002243   60.74109188 
energy          : -2537.14379937  -2537.13889075  -2537.12677363  -2537.12189533  -2537.12607356  -2537.14062412  -2537.13078648  -2537.13524319  -2537.15634939  -2537.17943128 
max(|Fr_perp|)   :   0.00000000    0.00072940    0.00512073    0.00413496    0.00201079    0.00234716    0.00113393    0.02600224    0.03233450    0.00000000 
Fr_paral         :   0.00000000   -0.00114771   -0.00387594    0.00149026    0.01523048    0.00293059    0.00361015    0.03840477    0.00238105    0.00000000 
max(|Fsp_paral|) :   0.00000000    0.00064110    0.00025850    0.00061421    0.00143751    0.00391154    0.00479035    0.14187990    0.12221912    0.00000000 
max(|Fsp_perp|)  :   0.00000000    0.00000000    0.00000000    0.00000000    0.00000000    0.00000000    0.00000000    0.00000000    0.00000000    0.00000000 
max(|FNEB|)      :   0.00000000    0.00069134    0.00512988    0.00413394    0.00205959    0.00621763    0.00499901    0.14131474    0.12149088    0.00000000 
max(|Force|)     :   0.00009233    0.00054934    0.00506208    0.00413596    0.00989518    0.00253661    0.00211914    0.03033543    0.03233027    0.00034335 
ksp              :   0.03016869    0.07995588    0.10000000    0.10000000    0.08283238    0.06346777    0.06346777    0.04515589    0.01000000 
max(|step|)      :   0.00000000    0.00163776    0.00382414    0.00330583    0.00440213    0.01378965    0.00300582    0.06005363    0.05973643    0.00185789 
angle (deg.)     :    50.5563  72.7416  38.9864  60.1104  97.7241  52.3213  83.7219  48.1716 
>
iteration       : 59
climbing        : no
zoom on         : no
nim             : 10
barrier         :   0.02187763 (image:  3) 
distance        :   0.00000000    8.29308779   11.38918506   13.86600509   16.33014073   19.26412468   22.96184517   26.59515248   39.62683456   60.82034657 
energy          : -2537.14379937  -2537.13890883  -2537.12685215  -2537.12192174  -2537.12603663  -2537.14076340  -2537.13080855  -2537.14196878  -2537.15719720  -2537.17943128 
max(|Fr_perp|)   :   0.00000000    0.00071724    0.00146313    0.00081032    0.00191920    0.00235268    0.00093506    0.00257461    0.00270119    0.00000000 
Fr_paral         :   0.00000000   -0.00114412   -0.00394190    0.00145615    0.01522417    0.00295224    0.00380107    0.03702902    0.00466028    0.00000000 
max(|Fsp_paral|) :   0.00000000    0.00068699    0.00037215    0.00051487    0.00139170    0.00366026    0.00137418    0.00076698    0.00517375    0.00000000 
max(|Fsp_perp|)  :   0.00000000    0.00000000    0.00000000    0.00000000    0.00000000    0.00000000    0.00000000    0.00000000    0.00000000    0.00000000 
max(|FNEB|)      :   0.00000000    0.00073367    0.00164998    0.00084605    0.00200117    0.00599574    0.00159499    0.00266306    0.00401118    0.00000000 
max(|Force|)     :   0.00009233    0.00055195    0.00247413    0.00083533    0.00982206    0.00247080    0.00203739    0.01368519    0.00297237    0.00034335 
ksp              :   0.03011867    0.07971733    0.10000000    0.10000000    0.08307222    0.06344153    0.06344153    0.01753068    0.01000000 
max(|step|)      :   0.00000000    0.00067452    0.00144860    0.00076476    0.00181776    0.00553154    0.00133815    0.00124785    0.00342090    0.00016023 
angle (deg.)     :    50.5430  72.6665  39.0583  59.9649  97.7390  52.4468  83.6812  48.1683 
>
iteration       : 60
climbing        : no
zoom on         : no
nim             : 10
barrier         :   0.02187291 (image:  3) 
distance        :   0.00000000    8.29113998   11.38708734   13.86186447   16.32466247   19.25485047   22.95469196   26.58848200   39.60820531   60.81328290 
energy          : -2537.14379937  -2537.13891657  -2537.12687406  -2537.12192646  -2537.12601994  -2537.14082270  -2537.13081361  -2537.14187816  -2537.15717750  -2537.17943128 
max(|Fr_perp|)   :   0.00000000    0.00071393    0.00146233    0.00081069    0.00189469    0.00233040    0.00093773    0.00277414    0.00261254    0.00000000 
Fr_paral         :   0.00000000   -0.00114152   -0.00395206    0.00143851    0.01522475    0.00297104    0.00379751    0.03702017    0.00468546    0.00000000 
max(|Fsp_paral|) :   0.00000000    0.00067668    0.00038962    0.00048745    0.00135912    0.00358969    0.00140726    0.00098108    0.00660040    0.00000000 
max(|Fsp_perp|)  :   0.00000000    0.00000000    0.00000000    0.00000000    0.00000000    0.00000000    0.00000000    0.00000000    0.00000000    0.00000000 
max(|FNEB|)      :   0.00000000    0.00072794    0.00165740    0.00084451    0.00197050    0.00591327    0.00161752    0.00308227    0.00533882    0.00000000 
max(|Force|)     :   0.00009233    0.00055335    0.00247580    0.00082759    0.00980696    0.00245186    0.00203821    0.01368254    0.00288624    0.00034335 
ksp              :   0.03009115    0.07964221    0.10000000    0.10000000    0.08315664    0.06343225    0.06343225    0.01790515    0.01000000 
max(|step|)      :   0.00000000    0.00000000    0.00000000    0.00000000    0.00000000    0.00000000    0.00000000    0.00000000    0.00000000    0.00000000 
angle (deg.)     :    50.5430  72.6665  39.0583  59.9649  97.7389  52.4469  83.6812  48.1683 
>
iteration       : 61
climbing        : no
zoom on         : no
nim             : 10
barrier         :   0.02187270 (image:  3) 
distance        :   0.00000000    8.29113998   11.38708734   13.86186447   16.32466247   19.25485047   22.95469196   26.58848200   39.60820531   60.81328290 
energy          : -2537.14379937  -2537.13891681  -2537.12687487  -2537.12192668  -2537.12601930  -2537.14082503  -2537.13081375  -2537.14188264  -2537.15717637  -2537.17943128 
max(|Fr_perp|)   :   0.00000000    0.00071417    0.00146268    0.00081016    0.00189785    0.00233171    0.00093509    0.00266365    0.00261260    0.00000000 
Fr_paral         :   0.00000000   -0.00114093   -0.00395279    0.00144953    0.01522538    0.00297095    0.00379785    0.03701188    0.00469101    0.00000000 
max(|Fsp_paral|) :   0.00000000    0.00067669    0.00038666    0.00048668    0.00136199    0.00358377    0.00140376    0.00097146    0.00659496    0.00000000 
max(|Fsp_perp|)  :   0.00000000    0.00000000    0.00000000    0.00000000    0.00000000    0.00000000    0.00000000    0.00000000    0.00000000    0.00000000 
max(|FNEB|)      :   0.00000000    0.00072753    0.00165730    0.00084396    0.00197431    0.00591352    0.00161780    0.00308258    0.00533806    0.00000000 
max(|Force|)     :   0.00009233    0.00055348    0.00247700    0.00083152    0.00981414    0.00245340    0.00203976    0.01368228    0.00288580    0.00034335 
ksp              :   0.03009135    0.07964219    0.10000000    0.10000000    0.08315671    0.06343212    0.06343212    0.01790517    0.01000000 
max(|step|)      :   0.00000000    0.01039064    0.02366953    0.01205336    0.02819706    0.08445680    0.02310540    0.04402535    0.07623808    0.00000000 
angle (deg.)     :    50.3383  71.4558  40.2282  57.8450  98.0924  54.4887  83.4113  47.9662 
>
iteration       : 62
climbing        : no
zoom on         : no
nim             : 10
barrier         :   0.02181288 (image:  3) 
distance        :   0.00000000    8.26106186   11.35420050   13.79822666   16.23878491   19.12099614   22.85155425   26.58036503   39.32183014   60.76622165 
energy          : -2537.14379937  -2537.13903547  -2537.12717938  -2537.12198649  -2537.12575885  -2537.14171269  -2537.13087414  -2537.14187311  -2537.15453710  -2537.17943128 
max(|Fr_perp|)   :   0.00000000    0.00066120    0.00654877    0.00389323    0.00240127    0.00281130    0.00212338    0.03669491    0.03149989    0.00000000 
Fr_paral         :   0.00000000   -0.00111342   -0.00407471    0.00131200    0.01521366    0.00313737    0.00387528    0.03310191    0.00639867    0.00000000 
max(|Fsp_paral|) :   0.00000000    0.00044591    0.00058901    0.00014653    0.00036798    0.00279946    0.00003683    0.00278396    0.00446451    0.00000000 
max(|Fsp_perp|)  :   0.00000000    0.00000000    0.00000000    0.00000000    0.00000000    0.00000000    0.00000000    0.00000000    0.00000000    0.00000000 
max(|FNEB|)      :   0.00000000    0.00062712    0.00653618    0.00389377    0.00239482    0.00505754    0.00212799    0.03765378    0.03154888    0.00000000 
max(|Force|)     :   0.00009233    0.00057353    0.00658643    0.00389117    0.00959398    0.00324797    0.00199556    0.03353672    0.03147787    0.00034335 
ksp              :   0.02965585    0.07857412    0.10000000    0.10000000    0.08443525    0.06332952    0.06332952    0.01794776    0.01000000 
max(|step|)      :   0.00000000    0.01227838    0.02836953    0.01471853    0.03291702    0.10000000    0.02589969    0.01926860    0.08709957    0.00446293 
angle (deg.)     :    50.1053  70.0423  41.7106  55.8256  98.8941  56.8765  83.0322  47.7907 
>
iteration       : 63
climbing        : no
zoom on         : no
nim             : 10
barrier         :   0.02169851 (image:  3) 
distance        :   0.00000000    8.22614899   11.31626945   13.72622051   16.14429886   18.99066766   22.77386196   26.59980827   39.01865024   60.74653920 
energy          : -2537.14379937  -2537.13917328  -2537.12759945  -2537.12210086  -2537.12547841  -2537.14268189  -2537.13097921  -2537.14331595  -2537.15495308  -2537.17943128 
max(|Fr_perp|)   :   0.00000000    0.00059457    0.00313135    0.00193761    0.00159456    0.00303892    0.00219695    0.03672219    0.01878708    0.00000000 
Fr_paral         :   0.00000000   -0.00107993   -0.00427751    0.00119560    0.01522422    0.00345059    0.00383501    0.03253258    0.00673747    0.00000000 
max(|Fsp_paral|) :   0.00000000    0.00035532    0.00107371    0.00036090    0.00159361    0.00221950    0.00089340    0.03443892    0.02142229    0.00000000 
max(|Fsp_perp|)  :   0.00000000    0.00000000    0.00000000    0.00000000    0.00000000    0.00000000    0.00000000    0.00000000    0.00000000    0.00000000 
max(|FNEB|)      :   0.00000000    0.00060367    0.00313139    0.00195131    0.00280210    0.00416704    0.00211427    0.04885852    0.02381827    0.00000000 
max(|Force|)     :   0.00009233    0.00059750    0.00320521    0.00195106    0.00942109    0.00356044    0.00206678    0.03439955    0.01894188    0.00034335 
ksp              :   0.02918804    0.07719363    0.10000000    0.10000000    0.08599197    0.06317583    0.06317583    0.01200069    0.01000000 
max(|step|)      :   0.00000000    0.00123555    0.00640909    0.00399380    0.00573513    0.00852879    0.00432733    0.10000000    0.04874947    0.00000000 
angle (deg.)     :    50.0831  69.8479  41.8514  55.7983  98.9613  57.0234  82.1168  48.1795 
>
iteration       : 64
climbing        : no
zoom on         : no
nim             : 10
barrier         :   0.02169261 (image:  3) 
distance        :   0.00000000    8.22361398   11.31249889   13.71861873   16.14097208   18.97982048   22.77685158   26.41035836   38.99542720   60.63754070 
energy          : -2537.14379937  -2537.13918616  -2537.12761310  -2537.12210676  -2537.12559457  -2537.14280289  -2537.13104202  -2537.13586121  -2537.15441366  -2537.17943128 
max(|Fr_perp|)   :   0.00000000    0.00061368    0.00463245    0.00388452    0.00186772    0.00366405    0.00176032    0.05077396    0.03606967    0.00000000 
Fr_paral         :   0.00000000   -0.00108206   -0.00427599    0.00123096    0.01523812    0.00359876    0.00322128    0.03950420    0.00227318    0.00000000 
max(|Fsp_paral|) :   0.00000000    0.00029706    0.00100175    0.00071611    0.00030811    0.00148903    0.00342165    0.11597882    0.10233620    0.00000000 
max(|Fsp_perp|)  :   0.00000000    0.00000000    0.00000000    0.00000000    0.00000000    0.00000000    0.00000000    0.00000000    0.00000000    0.00000000 
max(|FNEB|)      :   0.00000000    0.00060238    0.00466745    0.00388716    0.00186431    0.00391834    0.00406761    0.11535147    0.10336547    0.00000000 
max(|Force|)     :   0.00009233    0.00059942    0.00456708    0.00388653    0.00947499    0.00356072    0.00197591    0.05505911    0.03606798    0.00034335 
ksp              :   0.02913966    0.07715488    0.10000000    0.10000000    0.08552952    0.06292871    0.06292871    0.04293447    0.01000000 
max(|step|)      :   0.00000000    0.00064768    0.00416213    0.00268035    0.00309675    0.00452518    0.00252098    0.06626543    0.03916490    0.00020641 
angle (deg.)     :    50.0945  69.9487  41.7759  55.8078  98.9219  56.9608  82.7865  47.8827 
>
iteration       : 65
climbing        : no
zoom on         : no
nim             : 10
barrier         :   0.02168376 (image:  3) 
distance        :   0.00000000    8.22494371   11.31442787   13.72260871   16.14239131   18.98541030   22.77415833   26.55207023   39.00276866   60.71736588 
energy          : -2537.14379937  -2537.13917959  -2537.12761958  -2537.12211561  -2537.12553329  -2537.14276941  -2537.13101050  -2537.14312571  -2537.15591149  -2537.17943128 
max(|Fr_perp|)   :   0.00000000    0.00059661    0.00143103    0.00082186    0.00121119    0.00209510    0.00106914    0.01108493    0.00382418    0.00000000 
Fr_paral         :   0.00000000   -0.00108075   -0.00429757    0.00120420    0.01523421    0.00351789    0.00372777    0.03551373    0.00557564    0.00000000 
max(|Fsp_paral|) :   0.00000000    0.00036039    0.00107047    0.00051293    0.00107717    0.00191846    0.00023028    0.02938154    0.01818101    0.00000000 
max(|Fsp_perp|)  :   0.00000000    0.00000000    0.00000000    0.00000000    0.00000000    0.00000000    0.00000000    0.00000000    0.00000000    0.00000000 
max(|FNEB|)      :   0.00000000    0.00060483    0.00191440    0.00078580    0.00228836    0.00377636    0.00111959    0.02947771    0.01961026    0.00000000 
max(|Force|)     :   0.00009233    0.00059832    0.00253585    0.00078443    0.00943895    0.00261686    0.00195316    0.01311286    0.00418112    0.00034335 
ksp              :   0.02917471    0.07715536    0.10000000    0.10000000    0.08581466    0.06308113    0.06308113    0.01279606    0.01000000 
max(|step|)      :   0.00000000    0.00033195    0.00104750    0.00043943    0.00132963    0.00212763    0.00072078    0.01272364    0.00625494    0.00006573 
angle (deg.)     :    50.0887  69.8973  41.8118  55.7949  98.9367  57.0148  82.6399  47.9396 
>
iteration       : 66
climbing        : no
zoom on         : no
nim             : 10
barrier         :   0.02167910 (image:  3) 
distance        :   0.00000000    8.22426841   11.31341609   13.72069365   16.14109750   18.98256984   22.77362187   26.52302398   38.99527259   60.70022747 
energy          : -2537.14379937  -2537.13918312  -2537.12762696  -2537.12212027  -2537.12555920  -2537.14280267  -2537.13102213  -2537.14220619  -2537.15605137  -2537.17943128 
max(|Fr_perp|)   :   0.00000000    0.00060050    0.00142827    0.00081680    0.00120684    0.00182618    0.00093313    0.00120272    0.00370127    0.00000000 
Fr_paral         :   0.00000000   -0.00108199   -0.00430373    0.00120389    0.01523612    0.00353925    0.00367807    0.03651714    0.00506119    0.00000000 
max(|Fsp_paral|) :   0.00000000    0.00035352    0.00106448    0.00058011    0.00083233    0.00176476    0.00087651    0.01084766    0.00309541    0.00000000 
max(|Fsp_perp|)  :   0.00000000    0.00000000    0.00000000    0.00000000    0.00000000    0.00000000    0.00000000    0.00000000    0.00000000    0.00000000 
max(|FNEB|)      :   0.00000000    0.00060467    0.00190824    0.00077603    0.00203916    0.00359094    0.00124247    0.01108626    0.00433921    0.00000000 
max(|Force|)     :   0.00009233    0.00059852    0.00254519    0.00077941    0.00943956    0.00229762    0.00195571    0.01334412    0.00402955    0.00034335 
ksp              :   0.02916419    0.07713918    0.10000000    0.10000000    0.08572343    0.06304425    0.06304425    0.01661403    0.01000000 
max(|step|)      :   0.00000000    0.00046331    0.00145699    0.00060023    0.00160475    0.00278085    0.00087255    0.00699793    0.00303927    0.00003239 
angle (deg.)     :    50.0810  69.8262  41.8606  55.7704  98.9546  57.0984  82.5345  47.9727 
>
iteration       : 67
climbing        : no
zoom on         : no
nim             : 10
barrier         :   0.02167234 (image:  3) 
distance        :   0.00000000    8.22333079   11.31201090   13.71817261   16.13882965   18.97872156   22.77132772   26.50420861   38.98371323   60.68860774 
energy          : -2537.14379937  -2537.13918795  -2537.12763739  -2537.12212703  -2537.12558818  -2537.14284502  -2537.13103130  -2537.14154085  -2537.15611798  -2537.17943128 
max(|Fr_perp|)   :   0.00000000    0.00060182    0.00142602    0.00081360    0.00119943    0.00180930    0.00093375    0.00233880    0.00335552    0.00000000 
Fr_paral         :   0.00000000   -0.00108552   -0.00431502    0.00119783    0.01523578    0.00355171    0.00364991    0.03686138    0.00490241    0.00000000 
max(|Fsp_paral|) :   0.00000000    0.00034490    0.00106206    0.00064047    0.00059738    0.00159974    0.00124608    0.00244914    0.00780871    0.00000000 
max(|Fsp_perp|)  :   0.00000000    0.00000000    0.00000000    0.00000000    0.00000000    0.00000000    0.00000000    0.00000000    0.00000000    0.00000000 
max(|FNEB|)      :   0.00000000    0.00060435    0.00190398    0.00082181    0.00179070    0.00340904    0.00155226    0.00311783    0.00667835    0.00000000 
max(|Force|)     :   0.00009233    0.00059870    0.00255101    0.00077642    0.00943148    0.00216441    0.00195708    0.01344363    0.00367662    0.00034335 
ksp              :   0.02915011    0.07711680    0.10000000    0.10000000    0.08562668    0.06302273    0.06302273    0.01937911    0.01000000 
max(|step|)      :   0.00000000    0.00032535    0.00102090    0.00042699    0.00101780    0.00187170    0.00075633    0.00185381    0.00153152    0.00004326 
angle (deg.)     :    50.0756  69.7768  41.8946  55.7504  98.9662  57.1584  82.4983  47.9784 
>
iteration       : 68
climbing        : no
zoom on         : no
nim             : 10
barrier         :   0.02166745 (image:  3) 
distance        :   0.00000000    8.22267843   11.31102899   13.71646596   16.13704751   18.97608229   22.76925325   26.49927462   38.97503516   60.68506472 
energy          : -2537.14379937  -2537.13919132  -2537.12764467  -2537.12213192  -2537.12560553  -2537.14287477  -2537.13103583  -2537.14138254  -2537.15612600  -2537.17943128 
max(|Fr_perp|)   :   0.00000000    0.00060174    0.00142679    0.00081276    0.00119201    0.00180305    0.00093467    0.00215158    0.00312957    0.00000000 
Fr_paral         :   0.00000000   -0.00108426   -0.00432113    0.00119518    0.01523600    0.00355325    0.00363993    0.03684916    0.00493441    0.00000000 
max(|Fsp_paral|) :   0.00000000    0.00033888    0.00106210    0.00066915    0.00047760    0.00150722    0.00131407    0.00555884    0.01036447    0.00000000 
max(|Fsp_perp|)  :   0.00000000    0.00000000    0.00000000    0.00000000    0.00000000    0.00000000    0.00000000    0.00000000    0.00000000    0.00000000 
max(|FNEB|)      :   0.00000000    0.00060389    0.00190413    0.00085041    0.00166155    0.00331027    0.00161002    0.00529958    0.00908157    0.00000000 
max(|Force|)     :   0.00009233    0.00059853    0.00255421    0.00077567    0.00942621    0.00215020    0.00196107    0.01344349    0.00345393    0.00034335 
ksp              :   0.02914045    0.07710173    0.10000000    0.10000000    0.08557169    0.06301586    0.06301586    0.02003880    0.01000000 
max(|step|)      :   0.00000000    0.01747672    0.05445526    0.02274974    0.05423066    0.10000000    0.04051912    0.09825378    0.08255643    0.00620127 
angle (deg.)     :    49.8173  67.1922  43.7838  55.1934  99.8517  60.3814  80.5460  48.3387 
>
iteration       : 69
climbing        : no
zoom on         : no
nim             : 10
barrier         :   0.02148820 (image:  3) 
distance        :   0.00000000    8.18811573   11.26120375   13.63013609   16.04944399   18.85821717   22.69216854   26.27340017   38.55333929   60.54097352 
energy          : -2537.14379937  -2537.13936550  -2537.12791596  -2537.12231117  -2537.12649558  -2537.14422159  -2537.13127826  -2537.13175956  -2537.15018924  -2537.17943128 
max(|Fr_perp|)   :   0.00000000    0.00096135    0.01119370    0.00714594    0.00400406    0.00623366    0.00228572    0.02852151    0.05150553    0.00000000 
Fr_paral         :   0.00000000   -0.00112333   -0.00453196    0.00095525    0.01493927    0.00360533    0.00289889    0.03388669    0.00588140    0.00000000 
max(|Fsp_paral|) :   0.00000000    0.00027865    0.00076354    0.00221680    0.00569782    0.00294420    0.00576002    0.19185190    0.16709170    0.00000000 
max(|Fsp_perp|)  :   0.00000000    0.00000000    0.00000000    0.00000000    0.00000000    0.00000000    0.00000000    0.00000000    0.00000000    0.00000000 
max(|FNEB|)      :   0.00000000    0.00101463    0.01120442    0.00715480    0.00510484    0.00578817    0.00603508    0.19189517    0.15824275    0.00000000 
max(|Force|)     :   0.00009233    0.00092510    0.01125129    0.00715876    0.00887644    0.00580031    0.00216881    0.03569995    0.05155186    0.00034335 
ksp              :   0.02857051    0.07652616    0.10000000    0.10000000    0.08247282    0.06244192    0.06244192    0.06054080    0.01000000 
max(|step|)      :   0.00000000    0.00052874    0.00583882    0.00372849    0.00266022    0.00301632    0.00314499    0.10000000    0.08246312    0.00000000 
angle (deg.)     :    49.8047  67.1626  43.8127  55.0774  99.8185  60.4915  81.8384  47.7548 
>
iteration       : 70
climbing        : no
zoom on         : no
nim             : 10
barrier         :   0.02141922 (image:  3) 
distance        :   0.00000000    8.18844866   11.25987466   13.63027606   16.04171581   18.85750479   22.68637427   26.54684764   38.51419232   60.68503822 
energy          : -2537.14379937  -2537.13936817  -2537.12801703  -2537.12238015  -2537.12643424  -2537.14435168  -2537.13127358  -2537.14213777  -2537.15342697  -2537.17943128 
max(|Fr_perp|)   :   0.00000000    0.00059233    0.00331001    0.00217590    0.00150598    0.00438366    0.00141578    0.01513344    0.02160948    0.00000000 
Fr_paral         :   0.00000000   -0.00112696   -0.00465166    0.00099021    0.01504158    0.00356743    0.00360319    0.03377234    0.00811009    0.00000000 
max(|Fsp_paral|) :   0.00000000    0.00001098    0.00117277    0.00181930    0.00417582    0.00235172    0.00064832    0.01423468    0.00584826    0.00000000 
max(|Fsp_perp|)  :   0.00000000    0.00000000    0.00000000    0.00000000    0.00000000    0.00000000    0.00000000    0.00000000    0.00000000    0.00000000 
max(|FNEB|)      :   0.00000000    0.00059801    0.00327952    0.00217251    0.00353968    0.00386521    0.00159094    0.02145654    0.02153834    0.00000000 
max(|Force|)     :   0.00009233    0.00063262    0.00336363    0.00217508    0.00897657    0.00386723    0.00212279    0.02120545    0.02157826    0.00034335 
ksp              :   0.02861918    0.07631478    0.10000000    0.10000000    0.08296541    0.06263128    0.06263128    0.01698177    0.01000000 
max(|step|)      :   0.00000000    0.00028935    0.00161537    0.00106905    0.00171572    0.00187372    0.00074807    0.01002946    0.01051017    0.00005878 
angle (deg.)     :    49.7999  67.1260  43.8429  54.9968  99.8206  60.5061  81.7588  47.7957 
>
iteration       : 71
climbing        : no
zoom on         : no
nim             : 10
barrier         :   0.02140666 (image:  3) 
distance        :   0.00000000    8.18839109   11.25904549   13.62995363   16.03585122   18.85695393   22.68561228   26.52909272   38.50612091   60.67486527 
energy          : -2537.14379937  -2537.13937038  -2537.12802913  -2537.12239271  -2537.12638528  -2537.14442401  -2537.13128958  -2537.14205992  -2537.15461399  -2537.17943128 
max(|Fr_perp|)   :   0.00000000    0.00058484    0.00138190    0.00095348    0.00082440    0.00327827    0.00098854    0.00749684    0.01265921    0.00000000 
Fr_paral         :   0.00000000   -0.00112848   -0.00466112    0.00100039    0.01508432    0.00353983    0.00353813    0.03497802    0.00692818    0.00000000 
max(|Fsp_paral|) :   0.00000000    0.00001331    0.00123783    0.00155555    0.00323629    0.00185787    0.00030378    0.01226448    0.00453867    0.00000000 
max(|Fsp_perp|)  :   0.00000000    0.00000000    0.00000000    0.00000000    0.00000000    0.00000000    0.00000000    0.00000000    0.00000000    0.00000000 
max(|FNEB|)      :   0.00000000    0.00057796    0.00189731    0.00153404    0.00258107    0.00271921    0.00109865    0.01250508    0.01355017    0.00000000 
max(|Force|)     :   0.00009233    0.00059445    0.00270202    0.00095196    0.00902237    0.00271206    0.00195334    0.01404128    0.01309005    0.00034335 
ksp              :   0.02862081    0.07630280    0.10000000    0.10000000    0.08321405    0.06259490    0.06259490    0.01731318    0.01000000 
max(|step|)      :   0.00000000    0.00106723    0.00349968    0.00272457    0.00440603    0.00472611    0.00173519    0.01800700    0.02144609    0.00031961 
angle (deg.)     :    49.7859  66.9742  43.9592  54.7649  99.8373  60.6119  81.5172  47.9095 
>
iteration       : 72
climbing        : no
zoom on         : no
nim             : 10
barrier         :   0.02138609 (image:  3) 
distance        :   0.00000000    8.18802121   11.25610560   13.62738560   16.01721235   18.85465891   22.68251872   26.47860641   38.47884580   60.64651400 
energy          : -2537.14379937  -2537.13937814  -2537.12804581  -2537.12241328  -2537.12624763  -2537.14459077  -2537.13133314  -2537.14053182  -2537.15511565  -2537.17943128 
max(|Fr_perp|)   :   0.00000000    0.00057066    0.00137677    0.00079686    0.00080351    0.00192486    0.00098136    0.00489920    0.00594548    0.00000000 
Fr_paral         :   0.00000000   -0.00113451   -0.00466913    0.00101586    0.01517520    0.00345387    0.00334746    0.03682675    0.00470795    0.00000000 
max(|Fsp_paral|) :   0.00000000    0.00003233    0.00135076    0.00083090    0.00056863    0.00042966    0.00064977    0.01768088    0.02012792    0.00000000 
max(|Fsp_perp|)  :   0.00000000    0.00000000    0.00000000    0.00000000    0.00000000    0.00000000    0.00000000    0.00000000    0.00000000    0.00000000 
max(|FNEB|)      :   0.00000000    0.00057314    0.00193707    0.00083047    0.00085446    0.00201391    0.00135551    0.01756685    0.01908510    0.00000000 
max(|Force|)     :   0.00009233    0.00059030    0.00269303    0.00076516    0.00910994    0.00219525    0.00176675    0.01347795    0.00595501    0.00034335 
ksp              :   0.02860604    0.07629640    0.10000000    0.10000000    0.08386375    0.06246217    0.06246217    0.02375097    0.01000000 
max(|step|)      :   0.00000000    0.00004917    0.00023983    0.00020949    0.00060621    0.00060315    0.00027925    0.00686342    0.00678167    0.00010518 
angle (deg.)     :    49.7864  66.9714  43.9594  54.7845  99.8390  60.6202  81.6008  47.8679 
>
iteration       : 73
climbing        : no
zoom on         : no
nim             : 10
barrier         :   0.02138607 (image:  3) 
distance        :   0.00000000    8.18801218   11.25613324   13.62702445   16.01827258   18.85453814   22.68248295   26.49755112   38.47751478   60.65671395 
energy          : -2537.14379937  -2537.13937813  -2537.12804582  -2537.12241330  -2537.12626404  -2537.14458771  -2537.13133122  -2537.14123720  -2537.15507742  -2537.17943128 
max(|Fr_perp|)   :   0.00000000    0.00057087    0.00137770    0.00079481    0.00080531    0.00187923    0.00096374    0.00183265    0.00263832    0.00000000 
Fr_paral         :   0.00000000   -0.00113476   -0.00467092    0.00101521    0.01516626    0.00346045    0.00338825    0.03641983    0.00521108    0.00000000 
max(|Fsp_paral|) :   0.00000000    0.00003176    0.00133232    0.00091137    0.00081129    0.00055487    0.00026335    0.00392895    0.00863036    0.00000000 
max(|Fsp_perp|)  :   0.00000000    0.00000000    0.00000000    0.00000000    0.00000000    0.00000000    0.00000000    0.00000000    0.00000000    0.00000000 
max(|FNEB|)      :   0.00000000    0.00057330    0.00193032    0.00089312    0.00097257    0.00199382    0.00111077    0.00379863    0.00664888    0.00000000 
max(|Force|)     :   0.00009233    0.00059051    0.00269354    0.00076317    0.00909924    0.00214924    0.00177510    0.01331165    0.00363605    0.00034335 
ksp              :   0.02860610    0.07629638    0.10000000    0.10000000    0.08379475    0.06247028    0.06247028    0.02078249    0.01000000 
max(|step|)      :   0.00000000    0.00053449    0.00178130    0.00094961    0.00112960    0.00185741    0.00098989    0.00150448    0.00461967    0.00016397 
angle (deg.)     :    49.7808  66.8883  44.0186  54.7224  99.8544  60.6921  81.5941  47.8643 
>
iteration       : 74
climbing        : no
zoom on         : no
nim             : 10
barrier         :   0.02137722 (image:  3) 
distance        :   0.00000000    8.18779860   11.25474220   13.62481288   16.01179145   18.85313354   22.68142321   26.49958159   38.46307954   60.65749724 
energy          : -2537.14379937  -2537.13938196  -2537.12805311  -2537.12242215  -2537.12623815  -2537.14464778  -2537.13134895  -2537.14133546  -2537.15504482  -2537.17943128 
max(|Fr_perp|)   :   0.00000000    0.00056915    0.00137584    0.00079661    0.00079998    0.00189380    0.00094722    0.00173541    0.00338221    0.00000000 
Fr_paral         :   0.00000000   -0.00113744   -0.00467970    0.00101977    0.01518077    0.00343682    0.00335952    0.03648335    0.00510138    0.00000000 
max(|Fsp_paral|) :   0.00000000    0.00003735    0.00134060    0.00075849    0.00011768    0.00017569    0.00020697    0.00199899    0.00692050    0.00000000 
max(|Fsp_perp|)  :   0.00000000    0.00000000    0.00000000    0.00000000    0.00000000    0.00000000    0.00000000    0.00000000    0.00000000    0.00000000 
max(|FNEB|)      :   0.00000000    0.00057202    0.00193074    0.00077979    0.00077885    0.00193055    0.00106269    0.00250601    0.00552753    0.00000000 
max(|Force|)     :   0.00009233    0.00058895    0.00269323    0.00076470    0.00910883    0.00216502    0.00177229    0.01338072    0.00375227    0.00034335 
ksp              :   0.02859770    0.07629316    0.10000000    0.10000000    0.08393432    0.06241737    0.06241737    0.02037330    0.01000000 
max(|step|)      :   0.00000000    0.00415140    0.01385040    0.00569623    0.00551786    0.01372786    0.00733421    0.00870106    0.02336643    0.00154943 
angle (deg.)     :    49.7451  66.2225  44.4826  54.5231  100.0252  61.2976  81.4029  47.8807 
>
iteration       : 75
climbing        : no
zoom on         : no
nim             : 10
barrier         :   0.02131329 (image:  3) 
distance        :   0.00000000    8.18601002   11.24442712   13.60425147   15.97650932   18.84167104   22.68128421   26.49732330   38.36534853   60.65734973 
energy          : -2537.14379937  -2537.13941090  -2537.12810675  -2537.12248608  -2537.12625527  -2537.14505707  -2537.13148747  -2537.14116807  -2537.15488454  -2537.17943128 
max(|Fr_perp|)   :   0.00000000    0.00055975    0.00137185    0.00079734    0.00076617    0.00178004    0.00094113    0.00128879    0.00451429    0.00000000 
Fr_paral         :   0.00000000   -0.00115110   -0.00473876    0.00106979    0.01520401    0.00334883    0.00316440    0.03653564    0.00502572    0.00000000 
max(|Fsp_paral|) :   0.00000000    0.00006887    0.00121541    0.00056122    0.00205882    0.00108534    0.00047764    0.00516287    0.00878685    0.00000000 
max(|Fsp_perp|)  :   0.00000000    0.00000000    0.00000000    0.00000000    0.00000000    0.00000000    0.00000000    0.00000000    0.00000000    0.00000000 
max(|FNEB|)      :   0.00000000    0.00056531    0.00186630    0.00075800    0.00268167    0.00247697    0.00119197    0.00520628    0.00735305    0.00000000 
max(|Force|)     :   0.00009233    0.00058068    0.00268369    0.00076349    0.00911092    0.00205641    0.00173242    0.01314769    0.00452608    0.00034335 
ksp              :   0.02853128    0.07626549    0.10000000    0.10000000    0.08408377    0.06198969    0.06198969    0.02111124    0.01000000 
max(|step|)      :   0.00000000    0.00000000    0.00000000    0.00000000    0.00000000    0.00000000    0.00000000    0.00000000    0.00000000    0.00000000 
angle (deg.)     :    49.7451  66.2225  44.4826  54.5230  100.0250  61.2977  81.4028  47.8807 
>
iteration       : 76
climbing        : no
zoom on         : no
nim             : 10
barrier         :   0.02131308 (image:  3) 
distance        :   0.00000000    8.18601002   11.24442712   13.60425147   15.97650932   18.84167104   22.68128421   26.49732330   38.36534853   60.65734973 
energy          : -2537.14379937  -2537.13941115  -2537.12810702  -2537.12248629  -2537.12625702  -2537.14505835  -2537.13148792  -2537.14118314  -2537.15488418  -2537.17943128 
max(|Fr_perp|)   :   0.00000000    0.00055777    0.00137229    0.00079730    0.00076494    0.00178078    0.00094098    0.00128919    0.00435351    0.00000000 
Fr_paral         :   0.00000000   -0.00116240   -0.00473882    0.00106890    0.01520050    0.00334835    0.00316436    0.03652851    0.00503672    0.00000000 
max(|Fsp_paral|) :   0.00000000    0.00006837    0.00121448    0.00056647    0.00205337    0.00108250    0.00047030    0.00514709    0.00877996    0.00000000 
max(|Fsp_perp|)  :   0.00000000    0.00000000    0.00000000    0.00000000    0.00000000    0.00000000    0.00000000    0.00000000    0.00000000    0.00000000 
max(|FNEB|)      :   0.00000000    0.00056331    0.00186677    0.00075798    0.00268212    0.00247756    0.00119337    0.00520725    0.00735062    0.00000000 
max(|Force|)     :   0.00009233    0.00057896    0.00268324    0.00076347    0.00911133    0.00205719    0.00173610    0.01314646    0.00452600    0.00034335 
ksp              :   0.02853071    0.07626535    0.10000000    0.10000000    0.08408387    0.06198956    0.06198956    0.02111130    0.01000000 
max(|step|)      :   0.00000000    0.00469960    0.01557405    0.00632369    0.02237632    0.02066979    0.00995600    0.04344298    0.06132467    0.00000000 
angle (deg.)     :    49.7180  65.4750  44.9714  54.9166  100.3210  62.0851  81.8047  47.6689 
>
iteration       : 77
climbing        : no
zoom on         : no
nim             : 10
barrier         :   0.02126097 (image:  3) 
distance        :   0.00000000    8.18334367   11.23318483   13.57904230   15.97192411   18.82663672   22.69146917   26.63966927   38.27945143   60.75066470 
energy          : -2537.14379937  -2537.13944344  -2537.12814445  -2537.12253840  -2537.12677524  -2537.14540272  -2537.13161309  -2537.14525069  -2537.15131252  -2537.17943128 
max(|Fr_perp|)   :   0.00000000    0.00086853    0.00610457    0.00370183    0.00154534    0.00196089    0.00100171    0.00901562    0.03906958    0.00000000 
Fr_paral         :   0.00000000   -0.00119019   -0.00477986    0.00096456    0.01496002    0.00342090    0.00327005    0.03389537    0.00761868    0.00000000 
max(|Fsp_paral|) :   0.00000000    0.00002672    0.00088287    0.00208960    0.00281281    0.00140429    0.00171832    0.04666849    0.03440114    0.00000000 
max(|Fsp_perp|)  :   0.00000000    0.00000000    0.00000000    0.00000000    0.00000000    0.00000000    0.00000000    0.00000000    0.00000000    0.00000000 
max(|FNEB|)      :   0.00000000    0.00086386    0.00608333    0.00369667    0.00235125    0.00225649    0.00234808    0.04672274    0.04278526    0.00000000 
max(|Force|)     :   0.00009233    0.00082402    0.00615591    0.00370077    0.00885034    0.00223077    0.00174049    0.01242527    0.03901952    0.00034335 
ksp              :   0.02843913    0.07626898    0.10000000    0.10000000    0.08206500    0.06158583    0.06158583    0.01000000    0.01000000 
max(|step|)      :   0.00000000    0.00294499    0.00964272    0.00406616    0.01493084    0.01336287    0.00642771    0.03713462    0.04849157    0.00200677 
angle (deg.)     :    49.7330  65.9436  44.6678  54.6308  100.1312  61.5904  81.4048  47.8656 
>
iteration       : 78
climbing        : no
zoom on         : no
nim             : 10
barrier         :   0.02128636 (image:  3) 
distance        :   0.00000000    8.18502235   11.24003495   13.59537457   15.97280738   18.83584965   22.68520673   26.51905232   38.33446576   60.67468427 
energy          : -2537.14379937  -2537.13942402  -2537.12813351  -2537.12251301  -2537.12642615  -2537.14520041  -2537.13154078  -2537.14170614  -2537.15480128  -2537.17943128 
max(|Fr_perp|)   :   0.00000000    0.00055264    0.00136277    0.00079030    0.00073750    0.00181915    0.00093943    0.00120686    0.00291129    0.00000000 
Fr_paral         :   0.00000000   -0.00117135   -0.00476573    0.00104085    0.01514647    0.00336974    0.00316288    0.03624231    0.00533467    0.00000000 
max(|Fsp_paral|) :   0.00000000    0.00008207    0.00117257    0.00099281    0.00066655    0.00034802    0.00031362    0.00528055    0.00021580    0.00000000 
max(|Fsp_perp|)  :   0.00000000    0.00000000    0.00000000    0.00000000    0.00000000    0.00000000    0.00000000    0.00000000    0.00000000    0.00000000 
max(|FNEB|)      :   0.00000000    0.00055938    0.00183612    0.00100221    0.00124399    0.00174334    0.00109134    0.00555994    0.00296201    0.00000000 
max(|Force|)     :   0.00009233    0.00057428    0.00269038    0.00075775    0.00904808    0.00209403    0.00168237    0.01308251    0.00353969    0.00034335 
ksp              :   0.02849926    0.07623618    0.10000000    0.10000000    0.08345498    0.06183002    0.06183002    0.01885029    0.01000000 
max(|step|)      :   0.00000000    0.00080363    0.00263648    0.00132378    0.00216752    0.00268572    0.00159233    0.00513431    0.00381671    0.00008706 
angle (deg.)     :    49.7287  65.8230  44.7499  54.6444  100.1739  61.7162  81.3143  47.8996 
>
iteration       : 79
climbing        : no
zoom on         : no
nim             : 10
barrier         :   0.02127355 (image:  3) 
distance        :   0.00000000    8.18452539   11.23813125   13.59219784   15.96920213   18.83358538   22.68625199   26.50938573   38.32302200   60.67205385 
energy          : -2537.14379937  -2537.13942986  -2537.12814526  -2537.12252582  -2537.12647190  -2537.14526900  -2537.13156423  -2537.14126448  -2537.15485118  -2537.17943128 
max(|Fr_perp|)   :   0.00000000    0.00055012    0.00135886    0.00078744    0.00072768    0.00180994    0.00094073    0.00121747    0.00282563    0.00000000 
Fr_paral         :   0.00000000   -0.00117444   -0.00478068    0.00102634    0.01513210    0.00337091    0.00313880    0.03627759    0.00521811    0.00000000 
max(|Fsp_paral|) :   0.00000000    0.00008467    0.00117754    0.00103008    0.00051436    0.00025109    0.00059663    0.00320754    0.00679519    0.00000000 
max(|Fsp_perp|)  :   0.00000000    0.00000000    0.00000000    0.00000000    0.00000000    0.00000000    0.00000000    0.00000000    0.00000000    0.00000000 
max(|FNEB|)      :   0.00000000    0.00055711    0.00183266    0.00102756    0.00106942    0.00175519    0.00125084    0.00297165    0.00502540    0.00000000 
max(|Force|)     :   0.00009233    0.00057196    0.00269706    0.00075542    0.00902454    0.00208504    0.00166109    0.01313496    0.00343162    0.00034335 
ksp              :   0.02848566    0.07622638    0.10000000    0.10000000    0.08330569    0.06176203    0.06176203    0.02072411    0.01000000 
max(|step|)      :   0.00000000    0.02015912    0.06554573    0.03191286    0.05704866    0.06857511    0.03996968    0.10000000    0.09184643    0.00811876 
angle (deg.)     :    49.6688  62.8811  46.8293  55.5331  101.4104  64.8701  79.4202  48.6501 
>
iteration       : 80
climbing        : no
zoom on         : no
nim             : 10
barrier         :   0.02099108 (image:  3) 
distance        :   0.00000000    8.17252399   11.19470024   13.51702843   15.89360283   18.79776930   22.74187460   26.37745685   38.06848529   60.68913214 
energy          : -2537.14379937  -2537.13956774  -2537.12834385  -2537.12280829  -2537.12766193  -2537.14686485  -2537.13213465  -2537.13315187  -2537.15420368  -2537.17943128 
max(|Fr_perp|)   :   0.00000000    0.00107551    0.00987043    0.00502381    0.00133752    0.00202003    0.00127580    0.00706123    0.02554947    0.00000000 
Fr_paral         :   0.00000000   -0.00126028   -0.00495074    0.00074607    0.01440766    0.00335324    0.00235793    0.03475916    0.00363624    0.00000000 
max(|Fsp_paral|) :   0.00000000    0.00010950    0.00078487    0.00238233    0.00437900    0.00247565    0.00664966    0.15849906    0.13802392    0.00000000 
max(|Fsp_perp|)  :   0.00000000    0.00000000    0.00000000    0.00000000    0.00000000    0.00000000    0.00000000    0.00000000    0.00000000    0.00000000 
max(|FNEB|)      :   0.00000000    0.00109764    0.00987676    0.00502929    0.00440722    0.00321284    0.00698075    0.15901615    0.13649754    0.00000000 
max(|Force|)     :   0.00009233    0.00102502    0.00994381    0.00503514    0.00819096    0.00248052    0.00160434    0.01318972    0.02557657    0.00034335 
ksp              :   0.02814314    0.07626714    0.10000000    0.10000000    0.07918851    0.06001242    0.06001242    0.05575871    0.01000000 
max(|step|)      :   0.00000000    0.00069027    0.00621117    0.00316276    0.00277155    0.00202045    0.00438997    0.10000000    0.08583879    0.00000000 
angle (deg.)     :    49.6649  62.8517  46.8689  55.4328  101.3678  65.0263  80.7695  48.0533 
>
iteration       : 81
climbing        : no
zoom on         : no
nim             : 10
barrier         :   0.02095694 (image:  3) 
distance        :   0.00000000    8.17271051   11.19380716   13.51825067   15.88690013   18.79805135   22.73619088   26.65621989   38.03462958   60.83339662 
energy          : -2537.14379937  -2537.13957126  -2537.12842802  -2537.12284243  -2537.12759779  -2537.14691650  -2537.13212263  -2537.14264848  -2537.15413294  -2537.17943128 
max(|Fr_perp|)   :   0.00000000    0.00047935    0.00155370    0.00105973    0.00062352    0.00169313    0.00136479    0.01162394    0.00715608    0.00000000 
Fr_paral         :   0.00000000   -0.00125702   -0.00503975    0.00082011    0.01450108    0.00331317    0.00300846    0.03369144    0.00610961    0.00000000 
max(|Fsp_paral|) :   0.00000000    0.00010756    0.00126394    0.00195379    0.00296755    0.00191491    0.00035731    0.02404172    0.01862951    0.00000000 
max(|Fsp_perp|)  :   0.00000000    0.00000000    0.00000000    0.00000000    0.00000000    0.00000000    0.00000000    0.00000000    0.00000000    0.00000000 
max(|FNEB|)      :   0.00000000    0.00048989    0.00174557    0.00177964    0.00295753    0.00231728    0.00134954    0.02357666    0.02218833    0.00000000 
max(|Force|)     :   0.00009233    0.00050676    0.00275251    0.00105791    0.00828337    0.00196669    0.00170796    0.01283015    0.00712885    0.00034335 
ksp              :   0.02815770    0.07601259    0.10000000    0.10000000    0.07957800    0.06014598    0.06014598    0.01494252    0.01000000 
max(|step|)      :   0.00000000    0.00023272    0.00083148    0.00084264    0.00139392    0.00109435    0.00061827    0.01264676    0.01185606    0.00018291 
angle (deg.)     :    49.6690  62.8188  46.8972  55.3804  101.3661  65.0418  80.5832  48.1407 
>
iteration       : 82
climbing        : no
zoom on         : no
nim             : 10
barrier         :   0.02095034 (image:  3) 
distance        :   0.00000000    8.17254228   11.19355004   13.51860218   15.88290067   18.79822944   22.73563508   26.62096306   38.03689235   60.81654526 
energy          : -2537.14379937  -2537.13957314  -2537.12843132  -2537.12284903  -2537.12756496  -2537.14694965  -2537.13213243  -2537.14160259  -2537.15445126  -2537.17943128 
max(|Fr_perp|)   :   0.00000000    0.00047778    0.00127829    0.00084187    0.00055423    0.00168905    0.00120897    0.00497238    0.00344137    0.00000000 
Fr_paral         :   0.00000000   -0.00125639   -0.00504275    0.00084400    0.01454382    0.00329379    0.00292996    0.03474019    0.00540226    0.00000000 
max(|Fsp_paral|) :   0.00000000    0.00009927    0.00128559    0.00173719    0.00225903    0.00156153    0.00102660    0.00427608    0.00189949    0.00000000 
max(|Fsp_perp|)  :   0.00000000    0.00000000    0.00000000    0.00000000    0.00000000    0.00000000    0.00000000    0.00000000    0.00000000    0.00000000 
max(|FNEB|)      :   0.00000000    0.00048751    0.00175199    0.00157506    0.00223592    0.00204255    0.00141535    0.00639971    0.00454496    0.00000000 
max(|Force|)     :   0.00009233    0.00050518    0.00275048    0.00081123    0.00832235    0.00196336    0.00157114    0.01292879    0.00438356    0.00034335 
ksp              :   0.02815534    0.07601919    0.10000000    0.10000000    0.07974094    0.06011970    0.06011970    0.01943710    0.01000000 
max(|step|)      :   0.00000000    0.00037864    0.00135784    0.00121774    0.00172402    0.00158201    0.00108994    0.00491228    0.00355165    0.00003026 
angle (deg.)     :    49.6759  62.7630  46.9422  55.3132  101.3633  65.0850  80.5207  48.1765 
>
iteration       : 83
climbing        : no
zoom on         : no
nim             : 10
barrier         :   0.02094133 (image:  3) 
distance        :   0.00000000    8.17229351   11.19313061   13.51879714   15.87729007   18.79846009   22.73396377   26.61264500   38.03591714   60.81494875 
energy          : -2537.14379937  -2537.13957605  -2537.12843474  -2537.12285804  -2537.12752477  -2537.14699849  -2537.13214203  -2537.14134676  -2537.15454794  -2537.17943128 
max(|Fr_perp|)   :   0.00000000    0.00047546    0.00127661    0.00072969    0.00050264    0.00168140    0.00105943    0.00195485    0.00204033    0.00000000 
Fr_paral         :   0.00000000   -0.00125605   -0.00504675    0.00087453    0.01459881    0.00326659    0.00287276    0.03535946    0.00505883    0.00000000 
max(|Fsp_paral|) :   0.00000000    0.00008282    0.00130072    0.00145574    0.00132431    0.00110017    0.00111863    0.00056064    0.00220461    0.00000000 
max(|Fsp_perp|)  :   0.00000000    0.00000000    0.00000000    0.00000000    0.00000000    0.00000000    0.00000000    0.00000000    0.00000000    0.00000000 
max(|FNEB|)      :   0.00000000    0.00048359    0.00175523    0.00130930    0.00128590    0.00193355    0.00138559    0.00206991    0.00240590    0.00000000 
max(|Force|)     :   0.00009233    0.00050287    0.00274718    0.00070400    0.00837132    0.00195645    0.00146240    0.01294882    0.00366820    0.00034335 
ksp              :   0.02815065    0.07603290    0.10000000    0.10000000    0.07994371    0.06010000    0.06010000    0.02054065    0.01000000 
max(|step|)      :   0.00000000    0.00075902    0.00272378    0.00217638    0.00251517    0.00306339    0.00211569    0.00543125    0.00354586    0.00025434 
angle (deg.)     :    49.6897  62.6480  47.0307  55.2102  101.3646  65.1827  80.4548  48.2205 
>
iteration       : 84
climbing        : no
zoom on         : no
nim             : 10
barrier         :   0.02092469 (image:  3) 
distance        :   0.00000000    8.17184473   11.19228830   13.51856274   15.86762350   18.79885276   22.73130308   26.60879278   38.03365755   60.81881378 
energy          : -2537.14379937  -2537.13958174  -2537.12844055  -2537.12287468  -2537.12746704  -2537.14708679  -2537.13215940  -2537.14114917  -2537.15461823  -2537.17943128 
max(|Fr_perp|)   :   0.00000000    0.00047133    0.00127476    0.00073207    0.00050149    0.00166619    0.00094103    0.00315650    0.00282855    0.00000000 
Fr_paral         :   0.00000000   -0.00125577   -0.00505362    0.00092709    0.01467684    0.00321978    0.00279045    0.03604072    0.00470840    0.00000000 
max(|Fsp_paral|) :   0.00000000    0.00004991    0.00130468    0.00101339    0.00018168    0.00035878    0.00107950    0.00423570    0.00535077    0.00000000 
max(|Fsp_perp|)  :   0.00000000    0.00000000    0.00000000    0.00000000    0.00000000    0.00000000    0.00000000    0.00000000    0.00000000    0.00000000 
max(|FNEB|)      :   0.00000000    0.00047623    0.00175344    0.00090860    0.00049436    0.00175006    0.00151520    0.00454912    0.00427882    0.00000000 
max(|Force|)     :   0.00009233    0.00049876    0.00273996    0.00070457    0.00844206    0.00194206    0.00132177    0.01293728    0.00322327    0.00034335 
ksp              :   0.02814061    0.07606042    0.10000000    0.10000000    0.08024763    0.06006511    0.06006511    0.02139890    0.01000000 
max(|step|)      :   0.00000000    0.00227659    0.00816733    0.00601537    0.00564353    0.00896229    0.00630349    0.01160072    0.01021393    0.00108510 
angle (deg.)     :    49.7317  62.2992  47.2954  54.9707  101.3867  65.4917  80.3114  48.3270 
>
iteration       : 85
climbing        : no
zoom on         : no
nim             : 10
barrier         :   0.02087908 (image:  3) 
distance        :   0.00000000    8.17062738   11.18978846   13.51673838   15.84196050   18.80014106   22.72555528   26.60988203   38.02804649   60.83801097 
energy          : -2537.14379937  -2537.13959804  -2537.12845691  -2537.12292029  -2537.12733881  -2537.14732104  -2537.13220816  -2537.14072744  -2537.15467376  -2537.17943128 
max(|Fr_perp|)   :   0.00000000    0.00045973    0.00127384    0.00094183    0.00052542    0.00188647    0.00115755    0.01025018    0.00544485    0.00000000 
Fr_paral         :   0.00000000   -0.00125716   -0.00506980    0.00107788    0.01485580    0.00309805    0.00255345    0.03738308    0.00402693    0.00000000 
max(|Fsp_paral|) :   0.00000000    0.00004112    0.00128020    0.00007738    0.00397704    0.00149013    0.00080187    0.01187728    0.01199420    0.00000000 
max(|Fsp_perp|)  :   0.00000000    0.00000000    0.00000000    0.00000000    0.00000000    0.00000000    0.00000000    0.00000000    0.00000000    0.00000000 
max(|FNEB|)      :   0.00000000    0.00045567    0.00173931    0.00094174    0.00408716    0.00278497    0.00166142    0.01410602    0.01232041    0.00000000 
max(|Force|)     :   0.00009233    0.00048728    0.00271518    0.00094243    0.00860657    0.00190168    0.00152487    0.01469133    0.00545793    0.00034335 
ksp              :   0.02810998    0.07613421    0.10000000    0.10000000    0.08095380    0.05996432    0.05996432    0.02324168    0.01000000 
max(|step|)      :   0.00000000    0.00628373    0.02255578    0.01588497    0.01277071    0.02440301    0.01740549    0.02532184    0.02798926    0.00331521 
angle (deg.)     :    49.8544  61.3424  48.0408  54.4596  101.4966  66.3775  79.9973  48.5890 
>
iteration       : 86
climbing        : no
zoom on         : no
nim             : 10
barrier         :   0.02077207 (image:  3) 
distance        :   0.00000000    8.16750925   11.18343162   13.51085265   15.77704800   18.80594088   22.71635078   26.63470865   38.01797569   60.90613289 
energy          : -2537.14379937  -2537.13964072  -2537.12849726  -2537.12302730  -2537.12703826  -2537.14783024  -2537.13232417  -2537.13918027  -2537.15430841  -2537.17943128 
max(|Fr_perp|)   :   0.00000000    0.00079554    0.00235225    0.00205069    0.00091104    0.00587490    0.00202746    0.02548135    0.01332593    0.00000000 
Fr_paral         :   0.00000000   -0.00126102   -0.00514415    0.00147529    0.01522020    0.00278878    0.00187989    0.04011340    0.00260502    0.00000000 
max(|Fsp_paral|) :   0.00000000    0.00028156    0.00119081    0.00279118    0.01356922    0.00598880    0.00015337    0.03940412    0.03626093    0.00000000 
max(|Fsp_perp|)  :   0.00000000    0.00000000    0.00000000    0.00000000    0.00000000    0.00000000    0.00000000    0.00000000    0.00000000    0.00000000 
max(|FNEB|)      :   0.00000000    0.00078831    0.00236180    0.00262488    0.01378465    0.00957923    0.00194974    0.04094323    0.04024565    0.00000000 
max(|Force|)     :   0.00009233    0.00081266    0.00268413    0.00211224    0.00895456    0.00525725    0.00202020    0.02978685    0.01315705    0.00034335 
ksp              :   0.02801835    0.07630008    0.10000000    0.10000000    0.08262157    0.05971907    0.05971907    0.03001338    0.01000000 
max(|step|)      :   0.00000000    0.00000000    0.00000000    0.00000000    0.00000000    0.00000000    0.00000000    0.00000000    0.00000000    0.00000000 
angle (deg.)     :    49.8544  61.3425  48.0408  54.4596  101.4966  66.3775  79.9973  48.5890 
>
iteration       : 87
climbing        : no
zoom on         : no
nim             : 10
barrier         :   0.02077192 (image:  3) 
distance        :   0.00000000    8.16750925   11.18343162   13.51085265   15.77704800   18.80594088   22.71635078   26.63470865   38.01797569   60.90613289 
energy          : -2537.14379937  -2537.13964075  -2537.12849740  -2537.12302745  -2537.12704037  -2537.14783075  -2537.13232438  -2537.13921948  -2537.15431383  -2537.17943128 
max(|Fr_perp|)   :   0.00000000    0.00079115    0.00233413    0.00204685    0.00090834    0.00586787    0.00202295    0.02527903    0.01325494    0.00000000 
Fr_paral         :   0.00000000   -0.00126152   -0.00514435    0.00147409    0.01522028    0.00278935    0.00188467    0.04008984    0.00261924    0.00000000 
max(|Fsp_paral|) :   0.00000000    0.00028143    0.00118902    0.00278091    0.01355389    0.00598354    0.00016385    0.03938102    0.03625153    0.00000000 
max(|Fsp_perp|)  :   0.00000000    0.00000000    0.00000000    0.00000000    0.00000000    0.00000000    0.00000000    0.00000000    0.00000000    0.00000000 
max(|FNEB|)      :   0.00000000    0.00078774    0.00235944    0.00262501    0.01378539    0.00958012    0.00194873    0.04094184    0.04024568    0.00000000 
max(|Force|)     :   0.00009233    0.00081191    0.00268369    0.00211361    0.00895441    0.00525810    0.00201927    0.02978729    0.01315816    0.00034335 
ksp              :   0.02801829    0.07630003    0.10000000    0.10000000    0.08262191    0.05971926    0.05971926    0.03001328    0.01000000 
max(|step|)      :   0.00000000    0.00192406    0.00576290    0.00641156    0.03367067    0.02339934    0.00475975    0.10000000    0.09829963    0.00000000 
angle (deg.)     :    49.8621  61.0745  48.1029  55.4828  101.7397  66.6855  81.3232  48.0039 
>
iteration       : 88
climbing        : no
zoom on         : no
nim             : 10
barrier         :   0.02077153 (image:  3) 
distance        :   0.00000000    8.16947051   11.18097631   13.48802619   15.82540175   18.80157346   22.74677951   26.93026883   38.00622595   61.07794650 
energy          : -2537.14379937  -2537.13964504  -2537.12848538  -2537.12302784  -2537.12791538  -2537.14793212  -2537.13240007  -2537.14759115  -2537.15207154  -2537.17943128 
max(|Fr_perp|)   :   0.00000000    0.00077996    0.00597148    0.00364123    0.00134762    0.00157419    0.00172750    0.04158378    0.02373459    0.00000000 
Fr_paral         :   0.00000000   -0.00129084   -0.00516064    0.00114959    0.01449755    0.00304418    0.00274363    0.02867061    0.00867116    0.00000000 
max(|Fsp_paral|) :   0.00000000    0.00026311    0.00034789    0.00133320    0.00048962    0.00010132    0.00471651    0.05019953    0.03835996    0.00000000 
max(|Fsp_perp|)  :   0.00000000    0.00000000    0.00000000    0.00000000    0.00000000    0.00000000    0.00000000    0.00000000    0.00000000    0.00000000 
max(|FNEB|)      :   0.00000000    0.00083084    0.00596219    0.00363919    0.00135775    0.00154990    0.00525833    0.05952084    0.04434549    0.00000000 
max(|Force|)     :   0.00009233    0.00074989    0.00603405    0.00364046    0.00833128    0.00183916    0.00159510    0.04065980    0.02367029    0.00034335 
ksp              :   0.02800010    0.07635327    0.10000000    0.10000000    0.07882300    0.05939150    0.05939150    0.01000000    0.01000000 
max(|step|)      :   0.00000000    0.00082848    0.00445710    0.00310796    0.00898422    0.00592001    0.00302301    0.05621068    0.05021560    0.00057718 
angle (deg.)     :    49.8547  61.1286  48.1003  55.1974  101.6951  66.5987  80.5950  48.3295 
>
iteration       : 89
climbing        : no
zoom on         : no
nim             : 10
barrier         :   0.02075273 (image:  3) 
distance        :   0.00000000    8.16933466   11.18071979   13.49433049   15.81108228   18.80263578   22.74574025   26.77893531   38.01205508   60.99465461 
energy          : -2537.14379937  -2537.13964589  -2537.12851769  -2537.12304664  -2537.12769021  -2537.14795000  -2537.13241668  -2537.14509830  -2537.15452160  -2537.17943128 
max(|Fr_perp|)   :   0.00000000    0.00043625    0.00123095    0.00087798    0.00059200    0.00227622    0.00112943    0.00347734    0.00324630    0.00000000 
Fr_paral         :   0.00000000   -0.00128398   -0.00517885    0.00122617    0.01474471    0.00297945    0.00245942    0.03582472    0.00506543    0.00000000 
max(|Fsp_paral|) :   0.00000000    0.00018606    0.00075891    0.00013949    0.00415347    0.00174669    0.00175429    0.04639926    0.03771589    0.00000000 
max(|Fsp_perp|)  :   0.00000000    0.00000000    0.00000000    0.00000000    0.00000000    0.00000000    0.00000000    0.00000000    0.00000000    0.00000000 
max(|FNEB|)      :   0.00000000    0.00043047    0.00149758    0.00089019    0.00423925    0.00333866    0.00252550    0.04724621    0.03868023    0.00000000 
max(|Force|)     :   0.00009233    0.00046460    0.00272035    0.00092567    0.00854932    0.00182468    0.00157795    0.01250236    0.00368088    0.00034335 
ksp              :   0.02801272    0.07627329    0.10000000    0.10000000    0.07986189    0.05936423    0.05936423    0.01000000    0.01000000 
max(|step|)      :   0.00000000    0.00074486    0.00139039    0.00326402    0.01138839    0.00750271    0.00234116    0.10000000    0.09352936    0.00046845 
angle (deg.)     :    49.8512  61.1838  48.1010  54.8400  101.6399  66.5306  79.2252  48.9687 
>
iteration       : 90
climbing        : no
zoom on         : no
nim             : 10
barrier         :   0.02075121 (image:  3) 
distance        :   0.00000000    8.16895757   11.18055942   13.50212111   15.79242376   18.80421735   22.74140327   26.49262193   38.04514713   60.84956977 
energy          : -2537.14379937  -2537.13964556  -2537.12851557  -2537.12304816  -2537.12739643  -2537.14795275  -2537.13241392  -2537.13267414  -2537.15465377  -2537.17943128 
max(|Fr_perp|)   :   0.00000000    0.00061923    0.00247737    0.00206951    0.00078331    0.00394083    0.00166816    0.04213203    0.01676874    0.00000000 
Fr_paral         :   0.00000000   -0.00127682   -0.00515375    0.00129440    0.01499880    0.00289284    0.00115358    0.04032014    0.00103817    0.00000000 
max(|Fsp_paral|) :   0.00000000    0.00019635    0.00109243    0.00140305    0.00881412    0.00380789    0.00400834    0.16519577    0.14451595    0.00000000 
max(|Fsp_perp|)  :   0.00000000    0.00000000    0.00000000    0.00000000    0.00000000    0.00000000    0.00000000    0.00000000    0.00000000    0.00000000 
max(|FNEB|)      :   0.00000000    0.00058960    0.00249194    0.00207076    0.00896891    0.00627802    0.00489565    0.16372075    0.14907578    0.00000000 
max(|Force|)     :   0.00009233    0.00068035    0.00269844    0.00207303    0.00876719    0.00330632    0.00173812    0.04661039    0.01673584    0.00034335 
ksp              :   0.02801547    0.07628725    0.10000000    0.10000000    0.08114236    0.05937995    0.05937995    0.05840751    0.01000000 
max(|step|)      :   0.00000000    0.00036012    0.00152207    0.00126481    0.00547818    0.00383459    0.00299024    0.10000000    0.09105491    0.00000000 
angle (deg.)     :    49.8538  61.1273  48.1170  55.0045  101.6666  66.6916  80.6101  48.3464 
>
iteration       : 91
climbing        : no
zoom on         : no
nim             : 10
barrier         :   0.02074401 (image:  3) 
distance        :   0.00000000    8.16930238   11.17998354   13.49825572   15.79962122   18.80359362   22.74475898   26.77904335   38.01341200   60.99716853 
energy          : -2537.14379937  -2537.13964725  -2537.12852510  -2537.12305536  -2537.12754046  -2537.14797906  -2537.13242563  -2537.14496983  -2537.15447834  -2537.17943128 
max(|Fr_perp|)   :   0.00000000    0.00043308    0.00123558    0.00099108    0.00061254    0.00315696    0.00125135    0.00372268    0.00525553    0.00000000 
Fr_paral         :   0.00000000   -0.00128241   -0.00517329    0.00124072    0.01488651    0.00293173    0.00243409    0.03676748    0.00474634    0.00000000 
max(|Fsp_paral|) :   0.00000000    0.00016856    0.00100054    0.00075559    0.00677925    0.00290098    0.00181053    0.04641720    0.03769098    0.00000000 
max(|Fsp_perp|)  :   0.00000000    0.00000000    0.00000000    0.00000000    0.00000000    0.00000000    0.00000000    0.00000000    0.00000000    0.00000000 
max(|FNEB|)      :   0.00000000    0.00042311    0.00158717    0.00092407    0.00689236    0.00493097    0.00265037    0.04764430    0.03731205    0.00000000 
max(|Force|)     :   0.00009233    0.00046140    0.00270851    0.00104025    0.00866106    0.00251088    0.00163731    0.01404426    0.00566297    0.00034335 
ksp              :   0.02801438    0.07626899    0.10000000    0.10000000    0.08054096    0.05934613    0.05934613    0.01000000    0.01000000 
max(|step|)      :   0.00000000    0.00014880    0.00056306    0.00032297    0.00239312    0.00171404    0.00103306    0.02236656    0.01814169    0.00022199 
angle (deg.)     :    49.8550  61.0985  48.1274  55.0755  101.6935  66.7130  80.3031  48.4811 
>
iteration       : 92
climbing        : no
zoom on         : no
nim             : 10
barrier         :   0.02074163 (image:  3) 
distance        :   0.00000000    8.16947413   11.17964134   13.49658031   15.80252484   18.80336111   22.74907489   26.72141961   38.02281362   60.97013590 
energy          : -2537.14379937  -2537.13964808  -2537.12852738  -2537.12305774  -2537.12760334  -2537.14799230  -2537.13243918  -2537.14278476  -2537.15477290  -2537.17943128 
max(|Fr_perp|)   :   0.00000000    0.00043366    0.00123393    0.00088556    0.00060159    0.00281264    0.00124764    0.00496940    0.00467720    0.00000000 
Fr_paral         :   0.00000000   -0.00128443   -0.00517649    0.00121862    0.01483518    0.00294914    0.00234403    0.03726852    0.00421770    0.00000000 
max(|Fsp_paral|) :   0.00000000    0.00016004    0.00096110    0.00049017    0.00591505    0.00250374    0.00051268    0.02657154    0.02144723    0.00000000 
max(|Fsp_perp|)  :   0.00000000    0.00000000    0.00000000    0.00000000    0.00000000    0.00000000    0.00000000    0.00000000    0.00000000    0.00000000 
max(|FNEB|)      :   0.00000000    0.00041765    0.00157130    0.00084225    0.00601288    0.00434113    0.00134646    0.02759854    0.02095621    0.00000000 
max(|Force|)     :   0.00009233    0.00046202    0.00271297    0.00093357    0.00861628    0.00216336    0.00159024    0.01452612    0.00504577    0.00034335 
ksp              :   0.02801286    0.07626667    0.10000000    0.10000000    0.08027620    0.05929298    0.05929298    0.01440250    0.01000000 
max(|step|)      :   0.00000000    0.00066957    0.00248425    0.00125733    0.00862843    0.00628540    0.00199977    0.03168453    0.02399142    0.00028533 
angle (deg.)     :    49.8596  60.9790  48.1766  55.3296  101.7805  66.8342  79.8656  48.6828 
>
iteration       : 93
climbing        : no
zoom on         : no
nim             : 10
barrier         :   0.02073085 (image:  3) 
distance        :   0.00000000    8.17019120   11.17805771   13.49052615   15.81212786   18.80270993   22.75881697   26.64991852   38.04658024   60.94600768 
energy          : -2537.14379937  -2537.13965154  -2537.12853795  -2537.12306852  -2537.12782917  -2537.14804316  -2537.13247088  -2537.13995878  -2537.15525307  -2537.17943128 
max(|Fr_perp|)   :   0.00000000    0.00043487    0.00122794    0.00071619    0.00055994    0.00157654    0.00098339    0.00308489    0.00215136    0.00000000 
Fr_paral         :   0.00000000   -0.00129304   -0.00518641    0.00113216    0.01464219    0.00300725    0.00232254    0.03622903    0.00412854    0.00000000 
max(|Fsp_paral|) :   0.00000000    0.00011944    0.00085382    0.00040377    0.00292272    0.00112930    0.00124880    0.02688602    0.02421564    0.00000000 
max(|Fsp_perp|)  :   0.00000000    0.00000000    0.00000000    0.00000000    0.00000000    0.00000000    0.00000000    0.00000000    0.00000000    0.00000000 
max(|FNEB|)      :   0.00000000    0.00042292    0.00152633    0.00068935    0.00296166    0.00226287    0.00181305    0.02642610    0.02349166    0.00000000 
max(|Force|)     :   0.00009233    0.00046341    0.00272524    0.00068291    0.00844707    0.00181311    0.00145748    0.01313488    0.00252072    0.00034335 
ksp              :   0.02800721    0.07625525    0.10000000    0.10000000    0.07933234    0.05918100    0.05918100    0.02667337    0.01000000 
max(|step|)      :   0.00000000    0.00008253    0.00025509    0.00020212    0.00140200    0.00100749    0.00019739    0.01460279    0.01208740    0.00014538 
angle (deg.)     :    49.8592  60.9931  48.1725  55.2870  101.7666  66.8251  80.0657  48.5938 
>
iteration       : 94
climbing        : no
zoom on         : no
nim             : 10
barrier         :   0.02073162 (image:  3) 
distance        :   0.00000000    8.17009562   11.17821832   13.49149525   15.81029479   18.80283239   22.75738455   26.68810004   38.03887611   60.96351126 
energy          : -2537.14379937  -2537.13965127  -2537.12853704  -2537.12306775  -2537.12779313  -2537.14803987  -2537.13246722  -2537.14136709  -2537.15507316  -2537.17943128 
max(|Fr_perp|)   :   0.00000000    0.00043445    0.00122844    0.00071769    0.00056673    0.00178682    0.00103762    0.00281524    0.00279638    0.00000000 
Fr_paral         :   0.00000000   -0.00129203   -0.00518491    0.00114485    0.01467898    0.00299699    0.00237171    0.03640339    0.00433521    0.00000000 
max(|Fsp_paral|) :   0.00000000    0.00012443    0.00087953    0.00024448    0.00343716    0.00136441    0.00045902    0.00024864    0.00132634    0.00000000 
max(|Fsp_perp|)  :   0.00000000    0.00000000    0.00000000    0.00000000    0.00000000    0.00000000    0.00000000    0.00000000    0.00000000    0.00000000 
max(|FNEB|)      :   0.00000000    0.00042200    0.00153598    0.00070139    0.00348689    0.00261675    0.00132474    0.00299416    0.00243236    0.00000000 
max(|Force|)     :   0.00009233    0.00046297    0.00272234    0.00068389    0.00847909    0.00181168    0.00147380    0.01305082    0.00317996    0.00034335 
ksp              :   0.02800772    0.07625677    0.10000000    0.10000000    0.07948621    0.05919505    0.05919505    0.02055898    0.01000000 
max(|step|)      :   0.00000000    0.00025410    0.00092492    0.00042489    0.00217661    0.00162887    0.00080035    0.00171258    0.00157887    0.00001414 
angle (deg.)     :    49.8610  60.9522  48.1928  55.3492  101.7912  66.8707  80.0562  48.6031 
>
iteration       : 95
climbing        : no
zoom on         : no
nim             : 10
barrier         :   0.02072723 (image:  3) 
distance        :   0.00000000    8.17032038   11.17762542   13.48993608   15.81217014   18.80274463   22.76012647   26.69166142   38.04226822   60.96924660 
energy          : -2537.14379937  -2537.13965258  -2537.12854122  -2537.12307214  -2537.12785058  -2537.14805909  -2537.13247747  -2537.14138763  -2537.15509942  -2537.17943128 
max(|Fr_perp|)   :   0.00000000    0.00043453    0.00122649    0.00071497    0.00055566    0.00154215    0.00099301    0.00202316    0.00247169    0.00000000 
Fr_paral         :   0.00000000   -0.00129445   -0.00518752    0.00111957    0.01462797    0.00301032    0.00239421    0.03617022    0.00443555    0.00000000 
max(|Fsp_paral|) :   0.00000000    0.00010994    0.00086973    0.00043840    0.00274742    0.00104304    0.00049783    0.00008149    0.00099988    0.00000000 
max(|Fsp_perp|)  :   0.00000000    0.00000000    0.00000000    0.00000000    0.00000000    0.00000000    0.00000000    0.00000000    0.00000000    0.00000000 
max(|FNEB|)      :   0.00000000    0.00042353    0.00153015    0.00068586    0.00278005    0.00215429    0.00130380    0.00196441    0.00219731    0.00000000 
max(|Force|)     :   0.00009233    0.00046310    0.00272625    0.00068213    0.00843320    0.00181037    0.00143483    0.01268496    0.00286423    0.00034335 
ksp              :   0.02800583    0.07625263    0.10000000    0.10000000    0.07925150    0.05916099    0.05916099    0.02047204    0.01000000 
max(|step|)      :   0.00000000    0.00388997    0.01381546    0.00625467    0.02089645    0.01763560    0.01177086    0.01297071    0.01895256    0.00166089 
angle (deg.)     :    49.8956  60.3771  48.5252  55.9285  102.0852  67.5264  79.8894  48.7745 
>
iteration       : 96
climbing        : no
zoom on         : no
nim             : 10
barrier         :   0.02066163 (image:  3) 
distance        :   0.00000000    8.17304688   11.16918453   13.47438238   15.82163669   18.80391993   22.79284828   26.73454125   38.08762187   61.04803317 
energy          : -2537.14379937  -2537.13967298  -2537.12860481  -2537.12313774  -2537.12840914  -2537.14833783  -2537.13261488  -2537.14116143  -2537.15536564  -2537.17943128 
max(|Fr_perp|)   :   0.00000000    0.00042958    0.00119997    0.00081356    0.00063833    0.00154766    0.00120041    0.00389269    0.00262106    0.00000000 
Fr_paral         :   0.00000000   -0.00132037   -0.00521659    0.00088137    0.01413017    0.00310756    0.00252713    0.03463864    0.00483733    0.00000000 
max(|Fsp_paral|) :   0.00000000    0.00008155    0.00102581    0.00182448    0.00286075    0.00162020    0.00090836    0.00455700    0.00465599    0.00000000 
max(|Fsp_perp|)  :   0.00000000    0.00000000    0.00000000    0.00000000    0.00000000    0.00000000    0.00000000    0.00000000    0.00000000    0.00000000 
max(|FNEB|)      :   0.00000000    0.00043774    0.00155073    0.00165797    0.00301352    0.00208439    0.00139706    0.00562348    0.00414638    0.00000000 
max(|Force|)     :   0.00009233    0.00045865    0.00274306    0.00078045    0.00797194    0.00180952    0.00151991    0.01271284    0.00318560    0.00034335 
ksp              :   0.02797415    0.07618599    0.10000000    0.10000000    0.07703834    0.05871854    0.05871854    0.02149059    0.01000000 
max(|step|)      :   0.00000000    0.00902047    0.03192821    0.01484846    0.03572844    0.03498376    0.02689022    0.02731148    0.04152480    0.00490237 
angle (deg.)     :    50.0129  59.0953  49.3354  56.9575  102.7098  69.0043  79.5771  49.1566 
>
iteration       : 97
climbing        : no
zoom on         : no
nim             : 10
barrier         :   0.02052987 (image:  3) 
distance        :   0.00000000    8.17816895   11.15244845   13.44742025   15.82604566   18.81399846   22.86665014   26.84970944   38.19137482   61.23974136 
energy          : -2537.14379937  -2537.13971951  -2537.12873966  -2537.12326950  -2537.12934807  -2537.14889471  -2537.13290517  -2537.14059252  -2537.15566540  -2537.17943128 
max(|Fr_perp|)   :   0.00000000    0.00061921    0.00114372    0.00279252    0.00159766    0.00512338    0.00294324    0.01198374    0.00702938    0.00000000 
Fr_paral         :   0.00000000   -0.00137562   -0.00527755    0.00050531    0.01306089    0.00321297    0.00267953    0.03178646    0.00536815    0.00000000 
max(|Fsp_paral|) :   0.00000000    0.00042710    0.00154873    0.00353185    0.01077697    0.00538491    0.00132707    0.01546406    0.01380099    0.00000000 
max(|Fsp_perp|)  :   0.00000000    0.00000000    0.00000000    0.00000000    0.00000000    0.00000000    0.00000000    0.00000000    0.00000000    0.00000000 
max(|FNEB|)      :   0.00000000    0.00061149    0.00164844    0.00351014    0.01135000    0.00838922    0.00242972    0.01780765    0.01151900    0.00000000 
max(|Force|)     :   0.00009233    0.00061376    0.00277710    0.00277384    0.00695853    0.00582752    0.00328556    0.01589022    0.00739597    0.00034335 
ksp              :   0.02788551    0.07601960    0.10000000    0.10000000    0.07335243    0.05775862    0.05775862    0.02405836    0.01000000 
max(|step|)      :   0.00000000    0.02217582    0.07839418    0.03708449    0.08233846    0.08345033    0.06584883    0.06652979    0.10000000    0.01284802 
angle (deg.)     :    50.4115  56.1970  51.3617  59.7108  104.4154  72.4966  78.9102  50.1250 
>
iteration       : 98
climbing        : no
zoom on         : no
nim             : 10
barrier         :   0.02032728 (image:  3) 
distance        :   0.00000000    8.19086821   11.12015452   13.39654306   15.84281657   18.87401679   23.09320044   27.19589789   38.49937116   61.77603010 
energy          : -2537.14379937  -2537.13981528  -2537.12903553  -2537.12347209  -2537.13120636  -2537.14965564  -2537.13349519  -2537.13723142  -2537.15521251  -2537.17943128 
max(|Fr_perp|)   :   0.00000000    0.00170205    0.00120227    0.00701667    0.00475058    0.01435556    0.00684137    0.02771150    0.01713980    0.00000000 
Fr_paral         :   0.00000000   -0.00148701   -0.00538875   -0.00027968    0.00917862    0.00334841    0.00322751    0.02474390    0.00643679    0.00000000 
max(|Fsp_paral|) :   0.00000000    0.00121374    0.00315863    0.00685166    0.02627954    0.01264872    0.00216412    0.07644586    0.06933621    0.00000000 
max(|Fsp_perp|)  :   0.00000000    0.00000000    0.00000000    0.00000000    0.00000000    0.00000000    0.00000000    0.00000000    0.00000000    0.00000000 
max(|FNEB|)      :   0.00000000    0.00184205    0.00278118    0.00774847    0.02834852    0.02219061    0.00594228    0.07998645    0.06500496    0.00000000 
max(|Force|)     :   0.00009233    0.00174355    0.00285406    0.00703377    0.00391142    0.01511801    0.00730468    0.02738466    0.01760534    0.00034335 
ksp              :   0.02763967    0.07536595    0.10000000    0.10000000    0.06575028    0.05562385    0.05562385    0.03920588    0.01000000 
max(|step|)      :   0.00000000    0.00230296    0.00347706    0.00968723    0.03544166    0.02774296    0.00742911    0.10000000    0.08126997    0.00000000 
angle (deg.)     :    50.5236  56.0862  51.5646  58.5398  104.0023  72.5270  80.2351  49.5587 
>
iteration       : 99
climbing        : no
zoom on         : no
nim             : 10
barrier         :   0.02018432 (image:  3) 
distance        :   0.00000000    8.18658576   11.12631453   13.41487909   15.78737110   18.87048882   23.05701154   27.43694007   38.42328428   61.87688982 
energy          : -2537.14379937  -2537.13983680  -2537.12901089  -2537.12361505  -2537.13069977  -2537.15050484  -2537.13367096  -2537.14822910  -2537.15526038  -2537.17943128 
max(|Fr_perp|)   :   0.00000000    0.00086644    0.00099685    0.00471566    0.00203703    0.00701373    0.00459345    0.02431444    0.01296250    0.00000000 
Fr_paral         :   0.00000000   -0.00144924   -0.00542136    0.00013998    0.01155171    0.00311388    0.00249390    0.02580518    0.00705626    0.00000000 
max(|Fsp_paral|) :   0.00000000    0.00070426    0.00258122    0.00341679    0.01527910    0.00706729    0.00352078    0.04702713    0.04053315    0.00000000 
max(|Fsp_perp|)  :   0.00000000    0.00000000    0.00000000    0.00000000    0.00000000    0.00000000    0.00000000    0.00000000    0.00000000    0.00000000 
max(|FNEB|)      :   0.00000000    0.00092192    0.00225416    0.00439423    0.01651607    0.01144867    0.00563264    0.05972237    0.04337560    0.00000000 
max(|Force|)     :   0.00009233    0.00089104    0.00282055    0.00471029    0.00546553    0.00770354    0.00483637    0.02654116    0.01351625    0.00034335 
ksp              :   0.02766874    0.07594046    0.10000000    0.10000000    0.06840991    0.05516166    0.05516166    0.01000000    0.01000000 
max(|step|)      :   0.00000000    0.00055025    0.00095143    0.00177854    0.00626244    0.00411888    0.00267635    0.03503499    0.02940700    0.00044201 
angle (deg.)     :    50.5513  56.0457  51.6075  58.3423  103.9563  72.5146  79.7543  49.7759 
>
iteration       : 100
climbing        : no
zoom on         : no
nim             : 10
barrier         :   0.02015709 (image:  3) 
distance        :   0.00000000    8.18584844   11.12766357   13.41681071   15.77705674   18.87020430   23.05724484   27.34108042   38.42767159   61.82805370 
energy          : -2537.14379937  -2537.13984114  -2537.12900445  -2537.12364228  -2537.13059235  -2537.15060471  -2537.13371556  -2537.14674774  -2537.15606236  -2537.17943128 
max(|Fr_perp|)   :   0.00000000    0.00064976    0.00099869    0.00422108    0.00170005    0.00610217    0.00393639    0.01850785    0.00664873    0.00000000 
Fr_paral         :   0.00000000   -0.00144625   -0.00543035    0.00023507    0.01189536    0.00309538    0.00234618    0.02924787    0.00552529    0.00000000 
max(|Fsp_paral|) :   0.00000000    0.00059867    0.00237626    0.00290089    0.01316740    0.00600288    0.00175617    0.04460030    0.04005427    0.00000000 
max(|Fsp_perp|)  :   0.00000000    0.00000000    0.00000000    0.00000000    0.00000000    0.00000000    0.00000000    0.00000000    0.00000000    0.00000000 
max(|FNEB|)      :   0.00000000    0.00073387    0.00206097    0.00394840    0.01427288    0.00987896    0.00449085    0.05174879    0.04129538    0.00000000 
max(|Force|)     :   0.00009233    0.00064684    0.00281349    0.00421206    0.00579606    0.00678758    0.00418064    0.02231315    0.00637045    0.00034335 
ksp              :   0.02767324    0.07605829    0.10000000    0.10000000    0.06896842    0.05502354    0.05502354    0.01000000    0.01000000 
max(|step|)      :   0.00000000    0.00142389    0.00254125    0.00433031    0.01265805    0.00789411    0.00391952    0.10000000    0.09228852    0.00132103 
angle (deg.)     :    50.6225  55.9220  51.7157  57.9550  103.8634  72.5748  78.2792  50.4740 
>
iteration       : 101
climbing        : no
zoom on         : no
nim             : 10
barrier         :   0.02010102 (image:  3) 
distance        :   0.00000000    8.18456876   11.13066596   13.41862075   15.75530653   18.87000211   23.05076548   27.05162629   38.48288162   61.70019498 
energy          : -2537.14379937  -2537.13984639  -2537.12898801  -2537.12369835  -2537.13036835  -2537.15079608  -2537.13377236  -2537.13858920  -2537.15743721  -2537.17943128 
max(|Fr_perp|)   :   0.00000000    0.00160271    0.00124715    0.00294858    0.00118001    0.00439311    0.00287269    0.00884285    0.00415120    0.00000000 
Fr_paral         :   0.00000000   -0.00143209   -0.00544381    0.00050005    0.01251736    0.00301772    0.00203529    0.03186681    0.00344387    0.00000000 
max(|Fsp_paral|) :   0.00000000    0.00040236    0.00182398    0.00199406    0.00882567    0.00386534    0.00326335    0.05813250    0.04897774    0.00000000 
max(|Fsp_perp|)  :   0.00000000    0.00000000    0.00000000    0.00000000    0.00000000    0.00000000    0.00000000    0.00000000    0.00000000    0.00000000 
max(|FNEB|)      :   0.00000000    0.00156415    0.00153515    0.00276643    0.00967141    0.00685489    0.00380190    0.05911890    0.04822211    0.00000000 
max(|Force|)     :   0.00009233    0.00157484    0.00279506    0.00293474    0.00642230    0.00507137    0.00316094    0.01235651    0.00391370    0.00034335 
ksp              :   0.02769901    0.07631547    0.10000000    0.10000000    0.07013180    0.05489496    0.05489496    0.03343910    0.01000000 
max(|step|)      :   0.00000000    0.00264578    0.00259671    0.00467943    0.01635926    0.01159509    0.00643093    0.10000000    0.08156802    0.00000000 
angle (deg.)     :    50.7009  55.7995  51.8465  57.4516  103.6929  72.7325  79.6424  49.8838 
>
iteration       : 102
climbing        : no
zoom on         : no
nim             : 10
barrier         :   0.02005556 (image:  3) 
distance        :   0.00000000    8.18273761   11.13396909   13.42350886   15.72806247   18.86997294   23.03466227   27.32730984   38.45363627   61.83633544 
energy          : -2537.14379937  -2537.13985430  -2537.12897237  -2537.12374381  -2537.13005569  -2537.15098639  -2537.13380244  -2537.14794963  -2537.15649795  -2537.17943128 
max(|Fr_perp|)   :   0.00000000    0.00221349    0.00187287    0.00157653    0.00078655    0.00155689    0.00215379    0.01010347    0.00830300    0.00000000 
Fr_paral         :   0.00000000   -0.00142919   -0.00546315    0.00075600    0.01326014    0.00295591    0.00209428    0.03134155    0.00563482    0.00000000 
max(|Fsp_paral|) :   0.00000000    0.00017496    0.00141725    0.00062049    0.00304927    0.00113940    0.00231250    0.04448940    0.03958673    0.00000000 
max(|Fsp_perp|)  :   0.00000000    0.00000000    0.00000000    0.00000000    0.00000000    0.00000000    0.00000000    0.00000000    0.00000000    0.00000000 
max(|FNEB|)      :   0.00000000    0.00223312    0.00182221    0.00151804    0.00359821    0.00228825    0.00304918    0.04427699    0.04141735    0.00000000 
max(|Force|)     :   0.00009233    0.00224794    0.00276932    0.00154708    0.00714063    0.00221515    0.00237224    0.01543283    0.00871423    0.00034335 
ksp              :   0.02770365    0.07653664    0.10000000    0.10000000    0.07167522    0.05486154    0.05486154    0.01000000    0.01000000 
max(|step|)      :   0.00000000    0.00167827    0.00137650    0.00102158    0.00100661    0.00083713    0.00222312    0.04181687    0.03717882    0.00050421 
angle (deg.)     :    50.7052  55.7854  51.8489  57.4847  103.7195  72.7150  79.0523  50.1604 
>
iteration       : 103
climbing        : no
zoom on         : no
nim             : 10
barrier         :   0.02005323 (image:  3) 
distance        :   0.00000000    8.18285725   11.13397788   13.42243760   15.72936534   18.86997382   23.04062217   27.21076714   38.46974690   61.78232979 
energy          : -2537.14379937  -2537.13985897  -2537.12897520  -2537.12374614  -2537.13008052  -2537.15098664  -2537.13382007  -2537.14430452  -2537.15711104  -2537.17943128 
max(|Fr_perp|)   :   0.00000000    0.00032333    0.00099153    0.00157449    0.00079021    0.00176997    0.00192540    0.00557518    0.00224052    0.00000000 
Fr_paral         :   0.00000000   -0.00142361   -0.00546498    0.00076928    0.01321488    0.00295030    0.00193327    0.03346939    0.00414645    0.00000000 
max(|Fsp_paral|) :   0.00000000    0.00014740    0.00137822    0.00076268    0.00343065    0.00129191    0.00000901    0.04149810    0.03904187    0.00000000 
max(|Fsp_perp|)  :   0.00000000    0.00000000    0.00000000    0.00000000    0.00000000    0.00000000    0.00000000    0.00000000    0.00000000    0.00000000 
max(|FNEB|)      :   0.00000000    0.00034698    0.00138516    0.00150265    0.00398652    0.00259811    0.00192212    0.04131646    0.03940218    0.00000000 
max(|Force|)     :   0.00009233    0.00041082    0.00276883    0.00154457    0.00710686    0.00242611    0.00215580    0.01216718    0.00253142    0.00034335 
ksp              :   0.02768476    0.07653169    0.10000000    0.10000000    0.07157097    0.05478766    0.05478766    0.01000000    0.01000000 
max(|step|)      :   0.00000000    0.00544347    0.00402765    0.00352961    0.00045612    0.00123301    0.00443983    0.10000000    0.09189952    0.00110904 
angle (deg.)     :    50.7154  55.7466  51.8607  57.4930  103.7139  72.7495  77.6535  50.8495 
>
iteration       : 104
climbing        : no
zoom on         : no
nim             : 10
barrier         :   0.02006570 (image:  3) 
distance        :   0.00000000    8.18337733   11.13369161   13.42093628   15.72838982   18.86957651   23.03246497   26.93566412   38.54940661   61.67292411 
energy          : -2537.14379937  -2537.13981287  -2537.12895076  -2537.12373367  -2537.13009291  -2537.15100430  -2537.13380196  -2537.13482074  -2537.15804094  -2537.17943128 
max(|Fr_perp|)   :   0.00000000    0.00729207    0.00576403    0.00412546    0.00078442    0.00171496    0.00221719    0.01216704    0.00439661    0.00000000 
Fr_paral         :   0.00000000   -0.00144244   -0.00543399    0.00073233    0.01320351    0.00296979    0.00172536    0.03147345    0.00266852    0.00000000 
max(|Fsp_paral|) :   0.00000000    0.00046587    0.00125751    0.00083257    0.00360778    0.00130915    0.00502409    0.13272935    0.11560741    0.00000000 
max(|Fsp_perp|)  :   0.00000000    0.00000000    0.00000000    0.00000000    0.00000000    0.00000000    0.00000000    0.00000000    0.00000000    0.00000000 
max(|FNEB|)      :   0.00000000    0.00737438    0.00574418    0.00413767    0.00416192    0.00253246    0.00545896    0.13316978    0.11471267    0.00000000 
max(|Force|)     :   0.00009233    0.00735713    0.00586034    0.00413585    0.00710238    0.00235268    0.00249884    0.01182905    0.00454892    0.00034335 
ksp              :   0.02788141    0.07660018    0.10000000    0.10000000    0.07147623    0.05484094    0.05484094    0.05037685    0.01000000 
max(|step|)      :   0.00000000    0.00553758    0.00431343    0.00310706    0.00312528    0.00190168    0.00409925    0.10000000    0.08614016    0.00000000 
angle (deg.)     :    50.7447  55.7025  51.9001  57.3999  103.6686  72.8869  79.0405  50.2039 
>
iteration       : 105
climbing        : no
zoom on         : no
nim             : 10
barrier         :   0.02003845 (image:  3) 
distance        :   0.00000000    8.18246834   11.13479628   13.42157617   15.72322479   18.87003280   23.02998514   27.22254378   38.51562670   61.80859658 
energy          : -2537.14379937  -2537.13986392  -2537.12897574  -2537.12376092  -2537.13003623  -2537.15104444  -2537.13380828  -2537.14380683  -2537.15705949  -2537.17943128 
max(|Fr_perp|)   :   0.00000000    0.00033166    0.00098859    0.00120463    0.00068932    0.00130951    0.00218917    0.01498083    0.01062377    0.00000000 
Fr_paral         :   0.00000000   -0.00142078   -0.00547061    0.00084834    0.01333698    0.00293492    0.00212894    0.03057901    0.00543380    0.00000000 
max(|Fsp_paral|) :   0.00000000    0.00007943    0.00119522    0.00061462    0.00242078    0.00079049    0.00058514    0.04192855    0.03890612    0.00000000 
max(|Fsp_perp|)  :   0.00000000    0.00000000    0.00000000    0.00000000    0.00000000    0.00000000    0.00000000    0.00000000    0.00000000    0.00000000 
max(|FNEB|)      :   0.00000000    0.00034422    0.00132887    0.00114668    0.00290696    0.00174964    0.00240348    0.04143329    0.04140917    0.00000000 
max(|Force|)     :   0.00009233    0.00040338    0.00275567    0.00117157    0.00724522    0.00189526    0.00244417    0.01596043    0.01100246    0.00034335 
ksp              :   0.02767556    0.07657835    0.10000000    0.10000000    0.07181529    0.05487366    0.05487366    0.01000000    0.01000000 
max(|step|)      :   0.00000000    0.00034614    0.00051036    0.00042489    0.00106226    0.00064121    0.00103191    0.02343348    0.02273981    0.00024482 
angle (deg.)     :    50.7550  55.6796  51.9154  57.3690  103.6673  72.8838  78.7055  50.3737 
>
iteration       : 106
climbing        : no
zoom on         : no
nim             : 10
barrier         :   0.02003452 (image:  3) 
distance        :   0.00000000    8.18246687   11.13502365   13.42137273   15.72109362   18.86997063   23.03113754   27.15650842   38.52858443   61.78053800 
energy          : -2537.14379937  -2537.13986487  -2537.12897498  -2537.12376485  -2537.13001839  -2537.15106065  -2537.13382173  -2537.14199175  -2537.15748141  -2537.17943128 
max(|Fr_perp|)   :   0.00000000    0.00041118    0.00098873    0.00107847    0.00065241    0.00129867    0.00193201    0.00680814    0.00557267    0.00000000 
Fr_paral         :   0.00000000   -0.00142189   -0.00547334    0.00087454    0.01338000    0.00292771    0.00198232    0.03229024    0.00431015    0.00000000 
max(|Fsp_paral|) :   0.00000000    0.00006382    0.00114506    0.00055298    0.00205434    0.00058657    0.00064006    0.00719518    0.00858740    0.00000000 
max(|Fsp_perp|)  :   0.00000000    0.00000000    0.00000000    0.00000000    0.00000000    0.00000000    0.00000000    0.00000000    0.00000000    0.00000000 
max(|FNEB|)      :   0.00000000    0.00041835    0.00131447    0.00102630    0.00251918    0.00144425    0.00172079    0.01083390    0.00970583    0.00000000 
max(|Force|)     :   0.00009233    0.00044544    0.00275309    0.00104435    0.00729094    0.00171934    0.00218668    0.01174264    0.00586646    0.00034335 
ksp              :   0.02767475    0.07659478    0.10000000    0.10000000    0.07190754    0.05482202    0.05482202    0.01812029    0.01000000 
max(|step|)      :   0.00000000    0.00029768    0.00105879    0.00081494    0.00199270    0.00114768    0.00137153    0.00803657    0.00713262    0.00007388 
angle (deg.)     :    50.7763  55.6328  51.9467  57.3116  103.6568  72.9183  78.6241  50.4333 
>
iteration       : 107
climbing        : no
zoom on         : no
nim             : 10
barrier         :   0.02002690 (image:  3) 
distance        :   0.00000000    8.18242071   11.13549640   13.42093865   15.71706768   18.86986186   23.03144916   27.14455531   38.53933106   61.78091060 
energy          : -2537.14379937  -2537.13986725  -2537.12897409  -2537.12377247  -2537.12998560  -2537.15109189  -2537.13383871  -2537.14166606  -2537.15761840  -2537.17943128 
max(|Fr_perp|)   :   0.00000000    0.00032824    0.00098498    0.00081623    0.00059074    0.00127947    0.00161649    0.00363418    0.00250519    0.00000000 
Fr_paral         :   0.00000000   -0.00142044   -0.00547762    0.00093053    0.01345976    0.00291381    0.00186005    0.03337678    0.00379042    0.00000000 
max(|Fsp_paral|) :   0.00000000    0.00002938    0.00104518    0.00044229    0.00137029    0.00022502    0.00086401    0.00073622    0.00299335    0.00000000 
max(|Fsp_perp|)  :   0.00000000    0.00000000    0.00000000    0.00000000    0.00000000    0.00000000    0.00000000    0.00000000    0.00000000    0.00000000 
max(|FNEB|)      :   0.00000000    0.00033284    0.00128181    0.00077447    0.00179076    0.00133101    0.00160057    0.00416787    0.00320421    0.00000000 
max(|Force|)     :   0.00009233    0.00039883    0.00274720    0.00077987    0.00738037    0.00151354    0.00185969    0.01186688    0.00276221    0.00034335 
ksp              :   0.02767076    0.07662415    0.10000000    0.10000000    0.07207846    0.05476277    0.05476277    0.01958698    0.01000000 
max(|step|)      :   0.00000000    0.00051862    0.00200574    0.00120446    0.00279106    0.00207024    0.00248144    0.00662852    0.00517819    0.00019771 
angle (deg.)     :    50.8142  55.5460  51.9996  57.2334  103.6447  73.0065  78.5844  50.4888 
>
iteration       : 108
climbing        : no
zoom on         : no
nim             : 10
barrier         :   0.02001463 (image:  3) 
distance        :   0.00000000    8.18246541   11.13615923   13.41974064   15.71091703   18.86952922   23.03268654   27.14652059   38.55897658   61.79405238 
energy          : -2537.14379937  -2537.13987136  -2537.12897390  -2537.12378474  -2537.12994459  -2537.15114339  -2537.13386626  -2537.14161862  -2537.15772548  -2537.17943128 
max(|Fr_perp|)   :   0.00000000    0.00032955    0.00098103    0.00059132    0.00051925    0.00125094    0.00119444    0.00142164    0.00140411    0.00000000 
Fr_paral         :   0.00000000   -0.00142039   -0.00548312    0.00100784    0.01356946    0.00289666    0.00172156    0.03423701    0.00339494    0.00000000 
max(|Fsp_paral|) :   0.00000000    0.00002038    0.00088107    0.00031460    0.00043284    0.00027085    0.00087546    0.00041159    0.00204529    0.00000000 
max(|Fsp_perp|)  :   0.00000000    0.00000000    0.00000000    0.00000000    0.00000000    0.00000000    0.00000000    0.00000000    0.00000000    0.00000000 
max(|FNEB|)      :   0.00000000    0.00032641    0.00123043    0.00057298    0.00078802    0.00118848    0.00140727    0.00161707    0.00167425    0.00000000 
max(|Force|)     :   0.00009233    0.00039340    0.00273525    0.00056698    0.00750696    0.00150267    0.00142162    0.01197580    0.00154938    0.00034335 
ksp              :   0.02766312    0.07666587    0.10000000    0.10000000    0.07230093    0.05466630    0.05466630    0.01980620    0.01000000 
max(|step|)      :   0.00000000    0.00233416    0.00885813    0.00418774    0.00653194    0.00853008    0.01009495    0.01365523    0.01624622    0.00141409 
angle (deg.)     :    50.9640  55.1808  52.2006  57.0670  103.6482  73.4424  78.4744  50.7006 
>
iteration       : 109
climbing        : no
zoom on         : no
nim             : 10
barrier         :   0.01997142 (image:  3) 
distance        :   0.00000000    8.18359452   11.13755319   13.41279107   15.69264949   18.86755783   23.04475766   27.17409144   38.65809828   61.86741439 
energy          : -2537.14379937  -2537.13988756  -2537.12898448  -2537.12382795  -2537.12988800  -2537.15132884  -2537.13397785  -2537.14149216  -2537.15809060  -2537.17943128 
max(|Fr_perp|)   :   0.00000000    0.00032694    0.00096369    0.00059186    0.00060301    0.00117878    0.00097884    0.00319261    0.00204913    0.00000000 
Fr_paral         :   0.00000000   -0.00142577   -0.00550444    0.00123602    0.01382245    0.00286900    0.00138021    0.03542430    0.00282777    0.00000000 
max(|Fsp_paral|) :   0.00000000    0.00013998    0.00035590    0.00019146    0.00162072    0.00141091    0.00083851    0.00364401    0.00069293    0.00000000 
max(|Fsp_perp|)  :   0.00000000    0.00000000    0.00000000    0.00000000    0.00000000    0.00000000    0.00000000    0.00000000    0.00000000    0.00000000 
max(|FNEB|)      :   0.00000000    0.00030676    0.00106288    0.00058052    0.00145710    0.00228123    0.00155776    0.00578648    0.00215626    0.00000000 
max(|Force|)     :   0.00009233    0.00039611    0.00269467    0.00058657    0.00783525    0.00147084    0.00095619    0.01268001    0.00190820    0.00034335 
ksp              :   0.02762832    0.07676242    0.10000000    0.10000000    0.07269077    0.05426009    0.05426009    0.02039729    0.01000000 
max(|step|)      :   0.00000000    0.00344119    0.01270255    0.00631415    0.00583742    0.01583932    0.01485267    0.01112902    0.01910242    0.00173861 
angle (deg.)     :    51.1509  54.7025  52.4378  57.0393  103.7262  74.0866  78.4441  50.9662 
>
iteration       : 110
climbing        : no
zoom on         : no
nim             : 10
barrier         :   0.01991101 (image:  3) 
distance        :   0.00000000    8.18651190   11.13700500   13.40285683   15.67706505   18.86409003   23.07173255   27.24397277   38.81563633   61.99646660 
energy          : -2537.14379937  -2537.13990835  -2537.12902118  -2537.12388836  -2537.12995883  -2537.15156219  -2537.13414328  -2537.14192810  -2537.15854570  -2537.17943128 
max(|Fr_perp|)   :   0.00000000    0.00092160    0.00093900    0.00097709    0.00064452    0.00146601    0.00129141    0.01081052    0.00356041    0.00000000 
Fr_paral         :   0.00000000   -0.00144035   -0.00552423    0.00131741    0.01392939    0.00287559    0.00112404    0.03664565    0.00241473    0.00000000 
max(|Fsp_paral|) :   0.00000000    0.00016006    0.00000460    0.00034493    0.00221427    0.00186878    0.00061310    0.00365292    0.00584581    0.00000000 
max(|Fsp_perp|)  :   0.00000000    0.00000000    0.00000000    0.00000000    0.00000000    0.00000000    0.00000000    0.00000000    0.00000000    0.00000000 
max(|FNEB|)      :   0.00000000    0.00090448    0.00093917    0.00097372    0.00217982    0.00270996    0.00171122    0.01103258    0.00463511    0.00000000 
max(|Force|)     :   0.00009233    0.00095461    0.00265037    0.00097179    0.00801397    0.00143841    0.00104295    0.01523981    0.00339879    0.00034335 
ksp              :   0.02758784    0.07679907    0.10000000    0.10000000    0.07256079    0.05364662    0.05364662    0.01845835    0.01000000 
max(|step|)      :   0.00000000    0.00000000    0.00000000    0.00000000    0.00000000    0.00000000    0.00000000    0.00000000    0.00000000    0.00000000 
angle (deg.)     :    51.1509  54.7025  52.4377  57.0394  103.7260  74.0866  78.4439  50.9660 
>
iteration       : 111
climbing        : no
zoom on         : no
nim             : 10
barrier         :   0.01991070 (image:  3) 
distance        :   0.00000000    8.18651190   11.13700500   13.40285683   15.67706505   18.86409003   23.07173255   27.24397277   38.81563633   61.99646660 
energy          : -2537.14379937  -2537.13990847  -2537.12902157  -2537.12388867  -2537.12996069  -2537.15156269  -2537.13414388  -2537.14192665  -2537.15854967  -2537.17943128 
max(|Fr_perp|)   :   0.00000000    0.00088543    0.00093687    0.00094843    0.00064380    0.00145263    0.00128300    0.01042492    0.00350009    0.00000000 
Fr_paral         :   0.00000000   -0.00144031   -0.00552413    0.00131507    0.01392806    0.00287672    0.00112776    0.03660545    0.00241827    0.00000000 
max(|Fsp_paral|) :   0.00000000    0.00015930    0.00000184    0.00034791    0.00220468    0.00186275    0.00062072    0.00364373    0.00584081    0.00000000 
max(|Fsp_perp|)  :   0.00000000    0.00000000    0.00000000    0.00000000    0.00000000    0.00000000    0.00000000    0.00000000    0.00000000    0.00000000 
max(|FNEB|)      :   0.00000000    0.00090230    0.00093942    0.00097057    0.00217980    0.00270932    0.00171119    0.01102678    0.00463412    0.00000000 
max(|Force|)     :   0.00009233    0.00095246    0.00265195    0.00096863    0.00801374    0.00143857    0.00104277    0.01523338    0.00340247    0.00034335 
ksp              :   0.02758770    0.07679903    0.10000000    0.10000000    0.07256073    0.05364668    0.05364668    0.01845824    0.01000000 
max(|step|)      :   0.00000000    0.00252559    0.00262949    0.00271667    0.00610136    0.00758350    0.00478969    0.03086443    0.01297109    0.00000000 
angle (deg.)     :    51.1612  54.6495  52.4440  57.2254  103.8090  74.3139  78.3005  51.0940 
>
iteration       : 112
climbing        : no
zoom on         : no
nim             : 10
barrier         :   0.01989649 (image:  3) 
distance        :   0.00000000    8.18819970   11.13409910   13.40157296   15.68379546   18.86204077   23.08634332   27.23689390   38.87363248   62.02336923 
energy          : -2537.14379937  -2537.13990742  -2537.12905074  -2537.12390288  -2537.13012094  -2537.15159929  -2537.13419242  -2537.14078802  -2537.15880489  -2537.17943128 
max(|Fr_perp|)   :   0.00000000    0.00244317    0.00172746    0.00295934    0.00057726    0.00118836    0.00123957    0.01955891    0.00283856    0.00000000 
Fr_paral         :   0.00000000   -0.00143372   -0.00550421    0.00115525    0.01373765    0.00294625    0.00139903    0.03270210    0.00291024    0.00000000 
max(|Fsp_paral|) :   0.00000000    0.00000906    0.00034914    0.00060575    0.00012037    0.00088470    0.00127164    0.01888569    0.01394425    0.00000000 
max(|Fsp_perp|)  :   0.00000000    0.00000000    0.00000000    0.00000000    0.00000000    0.00000000    0.00000000    0.00000000    0.00000000    0.00000000 
max(|FNEB|)      :   0.00000000    0.00244220    0.00172915    0.00295459    0.00056256    0.00170509    0.00175191    0.01923068    0.01385837    0.00000000 
max(|Force|)     :   0.00009233    0.00241031    0.00266926    0.00295562    0.00778911    0.00144494    0.00110150    0.01795072    0.00264229    0.00034335 
ksp              :   0.02760490    0.07671414    0.10000000    0.10000000    0.07187317    0.05345618    0.05345618    0.02362158    0.01000000 
max(|step|)      :   0.00000000    0.00157186    0.00138505    0.00170318    0.00215951    0.00239160    0.00127982    0.01605610    0.00813277    0.00016780 
angle (deg.)     :    51.1614  54.6599  52.4458  57.1599  103.7804  74.2462  78.4192  51.0208 
>
iteration       : 113
climbing        : no
zoom on         : no
nim             : 10
barrier         :   0.01989389 (image:  3) 
distance        :   0.00000000    8.18762520   11.13503134   13.40207136   15.68113074   18.86259362   23.08175780   27.25576685   38.85497483   62.02352404 
energy          : -2537.14379937  -2537.13991196  -2537.12904454  -2537.12390548  -2537.13006607  -2537.15159328  -2537.13418087  -2537.14199941  -2537.15871127  -2537.17943128 
max(|Fr_perp|)   :   0.00000000    0.00034645    0.00093980    0.00058625    0.00060017    0.00117156    0.00096164    0.00469433    0.00146317    0.00000000 
Fr_paral         :   0.00000000   -0.00143894   -0.00551806    0.00120161    0.01380994    0.00291898    0.00133410    0.03447824    0.00287216    0.00000000 
max(|Fsp_paral|) :   0.00000000    0.00007434    0.00022560    0.00049452    0.00090796    0.00124843    0.00078215    0.00460814    0.00682084    0.00000000 
max(|Fsp_perp|)  :   0.00000000    0.00000000    0.00000000    0.00000000    0.00000000    0.00000000    0.00000000    0.00000000    0.00000000    0.00000000 
max(|FNEB|)      :   0.00000000    0.00035438    0.00100100    0.00056469    0.00079761    0.00206430    0.00141989    0.00630023    0.00632827    0.00000000 
max(|Force|)     :   0.00009233    0.00041064    0.00266236    0.00056456    0.00786940    0.00144140    0.00091848    0.01213772    0.00162407    0.00034335 
ksp              :   0.02758664    0.07675089    0.10000000    0.10000000    0.07212948    0.05351413    0.05351413    0.01814300    0.01000000 
max(|step|)      :   0.00000000    0.00023830    0.00072210    0.00042016    0.00095934    0.00169537    0.00114456    0.00205464    0.00258991    0.00003752 
angle (deg.)     :    51.1670  54.6428  52.4521  57.1903  103.7958  74.2953  78.3970  51.0480 
>
iteration       : 114
climbing        : no
zoom on         : no
nim             : 10
barrier         :   0.01988887 (image:  3) 
distance        :   0.00000000    8.18794101   11.13446680   13.40190534   15.68190862   18.86212462   23.08486891   27.25705178   38.86891164   62.03163854 
energy          : -2537.14379937  -2537.13991322  -2537.12905186  -2537.12391050  -2537.13009397  -2537.15160424  -2537.13419295  -2537.14187763  -2537.15876347  -2537.17943128 
max(|Fr_perp|)   :   0.00000000    0.00033380    0.00094055    0.00058619    0.00058844    0.00117844    0.00096816    0.00495160    0.00145064    0.00000000 
Fr_paral         :   0.00000000   -0.00143967   -0.00551738    0.00118082    0.01377954    0.00292986    0.00136461    0.03425532    0.00292578    0.00000000 
max(|Fsp_paral|) :   0.00000000    0.00004990    0.00029743    0.00051653    0.00059829    0.00109650    0.00087526    0.00213564    0.00466644    0.00000000 
max(|Fsp_perp|)  :   0.00000000    0.00000000    0.00000000    0.00000000    0.00000000    0.00000000    0.00000000    0.00000000    0.00000000    0.00000000 
max(|FNEB|)      :   0.00000000    0.00032747    0.00102114    0.00057471    0.00058288    0.00191164    0.00142330    0.00569665    0.00428820    0.00000000 
max(|Force|)     :   0.00009233    0.00040985    0.00266619    0.00055755    0.00783297    0.00144106    0.00090631    0.01209514    0.00152567    0.00034335 
ksp              :   0.02758539    0.07673461    0.10000000    0.10000000    0.07201893    0.05347045    0.05347045    0.01869616    0.01000000 
max(|step|)      :   0.00000000    0.00112078    0.00346576    0.00196364    0.00269620    0.00709736    0.00520221    0.00483190    0.00937041    0.00038656 
angle (deg.)     :    51.2027  54.5524  52.4933  57.2806  103.8493  74.5157  78.3591  51.1447 
>
iteration       : 115
climbing        : no
zoom on         : no
nim             : 10
barrier         :   0.01986718 (image:  3) 
distance        :   0.00000000    8.18906385   11.13251482   13.40143507   15.68277728   18.86015259   23.09726931   27.27611572   38.92984513   62.07447618 
energy          : -2537.14379937  -2537.13991979  -2537.12908105  -2537.12393219  -2537.13018364  -2537.15165800  -2537.13424610  -2537.14181443  -2537.15895483  -2537.17943128 
max(|Fr_perp|)   :   0.00000000    0.00033345    0.00095319    0.00058383    0.00055336    0.00119491    0.00105877    0.00121868    0.00144904    0.00000000 
Fr_paral         :   0.00000000   -0.00143965   -0.00551364    0.00105769    0.01370577    0.00296354    0.00144997    0.03404810    0.00305822    0.00000000 
max(|Fsp_paral|) :   0.00000000    0.00002622    0.00055582    0.00050932    0.00021886    0.00067968    0.00100632    0.00046648    0.00324885    0.00000000 
max(|Fsp_perp|)  :   0.00000000    0.00000000    0.00000000    0.00000000    0.00000000    0.00000000    0.00000000    0.00000000    0.00000000    0.00000000 
max(|FNEB|)      :   0.00000000    0.00033668    0.00110288    0.00057598    0.00058011    0.00148698    0.00147706    0.00155351    0.00288496    0.00000000 
max(|Force|)     :   0.00009233    0.00040082    0.00267825    0.00055840    0.00772808    0.00143614    0.00112752    0.01196703    0.00158890    0.00034335 
ksp              :   0.02757484    0.07667520    0.10000000    0.10000000    0.07168038    0.05327710    0.05327710    0.01899193    0.01000000 
max(|step|)      :   0.00000000    0.00643171    0.02045694    0.01115944    0.01039813    0.03601792    0.02996192    0.02166020    0.04687861    0.00304410 
angle (deg.)     :    51.4744  53.9713  52.8427  57.5758  104.0904  75.7960  78.2488  51.6481 
>
iteration       : 116
climbing        : no
zoom on         : no
nim             : 10
barrier         :   0.01975965 (image:  3) 
distance        :   0.00000000    8.19327407   11.12652468   13.39915942   15.67549839   18.85268166   23.16236918   27.40654877   39.26831230   62.32726177 
energy          : -2537.14379937  -2537.13995663  -2537.12921122  -2537.12403972  -2537.13049433  -2537.15196373  -2537.13453258  -2537.14168540  -2537.15985761  -2537.17943128 
max(|Fr_perp|)   :   0.00000000    0.00209420    0.00118471    0.00274522    0.00074543    0.00138131    0.00223788    0.01990951    0.00245223    0.00000000 
Fr_paral         :   0.00000000   -0.00141619   -0.00549954    0.00085694    0.01358350    0.00312141    0.00174037    0.03100485    0.00321306    0.00000000 
max(|Fsp_paral|) :   0.00000000    0.00023678    0.00140158    0.00015040    0.00191871    0.00022862    0.00110963    0.00398389    0.00071489    0.00000000 
max(|Fsp_perp|)  :   0.00000000    0.00000000    0.00000000    0.00000000    0.00000000    0.00000000    0.00000000    0.00000000    0.00000000    0.00000000 
max(|FNEB|)      :   0.00000000    0.00207031    0.00125684    0.00274392    0.00226186    0.00138416    0.00224436    0.01852710    0.00244289    0.00000000 
max(|Force|)     :   0.00009233    0.00206355    0.00274019    0.00274221    0.00750301    0.00193773    0.00246753    0.01906736    0.00249423    0.00034335 
ksp              :   0.02750268    0.07644520    0.10000000    0.10000000    0.07060096    0.05220779    0.05220779    0.01962857    0.01000000 
max(|step|)      :   0.00000000    0.00785916    0.02566296    0.01348633    0.01337280    0.03749991    0.03428637    0.04108228    0.05114632    0.00413900 
angle (deg.)     :    51.9155  53.1652  53.3694  57.6432  104.2921  77.1904  78.0949  52.2686 
>
iteration       : 117
climbing        : no
zoom on         : no
nim             : 10
barrier         :   0.01962631 (image:  3) 
distance        :   0.00000000    8.19505302   11.12798704   13.39480979   15.64947621   18.84861669   23.23526447   27.56521997   39.66859888   62.63133797 
energy          : -2537.14379937  -2537.14000026  -2537.12930832  -2537.12417306  -2537.13060790  -2537.15239248  -2537.13490630  -2537.14239540  -2537.16087301  -2537.17943128 
max(|Fr_perp|)   :   0.00000000    0.00438237    0.00256411    0.00465473    0.00061196    0.00123372    0.00146573    0.02094415    0.00372514    0.00000000 
Fr_paral         :   0.00000000   -0.00139863   -0.00551212    0.00098701    0.01382512    0.00319427    0.00140150    0.03576761    0.00228220    0.00000000 
max(|Fsp_paral|) :   0.00000000    0.00010625    0.00113745    0.00049071    0.00002698    0.00089518    0.00093018    0.00737557    0.00966863    0.00000000 
max(|Fsp_perp|)  :   0.00000000    0.00000000    0.00000000    0.00000000    0.00000000    0.00000000    0.00000000    0.00000000    0.00000000    0.00000000 
max(|FNEB|)      :   0.00000000    0.00439201    0.00252499    0.00465122    0.00061120    0.00154350    0.00164783    0.01991217    0.00736577    0.00000000 
max(|Force|)     :   0.00009233    0.00440965    0.00275013    0.00465758    0.00771769    0.00139539    0.00164997    0.02521979    0.00357361    0.00034335 
ksp              :   0.02742152    0.07645135    0.10000000    0.10000000    0.07049187    0.05078080    0.05078080    0.01643818    0.01000000 
max(|step|)      :   0.00000000    0.00000000    0.00000000    0.00000000    0.00000000    0.00000000    0.00000000    0.00000000    0.00000000    0.00000000 
angle (deg.)     :    51.9155  53.1653  53.3694  57.6432  104.2919  77.1904  78.0947  52.2685 
>
iteration       : 118
climbing        : no
zoom on         : no
nim             : 10
barrier         :   0.01962513 (image:  3) 
distance        :   0.00000000    8.19505302   11.12798704   13.39480979   15.64947621   18.84861669   23.23526447   27.56521997   39.66859888   62.63133797 
energy          : -2537.14379937  -2537.14000113  -2537.12930851  -2537.12417424  -2537.13060808  -2537.15239294  -2537.13490667  -2537.14239910  -2537.16087672  -2537.17943128 
max(|Fr_perp|)   :   0.00000000    0.00426874    0.00250322    0.00454107    0.00061005    0.00122617    0.00146096    0.02048477    0.00369016    0.00000000 
Fr_paral         :   0.00000000   -0.00139803   -0.00551362    0.00098941    0.01382392    0.00319400    0.00140346    0.03573806    0.00227928    0.00000000 
max(|Fsp_paral|) :   0.00000000    0.00010582    0.00113364    0.00048705    0.00002595    0.00089429    0.00093683    0.00736569    0.00966425    0.00000000 
max(|Fsp_perp|)  :   0.00000000    0.00000000    0.00000000    0.00000000    0.00000000    0.00000000    0.00000000    0.00000000    0.00000000    0.00000000 
max(|FNEB|)      :   0.00000000    0.00439278    0.00252410    0.00465758    0.00061143    0.00154337    0.00164819    0.01991520    0.00736804    0.00000000 
max(|Force|)     :   0.00009233    0.00441041    0.00275189    0.00466395    0.00771259    0.00139555    0.00164867    0.02522192    0.00357097    0.00034335 
ksp              :   0.02742145    0.07645115    0.10000000    0.10000000    0.07049181    0.05078081    0.05078081    0.01643804    0.01000000 
max(|step|)      :   0.00000000    0.00881277    0.00506382    0.00934400    0.00122665    0.00309631    0.00330658    0.03995373    0.01478170    0.00000000 
angle (deg.)     :    51.9802  53.0567  53.4079  57.6594  104.2983  77.3572  77.8892  52.4218 
>
iteration       : 119
climbing        : no
zoom on         : no
nim             : 10
barrier         :   0.01965546 (image:  3) 
distance        :   0.00000000    8.19469227   11.13019184   13.38995621   15.64688403   18.84683801   23.23962162   27.53413198   39.71255074   62.63892845 
energy          : -2537.14379937  -2537.13997664  -2537.12929229  -2537.12414391  -2537.13061993  -2537.15243237  -2537.13494551  -2537.14095751  -2537.16106143  -2537.17943128 
max(|Fr_perp|)   :   0.00000000    0.00722392    0.00363318    0.00831589    0.00078751    0.00109884    0.00135184    0.02147429    0.00577475    0.00000000 
Fr_paral         :   0.00000000   -0.00135749   -0.00548278    0.00114525    0.01382428    0.00323069    0.00132747    0.03206331    0.00195193    0.00000000 
max(|Fsp_paral|) :   0.00000000    0.00022302    0.00075425    0.00011437    0.00033758    0.00100246    0.00159264    0.02224899    0.01606423    0.00000000 
max(|Fsp_perp|)  :   0.00000000    0.00000000    0.00000000    0.00000000    0.00000000    0.00000000    0.00000000    0.00000000    0.00000000    0.00000000 
max(|FNEB|)      :   0.00000000    0.00720240    0.00366957    0.00831720    0.00079455    0.00164782    0.00202671    0.02253610    0.01743058    0.00000000 
max(|Force|)     :   0.00009233    0.00719572    0.00351059    0.00831062    0.00779875    0.00137308    0.00125624    0.01909321    0.00578064    0.00034335 
ksp              :   0.02750382    0.07642619    0.10000000    0.10000000    0.07034706    0.05054077    0.05054077    0.02301255    0.01000000 
max(|step|)      :   0.00000000    0.00501109    0.00274525    0.00549960    0.00048836    0.00065827    0.00080787    0.01908762    0.00975269    0.00023012 
angle (deg.)     :    51.9662  53.0809  53.3938  57.6527  104.2954  77.3140  78.0376  52.3335 
>
iteration       : 120
climbing        : no
zoom on         : no
nim             : 10
barrier         :   0.01959746 (image:  3) 
distance        :   0.00000000    8.19463835   11.12964934   13.39118350   15.64719664   18.84701863   23.23844466   27.56427521   39.69974744   62.64731552 
energy          : -2537.14379937  -2537.14002094  -2537.12930819  -2537.12420191  -2537.13061534  -2537.15242469  -2537.13493785  -2537.14251082  -2537.16103024  -2537.17943128 
max(|Fr_perp|)   :   0.00000000    0.00065268    0.00083225    0.00079004    0.00053494    0.00110557    0.00122210    0.00305362    0.00164674    0.00000000 
Fr_paral         :   0.00000000   -0.00139012   -0.00552466    0.00108369    0.01383169    0.00321357    0.00138556    0.03372869    0.00232753    0.00000000 
max(|Fsp_paral|) :   0.00000000    0.00011475    0.00068538    0.00022270    0.00007832    0.00100831    0.00107446    0.00920467    0.01143446    0.00000000 
max(|Fsp_perp|)  :   0.00000000    0.00000000    0.00000000    0.00000000    0.00000000    0.00000000    0.00000000    0.00000000    0.00000000    0.00000000 
max(|FNEB|)      :   0.00000000    0.00066335    0.00100118    0.00079205    0.00052518    0.00165034    0.00162738    0.00957434    0.00984057    0.00000000 
max(|Force|)     :   0.00009233    0.00062488    0.00271971    0.00078611    0.00777709    0.00137822    0.00137460    0.01150955    0.00176602    0.00034335 
ksp              :   0.02735217    0.07654978    0.10000000    0.10000000    0.07054677    0.05069594    0.05069594    0.01591757    0.01000000 
max(|step|)      :   0.00000000    0.00024128    0.00055790    0.00048159    0.00028887    0.00086597    0.00086603    0.00324158    0.00332454    0.00005584 
angle (deg.)     :    51.9790  53.0571  53.4012  57.6564  104.2971  77.3478  77.9953  52.3683 
>
iteration       : 121
climbing        : no
zoom on         : no
nim             : 10
barrier         :   0.01959572 (image:  3) 
distance        :   0.00000000    8.19469809   11.12991806   13.39008676   15.64644830   18.84641327   23.23944160   27.55889025   39.71100611   62.65049936 
energy          : -2537.14379937  -2537.14002173  -2537.12930786  -2537.12420365  -2537.13061829  -2537.15243390  -2537.13494745  -2537.14222899  -2537.16107688  -2537.17943128 
max(|Fr_perp|)   :   0.00000000    0.00095002    0.00083210    0.00117779    0.00054194    0.00110203    0.00121903    0.00472752    0.00162421    0.00000000 
Fr_paral         :   0.00000000   -0.00139060   -0.00552503    0.00109689    0.01383290    0.00321665    0.00136322    0.03358876    0.00226323    0.00000000 
max(|Fsp_paral|) :   0.00000000    0.00012619    0.00060471    0.00015354    0.00004890    0.00103383    0.00120302    0.00339273    0.00636869    0.00000000 
max(|Fsp_perp|)  :   0.00000000    0.00000000    0.00000000    0.00000000    0.00000000    0.00000000    0.00000000    0.00000000    0.00000000    0.00000000 
max(|FNEB|)      :   0.00000000    0.00096175    0.00098094    0.00117919    0.00053585    0.00167278    0.00168378    0.00593144    0.00489820    0.00000000 
max(|Force|)     :   0.00009233    0.00092221    0.00270898    0.00117375    0.00779260    0.00137514    0.00128346    0.01154249    0.00174030    0.00034335 
ksp              :   0.02735009    0.07655717    0.10000000    0.10000000    0.07053857    0.05065544    0.05065544    0.01721252    0.01000000 
max(|step|)      :   0.00000000    0.00068787    0.00138666    0.00097204    0.00075504    0.00231176    0.00233109    0.00341723    0.00441706    0.00011423 
angle (deg.)     :    52.0055  53.0040  53.4188  57.6656  104.3012  77.4298  77.9581  52.4202 
>
iteration       : 122
climbing        : no
zoom on         : no
nim             : 10
barrier         :   0.01958869 (image:  3) 
distance        :   0.00000000    8.19513886   11.13011630   13.38760757   15.64449026   18.84469191   23.24176319   27.56095876   39.73762485   62.66544422 
energy          : -2537.14379937  -2537.14002501  -2537.12931038  -2537.12421068  -2537.13062555  -2537.15245547  -2537.13497047  -2537.14207791  -2537.16115956  -2537.17943128 
max(|Fr_perp|)   :   0.00000000    0.00033821    0.00082874    0.00055856    0.00055582    0.00109571    0.00116416    0.00191334    0.00162701    0.00000000 
Fr_paral         :   0.00000000   -0.00140027   -0.00552746    0.00110727    0.01383254    0.00321872    0.00130104    0.03378885    0.00224629    0.00000000 
max(|Fsp_paral|) :   0.00000000    0.00014302    0.00047261    0.00002453    0.00000699    0.00108915    0.00127011    0.00011341    0.00352512    0.00000000 
max(|Fsp_perp|)  :   0.00000000    0.00000000    0.00000000    0.00000000    0.00000000    0.00000000    0.00000000    0.00000000    0.00000000    0.00000000 
max(|FNEB|)      :   0.00000000    0.00032839    0.00094468    0.00056000    0.00055495    0.00171795    0.00166197    0.00195341    0.00263506    0.00000000 
max(|Force|)     :   0.00009233    0.00041440    0.00268270    0.00053240    0.00782099    0.00136949    0.00119018    0.01159848    0.00174265    0.00034335 
ksp              :   0.02734124    0.07656947    0.10000000    0.10000000    0.07052693    0.05056427    0.05056427    0.01790924    0.01000000 
max(|step|)      :   0.00000000    0.00148577    0.00435071    0.00278963    0.00251129    0.00763305    0.00740035    0.00483627    0.01163057    0.00045354 
angle (deg.)     :    52.0819  52.8507  53.4805  57.6912  104.3159  77.7153  77.9271  52.5416 
>
iteration       : 123
climbing        : no
zoom on         : no
nim             : 10
barrier         :   0.01957181 (image:  3) 
distance        :   0.00000000    8.19686785   11.13008566   13.38090381   15.63833161   18.83908015   23.24969106   27.58693986   39.82149516   62.72226995 
energy          : -2537.14379937  -2537.14002951  -2537.12932200  -2537.12422756  -2537.13064522  -2537.15251635  -2537.13504125  -2537.14212856  -2537.16136692  -2537.17943128 
max(|Fr_perp|)   :   0.00000000    0.00170697    0.00099720    0.00199533    0.00059022    0.00109854    0.00109087    0.00406498    0.00159669    0.00000000 
Fr_paral         :   0.00000000   -0.00141321   -0.00552637    0.00116276    0.01384901    0.00323212    0.00120831    0.03343986    0.00220491    0.00000000 
max(|Fsp_paral|) :   0.00000000    0.00011652    0.00022036    0.00026619    0.00007269    0.00124922    0.00118926    0.00059925    0.00397389    0.00000000 
max(|Fsp_perp|)  :   0.00000000    0.00000000    0.00000000    0.00000000    0.00000000    0.00000000    0.00000000    0.00000000    0.00000000    0.00000000 
max(|FNEB|)      :   0.00000000    0.00171765    0.00099773    0.00199278    0.00059929    0.00184780    0.00160453    0.00427785    0.00304587    0.00000000 
max(|Force|)     :   0.00009233    0.00167907    0.00262759    0.00199084    0.00791029    0.00135541    0.00101069    0.01172055    0.00171159    0.00034335 
ksp              :   0.02733554    0.07657350    0.10000000    0.10000000    0.07048871    0.05027379    0.05027379    0.01768312    0.01000000 
max(|step|)      :   0.00000000    0.00000000    0.00000000    0.00000000    0.00000000    0.00000000    0.00000000    0.00000000    0.00000000    0.00000000 
angle (deg.)     :    52.0819  52.8507  53.4805  57.6912  104.3158  77.7154  77.9270  52.5416 
>
iteration       : 124
climbing        : no
zoom on         : no
nim             : 10
barrier         :   0.01957111 (image:  3) 
distance        :   0.00000000    8.19686785   11.13008566   13.38090381   15.63833161   18.83908015   23.24969106   27.58693986   39.82149516   62.72226995 
energy          : -2537.14379937  -2537.14002992  -2537.12932247  -2537.12422826  -2537.13064537  -2537.15251690  -2537.13504218  -2537.14212823  -2537.16137007  -2537.17943128 
max(|Fr_perp|)   :   0.00000000    0.00158343    0.00094768    0.00186530    0.00059005    0.00109825    0.00108603    0.00384569    0.00159847    0.00000000 
Fr_paral         :   0.00000000   -0.00141366   -0.00552652    0.00116032    0.01384907    0.00323158    0.00118913    0.03346333    0.00220177    0.00000000 
max(|Fsp_paral|) :   0.00000000    0.00011547    0.00022223    0.00026436    0.00007054    0.00124656    0.00119042    0.00059718    0.00396958    0.00000000 
max(|Fsp_perp|)  :   0.00000000    0.00000000    0.00000000    0.00000000    0.00000000    0.00000000    0.00000000    0.00000000    0.00000000    0.00000000 
max(|FNEB|)      :   0.00000000    0.00171710    0.00099489    0.00199305    0.00059910    0.00184792    0.00158518    0.00427895    0.00304841    0.00000000 
max(|Force|)     :   0.00009233    0.00167853    0.00262643    0.00199112    0.00790695    0.00135545    0.00100980    0.01172037    0.00171169    0.00034335 
ksp              :   0.02733558    0.07657344    0.10000000    0.10000000    0.07048873    0.05027332    0.05027332    0.01768277    0.01000000 
max(|step|)      :   0.00000000    0.00804164    0.00465933    0.00933402    0.00280573    0.00865432    0.00742381    0.02003949    0.01427655    0.00000000 
angle (deg.)     :    52.1329  52.7503  53.5373  57.7063  104.3423  77.9931  77.8566  52.6882 
>
iteration       : 125
climbing        : no
zoom on         : no
nim             : 10
barrier         :   0.01962609 (image:  3) 
distance        :   0.00000000    8.19893474   11.12784882   13.37886133   15.63241589   18.83227607   23.25961530   27.60708297   39.91106731   62.77834045 
energy          : -2537.14379937  -2537.13996697  -2537.12933346  -2537.12417328  -2537.13065692  -2537.15256709  -2537.13511325  -2537.14166254  -2537.16152719  -2537.17943128 
max(|Fr_perp|)   :   0.00000000    0.00932006    0.00513947    0.00918728    0.00072324    0.00110437    0.00123053    0.01661864    0.00617808    0.00000000 
Fr_paral         :   0.00000000   -0.00143099   -0.00548481    0.00099630    0.01389265    0.00323726    0.00109153    0.03550642    0.00190372    0.00000000 
max(|Fsp_paral|) :   0.00000000    0.00053781    0.00070379    0.00010237    0.00029299    0.00135322    0.00127958    0.00946961    0.00467460    0.00000000 
max(|Fsp_perp|)  :   0.00000000    0.00000000    0.00000000    0.00000000    0.00000000    0.00000000    0.00000000    0.00000000    0.00000000    0.00000000 
max(|FNEB|)      :   0.00000000    0.00936552    0.00511854    0.00918786    0.00071677    0.00192381    0.00186411    0.01987398    0.00699217    0.00000000 
max(|Force|)     :   0.00009233    0.00934612    0.00521516    0.00918955    0.00792625    0.00135689    0.00113828    0.02090564    0.00617079    0.00034335 
ksp              :   0.02757435    0.07633678    0.10000000    0.10000000    0.07026775    0.04983220    0.04983220    0.01979893    0.01000000 
max(|step|)      :   0.00000000    0.00558782    0.00292860    0.00567172    0.00032689    0.00027436    0.00040857    0.01230736    0.00529850    0.00020514 
angle (deg.)     :    52.1437  52.7467  53.5374  57.7043  104.3404  77.9981  77.9223  52.6473 
>
iteration       : 126
climbing        : no
zoom on         : no
nim             : 10
barrier         :   0.01954852 (image:  3) 
distance        :   0.00000000    8.19799715   11.12882508   13.37917933   15.63287468   18.83276345   23.25959541   27.62059066   39.90634550   62.78255939 
energy          : -2537.14379937  -2537.14003814  -2537.12934991  -2537.12425085  -2537.13065429  -2537.15256483  -2537.13511094  -2537.14239486  -2537.16156520  -2537.17943128 
max(|Fr_perp|)   :   0.00000000    0.00173287    0.00114462    0.00184636    0.00058348    0.00110665    0.00102266    0.00427481    0.00171568    0.00000000 
Fr_paral         :   0.00000000   -0.00142286   -0.00553094    0.00109517    0.01389954    0.00324637    0.00115919    0.03433966    0.00207886    0.00000000 
max(|Fsp_paral|) :   0.00000000    0.00007317    0.00035060    0.00013457    0.00016329    0.00138043    0.00106175    0.00553179    0.00828129    0.00000000 
max(|Fsp_perp|)  :   0.00000000    0.00000000    0.00000000    0.00000000    0.00000000    0.00000000    0.00000000    0.00000000    0.00000000    0.00000000 
max(|FNEB|)      :   0.00000000    0.00172638    0.00113130    0.00184747    0.00056311    0.00195452    0.00158434    0.00588569    0.00656560    0.00000000 
max(|Force|)     :   0.00009233    0.00176006    0.00262989    0.00185001    0.00793795    0.00135523    0.00104675    0.01170459    0.00178031    0.00034335 
ksp              :   0.02731642    0.07652430    0.10000000    0.10000000    0.07051899    0.05000089    0.05000089    0.01646626    0.01000000 
max(|step|)      :   0.00000000    0.00231648    0.00215330    0.00229879    0.00146195    0.00453016    0.00394106    0.00339126    0.00581402    0.00034764 
angle (deg.)     :    52.1840  52.6873  53.5722  57.7148  104.3557  78.1579  77.9296  52.6976 
>
iteration       : 127
climbing        : no
zoom on         : no
nim             : 10
barrier         :   0.01953293 (image:  3) 
distance        :   0.00000000    8.19816063   11.12869142   13.37834905   15.63031431   18.82965839   23.26540194   27.64102069   39.95201599   62.81613658 
energy          : -2537.14379937  -2537.14004473  -2537.12936328  -2537.12426644  -2537.13065967  -2537.15258952  -2537.13514813  -2537.14262365  -2537.16166854  -2537.17943128 
max(|Fr_perp|)   :   0.00000000    0.00125606    0.00081186    0.00111731    0.00058119    0.00111757    0.00104786    0.00100357    0.00176809    0.00000000 
Fr_paral         :   0.00000000   -0.00141152   -0.00552973    0.00111102    0.01392845    0.00326131    0.00116075    0.03405802    0.00204606    0.00000000 
max(|Fsp_paral|) :   0.00000000    0.00009115    0.00034040    0.00009294    0.00028427    0.00144380    0.00096733    0.00995631    0.01213591    0.00000000 
max(|Fsp_perp|)  :   0.00000000    0.00000000    0.00000000    0.00000000    0.00000000    0.00000000    0.00000000    0.00000000    0.00000000    0.00000000 
max(|FNEB|)      :   0.00000000    0.00126424    0.00089354    0.00111645    0.00054572    0.00200610    0.00149460    0.01023034    0.01036782    0.00000000 
max(|Force|)     :   0.00009233    0.00122876    0.00263536    0.00111314    0.00796184    0.00135397    0.00107626    0.01167713    0.00177553    0.00034335 
ksp              :   0.02729989    0.07651580    0.10000000    0.10000000    0.07054255    0.04986147    0.04986147    0.01541724    0.01000000 
max(|step|)      :   0.00000000    0.00000000    0.00000000    0.00000000    0.00000000    0.00000000    0.00000000    0.00000000    0.00000000    0.00000000 
angle (deg.)     :    52.1840  52.6873  53.5722  57.7148  104.3556  78.1579  77.9296  52.6976 
>
iteration       : 128
climbing        : no
zoom on         : no
nim             : 10
barrier         :   0.01953278 (image:  3) 
distance        :   0.00000000    8.19816063   11.12869142   13.37834905   15.63031431   18.82965839   23.26540194   27.64102069   39.95201599   62.81613658 
energy          : -2537.14379937  -2537.14004481  -2537.12936340  -2537.12426659  -2537.13065988  -2537.15258970  -2537.13514847  -2537.14260451  -2537.16167069  -2537.17943128 
max(|Fr_perp|)   :   0.00000000    0.00122072    0.00081195    0.00108808    0.00058101    0.00111352    0.00104856    0.00100410    0.00176456    0.00000000 
Fr_paral         :   0.00000000   -0.00141188   -0.00552994    0.00111128    0.01392768    0.00326242    0.00116760    0.03406343    0.00204338    0.00000000 
max(|Fsp_paral|) :   0.00000000    0.00009096    0.00034031    0.00009359    0.00028321    0.00144224    0.00097681    0.00994216    0.01213010    0.00000000 
max(|Fsp_perp|)  :   0.00000000    0.00000000    0.00000000    0.00000000    0.00000000    0.00000000    0.00000000    0.00000000    0.00000000    0.00000000 
max(|FNEB|)      :   0.00000000    0.00126141    0.00089374    0.00111319    0.00054566    0.00200762    0.00149459    0.01022971    0.01037368    0.00000000 
max(|Force|)     :   0.00009233    0.00122594    0.00263613    0.00110987    0.00796191    0.00135387    0.00107419    0.01167763    0.00177577    0.00034335 
ksp              :   0.02729985    0.07651578    0.10000000    0.10000000    0.07054249    0.04986126    0.04986126    0.01541719    0.01000000 
max(|step|)      :   0.00000000    0.01215973    0.00861541    0.01073088    0.00526008    0.01935303    0.01440752    0.09861221    0.10000000    0.00000000 
angle (deg.)     :    52.3186  52.4445  53.7083  57.8998  104.4770  78.7371  76.6523  53.6422 
>
iteration       : 129
climbing        : no
zoom on         : no
nim             : 10
barrier         :   0.01958779 (image:  3) 
distance        :   0.00000000    8.20174201   11.12637162   13.37042536   15.62436030   18.81574322   23.29308808   27.42617167   40.19127675   62.83454871 
energy          : -2537.14379937  -2537.13985364  -2537.12935828  -2537.12421158  -2537.13076623  -2537.15266781  -2537.13530338  -2537.13342295  -2537.16227417  -2537.17943128 
max(|Fr_perp|)   :   0.00000000    0.01585535    0.00812546    0.01033410    0.00073214    0.00115327    0.00120022    0.01069137    0.00632164    0.00000000 
Fr_paral         :   0.00000000   -0.00141814   -0.00542513    0.00100901    0.01385054    0.00336402    0.00057875    0.03256282   -0.00045063    0.00000000 
max(|Fsp_paral|) :   0.00000000    0.00159711    0.00051178    0.00039695    0.00136429    0.00109949    0.00658556    0.17008237    0.15924436    0.00000000 
max(|Fsp_perp|)  :   0.00000000    0.00000000    0.00000000    0.00000000    0.00000000    0.00000000    0.00000000    0.00000000    0.00000000    0.00000000 
max(|FNEB|)      :   0.00000000    0.01597920    0.00811166    0.01033585    0.00144098    0.00162886    0.00676503    0.17019610    0.16193409    0.00000000 
max(|Force|)     :   0.00009233    0.01587906    0.00819333    0.01033589    0.00790026    0.00133386    0.00111982    0.01370968    0.00633939    0.00034335 
ksp              :   0.02812945    0.07635246    0.10000000    0.10000000    0.06988339    0.04903651    0.05767653    0.05767653    0.01000000 
max(|step|)      :   0.00000000    0.01122330    0.00741766    0.00969823    0.00465856    0.01680766    0.01268783    0.09280385    0.09397525    0.00184373 
angle (deg.)     :    52.2040  52.6541  53.5900  57.7368  104.3724  78.2121  77.8019  52.7668 
>
iteration       : 130
climbing        : no
zoom on         : no
nim             : 10
barrier         :   0.01952585 (image:  3) 
distance        :   0.00000000    8.19844859   11.12850433   13.37740747   15.62948891   18.82778922   23.26929146   27.63246926   39.97417658   62.82163649 
energy          : -2537.14379937  -2537.14004865  -2537.12937026  -2537.12427352  -2537.13067250  -2537.15260048  -2537.13516906  -2537.14210183  -2537.16175943  -2537.17943128 
max(|Fr_perp|)   :   0.00000000    0.00034067    0.00080947    0.00055028    0.00058114    0.00111788    0.00104316    0.00107411    0.00165249    0.00000000 
Fr_paral         :   0.00000000   -0.00141753   -0.00553131    0.00110966    0.01392182    0.00327344    0.00106643    0.03400977    0.00198225    0.00000000 
max(|Fsp_paral|) :   0.00000000    0.00009732    0.00033328    0.00012797    0.00016656    0.00140510    0.00125554    0.00097754    0.00265199    0.00000000 
max(|Fsp_perp|)  :   0.00000000    0.00000000    0.00000000    0.00000000    0.00000000    0.00000000    0.00000000    0.00000000    0.00000000    0.00000000 
max(|FNEB|)      :   0.00000000    0.00033513    0.00088924    0.00054275    0.00056036    0.00196331    0.00164509    0.00111618    0.00243772    0.00000000 
max(|Force|)     :   0.00009233    0.00039925    0.00263043    0.00052401    0.00795488    0.00135133    0.00112052    0.01166647    0.00175804    0.00034335 
ksp              :   0.02728812    0.07650771    0.10000000    0.10000000    0.07050534    0.04977946    0.04977946    0.01782441    0.01000000 
max(|step|)      :   0.00000000    0.00024547    0.00065118    0.00039976    0.00041123    0.00144201    0.00114078    0.00071883    0.00188957    0.00002855 
angle (deg.)     :    52.2144  52.6358  53.6004  57.7476  104.3790  78.2558  77.7948  52.7831 
>
iteration       : 131
climbing        : no
zoom on         : no
nim             : 10
barrier         :   0.01952218 (image:  3) 
distance        :   0.00000000    8.19870566   11.12834062   13.37686737   15.62890862   18.82668712   23.27107839   27.63788674   39.98749083   62.83091626 
energy          : -2537.14379937  -2537.14004988  -2537.12937400  -2537.12427719  -2537.13067872  -2537.15260674  -2537.13518136  -2537.14214204  -2537.16179184  -2537.17943128 
max(|Fr_perp|)   :   0.00000000    0.00034077    0.00080815    0.00054995    0.00058123    0.00112186    0.00105851    0.00107454    0.00164897    0.00000000 
Fr_paral         :   0.00000000   -0.00141890   -0.00553115    0.00111190    0.01391933    0.00325718    0.00110578    0.03392913    0.00201962    0.00000000 
max(|Fsp_paral|) :   0.00000000    0.00009020    0.00033717    0.00014148    0.00011583    0.00139859    0.00124260    0.00024233    0.00330331    0.00000000 
max(|Fsp_perp|)  :   0.00000000    0.00000000    0.00000000    0.00000000    0.00000000    0.00000000    0.00000000    0.00000000    0.00000000    0.00000000 
max(|FNEB|)      :   0.00000000    0.00033569    0.00088874    0.00054163    0.00056678    0.00195298    0.00169581    0.00105874    0.00269080    0.00000000 
max(|Force|)     :   0.00009233    0.00039979    0.00262974    0.00052364    0.00795467    0.00135146    0.00098508    0.01164437    0.00175672    0.00034335 
ksp              :   0.02728569    0.07650299    0.10000000    0.10000000    0.07048805    0.04973024    0.04973024    0.01764052    0.01000000 
max(|step|)      :   0.00000000    0.00000000    0.00000000    0.00000000    0.00000000    0.00000000    0.00000000    0.00000000    0.00000000    0.00000000 
angle (deg.)     :    52.2144  52.6358  53.6003  57.7477  104.3790  78.2558  77.7948  52.7831 
>
iteration       : 132
climbing        : no
zoom on         : no
nim             : 10
barrier         :   0.01952188 (image:  3) 
distance        :   0.00000000    8.19870566   11.12834062   13.37686737   15.62890862   18.82668712   23.27107839   27.63788674   39.98749083   62.83091626 
energy          : -2537.14379937  -2537.14004993  -2537.12937435  -2537.12427749  -2537.13067915  -2537.15260733  -2537.13518233  -2537.14214436  -2537.16179471  -2537.17943128 
max(|Fr_perp|)   :   0.00000000    0.00034053    0.00080797    0.00054995    0.00058137    0.00112018    0.00105910    0.00107400    0.00164992    0.00000000 
Fr_paral         :   0.00000000   -0.00141925   -0.00553108    0.00111186    0.01392039    0.00328121    0.00110752    0.03392612    0.00202079    0.00000000 
max(|Fsp_paral|) :   0.00000000    0.00008910    0.00033720    0.00014220    0.00011476    0.00139386    0.00124168    0.00024293    0.00329698    0.00000000 
max(|Fsp_perp|)  :   0.00000000    0.00000000    0.00000000    0.00000000    0.00000000    0.00000000    0.00000000    0.00000000    0.00000000    0.00000000 
max(|FNEB|)      :   0.00000000    0.00033544    0.00088875    0.00054167    0.00056671    0.00195321    0.00169852    0.00105867    0.00270037    0.00000000 
max(|Force|)     :   0.00009233    0.00039981    0.00263044    0.00052368    0.00795205    0.00135011    0.00098471    0.01164492    0.00175717    0.00034335 
ksp              :   0.02728585    0.07650294    0.10000000    0.10000000    0.07048799    0.04973010    0.04973010    0.01764068    0.01000000 
max(|step|)      :   0.00000000    0.01242204    0.03291215    0.02005895    0.02098655    0.07233137    0.06289959    0.03920467    0.10000000    0.00000000 
angle (deg.)     :    52.7471  51.7483  54.1339  58.2910  104.8215  80.6205  77.7096  53.7208 
>
iteration       : 133
climbing        : no
zoom on         : no
nim             : 10
barrier         :   0.01935834 (image:  3) 
distance        :   0.00000000    8.21285194   11.12088133   13.35214254   15.59692343   18.77648403   23.37125712   27.91351822   40.72970419   63.35260622 
energy          : -2537.14379937  -2537.14008399  -2537.12955173  -2537.12444103  -2537.13093703  -2537.15290756  -2537.13573639  -2537.14335174  -2537.16327452  -2537.17943128 
max(|Fr_perp|)   :   0.00000000    0.00509705    0.00267425    0.00430318    0.00058915    0.00117342    0.00335921    0.00469937    0.00528681    0.00000000 
Fr_paral         :   0.00000000   -0.00145931   -0.00549552    0.00122802    0.01392999    0.00356046    0.00154573    0.03242906    0.00224748    0.00000000 
max(|Fsp_paral|) :   0.00000000    0.00049370    0.00065937    0.00054519    0.00146597    0.00114822    0.00080502    0.02109292    0.02183323    0.00000000 
max(|Fsp_perp|)  :   0.00000000    0.00000000    0.00000000    0.00000000    0.00000000    0.00000000    0.00000000    0.00000000    0.00000000    0.00000000 
max(|FNEB|)      :   0.00000000    0.00505669    0.00270447    0.00429696    0.00146134    0.00161502    0.00392177    0.02117046    0.02240204    0.00000000 
max(|Force|)     :   0.00009233    0.00507128    0.00255726    0.00429753    0.00801980    0.00130960    0.00306148    0.01148027    0.00543080    0.00034335 
ksp              :   0.02727339    0.07623954    0.10000000    0.10000000    0.06979905    0.04748609    0.04748609    0.01208111    0.01000000 
max(|step|)      :   0.00000000    0.00000000    0.00000000    0.00000000    0.00000000    0.00000000    0.00000000    0.00000000    0.00000000    0.00000000 
angle (deg.)     :    52.7472  51.7487  54.1336  58.2922  104.8200  80.6207  77.7084  53.7189 
>
iteration       : 134
climbing        : no
zoom on         : no
nim             : 10
barrier         :   0.01935783 (image:  3) 
distance        :   0.00000000    8.21285194   11.12088133   13.35214254   15.59692343   18.77648403   23.37125712   27.91351822   40.72970419   63.35260622 
energy          : -2537.14379937  -2537.14008465  -2537.12955189  -2537.12444154  -2537.13093676  -2537.15290768  -2537.13573691  -2537.14333301  -2537.16327756  -2537.17943128 
max(|Fr_perp|)   :   0.00000000    0.00502928    0.00264107    0.00424615    0.00058943    0.00117317    0.00332678    0.00465959    0.00523605    0.00000000 
Fr_paral         :   0.00000000   -0.00145940   -0.00549768    0.00122745    0.01393349    0.00356091    0.00154124    0.03244120    0.00223982    0.00000000 
max(|Fsp_paral|) :   0.00000000    0.00049298    0.00065805    0.00054369    0.00146353    0.00114721    0.00081478    0.02108014    0.02182899    0.00000000 
max(|Fsp_perp|)  :   0.00000000    0.00000000    0.00000000    0.00000000    0.00000000    0.00000000    0.00000000    0.00000000    0.00000000    0.00000000 
max(|FNEB|)      :   0.00000000    0.00505254    0.00270886    0.00429626    0.00146174    0.00161460    0.00392091    0.02116994    0.02241186    0.00000000 
max(|Force|)     :   0.00009233    0.00506712    0.00256162    0.00429683    0.00801879    0.00130960    0.00306009    0.01147714    0.00544032    0.00034335 
ksp              :   0.02727332    0.07623967    0.10000000    0.10000000    0.06979886    0.04748644    0.04748644    0.01208104    0.01000000 
max(|step|)      :   0.00000000    0.02254404    0.01208673    0.01916958    0.00652219    0.00720421    0.01749479    0.09445865    0.10000000    0.00000000 
angle (deg.)     :    52.9124  51.5951  54.1705  58.1180  104.8121  80.8403  76.5092  54.5392 
>
iteration       : 135
climbing        : no
zoom on         : no
nim             : 10
barrier         :   0.01970860 (image:  3) 
distance        :   0.00000000    8.20730170   11.12706986   13.35712042   15.58436896   18.76855006   23.37918212   27.66152683   40.86012187   63.29926406 
energy          : -2537.14379937  -2537.13957845  -2537.12938576  -2537.12409077  -2537.13079029  -2537.15294922  -2537.13564247  -2537.13362792  -2537.16273858  -2537.17943128 
max(|Fr_perp|)   :   0.00000000    0.02631132    0.01463828    0.01990260    0.00174297    0.00121194    0.00953041    0.01570256    0.01884113    0.00000000 
Fr_paral         :   0.00000000   -0.00130646   -0.00517536    0.00071038    0.01417875    0.00351929   -0.00066315    0.03362324   -0.00189596    0.00000000 
max(|Fsp_paral|) :   0.00000000    0.00408653    0.00075545    0.00011303    0.00099133    0.00096343    0.00827171    0.16958056    0.15934289    0.00000000 
max(|Fsp_perp|)  :   0.00000000    0.00000000    0.00000000    0.00000000    0.00000000    0.00000000    0.00000000    0.00000000    0.00000000    0.00000000 
max(|FNEB|)      :   0.00000000    0.02657608    0.01462641    0.01990252    0.00172800    0.00148288    0.01347497    0.17052334    0.16800108    0.00000000 
max(|Force|)     :   0.00009233    0.02632963    0.01467599    0.01990279    0.00816928    0.00139949    0.00942089    0.01849073    0.01895275    0.00034335 
ksp              :   0.02927497    0.07582027    0.10000000    0.10000000    0.06940643    0.04724875    0.05644826    0.05644826    0.01000000 
max(|step|)      :   0.00000000    0.01909430    0.01028433    0.01603330    0.00501355    0.00560010    0.01431562    0.08376716    0.08822918    0.00159700 
angle (deg.)     :    52.7922  51.7116  54.1376  58.2510  104.8221  80.6334  77.4913  53.8197 
>
iteration       : 136
climbing        : no
zoom on         : no
nim             : 10
barrier         :   0.01933484 (image:  3) 
distance        :   0.00000000    8.21089499   11.12275847   13.35357136   15.59425789   18.77491127   23.37380204   27.88638636   40.74463884   63.34440063 
energy          : -2537.14379937  -2537.14011340  -2537.12955913  -2537.12446453  -2537.13090473  -2537.15291820  -2537.13577989  -2537.14244175  -2537.16342858  -2537.17943128 
max(|Fr_perp|)   :   0.00000000    0.00046273    0.00073789    0.00053639    0.00058849    0.00117923    0.00143475    0.00211842    0.00191805    0.00000000 
Fr_paral         :   0.00000000   -0.00145444   -0.00552442    0.00116945    0.01400117    0.00355873    0.00116063    0.03304690    0.00168666    0.00000000 
max(|Fsp_paral|) :   0.00000000    0.00018453    0.00044033    0.00039794    0.00077834    0.00154592    0.00131288    0.00129493    0.00493938    0.00000000 
max(|Fsp_perp|)  :   0.00000000    0.00000000    0.00000000    0.00000000    0.00000000    0.00000000    0.00000000    0.00000000    0.00000000    0.00000000 
max(|FNEB|)      :   0.00000000    0.00044815    0.00083572    0.00052044    0.00077229    0.00193731    0.00196287    0.00304192    0.00405338    0.00000000 
max(|Force|)     :   0.00009233    0.00043789    0.00257160    0.00059330    0.00806299    0.00130687    0.00128470    0.01137849    0.00184397    0.00034335 
ksp              :   0.02715749    0.07628563    0.10000000    0.10000000    0.07002211    0.04732915    0.04732915    0.01631945    0.01000000 
max(|step|)      :   0.00000000    0.00040198    0.00049535    0.00031507    0.00051798    0.00109820    0.00112588    0.00204698    0.00229849    0.00003973 
angle (deg.)     :    52.8090  51.6953  54.1425  58.2408  104.8253  80.6631  77.4650  53.8401 
>
iteration       : 137
climbing        : no
zoom on         : no
nim             : 10
barrier         :   0.01933139 (image:  3) 
distance        :   0.00000000    8.21048903   11.12323347   13.35390930   15.59306051   18.77367038   23.37490348   27.88724139   40.75501280   63.34952707 
energy          : -2537.14379937  -2537.14011606  -2537.12956064  -2537.12446798  -2537.13089448  -2537.15292146  -2537.13579162  -2537.14238512  -2537.16346010  -2537.17943128 
max(|Fr_perp|)   :   0.00000000    0.00034015    0.00073784    0.00053644    0.00058758    0.00118269    0.00117376    0.00147596    0.00172699    0.00000000 
Fr_paral         :   0.00000000   -0.00144989   -0.00552695    0.00115426    0.01402459    0.00356134    0.00108506    0.03316912    0.00159863    0.00000000 
max(|Fsp_paral|) :   0.00000000    0.00014815    0.00039630    0.00034153    0.00058487    0.00163351    0.00134984    0.00001851    0.00383255    0.00000000 
max(|Fsp_perp|)  :   0.00000000    0.00000000    0.00000000    0.00000000    0.00000000    0.00000000    0.00000000    0.00000000    0.00000000    0.00000000 
max(|FNEB|)      :   0.00000000    0.00034351    0.00082582    0.00051664    0.00066053    0.00202184    0.00171991    0.00146278    0.00305665    0.00000000 
max(|Force|)     :   0.00009233    0.00041525    0.00257700    0.00058310    0.00807787    0.00130627    0.00116056    0.01140984    0.00182072    0.00034335 
ksp              :   0.02714819    0.07629038    0.10000000    0.10000000    0.07008051    0.04728120    0.04728120    0.01658424    0.01000000 
max(|step|)      :   0.00000000    0.00158944    0.00380339    0.00243934    0.00306473    0.00940030    0.00731770    0.00687768    0.01357907    0.00055562 
angle (deg.)     :    52.9209  51.5820  54.1886  58.2227  104.8697  80.9361  77.4010  53.9558 
>
iteration       : 138
climbing        : no
zoom on         : no
nim             : 10
barrier         :   0.01930721 (image:  3) 
distance        :   0.00000000    8.20876199   11.12554886   13.35508007   15.58593166   18.76350006   23.38450675   27.91704369   40.84486482   63.40707291 
energy          : -2537.14379937  -2537.14013067  -2537.12957599  -2537.12449217  -2537.13085192  -2537.15293686  -2537.13586907  -2537.14250298  -2537.16365033  -2537.17943128 
max(|Fr_perp|)   :   0.00000000    0.00087975    0.00073554    0.00082684    0.00058193    0.00119492    0.00111450    0.00107612    0.00198382    0.00000000 
Fr_paral         :   0.00000000   -0.00141496   -0.00553028    0.00109253    0.01413571    0.00359595    0.00092064    0.03377500    0.00140997    0.00000000 
max(|Fsp_paral|) :   0.00000000    0.00001867    0.00018425    0.00005318    0.00027056    0.00197713    0.00133166    0.00189523    0.00554689    0.00000000 
max(|Fsp_perp|)  :   0.00000000    0.00000000    0.00000000    0.00000000    0.00000000    0.00000000    0.00000000    0.00000000    0.00000000    0.00000000 
max(|FNEB|)      :   0.00000000    0.00088121    0.00077617    0.00082633    0.00054820    0.00234741    0.00175640    0.00242631    0.00402214    0.00000000 
max(|Force|)     :   0.00009233    0.00085587    0.00260010    0.00082259    0.00815276    0.00130461    0.00105452    0.01137706    0.00181777    0.00034335 
ksp              :   0.02710153    0.07630188    0.10000000    0.10000000    0.07035418    0.04696687    0.04696687    0.01604308    0.01000000 
max(|step|)      :   0.00000000    0.00000000    0.00000000    0.00000000    0.00000000    0.00000000    0.00000000    0.00000000    0.00000000    0.00000000 
angle (deg.)     :    52.9209  51.5820  54.1886  58.2228  104.8697  80.9361  77.4009  53.9557 
>
iteration       : 139
climbing        : no
zoom on         : no
nim             : 10
barrier         :   0.01930694 (image:  3) 
distance        :   0.00000000    8.20876199   11.12554886   13.35508007   15.58593166   18.76350006   23.38450675   27.91704369   40.84486482   63.40707291 
energy          : -2537.14379937  -2537.14013081  -2537.12957626  -2537.12449243  -2537.13085240  -2537.15293681  -2537.13586980  -2537.14249580  -2537.16365276  -2537.17943128 
max(|Fr_perp|)   :   0.00000000    0.00082908    0.00073460    0.00079251    0.00058195    0.00119471    0.00111390    0.00107898    0.00196637    0.00000000 
Fr_paral         :   0.00000000   -0.00141562   -0.00553129    0.00109232    0.01413526    0.00359676    0.00092246    0.03376621    0.00141146    0.00000000 
max(|Fsp_paral|) :   0.00000000    0.00001825    0.00018402    0.00005424    0.00026626    0.00197214    0.00133569    0.00188827    0.00554018    0.00000000 
max(|Fsp_perp|)  :   0.00000000    0.00000000    0.00000000    0.00000000    0.00000000    0.00000000    0.00000000    0.00000000    0.00000000    0.00000000 
max(|FNEB|)      :   0.00000000    0.00087822    0.00077529    0.00082623    0.00054826    0.00234779    0.00175702    0.00242211    0.00401176    0.00000000 
max(|Force|)     :   0.00009233    0.00085288    0.00260095    0.00082250    0.00815260    0.00130450    0.00105500    0.01137554    0.00181825    0.00034335 
ksp              :   0.02710161    0.07630188    0.10000000    0.10000000    0.07035408    0.04696677    0.04696677    0.01604323    0.01000000 
max(|step|)      :   0.00000000    0.02091484    0.01846352    0.01967682    0.01305685    0.05591282    0.04184355    0.05768281    0.09554062    0.00000000 
angle (deg.)     :    53.2755  51.1884  54.4974  58.9330  105.4482  82.4379  76.7721  54.9578 
>
iteration       : 140
climbing        : no
zoom on         : no
nim             : 10
barrier         :   0.01951297 (image:  3) 
distance        :   0.00000000    8.21290502   11.12212353   13.34339534   15.58012657   18.71369930   23.45924830   27.96301248   41.41166517   63.72005108 
energy          : -2537.14379937  -2537.13945990  -2537.12952290  -2537.12428640  -2537.13110028  -2537.15289358  -2537.13614397  -2537.13796161  -2537.16412970  -2537.17943128 
max(|Fr_perp|)   :   0.00000000    0.02977198    0.01497119    0.01808330    0.00145521    0.00190918    0.00901537    0.01240248    0.01593719    0.00000000 
Fr_paral         :   0.00000000   -0.00128288   -0.00510672    0.00089761    0.01383746    0.00388804    0.00150482    0.03161919    0.00147450    0.00000000 
max(|Fsp_paral|) :   0.00000000    0.00559787    0.00068312    0.00062817    0.00506307    0.00004159    0.00366148    0.10018568    0.08246222    0.00000000 
max(|Fsp_perp|)  :   0.00000000    0.00000000    0.00000000    0.00000000    0.00000000    0.00000000    0.00000000    0.00000000    0.00000000    0.00000000 
max(|FNEB|)      :   0.00000000    0.03008164    0.01495978    0.01808397    0.00509469    0.00190574    0.01103501    0.10062525    0.08026409    0.00000000 
max(|Force|)     :   0.00009233    0.02978734    0.01501082    0.01808369    0.00793238    0.00181382    0.00873795    0.01629304    0.01593351    0.00034335 
ksp              :   0.03001503    0.07584760    0.10000000    0.10000000    0.06857222    0.04530911    0.04530911    0.03692559    0.01000000 
max(|step|)      :   0.00000000    0.01999577    0.01564894    0.01798715    0.01131802    0.04790392    0.03554536    0.05511258    0.08469715    0.00206758 
angle (deg.)     :    52.9841  51.5210  54.2318  58.3081  104.9348  81.1674  77.3965  54.0478 
>
iteration       : 141
climbing        : no
zoom on         : no
nim             : 10
barrier         :   0.01929108 (image:  3) 
distance        :   0.00000000    8.20827052   11.12577213   13.35406136   15.58501400   18.75611219   23.39451664   27.94421756   40.92376294   63.45995546 
energy          : -2537.14379937  -2537.14014068  -2537.12959615  -2537.12450829  -2537.13088038  -2537.15293432  -2537.13592687  -2537.14261131  -2537.16380107  -2537.17943128 
max(|Fr_perp|)   :   0.00000000    0.00053903    0.00072865    0.00066830    0.00058108    0.00119489    0.00117189    0.00103878    0.00175588    0.00000000 
Fr_paral         :   0.00000000   -0.00141266   -0.00552553    0.00109914    0.01411133    0.00363587    0.00100555    0.03330689    0.00160557    0.00000000 
max(|Fsp_paral|) :   0.00000000    0.00006644    0.00015363    0.00010735    0.00014752    0.00184005    0.00132980    0.00375280    0.00717886    0.00000000 
max(|Fsp_perp|)  :   0.00000000    0.00000000    0.00000000    0.00000000    0.00000000    0.00000000    0.00000000    0.00000000    0.00000000    0.00000000 
max(|FNEB|)      :   0.00000000    0.00053395    0.00076232    0.00066692    0.00059946    0.00219816    0.00157964    0.00392634    0.00592161    0.00000000 
max(|Force|)     :   0.00009233    0.00056237    0.00258776    0.00066262    0.00813234    0.00131311    0.00111055    0.01133446    0.00185198    0.00034335 
ksp              :   0.02706916    0.07626323    0.10000000    0.10000000    0.07027186    0.04672810    0.04672810    0.01554272    0.01000000 
max(|step|)      :   0.00000000    0.00111814    0.00252756    0.00177611    0.00191372    0.00745832    0.00560870    0.00358557    0.01038987    0.00023988 
angle (deg.)     :    53.0421  51.4658  54.2721  58.3762  104.9942  81.3807  77.3784  54.1424 
>
iteration       : 142
climbing        : no
zoom on         : no
nim             : 10
barrier         :   0.01927597 (image:  3) 
distance        :   0.00000000    8.20786883   11.12594186   13.35322821   15.58356026   18.74926241   23.40370077   27.96622824   40.99746265   63.50776741 
energy          : -2537.14379937  -2537.14014956  -2537.12961496  -2537.12452341  -2537.13089814  -2537.15293297  -2537.13598040  -2537.14259587  -2537.16393802  -2537.17943128 
max(|Fr_perp|)   :   0.00000000    0.00034429    0.00071599    0.00053173    0.00058063    0.00119863    0.00119298    0.00124899    0.00176422    0.00000000 
Fr_paral         :   0.00000000   -0.00140553   -0.00552030    0.00111277    0.01410643    0.00367283    0.00103570    0.03307758    0.00161024    0.00000000 
max(|Fsp_paral|) :   0.00000000    0.00010548    0.00013537    0.00012281    0.00039505    0.00176837    0.00137148    0.00298560    0.00654197    0.00000000 
max(|Fsp_perp|)  :   0.00000000    0.00000000    0.00000000    0.00000000    0.00000000    0.00000000    0.00000000    0.00000000    0.00000000    0.00000000 
max(|FNEB|)      :   0.00000000    0.00034276    0.00074549    0.00052462    0.00062982    0.00211565    0.00166114    0.00327556    0.00551166    0.00000000 
max(|Force|)     :   0.00009233    0.00041680    0.00257754    0.00055095    0.00813266    0.00132548    0.00120782    0.01131958    0.00186137    0.00034335 
ksp              :   0.02704108    0.07622742    0.10000000    0.10000000    0.07023619    0.04650701    0.04650701    0.01561916    0.01000000 
max(|step|)      :   0.00000000    0.01535546    0.02514607    0.01816948    0.02117171    0.07282956    0.05545980    0.03454655    0.10000000    0.00359483 
angle (deg.)     :    53.5417  50.9599  54.6213  58.7299  105.6128  83.5425  77.3219  55.0367 
>
iteration       : 143
climbing        : no
zoom on         : no
nim             : 10
barrier         :   0.01930274 (image:  3) 
distance        :   0.00000000    8.21203298   11.12125456   13.34190704   15.54259748   18.67458480   23.49144461   28.23201978   41.74388935   64.01284839 
energy          : -2537.14379937  -2537.13980047  -2537.12968238  -2537.12449664  -2537.13077861  -2537.15293478  -2537.13649825  -2537.14342923  -2537.16462054  -2537.17943128 
max(|Fr_perp|)   :   0.00000000    0.02274340    0.01240849    0.01320086    0.00126386    0.00133309    0.00626750    0.00854661    0.01410428    0.00000000 
Fr_paral         :   0.00000000   -0.00133059   -0.00526845    0.00083235    0.01448759    0.00404108    0.00035758    0.03505571    0.00015292    0.00000000 
max(|Fsp_paral|) :   0.00000000    0.00326067    0.00068094    0.00080337    0.00077698    0.00264428    0.00107609    0.01742360    0.01926689    0.00000000 
max(|Fsp_perp|)  :   0.00000000    0.00000000    0.00000000    0.00000000    0.00000000    0.00000000    0.00000000    0.00000000    0.00000000    0.00000000 
max(|FNEB|)      :   0.00000000    0.02324179    0.01255878    0.01336133    0.00129766    0.00289081    0.00555226    0.01910437    0.01859466    0.00000000 
max(|Force|)     :   0.00009233    0.02307525    0.01263009    0.01336387    0.00841621    0.00148301    0.00639426    0.01510251    0.01416585    0.00034335 
ksp              :   0.02869547    0.07582232    0.10000000    0.10000000    0.07069754    0.04403863    0.04403863    0.01167052    0.01000000 
max(|step|)      :   0.00000000    0.05517608    0.02981458    0.03171984    0.00308064    0.00686280    0.01318109    0.04535382    0.04414378    0.00000000 
angle (deg.)     :    53.8102  50.8923  54.7260  58.8900  105.7237  83.6730  76.8096  55.4135 
>
iteration       : 144
climbing        : no
zoom on         : no
nim             : 10
barrier         :   0.01993836 (image:  3) 
distance        :   0.00000000    8.19147940   11.13787025   13.35229732   15.56039239   18.68312047   23.51717233   28.14503693   41.84731994   64.02465876 
energy          : -2537.14379937  -2537.13819284  -2537.12917462  -2537.12386101  -2537.13083232  -2537.15290187  -2537.13658596  -2537.13960595  -2537.16398594  -2537.17943128 
max(|Fr_perp|)   :   0.00000000    0.04643477    0.02576631    0.03107663    0.00187975    0.00125526    0.00413575    0.01170729    0.03352129    0.00000000 
Fr_paral         :   0.00000000   -0.00044658   -0.00425604    0.00081687    0.01437782    0.00403411    0.00101681    0.03450207   -0.00063289    0.00000000 
max(|Fsp_paral|) :   0.00000000    0.01413877    0.00117279    0.00025856    0.00391452    0.00234256    0.00285013    0.06798579    0.05180103    0.00000000 
max(|Fsp_perp|)  :   0.00000000    0.00000000    0.00000000    0.00000000    0.00000000    0.00000000    0.00000000    0.00000000    0.00000000    0.00000000 
max(|FNEB|)      :   0.00000000    0.04509217    0.02566930    0.03108389    0.00374427    0.00258890    0.00586543    0.06705845    0.05227639    0.00000000 
max(|Force|)     :   0.00009233    0.04642558    0.02560290    0.03106727    0.00844420    0.00146965    0.00393533    0.01494311    0.03352142    0.00034335 
ksp              :   0.03530740    0.07601485    0.10000000    0.10000000    0.06853212    0.04256071    0.04256071    0.02892872    0.01000000 
max(|step|)      :   0.00000000    0.03454194    0.01892219    0.02065880    0.00191536    0.00287425    0.00739390    0.03192177    0.02944112    0.00079569 
angle (deg.)     :    53.7356  50.9303  54.6337  58.7956  105.6677  83.6308  77.1991  55.1476 
>
iteration       : 145
climbing        : no
zoom on         : no
nim             : 10
barrier         :   0.01912023 (image:  3) 
distance        :   0.00000000    8.19451878   11.13371441   13.35111692   15.55420994   18.68153758   23.50818300   28.22646727   41.79910642   64.03778056 
energy          : -2537.14379937  -2537.14023717  -2537.12981263  -2537.12467914  -2537.13079301  -2537.15291706  -2537.13658689  -2537.14290535  -2537.16526715  -2537.17943128 
max(|Fr_perp|)   :   0.00000000    0.00497537    0.00206584    0.00141998    0.00058353    0.00129598    0.00165953    0.00339756    0.00486540    0.00000000 
Fr_paral         :   0.00000000   -0.00121602   -0.00547922    0.00107412    0.01448127    0.00405020    0.00073608    0.03433700    0.00043228    0.00000000 
max(|Fsp_paral|) :   0.00000000    0.00076933    0.00053753    0.00057835    0.00139553    0.00300491    0.00151614    0.00495350    0.00875678    0.00000000 
max(|Fsp_perp|)  :   0.00000000    0.00000000    0.00000000    0.00000000    0.00000000    0.00000000    0.00000000    0.00000000    0.00000000    0.00000000 
max(|FNEB|)      :   0.00000000    0.00502975    0.00204212    0.00142574    0.00149625    0.00323906    0.00213332    0.00616119    0.00610029    0.00000000 
max(|Force|)     :   0.00009233    0.00495675    0.00254849    0.00141566    0.00843744    0.00143008    0.00165534    0.01163256    0.00483928    0.00034335 
ksp              :   0.02676749    0.07583636    0.10000000    0.10000000    0.07122164    0.04394954    0.04394954    0.01420819    0.01000000 
max(|step|)      :   0.00000000    0.00083489    0.00041625    0.00035294    0.00064391    0.00184629    0.00149122    0.00319558    0.00332427    0.00007727 
angle (deg.)     :    53.7503  50.9324  54.6384  58.8379  105.6973  83.6710  77.1716  55.1811 
>
iteration       : 146
climbing        : no
zoom on         : no
nim             : 10
barrier         :   0.01911916 (image:  3) 
distance        :   0.00000000    8.19318541   11.13411645   13.35116168   15.55594768   18.68055889   23.51148002   28.22624777   41.81744435   64.04680924 
energy          : -2537.14379937  -2537.14025097  -2537.12982099  -2537.12468021  -2537.13081016  -2537.15290639  -2537.13660174  -2537.14274518  -2537.16532037  -2537.17943128 
max(|Fr_perp|)   :   0.00000000    0.00377688    0.00171672    0.00165957    0.00058234    0.00129185    0.00136387    0.00246061    0.00297725    0.00000000 
Fr_paral         :   0.00000000   -0.00121716   -0.00547673    0.00108405    0.01445434    0.00406258    0.00081300    0.03404598    0.00055559    0.00000000 
max(|Fsp_paral|) :   0.00000000    0.00089635    0.00056655    0.00049532    0.00104760    0.00291916    0.00162265    0.00120498    0.00561206    0.00000000 
max(|Fsp_perp|)  :   0.00000000    0.00000000    0.00000000    0.00000000    0.00000000    0.00000000    0.00000000    0.00000000    0.00000000    0.00000000 
max(|FNEB|)      :   0.00000000    0.00383931    0.00171618    0.00166440    0.00114695    0.00315249    0.00188138    0.00243686    0.00429973    0.00000000 
max(|Force|)     :   0.00009233    0.00375852    0.00254115    0.00165529    0.00842019    0.00142488    0.00129748    0.01117681    0.00294381    0.00034335 
ksp              :   0.02670345    0.07580070    0.10000000    0.10000000    0.07114434    0.04388154    0.04388154    0.01496241    0.01000000 
max(|step|)      :   0.00000000    0.00327469    0.00194074    0.00179445    0.00215766    0.00739333    0.00466834    0.00561747    0.00925617    0.00016456 
angle (deg.)     :    53.7338  50.9508  54.6555  58.9912  105.8112  83.8381  77.1594  55.2573 
>
iteration       : 147
climbing        : no
zoom on         : no
nim             : 10
barrier         :   0.01911045 (image:  3) 
distance        :   0.00000000    8.19519360   11.13020655   13.34689678   15.55718847   18.67139486   23.51887624   28.24424011   41.88120028   64.08666006 
energy          : -2537.14379937  -2537.14026504  -2537.12985441  -2537.12468892  -2537.13086801  -2537.15286399  -2537.13664646  -2537.14276062  -2537.16543789  -2537.17943128 
max(|Fr_perp|)   :   0.00000000    0.00080278    0.00067225    0.00051973    0.00057560    0.00129532    0.00136041    0.00106603    0.00221880    0.00000000 
Fr_paral         :   0.00000000   -0.00127527   -0.00546974    0.00109381    0.01437085    0.00412332    0.00095728    0.03308112    0.00095193    0.00000000 
max(|Fsp_paral|) :   0.00000000    0.00081001    0.00020114    0.00025826    0.00013385    0.00254822    0.00170149    0.00114168    0.00561792    0.00000000 
max(|Fsp_perp|)  :   0.00000000    0.00000000    0.00000000    0.00000000    0.00000000    0.00000000    0.00000000    0.00000000    0.00000000    0.00000000 
max(|FNEB|)      :   0.00000000    0.00094193    0.00063128    0.00053488    0.00059213    0.00277846    0.00198727    0.00129035    0.00435525    0.00000000 
max(|Force|)     :   0.00009233    0.00082110    0.00251464    0.00058148    0.00835526    0.00144097    0.00128248    0.01111603    0.00213002    0.00034335 
ksp              :   0.02664480    0.07567332    0.10000000    0.10000000    0.07089980    0.04368638    0.04368638    0.01489197    0.01000000 
max(|step|)      :   0.00000000    0.01047961    0.01378274    0.01269013    0.01246674    0.06722909    0.04535822    0.03289790    0.08512738    0.00138380 
angle (deg.)     :    53.7207  51.0265  54.8445  60.1594  106.9518  85.3760  77.0665  55.9953 
>
iteration       : 148
climbing        : no
zoom on         : no
nim             : 10
barrier         :   0.01904956 (image:  3) 
distance        :   0.00000000    8.20738839   11.10337395   13.31448952   15.55448712   18.59235755   23.59643446   28.43298964   42.49498585   64.48045107 
energy          : -2537.14379937  -2537.14027618  -2537.13010176  -2537.12474981  -2537.13114526  -2537.15247408  -2537.13697695  -2537.14122087  -2537.16581536  -2537.17943128 
max(|Fr_perp|)   :   0.00000000    0.00199219    0.00075740    0.00142517    0.00068356    0.00166502    0.00518289    0.01469677    0.01562290    0.00000000 
Fr_paral         :   0.00000000   -0.00148272   -0.00536229    0.00122233    0.01396822    0.00464587    0.00162774    0.02767055    0.00248301    0.00000000 
max(|Fsp_paral|) :   0.00000000    0.00049831    0.00220108    0.00116887    0.00690193    0.00018519    0.00225262    0.03627410    0.02698487    0.00000000 
max(|Fsp_perp|)  :   0.00000000    0.00000000    0.00000000    0.00000000    0.00000000    0.00000000    0.00000000    0.00000000    0.00000000    0.00000000 
max(|FNEB|)      :   0.00000000    0.00195983    0.00233283    0.00148869    0.00687081    0.00169720    0.00667642    0.03794828    0.02301410    0.00000000 
max(|Force|)     :   0.00009233    0.00197148    0.00235876    0.00145205    0.00806294    0.00184417    0.00517552    0.01632165    0.01576936    0.00034335 
ksp              :   0.02664538    0.07471462    0.10000000    0.10000000    0.06978459    0.04223266    0.04223266    0.02218219    0.01000000 
max(|step|)      :   0.00000000    0.00581734    0.00855753    0.00810821    0.00871102    0.04374095    0.02847667    0.02485843    0.05830866    0.00119970 
angle (deg.)     :    53.7121  50.9327  54.7207  59.2979  106.1368  84.3961  77.1950  55.4675 
>
iteration       : 149
climbing        : no
zoom on         : no
nim             : 10
barrier         :   0.01908417 (image:  3) 
distance        :   0.00000000    8.20364317   11.11921054   13.33265261   15.54808535   18.63647127   23.53640917   28.32260388   42.08630109   64.22387389 
energy          : -2537.14379937  -2537.14024995  -2537.12993026  -2537.12471521  -2537.13091008  -2537.15274476  -2537.13680137  -2537.14339582  -2537.16573246  -2537.17943128 
max(|Fr_perp|)   :   0.00000000    0.00400896    0.00148360    0.00092123    0.00056583    0.00132911    0.00144284    0.00342453    0.00276789    0.00000000 
Fr_paral         :   0.00000000   -0.00137564   -0.00545314    0.00112480    0.01432942    0.00427220    0.00103711    0.03214925    0.00116098    0.00000000 
max(|Fsp_paral|) :   0.00000000    0.00010696    0.00069319    0.00008042    0.00168658    0.00219650    0.00156535    0.01424720    0.01695774    0.00000000 
max(|Fsp_perp|)  :   0.00000000    0.00000000    0.00000000    0.00000000    0.00000000    0.00000000    0.00000000    0.00000000    0.00000000    0.00000000 
max(|FNEB|)      :   0.00000000    0.00400230    0.00145528    0.00092058    0.00160571    0.00252324    0.00221635    0.01407665    0.01628223    0.00000000 
max(|Force|)     :   0.00009233    0.00402747    0.00248638    0.00091756    0.00832647    0.00154883    0.00148843    0.01107978    0.00266144    0.00034335 
ksp              :   0.02673890    0.07540604    0.10000000    0.10000000    0.07078529    0.04300224    0.04300224    0.01190312    0.01000000 
max(|step|)      :   0.00000000    0.00275624    0.00467784    0.00407038    0.00433874    0.02106167    0.01481783    0.00816712    0.02638382    0.00047507 
angle (deg.)     :    53.7358  50.9162  54.7789  59.5782  106.4645  84.8934  77.1730  55.6963 
>
iteration       : 150
climbing        : no
zoom on         : no
nim             : 10
barrier         :   0.01906058 (image:  3) 
distance        :   0.00000000    8.20701293   11.11250236   13.32298515   15.54219018   18.60917417   23.55783074   28.38490402   42.27977728   64.34881150 
energy          : -2537.14379937  -2537.14025901  -2537.12999712  -2537.12473879  -2537.13093670  -2537.15263211  -2537.13694074  -2537.14343547  -2537.16598834  -2537.17943128 
max(|Fr_perp|)   :   0.00000000    0.00359245    0.00179396    0.00090608    0.00055836    0.00145595    0.00160964    0.00569262    0.00374136    0.00000000 
Fr_paral         :   0.00000000   -0.00142504   -0.00543304    0.00112779    0.01430070    0.00443065    0.00111074    0.03127502    0.00128140    0.00000000 
max(|Fsp_paral|) :   0.00000000    0.00018471    0.00122524    0.00035276    0.00286385    0.00200485    0.00165075    0.01413028    0.01698374    0.00000000 
max(|Fsp_perp|)  :   0.00000000    0.00000000    0.00000000    0.00000000    0.00000000    0.00000000    0.00000000    0.00000000    0.00000000    0.00000000 
max(|FNEB|)      :   0.00000000    0.00360384    0.00174597    0.00090878    0.00278008    0.00238191    0.00265651    0.01580338    0.01671372    0.00000000 
max(|Force|)     :   0.00009233    0.00361141    0.00245929    0.00090958    0.00831089    0.00163512    0.00190209    0.01125709    0.00381797    0.00034335 
ksp              :   0.02671684    0.07517131    0.10000000    0.10000000    0.07073479    0.04238497    0.04238497    0.01171828    0.01000000 
max(|step|)      :   0.00000000    0.00948166    0.01795775    0.01543835    0.01692754    0.07915979    0.05703368    0.03093845    0.10000000    0.00238795 
angle (deg.)     :    53.8977  50.8166  55.0071  60.6467  107.9613  86.7245  77.0801  56.5914 
>
iteration       : 151
climbing        : no
zoom on         : no
nim             : 10
barrier         :   0.01897019 (image:  3) 
distance        :   0.00000000    8.21661070   11.09247026   13.29017065   15.51539772   18.51793518   23.66191943   28.64530224   43.03892817   64.85128961 
energy          : -2537.14379937  -2537.14021422  -2537.13021651  -2537.12482918  -2537.13094191  -2537.15217155  -2537.13749436  -2537.14346958  -2537.16681752  -2537.17943128 
max(|Fr_perp|)   :   0.00000000    0.00986076    0.00410422    0.00124418    0.00053855    0.00187880    0.00263442    0.01142862    0.00643951    0.00000000 
Fr_paral         :   0.00000000   -0.00153986   -0.00537133    0.00116463    0.01434337    0.00512890    0.00136547    0.02912947    0.00113457    0.00000000 
max(|Fsp_paral|) :   0.00000000    0.00171076    0.00263160    0.00111584    0.00537593    0.00219797    0.00205912    0.01091162    0.01496366    0.00000000 
max(|Fsp_perp|)  :   0.00000000    0.00000000    0.00000000    0.00000000    0.00000000    0.00000000    0.00000000    0.00000000    0.00000000    0.00000000 
max(|FNEB|)      :   0.00000000    0.01014472    0.00407893    0.00141251    0.00526541    0.00254326    0.00412821    0.01939685    0.01563468    0.00000000 
max(|Force|)     :   0.00009233    0.01007402    0.00426763    0.00126019    0.00835972    0.00197230    0.00306733    0.01457188    0.00658706    0.00034335 
ksp              :   0.02702573    0.07444129    0.10000000    0.10000000    0.07099064    0.03991680    0.03991680    0.01155267    0.01000000 
max(|step|)      :   0.00000000    0.05079022    0.02042146    0.00707181    0.02636161    0.01273299    0.02066818    0.09711161    0.07827605    0.00000000 
angle (deg.)     :    54.4523  50.2915  55.0396  59.9047  107.8827  87.0249  76.3216  57.2271 
>
iteration       : 152
climbing        : no
zoom on         : no
nim             : 10
barrier         :   0.01896696 (image:  3) 
distance        :   0.00000000    8.19490975   11.12729570   13.30790405   15.47264670   18.48589950   23.65011715   28.50110252   43.18825976   64.85804324 
energy          : -2537.14379937  -2537.13759604  -2537.12964169  -2537.12483241  -2537.13026677  -2537.15212987  -2537.13754684  -2537.13631872  -2537.16593143  -2537.17943128 
max(|Fr_perp|)   :   0.00000000    0.05256141    0.02194876    0.00659761    0.00080505    0.00177600    0.00702794    0.02072542    0.02243382    0.00000000 
Fr_paral         :   0.00000000    0.00006239   -0.00496417    0.00088898    0.01518715    0.00496612   -0.00043424    0.03864225   -0.00384932    0.00000000 
max(|Fsp_paral|) :   0.00000000    0.02093781    0.00382658    0.00064520    0.00411420    0.00523910    0.00530933    0.14763990    0.12918859    0.00000000 
max(|Fsp_perp|)  :   0.00000000    0.00000000    0.00000000    0.00000000    0.00000000    0.00000000    0.00000000    0.00000000    0.00000000    0.00000000 
max(|FNEB|)      :   0.00000000    0.05051483    0.02170535    0.00661046    0.00438057    0.00511115    0.00792303    0.14682952    0.14041992    0.00000000 
max(|Force|)     :   0.00009233    0.05256273    0.02180246    0.00659041    0.00900560    0.00208013    0.00702437    0.02812857    0.02264185    0.00034335 
ksp              :   0.03943541    0.07717951    0.10000000    0.10000000    0.07421348    0.03966886    0.04549638    0.04549638    0.01000000 
max(|step|)      :   0.00000000    0.04203749    0.01701112    0.00548608    0.02064976    0.00967665    0.01636956    0.08116621    0.06829507    0.00163473 
angle (deg.)     :    54.0466  50.7037  55.0111  60.4896  107.9541  86.7798  76.9662  56.6693 
>
iteration       : 153
climbing        : no
zoom on         : no
nim             : 10
barrier         :   0.01895784 (image:  3) 
distance        :   0.00000000    8.20858599   11.10199334   13.29614153   15.50811615   18.51237601   23.66169212   28.63754082   43.06610663   64.85884939 
energy          : -2537.14379937  -2537.14032383  -2537.13020582  -2537.12484153  -2537.13080095  -2537.15216125  -2537.13755464  -2537.14367389  -2537.16695780  -2537.17943128 
max(|Fr_perp|)   :   0.00000000    0.00203352    0.00062477    0.00060074    0.00054955    0.00185519    0.00170203    0.00603140    0.00284578    0.00000000 
Fr_paral         :   0.00000000   -0.00143668   -0.00541100    0.00111918    0.01453884    0.00511088    0.00108896    0.03122206    0.00029800    0.00000000 
max(|Fsp_paral|) :   0.00000000    0.00040194    0.00174347    0.00072973    0.00331569    0.00316462    0.00219460    0.01485744    0.01873647    0.00000000 
max(|Fsp_perp|)  :   0.00000000    0.00000000    0.00000000    0.00000000    0.00000000    0.00000000    0.00000000    0.00000000    0.00000000    0.00000000 
max(|FNEB|)      :   0.00000000    0.00200967    0.00180716    0.00098806    0.00315753    0.00323793    0.00301412    0.01665180    0.01729650    0.00000000 
max(|Force|)     :   0.00009233    0.00201518    0.00244640    0.00071647    0.00851748    0.00185323    0.00177845    0.01110509    0.00281983    0.00034335 
ksp              :   0.02649969    0.07453372    0.10000000    0.10000000    0.07170841    0.03964607    0.03964607    0.01059571    0.01000000 
max(|step|)      :   0.00000000    0.00270151    0.00189095    0.00106072    0.00367710    0.00261427    0.00276003    0.01122679    0.00852917    0.00021930 
angle (deg.)     :    54.1423  50.6296  55.0144  60.3992  107.9635  86.8262  76.8672  56.7406 
>
iteration       : 154
climbing        : no
zoom on         : no
nim             : 10
barrier         :   0.01895116 (image:  3) 
distance        :   0.00000000    8.20365636   11.10798676   13.29978836   15.50314698   18.50760089   23.66176498   28.62796176   43.08932927   64.86438628 
energy          : -2537.14379937  -2537.14031434  -2537.13018668  -2537.12484821  -2537.13070788  -2537.15214620  -2537.13758461  -2537.14338332  -2537.16699312  -2537.17943128 
max(|Fr_perp|)   :   0.00000000    0.00561400    0.00185042    0.00057777    0.00055632    0.00183830    0.00173598    0.00257747    0.00266139    0.00000000 
Fr_paral         :   0.00000000   -0.00135080   -0.00542468    0.00108374    0.01466471    0.00511240    0.00091831    0.03250812   -0.00023231    0.00000000 
max(|Fsp_paral|) :   0.00000000    0.00021769    0.00110366    0.00047456    0.00201158    0.00369219    0.00236148    0.00771450    0.01281606    0.00000000 
max(|Fsp_perp|)  :   0.00000000    0.00000000    0.00000000    0.00000000    0.00000000    0.00000000    0.00000000    0.00000000    0.00000000    0.00000000 
max(|FNEB|)      :   0.00000000    0.00560060    0.00189774    0.00071183    0.00183205    0.00363508    0.00304334    0.00871690    0.01015468    0.00000000 
max(|Force|)     :   0.00009233    0.00559609    0.00248085    0.00068228    0.00861265    0.00184740    0.00166309    0.01114383    0.00272820    0.00034335 
ksp              :   0.02655056    0.07464734    0.10000000    0.10000000    0.07217213    0.03951418    0.03951418    0.01197587    0.01000000 
max(|step|)      :   0.00000000    0.00794728    0.00379733    0.00238495    0.00684729    0.01019882    0.00853545    0.01517165    0.01595359    0.00046807 
angle (deg.)     :    54.3356  50.4773  55.0272  60.3165  108.0939  87.0358  76.7194  56.9010 
>
iteration       : 155
climbing        : no
zoom on         : no
nim             : 10
barrier         :   0.01893480 (image:  3) 
distance        :   0.00000000    8.19465709   11.11899917   13.30595962   15.49228420   18.48932482   23.66439195   28.63200470   43.17627568   64.90559252 
energy          : -2537.14379937  -2537.14034819  -2537.13016202  -2537.12486457  -2537.13053036  -2537.15205236  -2537.13765550  -2537.14282466  -2537.16707237  -2537.17943128 
max(|Fr_perp|)   :   0.00000000    0.00516655    0.00206591    0.00060163    0.00056799    0.00181536    0.00176930    0.00297801    0.00343050    0.00000000 
Fr_paral         :   0.00000000   -0.00127341   -0.00546268    0.00099601    0.01487448    0.00521712    0.00079163    0.03380823   -0.00064534    0.00000000 
max(|Fsp_paral|) :   0.00000000    0.00052370    0.00004842    0.00002629    0.00020728    0.00450929    0.00256641    0.00604850    0.00127970    0.00000000 
max(|Fsp_perp|)  :   0.00000000    0.00000000    0.00000000    0.00000000    0.00000000    0.00000000    0.00000000    0.00000000    0.00000000    0.00000000 
max(|FNEB|)      :   0.00000000    0.00513902    0.00206783    0.00060201    0.00054283    0.00445802    0.00322801    0.00722935    0.00317984    0.00000000 
max(|Force|)     :   0.00009233    0.00518098    0.00252644    0.00059577    0.00877051    0.00186053    0.00170935    0.01098779    0.00347840    0.00034335 
ksp              :   0.02640400    0.07482041    0.10000000    0.10000000    0.07306966    0.03920277    0.03920277    0.01463294    0.01000000 
max(|step|)      :   0.00000000    0.00659575    0.00282887    0.00121646    0.00235440    0.00924423    0.00735012    0.00407257    0.00850516    0.00013780 
angle (deg.)     :    54.4052  50.4096  55.0470  60.3799  108.2584  87.2270  76.7382  56.9659 
>
iteration       : 156
climbing        : no
zoom on         : no
nim             : 10
barrier         :   0.01892389 (image:  3) 
distance        :   0.00000000    8.19346623   11.12156587   13.30638684   15.48600797   18.47233869   23.66709388   28.66362619   43.24885970   64.95369746 
energy          : -2537.14379937  -2537.14036565  -2537.13016021  -2537.12487548  -2537.13046676  -2537.15195204  -2537.13771207  -2537.14324739  -2537.16716075  -2537.17943128 
max(|Fr_perp|)   :   0.00000000    0.00349224    0.00134552    0.00064721    0.00057092    0.00183032    0.00178461    0.00341946    0.00292304    0.00000000 
Fr_paral         :   0.00000000   -0.00123152   -0.00546167    0.00097796    0.01493385    0.00531229    0.00084789    0.03388146   -0.00053289    0.00000000 
max(|Fsp_paral|) :   0.00000000    0.00075061    0.00034036    0.00021560    0.00072508    0.00472190    0.00243795    0.00350152    0.00940277    0.00000000 
max(|Fsp_perp|)  :   0.00000000    0.00000000    0.00000000    0.00000000    0.00000000    0.00000000    0.00000000    0.00000000    0.00000000    0.00000000 
max(|FNEB|)      :   0.00000000    0.00353609    0.00134555    0.00064875    0.00094665    0.00461505    0.00316425    0.00438114    0.00647974    0.00000000 
max(|Force|)     :   0.00009233    0.00347671    0.00253606    0.00064433    0.00881571    0.00189205    0.00171841    0.01142286    0.00307530    0.00034335 
ksp              :   0.02633042    0.07486641    0.10000000    0.10000000    0.07340850    0.03895054    0.03895054    0.01262514    0.01000000 
max(|step|)      :   0.00000000    0.00000000    0.00000000    0.00000000    0.00000000    0.00000000    0.00000000    0.00000000    0.00000000    0.00000000 
angle (deg.)     :    54.4052  50.4096  55.0470  60.3800  108.2585  87.2269  76.7381  56.9658 
>
iteration       : 157
climbing        : no
zoom on         : no
nim             : 10
barrier         :   0.01892375 (image:  3) 
distance        :   0.00000000    8.19346623   11.12156587   13.30638684   15.48600797   18.47233869   23.66709388   28.66362619   43.24885970   64.95369746 
energy          : -2537.14379937  -2537.14036623  -2537.13016059  -2537.12487562  -2537.13046733  -2537.15195067  -2537.13771285  -2537.14324052  -2537.16716162  -2537.17943128 
max(|Fr_perp|)   :   0.00000000    0.00338338    0.00131238    0.00063977    0.00057096    0.00182923    0.00180118    0.00338833    0.00292446    0.00000000 
Fr_paral         :   0.00000000   -0.00123302   -0.00546176    0.00097780    0.01493470    0.00531311    0.00083589    0.03387594   -0.00053649    0.00000000 
max(|Fsp_paral|) :   0.00000000    0.00074860    0.00033679    0.00021419    0.00071530    0.00471664    0.00244169    0.00349443    0.00939720    0.00000000 
max(|Fsp_perp|)  :   0.00000000    0.00000000    0.00000000    0.00000000    0.00000000    0.00000000    0.00000000    0.00000000    0.00000000    0.00000000 
max(|FNEB|)      :   0.00000000    0.00353914    0.00134576    0.00064616    0.00094596    0.00461641    0.00317437    0.00437855    0.00647500    0.00000000 
max(|Force|)     :   0.00009233    0.00347977    0.00253550    0.00064174    0.00881370    0.00189175    0.00173391    0.01142191    0.00307953    0.00034335 
ksp              :   0.02633050    0.07486647    0.10000000    0.10000000    0.07340852    0.03894988    0.03894988    0.01262537    0.01000000 
max(|step|)      :   0.00000000    0.05418280    0.02060302    0.00989240    0.01448220    0.07067528    0.04859837    0.06703384    0.09912955    0.00000000 
angle (deg.)     :    54.1966  50.4976  55.2184  62.1297  110.1373  88.4681  76.1760  58.0791 
>
iteration       : 158
climbing        : no
zoom on         : no
nim             : 10
barrier         :   0.01892262 (image:  3) 
distance        :   0.00000000    8.22521402   11.08876478   13.27634223   15.48037628   18.35951096   23.71379456   28.66368576   43.83842642   65.25045511 
energy          : -2537.14379937  -2537.13559565  -2537.12960893  -2537.12487675  -2537.13080204  -2537.15100805  -2537.13796438  -2537.13657523  -2537.16721983  -2537.17943128 
max(|Fr_perp|)   :   0.00000000    0.08023677    0.02907131    0.00713540    0.00073075    0.00246517    0.00513461    0.01886400    0.00724579    0.00000000 
Fr_paral         :   0.00000000    0.00026579   -0.00456960    0.00100872    0.01436157    0.00626436    0.00190311    0.02920360   -0.00176906    0.00000000 
max(|Fsp_paral|) :   0.00000000    0.03902065    0.00145966    0.00067585    0.00785132    0.00130470    0.00576615    0.14718501    0.13089844    0.00000000 
max(|Fsp_perp|)  :   0.00000000    0.00000000    0.00000000    0.00000000    0.00000000    0.00000000    0.00000000    0.00000000    0.00000000    0.00000000 
max(|FNEB|)      :   0.00000000    0.08032520    0.02909249    0.00713226    0.00771697    0.00262487    0.01019071    0.14929878    0.13267850    0.00000000 
max(|Force|)     :   0.00009233    0.08023664    0.02910207    0.00713347    0.00840739    0.00306943    0.00564427    0.02233709    0.00739882    0.00034335 
ksp              :   0.04901862    0.07749273    0.10000000    0.10000000    0.07181807    0.03775247    0.04435955    0.04435955    0.01000000 
max(|step|)      :   0.00000000    0.05042474    0.01860992    0.00864564    0.01267850    0.05956136    0.04143840    0.06402828    0.09172505    0.00191477 
angle (deg.)     :    54.4262  50.4251  55.0716  60.6104  108.5050  87.4004  76.7051  57.0628 
>
iteration       : 159
climbing        : no
zoom on         : no
nim             : 10
barrier         :   0.01891522 (image:  3) 
distance        :   0.00000000    8.19251583   11.12048927   13.30593968   15.48837910   18.45767518   23.67554125   28.68793790   43.32831426   65.00197484 
energy          : -2537.14379937  -2537.14038136  -2537.13018565  -2537.12488415  -2537.13050813  -2537.15181983  -2537.13777162  -2537.14332756  -2537.16725058  -2537.17943128 
max(|Fr_perp|)   :   0.00000000    0.00180376    0.00101754    0.00051775    0.00056553    0.00190938    0.00181366    0.00115933    0.00235463    0.00000000 
Fr_paral         :   0.00000000   -0.00125350   -0.00544757    0.00100169    0.01486709    0.00543274    0.00093294    0.03304753   -0.00038707    0.00000000 
max(|Fsp_paral|) :   0.00000000    0.00081490    0.00018284    0.00012477    0.00044354    0.00437787    0.00251530    0.00487563    0.01069706    0.00000000 
max(|Fsp_perp|)  :   0.00000000    0.00000000    0.00000000    0.00000000    0.00000000    0.00000000    0.00000000    0.00000000    0.00000000    0.00000000 
max(|FNEB|)      :   0.00000000    0.00175947    0.00102492    0.00052525    0.00061931    0.00432570    0.00332219    0.00494978    0.00834242    0.00000000 
max(|Force|)     :   0.00009233    0.00181846    0.00249571    0.00059072    0.00876809    0.00193713    0.00174065    0.01095323    0.00246515    0.00034335 
ksp              :   0.02626314    0.07477506    0.10000000    0.10000000    0.07324071    0.03868047    0.03868047    0.01224492    0.01000000 
max(|step|)      :   0.00000000    0.00066902    0.00108306    0.00110289    0.00113093    0.00904704    0.00625881    0.00358829    0.00937635    0.00020598 
angle (deg.)     :    54.4455  50.4350  55.0928  60.7872  108.7138  87.5500  76.6645  57.1542 
>
iteration       : 160
climbing        : no
zoom on         : no
nim             : 10
barrier         :   0.01890800 (image:  3) 
distance        :   0.00000000    8.19180924   11.11964439   13.30554447   15.48910313   18.44484787   23.68232845   28.70620246   43.39718315   65.04254335 
energy          : -2537.14379937  -2537.14038550  -2537.13020511  -2537.12489137  -2537.13052581  -2537.15170772  -2537.13782156  -2537.14325688  -2537.16731531  -2537.17943128 
max(|Fr_perp|)   :   0.00000000    0.00221266    0.00119740    0.00051613    0.00056203    0.00197418    0.00182886    0.00150095    0.00267681    0.00000000 
Fr_paral         :   0.00000000   -0.00125477   -0.00542875    0.00102371    0.01483156    0.00553370    0.00099074    0.03254908   -0.00037026    0.00000000 
max(|Fsp_paral|) :   0.00000000    0.00079747    0.00006507    0.00009704    0.00118145    0.00417181    0.00260171    0.00278011    0.00901668    0.00000000 
max(|Fsp_perp|)  :   0.00000000    0.00000000    0.00000000    0.00000000    0.00000000    0.00000000    0.00000000    0.00000000    0.00000000    0.00000000 
max(|FNEB|)      :   0.00000000    0.00216986    0.00120000    0.00052194    0.00097464    0.00419030    0.00345411    0.00332445    0.00688500    0.00000000 
max(|Force|)     :   0.00009233    0.00222718    0.00246502    0.00060933    0.00874470    0.00197463    0.00175198    0.01100450    0.00270878    0.00034335 
ksp              :   0.02624964    0.07470720    0.10000000    0.10000000    0.07318072    0.03845373    0.03845373    0.01258219    0.01000000 
max(|step|)      :   0.00000000    0.00756215    0.01243036    0.01183636    0.01479395    0.09508560    0.07360671    0.02165548    0.09224315    0.00128062 
angle (deg.)     :    54.5324  50.3953  55.2835  62.0590  110.9469  89.2739  76.5635  57.9923 
>
iteration       : 161
climbing        : no
zoom on         : no
nim             : 10
barrier         :   0.01882934 (image:  3) 
distance        :   0.00000000    8.20401486   11.10158284   13.28513864   15.44046720   18.29215011   23.73725409   28.97845922   44.14456449   65.51839719 
energy          : -2537.14379937  -2537.14038022  -2537.13036138  -2537.12497003  -2537.13014651  -2537.15053012  -2537.13840180  -2537.14519130  -2537.16787946  -2537.17943128 
max(|Fr_perp|)   :   0.00000000    0.00528312    0.00336138    0.00148533    0.00055571    0.00242177    0.00314449    0.00677176    0.00485626    0.00000000 
Fr_paral         :   0.00000000   -0.00135409   -0.00536132    0.00106694    0.01513535    0.00658021    0.00111480    0.03265688   -0.00113875    0.00000000 
max(|Fsp_paral|) :   0.00000000    0.00022148    0.00151381    0.00119764    0.00053163    0.00545553    0.00229831    0.01187634    0.01737406    0.00000000 
max(|Fsp_perp|)  :   0.00000000    0.00000000    0.00000000    0.00000000    0.00000000    0.00000000    0.00000000    0.00000000    0.00000000    0.00000000 
max(|FNEB|)      :   0.00000000    0.00527147    0.00342901    0.00149305    0.00061959    0.00551055    0.00359838    0.01205304    0.01326347    0.00000000 
max(|Force|)     :   0.00009233    0.00526778    0.00325042    0.00148241    0.00897488    0.00248984    0.00313722    0.01060579    0.00491879    0.00034335 
ksp              :   0.02634277    0.07423058    0.10000000    0.10000000    0.07525761    0.03579919    0.03579919    0.01000000    0.01000000 
max(|step|)      :   0.00000000    0.00000000    0.00000000    0.00000000    0.00000000    0.00000000    0.00000000    0.00000000    0.00000000    0.00000000 
angle (deg.)     :    54.5325  50.3953  55.2835  62.0595  110.9465  89.2741  76.5626  57.9924 
>
iteration       : 162
climbing        : no
zoom on         : no
nim             : 10
barrier         :   0.01882927 (image:  3) 
distance        :   0.00000000    8.20401486   11.10158284   13.28513864   15.44046720   18.29215011   23.73725409   28.97845922   44.14456449   65.51839719 
energy          : -2537.14379937  -2537.14038111  -2537.13036158  -2537.12497010  -2537.13014639  -2537.15052901  -2537.13840242  -2537.14517870  -2537.16787964  -2537.17943128 
max(|Fr_perp|)   :   0.00000000    0.00519434    0.00330115    0.00146659    0.00055567    0.00242080    0.00312394    0.00666715    0.00484487    0.00000000 
Fr_paral         :   0.00000000   -0.00135423   -0.00536155    0.00106683    0.01513447    0.00658135    0.00111452    0.03267020   -0.00114414    0.00000000 
max(|Fsp_paral|) :   0.00000000    0.00022049    0.00150880    0.00119368    0.00053709    0.00545149    0.00230378    0.01186924    0.01737005    0.00000000 
max(|Fsp_perp|)  :   0.00000000    0.00000000    0.00000000    0.00000000    0.00000000    0.00000000    0.00000000    0.00000000    0.00000000    0.00000000 
max(|FNEB|)      :   0.00000000    0.00526655    0.00342679    0.00149261    0.00061979    0.00551022    0.00359835    0.01205733    0.01326379    0.00000000 
max(|Force|)     :   0.00009233    0.00526284    0.00324822    0.00148197    0.00897732    0.00249021    0.00313615    0.01060194    0.00491786    0.00034335 
ksp              :   0.02634262    0.07423077    0.10000000    0.10000000    0.07525762    0.03579952    0.03579952    0.01000000    0.01000000 
max(|step|)      :   0.00000000    0.03970622    0.02583569    0.01125324    0.00467276    0.04154334    0.02712913    0.09090407    0.10000000    0.00000000 
angle (deg.)     :    54.8735  49.8769  55.3240  62.8177  112.0342  89.7174  75.5307  59.1317 
>
iteration       : 163
climbing        : no
zoom on         : no
nim             : 10
barrier         :   0.01891903 (image:  3) 
distance        :   0.00000000    8.20048047   11.11906566   13.25827628   15.42403764   18.21835599   23.74232138   28.76052551   44.48046784   65.59626893 
energy          : -2537.14379937  -2537.13832007  -2537.12934287  -2537.12488034  -2537.13006408  -2537.14987229  -2537.13840962  -2537.13164254  -2537.16709573  -2537.17943128 
max(|Fr_perp|)   :   0.00000000    0.05235257    0.03379462    0.01033572    0.00133696    0.00231743    0.00854394    0.07324377    0.00936763    0.00000000 
Fr_paral         :   0.00000000   -0.00086929   -0.00436758    0.00070518    0.01512768    0.00704012    0.00028806    0.03286020   -0.00405992    0.00000000 
max(|Fsp_paral|) :   0.00000000    0.01425275    0.00739533    0.00108341    0.00348649    0.00375803    0.04717265    0.22161925    0.23812887    0.00000000 
max(|Fsp_perp|)  :   0.00000000    0.00000000    0.00000000    0.00000000    0.00000000    0.00000000    0.00000000    0.00000000    0.00000000    0.00000000 
max(|FNEB|)      :   0.00000000    0.05278141    0.03385536    0.01032609    0.00317628    0.00391904    0.04848898    0.21805408    0.24118474    0.00000000 
max(|Force|)     :   0.00009233    0.05235823    0.03381122    0.01033316    0.00902624    0.00292007    0.00854158    0.07658682    0.00971927    0.00034335 
ksp              :   0.03606566    0.07877124    0.10000000    0.10000000    0.07534035    0.03563965    0.06783143    0.06783143    0.01000000 
max(|step|)      :   0.00000000    0.03591822    0.02339484    0.00996394    0.00415795    0.03593873    0.02442782    0.08492670    0.09437056    0.00199256 
angle (deg.)     :    54.5870  50.3315  55.2864  62.1574  111.0994  89.2718  76.3792  58.0763 
>
iteration       : 164
climbing        : no
zoom on         : no
nim             : 10
barrier         :   0.01882646 (image:  3) 
distance        :   0.00000000    8.20231825   11.10447872   13.28247366   15.43895340   18.28227868   23.73832231   28.96493980   44.16582694   65.51779064 
energy          : -2537.14379937  -2537.14041153  -2537.13036318  -2537.12497291  -2537.13013355  -2537.15044113  -2537.13845317  -2537.14473299  -2537.16791796  -2537.17943128 
max(|Fr_perp|)   :   0.00000000    0.00032384    0.00057073    0.00050937    0.00055618    0.00241079    0.00216645    0.00222063    0.00348286    0.00000000 
Fr_paral         :   0.00000000   -0.00134262   -0.00539289    0.00104829    0.01513559    0.00664439    0.00099835    0.03333977   -0.00116917    0.00000000 
max(|Fsp_paral|) :   0.00000000    0.00012238    0.00109651    0.00091383    0.00084272    0.00558217    0.00255718    0.01116318    0.01719956    0.00000000 
max(|Fsp_perp|)  :   0.00000000    0.00000000    0.00000000    0.00000000    0.00000000    0.00000000    0.00000000    0.00000000    0.00000000    0.00000000 
max(|FNEB|)      :   0.00000000    0.00032954    0.00116027    0.00099600    0.00067197    0.00558312    0.00384496    0.01131996    0.01371670    0.00000000 
max(|Force|)     :   0.00009233    0.00046828    0.00243452    0.00068000    0.00898002    0.00250939    0.00208454    0.01084239    0.00380978    0.00034335 
ksp              :   0.02619560    0.07423178    0.10000000    0.10000000    0.07532952    0.03555756    0.03555756    0.01000000    0.01000000 
max(|step|)      :   0.00000000    0.00139446    0.00105166    0.00099115    0.00060202    0.00504159    0.00270263    0.00518981    0.00597589    0.00015295 
angle (deg.)     :    54.6272  50.2832  55.2905  62.2397  111.2312  89.2789  76.2287  58.1509 
>
iteration       : 165
climbing        : no
zoom on         : no
nim             : 10
barrier         :   0.01882503 (image:  3) 
distance        :   0.00000000    8.20127610   11.10648754   13.28025798   15.43730861   18.27350110   23.73905132   28.95364086   44.18598171   65.51868664 
energy          : -2537.14379937  -2537.14041387  -2537.13035558  -2537.12497434  -2537.13011922  -2537.15036277  -2537.13848775  -2537.14426151  -2537.16793454  -2537.17943128 
max(|Fr_perp|)   :   0.00000000    0.00170756    0.00133527    0.00054490    0.00055675    0.00241788    0.00213917    0.00209282    0.00312639    0.00000000 
Fr_paral         :   0.00000000   -0.00132651   -0.00540225    0.00103380    0.01514019    0.00671120    0.00091537    0.03367664   -0.00123607    0.00000000 
max(|Fsp_paral|) :   0.00000000    0.00022061    0.00074032    0.00071054    0.00106522    0.00563543    0.00278870    0.01062982    0.01704605    0.00000000 
max(|Fsp_perp|)  :   0.00000000    0.00000000    0.00000000    0.00000000    0.00000000    0.00000000    0.00000000    0.00000000    0.00000000    0.00000000 
max(|FNEB|)      :   0.00000000    0.00169664    0.00130582    0.00079726    0.00080395    0.00560629    0.00401424    0.01072454    0.01391966    0.00000000 
max(|Force|)     :   0.00009233    0.00172171    0.00245601    0.00066752    0.00898988    0.00253381    0.00206597    0.01100783    0.00347178    0.00034335 
ksp              :   0.02618562    0.07427302    0.10000000    0.10000000    0.07540299    0.03539418    0.03539418    0.01000000    0.01000000 
max(|step|)      :   0.00000000    0.00708368    0.01157477    0.01298005    0.01049728    0.08102576    0.04284894    0.07728560    0.10000000    0.00275423 
angle (deg.)     :    55.1340  49.7233  55.3883  63.6145  113.5725  89.5785  73.9766  59.3691 
>
iteration       : 166
climbing        : no
zoom on         : no
nim             : 10
barrier         :   0.01879789 (image:  3) 
distance        :   0.00000000    8.18912190   11.12882127   13.25215681   15.40695805   18.14180383   23.76832291   28.82074761   44.56734945   65.59440662 
energy          : -2537.14379937  -2537.14044888  -2537.13030204  -2537.12500148  -2537.12980178  -2537.14901084  -2537.13890687  -2537.13642103  -2537.16763015  -2537.17943128 
max(|Fr_perp|)   :   0.00000000    0.00436174    0.00265225    0.00100583    0.00080942    0.00271647    0.00534145    0.01208596    0.00939888    0.00000000 
Fr_paral         :   0.00000000   -0.00106728   -0.00545733    0.00091411    0.01527593    0.00784927   -0.00012451    0.03109086   -0.00305975    0.00000000 
max(|Fsp_paral|) :   0.00000000    0.00132268    0.00325349    0.00135679    0.00279545    0.00604262    0.01352372    0.15010270    0.13996475    0.00000000 
max(|Fsp_perp|)  :   0.00000000    0.00000000    0.00000000    0.00000000    0.00000000    0.00000000    0.00000000    0.00000000    0.00000000    0.00000000 
max(|FNEB|)      :   0.00000000    0.00443444    0.00338273    0.00154135    0.00247091    0.00615415    0.01601219    0.15260248    0.14158073    0.00000000 
max(|Force|)     :   0.00009233    0.00435773    0.00265280    0.00103146    0.00913155    0.00329951    0.00535396    0.01346962    0.00968022    0.00034335 
ksp              :   0.02604162    0.07462270    0.10000000    0.10000000    0.07701690    0.03342500    0.04543430    0.04543430    0.01000000 
max(|step|)      :   0.00000000    0.00290588    0.00221669    0.00101004    0.00161918    0.00403280    0.01049275    0.10000000    0.09277748    0.00000000 
angle (deg.)     :    55.0803  49.8002  55.3897  63.6445  113.7427  89.2218  74.3681  58.4502 
>
iteration       : 167
climbing        : no
zoom on         : no
nim             : 10
barrier         :   0.01879141 (image:  3) 
distance        :   0.00000000    8.19135021   11.12392933   13.25356104   15.40322942   18.13258979   23.76952574   29.10764473   44.38034853   65.57582906 
energy          : -2537.14379937  -2537.14046522  -2537.13033887  -2537.12500796  -2537.12975690  -2537.14893579  -2537.13896554  -2537.14635743  -2537.16804415  -2537.17943128 
max(|Fr_perp|)   :   0.00000000    0.00080334    0.00058285    0.00052124    0.00056270    0.00279257    0.00278880    0.01416224    0.01313774    0.00000000 
Fr_paral         :   0.00000000   -0.00112915   -0.00545490    0.00091156    0.01532267    0.00787511   -0.00003438    0.02999427    0.00150222    0.00000000 
max(|Fsp_paral|) :   0.00000000    0.00122553    0.00250793    0.00086763    0.00236877    0.00638501    0.00311853    0.00788426    0.01635282    0.00000000 
max(|Fsp_perp|)  :   0.00000000    0.00000000    0.00000000    0.00000000    0.00000000    0.00000000    0.00000000    0.00000000    0.00000000    0.00000000 
max(|FNEB|)      :   0.00000000    0.00189080    0.00257218    0.00106315    0.00204410    0.00641501    0.00472546    0.01500690    0.02002306    0.00000000 
max(|Force|)     :   0.00009233    0.00073429    0.00258821    0.00059025    0.00915759    0.00321209    0.00278871    0.01479809    0.01321828    0.00034335 
ksp              :   0.02596864    0.07446805    0.10000000    0.10000000    0.07725535    0.03315126    0.03315126    0.01000000    0.01000000 
max(|step|)      :   0.00000000    0.00104904    0.00142755    0.00058979    0.00113425    0.00355973    0.00263176    0.00840793    0.01131456    0.00013176 
angle (deg.)     :    55.0440  49.8492  55.3930  63.6854  113.8252  89.2680  74.3302  58.5354 
>
iteration       : 168
climbing        : no
zoom on         : no
nim             : 10
barrier         :   0.01878763 (image:  3) 
distance        :   0.00000000    8.19313258   11.12050792   13.25402217   15.40032915   18.12440821   23.76705991   29.09618823   44.40826308   65.58630659 
energy          : -2537.14379937  -2537.14046394  -2537.13035874  -2537.12501174  -2537.12972440  -2537.14886438  -2537.13900434  -2537.14632785  -2537.16826982  -2537.17943128 
max(|Fr_perp|)   :   0.00000000    0.00066407    0.00053755    0.00052068    0.00056183    0.00284230    0.00233976    0.00667905    0.00704070    0.00000000 
Fr_paral         :   0.00000000   -0.00116120   -0.00544081    0.00091615    0.01534971    0.00792593    0.00008602    0.03155537    0.00041044    0.00000000 
max(|Fsp_paral|) :   0.00000000    0.00106245    0.00203769    0.00055517    0.00214491    0.00660176    0.00325506    0.00734540    0.01619623    0.00000000 
max(|Fsp_perp|)  :   0.00000000    0.00000000    0.00000000    0.00000000    0.00000000    0.00000000    0.00000000    0.00000000    0.00000000    0.00000000 
max(|FNEB|)      :   0.00000000    0.00160486    0.00206756    0.00075981    0.00181828    0.00659895    0.00419788    0.00918881    0.01734581    0.00000000 
max(|Force|)     :   0.00009233    0.00046206    0.00254742    0.00060222    0.00917667    0.00317171    0.00233581    0.01229502    0.00706277    0.00034335 
ksp              :   0.02597799    0.07438581    0.10000000    0.10000000    0.07742452    0.03297003    0.03297003    0.01000000    0.01000000 
max(|step|)      :   0.00000000    0.00933012    0.01181078    0.00422540    0.01065342    0.03988250    0.02454492    0.05336389    0.10000000    0.00193336 
angle (deg.)     :    54.7416  50.2542  55.4379  64.2685  114.8533  89.7930  74.0159  59.3927 
>
iteration       : 169
climbing        : no
zoom on         : no
nim             : 10
barrier         :   0.01875905 (image:  3) 
distance        :   0.00000000    8.20953709   11.09074255   13.25454031   15.37192947   18.03675931   23.74279510   28.99637700   44.71706893   65.71201450 
energy          : -2537.14379937  -2537.14043752  -2537.13052543  -2537.12504032  -2537.12940898  -2537.14801354  -2537.13914103  -2537.14069912  -2537.16669706  -2537.17943128 
max(|Fr_perp|)   :   0.00000000    0.00051796    0.00054452    0.00054958    0.00066307    0.00321096    0.00529181    0.02997891    0.02616929    0.00000000 
Fr_paral         :   0.00000000   -0.00140200   -0.00534262    0.00097076    0.01555477    0.00854721    0.00092720    0.03930153   -0.00592337    0.00000000 
max(|Fsp_paral|) :   0.00000000    0.00047586    0.00188763    0.00205475    0.00064347    0.00728397    0.00447469    0.07277642    0.05070627    0.00000000 
max(|Fsp_perp|)  :   0.00000000    0.00000000    0.00000000    0.00000000    0.00000000    0.00000000    0.00000000    0.00000000    0.00000000    0.00000000 
max(|FNEB|)      :   0.00000000    0.00090528    0.00210394    0.00188106    0.00076080    0.00685928    0.00697730    0.07243401    0.06442367    0.00000000 
max(|Force|)     :   0.00009233    0.00075369    0.00225771    0.00069045    0.00932216    0.00347787    0.00530376    0.03157437    0.02655084    0.00034335 
ksp              :   0.02612934    0.07368362    0.10000000    0.10000000    0.07904028    0.03235108    0.03235108    0.02506083    0.01000000 
max(|step|)      :   0.00000000    0.00124980    0.00290463    0.00259693    0.00105034    0.00946969    0.00963263    0.10000000    0.08894118    0.00000000 
angle (deg.)     :    54.8233  50.1331  55.4617  64.4834  115.0843  90.0859  75.1820  58.6290 
>
iteration       : 170
climbing        : no
zoom on         : no
nim             : 10
barrier         :   0.01875825 (image:  3) 
distance        :   0.00000000    8.20799778   11.09543221   13.24782635   15.36929182   18.01649894   23.74011015   29.32342029   44.71872452   65.83707144 
energy          : -2537.14379937  -2537.14044603  -2537.13050341  -2537.12504112  -2537.12939259  -2537.14779920  -2537.13925131  -2537.15195221  -2537.16848662  -2537.17943128 
max(|Fr_perp|)   :   0.00000000    0.00045813    0.00053640    0.00052138    0.00055511    0.00309601    0.00255965    0.02555474    0.00376940    0.00000000 
Fr_paral         :   0.00000000   -0.00135266   -0.00536448    0.00099358    0.01552858    0.00868271    0.00094959    0.02847966    0.00004636    0.00000000 
max(|Fsp_paral|) :   0.00000000    0.00022995    0.00100336    0.00137130    0.00155512    0.00781212    0.00134028    0.00769951    0.01566964    0.00000000 
max(|Fsp_perp|)  :   0.00000000    0.00000000    0.00000000    0.00000000    0.00000000    0.00000000    0.00000000    0.00000000    0.00000000    0.00000000 
max(|FNEB|)      :   0.00000000    0.00044759    0.00112596    0.00132230    0.00120603    0.00702537    0.00333629    0.02844335    0.01514322    0.00000000 
max(|Force|)     :   0.00009233    0.00048591    0.00235980    0.00069401    0.00931327    0.00353643    0.00264697    0.02548514    0.00376930    0.00034335 
ksp              :   0.02608897    0.07379255    0.10000000    0.10000000    0.07912211    0.03182107    0.03182107    0.01000000    0.01000000 
max(|step|)      :   0.00000000    0.00043242    0.00105839    0.00125020    0.00114898    0.00666223    0.00316563    0.02758130    0.01503275    0.00027601 
angle (deg.)     :    54.8578  50.0849  55.4728  64.6075  115.2664  90.1136  75.0937  58.7667 
>
iteration       : 171
climbing        : no
zoom on         : no
nim             : 10
barrier         :   0.01875724 (image:  3) 
distance        :   0.00000000    8.20753644   11.09701013   13.24464885   15.36603465   18.00071192   23.73526880   29.29644571   44.75629248   65.84455860 
energy          : -2537.14379937  -2537.14044950  -2537.13049744  -2537.12504213  -2537.12935666  -2537.14763783  -2537.13929452  -2537.15216215  -2537.16852548  -2537.17943128 
max(|Fr_perp|)   :   0.00000000    0.00032315    0.00053450    0.00052069    0.00055576    0.00311534    0.00231812    0.00408116    0.00233629    0.00000000 
Fr_paral         :   0.00000000   -0.00134363   -0.00537459    0.00096968    0.01553736    0.00880125    0.00092261    0.03250315   -0.00105286    0.00000000 
max(|Fsp_paral|) :   0.00000000    0.00014709    0.00067076    0.00116615    0.00185483    0.00801093    0.00166348    0.00688792    0.01538993    0.00000000 
max(|Fsp_perp|)  :   0.00000000    0.00000000    0.00000000    0.00000000    0.00000000    0.00000000    0.00000000    0.00000000    0.00000000    0.00000000 
max(|FNEB|)      :   0.00000000    0.00031493    0.00076755    0.00116641    0.00149923    0.00718271    0.00363398    0.00851134    0.01305364    0.00000000 
max(|Force|)     :   0.00009233    0.00041438    0.00239003    0.00067611    0.00932448    0.00359654    0.00224438    0.01232796    0.00262418    0.00034335 
ksp              :   0.02607316    0.07382459    0.10000000    0.10000000    0.07929826    0.03161493    0.03161493    0.01000000    0.01000000 
max(|step|)      :   0.00000000    0.00214888    0.00575281    0.00784318    0.00917774    0.04633706    0.02296633    0.08433673    0.09600185    0.00192607 
angle (deg.)     :    55.0598  49.8117  55.5485  65.4786  116.6128  90.3821  74.5836  59.7126 
>
iteration       : 172
climbing        : no
zoom on         : no
nim             : 10
barrier         :   0.01874972 (image:  3) 
distance        :   0.00000000    8.20532268   11.10520273   13.22512770   15.34189898   17.89405105   23.70264393   29.11949845   45.03067742   65.91217624 
energy          : -2537.14379937  -2537.14046686  -2537.13047117  -2537.12504965  -2537.12907400  -2537.14647651  -2537.13951666  -2537.13866664  -2537.16717119  -2537.17943128 
max(|Fr_perp|)   :   0.00000000    0.00090126    0.00069877    0.00052012    0.00055868    0.00322736    0.00243410    0.10423374    0.01662285    0.00000000 
Fr_paral         :   0.00000000   -0.00128357   -0.00541785    0.00100763    0.01561630    0.00959799   -0.00080701    0.04646399   -0.00587155    0.00000000 
max(|Fsp_paral|) :   0.00000000    0.00026254    0.00116969    0.00014222    0.00332586    0.00906932    0.00328045    0.11597850    0.09282120    0.00000000 
max(|Fsp_perp|)  :   0.00000000    0.00000000    0.00000000    0.00000000    0.00000000    0.00000000    0.00000000    0.00000000    0.00000000    0.00000000 
max(|FNEB|)      :   0.00000000    0.00088974    0.00120185    0.00052987    0.00293536    0.00814680    0.00421066    0.14207696    0.10275770    0.00000000 
max(|Force|)     :   0.00009233    0.00091343    0.00253701    0.00074549    0.00940396    0.00398541    0.00247699    0.10907105    0.01693450    0.00034335 
ksp              :   0.02599627    0.07397633    0.10000000    0.10000000    0.08068285    0.03055732    0.03463747    0.03463747    0.01000000 
max(|step|)      :   0.00000000    0.00144708    0.00390682    0.00518346    0.00594713    0.03034127    0.01529691    0.07614786    0.08059058    0.00170762 
angle (deg.)     :    54.9247  49.9951  55.4976  64.8886  115.6946  90.2215  75.0945  58.9285 
>
iteration       : 173
climbing        : no
zoom on         : no
nim             : 10
barrier         :   0.01875438 (image:  3) 
distance        :   0.00000000    8.20683275   11.09961129   13.23806264   15.35760661   17.96263246   23.72229695   29.28982146   44.83117708   65.87657912 
energy          : -2537.14379937  -2537.14045592  -2537.13049007  -2537.12504499  -2537.12925746  -2537.14724732  -2537.13938181  -2537.15232955  -2537.16850955  -2537.17943128 
max(|Fr_perp|)   :   0.00000000    0.00032025    0.00052971    0.00052067    0.00055685    0.00315171    0.00236558    0.00935003    0.00308550    0.00000000 
Fr_paral         :   0.00000000   -0.00132258   -0.00538963    0.00100247    0.01556673    0.00906377    0.00089400    0.03481111   -0.00166631    0.00000000 
max(|Fsp_paral|) :   0.00000000    0.00001222    0.00007233    0.00084432    0.00237401    0.00843517    0.00184695    0.00593177    0.01499643    0.00000000 
max(|Fsp_perp|)  :   0.00000000    0.00000000    0.00000000    0.00000000    0.00000000    0.00000000    0.00000000    0.00000000    0.00000000    0.00000000 
max(|FNEB|)      :   0.00000000    0.00031955    0.00054168    0.00087183    0.00200643    0.00754571    0.00379434    0.00861667    0.01191093    0.00000000 
max(|Force|)     :   0.00009233    0.00040451    0.00243948    0.00071654    0.00935316    0.00373743    0.00229716    0.01337020    0.00353950    0.00034335 
ksp              :   0.02604481    0.07386973    0.10000000    0.10000000    0.07978487    0.03119933    0.03119933    0.01000000    0.01000000 
max(|step|)      :   0.00000000    0.00053865    0.00109384    0.00188126    0.00271813    0.01238812    0.00593564    0.00547566    0.01153190    0.00019049 
angle (deg.)     :    54.9688  49.9383  55.5157  65.1017  116.0288  90.3114  75.1040  59.0515 
>
iteration       : 174
climbing        : no
zoom on         : no
nim             : 10
barrier         :   0.01875181 (image:  3) 
distance        :   0.00000000    8.20646579   11.10106024   13.23344828   15.35081750   17.93339145   23.71210415   29.28569755   44.88989581   65.90237600 
energy          : -2537.14379937  -2537.14046021  -2537.13048777  -2537.12504756  -2537.12917469  -2537.14694068  -2537.13944252  -2537.15240047  -2537.16848590  -2537.17943128 
max(|Fr_perp|)   :   0.00000000    0.00032190    0.00053189    0.00052046    0.00055752    0.00317666    0.00239476    0.01243917    0.00362425    0.00000000 
Fr_paral         :   0.00000000   -0.00130928   -0.00538005    0.00099677    0.01559686    0.00926491    0.00088883    0.03590628   -0.00204065    0.00000000 
max(|Fsp_paral|) :   0.00000000    0.00006376    0.00029663    0.00067372    0.00267601    0.00875636    0.00197289    0.00526424    0.01469796    0.00000000 
max(|Fsp_perp|)  :   0.00000000    0.00000000    0.00000000    0.00000000    0.00000000    0.00000000    0.00000000    0.00000000    0.00000000    0.00000000 
max(|FNEB|)      :   0.00000000    0.00032558    0.00048310    0.00072622    0.00229732    0.00782039    0.00391931    0.01057229    0.01123461    0.00000000 
max(|Force|)     :   0.00009233    0.00039939    0.00244119    0.00071778    0.00938164    0.00384321    0.00232917    0.01656616    0.00401793    0.00034335 
ksp              :   0.02602641    0.07388951    0.10000000    0.10000000    0.08019169    0.03091086    0.03091086    0.01000000    0.01000000 
max(|step|)      :   0.00000000    0.00428650    0.00778131    0.01340835    0.02408538    0.10000000    0.04774340    0.03467252    0.08899732    0.00188268 
angle (deg.)     :    55.2347  49.6251  55.6570  66.9373  119.0864  91.0355  75.2475  60.0341 
>
iteration       : 175
climbing        : no
zoom on         : no
nim             : 10
barrier         :   0.01872796 (image:  3) 
distance        :   0.00000000    8.20537413   11.10633368   13.20166352   15.29395001   17.71368757   23.64757115   29.27944889   45.38461496   66.13812965 
energy          : -2537.14379937  -2537.14048768  -2537.13050953  -2537.12507141  -2537.12844243  -2537.14430846  -2537.13987959  -2537.15270107  -2537.16798886  -2537.17943128 
max(|Fr_perp|)   :   0.00000000    0.00060613    0.00061728    0.00060091    0.00055572    0.00331590    0.00257835    0.02401633    0.00732025    0.00000000 
Fr_paral         :   0.00000000   -0.00123923   -0.00542476    0.00098998    0.01577911    0.01042520    0.00125453    0.04125463   -0.00453292    0.00000000 
max(|Fsp_paral|) :   0.00000000    0.00035539    0.00219255    0.00014903    0.00374582    0.01187439    0.00286334    0.00044146    0.01240541    0.00000000 
max(|Fsp_perp|)  :   0.00000000    0.00000000    0.00000000    0.00000000    0.00000000    0.00000000    0.00000000    0.00000000    0.00000000    0.00000000 
max(|FNEB|)      :   0.00000000    0.00079593    0.00228360    0.00061353    0.00330514    0.01120591    0.00505820    0.02425159    0.00855345    0.00000000 
max(|Force|)     :   0.00009233    0.00062293    0.00259270    0.00078437    0.00954309    0.00467498    0.00252077    0.02905247    0.00750509    0.00034335 
ksp              :   0.02591515    0.07386896    0.10000000    0.10000000    0.08379380    0.02884056    0.02884056    0.01000000    0.01000000 
max(|step|)      :   0.00000000    0.00221468    0.00635416    0.00170717    0.00919662    0.03118063    0.01407451    0.06748045    0.02380011    0.00000000 
angle (deg.)     :    55.1369  49.8208  55.6614  66.9918  119.0995  91.2531  75.3522  60.2966 
>
iteration       : 176
climbing        : no
zoom on         : no
nim             : 10
barrier         :   0.01871845 (image:  3) 
distance        :   0.00000000    8.20811737   11.09543789   13.20250834   15.27708640   17.63118870   23.55518118   29.19679101   45.45199118   66.13031782 
energy          : -2537.14379937  -2537.14048567  -2537.13059338  -2537.12508092  -2537.12817172  -2537.14368861  -2537.13999772  -2537.15163715  -2537.16774647  -2537.17943128 
max(|Fr_perp|)   :   0.00000000    0.00143276    0.00113814    0.00161405    0.00054830    0.00328808    0.00247831    0.04226895    0.01617699    0.00000000 
Fr_paral         :   0.00000000   -0.00128188   -0.00536358    0.00098166    0.01584175    0.01006855    0.00131994    0.03146274   -0.00314053    0.00000000 
max(|Fsp_paral|) :   0.00000000    0.00014085    0.00069210    0.00154804    0.00406161    0.01276966    0.00262641    0.00097139    0.01180048    0.00000000 
max(|Fsp_perp|)  :   0.00000000    0.00000000    0.00000000    0.00000000    0.00000000    0.00000000    0.00000000    0.00000000    0.00000000    0.00000000 
max(|FNEB|)      :   0.00000000    0.00142688    0.00113756    0.00160994    0.00363849    0.01176975    0.00466052    0.04189422    0.01670722    0.00000000 
max(|Force|)     :   0.00009233    0.00142120    0.00240457    0.00161530    0.00957380    0.00490743    0.00242537    0.03835818    0.01618425    0.00034335 
ksp              :   0.02593259    0.07349561    0.10000000    0.10000000    0.08513916    0.02827867    0.02827867    0.01000000    0.01000000 
max(|step|)      :   0.00000000    0.00211264    0.00670649    0.00241131    0.01329016    0.04425503    0.01910609    0.02230467    0.03389269    0.00123639 
angle (deg.)     :    55.0515  50.0164  55.6917  67.0212  119.0910  91.4873  75.4892  60.6615 
>
iteration       : 177
climbing        : no
zoom on         : no
nim             : 10
barrier         :   0.01870752 (image:  3) 
distance        :   0.00000000    8.21028488   11.08424308   13.20041702   15.25316904   17.51328225   23.42165411   29.08162388   45.53769322   66.11331265 
energy          : -2537.14379937  -2537.14048895  -2537.13068814  -2537.12509185  -2537.12777904  -2537.14276883  -2537.14007924  -2537.15062577  -2537.16784633  -2537.17943128 
max(|Fr_perp|)   :   0.00000000    0.00079599    0.00068858    0.00119719    0.00058918    0.00355688    0.00332499    0.04763988    0.00975785    0.00000000 
Fr_paral         :   0.00000000   -0.00132660   -0.00530081    0.00097052    0.01588434    0.00953534    0.00137103    0.02733828   -0.00273770    0.00000000 
max(|Fsp_paral|) :   0.00000000    0.00061187    0.00073804    0.00309954    0.00490141    0.01270268    0.00228143    0.00214600    0.01096447    0.00000000 
max(|Fsp_perp|)  :   0.00000000    0.00000000    0.00000000    0.00000000    0.00000000    0.00000000    0.00000000    0.00000000    0.00000000    0.00000000 
max(|FNEB|)      :   0.00000000    0.00077817    0.00097252    0.00277560    0.00448643    0.01127791    0.00433607    0.04680543    0.01284943    0.00000000 
max(|Force|)     :   0.00009233    0.00078435    0.00221426    0.00119927    0.00959376    0.00521391    0.00340680    0.04421636    0.00976279    0.00034335 
ksp              :   0.02592609    0.07307683    0.10000000    0.10000000    0.08707221    0.02789718    0.02789718    0.01000000    0.01000000 
max(|step|)      :   0.00000000    0.00287303    0.00924181    0.00974695    0.03395930    0.10000000    0.04273934    0.02705188    0.07517114    0.00302288 
angle (deg.)     :    55.0012  50.2372  55.8744  66.6357  118.7563  91.9790  75.7786  61.4921 
>
iteration       : 178
climbing        : no
zoom on         : no
nim             : 10
barrier         :   0.01870091 (image:  3) 
distance        :   0.00000000    8.21055035   11.06989317   13.18583478   15.19437943   17.23922037   23.10057167   28.81263234   45.70714182   66.05829057 
energy          : -2537.14379937  -2537.14049429  -2537.13083354  -2537.12509846  -2537.12678729  -2537.14067158  -2537.14026627  -2537.15028582  -2537.16668071  -2537.17943128 
max(|Fr_perp|)   :   0.00000000    0.00291625    0.00228721    0.00308735    0.00079435    0.00365581    0.00563302    0.04655865    0.02629602    0.00000000 
Fr_paral         :   0.00000000   -0.00134279   -0.00519244    0.00113665    0.01579040    0.00693718    0.00145099    0.02381841   -0.00256488    0.00000000 
max(|Fsp_paral|) :   0.00000000    0.00122270    0.00210758    0.00558938    0.00752988    0.01075717    0.00129876    0.00471566    0.00911268    0.00000000 
max(|Fsp_perp|)  :   0.00000000    0.00000000    0.00000000    0.00000000    0.00000000    0.00000000    0.00000000    0.00000000    0.00000000    0.00000000 
max(|FNEB|)      :   0.00000000    0.00290393    0.00249978    0.00521766    0.00715619    0.01012629    0.00550792    0.04504593    0.02649890    0.00000000 
max(|Force|)     :   0.00009233    0.00294071    0.00221036    0.00312452    0.00949140    0.00549219    0.00570015    0.04439346    0.02658965    0.00034335 
ksp              :   0.02590762    0.07239877    0.10000000    0.10000000    0.09186311    0.02700836    0.02700836    0.01000000    0.01000000 
max(|step|)      :   0.00000000    0.00473319    0.00407446    0.00850439    0.01166405    0.01650510    0.00897750    0.07342148    0.04319122    0.00000000 
angle (deg.)     :    55.1341  50.0451  56.0785  65.7296  117.6392  91.9705  75.8278  61.5908 
>
iteration       : 179
climbing        : no
zoom on         : no
nim             : 10
barrier         :   0.01871335 (image:  3) 
distance        :   0.00000000    8.20542759   11.07822718   13.17343279   15.17769330   17.18125352   23.00343509   28.73979314   45.68255232   66.00068307 
energy          : -2537.14379937  -2537.14050862  -2537.13080196  -2537.12508602  -2537.12646626  -2537.14056698  -2537.14041134  -2537.15502298  -2537.16651731  -2537.17943128 
max(|Fr_perp|)   :   0.00000000    0.00340714    0.00295035    0.00260017    0.00075193    0.00367043    0.00295789    0.02302686    0.03131371    0.00000000 
Fr_paral         :   0.00000000   -0.00129794   -0.00524707    0.00124047    0.01569687    0.00671318    0.00185591    0.03430450   -0.00481750    0.00000000 
max(|Fsp_paral|) :   0.00000000    0.00077640    0.00056043    0.00482891    0.00772295    0.01219250    0.00072317    0.00597780    0.00884733    0.00000000 
max(|Fsp_perp|)  :   0.00000000    0.00000000    0.00000000    0.00000000    0.00000000    0.00000000    0.00000000    0.00000000    0.00000000    0.00000000 
max(|FNEB|)      :   0.00000000    0.00343645    0.00293067    0.00440536    0.00737213    0.01147632    0.00303576    0.02507538    0.03132895    0.00000000 
max(|Force|)     :   0.00009233    0.00341767    0.00303539    0.00259462    0.00941790    0.00544646    0.00301884    0.02680634    0.03131153    0.00034335 
ksp              :   0.02582655    0.07250979    0.10000000    0.10000000    0.09336187    0.02629442    0.02629442    0.01000000    0.01000000 
max(|step|)      :   0.00000000    0.00166958    0.00165130    0.00570849    0.00892349    0.01348307    0.00457440    0.01307396    0.01638175    0.00020353 
angle (deg.)     :    55.2013  49.9524  56.2247  65.0132  116.7207  92.0348  75.8968  61.6657 
>
iteration       : 180
climbing        : no
zoom on         : no
nim             : 10
barrier         :   0.01871430 (image:  3) 
distance        :   0.00000000    8.20256871   11.08202853   13.16555858   15.16503702   17.13468250   22.92671114   28.68481705   45.66550241   65.96008237 
energy          : -2537.14379937  -2537.14052846  -2537.13079922  -2537.12508508  -2537.12622060  -2537.14046392  -2537.14046895  -2537.15624082  -2537.16753171  -2537.17943128 
max(|Fr_perp|)   :   0.00000000    0.00120680    0.00111912    0.00109884    0.00079571    0.00364749    0.00255280    0.02302299    0.00956702    0.00000000 
Fr_paral         :   0.00000000   -0.00125899   -0.00527861    0.00135592    0.01561378    0.00662471    0.00203388    0.03569495   -0.00458432    0.00000000 
max(|Fsp_paral|) :   0.00000000    0.00048112    0.00021440    0.00453158    0.00793322    0.01259805    0.00032591    0.00642492    0.00865306    0.00000000 
max(|Fsp_perp|)  :   0.00000000    0.00000000    0.00000000    0.00000000    0.00000000    0.00000000    0.00000000    0.00000000    0.00000000    0.00000000 
max(|FNEB|)      :   0.00000000    0.00122508    0.00112723    0.00407540    0.00759859    0.01191384    0.00267287    0.02522393    0.01015553    0.00000000 
max(|Force|)     :   0.00009233    0.00121709    0.00227600    0.00118722    0.00935017    0.00542430    0.00257612    0.02695093    0.00948561    0.00034335 
ksp              :   0.02573032    0.07251979    0.10000000    0.10000000    0.09453910    0.02604068    0.02601654    0.01000000    0.01000000 
max(|step|)      :   0.00000000    0.00849460    0.00909420    0.04052736    0.06595744    0.10000000    0.02894736    0.08985141    0.05641928    0.00329469 
angle (deg.)     :    55.6146  49.3996  57.3468  58.9497  109.0936  92.5894  76.4715  62.2165 
>
iteration       : 181
climbing        : no
zoom on         : no
nim             : 10
barrier         :   0.01932950 (image:  4) 
distance        :   0.00000000    8.18440203   11.10407823   13.11146180   15.07279709   16.80376354   22.38403084   28.30951919   45.57012839   65.69336100 
energy          : -2537.14379937  -2537.14054871  -2537.13074085  -2537.12499533  -2537.12446987  -2537.13957849  -2537.14052824  -2537.16002439  -2537.16491385  -2537.17943128 
max(|Fr_perp|)   :   0.00000000    0.00512994    0.00415277    0.00472350    0.00116943    0.00325090    0.00660866    0.02247465    0.04179856    0.00000000 
Fr_paral         :   0.00000000   -0.00099824   -0.00535620    0.00209863    0.01454730    0.00789885    0.00293700    0.04231391   -0.00516487    0.00000000 
max(|Fsp_paral|) :   0.00000000    0.00021354    0.00500195    0.00013965    0.01319871    0.00285823    0.00490617    0.00735844    0.00727885    0.00000000 
max(|Fsp_perp|)  :   0.00000000    0.00000000    0.00000000    0.00000000    0.00000000    0.00000000    0.00000000    0.00000000    0.00000000    0.00000000 
max(|FNEB|)      :   0.00000000    0.00520365    0.00532680    0.00478536    0.01312053    0.00465835    0.00744897    0.02683907    0.04208282    0.00000000 
max(|Force|)     :   0.00009233    0.00518739    0.00409152    0.00480208    0.00843844    0.00517195    0.00651310    0.03124907    0.04223932    0.00034335 
ksp              :   0.02514106    0.07081602    0.09757017    0.10000000    0.10000000    0.02965756    0.02524049    0.01000000    0.01000000 
max(|step|)      :   0.00000000    0.00714283    0.00731187    0.00656866    0.01800998    0.00639432    0.01022488    0.03684083    0.05776527    0.00000000 
angle (deg.)     :    55.5007  49.6264  57.2578  57.7743  108.0997  92.4960  76.6557  62.2747 
>
iteration       : 182
climbing        : no
zoom on         : no
nim             : 10
barrier         :   0.01976641 (image:  4) 
distance        :   0.00000000    8.18502477   11.09339243   13.11457376   15.04396749   16.78180332   22.32693744   28.28829900   45.59320381   65.69000193 
energy          : -2537.14379937  -2537.14056410  -2537.13083596  -2537.12502529  -2537.12403296  -2537.13963009  -2537.14070341  -2537.16377041  -2537.16632811  -2537.17943128 
max(|Fr_perp|)   :   0.00000000    0.00452293    0.00379634    0.00366938    0.00132326    0.00325492    0.00302625    0.00926559    0.03073824    0.00000000 
Fr_paral         :   0.00000000   -0.00107339   -0.00532064    0.00165454    0.01417177    0.00804312    0.00293012    0.03582265   -0.00563252    0.00000000 
max(|Fsp_paral|) :   0.00000000    0.00035975    0.00356884    0.00002679    0.01094090    0.00493839    0.00524203    0.00937243    0.00711041    0.00000000 
max(|Fsp_perp|)  :   0.00000000    0.00000000    0.00000000    0.00000000    0.00000000    0.00000000    0.00000000    0.00000000    0.00000000    0.00000000 
max(|FNEB|)      :   0.00000000    0.00453566    0.00391299    0.00366963    0.01096381    0.00569392    0.00762390    0.01521505    0.03077757    0.00000000 
max(|Force|)     :   0.00009233    0.00453110    0.00387629    0.00366057    0.00807135    0.00518116    0.00330291    0.01671485    0.03073030    0.00034335 
ksp              :   0.02473075    0.06902473    0.09548175    0.10000000    0.10000000    0.02898346    0.02409648    0.01000000    0.01000000 
max(|step|)      :   0.00000000    0.00163049    0.00497151    0.00164088    0.01381134    0.00634408    0.00895876    0.02246372    0.01006277    0.00021897 
angle (deg.)     :    55.4347  49.7831  57.1943  56.8931  107.2519  92.3951  76.8088  62.3312 
>
iteration       : 183
climbing        : no
zoom on         : no
nim             : 10
barrier         :   0.02009166 (image:  4) 
distance        :   0.00000000    8.18442219   11.08680959   13.11741511   15.02263400   16.76122952   22.27400803   28.27059035   45.60957493   65.68580296 
energy          : -2537.14379937  -2537.14058200  -2537.13090481  -2537.12504704  -2537.12370771  -2537.13963123  -2537.14074862  -2537.16534280  -2537.16706911  -2537.17943128 
max(|Fr_perp|)   :   0.00000000    0.00247318    0.00217100    0.00196665    0.00141143    0.00314989    0.00257444    0.00924958    0.01757537    0.00000000 
Fr_paral         :   0.00000000   -0.00108861   -0.00528793    0.00146262    0.01382610    0.00817543    0.00290800    0.03298958   -0.00496300    0.00000000 
max(|Fsp_paral|) :   0.00000000    0.00067200    0.00266217    0.00020474    0.00948401    0.00600186    0.00494204    0.01001502    0.00696811    0.00000000 
max(|Fsp_perp|)  :   0.00000000    0.00000000    0.00000000    0.00000000    0.00000000    0.00000000    0.00000000    0.00000000    0.00000000    0.00000000 
max(|FNEB|)      :   0.00000000    0.00249708    0.00261894    0.00196985    0.00958882    0.00615696    0.00729794    0.01034356    0.01763138    0.00000000 
max(|Force|)     :   0.00009233    0.00248149    0.00238805    0.00195353    0.00776485    0.00517209    0.00278933    0.01079700    0.01756521    0.00034335 
ksp              :   0.02441211    0.06776081    0.09400053    0.10000000    0.10000000    0.02867106    0.02366575    0.01000000    0.01000000 
max(|step|)      :   0.00000000    0.00380105    0.02402821    0.00685495    0.07391696    0.03924379    0.05079909    0.10000000    0.03994139    0.00193789 
angle (deg.)     :    55.1669  50.5483  56.8552  52.2965  102.3373  91.8876  77.6780  62.6557 
>
iteration       : 184
climbing        : no
zoom on         : no
nim             : 10
barrier         :   0.02163257 (image:  4) 
distance        :   0.00000000    8.17698877   11.05783601   13.13376137   14.91186638   16.64468641   21.97124808   28.18311246   45.71039303   65.66942569 
energy          : -2537.14379937  -2537.14060856  -2537.13119625  -2537.12507337  -2537.12216680  -2537.13948247  -2537.14056254  -2537.16856335  -2537.16724223  -2537.17943128 
max(|Fr_perp|)   :   0.00000000    0.00178134    0.00138532    0.00239769    0.00216586    0.00274495    0.00737203    0.02293058    0.00796934    0.00000000 
Fr_paral         :   0.00000000   -0.00111332   -0.00503734    0.00068505    0.01148562    0.00892493    0.00273958    0.01994419   -0.00260016    0.00000000 
max(|Fsp_paral|) :   0.00000000    0.00223640    0.00120200    0.00267668    0.00254776    0.00946525    0.00091450    0.00900649    0.00571923    0.00000000 
max(|Fsp_perp|)  :   0.00000000    0.00000000    0.00000000    0.00000000    0.00000000    0.00000000    0.00000000    0.00000000    0.00000000    0.00000000 
max(|FNEB|)      :   0.00000000    0.00242311    0.00178876    0.00242335    0.00320566    0.00787126    0.00730874    0.01946655    0.00795778    0.00000000 
max(|Force|)     :   0.00009233    0.00180295    0.00173679    0.00244578    0.00574827    0.00506876    0.00748877    0.01880479    0.00817986    0.00034335 
ksp              :   0.02327658    0.06243460    0.08790954    0.10000000    0.10000000    0.02795236    0.02347548    0.01000000    0.01000000 
max(|step|)      :   0.00000000    0.00972747    0.00718091    0.00972842    0.01286899    0.03159884    0.02934063    0.07814770    0.03194618    0.00000000 
angle (deg.)     :    55.5222  50.2685  57.0688  51.4063  99.7964  92.0186  77.9620  62.7474 
>
iteration       : 185
climbing        : no
zoom on         : no
nim             : 10
barrier         :   0.02173222 (image:  4) 
distance        :   0.00000000    8.15310782   11.08081099   13.13482180   14.91426853   16.56518284   21.83441187   28.16651088   45.75446775   65.64749419 
energy          : -2537.14379937  -2537.14060760  -2537.13113023  -2537.12503052  -2537.12206715  -2537.13886087  -2537.14082617  -2537.17501713  -2537.16569483  -2537.17943128 
max(|Fr_perp|)   :   0.00000000    0.00761774    0.00652941    0.00752659    0.00248746    0.00287314    0.00282544    0.01405040    0.03393216    0.00000000 
Fr_paral         :   0.00000000   -0.00090158   -0.00509631    0.00141111    0.01065349    0.00961904    0.00295257    0.01969673   -0.00362882    0.00000000 
max(|Fsp_paral|) :   0.00000000    0.00136910    0.00123500    0.00128123    0.00715999    0.00181664    0.00566220    0.01037082    0.00428761    0.00000000 
max(|Fsp_perp|)  :   0.00000000    0.00000000    0.00000000    0.00000000    0.00000000    0.00000000    0.00000000    0.00000000    0.00000000    0.00000000 
max(|FNEB|)      :   0.00000000    0.00766186    0.00656000    0.00752056    0.00785399    0.00365374    0.00793028    0.01531036    0.03577515    0.00000000 
max(|Force|)     :   0.00009233    0.00762394    0.00658734    0.00753037    0.00524060    0.00480714    0.00296636    0.01476783    0.03404557    0.00034335 
ksp              :   0.02321813    0.06246690    0.08772774    0.10000000    0.10000000    0.03045187    0.02231297    0.01000000    0.01000000 
max(|step|)      :   0.00000000    0.00800558    0.00668168    0.00677311    0.01954435    0.02204118    0.01966960    0.06348945    0.04343491    0.00169258 
angle (deg.)     :    55.7597  50.1600  57.1518  50.1780  97.4542  91.9172  78.2683  62.7567 
>
iteration       : 186
climbing        : no
zoom on         : no
nim             : 10
barrier         :   0.02194230 (image:  4) 
distance        :   0.00000000    8.13362609   11.09521558   13.13775282   14.90220181   16.51462157   21.71151362   28.17906542   45.81548336   65.63607975 
energy          : -2537.14379937  -2537.14068863  -2537.13116358  -2537.12506183  -2537.12185708  -2537.13852644  -2537.14070997  -2537.17662407  -2537.16691630  -2537.17943128 
max(|Fr_perp|)   :   0.00000000    0.00253317    0.00203531    0.00200056    0.00273516    0.00283981    0.00606980    0.02680521    0.01676762    0.00000000 
Fr_paral         :   0.00000000   -0.00070945   -0.00520997    0.00179015    0.00967410    0.01003334    0.00338239    0.01690820   -0.00196494    0.00000000 
max(|Fsp_paral|) :   0.00000000    0.00042800    0.00261371    0.00054431    0.00842348    0.00123358    0.00522314    0.00895321    0.00416102    0.00000000 
max(|Fsp_perp|)  :   0.00000000    0.00000000    0.00000000    0.00000000    0.00000000    0.00000000    0.00000000    0.00000000    0.00000000    0.00000000 
max(|FNEB|)      :   0.00000000    0.00251881    0.00281830    0.00197946    0.00930301    0.00310688    0.00735404    0.02783466    0.01817788    0.00000000 
max(|Force|)     :   0.00009233    0.00252809    0.00259205    0.00207958    0.00448060    0.00522788    0.00593193    0.02739061    0.01664075    0.00034335 
ksp              :   0.02275921    0.06182781    0.08685516    0.10000000    0.10000000    0.03162780    0.02267169    0.01000000    0.01000000 
max(|step|)      :   0.00000000    0.00827391    0.00268161    0.00578622    0.03003884    0.02391483    0.02745705    0.07190523    0.02355323    0.00167017 
angle (deg.)     :    55.9471  50.1661  57.1294  48.4350  94.6159  91.7257  78.7094  62.7335 
>
iteration       : 187
climbing        : no
zoom on         : no
nim             : 10
barrier         :   0.02221541 (image:  4) 
distance        :   0.00000000    8.11367582   11.10475445   13.14183661   14.87519391   16.47151673   21.57286731   28.21857415   45.91689777   65.64199150 
energy          : -2537.14379937  -2537.14070172  -2537.13119925  -2537.12504510  -2537.12158396  -2537.13832807  -2537.14068608  -2537.18057645  -2537.16704552  -2537.17943128 
max(|Fr_perp|)   :   0.00000000    0.00503770    0.00413358    0.00531079    0.00278793    0.00270494    0.00699294    0.02476748    0.02405226    0.00000000 
Fr_paral         :   0.00000000   -0.00055699   -0.00521164    0.00185508    0.00821835    0.01036917    0.00380483    0.00865853   -0.00064126    0.00000000 
max(|Fsp_paral|) :   0.00000000    0.00007779    0.00340849    0.00101859    0.00754186    0.00176948    0.00408408    0.00779104    0.00406072    0.00000000 
max(|Fsp_perp|)  :   0.00000000    0.00000000    0.00000000    0.00000000    0.00000000    0.00000000    0.00000000    0.00000000    0.00000000    0.00000000 
max(|FNEB|)      :   0.00000000    0.00503513    0.00398831    0.00531368    0.00884045    0.00348043    0.00756776    0.02564926    0.02561514    0.00000000 
max(|Force|)     :   0.00009233    0.00503378    0.00403195    0.00530782    0.00353396    0.00539526    0.00683458    0.02505337    0.02400281    0.00034335 
ksp              :   0.02254934    0.06104614    0.08597808    0.10000000    0.10000000    0.03216557    0.02261269    0.01000000    0.01000000 
max(|step|)      :   0.00000000    0.01142661    0.00499486    0.00912017    0.04435004    0.03422449    0.03916960    0.10000000    0.03344820    0.00204508 
angle (deg.)     :    56.1675  50.2497  57.0879  46.0660  90.4693  91.5404  79.3089  62.7011 
>
iteration       : 188
climbing        : no
zoom on         : no
nim             : 10
barrier         :   0.02240264 (image:  4) 
distance        :   0.00000000    8.08626259   11.11448310   13.14714588   14.83824384   16.42144818   21.38972406   28.29709518   46.08001265   65.66598940 
energy          : -2537.14379937  -2537.14074175  -2537.13129035  -2537.12506190  -2537.12139673  -2537.13806786  -2537.14072728  -2537.18515111  -2537.16697586  -2537.17943128 
max(|Fr_perp|)   :   0.00000000    0.00554764    0.00454115    0.00495486    0.00335528    0.00250787    0.00708092    0.03014663    0.02993474    0.00000000 
Fr_paral         :   0.00000000   -0.00038018   -0.00521571    0.00174538    0.00586386    0.01077508    0.00407632   -0.00250049    0.00014487    0.00000000 
max(|Fsp_paral|) :   0.00000000    0.00048058    0.00416373    0.00236232    0.00586726    0.00229761    0.00289006    0.00660166    0.00372917    0.00000000 
max(|Fsp_perp|)  :   0.00000000    0.00000000    0.00000000    0.00000000    0.00000000    0.00000000    0.00000000    0.00000000    0.00000000    0.00000000 
max(|FNEB|)      :   0.00000000    0.00564543    0.00452453    0.00505212    0.00791759    0.00381705    0.00753698    0.02442473    0.03189294    0.00000000 
max(|Force|)     :   0.00009233    0.00562760    0.00451247    0.00501798    0.00297096    0.00555362    0.00695442    0.03086344    0.03034355    0.00034335 
ksp              :   0.02228769    0.06025807    0.08527885    0.10000000    0.10000000    0.03303044    0.02235034    0.01000000    0.01000000 
max(|step|)      :   0.00000000    0.00933106    0.00747837    0.00835040    0.01308660    0.00630901    0.01245751    0.04037044    0.05271428    0.00000000 
angle (deg.)     :    56.0286  50.4782  56.9931  45.6208  90.0003  91.4880  79.3296  62.6514 
>
iteration       : 189
climbing        : no
zoom on         : no
nim             : 10
barrier         :   0.02236922 (image:  4) 
distance        :   0.00000000    8.08762541   11.10213151   13.14438364   14.82520700   16.43313724   21.37741589   28.33489506   46.11877179   65.67449665 
energy          : -2537.14379937  -2537.14073796  -2537.13136975  -2537.12507617  -2537.12143015  -2537.13824526  -2537.14094077  -2537.18907483  -2537.16676793  -2537.17943128 
max(|Fr_perp|)   :   0.00000000    0.00713100    0.00598927    0.00567426    0.00378184    0.00243751    0.00282445    0.01696874    0.03794184    0.00000000 
Fr_paral         :   0.00000000   -0.00051096   -0.00513231    0.00134158    0.00511164    0.01061961    0.00379296   -0.00091008   -0.00155271    0.00000000 
max(|Fsp_paral|) :   0.00000000    0.00008683    0.00302705    0.00342283    0.00395865    0.00034389    0.00308105    0.00771902    0.00371930    0.00000000 
max(|Fsp_perp|)  :   0.00000000    0.00000000    0.00000000    0.00000000    0.00000000    0.00000000    0.00000000    0.00000000    0.00000000    0.00000000 
max(|FNEB|)      :   0.00000000    0.00712852    0.00606580    0.00560053    0.00631641    0.00254077    0.00506556    0.01371491    0.03709069    0.00000000 
max(|Force|)     :   0.00009233    0.00713415    0.00604850    0.00569026    0.00316857    0.00516207    0.00308801    0.01719606    0.03808432    0.00034335 
ksp              :   0.02231725    0.06000917    0.08533065    0.10000000    0.10000000    0.03234631    0.02150123    0.01000000    0.01000000 
max(|step|)      :   0.00000000    0.00226013    0.00532484    0.00307613    0.01002554    0.00325961    0.00714348    0.02323379    0.01405674    0.00035876 
angle (deg.)     :    55.9333  50.6413  56.9533  45.3248  89.5582  91.4420  79.3192  62.6049 
>
iteration       : 190
climbing        : no
zoom on         : no
nim             : 10
barrier         :   0.02230238 (image:  4) 
distance        :   0.00000000    8.08808240   11.09349818   13.14130362   14.81770551   16.43972123   21.36289213   28.36451969   46.14431445   65.67420954 
energy          : -2537.14379937  -2537.14077099  -2537.13145091  -2537.12510215  -2537.12149699  -2537.13833657  -2537.14098449  -2537.19057126  -2537.16783181  -2537.17943128 
max(|Fr_perp|)   :   0.00000000    0.00433021    0.00373508    0.00350054    0.00409987    0.00239377    0.00275442    0.01027020    0.02137154    0.00000000 
Fr_paral         :   0.00000000   -0.00056292   -0.00510279    0.00116305    0.00450073    0.01054551    0.00370367    0.00001245   -0.00095234    0.00000000 
max(|Fsp_paral|) :   0.00000000    0.00002036    0.00220431    0.00404682    0.00294411    0.00176492    0.00245061    0.00771877    0.00369874    0.00000000 
max(|Fsp_perp|)  :   0.00000000    0.00000000    0.00000000    0.00000000    0.00000000    0.00000000    0.00000000    0.00000000    0.00000000    0.00000000 
max(|FNEB|)      :   0.00000000    0.00432962    0.00379880    0.00341333    0.00555149    0.00291188    0.00444517    0.01239152    0.02165548    0.00000000 
max(|Force|)     :   0.00009233    0.00433370    0.00380240    0.00351435    0.00357543    0.00494548    0.00301411    0.01026711    0.02146189    0.00034335 
ksp              :   0.02222084    0.05983153    0.08545159    0.10000000    0.10000000    0.03204484    0.02135930    0.01000000    0.01000000 
max(|step|)      :   0.00000000    0.00909723    0.02151266    0.01902213    0.04653750    0.01843190    0.03359743    0.07741451    0.03697638    0.00294443 
angle (deg.)     :    55.5437  51.3044  56.9723  44.5040  87.1927  91.3015  79.2652  62.3509 
>
iteration       : 191
climbing        : no
zoom on         : no
nim             : 10
barrier         :   0.02163307 (image:  4) 
distance        :   0.00000000    8.08917496   11.05741349   13.12039120   14.79436847   16.46172579   21.28821788   28.51289030   46.26529207   65.66407552 
energy          : -2537.14379937  -2537.14079017  -2537.13171314  -2537.12509796  -2537.12216630  -2537.13855110  -2537.14083868  -2537.19223891  -2537.16870785  -2537.17943128 
max(|Fr_perp|)   :   0.00000000    0.00271148    0.00227925    0.00321910    0.00560428    0.00224523    0.00772785    0.01698450    0.00606604    0.00000000 
Fr_paral         :   0.00000000   -0.00073916   -0.00486031    0.00083467    0.00160694    0.01040739    0.00344298    0.00215133   -0.00001326    0.00000000 
max(|Fsp_paral|) :   0.00000000    0.00070099    0.00100316    0.00735154    0.00035217    0.00516528    0.00227447    0.00440844    0.00350282    0.00000000 
max(|Fsp_perp|)  :   0.00000000    0.00000000    0.00000000    0.00000000    0.00000000    0.00000000    0.00000000    0.00000000    0.00000000    0.00000000 
max(|FNEB|)      :   0.00000000    0.00269193    0.00231821    0.00650386    0.00566843    0.00481248    0.00797919    0.01626640    0.00768079    0.00000000 
max(|Force|)     :   0.00009233    0.00270700    0.00219334    0.00320739    0.00544857    0.00446031    0.00784190    0.01678763    0.00606474    0.00034335 
ksp              :   0.02251918    0.06028230    0.08780341    0.10000000    0.10000000    0.03183435    0.02231734    0.01000000    0.01000000 
max(|step|)      :   0.00000000    0.00352519    0.01054318    0.02892519    0.04284942    0.02037340    0.02068906    0.06925468    0.03153166    0.00182858 
angle (deg.)     :    55.3812  51.5964  57.4943  44.7457  84.6673  91.4891  79.2655  62.1053 
>
iteration       : 192
climbing        : no
zoom on         : no
nim             : 10
barrier         :   0.02044364 (image:  4) 
distance        :   0.00000000    8.08435722   11.03915436   13.08718642   14.79542978   16.47843711   21.25769005   28.66875126   46.41367088   65.68578799 
energy          : -2537.14379937  -2537.14081205  -2537.13187145  -2537.12508187  -2537.12335573  -2537.13847598  -2537.14105843  -2537.19458298  -2537.16855731  -2537.17943128 
max(|Fr_perp|)   :   0.00000000    0.00153720    0.00093466    0.00207524    0.00653071    0.00219505    0.00756832    0.01551925    0.02299043    0.00000000 
Fr_paral         :   0.00000000   -0.00079897   -0.00480206    0.00088806   -0.00056799    0.01072648    0.00313916    0.00400871    0.00054042    0.00000000 
max(|Fsp_paral|) :   0.00000000    0.00053571    0.00205229    0.00950641    0.00130843    0.00341672    0.00112731    0.00370386    0.00326347    0.00000000 
max(|Fsp_perp|)  :   0.00000000    0.00000000    0.00000000    0.00000000    0.00000000    0.00000000    0.00000000    0.00000000    0.00000000    0.00000000 
max(|FNEB|)      :   0.00000000    0.00165477    0.00276809    0.00843732    0.00671587    0.00318920    0.00769691    0.01823034    0.02452551    0.00000000 
max(|Force|)     :   0.00009233    0.00157545    0.00163809    0.00206193    0.00657129    0.00472648    0.00767624    0.01585245    0.02304475    0.00034335 
ksp              :   0.02315123    0.06251083    0.09240092    0.10000000    0.10000000    0.03343540    0.02206656    0.01000000    0.01000000 
max(|step|)      :   0.00000000    0.00420387    0.01222621    0.04571610    0.06501147    0.02847974    0.03008751    0.10000000    0.04215345    0.00371361 
angle (deg.)     :    55.1959  51.9663  58.7186  46.2615  81.2396  91.7885  79.3541  61.7631 
>
iteration       : 193
climbing        : no
zoom on         : no
nim             : 10
barrier         :   0.01874843 (image:  3) 
distance        :   0.00000000    8.07753191   11.01692773   13.03483768   14.80797102   16.53032660   21.24274324   28.92025252   46.66278430   65.75558487 
energy          : -2537.14379937  -2537.14082715  -2537.13205752  -2537.12505094  -2537.12515664  -2537.13840190  -2537.14141981  -2537.19689828  -2537.16886838  -2537.17943128 
max(|Fr_perp|)   :   0.00000000    0.00360841    0.00268559    0.00268703    0.00506086    0.00209977    0.00670183    0.02037780    0.02702956    0.00000000 
Fr_paral         :   0.00000000   -0.00084071   -0.00471896    0.00094789   -0.00094557    0.01109039    0.00317331    0.00489198    0.00072477    0.00000000 
max(|Fsp_paral|) :   0.00000000    0.00021181    0.00299726    0.01180773    0.00289707    0.00092401    0.00141482    0.00338185    0.00289850    0.00000000 
max(|Fsp_perp|)  :   0.00000000    0.00000000    0.00000000    0.00000000    0.00000000    0.00000000    0.00000000    0.00000000    0.00000000    0.00000000 
max(|FNEB|)      :   0.00000000    0.00367261    0.00373073    0.01028248    0.00795290    0.00226862    0.00654282    0.02350544    0.02885148    0.00000000 
max(|Force|)     :   0.00009233    0.00367331    0.00266122    0.00271253    0.00552553    0.00506575    0.00682839    0.02162925    0.02753669    0.00034335 
ksp              :   0.02427008    0.06636490    0.10000000    0.10000000    0.09950050    0.03591000    0.02143288    0.01000000    0.01000000 
max(|step|)      :   0.00000000    0.00618426    0.00628212    0.01731454    0.01339178    0.00382011    0.01101737    0.03958050    0.04858262    0.00000000 
angle (deg.)     :    55.2959  51.7254  59.3812  46.2424  80.7729  91.7678  79.3354  61.6955 
>
iteration       : 194
climbing        : no
zoom on         : no
nim             : 10
barrier         :   0.01875967 (image:  3) 
distance        :   0.00000000    8.07644852   11.02339371   13.00601702   14.81047837   16.54084233   21.24057620   28.93967990   46.68178463   65.75170377 
energy          : -2537.14379937  -2537.14083136  -2537.13201011  -2537.12503970  -2537.12536588  -2537.13840370  -2537.14160326  -2537.19961207  -2537.16857358  -2537.17943128 
max(|Fr_perp|)   :   0.00000000    0.00454838    0.00363726    0.00246642    0.00471912    0.00208596    0.00325419    0.01015519    0.03612764    0.00000000 
Fr_paral         :   0.00000000   -0.00082475   -0.00483517    0.00085584   -0.00072883    0.01111352    0.00391827    0.00117595   -0.00103031    0.00000000 
max(|Fsp_paral|) :   0.00000000    0.00008335    0.00094453    0.00839392    0.00485810    0.00072425    0.00320067    0.00501185    0.00285718    0.00000000 
max(|Fsp_perp|)  :   0.00000000    0.00000000    0.00000000    0.00000000    0.00000000    0.00000000    0.00000000    0.00000000    0.00000000    0.00000000 
max(|FNEB|)      :   0.00000000    0.00454652    0.00361415    0.00664493    0.00957722    0.00221415    0.00462460    0.01307847    0.03475374    0.00000000 
max(|Force|)     :   0.00009233    0.00455240    0.00369009    0.00249188    0.00506908    0.00511076    0.00340602    0.01022245    0.03623425    0.00034335 
ksp              :   0.02423910    0.06655931    0.10000000    0.10000000    0.09843514    0.03588589    0.02053592    0.01000000    0.01000000 
max(|step|)      :   0.00000000    0.00123739    0.00342816    0.01163868    0.01246084    0.00314866    0.00633051    0.02496614    0.01191589    0.00020241 
angle (deg.)     :    55.3466  51.5967  59.8120  46.1467  80.3850  91.7238  79.3088  61.6451 
>
iteration       : 195
climbing        : no
zoom on         : no
nim             : 10
barrier         :   0.01875901 (image:  3) 
distance        :   0.00000000    8.07615682   11.02626943   12.98560319   14.80782720   16.54736913   21.23195706   28.95435383   46.69239501   65.74339941 
energy          : -2537.14379937  -2537.14084703  -2537.13199483  -2537.12504036  -2537.12551695  -2537.13840707  -2537.14164003  -2537.20049480  -2537.16944040  -2537.17943128 
max(|Fr_perp|)   :   0.00000000    0.00284823    0.00232258    0.00189146    0.00441607    0.00206989    0.00286891    0.00678872    0.02082637    0.00000000 
Fr_paral         :   0.00000000   -0.00079672   -0.00490442    0.00077278   -0.00056270    0.01114470    0.00427489   -0.00129795   -0.00059208    0.00000000 
max(|Fsp_paral|) :   0.00000000    0.00031129    0.00028761    0.00633467    0.00581713    0.00084677    0.00328497    0.00524785    0.00283128    0.00000000 
max(|Fsp_perp|)  :   0.00000000    0.00000000    0.00000000    0.00000000    0.00000000    0.00000000    0.00000000    0.00000000    0.00000000    0.00000000 
max(|FNEB|)      :   0.00000000    0.00284119    0.00232985    0.00464558    0.01023321    0.00221446    0.00473218    0.00864800    0.02038079    0.00000000 
max(|Force|)     :   0.00009233    0.00285217    0.00237780    0.00224850    0.00468338    0.00514844    0.00327210    0.00692877    0.02088882    0.00034335 
ksp              :   0.02416441    0.06663456    0.10000000    0.10000000    0.09771348    0.03587060    0.02035984    0.01000000    0.01000000 
max(|step|)      :   0.00000000    0.00488379    0.00775913    0.04035793    0.05999321    0.01413247    0.02635949    0.07085334    0.02715362    0.00219989 
angle (deg.)     :    55.4291  51.3359  61.3502  45.5472  78.6784  91.5386  79.2003  61.4348 
>
iteration       : 196
climbing        : no
zoom on         : no
nim             : 10
barrier         :   0.01875101 (image:  3) 
distance        :   0.00000000    8.07784478   11.02781029   12.91040400   14.77943745   16.56781184   21.18031359   29.02083054   46.73587085   65.70230218 
energy          : -2537.14379937  -2537.14085884  -2537.13196327  -2537.12504836  -2537.12601683  -2537.13840227  -2537.14154524  -2537.19949810  -2537.17008453  -2537.17943128 
max(|Fr_perp|)   :   0.00000000    0.00141051    0.00110040    0.00227304    0.00283417    0.00198464    0.00431454    0.02627233    0.00444406    0.00000000 
Fr_paral         :   0.00000000   -0.00071875   -0.00504277    0.00042307    0.00013702    0.01136688    0.00499425   -0.01095396   -0.00003600    0.00000000 
max(|Fsp_paral|) :   0.00000000    0.00050146    0.00388516    0.00057978    0.00741366    0.00224330    0.00072580    0.00365399    0.00270036    0.00000000 
max(|Fsp_perp|)  :   0.00000000    0.00000000    0.00000000    0.00000000    0.00000000    0.00000000    0.00000000    0.00000000    0.00000000    0.00000000 
max(|FNEB|)      :   0.00000000    0.00142203    0.00412896    0.00169325    0.01024783    0.00230210    0.00430213    0.02299128    0.00577638    0.00000000 
max(|Force|)     :   0.00009233    0.00140691    0.00246296    0.00245393    0.00277215    0.00538600    0.00554283    0.02885486    0.00444023    0.00034335 
ksp              :   0.02411377    0.06681024    0.10000000    0.10000000    0.09535158    0.03590468    0.02081924    0.01000000    0.01000000 
max(|step|)      :   0.00000000    0.00315519    0.00390609    0.02053157    0.05015151    0.01195967    0.01770712    0.02883716    0.01883387    0.00114293 
angle (deg.)     :    55.3389  51.4741  62.0667  44.7479  77.3116  91.5639  79.1314  61.2879 
>
iteration       : 197
climbing        : no
zoom on         : no
nim             : 10
barrier         :   0.01871570 (image:  3) 
distance        :   0.00000000    8.08004959   11.01642479   12.87184082   14.74135151   16.56804182   21.14083966   29.07533709   46.78073241   65.67823533 
energy          : -2537.14379937  -2537.14086483  -2537.13203303  -2537.12508367  -2537.12625645  -2537.13831005  -2537.14166347  -2537.20008632  -2537.16998898  -2537.17943128 
max(|Fr_perp|)   :   0.00000000    0.00081224    0.00048215    0.00229592    0.00278630    0.00190959    0.00428497    0.02658309    0.01725719    0.00000000 
Fr_paral         :   0.00000000   -0.00072308   -0.00503848    0.00019246    0.00060173    0.01178492    0.00495656   -0.01187688    0.00040411    0.00000000 
max(|Fsp_paral|) :   0.00000000    0.00014972    0.00435854    0.00057301    0.00635673    0.00279254    0.00171287    0.00423278    0.00257378    0.00000000 
max(|Fsp_perp|)  :   0.00000000    0.00000000    0.00000000    0.00000000    0.00000000    0.00000000    0.00000000    0.00000000    0.00000000    0.00000000 
max(|FNEB|)      :   0.00000000    0.00092463    0.00467259    0.00286893    0.00821185    0.00250964    0.00453955    0.02278438    0.01853452    0.00000000 
max(|Force|)     :   0.00009233    0.00069385    0.00251715    0.00237416    0.00275801    0.00583190    0.00484718    0.02936589    0.01730049    0.00034335 
ksp              :   0.02411163    0.06658195    0.10000000    0.10000000    0.09436034    0.03639705    0.02027113    0.01000000    0.01000000 
max(|step|)      :   0.00000000    0.00587209    0.00896608    0.04030399    0.10000000    0.02453814    0.03729658    0.05692545    0.03078891    0.00297523 
angle (deg.)     :    55.1456  51.9084  63.6853  43.7378  74.7043  91.6468  79.0113  60.9957 
>
iteration       : 198
climbing        : no
zoom on         : no
nim             : 10
barrier         :   0.01863218 (image:  3) 
distance        :   0.00000000    8.08312008   10.99242140   12.80264990   14.67432088   16.58089950   21.07107461   29.20358710   46.88789107   65.64466175 
energy          : -2537.14379937  -2537.14087264  -2537.13218877  -2537.12516719  -2537.12642076  -2537.13807125  -2537.14187797  -2537.20111956  -2537.16985763  -2537.17943128 
max(|Fr_perp|)   :   0.00000000    0.00122119    0.00096594    0.00229552    0.00393346    0.00173777    0.00406567    0.02579186    0.02756047    0.00000000 
Fr_paral         :   0.00000000   -0.00071801   -0.00498472   -0.00017300    0.00121838    0.01264279    0.00498642   -0.01290541    0.00074088    0.00000000 
max(|Fsp_paral|) :   0.00000000    0.00062213    0.00483104    0.00227479    0.00322631    0.00496578    0.00377548    0.00516659    0.00231782    0.00000000 
max(|Fsp_perp|)  :   0.00000000    0.00000000    0.00000000    0.00000000    0.00000000    0.00000000    0.00000000    0.00000000    0.00000000    0.00000000 
max(|FNEB|)      :   0.00000000    0.00120203    0.00526481    0.00458585    0.00414307    0.00448057    0.00483996    0.02126392    0.02918823    0.00000000 
max(|Force|)     :   0.00009233    0.00123061    0.00257125    0.00223250    0.00392344    0.00675847    0.00385077    0.02888208    0.02811068    0.00034335 
ksp              :   0.02413793    0.06608660    0.10000000    0.10000000    0.09394779    0.03766133    0.01928425    0.01000000    0.01000000 
max(|step|)      :   0.00000000    0.00192002    0.00840953    0.00732502    0.00661777    0.00715686    0.00773092    0.03396507    0.04662266    0.00000000 
angle (deg.)     :    55.0376  52.1459  63.1816  43.1772  74.3535  91.6164  78.9497  60.9701 
>
iteration       : 199
climbing        : no
zoom on         : no
nim             : 10
barrier         :   0.01860305 (image:  3) 
distance        :   0.00000000    8.08022728   10.98249327   12.81353499   14.66221110   16.55800006   21.02984642   29.19618637   46.86693933   65.60630869 
energy          : -2537.14379937  -2537.14088281  -2537.13228444  -2537.12519632  -2537.12649203  -2537.13789257  -2537.14192198  -2537.20296884  -2537.16976228  -2537.17943128 
max(|Fr_perp|)   :   0.00000000    0.00148381    0.00133214    0.00215933    0.00211860    0.00171602    0.00289836    0.01455905    0.03344353    0.00000000 
Fr_paral         :   0.00000000   -0.00075043   -0.00491669   -0.00019761    0.00125549    0.01298337    0.00499914   -0.00898557   -0.00101335    0.00000000 
max(|Fsp_paral|) :   0.00000000    0.00090065    0.00328086    0.00065231    0.00286813    0.00258095    0.00514035    0.00533449    0.00231193    0.00000000 
max(|Fsp_perp|)  :   0.00000000    0.00000000    0.00000000    0.00000000    0.00000000    0.00000000    0.00000000    0.00000000    0.00000000    0.00000000 
max(|FNEB|)      :   0.00000000    0.00150065    0.00345437    0.00281165    0.00334388    0.00252725    0.00584121    0.00973387    0.03229405    0.00000000 
max(|Force|)     :   0.00009233    0.00148689    0.00229636    0.00208624    0.00212530    0.00715148    0.00349087    0.01663632    0.03355253    0.00034335 
ksp              :   0.02411006    0.06570828    0.10000000    0.10000000    0.09373149    0.03857660    0.01908265    0.01000000    0.01000000 
max(|step|)      :   0.00000000    0.00121903    0.00565453    0.00477002    0.00428091    0.00431277    0.00725598    0.01955289    0.01009532    0.00023304 
angle (deg.)     :    54.9745  52.3086  62.8401  42.7964  74.0848  91.5635  78.9014  60.9473 
>
iteration       : 200
climbing        : no
zoom on         : no
nim             : 10
barrier         :   0.01858096 (image:  3) 
distance        :   0.00000000    8.07726850   10.97634410   12.82018414   14.65362819   16.54473143   20.99693539   29.19181358   46.85105313   65.57593026 
energy          : -2537.14379937  -2537.14089146  -2537.13235039  -2537.12521841  -2537.12651755  -2537.13778683  -2537.14189941  -2537.20355357  -2537.17046463  -2537.17943128 
max(|Fr_perp|)   :   0.00000000    0.00093138    0.00088702    0.00205674    0.00131042    0.00169288    0.00291972    0.00831831    0.01984663    0.00000000 
Fr_paral         :   0.00000000   -0.00075654   -0.00486757   -0.00021850    0.00127145    0.01315397    0.00509508   -0.00709658   -0.00058813    0.00000000 
max(|Fsp_paral|) :   0.00000000    0.00104912    0.00232454    0.00038282    0.00244297    0.00151095    0.00518974    0.00491864    0.00230810    0.00000000 
max(|Fsp_perp|)  :   0.00000000    0.00000000    0.00000000    0.00000000    0.00000000    0.00000000    0.00000000    0.00000000    0.00000000    0.00000000 
max(|FNEB|)      :   0.00000000    0.00119315    0.00234671    0.00167392    0.00329145    0.00180004    0.00584715    0.00468285    0.01882824    0.00000000 
max(|Force|)     :   0.00009233    0.00093443    0.00212722    0.00197628    0.00133863    0.00734354    0.00353295    0.00994973    0.01991080    0.00034335 
ksp              :   0.02408495    0.06545504    0.10000000    0.10000000    0.09370740    0.03912275    0.01920280    0.01000000    0.01000000 
max(|step|)      :   0.00000000    0.00709864    0.02124579    0.01669173    0.02127714    0.01665250    0.03680087    0.05947298    0.02269785    0.00228912 
angle (deg.)     :    54.7944  52.9374  61.5430  41.4041  72.8436  91.2645  78.7137  60.8172 
>
iteration       : 201
climbing        : no
zoom on         : no
nim             : 10
barrier         :   0.01848443 (image:  3) 
distance        :   0.00000000    8.06015423   10.95619537   12.84024437   14.62151036   16.50475272   20.85267216   29.18365228   46.79229689   65.44513552 
energy          : -2537.14379937  -2537.14092400  -2537.13259875  -2537.12531494  -2537.12652770  -2537.13743763  -2537.14164141  -2537.20333861  -2537.17101963  -2537.17943128 
max(|Fr_perp|)   :   0.00000000    0.00052165    0.00065216    0.00166216    0.00243643    0.00156271    0.00409366    0.00970306    0.00295701    0.00000000 
Fr_paral         :   0.00000000   -0.00073520   -0.00468264   -0.00033345    0.00131623    0.01356768    0.00555086   -0.00256663    0.00014662    0.00000000 
max(|Fsp_paral|) :   0.00000000    0.00144579    0.00065474    0.00377718    0.00035859    0.00048182    0.00226638    0.00133520    0.00226367    0.00000000 
max(|Fsp_perp|)  :   0.00000000    0.00000000    0.00000000    0.00000000    0.00000000    0.00000000    0.00000000    0.00000000    0.00000000    0.00000000 
max(|FNEB|)      :   0.00000000    0.00161699    0.00111258    0.00415897    0.00242492    0.00153919    0.00376106    0.01088635    0.00411023    0.00000000 
max(|Force|)     :   0.00009233    0.00046802    0.00157559    0.00154173    0.00245562    0.00780310    0.00434613    0.00912378    0.00297320    0.00034335 
ksp              :   0.02400005    0.06453540    0.10000000    0.10000000    0.09409509    0.04097506    0.02050703    0.01000000    0.01000000 
max(|step|)      :   0.00000000    0.00690124    0.00500517    0.01135984    0.01286443    0.00885071    0.02150263    0.01915682    0.01168767    0.00081559 
angle (deg.)     :    54.8604  53.1025  61.2230  41.1906  71.9771  91.1586  78.6286  60.7000 
>
iteration       : 202
climbing        : no
zoom on         : no
nim             : 10
barrier         :   0.01840610 (image:  3) 
distance        :   0.00000000    8.04352295   10.95650011   12.83146211   14.61933488   16.50490895   20.79748393   29.19504813   46.79554977   65.39375994 
energy          : -2537.14379937  -2537.14095221  -2537.13268342  -2537.12539327  -2537.12657378  -2537.13735043  -2537.14164408  -2537.20401614  -2537.17109467  -2537.17943128 
max(|Fr_perp|)   :   0.00000000    0.00068641    0.00078159    0.00155724    0.00165769    0.00147058    0.00305001    0.00705347    0.00873415    0.00000000 
Fr_paral         :   0.00000000   -0.00065807   -0.00468371   -0.00045325    0.00139952    0.01354570    0.00530568   -0.00246363    0.00029795    0.00000000 
max(|Fsp_paral|) :   0.00000000    0.00109615    0.00001560    0.00322305    0.00042287    0.00031254    0.00180785    0.00089420    0.00216418    0.00000000 
max(|Fsp_perp|)  :   0.00000000    0.00000000    0.00000000    0.00000000    0.00000000    0.00000000    0.00000000    0.00000000    0.00000000    0.00000000 
max(|FNEB|)      :   0.00000000    0.00124479    0.00078124    0.00359976    0.00189799    0.00145871    0.00304505    0.00773657    0.00984329    0.00000000 
max(|Force|)     :   0.00009233    0.00068871    0.00166117    0.00139685    0.00167475    0.00776096    0.00376303    0.00715831    0.00876728    0.00034335 
ksp              :   0.02392172    0.06435347    0.10000000    0.10000000    0.09422769    0.04153329    0.02053866    0.01000000    0.01000000 
max(|step|)      :   0.00000000    0.03115747    0.02709949    0.05269131    0.06033957    0.04194935    0.10000000    0.08912914    0.05457719    0.00575398 
angle (deg.)     :    55.1019  54.0266  59.9955  40.8791  68.0625  91.0527  78.3933  60.1507 
>
iteration       : 203
climbing        : no
zoom on         : no
nim             : 10
barrier         :   0.01805066 (image:  3) 
distance        :   0.00000000    7.96932851   10.95182009   12.79519627   14.61790809   16.52081341   20.56823265   29.29318884   46.87520534   65.21384044 
energy          : -2537.14379937  -2537.14104181  -2537.13309937  -2537.12574871  -2537.12662171  -2537.13690097  -2537.14148734  -2537.20511155  -2537.17164340  -2537.17943128 
max(|Fr_perp|)   :   0.00000000    0.00414111    0.00368748    0.00100986    0.00202506    0.00106164    0.00304102    0.01016105    0.01177405    0.00000000 
Fr_paral         :   0.00000000   -0.00028843   -0.00456181   -0.00095281    0.00162230    0.01343188    0.00558806   -0.00451870    0.00066750    0.00000000 
max(|Fsp_paral|) :   0.00000000    0.00007819    0.00196763    0.00078019    0.00009458    0.00123914    0.00260568    0.00302018    0.00164342    0.00000000 
max(|Fsp_perp|)  :   0.00000000    0.00000000    0.00000000    0.00000000    0.00000000    0.00000000    0.00000000    0.00000000    0.00000000    0.00000000 
max(|FNEB|)      :   0.00000000    0.00427993    0.00376108    0.00119185    0.00211170    0.00121625    0.00439703    0.01116004    0.01261030    0.00000000 
max(|Force|)     :   0.00009233    0.00428008    0.00376184    0.00090815    0.00199983    0.00761127    0.00395615    0.01068249    0.01205031    0.00034335 
ksp              :   0.02375442    0.06335666    0.10000000    0.10000000    0.09564900    0.04439207    0.02154304    0.01000000    0.01000000 
max(|step|)      :   0.00000000    0.00619439    0.00544346    0.00172498    0.00305629    0.00176029    0.00636387    0.01615205    0.01825103    0.00000000 
angle (deg.)     :    55.0446  54.1213  59.8792  40.8874  67.9265  91.1824  78.4306  60.1251 
>
iteration       : 204
climbing        : no
zoom on         : no
nim             : 10
barrier         :   0.01803283 (image:  3) 
distance        :   0.00000000    7.96847576   10.94661420   12.79293523   14.61802362   16.51758040   20.57686324   29.29636089   46.90045884   65.22799747 
energy          : -2537.14379937  -2537.14104786  -2537.13313740  -2537.12576655  -2537.12664235  -2537.13687001  -2537.14165283  -2537.20566974  -2537.17171648  -2537.17943128 
max(|Fr_perp|)   :   0.00000000    0.00409350    0.00377556    0.00099973    0.00174012    0.00103000    0.00294804    0.00548029    0.01197317    0.00000000 
Fr_paral         :   0.00000000   -0.00033226   -0.00456740   -0.00098882    0.00163812    0.01355004    0.00558992   -0.00368251   -0.00024044    0.00000000 
max(|Fsp_paral|) :   0.00000000    0.00019092    0.00154530    0.00080262    0.00030097    0.00036020    0.00011654    0.00113433    0.00157285    0.00000000 
max(|Fsp_perp|)  :   0.00000000    0.00000000    0.00000000    0.00000000    0.00000000    0.00000000    0.00000000    0.00000000    0.00000000    0.00000000 
max(|FNEB|)      :   0.00000000    0.00409548    0.00380863    0.00132206    0.00169065    0.00101792    0.00288712    0.00566778    0.01125363    0.00000000 
max(|Force|)     :   0.00009233    0.00409427    0.00381723    0.00093053    0.00183475    0.00773964    0.00386915    0.00563146    0.01200033    0.00034335 
ksp              :   0.02373249    0.06321279    0.10000000    0.10000000    0.09562892    0.04458373    0.02071316    0.01000000    0.01000000 
max(|step|)      :   0.00000000    0.00185951    0.00180228    0.00145353    0.00127436    0.00115479    0.00377514    0.00527242    0.00528920    0.00007719 
angle (deg.)     :    55.0088  54.1823  59.7912  40.9022  67.8263  91.2448  78.4555  60.1058 
>
iteration       : 205
climbing        : no
zoom on         : no
nim             : 10
barrier         :   0.01801940 (image:  3) 
distance        :   0.00000000    7.96762467   10.94325731   12.79107339   14.61759376   16.51645051   20.57766214   29.29752427   46.91440386   65.23354121 
energy          : -2537.14379937  -2537.14106286  -2537.13317257  -2537.12577997  -2537.12665426  -2537.13686196  -2537.14172488  -2537.20589859  -2537.17186210  -2537.17943128 
max(|Fr_perp|)   :   0.00000000    0.00166274    0.00159017    0.00098228    0.00115104    0.00100757    0.00288376    0.00471935    0.00490565    0.00000000 
Fr_paral         :   0.00000000   -0.00033485   -0.00456958   -0.00100554    0.00166385    0.01359525    0.00575521   -0.00369894   -0.00003369    0.00000000 
max(|Fsp_paral|) :   0.00000000    0.00019711    0.00124098    0.00080581    0.00037256    0.00014000    0.00119333    0.00034234    0.00152705    0.00000000 
max(|Fsp_perp|)  :   0.00000000    0.00000000    0.00000000    0.00000000    0.00000000    0.00000000    0.00000000    0.00000000    0.00000000    0.00000000 
max(|FNEB|)      :   0.00000000    0.00166480    0.00161944    0.00137892    0.00108953    0.00100267    0.00225606    0.00477570    0.00493433    0.00000000 
max(|Force|)     :   0.00009233    0.00166352    0.00180591    0.00095360    0.00124777    0.00777243    0.00383838    0.00487053    0.00490947    0.00034335 
ksp              :   0.02366781    0.06307680    0.10000000    0.10000000    0.09563326    0.04464971    0.02036129    0.01000000    0.01000000 
max(|step|)      :   0.00000000    0.00270045    0.00635074    0.00638660    0.00434888    0.00485454    0.01361323    0.01596458    0.00992260    0.00095663 
angle (deg.)     :    54.8780  54.4006  59.4280  40.9889  67.4082  91.4249  78.5439  60.0259 
>
iteration       : 206
climbing        : no
zoom on         : no
nim             : 10
barrier         :   0.01796477 (image:  3) 
distance        :   0.00000000    7.96388037   10.93063520   12.78232625   14.61426190   16.51303148   20.56886490   29.29892118   46.95957498   65.24383642 
energy          : -2537.14379937  -2537.14107649  -2537.13326664  -2537.12583460  -2537.12668095  -2537.13684693  -2537.14189770  -2537.20636144  -2537.17196101  -2537.17943128 
max(|Fr_perp|)   :   0.00000000    0.00163839    0.00142334    0.00093396    0.00073228    0.00095287    0.00269205    0.00330139    0.00394835    0.00000000 
Fr_paral         :   0.00000000   -0.00035984   -0.00455726   -0.00108883    0.00173779    0.01371927    0.00638852   -0.00427975    0.00023194    0.00000000 
max(|Fsp_paral|) :   0.00000000    0.00046039    0.00044445    0.00075000    0.00048500    0.00000088    0.00358236    0.00151866    0.00135642    0.00000000 
max(|Fsp_perp|)  :   0.00000000    0.00000000    0.00000000    0.00000000    0.00000000    0.00000000    0.00000000    0.00000000    0.00000000    0.00000000 
max(|FNEB|)      :   0.00000000    0.00163377    0.00141136    0.00149639    0.00118416    0.00095285    0.00375836    0.00347522    0.00466024    0.00000000 
max(|Force|)     :   0.00009233    0.00163758    0.00175558    0.00115975    0.00095573    0.00784624    0.00378023    0.00342189    0.00397483    0.00034335 
ksp              :   0.02364113    0.06276695    0.10000000    0.10000000    0.09575998    0.04483036    0.01952702    0.01000000    0.01000000 
max(|step|)      :   0.00000000    0.00282054    0.00655569    0.00867680    0.00561318    0.00623491    0.01450689    0.01282636    0.01057071    0.00109165 
angle (deg.)     :    54.7553  54.6238  58.9594  41.1534  66.8389  91.5488  78.6277  59.9280 
>
iteration       : 207
climbing        : no
zoom on         : no
nim             : 10
barrier         :   0.01789498 (image:  3) 
distance        :   0.00000000    7.95729897   10.91773709   12.77090179   14.60914514   16.50993861   20.54161832   29.29680134   46.99939664   65.23953381 
energy          : -2537.14379937  -2537.14108641  -2537.13336490  -2537.12590439  -2537.12669841  -2537.13683078  -2537.14199598  -2537.20660023  -2537.17198595  -2537.17943128 
max(|Fr_perp|)   :   0.00000000    0.00343758    0.00296520    0.00088008    0.00095997    0.00089386    0.00300505    0.00634121    0.01012374    0.00000000 
Fr_paral         :   0.00000000   -0.00037979   -0.00455458   -0.00117758    0.00179155    0.01381715    0.00682374   -0.00503353    0.00039183    0.00000000 
max(|Fsp_paral|) :   0.00000000    0.00071112    0.00014942    0.00056863    0.00047842    0.00047040    0.00463054    0.00248343    0.00116958    0.00000000 
max(|Fsp_perp|)  :   0.00000000    0.00000000    0.00000000    0.00000000    0.00000000    0.00000000    0.00000000    0.00000000    0.00000000    0.00000000 
max(|FNEB|)      :   0.00000000    0.00343092    0.00296955    0.00140321    0.00119345    0.00090843    0.00469779    0.00605668    0.01073967    0.00000000 
max(|Force|)     :   0.00009233    0.00343679    0.00290901    0.00128334    0.00102110    0.00789710    0.00486544    0.00648350    0.01016864    0.00034335 
ksp              :   0.02364443    0.06247856    0.10000000    0.10000000    0.09600662    0.04504743    0.01906989    0.01000000    0.01000000 
max(|step|)      :   0.00000000    0.01223731    0.02259985    0.03422625    0.02267978    0.02455162    0.05730645    0.04746875    0.03652330    0.00503966 
angle (deg.)     :    54.3890  55.4290  57.1864  42.0970  64.5972  92.0022  78.9321  59.5629 
>
iteration       : 208
climbing        : no
zoom on         : no
nim             : 10
barrier         :   0.01762489 (image:  3) 
distance        :   0.00000000    7.92688418   10.87544188   12.72926676   14.59314047   16.50025097   20.42231778   29.29980263   47.14751606   65.21646085 
energy          : -2537.14379937  -2537.14112061  -2537.13370793  -2537.12617448  -2537.12667433  -2537.13666186  -2537.14220643  -2537.20651563  -2537.17213279  -2537.17943128 
max(|Fr_perp|)   :   0.00000000    0.00697247    0.00642849    0.00093510    0.00354916    0.00159439    0.00684690    0.01245487    0.01670410    0.00000000 
Fr_paral         :   0.00000000   -0.00042168   -0.00455571   -0.00147470    0.00188081    0.01415748    0.00800886   -0.00735310    0.00070702    0.00000000 
max(|Fsp_paral|) :   0.00000000    0.00140288    0.00165060    0.00038688    0.00020232    0.00202041    0.00670585    0.00427098    0.00048191    0.00000000 
max(|Fsp_perp|)  :   0.00000000    0.00000000    0.00000000    0.00000000    0.00000000    0.00000000    0.00000000    0.00000000    0.00000000    0.00000000 
max(|FNEB|)      :   0.00000000    0.00696442    0.00648588    0.00112997    0.00358478    0.00191276    0.00736498    0.01195650    0.01695941    0.00000000 
max(|Force|)     :   0.00009233    0.00697193    0.00636239    0.00149680    0.00342605    0.00810982    0.00902531    0.01266439    0.01678570    0.00034335 
ksp              :   0.02367885    0.06153105    0.10000000    0.10000000    0.09744752    0.04644706    0.01813423    0.01000000    0.01000000 
max(|step|)      :   0.00000000    0.02137105    0.03283343    0.05310279    0.03560364    0.03931288    0.09877585    0.07761050    0.06069339    0.00825576 
angle (deg.)     :    54.0181  56.6970  54.5659  44.3537  61.3776  92.9431  79.4443  59.0252 
>
iteration       : 209
climbing        : no
zoom on         : no
nim             : 10
barrier         :   0.01727356 (image:  4) 
distance        :   0.00000000    7.87005903   10.82213938   12.67417650   14.58403183   16.49675149   20.24121403   29.35553368   47.41871765   65.21701663 
energy          : -2537.14379937  -2537.14119355  -2537.13424902  -2537.12659756  -2537.12652581  -2537.13618501  -2537.14237002  -2537.20595240  -2537.17147591  -2537.17943128 
max(|Fr_perp|)   :   0.00000000    0.00870506    0.00638799    0.00122991    0.00369557    0.00286304    0.00964230    0.01462730    0.03871504    0.00000000 
Fr_paral         :   0.00000000   -0.00042176   -0.00458044   -0.00184116    0.00178155    0.01461563    0.00894075   -0.00861590    0.00118650    0.00000000 
max(|Fsp_paral|) :   0.00000000    0.00204263    0.00329018    0.00253679    0.00011206    0.00297453    0.00851402    0.00515666    0.00057784    0.00000000 
max(|Fsp_perp|)  :   0.00000000    0.00000000    0.00000000    0.00000000    0.00000000    0.00000000    0.00000000    0.00000000    0.00000000    0.00000000 
max(|FNEB|)      :   0.00000000    0.00870153    0.00651628    0.00289238    0.00369747    0.00261468    0.01000158    0.01369955    0.03840892    0.00000000 
max(|Force|)     :   0.00009233    0.00870489    0.00631540    0.00148786    0.00370742    0.00860386    0.01208710    0.01532835    0.03885216    0.00034335 
ksp              :   0.02357706    0.05975997    0.09962616    0.10000000    0.10000000    0.04967294    0.01744731    0.01000000    0.01000000 
max(|step|)      :   0.00000000    0.02279750    0.02945222    0.04686136    0.03342703    0.03923553    0.10000000    0.07644830    0.05821327    0.00881684 
angle (deg.)     :    53.8841  57.8863  52.2622  47.1016  59.0702  94.2019  79.9984  58.5639 
>
iteration       : 210
climbing        : no
zoom on         : no
nim             : 10
barrier         :   0.01747933 (image:  4) 
distance        :   0.00000000    7.80850878   10.78492310   12.63587267   14.59085422   16.50992142   20.09204342   29.47128849   47.73175091   65.27590096 
energy          : -2537.14379937  -2537.14124471  -2537.13465364  -2537.12698028  -2537.12632004  -2537.13563897  -2537.14237852  -2537.20588496  -2537.17261071  -2537.17943128 
max(|Fr_perp|)   :   0.00000000    0.01080265    0.01013448    0.00134460    0.00619331    0.00349097    0.01001126    0.01455212    0.02843578    0.00000000 
Fr_paral         :   0.00000000   -0.00038552   -0.00448801   -0.00212100    0.00174472    0.01488170    0.00905751   -0.00793109    0.00133672    0.00000000 
max(|Fsp_paral|) :   0.00000000    0.00244268    0.00349421    0.00682168    0.00143844    0.00322245    0.00742822    0.00474011    0.00156587    0.00000000 
max(|Fsp_perp|)  :   0.00000000    0.00000000    0.00000000    0.00000000    0.00000000    0.00000000    0.00000000    0.00000000    0.00000000    0.00000000 
max(|FNEB|)      :   0.00000000    0.01097740    0.01044878    0.00647208    0.00634357    0.00324409    0.01001617    0.01573096    0.02813357    0.00000000 
max(|Force|)     :   0.00009233    0.01096307    0.01020473    0.00163382    0.00617881    0.00894941    0.01254250    0.01573514    0.02899039    0.00034335 
ksp              :   0.02316859    0.05709836    0.09658916    0.10000000    0.10000000    0.05201149    0.01731906    0.01000000    0.01000000 
max(|step|)      :   0.00000000    0.01735177    0.01651618    0.01023029    0.01002716    0.00512788    0.01583237    0.02486563    0.04447021    0.00000000 
angle (deg.)     :    54.0859  57.5763  51.4145  46.7553  58.7831  93.9945  79.9715  58.5922 
>
iteration       : 211
climbing        : no
zoom on         : no
nim             : 10
barrier         :   0.01729579 (image:  4) 
distance        :   0.00000000    7.79782577   10.79812146   12.64953236   14.57231131   16.48347241   20.03363753   29.43641964   47.66247300   65.21776077 
energy          : -2537.14379937  -2537.14124560  -2537.13458292  -2537.12695266  -2537.12650358  -2537.13561296  -2537.14243625  -2537.20850470  -2537.17258342  -2537.17943128 
max(|Fr_perp|)   :   0.00000000    0.01202761    0.01158559    0.00116149    0.00430856    0.00267491    0.00587366    0.01566754    0.03376478    0.00000000 
Fr_paral         :   0.00000000   -0.00041964   -0.00453372   -0.00212050    0.00177507    0.01493547    0.00831700   -0.00561822   -0.00050441    0.00000000 
max(|Fsp_paral|) :   0.00000000    0.00171816    0.00275809    0.00469749    0.00047095    0.00252232    0.00809782    0.00500955    0.00146758    0.00000000 
max(|Fsp_perp|)  :   0.00000000    0.00000000    0.00000000    0.00000000    0.00000000    0.00000000    0.00000000    0.00000000    0.00000000    0.00000000 
max(|FNEB|)      :   0.00000000    0.01201514    0.01151774    0.00438384    0.00429757    0.00258771    0.00969647    0.01470635    0.03454881    0.00000000 
max(|Force|)     :   0.00009233    0.01202693    0.01163003    0.00145315    0.00432536    0.00895885    0.00821367    0.01599172    0.03382374    0.00034335 
ksp              :   0.02328876    0.05795853    0.09766320    0.10000000    0.10000000    0.05259863    0.01709308    0.01000000    0.01000000 
max(|step|)      :   0.00000000    0.00305173    0.00419126    0.00741633    0.00630156    0.00401813    0.01377831    0.01518350    0.01061383    0.00023386 
angle (deg.)     :    54.2392  57.3466  50.7761  46.5093  58.5747  93.8150  79.9571  58.6197 
>
iteration       : 212
climbing        : no
zoom on         : no
nim             : 10
barrier         :   0.01717384 (image:  4) 
distance        :   0.00000000    7.78999225   10.80819976   12.65922314   14.55965389   16.46355857   19.98330722   29.40909790   47.60552848   65.17036529 
energy          : -2537.14379937  -2537.14132889  -2537.13461141  -2537.12693265  -2537.12662553  -2537.13557870  -2537.14233337  -2537.20973689  -2537.17318659  -2537.17943128 
max(|Fr_perp|)   :   0.00000000    0.00778522    0.00748257    0.00101732    0.00347000    0.00207109    0.00381210    0.01074041    0.02109151    0.00000000 
Fr_paral         :   0.00000000   -0.00037413   -0.00462373   -0.00211164    0.00183431    0.01494865    0.00797584   -0.00448644   -0.00012712    0.00000000 
max(|Fsp_paral|) :   0.00000000    0.00072289    0.00264789    0.00325256    0.00014158    0.00204993    0.00627278    0.00354939    0.00138216    0.00000000 
max(|Fsp_perp|)  :   0.00000000    0.00000000    0.00000000    0.00000000    0.00000000    0.00000000    0.00000000    0.00000000    0.00000000    0.00000000 
max(|FNEB|)      :   0.00000000    0.00778009    0.00740781    0.00298943    0.00347388    0.00217753    0.00761542    0.01237036    0.02184076    0.00000000 
max(|Force|)     :   0.00009233    0.00778463    0.00753482    0.00131094    0.00349052    0.00894411    0.00608678    0.01099825    0.02110659    0.00034335 
ksp              :   0.02294661    0.05814979    0.09839056    0.10000000    0.10000000    0.05308068    0.01768262    0.01000000    0.01000000 
max(|step|)      :   0.00000000    0.00668113    0.01554825    0.01975539    0.01970935    0.01334414    0.04321421    0.04945309    0.01766223    0.00063144 
angle (deg.)     :    54.6583  56.5565  48.8769  45.8582  58.0320  93.3019  79.9817  58.7214 
>
iteration       : 213
climbing        : no
zoom on         : no
nim             : 10
barrier         :   0.01692704 (image:  4) 
distance        :   0.00000000    7.77618640   10.83543352   12.67222236   14.52024978   16.39283780   19.81996367   29.32123312   47.43456245   65.03588285 
energy          : -2537.14379937  -2537.14141023  -2537.13449540  -2537.12688734  -2537.12687233  -2537.13538982  -2537.14178598  -2537.21094267  -2537.17351302  -2537.17943128 
max(|Fr_perp|)   :   0.00000000    0.00073211    0.00067474    0.00068200    0.00348040    0.00086813    0.00170623    0.00961027    0.00803986    0.00000000 
Fr_paral         :   0.00000000   -0.00030126   -0.00471676   -0.00204979    0.00193654    0.01487630    0.00731412   -0.00228117    0.00054249    0.00000000 
max(|Fsp_paral|) :   0.00000000    0.00119532    0.00065040    0.00052580    0.00101607    0.00014413    0.00286647    0.00358487    0.00112106    0.00000000 
max(|Fsp_perp|)  :   0.00000000    0.00000000    0.00000000    0.00000000    0.00000000    0.00000000    0.00000000    0.00000000    0.00000000    0.00000000 
max(|FNEB|)      :   0.00000000    0.00122812    0.00096638    0.00087902    0.00330390    0.00083870    0.00367762    0.00884486    0.00766833    0.00000000 
max(|Force|)     :   0.00009233    0.00073562    0.00222720    0.00097376    0.00334124    0.00888767    0.00308615    0.00947986    0.00808367    0.00034335 
ksp              :   0.02270292    0.05946863    0.09992019    0.10000000    0.10000000    0.05471305    0.02070504    0.01000000    0.01000000 
max(|step|)      :   0.00000000    0.00252465    0.00279274    0.00237239    0.00626274    0.00240270    0.00571179    0.01506331    0.01768919    0.00004535 
angle (deg.)     :    54.6373  56.4558  48.5371  45.8094  58.0358  93.3784  80.0237  58.7441 
>
iteration       : 214
climbing        : no
zoom on         : no
nim             : 10
barrier         :   0.01690308 (image:  3) 
distance        :   0.00000000    7.78127372   10.83290858   12.66508009   14.51314519   16.37831237   19.81949984   29.31076508   47.43982767   65.05325268 
energy          : -2537.14379937  -2537.14141035  -2537.13447398  -2537.12689629  -2537.12691776  -2537.13539511  -2537.14193889  -2537.21121311  -2537.17336641  -2537.17943128 
max(|Fr_perp|)   :   0.00000000    0.00170539    0.00204227    0.00076567    0.00278314    0.00093708    0.00175726    0.01022182    0.01375078    0.00000000 
Fr_paral         :   0.00000000   -0.00032854   -0.00469651   -0.00205323    0.00192676    0.01481294    0.00694188   -0.00088054    0.00084238    0.00000000 
max(|Fsp_paral|) :   0.00000000    0.00116219    0.00047958    0.00065982    0.00062091    0.00121082    0.00016667    0.00175234    0.00112918    0.00000000 
max(|Fsp_perp|)  :   0.00000000    0.00000000    0.00000000    0.00000000    0.00000000    0.00000000    0.00000000    0.00000000    0.00000000    0.00000000 
max(|FNEB|)      :   0.00000000    0.00169685    0.00205895    0.00093538    0.00276067    0.00151958    0.00175127    0.00990908    0.01341916    0.00000000 
max(|Force|)     :   0.00009233    0.00170593    0.00214676    0.00098057    0.00279029    0.00886748    0.00251373    0.01011338    0.01385245    0.00034335 
ksp              :   0.02272029    0.05965281    0.10000000    0.10000000    0.09988567    0.05474828    0.01990609    0.01000000    0.01000000 
max(|step|)      :   0.00000000    0.00121458    0.00050431    0.00054446    0.00165211    0.00144574    0.00197816    0.00713351    0.00565354    0.00003895 
angle (deg.)     :    54.6036  56.4561  48.4922  45.8220  58.0756  93.4177  80.0439  58.7488 
>
iteration       : 215
climbing        : no
zoom on         : no
nim             : 10
barrier         :   0.01689647 (image:  3) 
distance        :   0.00000000    7.78428595   10.83013304   12.66135891   14.51158634   16.37701031   19.82263571   29.30940400   47.44595643   65.06278107 
energy          : -2537.14379937  -2537.14141102  -2537.13447921  -2537.12690290  -2537.12693731  -2537.13542940  -2537.14199832  -2537.21142762  -2537.17358612  -2537.17943128 
max(|Fr_perp|)   :   0.00000000    0.00134559    0.00134180    0.00067670    0.00109331    0.00056670    0.00128761    0.00315368    0.00646608    0.00000000 
Fr_paral         :   0.00000000   -0.00034428   -0.00469265   -0.00206157    0.00195763    0.01476291    0.00706316   -0.00107279    0.00073328    0.00000000 
max(|Fsp_paral|) :   0.00000000    0.00106190    0.00059240    0.00078962    0.00048871    0.00108228    0.00068423    0.00103484    0.00113811    0.00000000 
max(|Fsp_perp|)  :   0.00000000    0.00000000    0.00000000    0.00000000    0.00000000    0.00000000    0.00000000    0.00000000    0.00000000    0.00000000 
max(|FNEB|)      :   0.00000000    0.00133809    0.00136189    0.00096952    0.00103818    0.00135834    0.00160859    0.00367258    0.00684497    0.00000000 
max(|Force|)     :   0.00009233    0.00134613    0.00211200    0.00100713    0.00128272    0.00880876    0.00250770    0.00327704    0.00655469    0.00034335 
ksp              :   0.02272170    0.05964432    0.10000000    0.10000000    0.09981670    0.05458312    0.01959338    0.01000000    0.01000000 
max(|step|)      :   0.00000000    0.00382661    0.00464689    0.00459623    0.00534695    0.00330423    0.00673180    0.01519670    0.00958322    0.00023389 
angle (deg.)     :    54.5823  56.2692  47.8365  45.7459  58.1052  93.4361  80.1242  58.7929 
>
iteration       : 216
climbing        : no
zoom on         : no
nim             : 10
barrier         :   0.01688793 (image:  3) 
distance        :   0.00000000    7.79211187   10.82657273   12.65136896   14.49606954   16.35538913   19.79572407   29.28446790   47.42837475   65.06725629 
energy          : -2537.14379937  -2537.14141579  -2537.13444765  -2537.12691144  -2537.12699138  -2537.13548388  -2537.14205142  -2537.21166429  -2537.17363726  -2537.17943128 
max(|Fr_perp|)   :   0.00000000    0.00054799    0.00044916    0.00065430    0.00139111    0.00046279    0.00155744    0.00453804    0.00216901    0.00000000 
Fr_paral         :   0.00000000   -0.00038911   -0.00467920   -0.00206975    0.00199139    0.01454571    0.00709458   -0.00087571    0.00058953    0.00000000 
max(|Fsp_paral|) :   0.00000000    0.00103216    0.00037014    0.00083167    0.00027897    0.00099737    0.00111932    0.00042024    0.00110622    0.00000000 
max(|Fsp_perp|)  :   0.00000000    0.00000000    0.00000000    0.00000000    0.00000000    0.00000000    0.00000000    0.00000000    0.00000000    0.00000000 
max(|FNEB|)      :   0.00000000    0.00099786    0.00045024    0.00095876    0.00134450    0.00120011    0.00175734    0.00476455    0.00271535    0.00000000 
max(|Force|)     :   0.00009233    0.00055287    0.00203017    0.00105821    0.00125253    0.00862209    0.00254832    0.00464593    0.00221638    0.00034335 
ksp              :   0.02270267    0.05983766    0.10000000    0.10000000    0.09957398    0.05431534    0.01931526    0.01000000    0.01000000 
max(|step|)      :   0.00000000    0.00821057    0.00992134    0.01052714    0.01129853    0.00681206    0.01573976    0.02922009    0.01353818    0.00057840 
angle (deg.)     :    54.5368  55.8678  46.3395  45.6613  58.1764  93.4599  80.3024  58.8947 
>
iteration       : 217
climbing        : no
zoom on         : no
nim             : 10
barrier         :   0.01687702 (image:  3) 
distance        :   0.00000000    7.80954034   10.81850791   12.63102304   14.46132432   16.30875346   19.73363164   29.23224908   47.38783393   65.07661949 
energy          : -2537.14379937  -2537.14141736  -2537.13437175  -2537.12692235  -2537.12704608  -2537.13557307  -2537.14212621  -2537.21188268  -2537.17357189  -2537.17943128 
max(|Fr_perp|)   :   0.00000000    0.00061037    0.00100837    0.00061593    0.00228262    0.00102413    0.00197964    0.00854836    0.00781623    0.00000000 
Fr_paral         :   0.00000000   -0.00047941   -0.00464252   -0.00207953    0.00198760    0.01406121    0.00699438   -0.00063345    0.00051473    0.00000000 
max(|Fsp_paral|) :   0.00000000    0.00089306    0.00004672    0.00075037    0.00020738    0.00056210    0.00148976    0.00041266    0.00102319    0.00000000 
max(|Fsp_perp|)  :   0.00000000    0.00000000    0.00000000    0.00000000    0.00000000    0.00000000    0.00000000    0.00000000    0.00000000    0.00000000 
max(|FNEB|)      :   0.00000000    0.00087518    0.00100963    0.00088449    0.00224900    0.00105202    0.00221708    0.00832445    0.00837943    0.00000000 
max(|Force|)     :   0.00009233    0.00060955    0.00188194    0.00117817    0.00214731    0.00823926    0.00262713    0.00862636    0.00775413    0.00034335 
ksp              :   0.02270256    0.06027464    0.10000000    0.10000000    0.09934021    0.05386836    0.01892248    0.01000000    0.01000000 
max(|step|)      :   0.00000000    0.01307970    0.01211817    0.01668231    0.01532913    0.00853715    0.02579156    0.02751397    0.02178340    0.00071791 
angle (deg.)     :    54.4032  55.3574  44.0473  45.9037  58.2675  93.5018  80.5952  59.0645 
>
iteration       : 218
climbing        : no
zoom on         : no
nim             : 10
barrier         :   0.01686309 (image:  3) 
distance        :   0.00000000    7.84014391   10.80002106   12.59992647   14.41085213   16.24444936   19.63881824   29.16758765   47.33339457   65.10321411 
energy          : -2537.14379937  -2537.14140718  -2537.13428229  -2537.12693628  -2537.12705828  -2537.13570655  -2537.14222868  -2537.21225516  -2537.17357329  -2537.17943128 
max(|Fr_perp|)   :   0.00000000    0.00121550    0.00137834    0.00056608    0.00166203    0.00148036    0.00203764    0.01138687    0.01029541    0.00000000 
Fr_paral         :   0.00000000   -0.00060706   -0.00459623   -0.00210199    0.00190720    0.01350524    0.00696737   -0.00194420    0.00043930    0.00000000 
max(|Fsp_paral|) :   0.00000000    0.00031351    0.00002056    0.00047062    0.00045635    0.00093843    0.00169371    0.00145939    0.00086890    0.00000000 
max(|Fsp_perp|)  :   0.00000000    0.00000000    0.00000000    0.00000000    0.00000000    0.00000000    0.00000000    0.00000000    0.00000000    0.00000000 
max(|FNEB|)      :   0.00000000    0.00121850    0.00137790    0.00072295    0.00167736    0.00171076    0.00228303    0.01058986    0.01077380    0.00000000 
max(|Force|)     :   0.00009233    0.00121424    0.00176526    0.00139222    0.00168927    0.00779502    0.00279988    0.01162559    0.01024234    0.00034335 
ksp              :   0.02276735    0.06079358    0.10000000    0.10000000    0.09934884    0.05319219    0.01838295    0.01000000    0.01000000 
max(|step|)      :   0.00000000    0.02550081    0.02336861    0.03697511    0.03728087    0.01686257    0.05969176    0.04950653    0.04912626    0.00078390 
angle (deg.)     :    54.2650  54.3074  39.2268  47.3700  58.0154  93.6707  81.2667  59.4938 
>
iteration       : 219
climbing        : no
zoom on         : no
nim             : 10
barrier         :   0.01685817 (image:  4) 
distance        :   0.00000000    7.90053764   10.76605460   12.53860711   14.32716224   16.10765992   19.43721746   29.08866004   47.24789100   65.20223620 
energy          : -2537.14379937  -2537.14136063  -2537.13405839  -2537.12695993  -2537.12694120  -2537.13574210  -2537.14245147  -2537.21274635  -2537.17226012  -2537.17943128 
max(|Fr_perp|)   :   0.00000000    0.00182883    0.00598213    0.00205838    0.00887869    0.00240968    0.00269999    0.02205223    0.03511885    0.00000000 
Fr_paral         :   0.00000000   -0.00082859   -0.00450337   -0.00213096    0.00164392    0.01350930    0.00665255   -0.00405134    0.00100349    0.00000000 
max(|Fsp_paral|) :   0.00000000    0.00088962    0.00025499    0.00077810    0.00035251    0.00089962    0.00330434    0.00342502    0.00045081    0.00000000 
max(|Fsp_perp|)  :   0.00000000    0.00000000    0.00000000    0.00000000    0.00000000    0.00000000    0.00000000    0.00000000    0.00000000    0.00000000 
max(|FNEB|)      :   0.00000000    0.00182093    0.00598366    0.00208108    0.00888601    0.00238540    0.00425686    0.02391388    0.03494952    0.00000000 
max(|Force|)     :   0.00009233    0.00182727    0.00599371    0.00203117    0.00886376    0.00777819    0.00329748    0.02156957    0.03520179    0.00034335 
ksp              :   0.02301960    0.06200377    0.09990001    0.10000000    0.10000000    0.05301502    0.01719598    0.01000000    0.01000000 
max(|step|)      :   0.00000000    0.00693713    0.00643535    0.01186805    0.01027328    0.00519684    0.02069996    0.01600958    0.02102550    0.00046360 
angle (deg.)     :    54.2628  54.0300  37.6897  47.8602  57.9209  93.6861  81.4637  59.6355 
>
iteration       : 220
climbing        : no
zoom on         : no
nim             : 10
barrier         :   0.01683493 (image:  3) 
distance        :   0.00000000    7.91628218   10.75787746   12.52745671   14.30282380   16.06988997   19.36440222   29.07068969   47.21195972   65.22301081 
energy          : -2537.14379937  -2537.14134569  -2537.13403360  -2537.12696444  -2537.12707880  -2537.13575171  -2537.14245117  -2537.21355583  -2537.17352840  -2537.17943128 
max(|Fr_perp|)   :   0.00000000    0.00146604    0.00215180    0.00076892    0.00325104    0.00155261    0.00190495    0.00612364    0.01312031    0.00000000 
Fr_paral         :   0.00000000   -0.00086977   -0.00454325   -0.00213950    0.00170262    0.01356126    0.00636492   -0.00518045    0.00074146    0.00000000 
max(|Fsp_paral|) :   0.00000000    0.00131201    0.00008096    0.00025640    0.00084389    0.00055342    0.00239515    0.00315133    0.00028665    0.00000000 
max(|Fsp_perp|)  :   0.00000000    0.00000000    0.00000000    0.00000000    0.00000000    0.00000000    0.00000000    0.00000000    0.00000000    0.00000000 
max(|FNEB|)      :   0.00000000    0.00163397    0.00215107    0.00077197    0.00334690    0.00154222    0.00356580    0.00784863    0.01301513    0.00000000 
max(|Force|)     :   0.00009233    0.00146339    0.00216945    0.00170440    0.00316560    0.00784074    0.00321296    0.00670247    0.01318020    0.00034335 
ksp              :   0.02311743    0.06220804    0.10000000    0.10000000    0.09938860    0.05302298    0.01720750    0.01000000    0.01000000 
max(|step|)      :   0.00000000    0.00285962    0.00534934    0.00913805    0.00833462    0.00819737    0.02349261    0.02169255    0.01752211    0.00091215 
angle (deg.)     :    54.3953  53.8013  36.5807  48.4506  57.5475  93.6719  81.5911  59.7724 
>
iteration       : 221
climbing        : no
zoom on         : no
nim             : 10
barrier         :   0.01681489 (image:  3) 
distance        :   0.00000000    7.91616991   10.75952527   12.52700123   14.29072225   16.04346262   19.29212325   29.08579300   47.17774617   65.23099141 
energy          : -2537.14379937  -2537.14135863  -2537.13401046  -2537.12698448  -2537.12725195  -2537.13566312  -2537.14978791  -2537.21378609  -2537.17370480  -2537.17943128 
max(|Fr_perp|)   :   0.00000000    0.00078817    0.00048808    0.00072385    0.00242951    0.00092338    0.02482488    0.00592466    0.00644955    0.00000000 
Fr_paral         :   0.00000000   -0.00084852   -0.00461477   -0.00212541    0.00184330    0.01421915   -0.00040632   -0.00605495    0.00061302    0.00000000 
max(|Fsp_paral|) :   0.00000000    0.00108166    0.00028482    0.00016832    0.00160766    0.00070435    0.02356231    0.01773824    0.00008525    0.00000000 
max(|Fsp_perp|)  :   0.00000000    0.00000000    0.00000000    0.00000000    0.00000000    0.00000000    0.00000000    0.00000000    0.00000000    0.00000000 
max(|FNEB|)      :   0.00000000    0.00126644    0.00064633    0.00082240    0.00231634    0.00090216    0.02964286    0.01726601    0.00648046    0.00000000 
max(|Force|)     :   0.00009233    0.00077264    0.00192629    0.00160683    0.00248734    0.00833603    0.02485063    0.00721534    0.00640061    0.00034335 
ksp              :   0.02306383    0.06239418    0.10000000    0.10000000    0.09856843    0.05354847    0.01000000    0.01000000    0.01000000 
max(|step|)      :   0.00000000    0.00000000    0.00000000    0.00000000    0.00000000    0.00000000    0.00000000    0.00000000    0.00000000    0.00000000 
angle (deg.)     :    54.3953  53.8013  36.5807  48.4505  57.5475  93.6720  81.5912  59.7724 
>
iteration       : 222
climbing        : no
zoom on         : no
nim             : 10
barrier         :   0.01681481 (image:  3) 
distance        :   0.00000000    7.91616991   10.75952527   12.52700123   14.29072225   16.04346262   19.29212325   29.08579300   47.17774617   65.23099141 
energy          : -2537.14379937  -2537.14135866  -2537.13401051  -2537.12698456  -2537.12725219  -2537.13566332  -2537.14979774  -2537.21378327  -2537.17370577  -2537.17943128 
max(|Fr_perp|)   :   0.00000000    0.00078669    0.00048813    0.00072628    0.00242729    0.00092623    0.02466976    0.00595538    0.00641468    0.00000000 
Fr_paral         :   0.00000000   -0.00084861   -0.00461488   -0.00212325    0.00184364    0.01421781   -0.00038658   -0.00607995    0.00061438    0.00000000 
max(|Fsp_paral|) :   0.00000000    0.00108129    0.00028567    0.00016959    0.00160491    0.00068171    0.02354911    0.01773542    0.00008404    0.00000000 
max(|Fsp_perp|)  :   0.00000000    0.00000000    0.00000000    0.00000000    0.00000000    0.00000000    0.00000000    0.00000000    0.00000000    0.00000000 
max(|FNEB|)      :   0.00000000    0.00126651    0.00064637    0.00082287    0.00231608    0.00090424    0.02964284    0.01726918    0.00651864    0.00000000 
max(|Force|)     :   0.00009233    0.00077303    0.00192708    0.00160620    0.00248707    0.00833576    0.02485064    0.00721194    0.00643874    0.00034335 
ksp              :   0.02306394    0.06239409    0.10000000    0.10000000    0.09856849    0.05354833    0.01000000    0.01000000    0.01000000 
max(|step|)      :   0.00000000    0.00427257    0.00218054    0.00277595    0.00781329    0.00305044    0.10000000    0.05825751    0.02199059    0.00000000 
angle (deg.)     :    54.5047  53.8155  36.5181  48.3563  57.8659  92.5742  81.4950  59.8591 
>
iteration       : 223
climbing        : no
zoom on         : no
nim             : 10
barrier         :   0.01678713 (image:  3) 
distance        :   0.00000000    7.90603994   10.76453901   12.53246923   14.28535625   16.05211303   19.04401795   29.03353141   46.90658506   64.96102638 
energy          : -2537.14379937  -2537.14138272  -2537.13403292  -2537.12701224  -2537.12732878  -2537.13574262  -2537.14810136  -2537.21109763  -2537.17336146  -2537.17943128 
max(|Fr_perp|)   :   0.00000000    0.00054425    0.00121535    0.00079649    0.00280835    0.00100216    0.04425611    0.02088737    0.01913071    0.00000000 
Fr_paral         :   0.00000000   -0.00083844   -0.00462858   -0.00212522    0.00201332    0.01420505    0.00358569   -0.01738665    0.00088055    0.00000000 
max(|Fsp_paral|) :   0.00000000    0.00067747    0.00062881    0.00067689    0.00072029    0.00855288    0.01804671    0.01689333    0.00039981    0.00000000 
max(|Fsp_perp|)  :   0.00000000    0.00000000    0.00000000    0.00000000    0.00000000    0.00000000    0.00000000    0.00000000    0.00000000    0.00000000 
max(|FNEB|)      :   0.00000000    0.00090445    0.00122234    0.00123589    0.00279910    0.00863947    0.04366421    0.01747518    0.01927806    0.00000000 
max(|Force|)     :   0.00009233    0.00059336    0.00181035    0.00151528    0.00281991    0.00827777    0.04438111    0.02459071    0.01920224    0.00034335 
ksp              :   0.02295625    0.06236038    0.10000000    0.10000000    0.09830298    0.05319429    0.01000000    0.01000000    0.01000000 
max(|step|)      :   0.00000000    0.00451438    0.00257482    0.00348304    0.00830226    0.00540471    0.10000000    0.05992884    0.00373049    0.00102052 
angle (deg.)     :    54.6141  53.8432  36.4712  48.3351  57.9896  91.4116  81.4190  59.9737 
>
iteration       : 224
climbing        : no
zoom on         : no
nim             : 10
barrier         :   0.01675655 (image:  3) 
distance        :   0.00000000    7.89557844   10.76917522   12.53756636   14.28103063   16.04958118   18.77527253   28.99167654   46.62178989   64.67575574 
energy          : -2537.14379937  -2537.14140592  -2537.13406085  -2537.12704283  -2537.12738094  -2537.13563236  -2537.14550686  -2537.20625979  -2537.17321116  -2537.17943128 
max(|Fr_perp|)   :   0.00000000    0.00043615    0.00116222    0.00077727    0.00304482    0.00079298    0.06339565    0.03519278    0.02252734    0.00000000 
Fr_paral         :   0.00000000   -0.00082107   -0.00464218   -0.00212553    0.00212799    0.01449108    0.00328033   -0.02818085    0.00091135    0.00000000 
max(|Fsp_paral|) :   0.00000000    0.00029620    0.00094310    0.00112487    0.00032253    0.01580771    0.01341332    0.01595498    0.00093573    0.00000000 
max(|Fsp_perp|)  :   0.00000000    0.00000000    0.00000000    0.00000000    0.00000000    0.00000000    0.00000000    0.00000000    0.00000000    0.00000000 
max(|FNEB|)      :   0.00000000    0.00056846    0.00118308    0.00157871    0.00312998    0.01580988    0.06310941    0.01971543    0.02302955    0.00000000 
max(|Force|)     :   0.00009233    0.00046695    0.00170628    0.00141285    0.00298263    0.00852808    0.06399663    0.04117741    0.02275716    0.00034335 
ksp              :   0.02285542    0.06230610    0.10000000    0.10000000    0.09818459    0.05385190    0.01000000    0.01000000    0.01000000 
max(|step|)      :   0.00000000    0.00083703    0.00174203    0.00232457    0.00460875    0.02327928    0.09292556    0.02903002    0.03390990    0.00000000 
angle (deg.)     :    54.6121  53.8836  36.4966  48.4290  57.0497  90.9187  81.3438  60.0397 
>
iteration       : 225
climbing        : no
zoom on         : no
nim             : 10
barrier         :   0.01674012 (image:  3) 
distance        :   0.00000000    7.89438434   10.76774070   12.53605542   14.28215868   16.01307842   18.69895795   28.99430251   46.54215497   64.58997344 
energy          : -2537.14379937  -2537.14141012  -2537.13408098  -2537.12705925  -2537.12740130  -2537.13505036  -2537.14877926  -2537.20806186  -2537.17352954  -2537.17943128 
max(|Fr_perp|)   :   0.00000000    0.00050020    0.00106040    0.00082665    0.00326566    0.00076840    0.03438623    0.02032767    0.01607966    0.00000000 
Fr_paral         :   0.00000000   -0.00081683   -0.00464451   -0.00212297    0.00209048    0.01527016    0.00247850   -0.01995558    0.00045618    0.00000000 
max(|Fsp_paral|) :   0.00000000    0.00031145    0.00086832    0.00100352    0.00211013    0.00984055    0.01527742    0.01531765    0.00110297    0.00000000 
max(|Fsp_perp|)  :   0.00000000    0.00000000    0.00000000    0.00000000    0.00000000    0.00000000    0.00000000    0.00000000    0.00000000    0.00000000 
max(|FNEB|)      :   0.00000000    0.00057839    0.00104653    0.00141675    0.00296493    0.00951068    0.03706850    0.01534400    0.01568030    0.00000000 
max(|Force|)     :   0.00009233    0.00050341    0.00174905    0.00137239    0.00339937    0.00932061    0.03425391    0.02454238    0.01604322    0.00034335 
ksp              :   0.02284534    0.06224906    0.10000000    0.10000000    0.09816106    0.05703734    0.01000000    0.01000000    0.01000000 
max(|step|)      :   0.00000000    0.00117968    0.00178441    0.00304639    0.00303921    0.02479566    0.03997813    0.03372714    0.00231257    0.00054722 
angle (deg.)     :    54.6119  53.9369  36.5284  48.4267  55.9834  90.2761  81.2528  60.1153 
>
iteration       : 226
climbing        : no
zoom on         : no
nim             : 10
barrier         :   0.01671843 (image:  3) 
distance        :   0.00000000    7.89265881   10.76589495   12.53415274   14.27871018   15.97256009   18.58985201   28.99510650   46.43082267   64.46907876 
energy          : -2537.14379937  -2537.14141578  -2537.13410856  -2537.12708094  -2537.12740858  -2537.13439100  -2537.14757465  -2537.20789602  -2537.17357942  -2537.17943128 
max(|Fr_perp|)   :   0.00000000    0.00028837    0.00060452    0.00058980    0.00273500    0.00108745    0.04581773    0.00994747    0.01496595    0.00000000 
Fr_paral         :   0.00000000   -0.00081335   -0.00464915   -0.00211747    0.00209157    0.01587941    0.00120252   -0.01489982    0.00038784    0.00000000 
max(|Fsp_paral|) :   0.00000000    0.00033076    0.00076675    0.00107137    0.00362012    0.00451282    0.01681319    0.01465461    0.00132966    0.00000000 
max(|Fsp_perp|)  :   0.00000000    0.00000000    0.00000000    0.00000000    0.00000000    0.00000000    0.00000000    0.00000000    0.00000000    0.00000000 
max(|FNEB|)      :   0.00000000    0.00055043    0.00080580    0.00140381    0.00364523    0.00393362    0.04898502    0.01489752    0.01448491    0.00000000 
max(|Force|)     :   0.00009233    0.00041953    0.00180322    0.00128963    0.00287007    0.00992929    0.04574807    0.01305086    0.01493498    0.00034335 
ksp              :   0.02283155    0.06216835    0.10000000    0.10000000    0.09823624    0.06064790    0.01000000    0.01000000    0.01000000 
max(|step|)      :   0.00000000    0.00306473    0.00463169    0.00816154    0.01327392    0.04648787    0.10000000    0.08585890    0.01013055    0.00132927 
angle (deg.)     :    54.6203  54.0695  36.6230  48.0478  53.8462  88.7390  81.1691  60.2947 
>
iteration       : 227
climbing        : no
zoom on         : no
nim             : 10
barrier         :   0.01666331 (image:  3) 
distance        :   0.00000000    7.88782688   10.76164324   12.52839665   14.25731027   15.89165748   18.29846036   29.01090231   46.16307505   64.17187795 
energy          : -2537.14379937  -2537.14142892  -2537.13416928  -2537.12713606  -2537.12736423  -2537.13308457  -2537.14567533  -2537.20458724  -2537.17320593  -2537.17943128 
max(|Fr_perp|)   :   0.00000000    0.00093207    0.00218364    0.00133384    0.00456188    0.00150938    0.04736264    0.01205107    0.02477382    0.00000000 
Fr_paral         :   0.00000000   -0.00079961   -0.00463738   -0.00215354    0.00207489    0.01650197   -0.00008172   -0.01102793    0.00032121    0.00000000 
max(|Fsp_paral|) :   0.00000000    0.00034656    0.00065352    0.00171352    0.00515924    0.00111640    0.01765130    0.01326153    0.00189328    0.00000000 
max(|Fsp_perp|)  :   0.00000000    0.00000000    0.00000000    0.00000000    0.00000000    0.00000000    0.00000000    0.00000000    0.00000000    0.00000000 
max(|FNEB|)      :   0.00000000    0.00095362    0.00219412    0.00191286    0.00515671    0.00205380    0.05095979    0.01888269    0.02435395    0.00000000 
max(|Force|)     :   0.00009233    0.00094990    0.00216977    0.00120843    0.00473628    0.01062358    0.04762386    0.01100310    0.02501369    0.00034335 
ksp              :   0.02280296    0.06201338    0.10000000    0.10000000    0.09876837    0.06787306    0.01000000    0.01000000    0.01000000 
max(|step|)      :   0.00000000    0.00187131    0.00430560    0.00375366    0.01011917    0.00403024    0.10000000    0.03705409    0.04779051    0.00000000 
angle (deg.)     :    54.6312  54.1022  36.6966  47.5443  53.8814  88.2415  81.1842  60.3143 
>
iteration       : 228
climbing        : no
zoom on         : no
nim             : 10
barrier         :   0.01664062 (image:  3) 
distance        :   0.00000000    7.88593830   10.76068508   12.52390923   14.23776735   15.89100635   18.19278109   29.00574000   46.07554544   64.06779047 
energy          : -2537.14379937  -2537.14143227  -2537.13417956  -2537.12715875  -2537.12730218  -2537.13316492  -2537.14751897  -2537.20334130  -2537.17256352  -2537.17943128 
max(|Fr_perp|)   :   0.00000000    0.00158947    0.00382877    0.00186816    0.00581324    0.00104358    0.04116467    0.01643638    0.03215013    0.00000000 
Fr_paral         :   0.00000000   -0.00080197   -0.00462016   -0.00217926    0.00212326    0.01637673    0.00435942   -0.01811654    0.00070954    0.00000000 
max(|Fsp_paral|) :   0.00000000    0.00031555    0.00084384    0.00223054    0.00330929    0.00507227    0.01485777    0.01279465    0.00203897    0.00000000 
max(|Fsp_perp|)  :   0.00000000    0.00000000    0.00000000    0.00000000    0.00000000    0.00000000    0.00000000    0.00000000    0.00000000    0.00000000 
max(|FNEB|)      :   0.00000000    0.00158418    0.00383778    0.00238247    0.00631921    0.00421845    0.04024180    0.02328149    0.03291230    0.00000000 
max(|Force|)     :   0.00009233    0.00158665    0.00384966    0.00201738    0.00566696    0.01047365    0.04124977    0.01654414    0.03220876    0.00034335 
ksp              :   0.02280237    0.06202829    0.10000000    0.10000000    0.09922427    0.06751592    0.01000000    0.01000000    0.01000000 
max(|step|)      :   0.00000000    0.00077493    0.00196567    0.00374659    0.00700555    0.00336887    0.02983603    0.02305075    0.01261564    0.00029488 
angle (deg.)     :    54.6358  54.1377  36.7757  47.2147  53.7246  87.8252  81.1978  60.3468 
>
iteration       : 229
climbing        : no
zoom on         : no
nim             : 10
barrier         :   0.01661195 (image:  3) 
distance        :   0.00000000    7.88437105   10.75954627   12.51921758   14.22486757   15.88211430   18.10557797   29.00670815   46.00513406   63.98223581 
energy          : -2537.14379937  -2537.14143846  -2537.13421223  -2537.12718742  -2537.12730746  -2537.13306922  -2537.14730397  -2537.20218833  -2537.17337675  -2537.17943128 
max(|Fr_perp|)   :   0.00000000    0.00055126    0.00141529    0.00090077    0.00314805    0.00087859    0.03921057    0.01870676    0.02072702    0.00000000 
Fr_paral         :   0.00000000   -0.00079284   -0.00463326   -0.00219169    0.00212763    0.01635271    0.00475838   -0.02130115    0.00067980    0.00000000 
max(|Fsp_paral|) :   0.00000000    0.00033619    0.00089808    0.00244118    0.00266816    0.00772106    0.01341682    0.01245378    0.00216379    0.00000000 
max(|Fsp_perp|)  :   0.00000000    0.00000000    0.00000000    0.00000000    0.00000000    0.00000000    0.00000000    0.00000000    0.00000000    0.00000000 
max(|FNEB|)      :   0.00000000    0.00054496    0.00142769    0.00258112    0.00355149    0.00684247    0.03836957    0.01537892    0.02152690    0.00000000 
max(|Force|)     :   0.00009233    0.00054814    0.00186070    0.00113035    0.00300301    0.01047710    0.03930477    0.02301019    0.02078258    0.00034335 
ksp              :   0.02279089    0.06194108    0.10000000    0.10000000    0.09934963    0.06813365    0.01000000    0.01000000    0.01000000 
max(|step|)      :   0.00000000    0.00284531    0.00515816    0.01407199    0.02368725    0.01629269    0.10000000    0.08550014    0.02197252    0.00148143 
angle (deg.)     :    54.6518  54.2719  37.0943  46.1825  52.6094  86.3129  81.3064  60.4830 
>
iteration       : 230
climbing        : no
zoom on         : no
nim             : 10
barrier         :   0.01657103 (image:  4) 
distance        :   0.00000000    7.87857145   10.75532884   12.50155774   14.18311514   15.84004423   17.80313407   29.02733763   45.77756217   63.69846170 
energy          : -2537.14379937  -2537.14145317  -2537.13428529  -2537.12728133  -2537.12722834  -2537.13250140  -2537.14682876  -2537.19698091  -2537.17389114  -2537.17943128 
max(|Fr_perp|)   :   0.00000000    0.00022409    0.00034495    0.00043535    0.00064275    0.00095991    0.02428469    0.03267339    0.00224979    0.00000000 
Fr_paral         :   0.00000000   -0.00077275   -0.00461353   -0.00223928    0.00206700    0.01631908    0.00609315   -0.02906854    0.00035538    0.00000000 
max(|Fsp_paral|) :   0.00000000    0.00036984    0.00138706    0.00269208    0.00112165    0.01501033    0.00897634    0.01138694    0.00259171    0.00000000 
max(|Fsp_perp|)  :   0.00000000    0.00000000    0.00000000    0.00000000    0.00000000    0.00000000    0.00000000    0.00000000    0.00000000    0.00000000 
max(|FNEB|)      :   0.00000000    0.00050058    0.00125121    0.00273836    0.00122802    0.01405793    0.02384443    0.02205163    0.00323545    0.00000000 
max(|Force|)     :   0.00009233    0.00029338    0.00180462    0.00105362    0.00099615    0.01051964    0.02472534    0.03845013    0.00231243    0.00034335 
ksp              :   0.02274259    0.06167355    0.09971341    0.10000000    0.10000000    0.07133904    0.01000000    0.01000000    0.01000000 
max(|step|)      :   0.00000000    0.00141848    0.00354550    0.00775960    0.00347978    0.03983544    0.06756706    0.06248686    0.00916818    0.00000000 
angle (deg.)     :    54.6284  54.3940  37.3019  46.2452  50.4615  85.5238  81.3824  60.6016 
>
iteration       : 231
climbing        : no
zoom on         : no
nim             : 10
barrier         :   0.01657613 (image:  4) 
distance        :   0.00000000    7.87565385   10.75112915   12.49220066   14.18370625   15.77358455   17.71121865   29.07131567   45.73743345   63.62564695 
energy          : -2537.14379937  -2537.14145974  -2537.13433568  -2537.12733258  -2537.12722324  -2537.13133167  -2537.14454596  -2537.19830825  -2537.17387588  -2537.17943128 
max(|Fr_perp|)   :   0.00000000    0.00024868    0.00065785    0.00043005    0.00118211    0.00099834    0.04371943    0.00661128    0.00577020    0.00000000 
Fr_paral         :   0.00000000   -0.00075900   -0.00459914   -0.00227413    0.00201341    0.01641899    0.00311472   -0.01492091    0.00027403    0.00000000 
max(|Fsp_paral|) :   0.00000000    0.00048293    0.00143893    0.00177108    0.00456039    0.00495643    0.01214197    0.01092220    0.00270652    0.00000000 
max(|Fsp_perp|)  :   0.00000000    0.00000000    0.00000000    0.00000000    0.00000000    0.00000000    0.00000000    0.00000000    0.00000000    0.00000000 
max(|FNEB|)      :   0.00000000    0.00060997    0.00132936    0.00178506    0.00453541    0.00395809    0.04591094    0.01123974    0.00637226    0.00000000 
max(|Force|)     :   0.00009233    0.00028799    0.00181880    0.00104066    0.00131536    0.01063295    0.04353464    0.00892345    0.00574809    0.00034335 
ksp              :   0.02270300    0.06138303    0.09940635    0.10000000    0.10000000    0.07769333    0.01000000    0.01000000    0.01000000 
max(|step|)      :   0.00000000    0.00205699    0.00479821    0.00866100    0.00996441    0.03601604    0.04752811    0.04886930    0.01007315    0.00106970 
angle (deg.)     :    54.6010  54.5613  37.5097  45.9585  48.2585  84.6117  81.5142  60.7177 
>
iteration       : 232
climbing        : no
zoom on         : no
nim             : 10
barrier         :   0.01660796 (image:  4) 
distance        :   0.00000000    7.87129536   10.74584330   12.48301732   14.17177931   15.70993061   17.58626179   29.12581112   45.68594917   63.53027735 
energy          : -2537.14379937  -2537.14146902  -2537.13440361  -2537.12739349  -2537.12719141  -2537.13025741  -2537.14547924  -2537.19588423  -2537.17394542  -2537.17943128 
max(|Fr_perp|)   :   0.00000000    0.00025023    0.00034278    0.00046142    0.00050081    0.00116803    0.02890285    0.01379516    0.00104719    0.00000000 
Fr_paral         :   0.00000000   -0.00074002   -0.00457989   -0.00231772    0.00198419    0.01614523    0.00417306   -0.00975250    0.00020432    0.00000000 
max(|Fsp_paral|) :   0.00000000    0.00063322    0.00137618    0.00132666    0.00670275    0.00155156    0.01367764    0.01044167    0.00284625    0.00000000 
max(|Fsp_perp|)  :   0.00000000    0.00000000    0.00000000    0.00000000    0.00000000    0.00000000    0.00000000    0.00000000    0.00000000    0.00000000 
max(|FNEB|)      :   0.00000000    0.00074997    0.00128782    0.00131483    0.00657848    0.00248845    0.03091446    0.02097437    0.00280802    0.00000000 
max(|Force|)     :   0.00009233    0.00029960    0.00182608    0.00103443    0.00100731    0.01041510    0.02869842    0.01375666    0.00106644    0.00034335 
ksp              :   0.02262836    0.06091646    0.09890492    0.10000000    0.10000000    0.08338510    0.01000000    0.01000000    0.01000000 
max(|step|)      :   0.00000000    0.00492795    0.01016946    0.01670185    0.02922638    0.05251020    0.09135961    0.10000000    0.02130665    0.00135017 
angle (deg.)     :    54.5602  54.9194  37.8570  44.7826  44.4558  82.8938  81.9096  60.9290 
>
iteration       : 233
climbing        : no
zoom on         : no
nim             : 10
barrier         :   0.01671879 (image:  4) 
distance        :   0.00000000    7.86044504   10.73590973   12.46751855   14.12777630   15.61166105   17.31783955   29.24611085   45.59234602   63.34050425 
energy          : -2537.14379937  -2537.14148972  -2537.13454350  -2537.12751696  -2537.12708058  -2537.12871131  -2537.14500865  -2537.19143619  -2537.17389513  -2537.17943128 
max(|Fr_perp|)   :   0.00000000    0.00051208    0.00124523    0.00048148    0.00157371    0.00106526    0.02028484    0.01880978    0.00785485    0.00000000 
Fr_paral         :   0.00000000   -0.00069053   -0.00452677   -0.00240452    0.00193820    0.01521519    0.00558446   -0.00846697    0.00018453    0.00000000 
max(|Fsp_paral|) :   0.00000000    0.00090775    0.00122083    0.00139438    0.00752772    0.00421203    0.01236907    0.00947237    0.00311075    0.00000000 
max(|Fsp_perp|)  :   0.00000000    0.00000000    0.00000000    0.00000000    0.00000000    0.00000000    0.00000000    0.00000000    0.00000000    0.00000000 
max(|FNEB|)      :   0.00000000    0.00101699    0.00124346    0.00135667    0.00748764    0.00502254    0.02259618    0.02646921    0.00888114    0.00000000 
max(|Force|)     :   0.00009233    0.00052651    0.00181515    0.00105750    0.00171484    0.00967464    0.02014825    0.01750312    0.00795310    0.00034335 
ksp              :   0.02243365    0.05982780    0.09765286    0.10000000    0.10000000    0.09123010    0.01000000    0.01000000    0.01000000 
max(|step|)      :   0.00000000    0.00286421    0.00350202    0.00382085    0.02108783    0.01414524    0.06363878    0.07454660    0.02501241    0.00000000 
angle (deg.)     :    54.5829  55.0283  37.7952  43.9788  44.8746  82.5039  82.0495  60.9230 
>
iteration       : 234
climbing        : no
zoom on         : no
nim             : 10
barrier         :   0.01682460 (image:  4) 
distance        :   0.00000000    7.85325842   10.73512978   12.46698139   14.08656806   15.63029067   17.22663206   29.27320278   45.56495967   63.27465937 
energy          : -2537.14379937  -2537.14149856  -2537.13457636  -2537.12755001  -2537.12697477  -2537.12904595  -2537.14282211  -2537.19135252  -2537.17333235  -2537.17943128 
max(|Fr_perp|)   :   0.00000000    0.00155916    0.00387336    0.00108396    0.00433440    0.00088694    0.04843260    0.01529881    0.01907146    0.00000000 
Fr_paral         :   0.00000000   -0.00067128   -0.00449968   -0.00244156    0.00192368    0.01533451    0.00558397   -0.02173752   -0.00000733    0.00000000 
max(|Fsp_paral|) :   0.00000000    0.00088340    0.00130576    0.00266736    0.00324050    0.00722268    0.01413595    0.00441785    0.00314662    0.00000000 
max(|Fsp_perp|)  :   0.00000000    0.00000000    0.00000000    0.00000000    0.00000000    0.00000000    0.00000000    0.00000000    0.00000000    0.00000000 
max(|FNEB|)      :   0.00000000    0.00154063    0.00388654    0.00264179    0.00478879    0.00633574    0.04886381    0.01884948    0.02018355    0.00000000 
max(|Force|)     :   0.00009233    0.00155619    0.00389222    0.00125269    0.00421918    0.00980120    0.04849063    0.01905947    0.01907227    0.00034335 
ksp              :   0.02230773    0.05933675    0.09692285    0.10000000    0.10000000    0.08892060    0.01522768    0.01000000    0.01000000 
max(|step|)      :   0.00000000    0.00122769    0.00304978    0.00116686    0.00336467    0.00622336    0.04041270    0.02329506    0.01589756    0.00050189 
angle (deg.)     :    54.5825  55.0398  37.8349  44.0283  44.5099  82.6010  81.9438  60.9158 
>
iteration       : 235
climbing        : no
zoom on         : no
nim             : 10
barrier         :   0.01679203 (image:  4) 
distance        :   0.00000000    7.85269003   10.73494437   12.46549762   14.08996746   15.62053327   17.26750173   29.28047072   45.59344093   63.29981523 
energy          : -2537.14379937  -2537.14150198  -2537.13459477  -2537.12755877  -2537.12700734  -2537.12887764  -2537.14573585  -2537.19261415  -2537.17402295  -2537.17943128 
max(|Fr_perp|)   :   0.00000000    0.00023573    0.00038101    0.00044455    0.00054216    0.00086320    0.00303607    0.00634069    0.00168409    0.00000000 
Fr_paral         :   0.00000000   -0.00066305   -0.00451346   -0.00243937    0.00189770    0.01525264    0.00784984   -0.01685090    0.00021069    0.00000000 
max(|Fsp_paral|) :   0.00000000    0.00088696    0.00127593    0.00248439    0.00399857    0.00283258    0.00958993    0.00909162    0.00309419    0.00000000 
max(|Fsp_perp|)  :   0.00000000    0.00000000    0.00000000    0.00000000    0.00000000    0.00000000    0.00000000    0.00000000    0.00000000    0.00000000 
max(|FNEB|)      :   0.00000000    0.00100102    0.00118393    0.00245610    0.00411581    0.00196938    0.01006194    0.00962336    0.00313079    0.00000000 
max(|Force|)     :   0.00009233    0.00028450    0.00178119    0.00107486    0.00086946    0.00973602    0.00453406    0.00894020    0.00165862    0.00034335 
ksp              :   0.02231327    0.05933377    0.09704449    0.10000000    0.10000000    0.08997579    0.01000000    0.01000000    0.01000000 
max(|step|)      :   0.00000000    0.00128899    0.00151813    0.00278228    0.00632434    0.00180273    0.00905920    0.00892160    0.00513231    0.00020561 
angle (deg.)     :    54.5905  55.0916  37.8629  43.8301  44.3258  82.4814  81.9557  60.9228 
>
iteration       : 236
climbing        : no
zoom on         : no
nim             : 10
barrier         :   0.01681550 (image:  4) 
distance        :   0.00000000    7.84947014   10.73445719   12.46345823   14.07961879   15.61785186   17.25337210   29.29899262   45.60119444   63.29006989 
energy          : -2537.14379937  -2537.14150670  -2537.13461507  -2537.12757996  -2537.12698387  -2537.12882652  -2537.14561199  -2537.19241902  -2537.17400691  -2537.17943128 
max(|Fr_perp|)   :   0.00000000    0.00040673    0.00088971    0.00044864    0.00081681    0.00087010    0.00733731    0.00706997    0.00451158    0.00000000 
Fr_paral         :   0.00000000   -0.00065157   -0.00450583   -0.00245239    0.00184739    0.01519663    0.00791145   -0.01798213    0.00022079    0.00000000 
max(|Fsp_paral|) :   0.00000000    0.00087546    0.00136057    0.00260916    0.00330089    0.00371848    0.00924109    0.00899846    0.00307974    0.00000000 
max(|Fsp_perp|)  :   0.00000000    0.00000000    0.00000000    0.00000000    0.00000000    0.00000000    0.00000000    0.00000000    0.00000000    0.00000000 
max(|FNEB|)      :   0.00000000    0.00099260    0.00126251    0.00257266    0.00346616    0.00284837    0.00866286    0.00967947    0.00608729    0.00000000 
max(|Force|)     :   0.00009233    0.00041012    0.00177036    0.00107287    0.00087570    0.00969798    0.00703092    0.01023348    0.00453667    0.00034335 
ksp              :   0.02227084    0.05915626    0.09680962    0.10000000    0.10000000    0.09013780    0.01000000    0.01000000    0.01000000 
max(|step|)      :   0.00000000    0.01418966    0.01729600    0.03160766    0.06487998    0.02301202    0.08809051    0.10000000    0.04330855    0.00281968 
angle (deg.)     :    54.6721  55.6908  38.2244  42.1718  41.8354  81.2352  82.1525  61.0326 
>
iteration       : 237
climbing        : no
zoom on         : no
nim             : 10
barrier         :   0.01703947 (image:  4) 
distance        :   0.00000000    7.81431360   10.72844023   12.44051036   13.97977003   15.58398839   17.11820732   29.52735950   45.72114872   63.21769143 
energy          : -2537.14379937  -2537.14155445  -2537.13484664  -2537.12782320  -2537.12675990  -2537.12808273  -2537.14304506  -2537.18806237  -2537.17371800  -2537.17943128 
max(|Fr_perp|)   :   0.00000000    0.00107526    0.00252774    0.00080140    0.00342106    0.00086090    0.03673089    0.03077762    0.01741922    0.00000000 
Fr_paral         :   0.00000000   -0.00052336   -0.00442191   -0.00258825    0.00147031    0.01441811    0.00698080   -0.02655557    0.00014915    0.00000000 
max(|Fsp_paral|) :   0.00000000    0.00081435    0.00219808    0.00346720    0.00259267    0.01012381    0.01164856    0.00301278    0.00289349    0.00000000 
max(|Fsp_perp|)  :   0.00000000    0.00000000    0.00000000    0.00000000    0.00000000    0.00000000    0.00000000    0.00000000    0.00000000    0.00000000 
max(|FNEB|)      :   0.00000000    0.00111290    0.00252437    0.00330435    0.00377009    0.00930016    0.03492459    0.03322985    0.01657778    0.00000000 
max(|Force|)     :   0.00009233    0.00109298    0.00253058    0.00100385    0.00352772    0.00912160    0.03657884    0.03529179    0.01763257    0.00034335 
ksp              :   0.02185729    0.05728768    0.09438223    0.10000000    0.10000000    0.09299714    0.01417567    0.01000000    0.01000000 
max(|step|)      :   0.00000000    0.00173241    0.00392960    0.00514378    0.00586877    0.01447726    0.05436596    0.05172782    0.02580608    0.00000000 
angle (deg.)     :    54.6471  55.8155  38.4167  42.3202  40.8208  81.2200  82.0152  61.0468 
>
iteration       : 238
climbing        : no
zoom on         : no
nim             : 10
barrier         :   0.01701548 (image:  4) 
distance        :   0.00000000    7.81061754   10.72538926   12.43567821   13.99644232   15.56377082   17.17402815   29.55610852   45.77860909   63.25562265 
energy          : -2537.14379937  -2537.14155925  -2537.13488707  -2537.12786200  -2537.12678389  -2537.12770022  -2537.14507132  -2537.19157641  -2537.17375886  -2537.17943128 
max(|Fr_perp|)   :   0.00000000    0.00114396    0.00284090    0.00078613    0.00321714    0.00065662    0.01824038    0.00665401    0.01490957    0.00000000 
Fr_paral         :   0.00000000   -0.00051865   -0.00441507   -0.00261047    0.00150406    0.01413047    0.00788951   -0.01616786   -0.00003209    0.00000000 
max(|Fsp_paral|) :   0.00000000    0.00086674    0.00216050    0.00235417    0.00028658    0.00201698    0.01029943    0.00799039    0.00279224    0.00000000 
max(|Fsp_perp|)  :   0.00000000    0.00000000    0.00000000    0.00000000    0.00000000    0.00000000    0.00000000    0.00000000    0.00000000    0.00000000 
max(|FNEB|)      :   0.00000000    0.00112254    0.00286138    0.00217619    0.00318879    0.00136036    0.01744185    0.01087415    0.01593803    0.00000000 
max(|Force|)     :   0.00009233    0.00114125    0.00285804    0.00100392    0.00315217    0.00877279    0.01845466    0.00876277    0.01490694    0.00034335 
ksp              :   0.02184867    0.05713985    0.09429755    0.10000000    0.10000000    0.09515325    0.01000000    0.01000000    0.01000000 
max(|step|)      :   0.00000000    0.00077876    0.00186930    0.00181254    0.00201348    0.00167239    0.00994255    0.00700202    0.01023433    0.00011593 
angle (deg.)     :    54.6354  55.8787  38.4581  42.3805  40.6759  81.1190  82.0676  61.0669 
>
iteration       : 239
climbing        : no
zoom on         : no
nim             : 10
barrier         :   0.01699654 (image:  4) 
distance        :   0.00000000    7.80863313   10.72395955   12.43466949   14.00067552   15.56329532   17.15865854   29.56786616   45.78230541   63.24960494 
energy          : -2537.14379937  -2537.14156314  -2537.13491528  -2537.12787794  -2537.12680283  -2537.12765021  -2537.14533393  -2537.19149623  -2537.17413717  -2537.17943128 
max(|Fr_perp|)   :   0.00000000    0.00030136    0.00042404    0.00050528    0.00082215    0.00063588    0.00538950    0.00459533    0.00433838    0.00000000 
Fr_paral         :   0.00000000   -0.00050951   -0.00441597   -0.00261596    0.00150243    0.01408145    0.00839744   -0.01570111    0.00009348    0.00000000 
max(|Fsp_paral|) :   0.00000000    0.00089852    0.00203375    0.00214181    0.00015012    0.00223243    0.00991641    0.00794430    0.00278921    0.00000000 
max(|Fsp_perp|)  :   0.00000000    0.00000000    0.00000000    0.00000000    0.00000000    0.00000000    0.00000000    0.00000000    0.00000000    0.00000000 
max(|FNEB|)      :   0.00000000    0.00101573    0.00188756    0.00197919    0.00083659    0.00159656    0.00918820    0.00808719    0.00535803    0.00000000 
max(|Force|)     :   0.00009233    0.00025097    0.00166199    0.00102155    0.00075810    0.00872932    0.00567091    0.00770054    0.00434599    0.00034335 
ksp              :   0.02184130    0.05704300    0.09430710    0.10000000    0.10000000    0.09551296    0.01000000    0.01000000    0.01000000 
max(|step|)      :   0.00000000    0.00484822    0.00940837    0.01065621    0.00450569    0.01210364    0.03157300    0.03509223    0.02730203    0.00074119 
angle (deg.)     :    54.5752  56.2501  38.6960  42.7670  39.6857  80.5639  82.3672  61.1820 
>
iteration       : 240
climbing        : no
zoom on         : no
nim             : 10
barrier         :   0.01700753 (image:  4) 
distance        :   0.00000000    7.79633489   10.71597648   12.42919623   14.02449765   15.55705218   17.07857785   29.64395251   45.81573411   63.22390436 
energy          : -2537.14379937  -2537.14157564  -2537.13502120  -2537.12796640  -2537.12679184  -2537.12730039  -2537.14423036  -2537.19029536  -2537.17337723  -2537.17943128 
max(|Fr_perp|)   :   0.00000000    0.00165289    0.00394578    0.00110369    0.00436332    0.00078755    0.01626690    0.01026160    0.02289888    0.00000000 
Fr_paral         :   0.00000000   -0.00047353   -0.00434974   -0.00267055    0.00164008    0.01373077    0.00832430   -0.01300314    0.00019419    0.00000000 
max(|Fsp_paral|) :   0.00000000    0.00103348    0.00169232    0.00051694    0.00308507    0.00299925    0.00787438    0.00753726    0.00275341    0.00000000 
max(|Fsp_perp|)  :   0.00000000    0.00000000    0.00000000    0.00000000    0.00000000    0.00000000    0.00000000    0.00000000    0.00000000    0.00000000 
max(|FNEB|)      :   0.00000000    0.00168448    0.00391719    0.00102967    0.00412980    0.00253974    0.01728118    0.01431185    0.02189513    0.00000000 
max(|Force|)     :   0.00009233    0.00165595    0.00391579    0.00111708    0.00442436    0.00838285    0.01589004    0.01049219    0.02288312    0.00034335 
ksp              :   0.02176749    0.05645208    0.09378446    0.10000000    0.10000000    0.09730885    0.01000000    0.01000000    0.01000000 
max(|step|)      :   0.00000000    0.00964379    0.01779443    0.01733167    0.00486803    0.02451314    0.05893067    0.06780050    0.02665944    0.00098110 
angle (deg.)     :    54.4812  56.9526  38.9394  43.6207  37.5455  79.5932  82.9420  61.4045 
>
iteration       : 241
climbing        : no
zoom on         : no
nim             : 10
barrier         :   0.01716541 (image:  5) 
distance        :   0.00000000    7.77176987   10.70206468   12.42525080   14.05888865   15.54440520   16.93519218   29.80774978   45.89727996   63.19138259 
energy          : -2537.14379937  -2537.14159976  -2537.13522704  -2537.12811999  -2537.12675727  -2537.12663396  -2537.14088594  -2537.18727484  -2537.17260379  -2537.17943128 
max(|Fr_perp|)   :   0.00000000    0.00253455    0.00610001    0.00161592    0.00621221    0.00123066    0.03329429    0.01437830    0.03106939    0.00000000 
Fr_paral         :   0.00000000   -0.00040791   -0.00423269   -0.00276230    0.00226574    0.01292247    0.00683964   -0.01140026    0.00045797    0.00000000 
max(|Fsp_paral|) :   0.00000000    0.00134237    0.00085848    0.00154294    0.00799112    0.00548847    0.06561124    0.03501114    0.00267957    0.00000000 
max(|Fsp_perp|)  :   0.00000000    0.00000000    0.00000000    0.00000000    0.00000000    0.00000000    0.00000000    0.00000000    0.00000000    0.00000000 
max(|FNEB|)      :   0.00000000    0.00257985    0.00608417    0.00183328    0.00817326    0.00535993    0.06680453    0.04011018    0.03232598    0.00000000 
max(|Force|)     :   0.00009233    0.00253746    0.00606829    0.00144767    0.00626538    0.00761560    0.03283261    0.01321343    0.03111717    0.00034335 
ksp              :   0.02153277    0.05494561    0.09220861    0.09935348    0.10000000    0.10000000    0.02527539    0.01000000    0.01000000 
max(|step|)      :   0.00000000    0.00627582    0.01212380    0.01286949    0.00446852    0.01571903    0.05318105    0.05194708    0.02594020    0.00089197 
angle (deg.)     :    54.5514  56.4714  38.6655  43.1159  38.8746  80.3529  82.4066  61.2178 
>
iteration       : 242
climbing        : no
zoom on         : no
nim             : 10
barrier         :   0.01698786 (image:  4) 
distance        :   0.00000000    7.78760478   10.71185683   12.43006453   14.03063465   15.55198388   17.06887584   29.69521314   45.85501492   63.22493132 
energy          : -2537.14379937  -2537.14158803  -2537.13510786  -2537.12801144  -2537.12681151  -2537.12706488  -2537.14426486  -2537.19016220  -2537.17406789  -2537.17943128 
max(|Fr_perp|)   :   0.00000000    0.00074305    0.00176504    0.00050643    0.00175016    0.00061377    0.01382330    0.00695241    0.00957984    0.00000000 
Fr_paral         :   0.00000000   -0.00045060   -0.00434500   -0.00270342    0.00184444    0.01345969    0.00839069   -0.01259109    0.00018914    0.00000000 
max(|Fsp_paral|) :   0.00000000    0.00110351    0.00122172    0.00038040    0.00421837    0.00143486    0.00823301    0.00742556    0.00269725    0.00000000 
max(|Fsp_perp|)  :   0.00000000    0.00000000    0.00000000    0.00000000    0.00000000    0.00000000    0.00000000    0.00000000    0.00000000    0.00000000 
max(|FNEB|)      :   0.00000000    0.00119416    0.00174798    0.00060537    0.00422192    0.00109399    0.01496363    0.01059734    0.01093466    0.00000000 
max(|Force|)     :   0.00009233    0.00074587    0.00174031    0.00117770    0.00180505    0.00812235    0.01341422    0.00772203    0.00960102    0.00034335 
ksp              :   0.02171548    0.05604676    0.09364289    0.10000000    0.10000000    0.09865767    0.01000000    0.01000000    0.01000000 
max(|step|)      :   0.00000000    0.00250920    0.00365470    0.00296103    0.00415807    0.00531046    0.00812461    0.01240706    0.00640451    0.00016150 
angle (deg.)     :    54.5448  56.6135  38.6103  43.4120  38.3609  80.2099  82.4396  61.2424 
>
iteration       : 243
climbing        : no
zoom on         : no
nim             : 10
barrier         :   0.01699297 (image:  4) 
distance        :   0.00000000    7.78107021   10.70965496   12.43092982   14.03304092   15.55050348   17.06156400   29.73258966   45.88410818   63.22651986 
energy          : -2537.14379937  -2537.14159579  -2537.13515817  -2537.12804146  -2537.12680640  -2537.12692445  -2537.14434602  -2537.19003781  -2537.17415734  -2537.17943128 
max(|Fr_perp|)   :   0.00000000    0.00050173    0.00122226    0.00049684    0.00134009    0.00064500    0.00972875    0.00686118    0.00608200    0.00000000 
Fr_paral         :   0.00000000   -0.00042180   -0.00433736   -0.00272492    0.00202871    0.01328268    0.00858895   -0.01255187    0.00012004    0.00000000 
max(|Fsp_paral|) :   0.00000000    0.00112240    0.00099742    0.00029741    0.00471813    0.00091747    0.00826358    0.00730708    0.00265538    0.00000000 
max(|Fsp_perp|)  :   0.00000000    0.00000000    0.00000000    0.00000000    0.00000000    0.00000000    0.00000000    0.00000000    0.00000000    0.00000000 
max(|FNEB|)      :   0.00000000    0.00120793    0.00120917    0.00057497    0.00470873    0.00073410    0.01080305    0.01030757    0.00741581    0.00000000 
max(|Force|)     :   0.00009233    0.00050436    0.00164305    0.00121427    0.00132918    0.00795958    0.00933528    0.00761743    0.00609544    0.00034335 
ksp              :   0.02167086    0.05576645    0.09345872    0.10000000    0.10000000    0.09937475    0.01000000    0.01000000    0.01000000 
max(|step|)      :   0.00000000    0.02057068    0.02793194    0.02307570    0.03841646    0.03980501    0.06096648    0.10000000    0.05141232    0.00282644 
angle (deg.)     :    54.5495  57.6913  38.0904  46.1050  34.5425  79.2502  82.7651  61.4518 
>
iteration       : 244
climbing        : no
zoom on         : no
nim             : 10
barrier         :   0.01785416 (image:  5) 
distance        :   0.00000000    7.72773486   10.69566390   12.43988314   14.05008522   15.54989189   17.01321149   30.05341877   46.14361644   63.26429143 
energy          : -2537.14379937  -2537.14164963  -2537.13552698  -2537.12827852  -2537.12669057  -2537.12594521  -2537.14356164  -2537.18880311  -2537.17421915  -2537.17943128 
max(|Fr_perp|)   :   0.00000000    0.00059947    0.00199570    0.00055016    0.00320643    0.00090861    0.01275811    0.00562560    0.00917204    0.00000000 
Fr_paral         :   0.00000000   -0.00029405   -0.00420749   -0.00289461    0.00334331    0.01170413    0.00864386   -0.01267914   -0.00001895    0.00000000 
max(|Fsp_paral|) :   0.00000000    0.00159961    0.00018345    0.00048092    0.00291597    0.00210324    0.00016181    0.00293350    0.00230355    0.00000000 
max(|Fsp_perp|)  :   0.00000000    0.00000000    0.00000000    0.00000000    0.00000000    0.00000000    0.00000000    0.00000000    0.00000000    0.00000000 
max(|FNEB|)      :   0.00000000    0.00164851    0.00206149    0.00065182    0.00287274    0.00229587    0.01313512    0.00577308    0.01027051    0.00000000 
max(|Force|)     :   0.00009233    0.00061706    0.00207623    0.00146258    0.00350581    0.00656848    0.01337419    0.00737903    0.00942759    0.00034335 
ksp              :   0.02083770    0.05170340    0.08824275    0.09625169    0.10000000    0.10000000    0.01125712    0.01000000    0.01000000 
max(|step|)      :   0.00000000    0.00243228    0.00304160    0.00096172    0.00423856    0.00338741    0.01938008    0.00851783    0.01515352    0.00000000 
angle (deg.)     :    54.6180  57.6687  37.8930  46.1403  34.4486  79.2514  82.7579  61.4645 
>
iteration       : 245
climbing        : no
zoom on         : no
nim             : 10
barrier         :   0.01790482 (image:  5) 
distance        :   0.00000000    7.72088099   10.69957574   12.44373876   14.04547346   15.54736194   17.01687802   30.07714434   46.16667747   63.27267530 
energy          : -2537.14379937  -2537.14165505  -2537.13552866  -2537.12828045  -2537.12670984  -2537.12589455  -2537.14376527  -2537.18884730  -2537.17426217  -2537.17943128 
max(|Fr_perp|)   :   0.00000000    0.00058938    0.00183562    0.00043590    0.00164627    0.00088103    0.00787984    0.00479256    0.00823651    0.00000000 
Fr_paral         :   0.00000000   -0.00027285   -0.00421591   -0.00289477    0.00275999    0.01154784    0.00910305   -0.01338668    0.00017429    0.00000000 
max(|Fsp_paral|) :   0.00000000    0.00143849    0.00004969    0.00005049    0.00199833    0.00186600    0.00499987    0.00581844    0.00227322    0.00000000 
max(|Fsp_perp|)  :   0.00000000    0.00000000    0.00000000    0.00000000    0.00000000    0.00000000    0.00000000    0.00000000    0.00000000    0.00000000 
max(|FNEB|)      :   0.00000000    0.00149231    0.00183500    0.00044788    0.00169813    0.00205429    0.00843816    0.00678199    0.00936593    0.00000000 
max(|Force|)     :   0.00009233    0.00059131    0.00181438    0.00143358    0.00191263    0.00646809    0.00751967    0.00674378    0.00825588    0.00034335 
ksp              :   0.02077858    0.05157340    0.08800707    0.09590189    0.10000000    0.10000000    0.01017138    0.01000000    0.01000000 
max(|step|)      :   0.00000000    0.00310277    0.00101389    0.00103343    0.00438811    0.00429044    0.00943046    0.01027489    0.00765398    0.00031588 
angle (deg.)     :    54.7018  57.6469  37.6640  46.1938  34.3347  79.2174  82.7942  61.4932 
>
iteration       : 246
climbing        : no
zoom on         : no
nim             : 10
barrier         :   0.01796836 (image:  5) 
distance        :   0.00000000    7.71217378   10.70425157   12.44822075   14.04073974   15.54454380   17.01091937   30.11011531   46.19399036   63.28069244 
energy          : -2537.14379937  -2537.14166118  -2537.13552718  -2537.12828435  -2537.12670465  -2537.12583101  -2537.14348936  -2537.18863287  -2537.17404602  -2537.17943128 
max(|Fr_perp|)   :   0.00000000    0.00093491    0.00294843    0.00074903    0.00281397    0.00090050    0.01611272    0.00669195    0.01353666    0.00000000 
Fr_paral         :   0.00000000   -0.00024821   -0.00422238   -0.00289836    0.00220310    0.01134332    0.00925211   -0.01444285    0.00019914    0.00000000 
max(|Fsp_paral|) :   0.00000000    0.00122944    0.00037540    0.00031217    0.00111031    0.00215290    0.00166504    0.00196678    0.00224315    0.00000000 
max(|Fsp_perp|)  :   0.00000000    0.00000000    0.00000000    0.00000000    0.00000000    0.00000000    0.00000000    0.00000000    0.00000000    0.00000000 
max(|FNEB|)      :   0.00000000    0.00128943    0.00294326    0.00070493    0.00276961    0.00235745    0.01588256    0.00705927    0.01411313    0.00000000 
max(|Force|)     :   0.00009233    0.00093672    0.00292489    0.00139344    0.00286535    0.00632019    0.01565913    0.00830907    0.01352054    0.00034335 
ksp              :   0.02070979    0.05143378    0.08771166    0.09562410    0.10000000    0.10000000    0.01155279    0.01000000    0.01000000 
max(|step|)      :   0.00000000    0.00462192    0.00148534    0.00137411    0.00548243    0.00727437    0.00756017    0.01356501    0.00887682    0.00029570 
angle (deg.)     :    54.8159  57.6360  37.3568  46.2805  34.0811  79.2445  82.7713  61.5214 
>
iteration       : 247
climbing        : no
zoom on         : no
nim             : 10
barrier         :   0.01807376 (image:  5) 
distance        :   0.00000000    7.69920455   10.71032225   12.45423456   14.03599280   15.53964030   17.02716319   30.16067564   46.24808205   63.30414298 
energy          : -2537.14379937  -2537.14167194  -2537.13554568  -2537.12829587  -2537.12670144  -2537.12572561  -2537.14375274  -2537.18871165  -2537.17431870  -2537.17943128 
max(|Fr_perp|)   :   0.00000000    0.00045989    0.00137139    0.00043436    0.00168707    0.00092959    0.01279907    0.00497618    0.00709564    0.00000000 
Fr_paral         :   0.00000000   -0.00021604   -0.00425021   -0.00290625    0.00165247    0.01099157    0.00945814   -0.01467945    0.00011036    0.00000000 
max(|Fsp_paral|) :   0.00000000    0.00098810    0.00072727    0.00072450    0.00007275    0.00092458    0.00509987    0.00546556    0.00216793    0.00000000 
max(|Fsp_perp|)  :   0.00000000    0.00000000    0.00000000    0.00000000    0.00000000    0.00000000    0.00000000    0.00000000    0.00000000    0.00000000 
max(|FNEB|)      :   0.00000000    0.00105294    0.00136280    0.00073062    0.00168416    0.00118611    0.01348432    0.00663322    0.00732309    0.00000000 
max(|Force|)     :   0.00009233    0.00044212    0.00162136    0.00133751    0.00172566    0.00604099    0.01234798    0.00726220    0.00708671    0.00034335 
ksp              :   0.02059372    0.05110004    0.08720115    0.09514075    0.10000000    0.10000000    0.01023219    0.01000000    0.01000000 
max(|step|)      :   0.00000000    0.00000000    0.00000000    0.00000000    0.00000000    0.00000000    0.00000000    0.00000000    0.00000000    0.00000000 
angle (deg.)     :    54.8159  57.6360  37.3568  46.2805  34.0811  79.2438  82.7709  61.5213 
>
iteration       : 248
climbing        : no
zoom on         : no
nim             : 10
barrier         :   0.01807400 (image:  5) 
distance        :   0.00000000    7.69920455   10.71032225   12.45423456   14.03599280   15.53964030   17.02716319   30.16067564   46.24808205   63.30414298 
energy          : -2537.14379937  -2537.14167203  -2537.13554605  -2537.12829610  -2537.12670182  -2537.12572537  -2537.14375906  -2537.18870924  -2537.17432390  -2537.17943128 
max(|Fr_perp|)   :   0.00000000    0.00045377    0.00132739    0.00043433    0.00164326    0.00093048    0.01251204    0.00496414    0.00689617    0.00000000 
Fr_paral         :   0.00000000   -0.00021787   -0.00425046   -0.00290653    0.00165455    0.01099011    0.00947081   -0.01467503    0.00010812    0.00000000 
max(|Fsp_paral|) :   0.00000000    0.00098687    0.00072852    0.00072339    0.00007625    0.00093880    0.00508816    0.00546451    0.00216773    0.00000000 
max(|Fsp_perp|)  :   0.00000000    0.00000000    0.00000000    0.00000000    0.00000000    0.00000000    0.00000000    0.00000000    0.00000000    0.00000000 
max(|FNEB|)      :   0.00000000    0.00105265    0.00136073    0.00073138    0.00168632    0.00118610    0.01348512    0.00663562    0.00732311    0.00000000 
max(|Force|)     :   0.00009233    0.00043785    0.00162167    0.00133821    0.00172782    0.00604039    0.01234884    0.00726415    0.00708611    0.00034335 
ksp              :   0.02059358    0.05109995    0.08720116    0.09514057    0.10000000    0.10000000    0.01023208    0.01000000    0.01000000 
max(|step|)      :   0.00000000    0.00260915    0.00337276    0.00181283    0.00417977    0.00293992    0.03342474    0.01644730    0.01815135    0.00000000 
angle (deg.)     :    54.8460  57.6996  37.2935  46.2561  33.8819  79.1254  82.9335  61.5891 
>
iteration       : 249
climbing        : no
zoom on         : no
nim             : 10
barrier         :   0.01809935 (image:  5) 
distance        :   0.00000000    7.69177015   10.71089028   12.45517754   14.04049802   15.54055131   16.99772588   30.20172397   46.27629386   63.30910813 
energy          : -2537.14379937  -2537.14167773  -2537.13556280  -2537.12831667  -2537.12669989  -2537.12570002  -2537.14310955  -2537.18828649  -2537.17401527  -2537.17943128 
max(|Fr_perp|)   :   0.00000000    0.00101019    0.00339042    0.00089046    0.00342189    0.00092629    0.02257261    0.00722829    0.01637424    0.00000000 
Fr_paral         :   0.00000000   -0.00021141   -0.00424040   -0.00291720    0.00197499    0.01078146    0.00921290   -0.01431229   -0.00012193    0.00000000 
max(|Fsp_paral|) :   0.00000000    0.00088913    0.00085406    0.00049664    0.00037487    0.00245409    0.01122353    0.00342645    0.00214537    0.00000000 
max(|Fsp_perp|)  :   0.00000000    0.00000000    0.00000000    0.00000000    0.00000000    0.00000000    0.00000000    0.00000000    0.00000000    0.00000000 
max(|FNEB|)      :   0.00000000    0.00098338    0.00339552    0.00096293    0.00343517    0.00277366    0.02341363    0.00784515    0.01581647    0.00000000 
max(|Force|)     :   0.00009233    0.00100884    0.00340066    0.00133030    0.00338120    0.00585102    0.02281769    0.00737557    0.01638755    0.00034335 
ksp              :   0.02054998    0.05095678    0.08698858    0.09502809    0.10000000    0.10000000    0.01343019    0.01000000    0.01000000 
max(|step|)      :   0.00000000    0.00066413    0.00221754    0.00059668    0.00237035    0.00094541    0.01689112    0.00564552    0.01055705    0.00014452 
angle (deg.)     :    54.8445  57.7057  37.2796  46.2509  33.8357  79.1968  82.8556  61.5728 
>
iteration       : 250
climbing        : no
zoom on         : no
nim             : 10
barrier         :   0.01811468 (image:  5) 
distance        :   0.00000000    7.69153288   10.71074008   12.45540351   14.04036120   15.53914342   17.01898311   30.20171841   46.28550957   63.31723887 
energy          : -2537.14379937  -2537.14167917  -2537.13557536  -2537.12831788  -2537.12671670  -2537.12568469  -2537.14385250  -2537.18862427  -2537.17441707  -2537.17943128 
max(|Fr_perp|)   :   0.00000000    0.00043154    0.00043939    0.00040194    0.00070498    0.00093853    0.00367133    0.00439513    0.00286029    0.00000000 
Fr_paral         :   0.00000000   -0.00020782   -0.00425094   -0.00291613    0.00188790    0.01075247    0.00962072   -0.01376450    0.00006163    0.00000000 
max(|Fsp_paral|) :   0.00000000    0.00092277    0.00077436    0.00058357    0.00028539    0.00108390    0.00573665    0.00598717    0.00212256    0.00000000 
max(|Fsp_perp|)  :   0.00000000    0.00000000    0.00000000    0.00000000    0.00000000    0.00000000    0.00000000    0.00000000    0.00000000    0.00000000 
max(|FNEB|)      :   0.00000000    0.00098000    0.00074495    0.00063669    0.00071594    0.00140124    0.00546181    0.00672660    0.00362995    0.00000000 
max(|Force|)     :   0.00009233    0.00041463    0.00161516    0.00133762    0.00142388    0.00583529    0.00406962    0.00641926    0.00286529    0.00034335 
ksp              :   0.02053388    0.05085972    0.08691737    0.09487261    0.10000000    0.10000000    0.01000000    0.01000000    0.01000000 
max(|step|)      :   0.00000000    0.00122479    0.00092135    0.00080139    0.00091914    0.00208624    0.00340377    0.00568105    0.00424704    0.00009672 
angle (deg.)     :    54.8562  57.7401  37.2365  46.2341  33.7316  79.1914  82.8811  61.5936 
>
iteration       : 251
climbing        : no
zoom on         : no
nim             : 10
barrier         :   0.01813758 (image:  5) 
distance        :   0.00000000    7.68803277   10.71082476   12.45607991   14.04212042   15.53844003   17.01883544   30.22102876   46.30443433   63.32483398 
energy          : -2537.14379937  -2537.14168235  -2537.13558857  -2537.12832762  -2537.12672000  -2537.12566179  -2537.14386032  -2537.18859864  -2537.17442710  -2537.17943128 
max(|Fr_perp|)   :   0.00000000    0.00042556    0.00052427    0.00041350    0.00061452    0.00095258    0.00104526    0.00442106    0.00258682    0.00000000 
Fr_paral         :   0.00000000   -0.00020257   -0.00424802   -0.00292111    0.00193461    0.01063607    0.00960308   -0.01343055    0.00011868    0.00000000 
max(|Fsp_paral|) :   0.00000000    0.00089633    0.00078658    0.00053382    0.00037403    0.00091017    0.00568835    0.00594888    0.00209845    0.00000000 
max(|Fsp_perp|)  :   0.00000000    0.00000000    0.00000000    0.00000000    0.00000000    0.00000000    0.00000000    0.00000000    0.00000000    0.00000000 
max(|FNEB|)      :   0.00000000    0.00095137    0.00075312    0.00060968    0.00062027    0.00124764    0.00541880    0.00665086    0.00336844    0.00000000 
max(|Force|)     :   0.00009233    0.00040915    0.00161253    0.00134370    0.00143938    0.00574170    0.00408608    0.00641839    0.00257299    0.00034335 
ksp              :   0.02050480    0.05074259    0.08677195    0.09474905    0.10000000    0.10000000    0.01000000    0.01000000    0.01000000 
max(|step|)      :   0.00000000    0.02116964    0.01616302    0.01378469    0.01159126    0.03510659    0.03373039    0.09690330    0.04566176    0.00314388 
angle (deg.)     :    55.0707  58.3347  36.5112  46.0168  32.4088  79.2382  83.3259  61.9525 
>
iteration       : 252
climbing        : no
zoom on         : no
nim             : 10
barrier         :   0.01842578 (image:  5) 
distance        :   0.00000000    7.62801407   10.71255197   12.46933773   14.07291288   15.53142896   17.03128979   30.56802786   46.65100755   63.47505834 
energy          : -2537.14379937  -2537.14172975  -2537.13579516  -2537.12849196  -2537.12667668  -2537.12537359  -2537.14266250  -2537.18747385  -2537.17358897  -2537.17943128 
max(|Fr_perp|)   :   0.00000000    0.00161234    0.00507261    0.00132015    0.00479831    0.00131257    0.02383276    0.01279152    0.02359281    0.00000000 
Fr_paral         :   0.00000000   -0.00011647   -0.00416653   -0.00300268    0.00274089    0.00849183    0.00742470   -0.00910266    0.00039879    0.00000000 
max(|Fsp_paral|) :   0.00000000    0.00040794    0.00101493    0.00056999    0.00245628    0.00231962    0.02151993    0.01033301    0.00166449    0.00000000 
max(|Fsp_perp|)  :   0.00000000    0.00000000    0.00000000    0.00000000    0.00000000    0.00000000    0.00000000    0.00000000    0.00000000    0.00000000 
max(|FNEB|)      :   0.00000000    0.00162874    0.00505799    0.00139744    0.00484469    0.00171312    0.02245060    0.01838124    0.02439154    0.00000000 
max(|Force|)     :   0.00009233    0.00161332    0.00504843    0.00140643    0.00476873    0.00394648    0.02349970    0.01381515    0.02363579    0.00034335 
ksp              :   0.02010897    0.04909627    0.08476844    0.09363510    0.10000000    0.10000000    0.01555298    0.01000000    0.01000000 
max(|step|)      :   0.00000000    0.00623809    0.00432723    0.00438147    0.00566421    0.01267916    0.01951804    0.03371163    0.02294140    0.00136956 
angle (deg.)     :    54.9925  58.1796  36.6261  46.0629  32.7632  79.3733  83.0270  61.8018 
>
iteration       : 253
climbing        : no
zoom on         : no
nim             : 10
barrier         :   0.01830362 (image:  5) 
distance        :   0.00000000    7.64535202   10.71080605   12.46643760   14.06023266   15.53813806   17.06485788   30.46259243   46.55957286   63.43885721 
energy          : -2537.14379937  -2537.14171977  -2537.13575969  -2537.12844254  -2537.12673736  -2537.12549576  -2537.14405284  -2537.18857242  -2537.17452648  -2537.17943128 
max(|Fr_perp|)   :   0.00000000    0.00034903    0.00053935    0.00040955    0.00146775    0.00122868    0.00692983    0.00481952    0.00240064    0.00000000 
Fr_paral         :   0.00000000   -0.00014451   -0.00421834   -0.00298486    0.00220134    0.00917725    0.00826027   -0.01063404    0.00013019    0.00000000 
max(|Fsp_paral|) :   0.00000000    0.00058505    0.00069063    0.00021974    0.00106663    0.00275341    0.00665743    0.00559072    0.00175597    0.00000000 
max(|Fsp_perp|)  :   0.00000000    0.00000000    0.00000000    0.00000000    0.00000000    0.00000000    0.00000000    0.00000000    0.00000000    0.00000000 
max(|FNEB|)      :   0.00000000    0.00061808    0.00067918    0.00045871    0.00137308    0.00211175    0.00754496    0.00888556    0.00290211    0.00000000 
max(|Force|)     :   0.00009233    0.00033806    0.00159852    0.00139273    0.00157985    0.00453483    0.00665804    0.00566782    0.00238546    0.00034335 
ksp              :   0.02022551    0.04953160    0.08551050    0.09389497    0.10000000    0.10000000    0.01000000    0.01000000    0.01000000 
max(|step|)      :   0.00000000    0.00521836    0.00430729    0.00333896    0.00269115    0.00663332    0.00685476    0.02254740    0.01180853    0.00070000 
angle (deg.)     :    55.0401  58.3374  36.3899  46.0171  32.6681  79.4710  83.0773  61.8747 
>
iteration       : 254
climbing        : no
zoom on         : no
nim             : 10
barrier         :   0.01830069 (image:  5) 
distance        :   0.00000000    7.63038413   10.71054445   12.47038343   14.06567566   15.54331953   17.08226014   30.55048933   46.65270756   63.48124998 
energy          : -2537.14379937  -2537.14173226  -2537.13582180  -2537.12848312  -2537.12674179  -2537.12549868  -2537.14417200  -2537.18857046  -2537.17456539  -2537.17943128 
max(|Fr_perp|)   :   0.00000000    0.00035330    0.00046506    0.00040244    0.00164845    0.00130800    0.00450446    0.00507040    0.00187165    0.00000000 
Fr_paral         :   0.00000000   -0.00012537   -0.00420642   -0.00300656    0.00217506    0.00870418    0.00799669   -0.01028074    0.00013938    0.00000000 
max(|Fsp_paral|) :   0.00000000    0.00046553    0.00060030    0.00017515    0.00114871    0.00344224    0.00685370    0.00546034    0.00163164    0.00000000 
max(|Fsp_perp|)  :   0.00000000    0.00000000    0.00000000    0.00000000    0.00000000    0.00000000    0.00000000    0.00000000    0.00000000    0.00000000 
max(|FNEB|)      :   0.00000000    0.00050194    0.00061449    0.00044228    0.00155032    0.00269710    0.00782702    0.00903048    0.00226278    0.00000000 
max(|Force|)     :   0.00009233    0.00034410    0.00159174    0.00140574    0.00175453    0.00414287    0.00426215    0.00534557    0.00185540    0.00034335 
ksp              :   0.02016571    0.04923247    0.08532299    0.09388659    0.10000000    0.10000000    0.01000000    0.01000000    0.01000000 
max(|step|)      :   0.00000000    0.02142638    0.01860429    0.01436652    0.01253712    0.02852934    0.02641561    0.10000000    0.05106247    0.00401651 
angle (deg.)     :    55.2378  58.9964  35.3108  45.9760  33.5106  80.0444  83.3638  62.2169 
>
iteration       : 255
climbing        : no
zoom on         : no
nim             : 10
barrier         :   0.01803723 (image:  5) 
distance        :   0.00000000    7.56848306   10.70779503   12.48602501   14.08345524   15.59031482   17.14987787   30.94094525   47.06570137   63.67383897 
energy          : -2537.14379937  -2537.14178136  -2537.13608222  -2537.12865830  -2537.12675744  -2537.12576215  -2537.14420114  -2537.18844471  -2537.17454544  -2537.17943128 
max(|Fr_perp|)   :   0.00000000    0.00125067    0.00222607    0.00075997    0.00229819    0.00144629    0.01479503    0.00402907    0.01354286    0.00000000 
Fr_paral         :   0.00000000   -0.00005936   -0.00414903   -0.00310180    0.00175786    0.00685035    0.00762975   -0.01023883   -0.00008770    0.00000000 
max(|Fsp_paral|) :   0.00000000    0.00007857    0.00006209    0.00014708    0.00061392    0.00286510    0.00650003    0.00485438    0.00109010    0.00000000 
max(|Fsp_perp|)  :   0.00000000    0.00000000    0.00000000    0.00000000    0.00000000    0.00000000    0.00000000    0.00000000    0.00000000    0.00000000 
max(|FNEB|)      :   0.00000000    0.00128620    0.00228700    0.00077730    0.00237969    0.00228701    0.01618553    0.00674176    0.01340042    0.00000000 
max(|Force|)     :   0.00009233    0.00128268    0.00229237    0.00145263    0.00235242    0.00270506    0.01464964    0.00511369    0.01395169    0.00034335 
ksp              :   0.02006915    0.04850551    0.08554521    0.09503097    0.10000000    0.10000000    0.01000000    0.01000000    0.01000000 
max(|step|)      :   0.00000000    0.00193758    0.00344523    0.00117096    0.00358486    0.00344524    0.02438252    0.01015605    0.02018692    0.00000000 
angle (deg.)     :    55.2249  58.9987  35.2318  45.9244  33.7509  80.0417  83.4685  62.2618 
>
iteration       : 256
climbing        : no
zoom on         : no
nim             : 10
barrier         :   0.01796090 (image:  5) 
distance        :   0.00000000    7.56826675   10.70617262   12.48385986   14.08026287   15.59679228   17.12325847   30.95377785   47.06840424   63.66950896 
energy          : -2537.14379937  -2537.14178402  -2537.13608674  -2537.12866490  -2537.12676123  -2537.12583847  -2537.14420127  -2537.18825469  -2537.17453945  -2537.17943128 
max(|Fr_perp|)   :   0.00000000    0.00129768    0.00218791    0.00091216    0.00260843    0.00136557    0.00988748    0.00418199    0.01345724    0.00000000 
Fr_paral         :   0.00000000   -0.00005761   -0.00414800   -0.00310807    0.00163432    0.00686356    0.00863135   -0.01114553    0.00043409    0.00000000 
max(|Fsp_paral|) :   0.00000000    0.00011111    0.00002351    0.00015571    0.00033579    0.00054555    0.00519475    0.00475668    0.00109734    0.00000000 
max(|Fsp_perp|)  :   0.00000000    0.00000000    0.00000000    0.00000000    0.00000000    0.00000000    0.00000000    0.00000000    0.00000000    0.00000000 
max(|FNEB|)      :   0.00000000    0.00129313    0.00218769    0.00091626    0.00260138    0.00125686    0.00924109    0.00630207    0.01400310    0.00000000 
max(|Force|)     :   0.00009233    0.00129816    0.00217186    0.00145034    0.00262745    0.00268316    0.01027650    0.00540942    0.01350595    0.00034335 
ksp              :   0.02009868    0.04864711    0.08583710    0.09537614    0.10000000    0.10000000    0.01000000    0.01000000    0.01000000 
max(|step|)      :   0.00000000    0.00069092    0.00070263    0.00059292    0.00101915    0.00230043    0.00946051    0.00729663    0.00396755    0.00010533 
angle (deg.)     :    55.2126  58.9987  35.1630  45.8720  33.8969  80.0380  83.5680  62.3062 
>
iteration       : 257
climbing        : no
zoom on         : no
nim             : 10
barrier         :   0.01791300 (image:  5) 
distance        :   0.00000000    7.56813112   10.70459392   12.48167405   14.07747020   15.59917449   17.10021435   30.96761906   47.07315690   63.66750440 
energy          : -2537.14379937  -2537.14178752  -2537.13609376  -2537.12867168  -2537.12676760  -2537.12588637  -2537.14398423  -2537.18803767  -2537.17464977  -2537.17943128 
max(|Fr_perp|)   :   0.00000000    0.00085426    0.00140684    0.00062217    0.00174453    0.00131484    0.01077205    0.00361152    0.00874034    0.00000000 
Fr_paral         :   0.00000000   -0.00006549   -0.00415765   -0.00311389    0.00157190    0.00681588    0.00920170   -0.01178221    0.00032384    0.00000000 
max(|Fsp_paral|) :   0.00000000    0.00012644    0.00001843    0.00015215    0.00019010    0.00113262    0.00414860    0.00466974    0.00110294    0.00000000 
max(|Fsp_perp|)  :   0.00000000    0.00000000    0.00000000    0.00000000    0.00000000    0.00000000    0.00000000    0.00000000    0.00000000    0.00000000 
max(|FNEB|)      :   0.00000000    0.00084910    0.00140700    0.00062640    0.00174067    0.00228248    0.01025962    0.00601691    0.00928815    0.00000000 
max(|Force|)     :   0.00009233    0.00085481    0.00162761    0.00144806    0.00176219    0.00265312    0.01118459    0.00548017    0.00877663    0.00034335 
ksp              :   0.02010810    0.04871518    0.08600582    0.09557246    0.10000000    0.10000000    0.01000000    0.01000000    0.01000000 
max(|step|)      :   0.00000000    0.00884196    0.00891253    0.00750085    0.01017009    0.02363369    0.10000000    0.09301902    0.01995883    0.00319682 
angle (deg.)     :    55.0630  58.9836  34.3426  45.2866  35.0965  80.1170  84.8296  62.9037 
>
iteration       : 258
climbing        : no
zoom on         : no
nim             : 10
barrier         :   0.01755176 (image:  5) 
distance        :   0.00000000    7.56705939   10.68497485   12.45323307   14.04442764   15.59271785   16.83788515   31.17071036   47.17417008   63.68181271 
energy          : -2537.14379937  -2537.14181814  -2537.13614372  -2537.12875315  -2537.12677266  -2537.12624761  -2537.14110204  -2537.18454076  -2537.17481264  -2537.17943128 
max(|Fr_perp|)   :   0.00000000    0.00039405    0.00040409    0.00039033    0.00218945    0.00159723    0.00809566    0.01537928    0.00330749    0.00000000 
Fr_paral         :   0.00000000   -0.00015261   -0.00421384   -0.00317377    0.00115299    0.00566183    0.01350362   -0.01712765    0.00020996    0.00000000 
max(|Fsp_paral|) :   0.00000000    0.00021218    0.00021420    0.00034189    0.00001146    0.01615775    0.08062176    0.03867708    0.00114139    0.00000000 
max(|Fsp_perp|)  :   0.00000000    0.00000000    0.00000000    0.00000000    0.00000000    0.00000000    0.00000000    0.00000000    0.00000000    0.00000000 
max(|FNEB|)      :   0.00000000    0.00044084    0.00035289    0.00041536    0.00219334    0.01780748    0.08376216    0.03961705    0.00373156    0.00000000 
max(|Force|)     :   0.00009233    0.00039876    0.00176594    0.00144677    0.00217472    0.00252293    0.01008805    0.01770826    0.00333823    0.00034335 
ksp              :   0.02015944    0.04925691    0.08715456    0.09731058    0.10000000    0.10000000    0.02388929    0.01000000    0.01000000 
max(|step|)      :   0.00000000    0.00052629    0.00042131    0.00049589    0.00261853    0.02125958    0.10000000    0.04729707    0.00445494    0.00000000 
angle (deg.)     :    55.0568  58.9705  34.2773  45.2272  34.1855  80.8528  83.8092  62.6744 
>
iteration       : 259
climbing        : no
zoom on         : no
nim             : 10
barrier         :   0.01771511 (image:  5) 
distance        :   0.00000000    7.56740264   10.68393276   12.45204451   14.04246525   15.55461757   17.09103598   31.17102688   47.25573122   63.75769138 
energy          : -2537.14379937  -2537.14181970  -2537.13614410  -2537.12875434  -2537.12678906  -2537.12608426  -2537.14428277  -2537.18792073  -2537.17482645  -2537.17943128 
max(|Fr_perp|)   :   0.00000000    0.00038641    0.00040486    0.00038429    0.00134483    0.00228599    0.00260077    0.00430942    0.00134870    0.00000000 
Fr_paral         :   0.00000000   -0.00015853   -0.00421520   -0.00317569    0.00131448    0.00500732    0.00908214   -0.00974027    0.00015395    0.00000000 
max(|Fsp_paral|) :   0.00000000    0.00012132    0.00018234    0.00024459    0.00114229    0.00129310    0.00476531    0.00419151    0.00094407    0.00000000 
max(|Fsp_perp|)  :   0.00000000    0.00000000    0.00000000    0.00000000    0.00000000    0.00000000    0.00000000    0.00000000    0.00000000    0.00000000 
max(|FNEB|)      :   0.00000000    0.00039682    0.00036071    0.00040241    0.00138921    0.00219540    0.00482580    0.00599027    0.00172115    0.00000000 
max(|Force|)     :   0.00009233    0.00039150    0.00174348    0.00147154    0.00132273    0.00259467    0.00336140    0.00524714    0.00136245    0.00034335 
ksp              :   0.02005756    0.04889190    0.08643493    0.09641936    0.10000000    0.10000000    0.01000000    0.01000000    0.01000000 
max(|step|)      :   0.00000000    0.00040490    0.00036760    0.00041132    0.00141668    0.00224081    0.00512175    0.00620523    0.00175882    0.00020503 
angle (deg.)     :    55.0539  58.9605  34.2073  45.2096  34.3221  80.8465  83.8709  62.6992 
>
iteration       : 260
climbing        : no
zoom on         : no
nim             : 10
barrier         :   0.01766802 (image:  5) 
distance        :   0.00000000    7.56744275   10.68320182   12.45110018   14.03943876   15.55637346   17.07815225   31.18121081   47.26054661   63.75838047 
energy          : -2537.14379937  -2537.14182104  -2537.13614462  -2537.12875601  -2537.12679297  -2537.12613135  -2537.14419875  -2537.18786191  -2537.17483249  -2537.17943128 
max(|Fr_perp|)   :   0.00000000    0.00038108    0.00040565    0.00038081    0.00085882    0.00216004    0.00165814    0.00374482    0.00060086    0.00000000 
Fr_paral         :   0.00000000   -0.00016135   -0.00421551   -0.00317832    0.00140741    0.00484022    0.00956673   -0.01058813    0.00017590    0.00000000 
max(|Fsp_paral|) :   0.00000000    0.00014710    0.00020234    0.00015389    0.00095499    0.00025758    0.00414361    0.00413478    0.00094709    0.00000000 
max(|Fsp_perp|)  :   0.00000000    0.00000000    0.00000000    0.00000000    0.00000000    0.00000000    0.00000000    0.00000000    0.00000000    0.00000000 
max(|FNEB|)      :   0.00000000    0.00039327    0.00035661    0.00038861    0.00090712    0.00211674    0.00401297    0.00452389    0.00100708    0.00000000 
max(|Force|)     :   0.00009233    0.00038627    0.00173387    0.00148210    0.00092057    0.00248854    0.00385349    0.00521595    0.00058922    0.00034335 
ksp              :   0.02007751    0.04899292    0.08663012    0.09662974    0.10000000    0.10000000    0.01000000    0.01000000    0.01000000 
max(|step|)      :   0.00000000    0.00537083    0.00496071    0.00525821    0.01373469    0.02785543    0.05830378    0.06102972    0.01327368    0.00185337 
angle (deg.)     :    55.0121  58.8192  33.3577  44.9033  36.2340  80.9304  84.7190  63.0909 
>
iteration       : 261
climbing        : no
zoom on         : no
nim             : 10
barrier         :   0.01713899 (image:  5) 
distance        :   0.00000000    7.56878050   10.67325658   12.43620500   14.00125110   15.55860176   16.92555135   31.33104759   47.34892377   63.79175309 
energy          : -2537.14379937  -2537.14183715  -2537.13614832  -2537.12878326  -2537.12671642  -2537.12666038  -2537.14196294  -2537.18473998  -2537.17488601  -2537.17943128 
max(|Fr_perp|)   :   0.00000000    0.00031593    0.00040888    0.00036176    0.00411443    0.00479778    0.01116087    0.02204632    0.00121178    0.00000000 
Fr_paral         :   0.00000000   -0.00020744   -0.00422659   -0.00320864    0.00223423    0.00260885    0.01264570   -0.01815388    0.00024358    0.00000000 
max(|Fsp_paral|) :   0.00000000    0.00043166    0.00035052    0.00028245    0.00015905    0.00979844    0.05661195    0.02605211    0.00096498    0.00000000 
max(|Fsp_perp|)  :   0.00000000    0.00000000    0.00000000    0.00000000    0.00000000    0.00000000    0.00000000    0.00000000    0.00000000    0.00000000 
max(|FNEB|)      :   0.00000000    0.00046113    0.00042839    0.00041322    0.00411113    0.01258109    0.05982892    0.03827305    0.00155659    0.00000000 
max(|Force|)     :   0.00009233    0.00032271    0.00162770    0.00157409    0.00413831    0.00460450    0.01153737    0.02444527    0.00123154    0.00034335 
ksp              :   0.02030398    0.05017706    0.08885234    0.09970574    0.10000000    0.10000000    0.01964344    0.01000000    0.01000000 
max(|step|)      :   0.00000000    0.00380568    0.00353138    0.00371467    0.01063799    0.01985610    0.05334995    0.04764931    0.00946864    0.00149290 
angle (deg.)     :    55.0405  58.9174  33.9590  45.0728  34.7341  80.9499  83.9905  62.7831 
>
iteration       : 262
climbing        : no
zoom on         : no
nim             : 10
barrier         :   0.01752976 (image:  5) 
distance        :   0.00000000    7.56799019   10.68019720   12.44643432   14.02803463   15.55247047   17.06381261   31.22189468   47.29391821   63.77558029 
energy          : -2537.14379937  -2537.14182598  -2537.13614560  -2537.12876467  -2537.12679452  -2537.12626961  -2537.14408846  -2537.18774793  -2537.17484873  -2537.17943128 
max(|Fr_perp|)   :   0.00000000    0.00036321    0.00041039    0.00037258    0.00043553    0.00280837    0.00127118    0.00378683    0.00078625    0.00000000 
Fr_paral         :   0.00000000   -0.00017578   -0.00421524   -0.00318504    0.00160469    0.00414414    0.00989602   -0.01147325    0.00019423    0.00000000 
max(|Fsp_paral|) :   0.00000000    0.00021846    0.00023377    0.00004735    0.00076839    0.00068969    0.00360333    0.00400996    0.00092769    0.00000000 
max(|Fsp_perp|)  :   0.00000000    0.00000000    0.00000000    0.00000000    0.00000000    0.00000000    0.00000000    0.00000000    0.00000000    0.00000000 
max(|FNEB|)      :   0.00000000    0.00038370    0.00035345    0.00037018    0.00052760    0.00295162    0.00333244    0.00463699    0.00111545    0.00000000 
max(|Force|)     :   0.00009233    0.00036888    0.00171410    0.00150244    0.00116099    0.00245792    0.00417230    0.00554389    0.00080186    0.00034335 
ksp              :   0.02013165    0.04929543    0.08719005    0.09730504    0.10000000    0.10000000    0.01000000    0.01000000    0.01000000 
max(|step|)      :   0.00000000    0.00115969    0.00107095    0.00112953    0.00202852    0.00721866    0.00434534    0.01019866    0.00290068    0.00023565 
angle (deg.)     :    55.0293  58.8838  33.7838  44.9513  35.0911  81.0249  84.0839  62.8495 
>
iteration       : 263
climbing        : no
zoom on         : no
nim             : 10
barrier         :   0.01741971 (image:  5) 
distance        :   0.00000000    7.56859115   10.67787431   12.44250422   14.01954236   15.54817629   17.05319082   31.25292939   47.31977473   63.78948459 
energy          : -2537.14379937  -2537.14182943  -2537.13614601  -2537.12877224  -2537.12679172  -2537.12637966  -2537.14398439  -2537.18762946  -2537.17486045  -2537.17943128 
max(|Fr_perp|)   :   0.00000000    0.00035241    0.00040450    0.00036942    0.00067602    0.00315282    0.00193931    0.00395187    0.00108166    0.00000000 
Fr_paral         :   0.00000000   -0.00017749   -0.00422335   -0.00319200    0.00167066    0.00363122    0.01008694   -0.01184085    0.00020658    0.00000000 
max(|Fsp_paral|) :   0.00000000    0.00027192    0.00024610    0.00014290    0.00077680    0.00123454    0.00324427    0.00391605    0.00091284    0.00000000 
max(|Fsp_perp|)  :   0.00000000    0.00000000    0.00000000    0.00000000    0.00000000    0.00000000    0.00000000    0.00000000    0.00000000    0.00000000 
max(|FNEB|)      :   0.00000000    0.00038102    0.00034616    0.00036940    0.00065838    0.00372349    0.00294625    0.00463177    0.00140547    0.00000000 
max(|Force|)     :   0.00009233    0.00035817    0.00169885    0.00151172    0.00125886    0.00286200    0.00440940    0.00575628    0.00109827    0.00034335 
ksp              :   0.02017780    0.04954155    0.08763861    0.09787108    0.10000000    0.10000000    0.01000000    0.01000000    0.01000000 
max(|step|)      :   0.00000000    0.01131025    0.01043075    0.01088661    0.01954622    0.07549972    0.03575603    0.10000000    0.02818451    0.00328859 
angle (deg.)     :    54.9071  58.5571  32.1463  44.1676  40.5984  81.8779  85.0403  63.5272 
>
iteration       : 264
climbing        : no
zoom on         : no
nim             : 10
barrier         :   0.01707243 (image:  4) 
distance        :   0.00000000    7.57658340   10.65435254   12.40131274   13.93601472   15.50753737   16.97512396   31.58613263   47.61023306   63.96439310 
energy          : -2537.14379937  -2537.14185720  -2537.13614415  -2537.12885233  -2537.12672694  -2537.12784068  -2537.14275750  -2537.18612119  -2537.17496145  -2537.17943128 
max(|Fr_perp|)   :   0.00000000    0.00048765    0.00138248    0.00061055    0.00354821    0.00415810    0.00780080    0.01128893    0.00382383    0.00000000 
Fr_paral         :   0.00000000   -0.00029988   -0.00425581   -0.00324245    0.00141150    0.00018915    0.01171512   -0.01384039    0.00029787    0.00000000 
max(|Fsp_paral|) :   0.00000000    0.00033830    0.00005576    0.00078326    0.00142375    0.00895781    0.03782505    0.01418665    0.00075145    0.00000000 
max(|Fsp_perp|)  :   0.00000000    0.00000000    0.00000000    0.00000000    0.00000000    0.00000000    0.00000000    0.00000000    0.00000000    0.00000000 
max(|FNEB|)      :   0.00000000    0.00048472    0.00140069    0.00077640    0.00352393    0.01316566    0.03935896    0.02038265    0.00412641    0.00000000 
max(|Force|)     :   0.00009233    0.00050389    0.00166336    0.00153492    0.00354563    0.00410185    0.00758233    0.01323134    0.00388424    0.00034335 
ksp              :   0.02023824    0.05035519    0.08879417    0.10000000    0.10000000    0.09413038    0.01555219    0.01000000    0.01000000 
max(|step|)      :   0.00000000    0.00123153    0.00355876    0.00197261    0.00895330    0.03345022    0.10000000    0.05178655    0.01048405    0.00000000 
angle (deg.)     :    54.8861  58.5355  32.1947  43.6070  40.5358  82.4657  84.2577  63.3764 
>
iteration       : 265
climbing        : no
zoom on         : no
nim             : 10
barrier         :   0.01699498 (image:  4) 
distance        :   0.00000000    7.57846184   10.65136020   12.39424486   13.93998536   15.45382467   17.19255367   31.61188130   47.70956540   64.05556895 
energy          : -2537.14379937  -2537.14185763  -2537.13613954  -2537.12887219  -2537.12680439  -2537.12802358  -2537.14461335  -2537.18812574  -2537.17492645  -2537.17943128 
max(|Fr_perp|)   :   0.00000000    0.00121841    0.00353339    0.00119368    0.00070365    0.00424832    0.00934225    0.01169028    0.00758337    0.00000000 
Fr_paral         :   0.00000000   -0.00031499   -0.00425570   -0.00323433    0.00126260    0.00037256    0.00240492   -0.00626558    0.00016938    0.00000000 
max(|Fsp_paral|) :   0.00000000    0.00034269    0.00007070    0.00029960    0.00126578    0.00523962    0.00803584    0.00351757    0.00056466    0.00000000 
max(|Fsp_perp|)  :   0.00000000    0.00000000    0.00000000    0.00000000    0.00000000    0.00000000    0.00000000    0.00000000    0.00000000    0.00000000 
max(|FNEB|)      :   0.00000000    0.00123360    0.00353325    0.00118423    0.00132589    0.00429437    0.01302735    0.01175628    0.00738545    0.00000000 
max(|Force|)     :   0.00009233    0.00121554    0.00353020    0.00147492    0.00100387    0.00407501    0.00947740    0.01238108    0.00756987    0.00034335 
ksp              :   0.02028282    0.05056401    0.08904957    0.10000000    0.10000000    0.09354355    0.01000000    0.01000000    0.01000000 
max(|step|)      :   0.00000000    0.00185718    0.00532148    0.00178395    0.00200133    0.00647633    0.01972061    0.01773514    0.01112070    0.00041159 
angle (deg.)     :    54.8701  58.5328  32.1348  43.3950  41.3480  82.5566  84.3212  63.4020 
>
iteration       : 266
climbing        : no
zoom on         : no
nim             : 10
barrier         :   0.01699558 (image:  4) 
distance        :   0.00000000    7.57961402   10.64938353   12.39161784   13.93353016   15.46876761   17.17168941   31.62032096   47.70877793   64.05112999 
energy          : -2537.14379937  -2537.14185842  -2537.13614379  -2537.12887949  -2537.12680379  -2537.12813201  -2537.14487182  -2537.18839377  -2537.17495144  -2537.17943128 
max(|Fr_perp|)   :   0.00000000    0.00124960    0.00346446    0.00139305    0.00065956    0.00406566    0.00607972    0.00891487    0.00622883    0.00000000 
Fr_paral         :   0.00000000   -0.00031197   -0.00424458   -0.00324465    0.00123570    0.00033272    0.00608871   -0.00867028    0.00029874    0.00000000 
max(|Fsp_paral|) :   0.00000000    0.00029730    0.00002965    0.00042003    0.00026739    0.00220545    0.00597566    0.00343211    0.00057729    0.00000000 
max(|Fsp_perp|)  :   0.00000000    0.00000000    0.00000000    0.00000000    0.00000000    0.00000000    0.00000000    0.00000000    0.00000000    0.00000000 
max(|FNEB|)      :   0.00000000    0.00123478    0.00346421    0.00140474    0.00064359    0.00278290    0.00878491    0.01072143    0.00643261    0.00000000 
max(|Force|)     :   0.00009233    0.00125280    0.00345032    0.00147066    0.00101668    0.00391249    0.00598237    0.00874329    0.00625280    0.00034335 
ksp              :   0.02027827    0.05054006    0.08900811    0.10000000    0.10000000    0.09296637    0.01000000    0.01000000    0.01000000 
max(|step|)      :   0.00000000    0.00066283    0.00181714    0.00085976    0.00132047    0.00592677    0.02449582    0.01450538    0.00271732    0.00050933 
angle (deg.)     :    54.8563  58.5271  32.0883  43.1869  42.0744  82.5965  84.4642  63.4551 
>
iteration       : 267
climbing        : no
zoom on         : no
nim             : 10
barrier         :   0.01699473 (image:  4) 
distance        :   0.00000000    7.58061051   10.64750692   12.38895019   13.92862860   15.48178771   17.13539493   31.62998793   47.70512773   64.04392692 
energy          : -2537.14379937  -2537.14186042  -2537.13615878  -2537.12888856  -2537.12680464  -2537.12822691  -2537.14462046  -2537.18817630  -2537.17498235  -2537.17943128 
max(|Fr_perp|)   :   0.00000000    0.00037103    0.00093166    0.00046345    0.00062530    0.00386079    0.00478545    0.00701179    0.00371750    0.00000000 
Fr_paral         :   0.00000000   -0.00031743   -0.00426507   -0.00325162    0.00121961    0.00032986    0.00891677   -0.01060477    0.00028755    0.00000000 
max(|Fsp_paral|) :   0.00000000    0.00023010    0.00006545    0.00045642    0.00054410    0.00109883    0.00342025    0.00331256    0.00059978    0.00000000 
max(|Fsp_perp|)  :   0.00000000    0.00000000    0.00000000    0.00000000    0.00000000    0.00000000    0.00000000    0.00000000    0.00000000    0.00000000 
max(|FNEB|)      :   0.00000000    0.00035997    0.00093195    0.00047687    0.00110392    0.00495962    0.00519808    0.00777084    0.00392879    0.00000000 
max(|Force|)     :   0.00009233    0.00037417    0.00173192    0.00147767    0.00105831    0.00371040    0.00466138    0.00650250    0.00374054    0.00034335 
ksp              :   0.02026824    0.05046271    0.08896403    0.10000000    0.10000000    0.09246800    0.01000000    0.01000000    0.01000000 
max(|step|)      :   0.00000000    0.00222939    0.00386400    0.00292947    0.00328238    0.01789567    0.07140122    0.03214944    0.00454809    0.00184838 
angle (deg.)     :    54.8179  58.4827  31.9767  42.2301  44.1903  82.6361  85.0337  63.7089 
>
iteration       : 268
climbing        : no
zoom on         : no
nim             : 10
barrier         :   0.01697702 (image:  4) 
distance        :   0.00000000    7.58399771   10.64086114   12.37669316   13.91937750   15.49046056   17.01860649   31.69073850   47.72353805   64.04566427 
energy          : -2537.14379937  -2537.14186122  -2537.13614400  -2537.12892110  -2537.12682235  -2537.12856549  -2537.14311354  -2537.18679043  -2537.17500545  -2537.17943128 
max(|Fr_perp|)   :   0.00000000    0.00191004    0.00551768    0.00219552    0.00092957    0.00313319    0.00687650    0.01185813    0.00273147    0.00000000 
Fr_paral         :   0.00000000   -0.00033004   -0.00422235   -0.00326460    0.00115669    0.00048629    0.01365118   -0.01420037    0.00022644    0.00000000 
max(|Fsp_paral|) :   0.00000000    0.00017755    0.00014387    0.00000088    0.00117488    0.00805176    0.02638742    0.00838389    0.00065991    0.00000000 
max(|Fsp_perp|)  :   0.00000000    0.00000000    0.00000000    0.00000000    0.00000000    0.00000000    0.00000000    0.00000000    0.00000000    0.00000000 
max(|FNEB|)      :   0.00000000    0.00190072    0.00551613    0.00219555    0.00154185    0.01118495    0.02923845    0.01737622    0.00296417    0.00000000 
max(|Force|)     :   0.00009233    0.00191360    0.00549933    0.00223810    0.00098768    0.00292057    0.00901485    0.01383000    0.00274968    0.00034335 
ksp              :   0.02027470    0.05058328    0.08887397    0.10000000    0.10000000    0.09075912    0.01363580    0.01000000    0.01000000 
max(|step|)      :   0.00000000    0.00184545    0.00553721    0.00183546    0.00121704    0.00829449    0.05388963    0.02407982    0.00344836    0.00132428 
angle (deg.)     :    54.8286  58.4995  32.0190  42.5061  43.0741  82.7011  84.6301  63.5733 
>
iteration       : 269
climbing        : no
zoom on         : no
nim             : 10
barrier         :   0.01697887 (image:  4) 
distance        :   0.00000000    7.58287309   10.64282221   12.38096182   13.92428416   15.47229867   17.11559124   31.67243325   47.73963421   64.06673706 
energy          : -2537.14379937  -2537.14186299  -2537.13616749  -2537.12891227  -2537.12682050  -2537.12846065  -2537.14449867  -2537.18812818  -2537.17500984  -2537.17943128 
max(|Fr_perp|)   :   0.00000000    0.00053144    0.00164459    0.00059986    0.00053571    0.00346481    0.00210119    0.00349216    0.00072084    0.00000000 
Fr_paral         :   0.00000000   -0.00033064   -0.00427009   -0.00326004    0.00117764    0.00049280    0.01020540   -0.01068909    0.00025565    0.00000000 
max(|Fsp_paral|) :   0.00000000    0.00014963    0.00006220    0.00009981    0.00019298    0.00210982    0.00193758    0.00316768    0.00059164    0.00000000 
max(|Fsp_perp|)  :   0.00000000    0.00000000    0.00000000    0.00000000    0.00000000    0.00000000    0.00000000    0.00000000    0.00000000    0.00000000 
max(|FNEB|)      :   0.00000000    0.00053841    0.00164457    0.00059878    0.00069351    0.00557463    0.00183047    0.00372911    0.00071582    0.00000000 
max(|Force|)     :   0.00009233    0.00052827    0.00174083    0.00148078    0.00093176    0.00324633    0.00452672    0.00505326    0.00069113    0.00034335 
ksp              :   0.02026417    0.05045437    0.08891212    0.10000000    0.10000000    0.09130603    0.01000000    0.01000000    0.01000000 
max(|step|)      :   0.00000000    0.00087448    0.00099824    0.00108970    0.00167567    0.01322447    0.00633135    0.00933968    0.00197923    0.00021349 
angle (deg.)     :    54.8147  58.4822  31.9561  42.0899  43.5302  82.7396  84.7220  63.6458 
>
iteration       : 270
climbing        : no
zoom on         : no
nim             : 10
barrier         :   0.01697024 (image:  4) 
distance        :   0.00000000    7.58401473   10.64011418   12.37692115   13.92099420   15.46231648   17.10854829   31.70134116   47.76463460   64.08433910 
energy          : -2537.14379937  -2537.14186500  -2537.13617562  -2537.12892467  -2537.12682913  -2537.12858454  -2537.14443422  -2537.18807120  -2537.17501930  -2537.17943128 
max(|Fr_perp|)   :   0.00000000    0.00024070    0.00075529    0.00037371    0.00055559    0.00319683    0.00219529    0.00355667    0.00072110    0.00000000 
Fr_paral         :   0.00000000   -0.00033511   -0.00427280   -0.00326857    0.00116211    0.00060778    0.01059011   -0.01064792    0.00024784    0.00000000 
max(|Fsp_paral|) :   0.00000000    0.00009917    0.00010270    0.00001364    0.00011417    0.00210607    0.00147066    0.00308517    0.00058396    0.00000000 
max(|Fsp_perp|)  :   0.00000000    0.00000000    0.00000000    0.00000000    0.00000000    0.00000000    0.00000000    0.00000000    0.00000000    0.00000000 
max(|FNEB|)      :   0.00000000    0.00023154    0.00075514    0.00037437    0.00046582    0.00530290    0.00163903    0.00356755    0.00094651    0.00000000 
max(|Force|)     :   0.00009233    0.00025188    0.00174241    0.00148995    0.00093484    0.00293208    0.00503365    0.00510388    0.00074289    0.00034335 
ksp              :   0.02025876    0.05043184    0.08888650    0.10000000    0.10000000    0.09069034    0.01000000    0.01000000    0.01000000 
max(|step|)      :   0.00000000    0.00593691    0.01279822    0.00846880    0.00979885    0.10000000    0.03541802    0.06944771    0.01674990    0.00286426 
angle (deg.)     :    54.7661  58.3112  31.3442  39.1566  46.9842  82.9173  85.4485  64.2284 
>
iteration       : 271
climbing        : no
zoom on         : no
nim             : 10
barrier         :   0.01692936 (image:  4) 
distance        :   0.00000000    7.58966499   10.62279938   12.35165399   13.88120605   15.38759522   17.07075869   31.95034227   47.98398092   64.24577042 
energy          : -2537.14379937  -2537.14184658  -2537.13589927  -2537.12895545  -2537.12687001  -2537.12911000  -2537.14391788  -2537.18749425  -2537.17501757  -2537.17943128 
max(|Fr_perp|)   :   0.00000000    0.00628631    0.01908801    0.00698483    0.00265301    0.00546939    0.00383141    0.00422829    0.00823180    0.00000000 
Fr_paral         :   0.00000000   -0.00043561   -0.00379548   -0.00321845    0.00101730    0.00130830    0.01256796   -0.01094737    0.00051109    0.00000000 
max(|Fsp_paral|) :   0.00000000    0.00067457    0.00174370    0.00038048    0.00099556    0.00087354    0.00023156    0.00242865    0.00052166    0.00000000 
max(|Fsp_perp|)  :   0.00000000    0.00000000    0.00000000    0.00000000    0.00000000    0.00000000    0.00000000    0.00000000    0.00000000    0.00000000 
max(|FNEB|)      :   0.00000000    0.00651353    0.01967139    0.00717840    0.00279086    0.00559874    0.00389656    0.00443647    0.00874054    0.00000000 
max(|Force|)     :   0.00009233    0.00648602    0.01967745    0.00713016    0.00270570    0.00569017    0.00764278    0.00576741    0.00854155    0.00034335 
ksp              :   0.02039221    0.05211020    0.08892720    0.10000000    0.10000000    0.08810724    0.01000000    0.01000000    0.01000000 
max(|step|)      :   0.00000000    0.00581137    0.01755080    0.00640456    0.00249000    0.00499519    0.00347650    0.00395822    0.00779831    0.00000000 
angle (deg.)     :    54.7179  58.3697  31.2900  39.0348  46.8470  82.8880  85.4768  64.2534 
>
iteration       : 272
climbing        : no
zoom on         : no
nim             : 10
barrier         :   0.01692277 (image:  4) 
distance        :   0.00000000    7.59126145   10.61893904   12.35116637   13.87929929   15.38536125   17.06942535   31.95951596   47.99240171   64.25220726 
energy          : -2537.14379937  -2537.14187800  -2537.13621581  -2537.12900567  -2537.12687660  -2537.12917807  -2537.14397404  -2537.18751742  -2537.17509345  -2537.17943128 
max(|Fr_perp|)   :   0.00000000    0.00129744    0.00438580    0.00136639    0.00048952    0.00188292    0.00153983    0.00384295    0.00185329    0.00000000 
Fr_paral         :   0.00000000   -0.00037699   -0.00423715   -0.00331217    0.00101051    0.00142804    0.01240148   -0.01072076    0.00022644    0.00000000 
max(|Fsp_paral|) :   0.00000000    0.00022550    0.00049510    0.00037969    0.00095110    0.00104963    0.00051687    0.00240620    0.00051887    0.00000000 
max(|Fsp_perp|)  :   0.00000000    0.00000000    0.00000000    0.00000000    0.00000000    0.00000000    0.00000000    0.00000000    0.00000000    0.00000000 
max(|FNEB|)      :   0.00000000    0.00130979    0.00438931    0.00137760    0.00095964    0.00197740    0.00205670    0.00335545    0.00162143    0.00000000 
max(|Force|)     :   0.00009233    0.00130169    0.00437363    0.00154876    0.00059830    0.00186791    0.00732932    0.00534108    0.00182771    0.00034335 
ksp              :   0.02021840    0.05033147    0.08867701    0.10000000    0.10000000    0.08776016    0.01000000    0.01000000    0.01000000 
max(|step|)      :   0.00000000    0.00019699    0.00037529    0.00037255    0.00087514    0.00190863    0.00186786    0.00301048    0.00068887    0.00002859 
angle (deg.)     :    54.7232  58.3615  31.2744  38.9209  46.7194  82.8581  85.5039  64.2788 
>
iteration       : 273
climbing        : no
zoom on         : no
nim             : 10
barrier         :   0.01692229 (image:  4) 
distance        :   0.00000000    7.59093199   10.61874682   12.35016163   13.87690984   15.38218877   17.06816701   31.96886133   48.00093535   64.25872680 
energy          : -2537.14379937  -2537.14187886  -2537.13622092  -2537.12901002  -2537.12687708  -2537.12919835  -2537.14400292  -2537.18751521  -2537.17509510  -2537.17943128 
max(|Fr_perp|)   :   0.00000000    0.00131772    0.00390442    0.00157624    0.00046866    0.00206619    0.00138457    0.00371453    0.00205407    0.00000000 
Fr_paral         :   0.00000000   -0.00037663   -0.00424233   -0.00331065    0.00098951    0.00146971    0.01224084   -0.01055980    0.00021655    0.00000000 
max(|Fsp_paral|) :   0.00000000    0.00023217    0.00048031    0.00039421    0.00092660    0.00102227    0.00057300    0.00238240    0.00051619    0.00000000 
max(|Fsp_perp|)  :   0.00000000    0.00000000    0.00000000    0.00000000    0.00000000    0.00000000    0.00000000    0.00000000    0.00000000    0.00000000 
max(|FNEB|)      :   0.00000000    0.00133032    0.00390766    0.00158773    0.00096129    0.00215766    0.00195757    0.00329083    0.00181522    0.00000000 
max(|Force|)     :   0.00009233    0.00132192    0.00389282    0.00162231    0.00060364    0.00201720    0.00711783    0.00518904    0.00202960    0.00034335 
ksp              :   0.02021409    0.05030547    0.08865613    0.10000000    0.10000000    0.08765449    0.01000000    0.01000000    0.01000000 
max(|step|)      :   0.00000000    0.00676992    0.01063166    0.01304476    0.03004831    0.06045470    0.06061679    0.10000000    0.02045132    0.00303219 
angle (deg.)     :    54.9081  58.1054  30.7658  35.4587  44.9634  82.0685  86.4309  65.1398 
>
iteration       : 274
climbing        : no
zoom on         : no
nim             : 10
barrier         :   0.01691701 (image:  4) 
distance        :   0.00000000    7.57890336   10.61243812   12.31609177   13.79878613   15.28799831   17.06503043   32.33105891   48.34017935   64.52914461 
energy          : -2537.14379937  -2537.14190922  -2537.13620293  -2537.12917781  -2537.12688236  -2537.12897733  -2537.14403455  -2537.18673214  -2537.17517567  -2537.17943128 
max(|Fr_perp|)   :   0.00000000    0.00108108    0.00928937    0.00146341    0.00139800    0.00910961    0.00626686    0.00689197    0.00337927    0.00000000 
Fr_paral         :   0.00000000   -0.00037585   -0.00417831   -0.00330084    0.00086909    0.00162238    0.00589461   -0.00716019    0.00037279    0.00000000 
max(|Fsp_paral|) :   0.00000000    0.00021082    0.00139899    0.00061927    0.00029448    0.00328578    0.00271213    0.00157263    0.00041354    0.00000000 
max(|Fsp_perp|)  :   0.00000000    0.00000000    0.00000000    0.00000000    0.00000000    0.00000000    0.00000000    0.00000000    0.00000000    0.00000000 
max(|FNEB|)      :   0.00000000    0.00111535    0.00961349    0.00150231    0.00141205    0.00902465    0.00712424    0.00760726    0.00362874    0.00000000 
max(|Force|)     :   0.00009233    0.00113424    0.00961125    0.00147346    0.00141240    0.00914528    0.00624362    0.00629812    0.00351494    0.00034335 
ksp              :   0.02005619    0.05044715    0.08778880    0.10000000    0.10000000    0.08889526    0.01000000    0.01000000    0.01000000 
max(|step|)      :   0.00000000    0.00213972    0.01844272    0.00288206    0.00270890    0.01731307    0.01366730    0.01459392    0.00696146    0.00000000 
angle (deg.)     :    54.8540  58.2048  30.7532  35.2622  46.3201  82.1844  86.4579  65.1717 
>
iteration       : 275
climbing        : no
zoom on         : no
nim             : 10
barrier         :   0.01689971 (image:  4) 
distance        :   0.00000000    7.57973496   10.60712431   12.31530907   13.80123064   15.30662751   17.07217815   32.35485056   48.36252495   64.54814208 
energy          : -2537.14379937  -2537.14190827  -2537.13611455  -2537.12918785  -2537.12689966  -2537.12937571  -2537.14429602  -2537.18696694  -2537.17517167  -2537.17943128 
max(|Fr_perp|)   :   0.00000000    0.00175728    0.01523735    0.00253496    0.00053020    0.00475008    0.00536149    0.00575722    0.00416181    0.00000000 
Fr_paral         :   0.00000000   -0.00039943   -0.00406659   -0.00332391    0.00080861    0.00190815    0.00805949   -0.00837902    0.00018211    0.00000000 
max(|Fsp_paral|) :   0.00000000    0.00041955    0.00168592    0.00067463    0.00086789    0.00100501    0.00022816    0.00153301    0.00040922    0.00000000 
max(|Fsp_perp|)  :   0.00000000    0.00000000    0.00000000    0.00000000    0.00000000    0.00000000    0.00000000    0.00000000    0.00000000    0.00000000 
max(|FNEB|)      :   0.00000000    0.00177377    0.01521269    0.00255378    0.00091432    0.00476500    0.00534124    0.00497332    0.00402032    0.00000000 
max(|Force|)     :   0.00009233    0.00175405    0.01521330    0.00257929    0.00062631    0.00476049    0.00572629    0.00666318    0.00414733    0.00034335 
ksp              :   0.02007112    0.05092576    0.08781416    0.10000000    0.10000000    0.08681367    0.01000000    0.01000000    0.01000000 
max(|step|)      :   0.00000000    0.00090449    0.00771176    0.00137666    0.00157136    0.01092820    0.00794499    0.00968307    0.00214089    0.00010809 
angle (deg.)     :    54.7911  58.3038  30.7490  35.1285  47.2322  82.2540  86.4841  65.2031 
>
iteration       : 276
climbing        : no
zoom on         : no
nim             : 10
barrier         :   0.01689161 (image:  4) 
distance        :   0.00000000    7.58106759   10.60158632   12.31446960   13.80467558   15.31736408   17.08018925   32.37712119   48.38422877   64.56684035 
energy          : -2537.14379937  -2537.14191119  -2537.13633110  -2537.12920638  -2537.12690776  -2537.12955457  -2537.14434260  -2537.18705584  -2537.17519197  -2537.17943128 
max(|Fr_perp|)   :   0.00000000    0.00056578    0.00462579    0.00090761    0.00053124    0.00353661    0.00376105    0.00357030    0.00213661    0.00000000 
Fr_paral         :   0.00000000   -0.00039092   -0.00421566   -0.00334810    0.00079735    0.00204216    0.00915290   -0.00918980    0.00023758    0.00000000 
max(|Fsp_paral|) :   0.00000000    0.00034656    0.00003489    0.00061613    0.00100705    0.00005675    0.00078647    0.00150049    0.00040363    0.00000000 
max(|Fsp_perp|)  :   0.00000000    0.00000000    0.00000000    0.00000000    0.00000000    0.00000000    0.00000000    0.00000000    0.00000000    0.00000000 
max(|FNEB|)      :   0.00000000    0.00054834    0.00462560    0.00092611    0.00092456    0.00353838    0.00373538    0.00401228    0.00218775    0.00000000 
max(|Force|)     :   0.00009233    0.00056173    0.00461652    0.00142765    0.00060219    0.00356024    0.00376998    0.00456501    0.00211771    0.00034335 
ksp              :   0.02006039    0.04979159    0.08775273    0.10000000    0.10000000    0.08589755    0.01000000    0.01000000    0.01000000 
max(|step|)      :   0.00000000    0.00085763    0.00538501    0.00212075    0.00328798    0.01538562    0.01011959    0.01457733    0.00416938    0.00036601 
angle (deg.)     :    54.7730  58.3738  30.7624  34.8747  48.6319  82.3467  86.5473  65.2793 
>
iteration       : 277
climbing        : no
zoom on         : no
nim             : 10
barrier         :   0.01687782 (image:  4) 
distance        :   0.00000000    7.57929493   10.59782367   12.31193673   13.81283889   15.33114724   17.09750733   32.42500065   48.43248136   64.60845657 
energy          : -2537.14379937  -2537.14191520  -2537.13637684  -2537.12923361  -2537.12692155  -2537.12963779  -2537.14441292  -2537.18712556  -2537.17520541  -2537.17943128 
max(|Fr_perp|)   :   0.00000000    0.00039720    0.00223612    0.00054411    0.00078232    0.00317628    0.00266455    0.00324968    0.00139767    0.00000000 
Fr_paral         :   0.00000000   -0.00038065   -0.00421373   -0.00337711    0.00080659    0.00207590    0.01042708   -0.01013761    0.00031385    0.00000000 
max(|Fsp_paral|) :   0.00000000    0.00047073    0.00025039    0.00008965    0.00078264    0.00029094    0.00112337    0.00143461    0.00038765    0.00000000 
max(|Fsp_perp|)  :   0.00000000    0.00000000    0.00000000    0.00000000    0.00000000    0.00000000    0.00000000    0.00000000    0.00000000    0.00000000 
max(|FNEB|)      :   0.00000000    0.00052663    0.00223620    0.00054328    0.00080638    0.00319651    0.00273713    0.00325824    0.00153196    0.00000000 
max(|Force|)     :   0.00009233    0.00040174    0.00223554    0.00153078    0.00079347    0.00312240    0.00465672    0.00460992    0.00142269    0.00034335 
ksp              :   0.02004724    0.04958020    0.08767109    0.10000000    0.10000000    0.08551583    0.01000000    0.01000000    0.01000000 
max(|step|)      :   0.00000000    0.00132732    0.00484721    0.00278140    0.00445306    0.01506024    0.01005036    0.01969472    0.00334727    0.00058974 
angle (deg.)     :    54.7541  58.4743  30.7451  34.4643  49.9326  82.4295  86.6606  65.4086 
>
iteration       : 278
climbing        : no
zoom on         : no
nim             : 10
barrier         :   0.01685632 (image:  4) 
distance        :   0.00000000    7.57614868   10.59256084   12.31048317   13.82458692   15.34683490   17.11839994   32.49343839   48.50371880   64.66937247 
energy          : -2537.14379937  -2537.14192111  -2537.13636707  -2537.12926445  -2537.12694305  -2537.12960423  -2537.14444974  -2537.18719828  -2537.17522187  -2537.17943128 
max(|Fr_perp|)   :   0.00000000    0.00066615    0.00812063    0.00085259    0.00085222    0.00578136    0.00256527    0.00367121    0.00091977    0.00000000 
Fr_paral         :   0.00000000   -0.00037718   -0.00413265   -0.00340376    0.00082358    0.00200184    0.01132697   -0.01047489    0.00031390    0.00000000 
max(|Fsp_paral|) :   0.00000000    0.00038657    0.00025717    0.00043381    0.00036701    0.00009077    0.00088621    0.00133798    0.00035768    0.00000000 
max(|Fsp_perp|)  :   0.00000000    0.00000000    0.00000000    0.00000000    0.00000000    0.00000000    0.00000000    0.00000000    0.00000000    0.00000000 
max(|FNEB|)      :   0.00000000    0.00069148    0.00812217    0.00086685    0.00086561    0.00578856    0.00287865    0.00307216    0.00078773    0.00000000 
max(|Force|)     :   0.00009233    0.00067125    0.00811066    0.00163941    0.00086576    0.00572132    0.00571001    0.00521173    0.00088382    0.00034335 
ksp              :   0.02002851    0.04968287    0.08760548    0.10000000    0.10000000    0.08579132    0.01000000    0.01000000    0.01000000 
max(|step|)      :   0.00000000    0.00420249    0.01117354    0.00762294    0.01270628    0.03870474    0.02085638    0.05826160    0.01328120    0.00218590 
angle (deg.)     :    54.6759  58.8016  30.6168  33.1939  52.8436  82.6234  87.0420  65.8231 
>
iteration       : 279
climbing        : no
zoom on         : no
nim             : 10
barrier         :   0.01679174 (image:  4) 
distance        :   0.00000000    7.56768147   10.57455042   12.31048422   13.85646331   15.39496802   17.17248752   32.69732396   48.71971200   64.85336280 
energy          : -2537.14379937  -2537.14193596  -2537.13654337  -2537.12933274  -2537.12700763  -2537.12952743  -2537.14414511  -2537.18720739  -2537.17521145  -2537.17943128 
max(|Fr_perp|)   :   0.00000000    0.00181260    0.00591845    0.00224913    0.00084807    0.00989326    0.00930151    0.01025763    0.00768135    0.00000000 
Fr_paral         :   0.00000000   -0.00036289   -0.00412428   -0.00346712    0.00086590    0.00183036    0.01306195   -0.01067769    0.00044167    0.00000000 
max(|Fsp_paral|) :   0.00000000    0.00087833    0.00200747    0.00125157    0.00033942    0.00004120    0.00074229    0.00104422    0.00025677    0.00000000 
max(|Fsp_perp|)  :   0.00000000    0.00000000    0.00000000    0.00000000    0.00000000    0.00000000    0.00000000    0.00000000    0.00000000    0.00000000 
max(|FNEB|)      :   0.00000000    0.00186838    0.00592005    0.00229241    0.00085234    0.00989537    0.00930993    0.01079909    0.00777032    0.00000000 
max(|Force|)     :   0.00009233    0.00181736    0.00591711    0.00219225    0.00085529    0.00985649    0.00937468    0.00909564    0.00771667    0.00034335 
ksp              :   0.01998748    0.04889053    0.08753792    0.10000000    0.10000000    0.08649441    0.01000000    0.01000000    0.01000000 
max(|step|)      :   0.00000000    0.00747209    0.01351952    0.01124530    0.01928083    0.06072858    0.02833229    0.08605114    0.01663551    0.00314953 
angle (deg.)     :    54.7496  59.0649  30.3859  31.3610  56.5402  82.8598  87.6885  66.5016 
>
iteration       : 280
climbing        : no
zoom on         : no
nim             : 10
barrier         :   0.01668876 (image:  4) 
distance        :   0.00000000    7.54795002   10.55977391   12.31307789   13.89981304   15.46859775   17.25379996   33.02064400   49.06942506   65.15271827 
energy          : -2537.14379937  -2537.14197168  -2537.13633901  -2537.12944098  -2537.12711061  -2537.12993987  -2537.14367218  -2537.18739189  -2537.17534473  -2537.17943128 
max(|Fr_perp|)   :   0.00000000    0.00043331    0.02060801    0.00083803    0.00056202    0.01021941    0.00786317    0.00879224    0.00135069    0.00000000 
Fr_paral         :   0.00000000   -0.00033609   -0.00365827   -0.00353953    0.00088011    0.00217783    0.01408357   -0.01013686    0.00033522    0.00000000 
max(|Fsp_paral|) :   0.00000000    0.00029314    0.00081382    0.00254131    0.00083125    0.00231376    0.00833436    0.00167146    0.00007990    0.00000000 
max(|Fsp_perp|)  :   0.00000000    0.00000000    0.00000000    0.00000000    0.00000000    0.00000000    0.00000000    0.00000000    0.00000000    0.00000000 
max(|FNEB|)      :   0.00000000    0.00040691    0.02062194    0.00213634    0.00082099    0.01027305    0.01186478    0.00954343    0.00131109    0.00000000 
max(|Force|)     :   0.00009233    0.00044798    0.02058257    0.00207768    0.00069879    0.01019854    0.01092440    0.00974459    0.00131223    0.00034335 
ksp              :   0.01985645    0.05023259    0.08743264    0.10000000    0.10000000    0.08474222    0.01068594    0.01000000    0.01000000 
max(|step|)      :   0.00000000    0.00208113    0.00910991    0.00415321    0.00459628    0.02088323    0.02426892    0.02546843    0.00473455    0.00052787 
angle (deg.)     :    54.7710  59.0567  30.1556  30.6808  56.3602  82.8169  87.7469  66.6671 
>
iteration       : 281
climbing        : no
zoom on         : no
nim             : 10
barrier         :   0.01665280 (image:  4) 
distance        :   0.00000000    7.54508110   10.55527415   12.31871982   13.90204474   15.46284439   17.29689409   33.09957457   49.16643257   65.23698895 
energy          : -2537.14379937  -2537.14197377  -2537.13670249  -2537.12942584  -2537.12714657  -2537.13042486  -2537.14479082  -2537.18825196  -2537.17536293  -2537.17943128 
max(|Fr_perp|)   :   0.00000000    0.00264838    0.00848541    0.00313177    0.00084949    0.00500076    0.00577600    0.00512894    0.00230433    0.00000000 
Fr_paral         :   0.00000000   -0.00035007   -0.00404848   -0.00351476    0.00087714    0.00271580    0.01257867   -0.00884626    0.00039279    0.00000000 
max(|Fsp_paral|) :   0.00000000    0.00089758    0.00368363    0.00175576    0.00105340    0.00217170    0.00347258    0.00055156    0.00000855    0.00000000 
max(|Fsp_perp|)  :   0.00000000    0.00000000    0.00000000    0.00000000    0.00000000    0.00000000    0.00000000    0.00000000    0.00000000    0.00000000 
max(|FNEB|)      :   0.00000000    0.00271138    0.00848755    0.00319326    0.00096419    0.00496009    0.00707518    0.00470692    0.00230003    0.00000000 
max(|Force|)     :   0.00009233    0.00265347    0.00848445    0.00307352    0.00085902    0.00506139    0.00861372    0.00659946    0.00225868    0.00034335 
ksp              :   0.01986642    0.04835505    0.08768168    0.10000000    0.10000000    0.08228250    0.01000000    0.01000000    0.01000000 
max(|step|)      :   0.00000000    0.00846712    0.01433049    0.01464830    0.02054633    0.05646738    0.04419021    0.10000000    0.01996352    0.00319367 
angle (deg.)     :    54.9639  59.0699  29.6142  28.9502  58.8168  82.8830  88.2878  67.4210 
>
iteration       : 282
climbing        : no
zoom on         : no
nim             : 10
barrier         :   0.01652974 (image:  4) 
distance        :   0.00000000    7.52525723   10.54463303   12.33215293   13.92802159   15.49688620   17.45182628   33.48139317   49.60743131   65.62296905 
energy          : -2537.14379937  -2537.14200913  -2537.13678994  -2537.12946249  -2537.12726963  -2537.13080283  -2537.14633756  -2537.18950888  -2537.17544948  -2537.17943128 
max(|Fr_perp|)   :   0.00000000    0.00271522    0.01053738    0.00296951    0.00138145    0.00663498    0.00454473    0.00431875    0.00301235    0.00000000 
Fr_paral         :   0.00000000   -0.00032168   -0.00397593   -0.00350669    0.00094930    0.00278460    0.00926701   -0.00651552    0.00043359    0.00000000 
max(|Fsp_paral|) :   0.00000000    0.00063768    0.00482428    0.00103074    0.00127551    0.00047337    0.00114178    0.00020055    0.00025573    0.00000000 
max(|Fsp_perp|)  :   0.00000000    0.00000000    0.00000000    0.00000000    0.00000000    0.00000000    0.00000000    0.00000000    0.00000000    0.00000000 
max(|FNEB|)      :   0.00000000    0.00284713    0.01105583    0.00305595    0.00138851    0.00667412    0.00434655    0.00430957    0.00302054    0.00000000 
max(|Force|)     :   0.00009233    0.00281792    0.01092005    0.00328272    0.00146107    0.00666399    0.00544452    0.00527514    0.00314152    0.00034335 
ksp              :   0.01975144    0.04820301    0.08806613    0.10000000    0.10000000    0.08079592    0.01000000    0.01000000    0.01000000 
max(|step|)      :   0.00000000    0.00389100    0.01510930    0.00417638    0.00189759    0.00912110    0.00594015    0.00588962    0.00412799    0.00000000 
angle (deg.)     :    55.1047  58.8114  29.5599  28.8306  59.0718  82.8636  88.2806  67.4356 
>
iteration       : 283
climbing        : no
zoom on         : no
nim             : 10
barrier         :   0.01652678 (image:  4) 
distance        :   0.00000000    7.52258941   10.55422034   12.32840861   13.91754791   15.49123400   17.45309780   33.48485222   49.61076075   65.62775440 
energy          : -2537.14379937  -2537.14201509  -2537.13675222  -2537.12946369  -2537.12727259  -2537.13098595  -2537.14658575  -2537.18968930  -2537.17545687  -2537.17943128 
max(|Fr_perp|)   :   0.00000000    0.00221682    0.00877637    0.00260135    0.00124377    0.00592686    0.00335529    0.00268294    0.00168125    0.00000000 
Fr_paral         :   0.00000000   -0.00032487   -0.00404290   -0.00349863    0.00093713    0.00302461    0.00965986   -0.00702533    0.00031359    0.00000000 
max(|Fsp_paral|) :   0.00000000    0.00034353    0.00390704    0.00126199    0.00073778    0.00038136    0.00186399    0.00019579    0.00025204    0.00000000 
max(|Fsp_perp|)  :   0.00000000    0.00000000    0.00000000    0.00000000    0.00000000    0.00000000    0.00000000    0.00000000    0.00000000    0.00000000 
max(|FNEB|)      :   0.00000000    0.00218902    0.00879779    0.00256249    0.00127372    0.00594914    0.00368250    0.00279228    0.00176642    0.00000000 
max(|Force|)     :   0.00009233    0.00221138    0.00876733    0.00265237    0.00122561    0.00584805    0.00538342    0.00345556    0.00165673    0.00034335 
ksp              :   0.01971668    0.04837673    0.08806794    0.10000000    0.10000000    0.07977812    0.01000000    0.01000000    0.01000000 
max(|step|)      :   0.00000000    0.00071347    0.00577237    0.00140700    0.00116394    0.00718371    0.00546033    0.00445442    0.00079740    0.00001933 
angle (deg.)     :    55.2272  58.5785  29.4997  28.7342  59.2489  82.8363  88.2756  67.4525 
>
iteration       : 284
climbing        : no
zoom on         : no
nim             : 10
barrier         :   0.01652395 (image:  4) 
distance        :   0.00000000    7.52061037   10.56242376   12.32539637   13.90825741   15.48423641   17.45449817   33.48849127   49.61479469   65.63325714 
energy          : -2537.14379937  -2537.14202016  -2537.13674221  -2537.12946072  -2537.12727542  -2537.13109009  -2537.14673992  -2537.18979778  -2537.17545995  -2537.17943128 
max(|Fr_perp|)   :   0.00000000    0.00144823    0.00563515    0.00174684    0.00086398    0.00416399    0.00350835    0.00249230    0.00157486    0.00000000 
Fr_paral         :   0.00000000   -0.00032291   -0.00415642   -0.00349283    0.00093120    0.00316551    0.00970374   -0.00739500    0.00032860    0.00000000 
max(|Fsp_paral|) :   0.00000000    0.00015448    0.00325030    0.00140855    0.00032917    0.00067575    0.00208584    0.00019196    0.00024951    0.00000000 
max(|Fsp_perp|)  :   0.00000000    0.00000000    0.00000000    0.00000000    0.00000000    0.00000000    0.00000000    0.00000000    0.00000000    0.00000000 
max(|FNEB|)      :   0.00000000    0.00143641    0.00564005    0.00188026    0.00087683    0.00420004    0.00322228    0.00260535    0.00165915    0.00000000 
max(|Force|)     :   0.00009233    0.00144313    0.00563259    0.00181877    0.00084660    0.00408832    0.00515916    0.00326318    0.00154918    0.00034335 
ksp              :   0.01969069    0.04843780    0.08809745    0.10000000    0.10000000    0.07922289    0.01000000    0.01000000    0.01000000 
max(|step|)      :   0.00000000    0.00297866    0.03061867    0.01058690    0.00491250    0.02862423    0.02957624    0.02209233    0.00362446    0.00037475 
angle (deg.)     :    55.8544  57.3809  29.0596  28.2919  59.8928  82.6655  88.2699  67.5767 
>
iteration       : 285
climbing        : no
zoom on         : no
nim             : 10
barrier         :   0.01651289 (image:  4) 
distance        :   0.00000000    7.51291247   10.60483719   12.31337116   13.86096143   15.43792761   17.46527483   33.51471320   49.64745257   65.67525324 
energy          : -2537.14379937  -2537.14203222  -2537.13645605  -2537.12940003  -2537.12728648  -2537.13108608  -2537.14727992  -2537.19021740  -2537.17547043  -2537.17943128 
max(|Fr_perp|)   :   0.00000000    0.00064203    0.00261222    0.00118406    0.00058306    0.00563635    0.00284998    0.00437113    0.00187526    0.00000000 
Fr_paral         :   0.00000000   -0.00032432   -0.00435985   -0.00344571    0.00093107    0.00322891    0.00842935   -0.00833056    0.00039877    0.00000000 
max(|Fsp_paral|) :   0.00000000    0.00147523    0.00142934    0.00170544    0.00141865    0.00140110    0.00012645    0.00017335    0.00024269    0.00000000 
max(|Fsp_perp|)  :   0.00000000    0.00000000    0.00000000    0.00000000    0.00000000    0.00000000    0.00000000    0.00000000    0.00000000    0.00000000 
max(|FNEB|)      :   0.00000000    0.00147211    0.00261515    0.00161431    0.00149014    0.00561777    0.00281070    0.00425230    0.00179319    0.00000000 
max(|Force|)     :   0.00009233    0.00063715    0.00261587    0.00172940    0.00059987    0.00561671    0.00414220    0.00555947    0.00190645    0.00034335 
ksp              :   0.01963149    0.05002324    0.08848055    0.10000000    0.10000000    0.07929110    0.01000000    0.01000000    0.01000000 
max(|step|)      :   0.00000000    0.00327191    0.00841243    0.00696470    0.00281401    0.01048877    0.00764231    0.01002132    0.00420612    0.00012415 
angle (deg.)     :    55.8524  57.2365  28.7907  28.0550  59.7641  82.5860  88.3169  67.6576 
>
iteration       : 286
climbing        : no
zoom on         : no
nim             : 10
barrier         :   0.01649764 (image:  4) 
distance        :   0.00000000    7.52094527   10.60265659   12.31413616   13.85021312   15.42924171   17.46011177   33.52056794   49.65992218   65.69284296 
energy          : -2537.14379937  -2537.14202644  -2537.13634797  -2537.12935013  -2537.12730173  -2537.13128951  -2537.14736464  -2537.19046445  -2537.17546844  -2537.17943128 
max(|Fr_perp|)   :   0.00000000    0.00216430    0.00909056    0.00223122    0.00102872    0.00339548    0.00394527    0.00482522    0.00305383    0.00000000 
Fr_paral         :   0.00000000   -0.00033111   -0.00427731   -0.00340163    0.00093509    0.00341361    0.00812345   -0.00765575    0.00037721    0.00000000 
max(|Fsp_paral|) :   0.00000000    0.00167067    0.00166664    0.00075494    0.00208222    0.00046455    0.00083842    0.00016407    0.00024608    0.00000000 
max(|Fsp_perp|)  :   0.00000000    0.00000000    0.00000000    0.00000000    0.00000000    0.00000000    0.00000000    0.00000000    0.00000000    0.00000000 
max(|FNEB|)      :   0.00000000    0.00206997    0.00906123    0.00225626    0.00213655    0.00340755    0.00386032    0.00492589    0.00313669    0.00000000 
max(|Force|)     :   0.00009233    0.00216814    0.00905971    0.00217747    0.00103262    0.00343656    0.00399541    0.00551873    0.00302447    0.00034335 
ksp              :   0.01967193    0.05064984    0.08882532    0.10000000    0.10000000    0.07824534    0.01000000    0.01000000    0.01000000 
max(|step|)      :   0.00000000    0.00396967    0.00212601    0.00546105    0.00413267    0.00962854    0.00604738    0.00875077    0.00179375    0.00016053 
angle (deg.)     :    55.7744  57.2049  28.5770  27.8910  59.6653  82.5115  88.3609  67.7309 
>
iteration       : 287
climbing        : no
zoom on         : no
nim             : 10
barrier         :   0.01648001 (image:  4) 
distance        :   0.00000000    7.53099177   10.59511143   12.31417380   13.84492230   15.42230304   17.45713085   33.52736409   49.67270789   65.71022718 
energy          : -2537.14379937  -2537.14202369  -2537.13636538  -2537.12932169  -2537.12731936  -2537.13140188  -2537.14746163  -2537.19068860  -2537.17547986  -2537.17943128 
max(|Fr_perp|)   :   0.00000000    0.00188254    0.00752808    0.00191740    0.00090851    0.00309120    0.00398692    0.00388853    0.00191584    0.00000000 
Fr_paral         :   0.00000000   -0.00038060   -0.00429384   -0.00339163    0.00096159    0.00348767    0.00773661   -0.00708516    0.00038802    0.00000000 
max(|Fsp_paral|) :   0.00000000    0.00137501    0.00079326    0.00001591    0.00226784    0.00017617    0.00127613    0.00015608    0.00024922    0.00000000 
max(|Fsp_perp|)  :   0.00000000    0.00000000    0.00000000    0.00000000    0.00000000    0.00000000    0.00000000    0.00000000    0.00000000    0.00000000 
max(|FNEB|)      :   0.00000000    0.00180170    0.00751564    0.00191688    0.00232739    0.00309542    0.00401296    0.00388002    0.00199973    0.00000000 
max(|Force|)     :   0.00009233    0.00188713    0.00750041    0.00186450    0.00091288    0.00313014    0.00406482    0.00408675    0.00188565    0.00034335 
ksp              :   0.01969729    0.05059822    0.08906495    0.10000000    0.10000000    0.07770469    0.01000000    0.01000000    0.01000000 
max(|step|)      :   0.00000000    0.02531296    0.02463113    0.03313879    0.03102598    0.06402064    0.04012764    0.06234535    0.01338909    0.00154635 
angle (deg.)     :    55.5971  56.3952  27.3513  27.2480  60.6602  82.0369  88.6264  68.2535 
>
iteration       : 288
climbing        : no
zoom on         : no
nim             : 10
barrier         :   0.01635713 (image:  4) 
distance        :   0.00000000    7.59477265   10.56760550   12.29653543   13.80453774   15.36476828   17.47587479   33.61748213   49.80337563   65.87547592 
energy          : -2537.14379937  -2537.14198021  -2537.13617629  -2537.12912481  -2537.12744224  -2537.13147862  -2537.14796852  -2537.19197927  -2537.17551521  -2537.17943128 
max(|Fr_perp|)   :   0.00000000    0.00205013    0.00356152    0.00393124    0.00092023    0.00739862    0.00382637    0.00736675    0.00264983    0.00000000 
Fr_paral         :   0.00000000   -0.00063686   -0.00430659   -0.00319890    0.00109448    0.00313400    0.00455225   -0.00503165    0.00038269    0.00000000 
max(|Fsp_paral|) :   0.00000000    0.00050057    0.00102553    0.00293925    0.00259915    0.00404219    0.00137463    0.00009162    0.00026274    0.00000000 
max(|Fsp_perp|)  :   0.00000000    0.00000000    0.00000000    0.00000000    0.00000000    0.00000000    0.00000000    0.00000000    0.00000000    0.00000000 
max(|FNEB|)      :   0.00000000    0.00194364    0.00361021    0.00355399    0.00263909    0.00771183    0.00428680    0.00743028    0.00273776    0.00000000 
max(|Force|)     :   0.00009233    0.00207778    0.00354415    0.00373297    0.00093299    0.00749090    0.00389276    0.00664492    0.00262026    0.00034335 
ksp              :   0.02000938    0.05194365    0.09074222    0.10000000    0.10000000    0.07779107    0.01000000    0.01000000    0.01000000 
max(|step|)      :   0.00000000    0.03151819    0.03204496    0.03277949    0.04456079    0.10000000    0.04591680    0.08367187    0.01748295    0.00222712 
angle (deg.)     :    55.5533  55.1393  26.2463  27.5129  64.4073  81.5838  88.9918  68.9170 
>
iteration       : 289
climbing        : no
zoom on         : no
nim             : 10
barrier         :   0.01617685 (image:  4) 
distance        :   0.00000000    7.67602746   10.54259929   12.25916649   13.76975026   15.34303503   17.54099024   33.78105310   50.02001116   66.13771619 
energy          : -2537.14379937  -2537.14186902  -2537.13570738  -2537.12888216  -2537.12762252  -2537.13165381  -2537.14833322  -2537.19350681  -2537.17554577  -2537.17943128 
max(|Fr_perp|)   :   0.00000000    0.00521162    0.00909771    0.00979308    0.00125020    0.01083207    0.00679019    0.00923167    0.00490883    0.00000000 
Fr_paral         :   0.00000000   -0.00085150   -0.00420944   -0.00293973    0.00128076    0.00244426    0.00306545   -0.00434823    0.00049165    0.00000000 
max(|Fsp_paral|) :   0.00000000    0.00028389    0.00075440    0.00419862    0.00318396    0.00696220    0.00394952    0.00000239    0.00027954    0.00000000 
max(|Fsp_perp|)  :   0.00000000    0.00000000    0.00000000    0.00000000    0.00000000    0.00000000    0.00000000    0.00000000    0.00000000    0.00000000 
max(|FNEB|)      :   0.00000000    0.00527855    0.00934020    0.01049677    0.00326372    0.01137877    0.00819803    0.00928427    0.00492939    0.00000000 
max(|Force|)     :   0.00009233    0.00530609    0.00946604    0.01019109    0.00127989    0.01095629    0.00632546    0.00865706    0.00506090    0.00034335 
ksp              :   0.02074856    0.05506916    0.09302079    0.10000000    0.10000000    0.07763545    0.01000000    0.01000000    0.01000000 
max(|step|)      :   0.00000000    0.00844401    0.01494137    0.01679152    0.00522093    0.01820243    0.01311426    0.01485190    0.00788546    0.00000000 
angle (deg.)     :    55.6132  55.0255  26.4785  27.4842  65.6402  81.5770  88.9916  68.9248 
>
iteration       : 290
climbing        : no
zoom on         : no
nim             : 10
barrier         :   0.01615250 (image:  4) 
distance        :   0.00000000    7.67501020   10.54521236   12.24653347   13.78097381   15.36626003   17.55460740   33.79703144   50.03366555   66.15324832 
energy          : -2537.14379937  -2537.14187317  -2537.13568562  -2537.12893640  -2537.12764687  -2537.13238443  -2537.14866603  -2537.19385525  -2537.17555198  -2537.17943128 
max(|Fr_perp|)   :   0.00000000    0.00547573    0.01090955    0.00966029    0.00075209    0.00818968    0.00449125    0.00650385    0.00429501    0.00000000 
Fr_paral         :   0.00000000   -0.00081731   -0.00423360   -0.00291516    0.00128869    0.00335120    0.00511929   -0.00535661    0.00040405    0.00000000 
max(|Fsp_paral|) :   0.00000000    0.00013369    0.00023171    0.00218501    0.00258049    0.00133728    0.00064849    0.00001187    0.00026978    0.00000000 
max(|Fsp_perp|)  :   0.00000000    0.00000000    0.00000000    0.00000000    0.00000000    0.00000000    0.00000000    0.00000000    0.00000000    0.00000000 
max(|FNEB|)      :   0.00000000    0.00550299    0.01090539    0.00936954    0.00270590    0.00831857    0.00452756    0.00651031    0.00438462    0.00000000 
max(|Force|)     :   0.00009233    0.00550940    0.01087775    0.00947042    0.00077943    0.00835974    0.00462837    0.00710115    0.00426408    0.00034335 
ksp              :   0.02073256    0.05520895    0.09281492    0.10000000    0.10000000    0.07360284    0.01000000    0.01000000    0.01000000 
max(|step|)      :   0.00000000    0.00240599    0.00526283    0.00344024    0.00374418    0.01210051    0.00648404    0.00808245    0.00158227    0.00005668 
angle (deg.)     :    55.6358  54.9780  26.5956  27.5232  66.3392  81.5688  88.9862  68.9339 
>
iteration       : 291
climbing        : no
zoom on         : no
nim             : 10
barrier         :   0.01613733 (image:  4) 
distance        :   0.00000000    7.67447800   10.54585272   12.23999343   13.78914575   15.37599656   17.56772776   33.81134129   50.04713122   66.16819959 
energy          : -2537.14379937  -2537.14190179  -2537.13585463  -2537.12903785  -2537.12766204  -2537.13274816  -2537.14885273  -2537.19401606  -2537.17556588  -2537.17943128 
max(|Fr_perp|)   :   0.00000000    0.00263129    0.00423881    0.00457025    0.00042262    0.00587847    0.00395699    0.00356135    0.00239375    0.00000000 
Fr_paral         :   0.00000000   -0.00085113   -0.00437132   -0.00306277    0.00130144    0.00384464    0.00603168   -0.00605276    0.00041822    0.00000000 
max(|Fsp_paral|) :   0.00000000    0.00040865    0.00019833    0.00073375    0.00191354    0.00088858    0.00259370    0.00001603    0.00026431    0.00000000 
max(|Fsp_perp|)  :   0.00000000    0.00000000    0.00000000    0.00000000    0.00000000    0.00000000    0.00000000    0.00000000    0.00000000    0.00000000 
max(|FNEB|)      :   0.00000000    0.00271901    0.00425495    0.00447663    0.00203735    0.00577980    0.00381801    0.00357009    0.00248163    0.00000000 
max(|Force|)     :   0.00009233    0.00266820    0.00408988    0.00437903    0.00078441    0.00610393    0.00391500    0.00423715    0.00236171    0.00034335 
ksp              :   0.02058305    0.05430887    0.09232691    0.10000000    0.10000000    0.07163404    0.01000000    0.01000000    0.01000000 
max(|step|)      :   0.00000000    0.00363601    0.00480413    0.00478337    0.00952812    0.02908510    0.01545953    0.01545948    0.00299838    0.00030052 
angle (deg.)     :    55.7542  54.8350  26.8164  27.7412  67.8800  81.5437  88.9588  68.9715 
>
iteration       : 292
climbing        : no
zoom on         : no
nim             : 10
barrier         :   0.01610363 (image:  4) 
distance        :   0.00000000    7.67070167   10.55118183   12.23042229   13.81050064   15.38970887   17.61198550   33.85812874   50.09386122   66.21953073 
energy          : -2537.14379937  -2537.14192053  -2537.13588488  -2537.12910970  -2537.12769574  -2537.13307168  -2537.14929242  -2537.19426062  -2537.17557442  -2537.17943128 
max(|Fr_perp|)   :   0.00000000    0.00133323    0.00177067    0.00198503    0.00060746    0.00432010    0.00211922    0.00277865    0.00124384    0.00000000 
Fr_paral         :   0.00000000   -0.00080497   -0.00445781   -0.00317775    0.00134930    0.00443033    0.00746852   -0.00737416    0.00045403    0.00000000 
max(|Fsp_paral|) :   0.00000000    0.00020934    0.00065315    0.00163920    0.00004416    0.00130994    0.00332409    0.00002125    0.00025347    0.00000000 
max(|Fsp_perp|)  :   0.00000000    0.00000000    0.00000000    0.00000000    0.00000000    0.00000000    0.00000000    0.00000000    0.00000000    0.00000000 
max(|FNEB|)      :   0.00000000    0.00128537    0.00182388    0.00190561    0.00060566    0.00429688    0.00273970    0.00279439    0.00115938    0.00000000 
max(|Force|)     :   0.00009233    0.00129609    0.00192256    0.00217217    0.00079850    0.00436190    0.00290373    0.00389359    0.00127868    0.00034335 
ksp              :   0.02050045    0.05423254    0.09209770    0.10000000    0.10000000    0.06995496    0.01000000    0.01000000    0.01000000 
max(|step|)      :   0.00000000    0.00178168    0.00384639    0.00180403    0.00353729    0.00863145    0.01050371    0.00762354    0.00139106    0.00013707 
angle (deg.)     :    55.7930  54.8607  26.8027  27.8011  68.4331  81.5074  88.9454  69.0158 
>
iteration       : 293
climbing        : no
zoom on         : no
nim             : 10
barrier         :   0.01608741 (image:  4) 
distance        :   0.00000000    7.66900967   10.55107497   12.23522679   13.82004990   15.39491789   17.64243911   33.89135969   50.13043131   66.26000370 
energy          : -2537.14379937  -2537.14192933  -2537.13587792  -2537.12911548  -2537.12771196  -2537.13317958  -2537.14955135  -2537.19443941  -2537.17557942  -2537.17943128 
max(|Fr_perp|)   :   0.00000000    0.00049900    0.00568200    0.00171284    0.00049585    0.00445695    0.00140223    0.00231013    0.00039094    0.00000000 
Fr_paral         :   0.00000000   -0.00078140   -0.00442470   -0.00321308    0.00135454    0.00461547    0.00770942   -0.00723004    0.00043313    0.00000000 
max(|Fsp_paral|) :   0.00000000    0.00007658    0.00056586    0.00160740    0.00050516    0.00079288    0.00306872    0.00002006    0.00025211    0.00000000 
max(|Fsp_perp|)  :   0.00000000    0.00000000    0.00000000    0.00000000    0.00000000    0.00000000    0.00000000    0.00000000    0.00000000    0.00000000 
max(|FNEB|)      :   0.00000000    0.00048156    0.00568220    0.00172992    0.00050094    0.00444021    0.00262716    0.00232511    0.00052768    0.00000000 
max(|Force|)     :   0.00009233    0.00046308    0.00568267    0.00190329    0.00078037    0.00450909    0.00305696    0.00341030    0.00035440    0.00034335 
ksp              :   0.02046180    0.05431608    0.09214810    0.10000000    0.10000000    0.06941173    0.01000000    0.01000000    0.01000000 
max(|step|)      :   0.00000000    0.00700922    0.01245541    0.01009117    0.01175448    0.03181245    0.04412822    0.03216196    0.00668859    0.00121331 
angle (deg.)     :    55.9244  55.0454  26.6871  28.1643  70.7749  81.3854  88.8951  69.2272 
>
iteration       : 294
climbing        : no
zoom on         : no
nim             : 10
barrier         :   0.01602785 (image:  4) 
distance        :   0.00000000    7.66395964   10.54686573   12.26194505   13.85407041   15.42166246   17.78515075   34.04924318   50.30585643   66.45368445 
energy          : -2537.14379937  -2537.14194116  -2537.13600511  -2537.12909055  -2537.12777152  -2537.13355612  -2537.15010827  -2537.19500684  -2537.17559007  -2537.17943128 
max(|Fr_perp|)   :   0.00000000    0.00339081    0.00415271    0.00453768    0.00061280    0.00371973    0.00310103    0.00355387    0.00257629    0.00000000 
Fr_paral         :   0.00000000   -0.00065465   -0.00450231   -0.00329046    0.00141353    0.00518101    0.00773055   -0.00649809    0.00045942    0.00000000 
max(|Fsp_paral|) :   0.00000000    0.00032404    0.00160137    0.00019861    0.00124411    0.00153969    0.00142847    0.00001512    0.00025035    0.00000000 
max(|Fsp_perp|)  :   0.00000000    0.00000000    0.00000000    0.00000000    0.00000000    0.00000000    0.00000000    0.00000000    0.00000000    0.00000000 
max(|FNEB|)      :   0.00000000    0.00331499    0.00402222    0.00451415    0.00123610    0.00344189    0.00338653    0.00354535    0.00249301    0.00000000 
max(|Force|)     :   0.00009233    0.00335985    0.00430726    0.00472767    0.00072483    0.00431639    0.00382170    0.00343145    0.00261146    0.00034335 
ksp              :   0.02043426    0.05376655    0.09259334    0.10000000    0.10000000    0.06751816    0.01000000    0.01000000    0.01000000 
max(|step|)      :   0.00000000    0.00642870    0.01335308    0.00777855    0.00478438    0.02771220    0.02771370    0.01856589    0.00561403    0.00074141 
angle (deg.)     :    56.2253  54.8768  26.7364  28.2955  72.4704  81.2664  88.8663  69.4004 
>
iteration       : 295
climbing        : no
zoom on         : no
nim             : 10
barrier         :   0.01599841 (image:  4) 
distance        :   0.00000000    7.65693323   10.55878545   12.27390481   13.86205961   15.44718369   17.89567656   34.17548449   50.44753341   66.61070542 
energy          : -2537.14379937  -2537.14194103  -2537.13582483  -2537.12909509  -2537.12780096  -2537.13381570  -2537.15050917  -2537.19549452  -2537.17560635  -2537.17943128 
max(|Fr_perp|)   :   0.00000000    0.00547745    0.01356901    0.00510694    0.00122407    0.00492322    0.00446744    0.00447555    0.00165737    0.00000000 
Fr_paral         :   0.00000000   -0.00055645   -0.00430545   -0.00320683    0.00142065    0.00519194    0.00711447   -0.00660728    0.00039747    0.00000000 
max(|Fsp_paral|) :   0.00000000    0.00052158    0.00007317    0.00010241    0.00015413    0.00194056    0.00036953    0.00001562    0.00025043    0.00000000 
max(|Fsp_perp|)  :   0.00000000    0.00000000    0.00000000    0.00000000    0.00000000    0.00000000    0.00000000    0.00000000    0.00000000    0.00000000 
max(|FNEB|)      :   0.00000000    0.00536835    0.01356841    0.00509362    0.00122859    0.00491780    0.00453933    0.00447627    0.00174029    0.00000000 
max(|Force|)     :   0.00009233    0.00550096    0.01355431    0.00490359    0.00120285    0.00491515    0.00510946    0.00453716    0.00162710    0.00034335 
ksp              :   0.02045422    0.05486124    0.09271981    0.10000000    0.10000000    0.06616373    0.01000000    0.01000000    0.01000000 
max(|step|)      :   0.00000000    0.00210815    0.00432380    0.00213866    0.00211954    0.01415374    0.01199376    0.00841330    0.00248977    0.00029394 
angle (deg.)     :    56.3367  54.8050  26.7531  28.3336  73.1094  81.2000  88.8627  69.4790 
>
iteration       : 296
climbing        : no
zoom on         : no
nim             : 10
barrier         :   0.01598560 (image:  4) 
distance        :   0.00000000    7.65539920   10.56270153   12.27766940   13.86211313   15.45895758   17.93976398   34.22767570   50.50734735   66.67733899 
energy          : -2537.14379937  -2537.14196673  -2537.13595770  -2537.12911493  -2537.12781377  -2537.13397064  -2537.15079188  -2537.19576177  -2537.17560958  -2537.17943128 
max(|Fr_perp|)   :   0.00000000    0.00357622    0.00736117    0.00358757    0.00068245    0.00354328    0.00363279    0.00416099    0.00241147    0.00000000 
Fr_paral         :   0.00000000   -0.00057958   -0.00445337   -0.00319852    0.00141892    0.00520171    0.00679823   -0.00653561    0.00039360    0.00000000 
max(|Fsp_paral|) :   0.00000000    0.00038084    0.00063427    0.00023870    0.00063199    0.00134775    0.00036695    0.00001657    0.00025220    0.00000000 
max(|Fsp_perp|)  :   0.00000000    0.00000000    0.00000000    0.00000000    0.00000000    0.00000000    0.00000000    0.00000000    0.00000000    0.00000000 
max(|FNEB|)      :   0.00000000    0.00349450    0.00736166    0.00355693    0.00075583    0.00359882    0.00370525    0.00417047    0.00249488    0.00000000 
max(|Force|)     :   0.00009233    0.00360134    0.00735971    0.00338726    0.00084698    0.00512637    0.00425466    0.00491311    0.00238154    0.00034335 
ksp              :   0.02031791    0.05414912    0.09267440    0.10000000    0.10000000    0.06533643    0.01000000    0.01000000    0.01000000 
max(|step|)      :   0.00000000    0.01430803    0.01532983    0.01414854    0.01411956    0.09339868    0.07851429    0.05490780    0.01659756    0.00230527 
angle (deg.)     :    57.1575  54.2403  26.9989  29.4097  77.6946  80.8739  88.8507  69.9958 
>
iteration       : 297
climbing        : no
zoom on         : no
nim             : 10
barrier         :   0.01589782 (image:  4) 
distance        :   0.00000000    7.64349360   10.59603449   12.29673130   13.87482807   15.54626888   18.25107573   34.59548094   50.92645127   67.14171627 
energy          : -2537.14379937  -2537.14200732  -2537.13581835  -2537.12916748  -2537.12790155  -2537.13464766  -2537.15207330  -2537.19712400  -2537.17565165  -2537.17943128 
max(|Fr_perp|)   :   0.00000000    0.00198813    0.01170462    0.00131458    0.00095197    0.00887255    0.00522931    0.00622211    0.00140775    0.00000000 
Fr_paral         :   0.00000000   -0.00050561   -0.00433482   -0.00305726    0.00143294    0.00491992    0.00475728   -0.00663007    0.00041235    0.00000000 
max(|Fsp_paral|) :   0.00000000    0.00180179    0.00212055    0.00003516    0.00481181    0.00002232    0.00171186    0.00002682    0.00026568    0.00000000 
max(|Fsp_perp|)  :   0.00000000    0.00000000    0.00000000    0.00000000    0.00000000    0.00000000    0.00000000    0.00000000    0.00000000    0.00000000 
max(|FNEB|)      :   0.00000000    0.00239852    0.01165936    0.00133155    0.00514524    0.00887179    0.00545370    0.00622089    0.00149531    0.00000000 
max(|Force|)     :   0.00009233    0.00196494    0.01166573    0.00203747    0.00107210    0.00877391    0.00520625    0.00616177    0.00137655    0.00034335 
ksp              :   0.02014508    0.05518178    0.09283338    0.10000000    0.10000000    0.06180923    0.01000000    0.01000000    0.01000000 
max(|step|)      :   0.00000000    0.00421844    0.00633449    0.00645902    0.01066320    0.04508569    0.03134157    0.02471073    0.00746140    0.00093732 
angle (deg.)     :    57.2984  54.2476  27.0807  30.2934  79.6708  80.7153  88.8866  70.2318 
>
iteration       : 298
climbing        : no
zoom on         : no
nim             : 10
barrier         :   0.01583787 (image:  4) 
distance        :   0.00000000    7.64843124   10.59409642   12.30236201   13.89203783   15.58793744   18.38086276   34.75500056   51.11099810   67.34684613 
energy          : -2537.14379937  -2537.14201142  -2537.13585448  -2537.12919033  -2537.12796150  -2537.13533696  -2537.15257693  -2537.19778088  -2537.17566956  -2537.17943128 
max(|Fr_perp|)   :   0.00000000    0.00169274    0.01213244    0.00121515    0.00124598    0.00893548    0.00323893    0.00414439    0.00085148    0.00000000 
Fr_paral         :   0.00000000   -0.00051984   -0.00426217   -0.00303694    0.00147316    0.00542252    0.00420014   -0.00617787    0.00041672    0.00000000 
max(|Fsp_paral|) :   0.00000000    0.00166141    0.00149234    0.00003425    0.00548520    0.00441058    0.00068453    0.00003611    0.00027569    0.00000000 
max(|Fsp_perp|)  :   0.00000000    0.00000000    0.00000000    0.00000000    0.00000000    0.00000000    0.00000000    0.00000000    0.00000000    0.00000000 
max(|FNEB|)      :   0.00000000    0.00207020    0.01209784    0.00119860    0.00588937    0.00906118    0.00315061    0.00414278    0.00093222    0.00000000 
max(|Force|)     :   0.00009233    0.00166897    0.01209088    0.00193541    0.00126908    0.00884279    0.00338831    0.00419582    0.00088611    0.00034335 
ksp              :   0.02016019    0.05514746    0.09301704    0.10000000    0.10000000    0.05808834    0.01000000    0.01000000    0.01000000 
max(|step|)      :   0.00000000    0.01020629    0.01539331    0.01586212    0.02747601    0.10000000    0.07968073    0.05879052    0.01827761    0.00253768 
angle (deg.)     :    57.6779  54.2456  27.2822  32.9900  84.3093  80.4770  88.9705  70.8072 
>
iteration       : 299
climbing        : no
zoom on         : no
nim             : 10
barrier         :   0.01568480 (image:  4) 
distance        :   0.00000000    7.65816484   10.59183902   12.31999723   13.93954380   15.69274203   18.72170521   35.16977833   51.58999581   67.87627849 
energy          : -2537.14379937  -2537.14201455  -2537.13596794  -2537.12923769  -2537.12811457  -2537.13674462  -2537.15345543  -2537.19914389  -2537.17570971  -2537.17943128 
max(|Fr_perp|)   :   0.00000000    0.00146814    0.01079553    0.00102412    0.00111693    0.00741360    0.00362365    0.00258670    0.00059648    0.00000000 
Fr_paral         :   0.00000000   -0.00049617   -0.00416770   -0.00299965    0.00158267    0.00630232    0.00229484   -0.00521247    0.00041152    0.00000000 
max(|Fsp_paral|) :   0.00000000    0.00125636    0.00017109    0.00015394    0.00685808    0.01384730    0.00514927    0.00005494    0.00030689    0.00000000 
max(|Fsp_perp|)  :   0.00000000    0.00000000    0.00000000    0.00000000    0.00000000    0.00000000    0.00000000    0.00000000    0.00000000    0.00000000 
max(|FNEB|)      :   0.00000000    0.00182838    0.01116820    0.00096439    0.00748984    0.01144495    0.00492890    0.00256462    0.00078653    0.00000000 
max(|Force|)     :   0.00009233    0.00149207    0.01112159    0.00174635    0.00138960    0.00750377    0.00390886    0.00310055    0.00058038    0.00034335 
ksp              :   0.02024264    0.05497429    0.09355313    0.10000000    0.10000000    0.05049217    0.01000000    0.01000000    0.01000000 
max(|step|)      :   0.00000000    0.00406785    0.02484743    0.00214561    0.01666369    0.02546315    0.01096599    0.00570587    0.00174989    0.00000000 
angle (deg.)     :    57.6093  54.2585  27.2729  33.5290  83.6240  80.5381  88.9404  70.8300 
>
iteration       : 300
climbing        : no
zoom on         : no
nim             : 10
barrier         :   0.01563206 (image:  4) 
distance        :   0.00000000    7.66547703   10.58558282   12.31372922   13.96220125   15.63918957   18.70264309   35.14965081   51.57193783   67.86116796 
energy          : -2537.14379937  -2537.14201151  -2537.13567353  -2537.12924701  -2537.12816731  -2537.13663582  -2537.15375092  -2537.19933044  -2537.17571021  -2537.17943128 
max(|Fr_perp|)   :   0.00000000    0.00281333    0.02046430    0.00179166    0.00238100    0.00869747    0.00332204    0.00205599    0.00135126    0.00000000 
Fr_paral         :   0.00000000   -0.00047750   -0.00380978   -0.00307600    0.00167136    0.00698305    0.00124491   -0.00517871    0.00038893    0.00000000 
max(|Fsp_paral|) :   0.00000000    0.00206165    0.00157975    0.00136898    0.00147485    0.00669461    0.00332992    0.00004871    0.00030480    0.00000000 
max(|Fsp_perp|)  :   0.00000000    0.00000000    0.00000000    0.00000000    0.00000000    0.00000000    0.00000000    0.00000000    0.00000000    0.00000000 
max(|FNEB|)      :   0.00000000    0.00269794    0.02044449    0.00174858    0.00234103    0.00863258    0.00304614    0.00205037    0.00152280    0.00000000 
max(|Force|)     :   0.00009233    0.00283429    0.02044413    0.00183942    0.00235757    0.00873976    0.00327617    0.00193826    0.00130112    0.00034335 
ksp              :   0.02029342    0.05678369    0.09378372    0.10000000    0.10000000    0.05124342    0.01000000    0.01000000    0.01000000 
max(|step|)      :   0.00000000    0.00473487    0.00836659    0.00226241    0.01096064    0.01911409    0.00796754    0.00444329    0.00113677    0.00034583 
angle (deg.)     :    57.4805  54.3233  27.2183  33.9085  83.1077  80.5858  88.9144  70.8534 
>
iteration       : 301
climbing        : no
zoom on         : no
nim             : 10
barrier         :   0.01558839 (image:  4) 
distance        :   0.00000000    7.67506872   10.57433018   12.30934705   13.97319171   15.59588648   18.68827784   35.13529277   51.55981484   67.85199917 
energy          : -2537.14379937  -2537.14201658  -2537.13601285  -2537.12924704  -2537.12821098  -2537.13657439  -2537.15397250  -2537.19944640  -2537.17571330  -2537.17943128 
max(|Fr_perp|)   :   0.00000000    0.00143403    0.00967004    0.00080932    0.00101193    0.00419801    0.00306172    0.00190630    0.00059388    0.00000000 
Fr_paral         :   0.00000000   -0.00051621   -0.00422428   -0.00313032    0.00173108    0.00748661    0.00054078   -0.00515155    0.00040249    0.00000000 
max(|Fsp_paral|) :   0.00000000    0.00071958    0.00160355    0.00161107    0.00212694    0.00147399    0.00201223    0.00004423    0.00030309    0.00000000 
max(|Fsp_perp|)  :   0.00000000    0.00000000    0.00000000    0.00000000    0.00000000    0.00000000    0.00000000    0.00000000    0.00000000    0.00000000 
max(|FNEB|)      :   0.00000000    0.00127466    0.00967004    0.00134971    0.00168559    0.00418557    0.00289055    0.00190827    0.00076464    0.00000000 
max(|Force|)     :   0.00009233    0.00145701    0.00967004    0.00180778    0.00133610    0.00538667    0.00303383    0.00195147    0.00054195    0.00034335 
ksp              :   0.02029301    0.05495567    0.09401826    0.10000000    0.10000000    0.05171363    0.01000000    0.01000000    0.01000000 
max(|step|)      :   0.00000000    0.00522933    0.00980703    0.00445625    0.00417596    0.01581516    0.01132548    0.00717865    0.00173232    0.00060997 
angle (deg.)     :    57.4940  54.1580  27.1022  34.0306  82.5285  80.6127  88.8842  70.8959 
>
iteration       : 302
climbing        : no
zoom on         : no
nim             : 10
barrier         :   0.01557039 (image:  4) 
distance        :   0.00000000    7.68357512   10.57345941   12.30490551   13.96345387   15.54844621   18.67446566   35.12445471   51.55329897   67.85078804 
energy          : -2537.14379937  -2537.14201606  -2537.13604154  -2537.12922653  -2537.12822898  -2537.13653085  -2537.15428286  -2537.19959036  -2537.17571672  -2537.17943128 
max(|Fr_perp|)   :   0.00000000    0.00049700    0.00331291    0.00047930    0.00032123    0.00214809    0.00327711    0.00157931    0.00035651    0.00000000 
Fr_paral         :   0.00000000   -0.00055010   -0.00435623   -0.00316974    0.00179001    0.00772691    0.00042419   -0.00522361    0.00040577    0.00000000 
max(|Fsp_paral|) :   0.00000000    0.00049124    0.00198019    0.00133455    0.00380630    0.00257787    0.00083240    0.00004147    0.00030076    0.00000000 
max(|Fsp_perp|)  :   0.00000000    0.00000000    0.00000000    0.00000000    0.00000000    0.00000000    0.00000000    0.00000000    0.00000000    0.00000000 
max(|FNEB|)      :   0.00000000    0.00074857    0.00334126    0.00096124    0.00361420    0.00313616    0.00244471    0.00158207    0.00039521    0.00000000 
max(|Force|)     :   0.00009233    0.00047208    0.00328649    0.00202632    0.00111838    0.00542116    0.00309171    0.00176199    0.00036640    0.00034335 
ksp              :   0.02030792    0.05484182    0.09423399    0.10000000    0.10000000    0.05201355    0.01000000    0.01000000    0.01000000 
max(|step|)      :   0.00000000    0.00633973    0.00598085    0.00534350    0.00292525    0.01435242    0.01252968    0.00919106    0.00222554    0.00073917 
angle (deg.)     :    57.5150  53.9539  26.9595  33.9771  82.1017  80.6143  88.8599  70.9520 
>
iteration       : 303
climbing        : no
zoom on         : no
nim             : 10
barrier         :   0.01557619 (image:  4) 
distance        :   0.00000000    7.69468773   10.57268706   12.30011411   13.93763285   15.50688854   18.66743765   35.12347113   51.55816301   67.86266403 
energy          : -2537.14379937  -2537.14200644  -2537.13595603  -2537.12919541  -2537.12822318  -2537.13651050  -2537.15459836  -2537.19974220  -2537.17572023  -2537.17943128 
max(|Fr_perp|)   :   0.00000000    0.00101549    0.00636216    0.00073124    0.00100892    0.00397175    0.00306100    0.00136543    0.00065434    0.00000000 
Fr_paral         :   0.00000000   -0.00057512   -0.00435595   -0.00318237    0.00182006    0.00776597    0.00074912   -0.00542559    0.00042555    0.00000000 
max(|Fsp_paral|) :   0.00000000    0.00050984    0.00162514    0.00035456    0.00354208    0.00492017    0.00006599    0.00004172    0.00029802    0.00000000 
max(|Fsp_perp|)  :   0.00000000    0.00000000    0.00000000    0.00000000    0.00000000    0.00000000    0.00000000    0.00000000    0.00000000    0.00000000 
max(|FNEB|)      :   0.00000000    0.00097036    0.00639191    0.00075655    0.00358625    0.00560391    0.00312700    0.00136819    0.00082061    0.00000000 
max(|Force|)     :   0.00009233    0.00102568    0.00632832    0.00209060    0.00103259    0.00559000    0.00273835    0.00182161    0.00059999    0.00034335 
ksp              :   0.02035962    0.05531919    0.09438241    0.10000000    0.10000000    0.05211549    0.01000000    0.01000000    0.01000000 
max(|step|)      :   0.00000000    0.01656280    0.01346186    0.00891779    0.01203876    0.03290219    0.02777165    0.02362471    0.00641457    0.00170050 
angle (deg.)     :    57.4811  53.5248  26.8049  33.9803  81.9844  80.5536  88.8420  71.1113 
>
iteration       : 304
climbing        : no
zoom on         : no
nim             : 10
barrier         :   0.01562639 (image:  4) 
distance        :   0.00000000    7.72815976   10.56295601   12.27739134   13.86419285   15.44428944   18.68123160   35.15981393   51.61165552   67.93572221 
energy          : -2537.14379937  -2537.14190027  -2537.13572846  -2537.12914667  -2537.12817298  -2537.13650563  -2537.15514892  -2537.20007312  -2537.17571865  -2537.17943128 
max(|Fr_perp|)   :   0.00000000    0.00823229    0.01236334    0.00348449    0.00536650    0.00895262    0.00382150    0.00469161    0.00323419    0.00000000 
Fr_paral         :   0.00000000   -0.00076273   -0.00432359   -0.00312205    0.00178359    0.00751391    0.00207159   -0.00564864    0.00034407    0.00000000 
max(|Fsp_paral|) :   0.00000000    0.00033648    0.00072547    0.00157858    0.00035136    0.00660178    0.00147878    0.00005194    0.00029237    0.00000000 
max(|Fsp_perp|)  :   0.00000000    0.00000000    0.00000000    0.00000000    0.00000000    0.00000000    0.00000000    0.00000000    0.00000000    0.00000000 
max(|FNEB|)      :   0.00000000    0.00820039    0.01237767    0.00353444    0.00537429    0.00867691    0.00388796    0.00468924    0.00339945    0.00000000 
max(|Force|)     :   0.00009233    0.00821789    0.01232705    0.00353402    0.00534578    0.00875223    0.00378284    0.00464171    0.00318969    0.00034335 
ksp              :   0.02093786    0.05648428    0.09439206    0.10000000    0.10000000    0.05200821    0.01000000    0.01000000    0.01000000 
max(|step|)      :   0.00000000    0.01005328    0.00986540    0.00489201    0.00826378    0.01832701    0.01493506    0.01274027    0.00622876    0.00076167 
angle (deg.)     :    57.5131  53.2866  26.8311  34.0419  82.4431  80.4756  88.8598  71.2037 
>
iteration       : 305
climbing        : no
zoom on         : no
nim             : 10
barrier         :   0.01562371 (image:  4) 
distance        :   0.00000000    7.74305202   10.56086706   12.26292870   13.82745287   15.44034358   18.70744299   35.20214415   51.66396775   67.99934779 
energy          : -2537.14379937  -2537.14193445  -2537.13580204  -2537.12915835  -2537.12817566  -2537.13668741  -2537.15542040  -2537.20032954  -2537.17573344  -2537.17943128 
max(|Fr_perp|)   :   0.00000000    0.00458441    0.00088137    0.00214046    0.00315570    0.00606240    0.00278278    0.00122226    0.00188196    0.00000000 
Fr_paral         :   0.00000000   -0.00074311   -0.00442953   -0.00304858    0.00172557    0.00742305    0.00314728   -0.00580089    0.00048552    0.00000000 
max(|Fsp_paral|) :   0.00000000    0.00052102    0.00109548    0.00207275    0.00254729    0.00335780    0.00064049    0.00006366    0.00028919    0.00000000 
max(|Fsp_perp|)  :   0.00000000    0.00000000    0.00000000    0.00000000    0.00000000    0.00000000    0.00000000    0.00000000    0.00000000    0.00000000 
max(|FNEB|)      :   0.00000000    0.00463404    0.00107715    0.00208130    0.00320874    0.00589034    0.00275674    0.00125530    0.00204389    0.00000000 
max(|Force|)     :   0.00009233    0.00459847    0.00189858    0.00209668    0.00317462    0.00584357    0.00283494    0.00203022    0.00194229    0.00034335 
ksp              :   0.02074284    0.05606842    0.09433924    0.10000000    0.10000000    0.05096830    0.01000000    0.01000000    0.01000000 
max(|step|)      :   0.00000000    0.00202296    0.00128459    0.00344222    0.00136668    0.01447546    0.00634508    0.00291756    0.00143880    0.00009600 
angle (deg.)     :    57.5408  53.2320  26.9415  34.1273  82.8563  80.4110  88.8823  71.2303 
>
iteration       : 306
climbing        : no
zoom on         : no
nim             : 10
barrier         :   0.01561183 (image:  4) 
distance        :   0.00000000    7.74463766   10.56157101   12.25579153   13.82453420   15.45810622   18.72375001   35.22459008   51.68920598   68.02777034 
energy          : -2537.14379937  -2537.14195330  -2537.13579399  -2537.12918617  -2537.12818754  -2537.13694001  -2537.15549866  -2537.20040855  -2537.17573802  -2537.17943128 
max(|Fr_perp|)   :   0.00000000    0.00187315    0.00114896    0.00076144    0.00118252    0.00297388    0.00203436    0.00118983    0.00075643    0.00000000 
Fr_paral         :   0.00000000   -0.00078321   -0.00442040   -0.00302093    0.00169211    0.00757812    0.00359530   -0.00573588    0.00046377    0.00000000 
max(|Fsp_paral|) :   0.00000000    0.00033708    0.00063502    0.00140641    0.00341590    0.00100822    0.00130918    0.00007012    0.00028825    0.00000000 
max(|Fsp_perp|)  :   0.00000000    0.00000000    0.00000000    0.00000000    0.00000000    0.00000000    0.00000000    0.00000000    0.00000000    0.00000000 
max(|FNEB|)      :   0.00000000    0.00190716    0.00117229    0.00105612    0.00354136    0.00301993    0.00209160    0.00120147    0.00091798    0.00000000 
max(|Force|)     :   0.00009233    0.00188885    0.00183875    0.00117025    0.00120112    0.00565253    0.00209831    0.00199405    0.00073130    0.00034335 
ksp              :   0.02064232    0.05614986    0.09424302    0.10000000    0.10000000    0.04954324    0.01000000    0.01000000    0.01000000 
max(|step|)      :   0.00000000    0.00788486    0.00982335    0.00573182    0.00505336    0.02753995    0.01831507    0.01872429    0.00623670    0.00118733 
angle (deg.)     :    57.6515  52.8638  27.1894  34.8740  83.8506  80.3275  88.9117  71.3879 
>
iteration       : 307
climbing        : no
zoom on         : no
nim             : 10
barrier         :   0.01558835 (image:  4) 
distance        :   0.00000000    7.76327489   10.56151517   12.22648811   13.80326355   15.46021828   18.78338510   35.31116607   51.79254875   68.15024837 
energy          : -2537.14379937  -2537.14193102  -2537.13568528  -2537.12923336  -2537.12821102  -2537.13725524  -2537.15582259  -2537.20075227  -2537.17574765  -2537.17943128 
max(|Fr_perp|)   :   0.00000000    0.00214526    0.00532770    0.00135535    0.00192821    0.00584519    0.00162139    0.00166053    0.00111601    0.00000000 
Fr_paral         :   0.00000000   -0.00086995   -0.00436818   -0.00295907    0.00164345    0.00778396    0.00439490   -0.00561897    0.00043871    0.00000000 
max(|Fsp_paral|) :   0.00000000    0.00045619    0.00101588    0.00050950    0.00424955    0.00448829    0.00258119    0.00008947    0.00028270    0.00000000 
max(|Fsp_perp|)  :   0.00000000    0.00000000    0.00000000    0.00000000    0.00000000    0.00000000    0.00000000    0.00000000    0.00000000    0.00000000 
max(|FNEB|)      :   0.00000000    0.00209297    0.00533160    0.00134044    0.00474856    0.00603918    0.00314128    0.00164907    0.00127681    0.00000000 
max(|Force|)     :   0.00009233    0.00212551    0.00533479    0.00139913    0.00191109    0.00562650    0.00230868    0.00214111    0.00105898    0.00034335 
ksp              :   0.02078697    0.05684701    0.09409748    0.10000000    0.10000000    0.04778281    0.01000000    0.01000000    0.01000000 
max(|step|)      :   0.00000000    0.00670272    0.00950558    0.00601616    0.01112318    0.02327828    0.02260333    0.02109664    0.00752543    0.00147654 
angle (deg.)     :    57.8284  52.5214  27.3958  36.0457  85.0265  80.3041  88.9276  71.5779 
>
iteration       : 308
climbing        : no
zoom on         : no
nim             : 10
barrier         :   0.01553752 (image:  4) 
distance        :   0.00000000    7.77948520   10.56381784   12.20358581   13.80079869   15.46083021   18.86399895   35.42273299   51.92416830   68.30499875 
energy          : -2537.14379937  -2537.14190668  -2537.13560405  -2537.12927468  -2537.12826185  -2537.13756598  -2537.15614292  -2537.20115619  -2537.17575795  -2537.17943128 
max(|Fr_perp|)   :   0.00000000    0.00335774    0.00590035    0.00216808    0.00289926    0.00903347    0.00287108    0.00157158    0.00186604    0.00000000 
Fr_paral         :   0.00000000   -0.00092588   -0.00432928   -0.00288950    0.00165384    0.00811205    0.00487381   -0.00544501    0.00043513    0.00000000 
max(|Fsp_paral|) :   0.00000000    0.00060536    0.00239370    0.00272485    0.00334432    0.00596731    0.00337807    0.00011001    0.00027552    0.00000000 
max(|Fsp_perp|)  :   0.00000000    0.00000000    0.00000000    0.00000000    0.00000000    0.00000000    0.00000000    0.00000000    0.00000000    0.00000000 
max(|FNEB|)      :   0.00000000    0.00328513    0.00590616    0.00358151    0.00407548    0.00931674    0.00456614    0.00154354    0.00202317    0.00000000 
max(|Force|)     :   0.00009233    0.00333581    0.00590480    0.00221010    0.00288260    0.00878082    0.00308500    0.00206614    0.00180935    0.00034335 
ksp              :   0.02096329    0.05747081    0.09413323    0.10000000    0.10000000    0.04610644    0.01000000    0.01000000    0.01000000 
max(|step|)      :   0.00000000    0.01991732    0.02369414    0.02061459    0.04271874    0.06152119    0.08033643    0.07020273    0.02621891    0.00517144 
angle (deg.)     :    58.4525  51.8268  27.5574  40.3243  89.1442  80.4874  88.9401  72.2353 
>
iteration       : 309
climbing        : no
zoom on         : no
nim             : 10
barrier         :   0.01537695 (image:  4) 
distance        :   0.00000000    7.82327088   10.56966046   12.17757287   13.81655843   15.47823021   19.18738910   35.85227061   52.42595567   68.88712379 
energy          : -2537.14379937  -2537.14174363  -2537.13545593  -2537.12931554  -2537.12842242  -2537.13862891  -2537.15673860  -2537.20237070  -2537.17579154  -2537.17943128 
max(|Fr_perp|)   :   0.00000000    0.01142686    0.00390765    0.00374741    0.00780760    0.01027806    0.00694620    0.00589493    0.00297435    0.00000000 
Fr_paral         :   0.00000000   -0.00096601   -0.00422607   -0.00290200    0.00176940    0.00905318    0.00556570   -0.00521356    0.00043992    0.00000000 
max(|Fsp_paral|) :   0.00000000    0.00211253    0.00391455    0.00593432    0.00121926    0.01122015    0.00631159    0.00017268    0.00025666    0.00000000 
max(|Fsp_perp|)  :   0.00000000    0.00000000    0.00000000    0.00000000    0.00000000    0.00000000    0.00000000    0.00000000    0.00000000    0.00000000 
max(|FNEB|)      :   0.00000000    0.01113525    0.00391775    0.00657644    0.00778260    0.01222057    0.00929402    0.00590235    0.00312191    0.00000000 
max(|Force|)     :   0.00009233    0.01140074    0.00391229    0.00379052    0.00778810    0.00996439    0.00616679    0.00593733    0.00291666    0.00034335 
ksp              :   0.02203205    0.05883345    0.09477269    0.10000000    0.10000000    0.04026230    0.01000000    0.01000000    0.01000000 
max(|step|)      :   0.00000000    0.01982125    0.02672801    0.02513831    0.05693770    0.07349072    0.10000000    0.08473325    0.03193194    0.00637818 
angle (deg.)     :    59.3762  51.2225  27.5947  46.1215  94.3256  81.0520  88.9438  73.0366 
>
iteration       : 310
climbing        : no
zoom on         : no
nim             : 10
barrier         :   0.01504326 (image:  4) 
distance        :   0.00000000    7.85959976   10.58815417   12.18023269   13.86828649   15.53997994   19.65483600   36.45351319   53.12348194   69.68252146 
energy          : -2537.14379937  -2537.14180383  -2537.13533243  -2537.12932509  -2537.12875611  -2537.13950505  -2537.15687468  -2537.20368699  -2537.17582806  -2537.17943128 
max(|Fr_perp|)   :   0.00000000    0.00435399    0.00130668    0.00508215    0.00412497    0.01800104    0.01025443    0.00371263    0.00451888    0.00000000 
Fr_paral         :   0.00000000   -0.00107955   -0.00411405   -0.00284244    0.00200685    0.00943901    0.00537988   -0.00474717    0.00047607    0.00000000 
max(|Fsp_paral|) :   0.00000000    0.00135607    0.00502971    0.00782768    0.00088429    0.01324593    0.00709545    0.00023983    0.00025262    0.00000000 
max(|Fsp_perp|)  :   0.00000000    0.00000000    0.00000000    0.00000000    0.00000000    0.00000000    0.00000000    0.00000000    0.00000000    0.00000000 
max(|FNEB|)      :   0.00000000    0.00427729    0.00429506    0.00820211    0.00423809    0.01910027    0.01159672    0.00367825    0.00478070    0.00000000 
max(|Force|)     :   0.00009233    0.00443375    0.00228476    0.00523830    0.00420464    0.01806871    0.00950753    0.00349600    0.00457174    0.00034335 
ksp              :   0.02194715    0.06065972    0.09659420    0.10000000    0.10000000    0.03576544    0.01000000    0.01000000    0.01000000 
max(|step|)      :   0.00000000    0.00812599    0.00815974    0.01558236    0.00805153    0.03628667    0.02203144    0.00698793    0.00908237    0.00000000 
angle (deg.)     :    59.3300  51.6164  27.1558  45.7896  93.9035  81.2966  88.8382  73.0519 
>
iteration       : 311
climbing        : no
zoom on         : no
nim             : 10
barrier         :   0.01504586 (image:  4) 
distance        :   0.00000000    7.85333697   10.58097212   12.22059396   13.87691652   15.51210632   19.66171650   36.45162269   53.12233033   69.68345095 
energy          : -2537.14379937  -2537.14179615  -2537.13545157  -2537.12922689  -2537.12875351  -2537.13886488  -2537.15781510  -2537.20393069  -2537.17580473  -2537.17943128 
max(|Fr_perp|)   :   0.00000000    0.00671512    0.00133447    0.00770932    0.00617909    0.02782261    0.00670557    0.00251116    0.00705390    0.00000000 
Fr_paral         :   0.00000000   -0.00096754   -0.00412505   -0.00282939    0.00214074    0.00864987    0.00482548   -0.00490623    0.00068274    0.00000000 
max(|Fsp_paral|) :   0.00000000    0.00178435    0.00179859    0.00331223    0.00113618    0.00030423    0.00134393    0.00022123    0.00024958    0.00000000 
max(|Fsp_perp|)  :   0.00000000    0.00000000    0.00000000    0.00000000    0.00000000    0.00000000    0.00000000    0.00000000    0.00000000    0.00000000 
max(|FNEB|)      :   0.00000000    0.00692476    0.00216819    0.00778823    0.00615434    0.02782663    0.00617846    0.00261240    0.00690880    0.00000000 
max(|Force|)     :   0.00009233    0.00673726    0.00215869    0.00767396    0.00620416    0.02789817    0.00605672    0.00292787    0.00714431    0.00034335 
ksp              :   0.02198269    0.05993412    0.09716839    0.10000000    0.10000000    0.03951672    0.01000000    0.01000000    0.01000000 
max(|step|)      :   0.00000000    0.00363089    0.00282196    0.00498853    0.00309362    0.01401302    0.00703879    0.00274110    0.00346753    0.00001661 
angle (deg.)     :    59.3502  51.7248  27.0259  45.6193  93.8400  81.3278  88.8099  73.0597 
>
iteration       : 312
climbing        : no
zoom on         : no
nim             : 10
barrier         :   0.01500691 (image:  4) 
distance        :   0.00000000    7.84907991   10.58119439   12.23539640   13.88059696   15.51112038   19.66821404   36.45581406   53.12705140   69.68928180 
energy          : -2537.14379937  -2537.14186604  -2537.13549378  -2537.12926213  -2537.12879246  -2537.13952974  -2537.15814256  -2537.20402645  -2537.17584433  -2537.17943128 
max(|Fr_perp|)   :   0.00000000    0.00222551    0.00091884    0.00254016    0.00202962    0.00673603    0.00535587    0.00218751    0.00228588    0.00000000 
Fr_paral         :   0.00000000   -0.00100913   -0.00415955   -0.00285845    0.00217141    0.00963910    0.00479634   -0.00499878    0.00058304    0.00000000 
max(|Fsp_paral|) :   0.00000000    0.00118752    0.00114665    0.00197385    0.00078840    0.00993550    0.00682880    0.00021566    0.00024813    0.00000000 
max(|Fsp_perp|)  :   0.00000000    0.00000000    0.00000000    0.00000000    0.00000000    0.00000000    0.00000000    0.00000000    0.00000000    0.00000000 
max(|FNEB|)      :   0.00000000    0.00237317    0.00165925    0.00258536    0.00201369    0.01034122    0.01015959    0.00228612    0.00224536    0.00000000 
max(|Force|)     :   0.00009233    0.00224998    0.00208159    0.00250579    0.00205319    0.00692163    0.00498012    0.00261900    0.00236306    0.00034335 
ksp              :   0.02159464    0.05981060    0.09718325    0.10000000    0.10000000    0.03560600    0.01000000    0.01000000    0.01000000 
max(|step|)      :   0.00000000    0.01165993    0.01761616    0.03135588    0.00781528    0.04555899    0.05155826    0.01607704    0.00940344    0.00055366 
angle (deg.)     :    59.4353  52.4586  26.3202  44.7613  93.2067  81.7454  88.5865  73.1076 
>
iteration       : 313
climbing        : no
zoom on         : no
nim             : 10
barrier         :   0.01508912 (image:  4) 
distance        :   0.00000000    7.82631862   10.57909198   12.32670707   13.90383672   15.48056894   19.71113157   36.48136051   53.15587460   69.72473398 
energy          : -2537.14379937  -2537.14181173  -2537.13570397  -2537.12899425  -2537.12871025  -2537.13728499  -2537.15919002  -2537.20435010  -2537.17576680  -2537.17943128 
max(|Fr_perp|)   :   0.00000000    0.00973273    0.00203344    0.01132551    0.00902696    0.03928895    0.00638492    0.00184525    0.01050205    0.00000000 
Fr_paral         :   0.00000000   -0.00080890   -0.00422029   -0.00283651    0.00247472    0.00655772    0.00333491   -0.00551893    0.00030533    0.00000000 
max(|Fsp_paral|) :   0.00000000    0.00208127    0.00494601    0.00742998    0.00002131    0.03209972    0.01361597    0.00017600    0.00024061    0.00000000 
max(|Fsp_perp|)  :   0.00000000    0.00000000    0.00000000    0.00000000    0.00000000    0.00000000    0.00000000    0.00000000    0.00000000    0.00000000 
max(|FNEB|)      :   0.00000000    0.00944016    0.00521685    0.01147654    0.00902731    0.03707199    0.01393044    0.00199196    0.01064125    0.00000000 
max(|Force|)     :   0.00009233    0.00971040    0.00195680    0.01135591    0.00900466    0.03899233    0.00648558    0.00269115    0.01046182    0.00034335 
ksp              :   0.02185539    0.05828552    0.09830609    0.10000000    0.10000000    0.04885542    0.01000000    0.01000000    0.01000000 
max(|step|)      :   0.00000000    0.00677300    0.00907433    0.01769830    0.00571218    0.03264829    0.02598637    0.00662213    0.00665037    0.00036068 
angle (deg.)     :    59.4741  52.0070  26.7333  45.1154  93.7199  81.4583  88.7114  73.0907 
>
iteration       : 314
climbing        : no
zoom on         : no
nim             : 10
barrier         :   0.01499885 (image:  4) 
distance        :   0.00000000    7.83395126   10.58600839   12.27972267   13.89413163   15.51160703   19.69911789   36.47907584   53.15271189   69.71922364 
energy          : -2537.14379937  -2537.14191759  -2537.13559731  -2537.12921171  -2537.12880052  -2537.13944215  -2537.15893025  -2537.20427629  -2537.17585256  -2537.17943128 
max(|Fr_perp|)   :   0.00000000    0.00095008    0.00056589    0.00116773    0.00101591    0.00662737    0.00237464    0.00127830    0.00104794    0.00000000 
Fr_paral         :   0.00000000   -0.00093078   -0.00423918   -0.00286695    0.00229918    0.00941102    0.00434046   -0.00523851    0.00050083    0.00000000 
max(|Fsp_paral|) :   0.00000000    0.00074955    0.00096568    0.00197394    0.00016461    0.00684224    0.00571383    0.00019614    0.00024375    0.00000000 
max(|Fsp_perp|)  :   0.00000000    0.00000000    0.00000000    0.00000000    0.00000000    0.00000000    0.00000000    0.00000000    0.00000000    0.00000000 
max(|FNEB|)      :   0.00000000    0.00108560    0.00138128    0.00175526    0.00101271    0.00689122    0.00808846    0.00144362    0.00118971    0.00000000 
max(|Force|)     :   0.00009233    0.00092662    0.00174824    0.00128979    0.00133410    0.00667873    0.00388313    0.00209283    0.00098165    0.00034335 
ksp              :   0.02129156    0.05921617    0.09753269    0.10000000    0.10000000    0.03614531    0.01000000    0.01000000    0.01000000 
max(|step|)      :   0.00000000    0.00230777    0.00177463    0.00182750    0.00082194    0.00296554    0.00865174    0.00277321    0.00056487    0.00009581 
angle (deg.)     :    59.5373  52.0347  26.7189  45.0028  93.7035  81.5067  88.6806  73.1024 
>
iteration       : 315
climbing        : no
zoom on         : no
nim             : 10
barrier         :   0.01499708 (image:  4) 
distance        :   0.00000000    7.82925960   10.58949217   12.28829629   13.89876657   15.51224773   19.71125863   36.48911106   53.16386558   69.73196785 
energy          : -2537.14379937  -2537.14193041  -2537.13561372  -2537.12920638  -2537.12880229  -2537.13943238  -2537.15910960  -2537.20433553  -2537.17585413  -2537.17943128 
max(|Fr_perp|)   :   0.00000000    0.00089332    0.00045824    0.00108329    0.00092607    0.00520058    0.00200005    0.00112455    0.00100875    0.00000000 
Fr_paral         :   0.00000000   -0.00090108   -0.00426182   -0.00286901    0.00232232    0.00941278    0.00402740   -0.00525636    0.00049487    0.00000000 
max(|Fsp_paral|) :   0.00000000    0.00056982    0.00111293    0.00248113    0.00016162    0.00613229    0.00549049    0.00018995    0.00024266    0.00000000 
max(|Fsp_perp|)  :   0.00000000    0.00000000    0.00000000    0.00000000    0.00000000    0.00000000    0.00000000    0.00000000    0.00000000    0.00000000 
max(|FNEB|)      :   0.00000000    0.00093139    0.00145905    0.00224680    0.00092292    0.00556858    0.00744848    0.00128456    0.00114992    0.00000000 
max(|Force|)     :   0.00009233    0.00087061    0.00164766    0.00127578    0.00128965    0.00676085    0.00336243    0.00194034    0.00094324    0.00034335 
ksp              :   0.02121592    0.05912349    0.09757502    0.10000000    0.10000000    0.03620705    0.01000000    0.01000000    0.01000000 
max(|step|)      :   0.00000000    0.02199540    0.01212770    0.01673655    0.00762359    0.02390358    0.10000000    0.02738751    0.00920616    0.00125903 
angle (deg.)     :    60.3472  51.6500  27.6232  44.2308  93.3767  82.2515  88.3126  73.2580 
>
iteration       : 316
climbing        : no
zoom on         : no
nim             : 10
barrier         :   0.01497863 (image:  4) 
distance        :   0.00000000    7.79119076   10.63907215   12.29305375   13.93756327   15.50564451   19.87536236   36.63607171   53.32906482   69.91833495 
energy          : -2537.14379937  -2537.14199238  -2537.13559711  -2537.12933085  -2537.12882074  -2537.13909748  -2537.15982534  -2537.20478094  -2537.17584724  -2537.17943128 
max(|Fr_perp|)   :   0.00000000    0.00463790    0.00124464    0.00475144    0.00282791    0.00380074    0.00549220    0.00156579    0.00531574    0.00000000 
Fr_paral         :   0.00000000   -0.00066170   -0.00440397   -0.00286366    0.00232859    0.00987055   -0.00264099   -0.00476735    0.00057821    0.00000000 
max(|Fsp_paral|) :   0.00000000    0.00121689    0.00361777    0.00211682    0.00406690    0.00690938    0.00011157    0.00012357    0.00023593    0.00000000 
max(|Fsp_perp|)  :   0.00000000    0.00000000    0.00000000    0.00000000    0.00000000    0.00000000    0.00000000    0.00000000    0.00000000    0.00000000 
max(|FNEB|)      :   0.00000000    0.00470530    0.00383095    0.00502580    0.00353951    0.00629304    0.00552824    0.00168011    0.00542442    0.00000000 
max(|Force|)     :   0.00009233    0.00486894    0.00207165    0.00494108    0.00298831    0.00588551    0.00609346    0.00230468    0.00563938    0.00034335 
ksp              :   0.02087415    0.05929337    0.09694566    0.10000000    0.10000000    0.03828539    0.01000000    0.01000000    0.01000000 
max(|step|)      :   0.00000000    0.00700150    0.00570046    0.00747841    0.00526681    0.00936406    0.00822604    0.00250002    0.00807155    0.00000000 
angle (deg.)     :    60.2142  51.8906  27.4906  43.8677  93.3443  82.2174  88.3008  73.2679 
>
iteration       : 317
climbing        : no
zoom on         : no
nim             : 10
barrier         :   0.01499913 (image:  4) 
distance        :   0.00000000    7.79568213   10.62685904   12.29896649   13.92597848   15.51734971   19.88749735   36.65082541   53.34520879   69.93602632 
energy          : -2537.14379937  -2537.14198566  -2537.13565808  -2537.12931688  -2537.12880024  -2537.13928519  -2537.16000305  -2537.20482818  -2537.17584790  -2537.17943128 
max(|Fr_perp|)   :   0.00000000    0.00482710    0.00141367    0.00509155    0.00310426    0.00329198    0.00468114    0.00108740    0.00567655    0.00000000 
Fr_paral         :   0.00000000   -0.00074303   -0.00436982   -0.00290586    0.00234298    0.00975055   -0.00129432   -0.00476729    0.00034416    0.00000000 
max(|Fsp_paral|) :   0.00000000    0.00075038    0.00196928    0.00035436    0.00191970    0.00194303    0.00198580    0.00012568    0.00023557    0.00000000 
max(|Fsp_perp|)  :   0.00000000    0.00000000    0.00000000    0.00000000    0.00000000    0.00000000    0.00000000    0.00000000    0.00000000    0.00000000 
max(|FNEB|)      :   0.00000000    0.00492970    0.00200721    0.00508458    0.00313675    0.00334656    0.00485157    0.00119261    0.00581363    0.00000000 
max(|Force|)     :   0.00009233    0.00480714    0.00191310    0.00512158    0.00308290    0.00623332    0.00464146    0.00181487    0.00563100    0.00034335 
ksp              :   0.02088290    0.05885055    0.09689998    0.10000000    0.10000000    0.03708666    0.01000000    0.01000000    0.01000000 
max(|step|)      :   0.00000000    0.00214249    0.00324202    0.00213835    0.00276832    0.00402419    0.00381042    0.00168912    0.00258939    0.00002678 
angle (deg.)     :    60.1411  52.0241  27.4364  43.6704  93.2915  82.2243  88.2864  73.2762 
>
iteration       : 318
climbing        : no
zoom on         : no
nim             : 10
barrier         :   0.01500302 (image:  4) 
distance        :   0.00000000    7.79854341   10.61976236   12.30126545   13.91991007   15.52204709   19.89670019   36.66155640   53.35708080   69.94918306 
energy          : -2537.14379937  -2537.14200872  -2537.13569648  -2537.12933393  -2537.12879635  -2537.13937103  -2537.16010302  -2537.20486110  -2537.17586942  -2537.17943128 
max(|Fr_perp|)   :   0.00000000    0.00213059    0.00070070    0.00232209    0.00151473    0.00162934    0.00321046    0.00094628    0.00256054    0.00000000 
Fr_paral         :   0.00000000   -0.00076828   -0.00435618   -0.00292721    0.00233550    0.00966407   -0.00069707   -0.00478423    0.00040673    0.00000000 
max(|Fsp_paral|) :   0.00000000    0.00070546    0.00112427    0.00045390    0.00088991    0.00016913    0.00273839    0.00012633    0.00023518    0.00000000 
max(|Fsp_perp|)  :   0.00000000    0.00000000    0.00000000    0.00000000    0.00000000    0.00000000    0.00000000    0.00000000    0.00000000    0.00000000 
max(|FNEB|)      :   0.00000000    0.00222400    0.00111001    0.00233145    0.00153052    0.00162465    0.00315792    0.00105203    0.00269763    0.00000000 
max(|Force|)     :   0.00009233    0.00211060    0.00185722    0.00235383    0.00149240    0.00641278    0.00345867    0.00167601    0.00250663    0.00034335 
ksp              :   0.02074176    0.05860755    0.09677520    0.10000000    0.10000000    0.03656472    0.01000000    0.01000000    0.01000000 
max(|step|)      :   0.00000000    0.00436905    0.00923977    0.00349774    0.00728235    0.00827939    0.01225950    0.00602629    0.00464220    0.00037400 
angle (deg.)     :    59.9163  52.4114  27.3494  43.1337  93.0507  82.3221  88.2213  73.3090 
>
iteration       : 319
climbing        : no
zoom on         : no
nim             : 10
barrier         :   0.01502980 (image:  4) 
distance        :   0.00000000    7.80900611   10.59751639   12.30305185   13.90237618   15.52876114   19.92960255   36.69910284   53.39919256   69.99630674 
energy          : -2537.14379937  -2537.14199728  -2537.13579778  -2537.12933477  -2537.12876957  -2537.13950636  -2537.16031579  -2537.20496598  -2537.17587438  -2537.17943128 
max(|Fr_perp|)   :   0.00000000    0.00186716    0.00061227    0.00184217    0.00102699    0.00171553    0.00195416    0.00078689    0.00203783    0.00000000 
Fr_paral         :   0.00000000   -0.00080011   -0.00428597   -0.00295059    0.00231819    0.00939853    0.00056840   -0.00481816    0.00050460    0.00000000 
max(|Fsp_paral|) :   0.00000000    0.00016990    0.00141514    0.00254954    0.00146064    0.00363427    0.00371437    0.00012626    0.00023411    0.00000000 
max(|Fsp_perp|)  :   0.00000000    0.00000000    0.00000000    0.00000000    0.00000000    0.00000000    0.00000000    0.00000000    0.00000000    0.00000000 
max(|FNEB|)      :   0.00000000    0.00188860    0.00151042    0.00264353    0.00142407    0.00302212    0.00357097    0.00080715    0.00211265    0.00000000 
max(|Force|)     :   0.00009233    0.00188703    0.00175031    0.00180830    0.00121471    0.00682509    0.00200130    0.00125012    0.00210485    0.00034335 
ksp              :   0.02079113    0.05791438    0.09661553    0.10000000    0.10000000    0.03570699    0.01000000    0.01000000    0.01000000 
max(|step|)      :   0.00000000    0.00237864    0.00383440    0.00233975    0.00370040    0.00231757    0.01375671    0.00519897    0.00232032    0.00035442 
angle (deg.)     :    59.8405  52.5671  27.4281  42.8616  92.8164  82.4804  88.1510  73.3442 
>
iteration       : 320
climbing        : no
zoom on         : no
nim             : 10
barrier         :   0.01503826 (image:  4) 
distance        :   0.00000000    7.81456296   10.58767128   12.29746799   13.89520098   15.52801651   19.96303527   36.73617571   53.44112754   70.04343341 
energy          : -2537.14379937  -2537.14198180  -2537.13584204  -2537.12935234  -2537.12876111  -2537.13952968  -2537.16046233  -2537.20505113  -2537.17587082  -2537.17943128 
max(|Fr_perp|)   :   0.00000000    0.00316446    0.00078127    0.00314441    0.00159211    0.00222422    0.00309694    0.00075807    0.00353545    0.00000000 
Fr_paral         :   0.00000000   -0.00080265   -0.00423893   -0.00295063    0.00229223    0.00933775    0.00092395   -0.00477096    0.00053410    0.00000000 
max(|Fsp_paral|) :   0.00000000    0.00066089    0.00221076    0.00271207    0.00189610    0.00370688    0.00350076    0.00012383    0.00023334    0.00000000 
max(|Fsp_perp|)  :   0.00000000    0.00000000    0.00000000    0.00000000    0.00000000    0.00000000    0.00000000    0.00000000    0.00000000    0.00000000 
max(|FNEB|)      :   0.00000000    0.00324712    0.00232076    0.00308428    0.00182691    0.00300715    0.00380225    0.00078928    0.00347266    0.00000000 
max(|Force|)     :   0.00009233    0.00318423    0.00171449    0.00311000    0.00161559    0.00687682    0.00311452    0.00148730    0.00360644    0.00034335 
ksp              :   0.02087768    0.05762248    0.09646161    0.10000000    0.10000000    0.03555294    0.01000000    0.01000000    0.01000000 
max(|step|)      :   0.00000000    0.00676475    0.01007980    0.01460579    0.01454709    0.01007216    0.05927294    0.02231167    0.01005012    0.00253199 
angle (deg.)     :    59.8629  52.8630  27.9412  41.9012  91.9694  83.2395  87.8418  73.5188 
>
iteration       : 321
climbing        : no
zoom on         : no
nim             : 10
barrier         :   0.01507164 (image:  4) 
distance        :   0.00000000    7.82459365   10.57177141   12.27268546   13.87968472   15.53032146   20.13172153   36.92334258   53.65216746   70.27970778 
energy          : -2537.14379937  -2537.14197738  -2537.13590697  -2537.12948016  -2537.12872773  -2537.13962182  -2537.16087147  -2537.20536313  -2537.17588042  -2537.17943128 
max(|Fr_perp|)   :   0.00000000    0.00321640    0.00383566    0.00378818    0.00485340    0.00351424    0.00368431    0.00341040    0.00382560    0.00000000 
Fr_paral         :   0.00000000   -0.00078623   -0.00403935   -0.00298770    0.00218864    0.00931228    0.00175093   -0.00459817    0.00056111    0.00000000 
max(|Fsp_paral|) :   0.00000000    0.00126657    0.00235879    0.00092140    0.00237654    0.00283163    0.00236433    0.00011324    0.00023011    0.00000000 
max(|Fsp_perp|)  :   0.00000000    0.00000000    0.00000000    0.00000000    0.00000000    0.00000000    0.00000000    0.00000000    0.00000000    0.00000000 
max(|FNEB|)      :   0.00000000    0.00337461    0.00403974    0.00377124    0.00488863    0.00346227    0.00384854    0.00341716    0.00374177    0.00000000 
max(|Force|)     :   0.00009233    0.00323574    0.00368591    0.00375925    0.00487107    0.00676652    0.00372473    0.00345986    0.00390032    0.00034335 
ksp              :   0.02087999    0.05712929    0.09550684    0.10000000    0.10000000    0.03494618    0.01000000    0.01000000    0.01000000 
max(|step|)      :   0.00000000    0.00950391    0.02012959    0.01714614    0.02245996    0.01704011    0.10000000    0.04126367    0.01904017    0.00498231 
angle (deg.)     :    60.1180  53.3359  28.7488  40.4762  90.8518  84.6453  87.3043  73.8601 
>
iteration       : 322
climbing        : no
zoom on         : no
nim             : 10
barrier         :   0.01533690 (image:  4) 
distance        :   0.00000000    7.83197602   10.55838033   12.25236337   13.87182639   15.54132224   20.46008109   37.29170701   54.06765479   70.74372507 
energy          : -2537.14379937  -2537.14165584  -2537.13510148  -2537.12946531  -2537.12846247  -2537.13969007  -2537.16066339  -2537.20572965  -2537.17558556  -2537.17943128 
max(|Fr_perp|)   :   0.00000000    0.01338859    0.02227607    0.01116733    0.01597050    0.01016438    0.01405200    0.01227677    0.01432800    0.00000000 
Fr_paral         :   0.00000000   -0.00078654   -0.00271005   -0.00256608    0.00160854    0.00948221    0.00126752   -0.00392278    0.00059881    0.00000000 
max(|Fsp_paral|) :   0.00000000    0.00206281    0.00314048    0.00133740    0.00275152    0.00058759    0.00015531    0.00009919    0.00022746    0.00000000 
max(|Fsp_perp|)  :   0.00000000    0.00000000    0.00000000    0.00000000    0.00000000    0.00000000    0.00000000    0.00000000    0.00000000    0.00000000 
max(|FNEB|)      :   0.00000000    0.01387600    0.02267382    0.01148955    0.01613404    0.01032513    0.01422441    0.01242944    0.01460387    0.00000000 
max(|Force|)     :   0.00009233    0.01360075    0.02259380    0.01116986    0.01619315    0.01074592    0.01424242    0.01238959    0.01448831    0.00034335 
ksp              :   0.02263030    0.06116875    0.09410367    0.10000000    0.10000000    0.03411903    0.01000000    0.01000000    0.01000000 
max(|step|)      :   0.00000000    0.01213344    0.01982642    0.01004668    0.01410791    0.00902849    0.01243809    0.01086853    0.01276990    0.00000000 
angle (deg.)     :    60.1303  53.4134  28.6655  40.5278  90.9665  84.6350  87.3129  73.8671 
>
iteration       : 323
climbing        : no
zoom on         : no
nim             : 10
barrier         :   0.01503170 (image:  4) 
distance        :   0.00000000    7.82731025   10.55790603   12.26032627   13.88232562   15.54823469   20.46796203   37.29987278   54.07650611   70.75347681 
energy          : -2537.14379937  -2537.14200750  -2537.13613040  -2537.12969251  -2537.12876767  -2537.13983505  -2537.16134286  -2537.20604481  -2537.17592741  -2537.17943128 
max(|Fr_perp|)   :   0.00000000    0.00190189    0.00202311    0.00160206    0.00297480    0.00102520    0.00483253    0.00229555    0.00203004    0.00000000 
Fr_paral         :   0.00000000   -0.00075137   -0.00393926   -0.00302336    0.00207785    0.00950435    0.00139247   -0.00424829    0.00041679    0.00000000 
max(|Fsp_paral|) :   0.00000000    0.00188748    0.00347093    0.00073267    0.00241416    0.00041463    0.00073913    0.00009838    0.00022609    0.00000000 
max(|Fsp_perp|)  :   0.00000000    0.00000000    0.00000000    0.00000000    0.00000000    0.00000000    0.00000000    0.00000000    0.00000000    0.00000000 
max(|FNEB|)      :   0.00000000    0.00204179    0.00366469    0.00159272    0.00299675    0.00101790    0.00500789    0.00221237    0.00216304    0.00000000 
max(|Force|)     :   0.00009233    0.00190165    0.00199618    0.00162245    0.00298519    0.00619006    0.00493651    0.00260688    0.00197442    0.00034335 
ksp              :   0.02072855    0.05591679    0.09446267    0.10000000    0.10000000    0.03373576    0.01000000    0.01000000    0.01000000 
max(|step|)      :   0.00000000    0.00171392    0.00272032    0.00077448    0.00234131    0.00096915    0.00420131    0.00192422    0.00103174    0.00000187 
angle (deg.)     :    60.2279  53.3031  28.6655  40.5832  91.0402  84.6368  87.3151  73.8736 
>
iteration       : 324
climbing        : no
zoom on         : no
nim             : 10
barrier         :   0.01501019 (image:  4) 
distance        :   0.00000000    7.82335171   10.56532673   12.26284829   13.88733870   15.54940209   20.47120489   37.30324932   54.08053231   70.75833447 
energy          : -2537.14379937  -2537.14202027  -2537.13611804  -2537.12969517  -2537.12878918  -2537.13984231  -2537.16147160  -2537.20610299  -2537.17593111  -2537.17943128 
max(|Fr_perp|)   :   0.00000000    0.00082838    0.00135503    0.00079014    0.00092340    0.00086169    0.00427635    0.00178744    0.00092309    0.00000000 
Fr_paral         :   0.00000000   -0.00072618   -0.00398114   -0.00302748    0.00211817    0.00953635    0.00126033   -0.00430316    0.00043526    0.00000000 
max(|Fsp_paral|) :   0.00000000    0.00157515    0.00291389    0.00101545    0.00206513    0.00014205    0.00073140    0.00009738    0.00022565    0.00000000 
max(|Fsp_perp|)  :   0.00000000    0.00000000    0.00000000    0.00000000    0.00000000    0.00000000    0.00000000    0.00000000    0.00000000    0.00000000 
max(|FNEB|)      :   0.00000000    0.00172539    0.00303687    0.00103271    0.00245067    0.00085570    0.00445178    0.00171192    0.00098638    0.00000000 
max(|Force|)     :   0.00009233    0.00080833    0.00174814    0.00158534    0.00154976    0.00620024    0.00437138    0.00237908    0.00095466    0.00034335 
ksp              :   0.02066735    0.05605671    0.09456772    0.10000000    0.10000000    0.03372622    0.01000000    0.01000000    0.01000000 
max(|step|)      :   0.00000000    0.01123595    0.01772980    0.00666522    0.01596535    0.00561814    0.02895849    0.01153871    0.00237386    0.00039325 
angle (deg.)     :    60.8687  52.6180  28.5928  40.9450  91.5550  84.6536  87.3276  73.9242 
>
iteration       : 325
climbing        : no
zoom on         : no
nim             : 10
barrier         :   0.01493149 (image:  4) 
distance        :   0.00000000    7.79780003   10.61428873   12.28356623   13.91989543   15.55828805   20.49606242   37.32996077   54.11247179   70.79669226 
energy          : -2537.14379937  -2537.14206265  -2537.13598355  -2537.12967147  -2537.12886788  -2537.13987323  -2537.16195396  -2537.20635823  -2537.17593621  -2537.17943128 
max(|Fr_perp|)   :   0.00000000    0.00047403    0.00174970    0.00063155    0.00042998    0.00075398    0.00286001    0.00092335    0.00078975    0.00000000 
Fr_paral         :   0.00000000   -0.00059798   -0.00420557   -0.00302063    0.00227291    0.00970089    0.00006196   -0.00450867    0.00042173    0.00000000 
max(|Fsp_paral|) :   0.00000000    0.00024506    0.00085837    0.00254475    0.00011330    0.00159495    0.00065827    0.00009101    0.00022286    0.00000000 
max(|Fsp_perp|)  :   0.00000000    0.00000000    0.00000000    0.00000000    0.00000000    0.00000000    0.00000000    0.00000000    0.00000000    0.00000000 
max(|FNEB|)      :   0.00000000    0.00052477    0.00181498    0.00268367    0.00054328    0.00125532    0.00281175    0.00092939    0.00077876    0.00000000 
max(|Force|)     :   0.00009233    0.00049052    0.00188645    0.00146565    0.00167796    0.00613267    0.00285859    0.00129334    0.00082361    0.00034335 
ksp              :   0.02046816    0.05711010    0.09515637    0.10000000    0.10000000    0.03366493    0.01000000    0.01000000    0.01000000 
max(|step|)      :   0.00000000    0.00337221    0.00876194    0.01488471    0.00806400    0.00525334    0.01254963    0.00761939    0.00325101    0.00018755 
angle (deg.)     :    61.0240  52.6443  28.2058  40.9640  91.8367  84.6759  87.3223  73.9742 
>
iteration       : 326
climbing        : no
zoom on         : no
nim             : 10
barrier         :   0.01493526 (image:  4) 
distance        :   0.00000000    7.79165276   10.62283514   12.31158088   13.93045238   15.56913420   20.52228767   37.36206264   54.15033593   70.84140180 
energy          : -2537.14379937  -2537.14206356  -2537.13588916  -2537.12958978  -2537.12886411  -2537.13999561  -2537.16206636  -2537.20644931  -2537.17592823  -2537.17943128 
max(|Fr_perp|)   :   0.00000000    0.00282725    0.00890377    0.00234944    0.00631157    0.00066157    0.00335882    0.00199352    0.00273775    0.00000000 
Fr_paral         :   0.00000000   -0.00058829   -0.00410405   -0.00300951    0.00233392    0.00962189   -0.00086986   -0.00461203    0.00051866    0.00000000 
max(|Fsp_paral|) :   0.00000000    0.00075911    0.00076407    0.00021166    0.00108718    0.00053421    0.00167498    0.00009100    0.00022039    0.00000000 
max(|Fsp_perp|)  :   0.00000000    0.00000000    0.00000000    0.00000000    0.00000000    0.00000000    0.00000000    0.00000000    0.00000000    0.00000000 
max(|FNEB|)      :   0.00000000    0.00286645    0.00883471    0.00235455    0.00628988    0.00064090    0.00347138    0.00193388    0.00266721    0.00000000 
max(|Force|)     :   0.00009233    0.00282126    0.00874418    0.00231068    0.00628602    0.00638913    0.00334607    0.00204276    0.00277538    0.00034335 
ksp              :   0.02046000    0.05766698    0.09562709    0.10000000    0.10000000    0.03292151    0.01000000    0.01000000    0.01000000 
max(|step|)      :   0.00000000    0.00149636    0.00509564    0.00422787    0.00373471    0.00111566    0.00432254    0.00261713    0.00163715    0.00009906 
angle (deg.)     :    61.0524  52.6668  28.1025  40.9948  91.9198  84.7063  87.3131  73.9945 
>
iteration       : 327
climbing        : no
zoom on         : no
nim             : 10
barrier         :   0.01488121 (image:  4) 
distance        :   0.00000000    7.79102225   10.62350057   12.31880538   13.93463541   15.57052420   20.53289874   37.37525950   54.16595309   70.85984232 
energy          : -2537.14379937  -2537.14207562  -2537.13597111  -2537.12958017  -2537.12891816  -2537.14002255  -2537.16212738  -2537.20648905  -2537.17594201  -2537.17943128 
max(|Fr_perp|)   :   0.00000000    0.00101409    0.00220937    0.00074423    0.00202737    0.00047842    0.00320715    0.00094717    0.00090886    0.00000000 
Fr_paral         :   0.00000000   -0.00059958   -0.00422553   -0.00302970    0.00241269    0.00963144   -0.00103482   -0.00465205    0.00046289    0.00000000 
max(|Fsp_paral|) :   0.00000000    0.00065008    0.00013606    0.00061870    0.00109955    0.00040911    0.00171452    0.00009120    0.00021943    0.00000000 
max(|Fsp_perp|)  :   0.00000000    0.00000000    0.00000000    0.00000000    0.00000000    0.00000000    0.00000000    0.00000000    0.00000000    0.00000000 
max(|FNEB|)      :   0.00000000    0.00104781    0.00222058    0.00073831    0.00201015    0.00049909    0.00286677    0.00101945    0.00103606    0.00000000 
max(|Force|)     :   0.00009233    0.00100795    0.00205930    0.00173573    0.00200666    0.00648036    0.00336280    0.00159803    0.00095764    0.00034335 
ksp              :   0.02042509    0.05734452    0.09599623    0.10000000    0.10000000    0.03284182    0.01000000    0.01000000    0.01000000 
max(|step|)      :   0.00000000    0.00193929    0.00397743    0.00973555    0.00926346    0.00287785    0.01144836    0.00626884    0.00317841    0.00043088 
angle (deg.)     :    61.1178  52.7181  27.8826  41.0727  92.1063  84.7939  87.2854  74.0477 
>
iteration       : 328
climbing        : no
zoom on         : no
nim             : 10
barrier         :   0.01484079 (image:  4) 
distance        :   0.00000000    7.79075941   10.62452773   12.33413384   13.94372370   15.57355645   20.56118944   37.41077574   54.20794637   70.90926846 
energy          : -2537.14379937  -2537.14207872  -2537.13596459  -2537.12953642  -2537.12895858  -2537.14009416  -2537.16221432  -2537.20657910  -2537.17594683  -2537.17943128 
max(|Fr_perp|)   :   0.00000000    0.00116609    0.00306310    0.00114437    0.00215269    0.00058744    0.00324402    0.00129020    0.00111713    0.00000000 
Fr_paral         :   0.00000000   -0.00063568   -0.00424265   -0.00300817    0.00248053    0.00957231   -0.00138663   -0.00470733    0.00040515    0.00000000 
max(|Fsp_paral|) :   0.00000000    0.00074551    0.00086079    0.00214655    0.00110937    0.00068725    0.00206635    0.00009230    0.00021722    0.00000000 
max(|Fsp_perp|)  :   0.00000000    0.00000000    0.00000000    0.00000000    0.00000000    0.00000000    0.00000000    0.00000000    0.00000000    0.00000000 
max(|FNEB|)      :   0.00000000    0.00108990    0.00299697    0.00230690    0.00216511    0.00064410    0.00258059    0.00136901    0.00124536    0.00000000 
max(|Force|)     :   0.00009233    0.00117891    0.00320402    0.00177032    0.00216791    0.00664292    0.00345206    0.00199799    0.00106293    0.00034335 
ksp              :   0.02043466    0.05751297    0.09649575    0.10000000    0.10000000    0.03246974    0.01000000    0.01000000    0.01000000 
max(|step|)      :   0.00000000    0.00471627    0.00472480    0.01517506    0.01734159    0.00548329    0.02337811    0.01074444    0.00634480    0.00096737 
angle (deg.)     :    61.1453  52.8785  27.5761  41.2132  92.3733  85.0090  87.2144  74.1533 
>
iteration       : 329
climbing        : no
zoom on         : no
nim             : 10
barrier         :   0.01480064 (image:  4) 
distance        :   0.00000000    7.79643147   10.61798330   12.35364574   13.95683300   15.57480700   20.61883513   37.48397224   54.29437268   71.01055962 
energy          : -2537.14379937  -2537.14206205  -2537.13591025  -2537.12946474  -2537.12899873  -2537.14021848  -2537.16233709  -2537.20677360  -2537.17594554  -2537.17943128 
max(|Fr_perp|)   :   0.00000000    0.00308296    0.00831112    0.00293187    0.00651646    0.00121620    0.00361680    0.00187125    0.00312429    0.00000000 
Fr_paral         :   0.00000000   -0.00072620   -0.00417426   -0.00292093    0.00253841    0.00951200   -0.00181312   -0.00472551    0.00035474    0.00000000 
max(|Fsp_paral|) :   0.00000000    0.00064057    0.00220365    0.00448682    0.00081162    0.00100757    0.00265114    0.00009594    0.00021345    0.00000000 
max(|Fsp_perp|)  :   0.00000000    0.00000000    0.00000000    0.00000000    0.00000000    0.00000000    0.00000000    0.00000000    0.00000000    0.00000000 
max(|FNEB|)      :   0.00000000    0.00304833    0.00815263    0.00466918    0.00652162    0.00132667    0.00391599    0.00180360    0.00325039    0.00000000 
max(|Force|)     :   0.00009233    0.00309072    0.00844146    0.00294415    0.00652531    0.00690494    0.00355205    0.00218861    0.00307682    0.00034335 
ksp              :   0.02056436    0.05797234    0.09716628    0.10000000    0.10000000    0.03177474    0.01000000    0.01000000    0.01000000 
max(|step|)      :   0.00000000    0.01220019    0.01263542    0.03103835    0.04453303    0.01366751    0.06275629    0.02791948    0.01685259    0.00284820 
angle (deg.)     :    61.2002  53.2033  27.1011  41.6291  92.9792  85.6550  87.0102  74.4333 
>
iteration       : 330
climbing        : no
zoom on         : no
nim             : 10
barrier         :   0.01470102 (image:  4) 
distance        :   0.00000000    7.81604112   10.59887742   12.38615430   13.98752419   15.57334925   20.78066955   37.68977790   54.53644821   71.29210744 
energy          : -2537.14379937  -2537.14198569  -2537.13573209  -2537.12932238  -2537.12909835  -2537.14049707  -2537.16227081  -2537.20728204  -2537.17593667  -2537.17943128 
max(|Fr_perp|)   :   0.00000000    0.00604132    0.01532202    0.00549100    0.01239284    0.00237330    0.00652981    0.00333792    0.00597688    0.00000000 
Fr_paral         :   0.00000000   -0.00093383   -0.00395825   -0.00264708    0.00264277    0.00940984   -0.00301794   -0.00465685    0.00029369    0.00000000 
max(|Fsp_paral|) :   0.00000000    0.00006370    0.00481180    0.00884003    0.00085869    0.00080813    0.00372358    0.00010823    0.00020603    0.00000000 
max(|Fsp_perp|)  :   0.00000000    0.00000000    0.00000000    0.00000000    0.00000000    0.00000000    0.00000000    0.00000000    0.00000000    0.00000000 
max(|FNEB|)      :   0.00000000    0.00603761    0.01500316    0.00892986    0.01239361    0.00246080    0.00695934    0.00326076    0.00609891    0.00000000 
max(|Force|)     :   0.00009233    0.00605207    0.01543666    0.00549024    0.01239154    0.00738715    0.00641942    0.00372948    0.00593751    0.00034335 
ksp              :   0.02110338    0.05938805    0.09862845    0.10000000    0.10000000    0.03021674    0.01000000    0.01000000    0.01000000 
max(|step|)      :   0.00000000    0.01900618    0.01997091    0.03623521    0.06635267    0.02234785    0.10000000    0.04479904    0.02657986    0.00472764 
angle (deg.)     :    61.3865  53.4633  26.8533  42.3224  93.8463  86.7760  86.6822  74.8770 
>
iteration       : 331
climbing        : no
zoom on         : no
nim             : 10
barrier         :   0.01462290 (image:  3) 
distance        :   0.00000000    7.84811891   10.57603234   12.41498257   14.03136362   15.57243803   21.06057222   38.04644089   54.95363269   71.77178847 
energy          : -2537.14379937  -2537.14183545  -2537.13546716  -2537.12917648  -2537.12930606  -2537.14090303  -2537.16133362  -2537.20803442  -2537.17593749  -2537.17943128 
max(|Fr_perp|)   :   0.00000000    0.00824087    0.02079184    0.00743175    0.01722308    0.00330444    0.00905910    0.00435459    0.00812352    0.00000000 
Fr_paral         :   0.00000000   -0.00116366   -0.00369708   -0.00222547    0.00283113    0.00928905   -0.00523687   -0.00443737    0.00026761    0.00000000 
max(|Fsp_paral|) :   0.00000000    0.00119802    0.00720179    0.01242153    0.00488020    0.00015071    0.00540641    0.00013431    0.00020129    0.00000000 
max(|Fsp_perp|)  :   0.00000000    0.00000000    0.00000000    0.00000000    0.00000000    0.00000000    0.00000000    0.00000000    0.00000000    0.00000000 
max(|FNEB|)      :   0.00000000    0.00847924    0.02067243    0.01222179    0.01756664    0.00333174    0.00949825    0.00441016    0.00840186    0.00000000 
max(|Force|)     :   0.00009233    0.00841501    0.02122711    0.00755726    0.01751506    0.00784702    0.01070690    0.00483993    0.00824663    0.00034335 
ksp              :   0.02210903    0.06137756    0.10000000    0.10000000    0.09925274    0.02782762    0.01000000    0.01000000    0.01000000 
max(|step|)      :   0.00000000    0.01006036    0.02452722    0.01450079    0.02084228    0.00395301    0.01126938    0.00523252    0.00996855    0.00000000 
angle (deg.)     :    61.5758  53.0092  27.1515  42.0155  93.6837  86.8586  86.6432  74.8844 
>
iteration       : 332
climbing        : no
zoom on         : no
nim             : 10
barrier         :   0.01449237 (image:  3) 
distance        :   0.00000000    7.84504592   10.59147112   12.38734777   14.02065599   15.56751014   21.07665236   38.06340758   54.97175868   71.79095905 
energy          : -2537.14379937  -2537.14193007  -2537.13583126  -2537.12930700  -2537.12953301  -2537.14096999  -2537.16192670  -2537.20812478  -2537.17600009  -2537.17943128 
max(|Fr_perp|)   :   0.00000000    0.00482436    0.00984222    0.00403939    0.01001536    0.00211885    0.00937483    0.00185558    0.00474874    0.00000000 
Fr_paral         :   0.00000000   -0.00105456   -0.00410471   -0.00246168    0.00329594    0.00947535   -0.00529385   -0.00430288    0.00060593    0.00000000 
max(|Fsp_paral|) :   0.00000000    0.00121220    0.00708779    0.00908378    0.00606960    0.00040296    0.00563398    0.00013411    0.00020138    0.00000000 
max(|Fsp_perp|)  :   0.00000000    0.00000000    0.00000000    0.00000000    0.00000000    0.00000000    0.00000000    0.00000000    0.00000000    0.00000000 
max(|FNEB|)      :   0.00000000    0.00474051    0.01051739    0.00862801    0.01016405    0.00215889    0.00671717    0.00176388    0.00462821    0.00000000 
max(|Force|)     :   0.00009233    0.00481000    0.00967137    0.00400733    0.00997005    0.00752450    0.01103405    0.00215721    0.00483066    0.00034335 
ksp              :   0.02160867    0.05948330    0.10000000    0.10000000    0.09859645    0.02757089    0.01000000    0.01000000    0.01000000 
max(|step|)      :   0.00000000    0.00325198    0.00818015    0.01133837    0.00616848    0.00293739    0.00779580    0.00174994    0.00109564    0.00010343 
angle (deg.)     :    61.7598  52.6017  27.4171  41.6946  93.5109  86.9449  86.6028  74.8915 
>
iteration       : 333
climbing        : no
zoom on         : no
nim             : 10
barrier         :   0.01442217 (image:  3) 
distance        :   0.00000000    7.84189427   10.60686637   12.36496473   14.00803166   15.56201861   21.09227523   38.07999248   54.98945596   71.80969139 
energy          : -2537.14379937  -2537.14197266  -2537.13577707  -2537.12937720  -2537.12954560  -2537.14099902  -2537.16226121  -2537.20817603  -2537.17600909  -2537.17943128 
max(|Fr_perp|)   :   0.00000000    0.00347737    0.00950872    0.00324733    0.00789041    0.00125610    0.00932795    0.00201531    0.00352204    0.00000000 
Fr_paral         :   0.00000000   -0.00102328   -0.00414367   -0.00253315    0.00333675    0.00961471   -0.00523771   -0.00423178    0.00058148    0.00000000 
max(|Fsp_paral|) :   0.00000000    0.00034216    0.00423884    0.00643243    0.00591306    0.00118201    0.00558080    0.00013416    0.00020152    0.00000000 
max(|Fsp_perp|)  :   0.00000000    0.00000000    0.00000000    0.00000000    0.00000000    0.00000000    0.00000000    0.00000000    0.00000000    0.00000000 
max(|FNEB|)      :   0.00000000    0.00345342    0.00990877    0.00588025    0.00801969    0.00139055    0.00664437    0.00192396    0.00340142    0.00000000 
max(|Force|)     :   0.00009233    0.00346330    0.00933851    0.00321754    0.00784949    0.00727641    0.01095806    0.00190623    0.00360065    0.00034335 
ksp              :   0.02139942    0.06006229    0.10000000    0.10000000    0.09894913    0.02747530    0.01000000    0.01000000    0.01000000 
max(|step|)      :   0.00000000    0.01870736    0.03441410    0.06183927    0.05211212    0.01484494    0.06497116    0.01176886    0.00664532    0.00201640 
angle (deg.)     :    62.4912  50.7318  29.0986  39.1690  91.9269  87.7461  86.2446  74.9499 
>
iteration       : 334
climbing        : no
zoom on         : no
nim             : 10
barrier         :   0.01446882 (image:  4) 
distance        :   0.00000000    7.83993867   10.66595688   12.23468017   13.90213994   15.50477507   21.21475078   38.21317481   55.13205270   71.96116598 
energy          : -2537.14379937  -2537.14202920  -2537.13542995  -2537.12975734  -2537.12933055  -2537.14084955  -2537.16357176  -2537.20839136  -2537.17601045  -2537.17943128 
max(|Fr_perp|)   :   0.00000000    0.00436139    0.00959296    0.00126558    0.00431478    0.00284895    0.00563814    0.00272722    0.00371635    0.00000000 
Fr_paral         :   0.00000000   -0.00074416   -0.00418535   -0.00282417    0.00305329    0.01014109   -0.00360250   -0.00411639    0.00046500    0.00000000 
max(|Fsp_paral|) :   0.00000000    0.00206890    0.00966902    0.00784158    0.00367133    0.00106212    0.00237634    0.00013755    0.00020266    0.00000000 
max(|Fsp_perp|)  :   0.00000000    0.00000000    0.00000000    0.00000000    0.00000000    0.00000000    0.00000000    0.00000000    0.00000000    0.00000000 
max(|FNEB|)      :   0.00000000    0.00451842    0.01033659    0.00854785    0.00436064    0.00294630    0.00422695    0.00281956    0.00378051    0.00000000 
max(|Force|)     :   0.00009233    0.00435043    0.00971151    0.00125405    0.00429318    0.00602073    0.00669323    0.00320504    0.00368311    0.00034335 
ksp              :   0.02101096    0.06206006    0.09734523    0.10000000    0.10000000    0.02834871    0.01000000    0.01000000    0.01000000 
max(|step|)      :   0.00000000    0.01442266    0.02389970    0.00559884    0.02683832    0.00524524    0.02706414    0.00815390    0.01130559    0.00074605 
angle (deg.)     :    62.2446  51.2129  28.9977  37.9787  91.2421  88.0865  86.0762  74.9845 
>
iteration       : 335
climbing        : no
zoom on         : no
nim             : 10
barrier         :   0.01492760 (image:  4) 
distance        :   0.00000000    7.85010112   10.63793456   12.23164166   13.85562724   15.49547050   21.28609998   38.29212031   55.21691710   72.05144939 
energy          : -2537.14379937  -2537.14177378  -2537.13506338  -2537.12975338  -2537.12887177  -2537.14089363  -2537.16348673  -2537.20840063  -2537.17585486  -2537.17943128 
max(|Fr_perp|)   :   0.00000000    0.01430429    0.01981882    0.00520313    0.01607643    0.00239977    0.01326520    0.00611374    0.01233078    0.00000000 
Fr_paral         :   0.00000000   -0.00077363   -0.00348239   -0.00288336    0.00246204    0.00990076   -0.00212502   -0.00400396    0.00030720    0.00000000 
max(|Fsp_paral|) :   0.00000000    0.00006690    0.01022167    0.00639956    0.00090668    0.00307485    0.00308872    0.00014069    0.00020412    0.00000000 
max(|Fsp_perp|)  :   0.00000000    0.00000000    0.00000000    0.00000000    0.00000000    0.00000000    0.00000000    0.00000000    0.00000000    0.00000000 
max(|FNEB|)      :   0.00000000    0.01429928    0.01878574    0.00633052    0.01607101    0.00346447    0.01326455    0.00602051    0.01245192    0.00000000 
max(|Force|)     :   0.00009233    0.01431556    0.01966775    0.00519267    0.01606802    0.00618260    0.01332298    0.00576202    0.01228956    0.00034335 
ksp              :   0.02221248    0.06267014    0.09468470    0.10000000    0.10000000    0.02751898    0.01000000    0.01000000    0.01000000 
max(|step|)      :   0.00000000    0.00662364    0.01088151    0.00793792    0.00709876    0.00209907    0.00662960    0.00344468    0.00565685    0.00022579 
angle (deg.)     :    62.1030  51.5574  28.7395  38.0813  91.3021  88.0611  86.0880  74.9824 
>
iteration       : 336
climbing        : no
zoom on         : no
nim             : 10
barrier         :   0.01461295 (image:  4) 
distance        :   0.00000000    7.85086392   10.62511821   12.25031648   13.86641783   15.49885579   21.28240392   38.28784556   55.21234569   72.04672735 
energy          : -2537.14379937  -2537.14200497  -2537.13571654  -2537.12973853  -2537.12918642  -2537.14090258  -2537.16381070  -2537.20847345  -2537.17601470  -2537.17943128 
max(|Fr_perp|)   :   0.00000000    0.00495328    0.00470024    0.00200470    0.00728160    0.00100678    0.00472859    0.00220728    0.00452698    0.00000000 
Fr_paral         :   0.00000000   -0.00079982   -0.00415675   -0.00295587    0.00283229    0.00992525   -0.00207816   -0.00410855    0.00039126    0.00000000 
max(|Fsp_paral|) :   0.00000000    0.00011237    0.00381467    0.00257059    0.00092612    0.00147442    0.00260497    0.00014042    0.00020343    0.00000000 
max(|Fsp_perp|)  :   0.00000000    0.00000000    0.00000000    0.00000000    0.00000000    0.00000000    0.00000000    0.00000000    0.00000000    0.00000000 
max(|FNEB|)      :   0.00000000    0.00494265    0.00482858    0.00256366    0.00728329    0.00172900    0.00501663    0.00211403    0.00464859    0.00000000 
max(|Force|)     :   0.00009233    0.00496804    0.00476048    0.00200505    0.00728454    0.00632675    0.00478286    0.00245355    0.00447418    0.00034335 
ksp              :   0.02105158    0.05978152    0.09659961    0.10000000    0.10000000    0.02784108    0.01000000    0.01000000    0.01000000 
max(|step|)      :   0.00000000    0.00373192    0.00571750    0.00230746    0.00964208    0.00283723    0.01468224    0.00327485    0.00384631    0.00061956 
angle (deg.)     :    62.0344  51.7333  28.7755  37.5930  90.9720  88.2722  85.9927  75.0018 
>
iteration       : 337
climbing        : no
zoom on         : no
nim             : 10
barrier         :   0.01458627 (image:  4) 
distance        :   0.00000000    7.85380443   10.61592713   12.24823012   13.85187135   15.49214522   21.32334305   38.33293336   55.26080488   72.09844248 
energy          : -2537.14379937  -2537.14203542  -2537.13582177  -2537.12976651  -2537.12921310  -2537.14086594  -2537.16388358  -2537.20852660  -2537.17604071  -2537.17943128 
max(|Fr_perp|)   :   0.00000000    0.00052100    0.00084086    0.00061765    0.00048598    0.00066742    0.00194461    0.00084851    0.00033782    0.00000000 
Fr_paral         :   0.00000000   -0.00075932   -0.00418131   -0.00300659    0.00282114    0.00989835   -0.00165984   -0.00418287    0.00043662    0.00000000 
max(|Fsp_paral|) :   0.00000000    0.00008518    0.00255598    0.00150589    0.00207492    0.00011410    0.00180106    0.00014177    0.00020361    0.00000000 
max(|Fsp_perp|)  :   0.00000000    0.00000000    0.00000000    0.00000000    0.00000000    0.00000000    0.00000000    0.00000000    0.00000000    0.00000000 
max(|FNEB|)      :   0.00000000    0.00057266    0.00258317    0.00144428    0.00221549    0.00065576    0.00248864    0.00094614    0.00038957    0.00000000 
max(|Force|)     :   0.00009233    0.00061623    0.00183085    0.00173382    0.00173850    0.00633139    0.00184537    0.00134822    0.00037380    0.00034335 
ksp              :   0.02088392    0.05922327    0.09658535    0.10000000    0.10000000    0.02809983    0.01000000    0.01000000    0.01000000 
max(|step|)      :   0.00000000    0.00186289    0.01153634    0.00209644    0.00665025    0.00256933    0.01563646    0.00335333    0.00194866    0.00068011 
angle (deg.)     :    61.8892  52.1672  28.7043  37.1712  90.6985  88.4975  85.8887  75.0284 
>
iteration       : 338
climbing        : no
zoom on         : no
nim             : 10
barrier         :   0.01461009 (image:  4) 
distance        :   0.00000000    7.85666408   10.59868202   12.25753711   13.84688683   15.49259772   21.37731241   38.39205755   55.32460805   72.16669243 
energy          : -2537.14379937  -2537.14203328  -2537.13593369  -2537.12976997  -2537.12918928  -2537.14084659  -2537.16389175  -2537.20859476  -2537.17604361  -2537.17943128 
max(|Fr_perp|)   :   0.00000000    0.00109833    0.00128402    0.00057107    0.00078962    0.00038366    0.00208542    0.00087257    0.00080081    0.00000000 
Fr_paral         :   0.00000000   -0.00075308   -0.00412207   -0.00301840    0.00273485    0.00978522   -0.00126947   -0.00423822    0.00045589    0.00000000 
max(|Fsp_paral|) :   0.00000000    0.00073611    0.00014242    0.00056491    0.00319259    0.00087563    0.00122960    0.00014255    0.00020410    0.00000000 
max(|Fsp_perp|)  :   0.00000000    0.00000000    0.00000000    0.00000000    0.00000000    0.00000000    0.00000000    0.00000000    0.00000000    0.00000000 
max(|FNEB|)      :   0.00000000    0.00104291    0.00129498    0.00068335    0.00345831    0.00080068    0.00245553    0.00097049    0.00092070    0.00000000 
max(|Force|)     :   0.00009233    0.00108723    0.00166373    0.00179570    0.00181488    0.00643541    0.00197514    0.00137748    0.00076814    0.00034335 
ksp              :   0.02087935    0.05845358    0.09642288    0.10000000    0.10000000    0.02818950    0.01000000    0.01000000    0.01000000 
max(|step|)      :   0.00000000    0.00520669    0.01066708    0.00356875    0.01035899    0.00273314    0.01805556    0.00652473    0.00372845    0.00085719 
angle (deg.)     :    61.9095  52.5889  28.8316  37.1381  90.7283  88.7613  85.7655  75.0807 
>
iteration       : 339
climbing        : no
zoom on         : no
nim             : 10
barrier         :   0.01457138 (image:  4) 
distance        :   0.00000000    7.85065687   10.59229488   12.27235045   13.88099733   15.51417005   21.47164511   38.49397493   55.43573846   72.28649309 
energy          : -2537.14379937  -2537.14205395  -2537.13605282  -2537.12979980  -2537.12922799  -2537.14089706  -2537.16396276  -2537.20874103  -2537.17604582  -2537.17943128 
max(|Fr_perp|)   :   0.00000000    0.00057842    0.00075124    0.00047297    0.00476091    0.00083932    0.00216340    0.00136258    0.00209849    0.00000000 
Fr_paral         :   0.00000000   -0.00076096   -0.00408813   -0.00295690    0.00273075    0.00967300   -0.00112983   -0.00425500    0.00042017    0.00000000 
max(|Fsp_paral|) :   0.00000000    0.00089206    0.00150424    0.00067189    0.00139048    0.00203139    0.00110811    0.00013956    0.00020528    0.00000000 
max(|Fsp_perp|)  :   0.00000000    0.00000000    0.00000000    0.00000000    0.00000000    0.00000000    0.00000000    0.00000000    0.00000000    0.00000000 
max(|FNEB|)      :   0.00000000    0.00108862    0.00158920    0.00050805    0.00474628    0.00208413    0.00226364    0.00145537    0.00216345    0.00000000 
max(|Force|)     :   0.00009233    0.00055844    0.00168323    0.00141774    0.00474462    0.00649169    0.00213402    0.00185264    0.00206850    0.00034335 
ksp              :   0.02078056    0.05784646    0.09646818    0.10000000    0.10000000    0.02792609    0.01000000    0.01000000    0.01000000 
max(|step|)      :   0.00000000    0.02006126    0.03127683    0.01401480    0.02691978    0.01821729    0.07397352    0.02446865    0.01534851    0.00448196 
angle (deg.)     :    62.2164  53.7918  29.4505  36.5649  90.7299  89.8265  85.2682  75.2940 
>
iteration       : 340
climbing        : no
zoom on         : no
nim             : 10
barrier         :   0.01447696 (image:  4) 
distance        :   0.00000000    7.82535941   10.58693532   12.31673200   13.98344134   15.59822042   21.85836790   38.91555126   55.89503658   72.78076985 
energy          : -2537.14379937  -2537.14201231  -2537.13630741  -2537.12991486  -2537.12932241  -2537.14116586  -2537.16367708  -2537.20918855  -2537.17601721  -2537.17943128 
max(|Fr_perp|)   :   0.00000000    0.00806209    0.00603479    0.00269335    0.00837594    0.00148510    0.00778340    0.00281245    0.00623315    0.00000000 
Fr_paral         :   0.00000000   -0.00057090   -0.00383373   -0.00289611    0.00279945    0.00934893   -0.00117212   -0.00416988    0.00062469    0.00000000 
max(|Fsp_paral|) :   0.00000000    0.00176785    0.00448830    0.00003485    0.00295417    0.00241382    0.00155098    0.00013307    0.00021136    0.00000000 
max(|Fsp_perp|)  :   0.00000000    0.00000000    0.00000000    0.00000000    0.00000000    0.00000000    0.00000000    0.00000000    0.00000000    0.00000000 
max(|FNEB|)      :   0.00000000    0.00789500    0.00620663    0.00269349    0.00837819    0.00255849    0.00792259    0.00272344    0.00610582    0.00000000 
max(|Force|)     :   0.00009233    0.00805065    0.00597126    0.00268656    0.00837472    0.00638827    0.00775363    0.00268813    0.00631800    0.00034335 
ksp              :   0.02110977    0.05657586    0.09631685    0.10000000    0.10000000    0.02637195    0.01000000    0.01000000    0.01000000 
max(|step|)      :   0.00000000    0.02628827    0.03006235    0.01909159    0.02289704    0.02531122    0.10000000    0.03163959    0.02063061    0.00630910 
angle (deg.)     :    62.8489  54.8816  30.4886  35.5470  90.5598  91.2988  84.6081  75.5769 
>
iteration       : 341
climbing        : no
zoom on         : no
nim             : 10
barrier         :   0.01430648 (image:  4) 
distance        :   0.00000000    7.78939156   10.60092996   12.35967301   14.09361861   15.70328957   22.38270366   39.49713684   56.52789834   73.45977333 
energy          : -2537.14379937  -2537.14205635  -2537.13658740  -2537.13011033  -2537.12949289  -2537.14148549  -2537.16241028  -2537.20963935  -2537.17608207  -2537.17943128 
max(|Fr_perp|)   :   0.00000000    0.00437746    0.00373662    0.00185264    0.00470123    0.00224691    0.00659756    0.00295547    0.00394078    0.00000000 
Fr_paral         :   0.00000000   -0.00032359   -0.00353709   -0.00282074    0.00289827    0.00903803   -0.00172431   -0.00402946    0.00055021    0.00000000 
max(|Fsp_paral|) :   0.00000000    0.00152967    0.00574728    0.00243967    0.00704728    0.00206802    0.00196213    0.00013953    0.00022257    0.00000000 
max(|Fsp_perp|)  :   0.00000000    0.00000000    0.00000000    0.00000000    0.00000000    0.00000000    0.00000000    0.00000000    0.00000000    0.00000000 
max(|FNEB|)      :   0.00000000    0.00438575    0.00617620    0.00359915    0.00560154    0.00209612    0.00833258    0.00301440    0.00399216    0.00000000 
max(|Force|)     :   0.00009233    0.00453290    0.00398319    0.00254345    0.00487465    0.00595942    0.00676272    0.00310460    0.00410196    0.00034335 
ksp              :   0.02097968    0.05537450    0.09610611    0.10000000    0.10000000    0.02456423    0.01000000    0.01000000    0.01000000 
max(|step|)      :   0.00000000    0.00956628    0.01347162    0.00785054    0.01221817    0.00457209    0.01817516    0.00657506    0.00870776    0.00000000 
angle (deg.)     :    63.1388  54.4048  30.2662  34.9435  90.4632  91.3131  84.5881  75.5914 
>
iteration       : 342
climbing        : no
zoom on         : no
nim             : 10
barrier         :   0.01440286 (image:  4) 
distance        :   0.00000000    7.78136830   10.62549039   12.36252512   14.05983321   15.69600323   22.39110545   39.50469114   56.53737491   73.47141697 
energy          : -2537.14379937  -2537.14204521  -2537.13647420  -2537.13011262  -2537.12939652  -2537.14160068  -2537.16286913  -2537.20977785  -2537.17603491  -2537.17943128 
max(|Fr_perp|)   :   0.00000000    0.00928467    0.00734650    0.00243342    0.00957009    0.00159558    0.00811622    0.00429568    0.00669015    0.00000000 
Fr_paral         :   0.00000000   -0.00034357   -0.00367918   -0.00300144    0.00292490    0.00929690   -0.00231159   -0.00409227    0.00023777    0.00000000 
max(|Fsp_paral|) :   0.00000000    0.00088817    0.00317446    0.00213268    0.00349908    0.00313946    0.00338203    0.00013544    0.00022210    0.00000000 
max(|Fsp_perp|)  :   0.00000000    0.00000000    0.00000000    0.00000000    0.00000000    0.00000000    0.00000000    0.00000000    0.00000000    0.00000000 
max(|FNEB|)      :   0.00000000    0.00935291    0.00760655    0.00246625    0.00959401    0.00351763    0.00861422    0.00438851    0.00682403    0.00000000 
max(|Force|)     :   0.00009233    0.00928991    0.00721552    0.00240749    0.00955865    0.00585688    0.00802186    0.00476523    0.00665788    0.00034335 
ksp              :   0.02096135    0.05577323    0.09552525    0.10000000    0.10000000    0.02373912    0.01000000    0.01000000    0.01000000 
max(|step|)      :   0.00000000    0.00409513    0.00998743    0.00632081    0.00877988    0.00405829    0.01607687    0.00355528    0.00245366    0.00022526 
angle (deg.)     :    63.3573  54.0737  30.0951  34.5022  90.3463  91.3625  84.5556  75.6048 
>
iteration       : 343
climbing        : no
zoom on         : no
nim             : 10
barrier         :   0.01436241 (image:  4) 
distance        :   0.00000000    7.77531625   10.64413640   12.36630723   14.03568130   15.68507030   22.39967285   39.51322507   56.54780346   73.48387608 
energy          : -2537.14379937  -2537.14213873  -2537.13648479  -2537.13010476  -2537.12943696  -2537.14162199  -2537.16316727  -2537.20987550  -2537.17607925  -2537.17943128 
max(|Fr_perp|)   :   0.00000000    0.00470786    0.00451328    0.00131358    0.00503782    0.00102580    0.00441720    0.00311479    0.00459743    0.00000000 
Fr_paral         :   0.00000000   -0.00030942   -0.00385178   -0.00311627    0.00304930    0.00949615   -0.00288148   -0.00409258    0.00030292    0.00000000 
max(|Fsp_paral|) :   0.00000000    0.00030055    0.00210575    0.00108217    0.00114325    0.00413862    0.00342510    0.00013237    0.00022164    0.00000000 
max(|Fsp_perp|)  :   0.00000000    0.00000000    0.00000000    0.00000000    0.00000000    0.00000000    0.00000000    0.00000000    0.00000000    0.00000000 
max(|FNEB|)      :   0.00000000    0.00468364    0.00467950    0.00133021    0.00504295    0.00466552    0.00551734    0.00320539    0.00466716    0.00000000 
max(|Force|)     :   0.00009233    0.00471279    0.00438066    0.00204096    0.00503000    0.00583513    0.00429817    0.00358432    0.00457598    0.00034335 
ksp              :   0.02040617    0.05583577    0.09581531    0.10000000    0.10000000    0.02364421    0.01000000    0.01000000    0.01000000 
max(|step|)      :   0.00000000    0.00773715    0.02530370    0.01170228    0.01683560    0.01421736    0.04340039    0.00932514    0.00613504    0.00102582 
angle (deg.)     :    63.7630  53.3219  29.8258  33.5704  89.9706  91.6020  84.4279  75.6470 
>
iteration       : 344
climbing        : no
zoom on         : no
nim             : 10
barrier         :   0.01443584 (image:  4) 
distance        :   0.00000000    7.76960943   10.67902775   12.36292344   13.97578291   15.63489529   22.41956426   39.53622954   56.57724815   73.51998286 
energy          : -2537.14379937  -2537.14218293  -2537.13631277  -2537.13005478  -2537.12936353  -2537.14149123  -2537.16336230  -2537.21001130  -2537.17610579  -2537.17943128 
max(|Fr_perp|)   :   0.00000000    0.00114485    0.00162587    0.00182881    0.00230814    0.00152969    0.00342827    0.00188458    0.00297932    0.00000000 
Fr_paral         :   0.00000000   -0.00025283   -0.00403749   -0.00327668    0.00316119    0.00990303   -0.00432104   -0.00397444    0.00042794    0.00000000 
max(|Fsp_paral|) :   0.00000000    0.00175619    0.00164649    0.00008637    0.00265652    0.00028893    0.00156835    0.00012673    0.00022101    0.00000000 
max(|Fsp_perp|)  :   0.00000000    0.00000000    0.00000000    0.00000000    0.00000000    0.00000000    0.00000000    0.00000000    0.00000000    0.00000000 
max(|FNEB|)      :   0.00000000    0.00173273    0.00174643    0.00186650    0.00250530    0.00149979    0.00331097    0.00193494    0.00290944    0.00000000 
max(|Force|)     :   0.00009233    0.00114939    0.00175536    0.00306174    0.00211704    0.00601587    0.00351738    0.00232625    0.00300975    0.00034335 
ksp              :   0.02007765    0.05667508    0.09569042    0.10000000    0.10000000    0.02439006    0.01000000    0.01000000    0.01000000 
max(|step|)      :   0.00000000    0.00472126    0.00339575    0.00474052    0.00522368    0.00390568    0.00943405    0.00385480    0.00600285    0.00021148 
angle (deg.)     :    63.6697  53.3597  29.8215  33.4651  89.9264  91.7064  84.3762  75.6670 
>
iteration       : 345
climbing        : no
zoom on         : no
nim             : 10
barrier         :   0.01444859 (image:  4) 
distance        :   0.00000000    7.77650431   10.66970703   12.35641659   13.96658827   15.61954646   22.43174274   39.55298930   56.59755817   73.54407063 
energy          : -2537.14379937  -2537.14215467  -2537.13629759  -2537.13005582  -2537.12935078  -2537.14148384  -2537.16341855  -2537.21005440  -2537.17609242  -2537.17943128 
max(|Fr_perp|)   :   0.00000000    0.00579889    0.00395191    0.00110118    0.00530792    0.00085493    0.00396055    0.00255656    0.00406971    0.00000000 
Fr_paral         :   0.00000000   -0.00028759   -0.00405028   -0.00315738    0.00305803    0.00984885   -0.00424431   -0.00402692    0.00042493    0.00000000 
max(|Fsp_paral|) :   0.00000000    0.00132172    0.00124882    0.00013927    0.00246610    0.00072070    0.00133137    0.00012865    0.00022051    0.00000000 
max(|Fsp_perp|)  :   0.00000000    0.00000000    0.00000000    0.00000000    0.00000000    0.00000000    0.00000000    0.00000000    0.00000000    0.00000000 
max(|FNEB|)      :   0.00000000    0.00591814    0.00390434    0.00110075    0.00530356    0.00098476    0.00409409    0.00264469    0.00413911    0.00000000 
max(|Force|)     :   0.00009233    0.00579376    0.00388462    0.00231965    0.00530481    0.00626962    0.00384334    0.00301940    0.00403963    0.00034335 
ksp              :   0.02024479    0.05672843    0.09560828    0.10000000    0.10000000    0.02442343    0.01000000    0.01000000    0.01000000 
max(|step|)      :   0.00000000    0.00474331    0.00137227    0.00435281    0.00454659    0.00297992    0.00887640    0.00250877    0.00167920    0.00030809 
angle (deg.)     :    63.5324  53.4663  29.8429  33.4544  89.9091  91.8044  84.3294  75.6869 
>
iteration       : 346
climbing        : no
zoom on         : no
nim             : 10
barrier         :   0.01439953 (image:  4) 
distance        :   0.00000000    7.78459734   10.65636138   12.34887455   13.96296735   15.60686445   22.44470090   39.57103818   56.61926746   73.56953489 
energy          : -2537.14379937  -2537.14216278  -2537.13632385  -2537.13005710  -2537.12939984  -2537.14147871  -2537.16348581  -2537.21010847  -2537.17610675  -2537.17943128 
max(|Fr_perp|)   :   0.00000000    0.00484738    0.00329621    0.00101427    0.00453841    0.00075804    0.00352499    0.00149106    0.00268862    0.00000000 
Fr_paral         :   0.00000000   -0.00038207   -0.00405758   -0.00304460    0.00306710    0.00975493   -0.00400174   -0.00401766    0.00044134    0.00000000 
max(|Fsp_paral|) :   0.00000000    0.00107124    0.00025971    0.00050459    0.00172088    0.00210901    0.00101875    0.00013122    0.00022024    0.00000000 
max(|Fsp_perp|)  :   0.00000000    0.00000000    0.00000000    0.00000000    0.00000000    0.00000000    0.00000000    0.00000000    0.00000000    0.00000000 
max(|FNEB|)      :   0.00000000    0.00494392    0.00328650    0.00101267    0.00453709    0.00213764    0.00362792    0.00158083    0.00275017    0.00000000 
max(|Force|)     :   0.00009233    0.00484058    0.00323031    0.00160695    0.00453705    0.00652131    0.00341383    0.00195284    0.00274881    0.00034335 
ksp              :   0.02022903    0.05672351    0.09589201    0.10000000    0.10000000    0.02450459    0.01000000    0.01000000    0.01000000 
max(|step|)      :   0.00000000    0.02345547    0.00809862    0.01047047    0.02270214    0.01218858    0.04486285    0.01375618    0.00931304    0.00192325 
angle (deg.)     :    63.0267  53.6437  29.9838  33.4713  90.0151  92.2349  84.1304  75.7999 
>
iteration       : 347
climbing        : no
zoom on         : no
nim             : 10
barrier         :   0.01424473 (image:  4) 
distance        :   0.00000000    7.82498425   10.60500557   12.29681767   13.93159159   15.55936114   22.52726829   39.68074170   56.74964085   73.72086257 
energy          : -2537.14379937  -2537.14211206  -2537.13627487  -2537.13003992  -2537.12955464  -2537.14164594  -2537.16349975  -2537.21034651  -2537.17611850  -2537.17943128 
max(|Fr_perp|)   :   0.00000000    0.00325244    0.00591018    0.00187544    0.00181379    0.00211084    0.00613171    0.00220852    0.00335356    0.00000000 
Fr_paral         :   0.00000000   -0.00076106   -0.00396981   -0.00274815    0.00318598    0.00948294   -0.00366044   -0.00378957    0.00042849    0.00000000 
max(|Fsp_paral|) :   0.00000000    0.00033661    0.00172885    0.00029694    0.00040743    0.00112745    0.00192075    0.00014208    0.00021945    0.00000000 
max(|Fsp_perp|)  :   0.00000000    0.00000000    0.00000000    0.00000000    0.00000000    0.00000000    0.00000000    0.00000000    0.00000000    0.00000000 
max(|FNEB|)      :   0.00000000    0.00322076    0.00605337    0.00199879    0.00181347    0.00213306    0.00598474    0.00216507    0.00342261    0.00000000 
max(|Force|)     :   0.00009233    0.00323830    0.00576912    0.00253165    0.00262072    0.00714419    0.00620798    0.00227185    0.00332327    0.00034335 
ksp              :   0.02066064    0.05754077    0.09693394    0.10000000    0.10000000    0.02360563    0.01000000    0.01000000    0.01000000 
max(|step|)      :   0.00000000    0.04108061    0.02853044    0.01616995    0.03254771    0.02250462    0.09051608    0.02939459    0.01810256    0.00441303 
angle (deg.)     :    62.5025  53.4764  30.2341  33.3287  90.1169  93.1657  83.7300  76.0260 
>
iteration       : 348
climbing        : no
zoom on         : no
nim             : 10
barrier         :   0.01410594 (image:  4) 
distance        :   0.00000000    7.89201665   10.54311316   12.20815033   13.85390554   15.46355302   22.71312043   39.92355046   57.03421271   74.04700477 
energy          : -2537.14379937  -2537.14186393  -2537.13607235  -2537.12997580  -2537.12969343  -2537.14184503  -2537.16249223  -2537.21073582  -2537.17613026  -2537.17943128 
max(|Fr_perp|)   :   0.00000000    0.00661713    0.00662902    0.00337398    0.00453745    0.00315227    0.00443628    0.00279703    0.00445925    0.00000000 
Fr_paral         :   0.00000000   -0.00123012   -0.00397452   -0.00236475    0.00337866    0.00934583   -0.00445740   -0.00378477    0.00048536    0.00000000 
max(|Fsp_paral|) :   0.00000000    0.00376658    0.00265988    0.00062876    0.00213164    0.00125875    0.00246061    0.00016535    0.00021963    0.00000000 
max(|Fsp_perp|)  :   0.00000000    0.00000000    0.00000000    0.00000000    0.00000000    0.00000000    0.00000000    0.00000000    0.00000000    0.00000000 
max(|FNEB|)      :   0.00000000    0.00697222    0.00643288    0.00338351    0.00455571    0.00301816    0.00480285    0.00268165    0.00438986    0.00000000 
max(|Force|)     :   0.00009233    0.00663992    0.00675291    0.00392666    0.00452036    0.00782817    0.00476070    0.00235934    0.00449366    0.00034335 
ksp              :   0.02234865    0.05930066    0.09819838    0.10000000    0.10000000    0.02246925    0.01000000    0.01000000    0.01000000 
max(|step|)      :   0.00000000    0.00416249    0.00874517    0.00874157    0.00481224    0.00426092    0.01782127    0.00575481    0.00313238    0.00076452 
angle (deg.)     :    62.8139  53.1668  30.0135  33.0881  90.0667  93.3700  83.6428  76.0697 
>
iteration       : 349
climbing        : no
zoom on         : no
nim             : 10
barrier         :   0.01408055 (image:  4) 
distance        :   0.00000000    7.88347893   10.56570356   12.21564018   13.84536116   15.45841143   22.77209119   39.99247896   57.11117964   74.13169731 
energy          : -2537.14379937  -2537.14193556  -2537.13606310  -2537.13000465  -2537.12971883  -2537.14190949  -2537.16248394  -2537.21084048  -2537.17614460  -2537.17943128 
max(|Fr_perp|)   :   0.00000000    0.00182039    0.00371453    0.00199192    0.00366270    0.00252212    0.00466719    0.00213763    0.00295709    0.00000000 
Fr_paral         :   0.00000000   -0.00118831   -0.00407031   -0.00257303    0.00352247    0.00960132   -0.00477684   -0.00373831    0.00045946    0.00000000 
max(|Fsp_paral|) :   0.00000000    0.00260620    0.00107699    0.00058267    0.00098453    0.00011694    0.00285356    0.00016810    0.00022024    0.00000000 
max(|Fsp_perp|)  :   0.00000000    0.00000000    0.00000000    0.00000000    0.00000000    0.00000000    0.00000000    0.00000000    0.00000000    0.00000000 
max(|FNEB|)      :   0.00000000    0.00336737    0.00380374    0.00243408    0.00366790    0.00252472    0.00450207    0.00201997    0.00288760    0.00000000 
max(|Force|)     :   0.00009233    0.00182154    0.00357071    0.00259797    0.00365172    0.00761650    0.00589405    0.00174527    0.00298962    0.00034335 
ksp              :   0.02191313    0.05944869    0.09817309    0.10000000    0.10000000    0.02207973    0.01000000    0.01000000    0.01000000 
max(|step|)      :   0.00000000    0.01612611    0.03999683    0.03102498    0.01871183    0.01773104    0.10000000    0.03331645    0.01952101    0.00568288 
angle (deg.)     :    63.5516  52.2466  29.5553  32.4463  89.9977  94.5410  83.1666  76.3263 
>
iteration       : 350
climbing        : no
zoom on         : no
nim             : 10
barrier         :   0.01397240 (image:  4) 
distance        :   0.00000000    7.89040110   10.60774715   12.20090655   13.78994423   15.40239275   23.07595051   40.36636243   57.53376218   74.60059669 
energy          : -2537.14379937  -2537.14183246  -2537.13529936  -2537.12990482  -2537.12982697  -2537.14198466  -2537.16104100  -2537.21130029  -2537.17617315  -2537.17943128 
max(|Fr_perp|)   :   0.00000000    0.00662547    0.02045494    0.00617397    0.00213721    0.00952513    0.00903164    0.00263813    0.00172961    0.00000000 
Fr_paral         :   0.00000000   -0.00116553   -0.00362000   -0.00284357    0.00398101    0.00998039   -0.00633265   -0.00356225    0.00043136    0.00000000 
max(|Fsp_paral|) :   0.00000000    0.00051547    0.00776090    0.00019985    0.00139233    0.00357498    0.00160225    0.00020178    0.00022526    0.00000000 
max(|Fsp_perp|)  :   0.00000000    0.00000000    0.00000000    0.00000000    0.00000000    0.00000000    0.00000000    0.00000000    0.00000000    0.00000000 
max(|FNEB|)      :   0.00000000    0.00673084    0.02024324    0.00633582    0.00203825    0.00982312    0.00747220    0.00270377    0.00191018    0.00000000 
max(|Force|)     :   0.00009233    0.00676291    0.02084228    0.00633484    0.00197068    0.00986595    0.01067504    0.00276376    0.00171317    0.00034335 
ksp              :   0.02268890    0.06490689    0.09951085    0.10000000    0.10000000    0.02173149    0.01000000    0.01000000    0.01000000 
max(|step|)      :   0.00000000    0.00711294    0.02139241    0.00669550    0.00215396    0.01038076    0.00789638    0.00285726    0.00201861    0.00000000 
angle (deg.)     :    63.4637  52.5338  29.5146  32.3867  90.0318  94.5513  83.1563  76.3301 
>
iteration       : 351
climbing        : no
zoom on         : no
nim             : 10
barrier         :   0.01394240 (image:  4) 
distance        :   0.00000000    7.88927428   10.59777306   12.21043820   13.80162400   15.41761444   23.09759485   40.38944380   57.55800488   74.62590058 
energy          : -2537.14379937  -2537.14190069  -2537.13577016  -2537.12996079  -2537.12985697  -2537.14216064  -2537.16137732  -2537.21135653  -2537.17618058  -2537.17943128 
max(|Fr_perp|)   :   0.00000000    0.00247885    0.00755644    0.00266886    0.00110802    0.00370357    0.00804156    0.00135791    0.00065389    0.00000000 
Fr_paral         :   0.00000000   -0.00118248   -0.00407451   -0.00286747    0.00395851    0.00997079   -0.00597224   -0.00364865    0.00050211    0.00000000 
max(|Fsp_paral|) :   0.00000000    0.00157752    0.00317590    0.00063308    0.00147461    0.00231200    0.00387793    0.00020238    0.00022545    0.00000000 
max(|Fsp_perp|)  :   0.00000000    0.00000000    0.00000000    0.00000000    0.00000000    0.00000000    0.00000000    0.00000000    0.00000000    0.00000000 
max(|FNEB|)      :   0.00000000    0.00262574    0.00777606    0.00266540    0.00133420    0.00372533    0.00469050    0.00132577    0.00078869    0.00000000 
max(|Force|)     :   0.00009233    0.00249885    0.00767936    0.00265955    0.00204807    0.00725082    0.00956500    0.00133880    0.00067637    0.00034335 
ksp              :   0.02225626    0.06182959    0.09932983    0.10000000    0.10000000    0.02057821    0.01000000    0.01000000    0.01000000 
max(|step|)      :   0.00000000    0.00266004    0.00528447    0.00139335    0.00147242    0.00232130    0.00542785    0.00144069    0.00042927    0.00003560 
angle (deg.)     :    63.4596  52.6961  29.4901  32.3528  90.0195  94.5994  83.1329  76.3344 
>
iteration       : 352
climbing        : no
zoom on         : no
nim             : 10
barrier         :   0.01392114 (image:  4) 
distance        :   0.00000000    7.88627819   10.59555225   12.21845929   13.81301747   15.42529860   23.11873367   40.41247114   57.58225942   74.65122660 
energy          : -2537.14379937  -2537.14192791  -2537.13582409  -2537.12997716  -2537.12987823  -2537.14218651  -2537.16158675  -2537.21139641  -2537.17618141  -2537.17943128 
max(|Fr_perp|)   :   0.00000000    0.00215437    0.00761877    0.00228437    0.00105532    0.00320210    0.00735964    0.00156893    0.00064548    0.00000000 
Fr_paral         :   0.00000000   -0.00116136   -0.00407859   -0.00284363    0.00394577    0.00992457   -0.00576985   -0.00367507    0.00050348    0.00000000 
max(|Fsp_paral|) :   0.00000000    0.00145815    0.00241307    0.00106590    0.00105341    0.00264955    0.00411270    0.00020355    0.00022578    0.00000000 
max(|Fsp_perp|)  :   0.00000000    0.00000000    0.00000000    0.00000000    0.00000000    0.00000000    0.00000000    0.00000000    0.00000000    0.00000000 
max(|FNEB|)      :   0.00000000    0.00240504    0.00778647    0.00227928    0.00105803    0.00315609    0.00453565    0.00159165    0.00070810    0.00000000 
max(|Force|)     :   0.00009233    0.00217871    0.00774245    0.00227631    0.00219150    0.00727205    0.00882334    0.00163627    0.00068095    0.00034335 
ksp              :   0.02209898    0.06156007    0.09936044    0.10000000    0.10000000    0.02042710    0.01000000    0.01000000    0.01000000 
max(|step|)      :   0.00000000    0.05001953    0.09254431    0.02807334    0.02366108    0.03964355    0.10000000    0.02778770    0.00959756    0.00321147 
angle (deg.)     :    63.6228  55.3275  29.8919  32.1581  89.7034  95.7848  82.5891  76.4335 
>
iteration       : 353
climbing        : no
zoom on         : no
nim             : 10
barrier         :   0.01388225 (image:  3) 
distance        :   0.00000000    7.83077673   10.57391648   12.34859232   14.01984627   15.55589778   23.58055714   40.92143546   58.11918962   75.21156927 
energy          : -2537.14379937  -2537.14201088  -2537.13655066  -2537.12991712  -2537.13007279  -2537.14162538  -2537.16159384  -2537.21163334  -2537.17618709  -2537.17943128 
max(|Fr_perp|)   :   0.00000000    0.00743206    0.00610483    0.00864891    0.00309377    0.01398618    0.00634614    0.00359294    0.00219732    0.00000000 
Fr_paral         :   0.00000000   -0.00067323   -0.00361908   -0.00222550    0.00372176    0.00859902   -0.00373085   -0.00374335    0.00048914    0.00000000 
max(|Fsp_paral|) :   0.00000000    0.00255805    0.00925116    0.00605174    0.00885502    0.02791864    0.00534407    0.00023366    0.00023589    0.00000000 
max(|Fsp_perp|)  :   0.00000000    0.00000000    0.00000000    0.00000000    0.00000000    0.00000000    0.00000000    0.00000000    0.00000000    0.00000000 
max(|FNEB|)      :   0.00000000    0.00783976    0.00929301    0.00878301    0.00680411    0.02929153    0.00632127    0.00361745    0.00234006    0.00000000 
max(|Force|)     :   0.00009233    0.00759286    0.00619318    0.00879867    0.00428979    0.01404339    0.00612548    0.00357320    0.00230655    0.00034335 
ksp              :   0.02161480    0.05699646    0.10000000    0.10000000    0.09896284    0.02418033    0.01000000    0.01000000    0.01000000 
max(|step|)      :   0.00000000    0.01664161    0.01972645    0.01864385    0.01444321    0.06217768    0.01341828    0.00767883    0.00496728    0.00000000 
angle (deg.)     :    64.0801  54.4905  30.0486  31.6265  90.1777  95.4407  82.6971  76.4441 
>
iteration       : 354
climbing        : no
zoom on         : no
nim             : 10
barrier         :   0.01385799 (image:  3) 
distance        :   0.00000000    7.81879306   10.61464616   12.32338400   13.98481139   15.63535824   23.61723841   40.95134935   58.15179418   75.24642927 
energy          : -2537.14379937  -2537.14185524  -2537.13621805  -2537.12994138  -2537.12995441  -2537.14214953  -2537.16210606  -2537.21172939  -2537.17617526  -2537.17943128 
max(|Fr_perp|)   :   0.00000000    0.01380602    0.01186869    0.01639395    0.00547007    0.02608781    0.00523220    0.00397399    0.00433660    0.00000000 
Fr_paral         :   0.00000000   -0.00047461   -0.00354823   -0.00250390    0.00378188    0.00803319   -0.00298902   -0.00394651    0.00041466    0.00000000 
max(|Fsp_paral|) :   0.00000000    0.00223187    0.00231805    0.00278012    0.00072164    0.00028513    0.00206395    0.00021884    0.00023687    0.00000000 
max(|Fsp_perp|)  :   0.00000000    0.00000000    0.00000000    0.00000000    0.00000000    0.00000000    0.00000000    0.00000000    0.00000000    0.00000000 
max(|FNEB|)      :   0.00000000    0.01356591    0.01197393    0.01635728    0.00547339    0.02608968    0.00554639    0.00399925    0.00448189    0.00000000 
max(|Force|)     :   0.00009233    0.01379593    0.01179766    0.01637454    0.00548184    0.02612286    0.00535394    0.00404858    0.00427966    0.00034335 
ksp              :   0.02262605    0.05923647    0.10000000    0.10000000    0.09991537    0.02071483    0.01000000    0.01000000    0.01000000 
max(|step|)      :   0.00000000    0.00935452    0.00840230    0.01138268    0.00379421    0.01825586    0.00423921    0.00276329    0.00317382    0.00002560 
angle (deg.)     :    64.1967  54.3415  30.0653  31.5633  90.2121  95.4254  82.6970  76.4488 
>
iteration       : 355
climbing        : no
zoom on         : no
nim             : 10
barrier         :   0.01380160 (image:  4) 
distance        :   0.00000000    7.81399195   10.62454483   12.32084439   13.98442836   15.64397205   23.62915933   40.96263820   58.16424786   75.25986563 
energy          : -2537.14379937  -2537.14215618  -2537.13648339  -2537.13023025  -2537.12999777  -2537.14289164  -2537.16224408  -2537.21180347  -2537.17619923  -2537.17943128 
max(|Fr_perp|)   :   0.00000000    0.00132743    0.00170855    0.00151549    0.00096806    0.00240742    0.00311746    0.00163257    0.00057207    0.00000000 
Fr_paral         :   0.00000000   -0.00052166   -0.00391305   -0.00284626    0.00387136    0.00892569   -0.00315378   -0.00385169    0.00046274    0.00000000 
max(|Fsp_paral|) :   0.00000000    0.00006338    0.00214949    0.00041112    0.00023849    0.02586281    0.01191641    0.00021608    0.00023719    0.00000000 
max(|Fsp_perp|)  :   0.00000000    0.00000000    0.00000000    0.00000000    0.00000000    0.00000000    0.00000000    0.00000000    0.00000000    0.00000000 
max(|FNEB|)      :   0.00000000    0.00133320    0.00219684    0.00168097    0.00094544    0.02581617    0.01373686    0.00179259    0.00069695    0.00000000 
max(|Force|)     :   0.00009233    0.00131805    0.00170471    0.00218840    0.00295673    0.00599074    0.00275248    0.00209997    0.00060459    0.00034335 
ksp              :   0.02071524    0.05770736    0.09848398    0.10000000    0.10000000    0.01591930    0.01000000    0.01000000    0.01000000 
max(|step|)      :   0.00000000    0.01183022    0.00992942    0.01363676    0.00466966    0.02875792    0.00986990    0.00475002    0.00367025    0.00010220 
angle (deg.)     :    64.1487  54.4811  30.0714  31.7698  89.9538  95.6314  82.6175  76.4511 
>
iteration       : 356
climbing        : no
zoom on         : no
nim             : 10
barrier         :   0.01386942 (image:  3) 
distance        :   0.00000000    7.81466602   10.61959084   12.32582372   13.99420765   15.60501886   23.62861981   40.96554768   58.16768597   75.26377048 
energy          : -2537.14379937  -2537.14184459  -2537.13621129  -2537.12992995  -2537.12997628  -2537.14177089  -2537.16208052  -2537.21178297  -2537.17617576  -2537.17943128 
max(|Fr_perp|)   :   0.00000000    0.01523254    0.01264702    0.01660171    0.00597933    0.02603726    0.00400133    0.00359396    0.00448291    0.00000000 
Fr_paral         :   0.00000000   -0.00054369   -0.00353292   -0.00246900    0.00384072    0.00849618   -0.00390277   -0.00368941    0.00051661    0.00000000 
max(|Fsp_paral|) :   0.00000000    0.00219622    0.00196934    0.00222101    0.00366575    0.01681253    0.00322190    0.00022087    0.00023739    0.00000000 
max(|Fsp_perp|)  :   0.00000000    0.00000000    0.00000000    0.00000000    0.00000000    0.00000000    0.00000000    0.00000000    0.00000000    0.00000000 
max(|FNEB|)      :   0.00000000    0.01545678    0.01261361    0.01657962    0.00598257    0.02534429    0.00439097    0.00356798    0.00437050    0.00000000 
max(|Force|)     :   0.00009233    0.01524351    0.01267348    0.01658730    0.00597734    0.02580412    0.00387839    0.00352285    0.00455402    0.00034335 
ksp              :   0.02268475    0.05923978    0.10000000    0.10000000    0.09969935    0.02316303    0.01000000    0.01000000    0.01000000 
max(|step|)      :   0.00000000    0.00914499    0.00751309    0.01021020    0.00363125    0.01641371    0.00391199    0.00304016    0.00264729    0.00019052 
angle (deg.)     :    64.2455  54.3155  30.0703  31.5895  90.0846  95.5375  82.6486  76.4537 
>
iteration       : 357
climbing        : no
zoom on         : no
nim             : 10
barrier         :   0.01379686 (image:  4) 
distance        :   0.00000000    7.81172593   10.62826827   12.32133184   13.98672851   15.62700777   23.63776480   40.97290129   58.17569233   75.27234292 
energy          : -2537.14379937  -2537.14215861  -2537.13647546  -2537.13023136  -2537.13000251  -2537.14270802  -2537.16223052  -2537.21183521  -2537.17619978  -2537.17943128 
max(|Fr_perp|)   :   0.00000000    0.00265269    0.00221363    0.00354701    0.00129968    0.00605938    0.00242739    0.00117909    0.00086035    0.00000000 
Fr_paral         :   0.00000000   -0.00053481   -0.00391069   -0.00287223    0.00389191    0.00918053   -0.00363917   -0.00377665    0.00046975    0.00000000 
max(|Fsp_paral|) :   0.00000000    0.00019766    0.00179022    0.00014045    0.00148204    0.01790438    0.00933818    0.00021699    0.00023751    0.00000000 
max(|Fsp_perp|)  :   0.00000000    0.00000000    0.00000000    0.00000000    0.00000000    0.00000000    0.00000000    0.00000000    0.00000000    0.00000000 
max(|FNEB|)      :   0.00000000    0.00263195    0.00226275    0.00354692    0.00129780    0.01801108    0.01054355    0.00135625    0.00099298    0.00000000 
max(|Force|)     :   0.00009233    0.00266377    0.00222744    0.00354590    0.00299748    0.00600590    0.00273236    0.00168463    0.00092498    0.00034335 
ksp              :   0.02070305    0.05777553    0.09850714    0.10000000    0.10000000    0.01711913    0.01000000    0.01000000    0.01000000 
max(|step|)      :   0.00000000    0.00181233    0.00148687    0.00201775    0.00078315    0.00360858    0.00408296    0.00082814    0.00058945    0.00007027 
angle (deg.)     :    64.2774  54.2804  30.0713  31.5518  90.0364  95.5824  82.6272  76.4566 
>
iteration       : 358
climbing        : no
zoom on         : no
nim             : 10
barrier         :   0.01379946 (image:  4) 
distance        :   0.00000000    7.81069162   10.63082397   12.32056961   13.98508420   15.62123030   23.64376737   40.97961599   58.18314432   75.28044854 
energy          : -2537.14379937  -2537.14217429  -2537.13647929  -2537.13025252  -2537.12999991  -2537.14270425  -2537.16222534  -2537.21185235  -2537.17620099  -2537.17943128 
max(|Fr_perp|)   :   0.00000000    0.00105139    0.00054323    0.00089599    0.00062387    0.00167825    0.00232353    0.00090694    0.00033456    0.00000000 
Fr_paral         :   0.00000000   -0.00053062   -0.00392926   -0.00292750    0.00389941    0.00931825   -0.00381189   -0.00377807    0.00045867    0.00000000 
max(|Fsp_paral|) :   0.00000000    0.00038478    0.00148174    0.00015315    0.00167449    0.01736772    0.00923896    0.00021702    0.00023768    0.00000000 
max(|Fsp_perp|)  :   0.00000000    0.00000000    0.00000000    0.00000000    0.00000000    0.00000000    0.00000000    0.00000000    0.00000000    0.00000000 
max(|FNEB|)      :   0.00000000    0.00129327    0.00167294    0.00088082    0.00105062    0.01758275    0.01006708    0.00108397    0.00037376    0.00000000 
max(|Force|)     :   0.00009233    0.00101398    0.00154571    0.00159128    0.00292555    0.00598814    0.00264278    0.00141748    0.00034125    0.00034335 
ksp              :   0.02059873    0.05774148    0.09835244    0.10000000    0.10000000    0.01714237    0.01000000    0.01000000    0.01000000 
max(|step|)      :   0.00000000    0.01047454    0.01080866    0.01038519    0.00920545    0.04457943    0.04815710    0.00822273    0.00339803    0.00205111 
angle (deg.)     :    64.6013  53.9810  30.1442  31.1022  89.4440  96.1378  82.3607  76.4928 
>
iteration       : 359
climbing        : no
zoom on         : no
nim             : 10
barrier         :   0.01389883 (image:  4) 
distance        :   0.00000000    7.80026470   10.65603827   12.31490816   13.96442075   15.55185356   23.72078515   41.06681453   58.27954445   75.38496544 
energy          : -2537.14379937  -2537.14201855  -2537.13622712  -2537.13010439  -2537.12990054  -2537.14161050  -2537.16183353  -2537.21198587  -2537.17619075  -2537.17943128 
max(|Fr_perp|)   :   0.00000000    0.01183417    0.01000850    0.01417557    0.00466826    0.02225616    0.00384743    0.00197821    0.00380089    0.00000000 
Fr_paral         :   0.00000000   -0.00046133   -0.00374850   -0.00307163    0.00393650    0.00962092   -0.00586669   -0.00373593    0.00039486    0.00000000 
max(|Fsp_paral|) :   0.00000000    0.00012504    0.00217085    0.00073546    0.00365744    0.02571075    0.00618351    0.00021931    0.00024008    0.00000000 
max(|Fsp_perp|)  :   0.00000000    0.00000000    0.00000000    0.00000000    0.00000000    0.00000000    0.00000000    0.00000000    0.00000000    0.00000000 
max(|FNEB|)      :   0.00000000    0.01184802    0.00991347    0.01418430    0.00468187    0.02514655    0.00823841    0.00188207    0.00394838    0.00000000 
max(|Force|)     :   0.00009233    0.01182410    0.00993562    0.01415417    0.00465963    0.02230742    0.00427879    0.00192892    0.00374663    0.00034335 
ksp              :   0.02153149    0.05903311    0.09868000    0.10000000    0.10000000    0.02417371    0.01000000    0.01000000    0.01000000 
max(|step|)      :   0.00000000    0.00708223    0.00565551    0.00779629    0.00296480    0.02685966    0.01923704    0.00267521    0.00205603    0.00104541 
angle (deg.)     :    64.4870  54.0831  30.1114  31.1010  89.7370  95.8863  82.4691  76.4835 
>
iteration       : 360
climbing        : no
zoom on         : no
nim             : 10
barrier         :   0.01385928 (image:  4) 
distance        :   0.00000000    7.80414698   10.64665519   12.31604391   13.96630539   15.59188671   23.70279437   41.04448227   58.25490939   75.35829766 
energy          : -2537.14379937  -2537.14219502  -2537.13642645  -2537.13028242  -2537.12994009  -2537.14247975  -2537.16210854  -2537.21196701  -2537.17620321  -2537.17943128 
max(|Fr_perp|)   :   0.00000000    0.00294691    0.00261122    0.00320984    0.00108431    0.00545188    0.00228467    0.00078042    0.00091038    0.00000000 
Fr_paral         :   0.00000000   -0.00051813   -0.00395321   -0.00313326    0.00392820    0.00975354   -0.00475604   -0.00373410    0.00043865    0.00000000 
max(|Fsp_paral|) :   0.00000000    0.00102069    0.00057292    0.00105560    0.00145896    0.00793451    0.00586968    0.00021581    0.00023945    0.00000000 
max(|Fsp_perp|)  :   0.00000000    0.00000000    0.00000000    0.00000000    0.00000000    0.00000000    0.00000000    0.00000000    0.00000000    0.00000000 
max(|FNEB|)      :   0.00000000    0.00305705    0.00259136    0.00321421    0.00131412    0.00844318    0.00505014    0.00093911    0.00105763    0.00000000 
max(|Force|)     :   0.00009233    0.00293588    0.00255048    0.00320221    0.00246699    0.00597113    0.00231489    0.00123187    0.00085004    0.00034335 
ksp              :   0.02041842    0.05787856    0.09777692    0.10000000    0.10000000    0.01856943    0.01000000    0.01000000    0.01000000 
max(|step|)      :   0.00000000    0.00182111    0.00121602    0.00105826    0.00277330    0.00433390    0.00801735    0.00176676    0.00076686    0.00030369 
angle (deg.)     :    64.5230  54.0678  30.1237  30.9417  89.6555  95.9777  82.4196  76.4926 
>
iteration       : 361
climbing        : no
zoom on         : no
nim             : 10
barrier         :   0.01387636 (image:  4) 
distance        :   0.00000000    7.80314068   10.64877940   12.31529671   13.96020836   15.58457162   23.72324825   41.06709721   58.27992609   75.38543094 
energy          : -2537.14379937  -2537.14220609  -2537.13642742  -2537.13029183  -2537.12992301  -2537.14244701  -2537.16204583  -2537.21199709  -2537.17620467  -2537.17943128 
max(|Fr_perp|)   :   0.00000000    0.00221661    0.00195237    0.00231023    0.00078296    0.00359205    0.00250075    0.00055427    0.00067933    0.00000000 
Fr_paral         :   0.00000000   -0.00052737   -0.00396580   -0.00316692    0.00392194    0.00984911   -0.00496956   -0.00370678    0.00043937    0.00000000 
max(|Fsp_paral|) :   0.00000000    0.00115424    0.00082059    0.00107197    0.00121556    0.00641558    0.00531671    0.00021554    0.00024007    0.00000000 
max(|Fsp_perp|)  :   0.00000000    0.00000000    0.00000000    0.00000000    0.00000000    0.00000000    0.00000000    0.00000000    0.00000000    0.00000000 
max(|FNEB|)      :   0.00000000    0.00234155    0.00192455    0.00231402    0.00114536    0.00693476    0.00451479    0.00066299    0.00082700    0.00000000 
max(|Force|)     :   0.00009233    0.00220535    0.00189276    0.00230365    0.00239024    0.00601954    0.00253035    0.00095660    0.00061888    0.00034335 
ksp              :   0.02033377    0.05781339    0.09760786    0.10000000    0.10000000    0.01877120    0.01000000    0.01000000    0.01000000 
max(|step|)      :   0.00000000    0.01732744    0.00828643    0.00979237    0.02499132    0.02854765    0.06536127    0.01418747    0.00866112    0.00402484 
angle (deg.)     :    64.4687  54.3914  30.2772  29.2593  89.0312  96.8609  81.9369  76.5895 
>
iteration       : 362
climbing        : no
zoom on         : no
nim             : 10
barrier         :   0.01402057 (image:  4) 
distance        :   0.00000000    7.81116267   10.63111633   12.30574805   13.89640830   15.52677255   23.94106310   41.31289233   58.55192177   75.68052735 
energy          : -2537.14379937  -2537.14215856  -2537.13646089  -2537.13030468  -2537.12977880  -2537.14218307  -2537.16110007  -2537.21222933  -2537.17621397  -2537.17943128 
max(|Fr_perp|)   :   0.00000000    0.00579144    0.00447579    0.00466718    0.00203245    0.00318196    0.00290181    0.00112552    0.00148967    0.00000000 
Fr_paral         :   0.00000000   -0.00068741   -0.00396916   -0.00304482    0.00370549    0.00973052   -0.00573027   -0.00357877    0.00047032    0.00000000 
max(|Fsp_paral|) :   0.00000000    0.00012945    0.00034021    0.00162112    0.00236900    0.00554253    0.00058167    0.00021934    0.00024685    0.00000000 
max(|Fsp_perp|)  :   0.00000000    0.00000000    0.00000000    0.00000000    0.00000000    0.00000000    0.00000000    0.00000000    0.00000000    0.00000000 
max(|FNEB|)      :   0.00000000    0.00578027    0.00446683    0.00466391    0.00243872    0.00617989    0.00294246    0.00116271    0.00161646    0.00000000 
max(|Force|)     :   0.00009233    0.00580317    0.00452184    0.00466355    0.00228066    0.00705245    0.00401010    0.00141612    0.00155449    0.00034335 
ksp              :   0.02053258    0.05710672    0.09662430    0.10000000    0.10000000    0.02037527    0.01000000    0.01000000    0.01000000 
max(|step|)      :   0.00000000    0.02130277    0.01588045    0.01360755    0.00785853    0.03350505    0.02810624    0.00860835    0.00671314    0.00132012 
angle (deg.)     :    64.4883  54.3646  30.5864  29.0961  89.1188  97.1709  81.7679  76.6441 
>
iteration       : 363
climbing        : no
zoom on         : no
nim             : 10
barrier         :   0.01403548 (image:  4) 
distance        :   0.00000000    7.81637949   10.62583807   12.28611862   13.89496994   15.53685173   24.06802410   41.45480587   58.70919347   75.85110786 
energy          : -2537.14379937  -2537.14162496  -2537.13612764  -2537.13016970  -2537.12976389  -2537.14083862  -2537.16079026  -2537.21233489  -2537.17619194  -2537.17943128 
max(|Fr_perp|)   :   0.00000000    0.02227687    0.01669331    0.01511759    0.00715284    0.03687776    0.00528743    0.00472284    0.00575079    0.00000000 
Fr_paral         :   0.00000000   -0.00060228   -0.00355694   -0.00273335    0.00360408    0.00811678   -0.00577323   -0.00338301    0.00031545    0.00000000 
max(|Fsp_paral|) :   0.00000000    0.00411370    0.00201475    0.00048690    0.00197176    0.05480828    0.01868355    0.00021888    0.00025143    0.00000000 
max(|Fsp_perp|)  :   0.00000000    0.00000000    0.00000000    0.00000000    0.00000000    0.00000000    0.00000000    0.00000000    0.00000000    0.00000000 
max(|FNEB|)      :   0.00000000    0.02178224    0.01658876    0.01510970    0.00714357    0.05633786    0.01969854    0.00469559    0.00590548    0.00000000 
max(|Force|)     :   0.00009233    0.02226258    0.01661236    0.01509138    0.00714272    0.03662969    0.00565288    0.00465321    0.00570740    0.00034335 
ksp              :   0.02394305    0.05919359    0.09739785    0.10000000    0.10000000    0.02898529    0.01000000    0.01000000    0.01000000 
max(|step|)      :   0.00000000    0.00778382    0.00358849    0.00447154    0.01022231    0.01687196    0.03164200    0.00686767    0.00416447    0.00211035 
angle (deg.)     :    64.4950  54.2483  30.4769  29.7971  89.4296  96.7258  82.0010  76.5981 
>
iteration       : 364
climbing        : no
zoom on         : no
nim             : 10
barrier         :   0.01395450 (image:  4) 
distance        :   0.00000000    7.81285957   10.63242374   12.29233044   13.92215684   15.56891250   23.96449232   41.33596984   58.57784508   75.70885653 
energy          : -2537.14379937  -2537.14180260  -2537.13622001  -2537.13020804  -2537.12984487  -2537.14164009  -2537.16137601  -2537.21225320  -2537.17619589  -2537.17943128 
max(|Fr_perp|)   :   0.00000000    0.01888844    0.01424138    0.01311125    0.00602459    0.02897173    0.00407967    0.00381392    0.00487461    0.00000000 
Fr_paral         :   0.00000000   -0.00057259   -0.00367901   -0.00284247    0.00373322    0.00872088   -0.00523187   -0.00348079    0.00033988    0.00000000 
max(|Fsp_paral|) :   0.00000000    0.00250894    0.00172493    0.00051950    0.00100696    0.02395398    0.00693140    0.00021395    0.00024787    0.00000000 
max(|Fsp_perp|)  :   0.00000000    0.00000000    0.00000000    0.00000000    0.00000000    0.00000000    0.00000000    0.00000000    0.00000000    0.00000000 
max(|FNEB|)      :   0.00000000    0.01859414    0.01415724    0.01311853    0.00602027    0.02798990    0.00834928    0.00378767    0.00502708    0.00000000 
max(|Force|)     :   0.00009233    0.01887519    0.01416246    0.01308775    0.00601506    0.02873520    0.00440884    0.00374341    0.00482786    0.00034335 
ksp              :   0.02287825    0.05888334    0.09765769    0.10000000    0.10000000    0.02392638    0.01000000    0.01000000    0.01000000 
max(|step|)      :   0.00000000    0.05006779    0.03726616    0.03475672    0.01715622    0.07843279    0.02342740    0.01609908    0.01317877    0.00147432 
angle (deg.)     :    64.5334  54.4447  30.2698  29.6081  89.2546  96.5399  82.1000  76.5544 
>
iteration       : 365
climbing        : no
zoom on         : no
nim             : 10
barrier         :   0.01461501 (image:  3) 
distance        :   0.00000000    7.80326063   10.64054175   12.32592352   13.91645365   15.55939285   23.87607754   41.23672633   58.46624491   75.58670314 
energy          : -2537.14379937  -2537.13942492  -2537.13480758  -2537.12918436  -2537.12947543  -2537.13620228  -2537.16112193  -2537.21190072  -2537.17607653  -2537.17943128 
max(|Fr_perp|)   :   0.00000000    0.05375598    0.03969292    0.03204478    0.01537908    0.08290786    0.00891744    0.00883340    0.01211097    0.00000000 
Fr_paral         :   0.00000000   -0.00015507   -0.00197824   -0.00177318    0.00325759    0.00261616   -0.00511864   -0.00384642    0.00071356    0.00000000 
max(|Fsp_paral|) :   0.00000000    0.02032508    0.00748864    0.00555580    0.00135343    0.20485239    0.07652105    0.00021635    0.00024427    0.00000000 
max(|Fsp_perp|)  :   0.00000000    0.00000000    0.00000000    0.00000000    0.00000000    0.00000000    0.00000000    0.00000000    0.00000000    0.00000000 
max(|FNEB|)      :   0.00000000    0.05565520    0.03960865    0.03189793    0.01537023    0.21003646    0.07698316    0.00885915    0.01196063    0.00000000 
max(|Force|)     :   0.00009233    0.05375884    0.03968308    0.03201732    0.01536653    0.08286445    0.00896904    0.00890893    0.01220934    0.00034335 
ksp              :   0.03693812    0.06537190    0.10000000    0.10000000    0.09820759    0.05678325    0.01000000    0.01000000    0.01000000 
max(|step|)      :   0.00000000    0.06246962    0.04705063    0.04291041    0.02265131    0.10000000    0.05441052    0.02108231    0.01754045    0.00360773 
angle (deg.)     :    64.6994  54.6803  30.8669  30.3308  89.6672  95.8406  82.4705  76.4609 
>
iteration       : 366
climbing        : no
zoom on         : no
nim             : 10
barrier         :   0.06080869 (image:  5) 
distance        :   0.00000000    7.78662197   10.66552565   12.38091225   13.96096637   15.62378108   23.71259595   41.04824151   58.25212889   75.35027721 
energy          : -2537.14379937  -2537.11920450  -2537.12277044  -2537.12258840  -2537.12744398  -2537.08299068  -2537.15946701  -2537.21001003  -2537.17519726  -2537.17943128 
max(|Fr_perp|)   :   0.00000000    0.17506084    0.12453215    0.07820379    0.03982940    0.31123436    0.02467909    0.02308169    0.03217125    0.00000000 
Fr_paral         :   0.00000000    0.00109968    0.00048914   -0.01046801   -0.00026682   -0.00826764   -0.00385796   -0.00428991    0.00122079    0.00000000 
max(|Fsp_paral|) :   0.00000000    0.04607248    0.01230042    0.00251872    0.06613837    0.17181756    0.16387465    0.00021592    0.00023962    0.00000000 
max(|Fsp_perp|)  :   0.00000000    0.00000000    0.00000000    0.00000000    0.00000000    0.00000000    0.00000000    0.00000000    0.00000000    0.00000000 
max(|FNEB|)      :   0.00000000    0.18190379    0.12545380    0.07847431    0.06747473    0.32365672    0.16404737    0.02312289    0.03206139    0.00000000 
max(|Force|)     :   0.00009233    0.17542475    0.12473926    0.07866443    0.03987022    0.31193507    0.02486014    0.02317750    0.03237138    0.00034335 
ksp              :   0.04635699    0.04635699    0.04128368    0.04128368    0.10000000    0.10000000    0.01000000    0.01000000    0.01000000 
max(|step|)      :   0.00000000    0.05620269    0.03876138    0.02424616    0.02084762    0.10000000    0.05068561    0.00714426    0.00990598    0.00000000 
angle (deg.)     :    64.6501  54.2005  30.5312  28.3561  83.6022  95.0412  82.8765  76.4638 
>
iteration       : 367
climbing        : no
zoom on         : no
nim             : 10
barrier         :   0.01711751 (image:  3) 
distance        :   0.00000000    7.73804954   10.66421155   12.38711093   13.99236729   15.68996306   23.39003180   40.70680100   57.91123906   75.00972563 
energy          : -2537.14379937  -2537.13698395  -2537.13301643  -2537.12668186  -2537.12887882  -2537.13593100  -2537.16123459  -2537.21099357  -2537.17581066  -2537.17943128 
max(|Fr_perp|)   :   0.00000000    0.07064080    0.05540982    0.05475321    0.02570663    0.08036795    0.01712341    0.01689495    0.02007475    0.00000000 
Fr_paral         :   0.00000000    0.00072326   -0.00006036   -0.00069223    0.00228450    0.00257551   -0.00133937   -0.00412023    0.00091816    0.00000000 
max(|Fsp_paral|) :   0.00000000    0.03166160    0.01015498    0.00664990    0.00610910    0.15874264    0.05721229    0.00018445    0.00023831    0.00000000 
max(|Fsp_perp|)  :   0.00000000    0.00000000    0.00000000    0.00000000    0.00000000    0.00000000    0.00000000    0.00000000    0.00000000    0.00000000 
max(|FNEB|)      :   0.00000000    0.07332610    0.05514226    0.05456355    0.02578290    0.16459098    0.05767027    0.01691564    0.01992931    0.00000000 
max(|Force|)     :   0.00009233    0.07062863    0.05540911    0.05474205    0.02568984    0.08033701    0.01717753    0.01697086    0.02020079    0.00034335 
ksp              :   0.04583392    0.06669425    0.10000000    0.10000000    0.08844885    0.05137011    0.01000000    0.01000000    0.01000000 
max(|step|)      :   0.00000000    0.04284943    0.03218058    0.03128566    0.01483468    0.09247272    0.03414519    0.00872506    0.01118342    0.00182310 
angle (deg.)     :    65.1565  54.3166  30.1740  28.2907  84.4356  94.3063  83.1618  76.4683 
>
iteration       : 368
climbing        : no
zoom on         : no
nim             : 10
barrier         :   0.01403386 (image:  4) 
distance        :   0.00000000    7.69795705   10.70613904   12.43458717   14.04177990   15.88354383   23.43051552   40.73564729   57.94093578   75.04003922 
energy          : -2537.14379937  -2537.14203038  -2537.13639806  -2537.12978337  -2537.12976551  -2537.14360804  -2537.16253506  -2537.21172198  -2537.17616877  -2537.17943128 
max(|Fr_perp|)   :   0.00000000    0.01156318    0.01034791    0.01959711    0.00721334    0.01081404    0.00879070    0.00803994    0.00531383    0.00000000 
Fr_paral         :   0.00000000    0.00018590   -0.00377457   -0.00263604    0.00390855    0.00729680    0.00007584   -0.00386485    0.00057546    0.00000000 
max(|Fsp_paral|) :   0.00000000    0.00170069    0.00009695    0.00703623    0.01384203    0.06441376    0.02258177    0.00016417    0.00023772    0.00000000 
max(|Fsp_perp|)  :   0.00000000    0.00000000    0.00000000    0.00000000    0.00000000    0.00000000    0.00000000    0.00000000    0.00000000    0.00000000 
max(|FNEB|)      :   0.00000000    0.01126319    0.01034669    0.01948555    0.01329566    0.06214432    0.02614004    0.00805854    0.00516762    0.00000000 
max(|Force|)     :   0.00009233    0.01155666    0.01032688    0.01957246    0.00720720    0.01089303    0.00879593    0.00811193    0.00539306    0.00034335 
ksp              :   0.02134463    0.05746508    0.09988550    0.10000000    0.10000000    0.01122703    0.01000000    0.01000000    0.01000000 
max(|step|)      :   0.00000000    0.00518701    0.00448707    0.00869624    0.00508362    0.02203216    0.00986423    0.00357797    0.00239704    0.00013649 
angle (deg.)     :    65.1481  54.3067  30.2169  28.4932  84.2697  94.4782  83.1004  76.4708 
>
iteration       : 369
climbing        : no
zoom on         : no
nim             : 10
barrier         :   0.01393400 (image:  4) 
distance        :   0.00000000    7.69822365   10.70531159   12.42960609   14.05097209   15.84908084   23.43457898   40.74154404   57.94731652   75.04686675 
energy          : -2537.14379937  -2537.14222758  -2537.13654557  -2537.13014751  -2537.12986537  -2537.14365526  -2537.16283306  -2537.21183694  -2537.17619531  -2537.17943128 
max(|Fr_perp|)   :   0.00000000    0.00477364    0.00594415    0.00856818    0.00293592    0.00626703    0.00703341    0.00473733    0.00206585    0.00000000 
Fr_paral         :   0.00000000    0.00005404   -0.00390221   -0.00307952    0.00402446    0.00823586   -0.00076772   -0.00377226    0.00050040    0.00000000 
max(|Fsp_paral|) :   0.00000000    0.00314579    0.00074099    0.00421929    0.01047934    0.06282404    0.02307188    0.00016656    0.00023771    0.00000000 
max(|Fsp_perp|)  :   0.00000000    0.00000000    0.00000000    0.00000000    0.00000000    0.00000000    0.00000000    0.00000000    0.00000000    0.00000000 
max(|FNEB|)      :   0.00000000    0.00489609    0.00593926    0.00854538    0.01011661    0.06110396    0.02535959    0.00475638    0.00217407    0.00000000 
max(|Force|)     :   0.00009233    0.00477169    0.00593274    0.00855836    0.00293532    0.00705995    0.00697951    0.00480835    0.00213473    0.00034335 
ksp              :   0.02015223    0.05685249    0.09817766    0.10000000    0.10000000    0.01093078    0.01000000    0.01000000    0.01000000 
max(|step|)      :   0.00000000    0.00952296    0.01185262    0.01779564    0.01703532    0.10000000    0.04425410    0.01072951    0.00462515    0.00210274 
angle (deg.)     :    65.0026  54.4031  30.4818  29.2647  83.5939  95.2786  82.7991  76.4811 
>
iteration       : 370
climbing        : no
zoom on         : no
nim             : 10
barrier         :   0.01382855 (image:  4) 
distance        :   0.00000000    7.70581803   10.69170343   12.41015955   14.07542037   15.68687280   23.45671467   40.77409276   57.98199962   75.08365395 
energy          : -2537.14379937  -2537.14215174  -2537.13652956  -2537.13005671  -2537.12997082  -2537.14218549  -2537.16260886  -2537.21187569  -2537.17618760  -2537.17943128 
max(|Fr_perp|)   :   0.00000000    0.00889587    0.00712014    0.01577029    0.00551639    0.00811968    0.00474017    0.00424455    0.00421215    0.00000000 
Fr_paral         :   0.00000000   -0.00017373   -0.00384627   -0.00281961    0.00397763    0.01010503   -0.00471131   -0.00352081    0.00035338    0.00000000 
max(|Fsp_paral|) :   0.00000000    0.00221617    0.00008183    0.00264635    0.00317775    0.00092606    0.00345557    0.00018030    0.00023777    0.00000000 
max(|Fsp_perp|)  :   0.00000000    0.00000000    0.00000000    0.00000000    0.00000000    0.00000000    0.00000000    0.00000000    0.00000000    0.00000000 
max(|FNEB|)      :   0.00000000    0.00957582    0.00729431    0.01617483    0.00568322    0.00834784    0.00522881    0.00432025    0.00447279    0.00000000 
max(|Force|)     :   0.00009233    0.00914034    0.00722687    0.01619035    0.00565932    0.00814069    0.00481359    0.00427333    0.00427866    0.00034335 
ksp              :   0.02076972    0.05733805    0.09951630    0.10000000    0.10000000    0.02055660    0.01000000    0.01000000    0.01000000 
max(|step|)      :   0.00000000    0.00895713    0.00682303    0.01512979    0.00531604    0.00780850    0.00489098    0.00404112    0.00418380    0.00000000 
angle (deg.)     :    64.9328  54.3914  30.5568  29.0752  83.6349  95.3218  82.7755  76.4843 
>
iteration       : 371
climbing        : no
zoom on         : no
nim             : 10
barrier         :   0.01380556 (image:  4) 
distance        :   0.00000000    7.70997569   10.68534545   12.40009590   14.06476799   15.67893947   23.46371432   40.78239083   57.99118469   75.09383547 
energy          : -2537.14379937  -2537.14228397  -2537.13662467  -2537.13028545  -2537.12999381  -2537.14235639  -2537.16267412  -2537.21194388  -2537.17620311  -2537.17943128 
max(|Fr_perp|)   :   0.00000000    0.00237226    0.00160606    0.00432457    0.00160118    0.00191824    0.00187675    0.00081910    0.00103409    0.00000000 
Fr_paral         :   0.00000000   -0.00022416   -0.00394773   -0.00305587    0.00405265    0.01003105   -0.00456227   -0.00366238    0.00046591    0.00000000 
max(|Fsp_paral|) :   0.00000000    0.00311304    0.00030956    0.00103248    0.00299839    0.00672905    0.00568127    0.00018104    0.00023747    0.00000000 
max(|Fsp_perp|)  :   0.00000000    0.00000000    0.00000000    0.00000000    0.00000000    0.00000000    0.00000000    0.00000000    0.00000000    0.00000000 
max(|FNEB|)      :   0.00000000    0.00307558    0.00160199    0.00432264    0.00276020    0.00644726    0.00517419    0.00087746    0.00117642    0.00000000 
max(|Force|)     :   0.00009233    0.00238045    0.00164594    0.00432120    0.00264438    0.00681095    0.00270524    0.00116862    0.00106236    0.00034335 
ksp              :   0.01987907    0.05677273    0.09809880    0.10000000    0.10000000    0.01940698    0.01000000    0.01000000    0.01000000 
max(|step|)      :   0.00000000    0.00310305    0.00235189    0.00245603    0.00305062    0.00514040    0.00512726    0.00172459    0.00093156    0.00008828 
angle (deg.)     :    64.8255  54.4060  30.6288  28.9032  83.6318  95.4066  82.7345  76.4889 
>
iteration       : 372
climbing        : no
zoom on         : no
nim             : 10
barrier         :   0.01383097 (image:  4) 
distance        :   0.00000000    7.71642439   10.67572158   12.38848598   14.05053140   15.66107091   23.47075263   40.79162832   58.00156470   75.10539919 
energy          : -2537.14379937  -2537.14226052  -2537.13661463  -2537.13026039  -2537.12996840  -2537.14227025  -2537.16261383  -2537.21195556  -2537.17620126  -2537.17943128 
max(|Fr_perp|)   :   0.00000000    0.00423097    0.00326011    0.00738744    0.00277234    0.00366057    0.00193868    0.00191606    0.00191841    0.00000000 
Fr_paral         :   0.00000000   -0.00026724   -0.00394465   -0.00298750    0.00402700    0.00989877   -0.00458236   -0.00372359    0.00048908    0.00000000 
max(|Fsp_paral|) :   0.00000000    0.00268755    0.00003329    0.00107407    0.00305899    0.00341756    0.00447326    0.00018280    0.00023737    0.00000000 
max(|Fsp_perp|)  :   0.00000000    0.00000000    0.00000000    0.00000000    0.00000000    0.00000000    0.00000000    0.00000000    0.00000000    0.00000000 
max(|FNEB|)      :   0.00000000    0.00410919    0.00326105    0.00738255    0.00291999    0.00359050    0.00409350    0.00193746    0.00199257    0.00000000 
max(|Force|)     :   0.00009233    0.00424067    0.00330772    0.00737940    0.00277261    0.00685559    0.00273393    0.00198788    0.00198575    0.00034335 
ksp              :   0.02001349    0.05675206    0.09809997    0.10000000    0.10000000    0.01995021    0.01000000    0.01000000    0.01000000 
max(|step|)      :   0.00000000    0.01107294    0.00160135    0.00774966    0.01339298    0.00799904    0.01572956    0.00393668    0.00198887    0.00097170 
angle (deg.)     :    64.4678  54.4037  30.9004  28.2907  83.7715  95.6433  82.6093  76.5097 
>
iteration       : 373
climbing        : no
zoom on         : no
nim             : 10
barrier         :   0.01391105 (image:  4) 
distance        :   0.00000000    7.73949774   10.64353154   12.34355128   13.99516106   15.61460740   23.50367120   40.83217160   58.04710960   75.15589430 
energy          : -2537.14379937  -2537.14224368  -2537.13661821  -2537.13030013  -2537.12988832  -2537.14220246  -2537.16241574  -2537.21201920  -2537.17620345  -2537.17943128 
max(|Fr_perp|)   :   0.00000000    0.00437935    0.00287088    0.00801627    0.00274585    0.00344638    0.00311416    0.00235996    0.00186641    0.00000000 
Fr_paral         :   0.00000000   -0.00045255   -0.00396493   -0.00292612    0.00392194    0.00956289   -0.00453995   -0.00375948    0.00048988    0.00000000 
max(|Fsp_paral|) :   0.00000000    0.00172325    0.00065959    0.00018427    0.00191494    0.00100958    0.00331187    0.00018712    0.00023745    0.00000000 
max(|Fsp_perp|)  :   0.00000000    0.00000000    0.00000000    0.00000000    0.00000000    0.00000000    0.00000000    0.00000000    0.00000000    0.00000000 
max(|FNEB|)      :   0.00000000    0.00406495    0.00288935    0.00801538    0.00274541    0.00344427    0.00299409    0.00238199    0.00190638    0.00000000 
max(|Force|)     :   0.00009233    0.00439576    0.00282246    0.00800791    0.00274638    0.00698154    0.00325380    0.00243288    0.00193388    0.00034335 
ksp              :   0.02006481    0.05645977    0.09733571    0.10000000    0.10000000    0.02033153    0.01000000    0.01000000    0.01000000 
max(|step|)      :   0.00000000    0.03207420    0.01348480    0.00973091    0.03784542    0.01952586    0.05353139    0.01272837    0.00770474    0.00311180 
angle (deg.)     :    63.6946  54.0322  31.1571  27.6282  84.5150  96.3934  82.2233  76.6020 
>
iteration       : 374
climbing        : no
zoom on         : no
nim             : 10
barrier         :   0.01413461 (image:  4) 
distance        :   0.00000000    7.80711505   10.57013284   12.21875192   13.83231053   15.49551837   23.65581638   41.01355204   58.25088228   75.38077679 
energy          : -2537.14379937  -2537.14173779  -2537.13622261  -2537.13042757  -2537.12966476  -2537.14164142  -2537.16121721  -2537.21223594  -2537.17619018  -2537.17943128 
max(|Fr_perp|)   :   0.00000000    0.02137030    0.01741828    0.00639836    0.00509877    0.02023759    0.01326019    0.00410930    0.00404195    0.00000000 
Fr_paral         :   0.00000000   -0.00086632   -0.00349988   -0.00315390    0.00335658    0.00938961   -0.00650305   -0.00363017    0.00053831    0.00000000 
max(|Fsp_paral|) :   0.00000000    0.00387998    0.00178146    0.00264168    0.00295599    0.01812656    0.00515608    0.00019823    0.00024024    0.00000000 
max(|Fsp_perp|)  :   0.00000000    0.00000000    0.00000000    0.00000000    0.00000000    0.00000000    0.00000000    0.00000000    0.00000000    0.00000000 
max(|FNEB|)      :   0.00000000    0.02175509    0.01744039    0.00641580    0.00536633    0.02033610    0.01312958    0.00425556    0.00407777    0.00000000 
max(|Force|)     :   0.00009233    0.02138728    0.01743727    0.00638614    0.00527966    0.02027134    0.01321804    0.00455027    0.00411616    0.00034335 
ksp              :   0.02312683    0.05824384    0.09514288    0.10000000    0.10000000    0.02374043    0.01000000    0.01000000    0.01000000 
max(|step|)      :   0.00000000    0.02277082    0.01826107    0.01020971    0.01678491    0.02002677    0.02482152    0.00469121    0.00454296    0.00160140 
angle (deg.)     :    64.0494  54.2603  31.0145  27.7659  84.4144  96.0355  82.3923  76.5713 
>
iteration       : 375
climbing        : no
zoom on         : no
nim             : 10
barrier         :   0.01400264 (image:  4) 
distance        :   0.00000000    7.77592163   10.60237528   12.27730996   13.90524201   15.56667100   23.61321620   40.95872098   58.18858177   75.31148337 
energy          : -2537.14379937  -2537.14216640  -2537.13655550  -2537.13036450  -2537.12979673  -2537.14237544  -2537.16213086  -2537.21218356  -2537.17621269  -2537.17943128 
max(|Fr_perp|)   :   0.00000000    0.00745197    0.00604919    0.00795580    0.00099406    0.00646301    0.00242543    0.00199848    0.00068470    0.00000000 
Fr_paral         :   0.00000000   -0.00059278   -0.00393015   -0.00301248    0.00370857    0.00938269   -0.00457821   -0.00373490    0.00043555    0.00000000 
max(|Fsp_paral|) :   0.00000000    0.00009685    0.00066430    0.00083171    0.00199290    0.00791270    0.00495402    0.00019074    0.00023915    0.00000000 
max(|Fsp_perp|)  :   0.00000000    0.00000000    0.00000000    0.00000000    0.00000000    0.00000000    0.00000000    0.00000000    0.00000000    0.00000000 
max(|FNEB|)      :   0.00000000    0.00746211    0.00607510    0.00795867    0.00224202    0.00763539    0.00453805    0.00202128    0.00083574    0.00000000 
max(|Force|)     :   0.00009233    0.00743966    0.00598218    0.00794969    0.00245553    0.00644639    0.00240505    0.00207212    0.00062319    0.00034335 
ksp              :   0.02049568    0.05655901    0.09635077    0.10000000    0.10000000    0.01915211    0.01000000    0.01000000    0.01000000 
max(|step|)      :   0.00000000    0.00527731    0.00386996    0.00437837    0.00478231    0.00369198    0.01232709    0.00281769    0.00185167    0.00073430 
angle (deg.)     :    63.9358  54.2017  31.0323  27.6474  84.5819  96.2105  82.3039  76.5932 
>
iteration       : 376
climbing        : no
zoom on         : no
nim             : 10
barrier         :   0.01402145 (image:  4) 
distance        :   0.00000000    7.78702550   10.59060471   12.25709996   13.87983471   15.54385171   23.65296483   41.00534006   58.24054580   75.36845146 
energy          : -2537.14379937  -2537.14220960  -2537.13658414  -2537.13044442  -2537.12977792  -2537.14241158  -2537.16200023  -2537.21224563  -2537.17621607  -2537.17943128 
max(|Fr_perp|)   :   0.00000000    0.00215197    0.00177021    0.00178762    0.00063232    0.00174888    0.00168699    0.00054572    0.00034345    0.00000000 
Fr_paral         :   0.00000000   -0.00068886   -0.00399523   -0.00311852    0.00364058    0.00949945   -0.00472904   -0.00367968    0.00044063    0.00000000 
max(|Fsp_paral|) :   0.00000000    0.00010799    0.00071865    0.00162040    0.00245819    0.00861674    0.00516768    0.00019333    0.00023987    0.00000000 
max(|Fsp_perp|)  :   0.00000000    0.00000000    0.00000000    0.00000000    0.00000000    0.00000000    0.00000000    0.00000000    0.00000000    0.00000000 
max(|FNEB|)      :   0.00000000    0.00216217    0.00179482    0.00178494    0.00280811    0.00857499    0.00457338    0.00063469    0.00043510    0.00000000 
max(|Force|)     :   0.00009233    0.00213910    0.00175397    0.00179066    0.00251774    0.00630171    0.00266856    0.00096821    0.00038300    0.00034335 
ksp              :   0.02020434    0.05631269    0.09572193    0.10000000    0.10000000    0.01890784    0.01000000    0.01000000    0.01000000 
max(|step|)      :   0.00000000    0.04427326    0.01734276    0.01765841    0.04018493    0.03184008    0.10000000    0.02267057    0.01512387    0.00676143 
angle (deg.)     :    62.9799  53.8310  31.5001  26.6218  85.8921  97.6325  81.5918  76.7659 
>
iteration       : 377
climbing        : no
zoom on         : no
nim             : 10
barrier         :   0.01420287 (image:  4) 
distance        :   0.00000000    7.88363705   10.49059173   12.09426610   13.67351617   15.36017212   23.97617749   41.39074474   58.66857458   75.83614253 
energy          : -2537.14379937  -2537.14170543  -2537.13624067  -2537.13007419  -2537.12959650  -2537.14179479  -2537.16045326  -2537.21253121  -2537.17623240  -2537.17943128 
max(|Fr_perp|)   :   0.00000000    0.01621146    0.01242526    0.02421004    0.00172146    0.01433429    0.00647644    0.00706181    0.00106439    0.00000000 
Fr_paral         :   0.00000000   -0.00112512   -0.00361840   -0.00254728    0.00309087    0.00880182   -0.00551716   -0.00342257    0.00043986    0.00000000 
max(|Fsp_paral|) :   0.00000000    0.00646312    0.00201863    0.00131369    0.00635341    0.01845732    0.00563535    0.00022587    0.00024625    0.00000000 
max(|Fsp_perp|)  :   0.00000000    0.00000000    0.00000000    0.00000000    0.00000000    0.00000000    0.00000000    0.00000000    0.00000000    0.00000000 
max(|FNEB|)      :   0.00000000    0.01716910    0.01260358    0.02467100    0.00727280    0.01816779    0.00726250    0.00711995    0.00091920    0.00000000 
max(|Force|)     :   0.00009233    0.01651756    0.01266832    0.02460369    0.00275178    0.01459082    0.00669375    0.00707709    0.00113738    0.00034335 
ksp              :   0.02333775    0.05794339    0.09708648    0.10000000    0.10000000    0.02278451    0.01000000    0.01000000    0.01000000 
max(|step|)      :   0.00000000    0.01980314    0.01453719    0.02845596    0.00838858    0.02095504    0.00837669    0.00821227    0.00106023    0.00000000 
angle (deg.)     :    63.2760  53.7206  31.4214  26.6599  86.1435  97.4866  81.6498  76.7704 
>
iteration       : 378
climbing        : no
zoom on         : no
nim             : 10
barrier         :   0.01414999 (image:  4) 
distance        :   0.00000000    7.86681313   10.51494973   12.11490616   13.70463127   15.41151877   23.99981036   41.41069512   58.68990726   75.85875287 
energy          : -2537.14379937  -2537.14196826  -2537.13640996  -2537.13040195  -2537.12964938  -2537.14236644  -2537.16077055  -2537.21265531  -2537.17623538  -2537.17943128 
max(|Fr_perp|)   :   0.00000000    0.00938191    0.00737598    0.01393296    0.00105225    0.00705598    0.00178162    0.00129141    0.00033313    0.00000000 
Fr_paral         :   0.00000000   -0.00095791   -0.00393845   -0.00292930    0.00325163    0.00876730   -0.00494902   -0.00365267    0.00044237    0.00000000 
max(|Fsp_paral|) :   0.00000000    0.00379944    0.00061062    0.00388810    0.00696428    0.00436134    0.00252681    0.00021790    0.00024644    0.00000000 
max(|Fsp_perp|)  :   0.00000000    0.00000000    0.00000000    0.00000000    0.00000000    0.00000000    0.00000000    0.00000000    0.00000000    0.00000000 
max(|FNEB|)      :   0.00000000    0.00895321    0.00740017    0.01395874    0.00769491    0.00713822    0.00248545    0.00144156    0.00037483    0.00000000 
max(|Force|)     :   0.00009233    0.00936068    0.00730761    0.01392158    0.00266344    0.00694558    0.00294550    0.00172068    0.00031641    0.00034335 
ksp              :   0.02164663    0.05699982    0.09521332    0.10000000    0.10000000    0.01911406    0.01000000    0.01000000    0.01000000 
max(|step|)      :   0.00000000    0.00496443    0.00419534    0.00786068    0.00555247    0.00390244    0.00167518    0.00092671    0.00028402    0.00002658 
angle (deg.)     :    63.3887  53.7133  31.3022  26.7510  86.1549  97.5053  81.6444  76.7738 
>
iteration       : 379
climbing        : no
zoom on         : no
nim             : 10
barrier         :   0.01411722 (image:  4) 
distance        :   0.00000000    7.86020009   10.52393201   12.12627262   13.71997429   15.41612680   24.01006743   41.42147127   58.70163374   75.87128192 
energy          : -2537.14379937  -2537.14207872  -2537.13646383  -2537.13057426  -2537.12968215  -2537.14242123  -2537.16077691  -2537.21267531  -2537.17623576  -2537.17943128 
max(|Fr_perp|)   :   0.00000000    0.00245841    0.00195473    0.00369620    0.00075906    0.00211551    0.00188283    0.00100042    0.00033529    0.00000000 
Fr_paral         :   0.00000000   -0.00097686   -0.00403004   -0.00317899    0.00332380    0.00894527   -0.00503998   -0.00363318    0.00044320    0.00000000 
max(|Fsp_paral|) :   0.00000000    0.00267430    0.00003825    0.00483754    0.00610787    0.00545327    0.00321600    0.00021726    0.00024676    0.00000000 
max(|Fsp_perp|)  :   0.00000000    0.00000000    0.00000000    0.00000000    0.00000000    0.00000000    0.00000000    0.00000000    0.00000000    0.00000000 
max(|FNEB|)      :   0.00000000    0.00274374    0.00195344    0.00476945    0.00681154    0.00587716    0.00297593    0.00115727    0.00037706    0.00000000 
max(|Force|)     :   0.00009233    0.00244021    0.00197000    0.00369976    0.00268524    0.00554666    0.00306701    0.00143461    0.00031854    0.00034335 
ksp              :   0.02096945    0.05676550    0.09431260    0.10000000    0.10000000    0.01878591    0.01000000    0.01000000    0.01000000 
max(|step|)      :   0.00000000    0.00800474    0.00449892    0.01062423    0.01736067    0.00962353    0.00617654    0.00264436    0.00096411    0.00013085 
angle (deg.)     :    63.6889  53.7731  30.9464  27.0812  86.1654  97.5917  81.6123  76.7855 
>
iteration       : 380
climbing        : no
zoom on         : no
nim             : 10
barrier         :   0.01401538 (image:  4) 
distance        :   0.00000000    7.84268955   10.54741049   12.16412517   13.76554013   15.42393510   24.04307261   41.45707755   58.74047079   75.91286829 
energy          : -2537.14379937  -2537.14210307  -2537.13645429  -2537.13047531  -2537.12978399  -2537.14233794  -2537.16074457  -2537.21272943  -2537.17623693  -2537.17943128 
max(|Fr_perp|)   :   0.00000000    0.00517878    0.00379164    0.00809528    0.00064800    0.00470276    0.00208026    0.00063025    0.00034004    0.00000000 
Fr_paral         :   0.00000000   -0.00090842   -0.00399854   -0.00315208    0.00351294    0.00926048   -0.00536596   -0.00358652    0.00044271    0.00000000 
max(|Fsp_paral|) :   0.00000000    0.00181498    0.00005532    0.00331943    0.00339250    0.00082552    0.00179146    0.00021645    0.00024781    0.00000000 
max(|Fsp_perp|)  :   0.00000000    0.00000000    0.00000000    0.00000000    0.00000000    0.00000000    0.00000000    0.00000000    0.00000000    0.00000000 
max(|FNEB|)      :   0.00000000    0.00537616    0.00379315    0.00813249    0.00404050    0.00471321    0.00199074    0.00073102    0.00038203    0.00000000 
max(|Force|)     :   0.00009233    0.00519819    0.00383974    0.00807452    0.00273955    0.00570476    0.00333708    0.00103430    0.00032330    0.00034335 
ksp              :   0.02089281    0.05716659    0.09556067    0.10000000    0.10000000    0.01938458    0.01000000    0.01000000    0.01000000 
max(|step|)      :   0.00000000    0.01056281    0.00181974    0.01194979    0.02068082    0.00560647    0.00766727    0.00315379    0.00141893    0.00022084 
angle (deg.)     :    64.0931  53.8295  30.5542  27.4465  86.2758  97.6573  81.5839  76.8023 
>
iteration       : 381
climbing        : no
zoom on         : no
nim             : 10
barrier         :   0.01388941 (image:  4) 
distance        :   0.00000000    7.81985817   10.57922315   12.21152931   13.82242383   15.44962103   24.09457749   41.51138002   58.79948171   75.97591878 
energy          : -2537.14379937  -2537.14215293  -2537.13645114  -2537.13043290  -2537.12990996  -2537.14236346  -2537.16073065  -2537.21278922  -2537.17623873  -2537.17943128 
max(|Fr_perp|)   :   0.00000000    0.00479556    0.00372861    0.00680012    0.00055947    0.00430794    0.00197475    0.00068352    0.00034840    0.00000000 
Fr_paral         :   0.00000000   -0.00076600   -0.00398341   -0.00316545    0.00375357    0.00949668   -0.00547513   -0.00354297    0.00044099    0.00000000 
max(|Fsp_paral|) :   0.00000000    0.00051999    0.00056886    0.00199929    0.00097072    0.00276857    0.00184511    0.00021359    0.00024927    0.00000000 
max(|Fsp_perp|)  :   0.00000000    0.00000000    0.00000000    0.00000000    0.00000000    0.00000000    0.00000000    0.00000000    0.00000000    0.00000000 
max(|FNEB|)      :   0.00000000    0.00485277    0.00374406    0.00682024    0.00153019    0.00434853    0.00191849    0.00071950    0.00039069    0.00000000 
max(|Force|)     :   0.00009233    0.00481213    0.00377667    0.00678134    0.00279448    0.00592657    0.00324893    0.00095648    0.00033170    0.00034335 
ksp              :   0.02066854    0.05761476    0.09661146    0.10000000    0.10000000    0.01930435    0.01000000    0.01000000    0.01000000 
max(|step|)      :   0.00000000    0.01601205    0.00560256    0.02286220    0.03269433    0.01569602    0.02492024    0.00772693    0.00496184    0.00060052 
angle (deg.)     :    64.6475  54.2685  29.9250  27.6994  86.7343  97.8690  81.4552  76.8584 
>
iteration       : 382
climbing        : no
zoom on         : no
nim             : 10
barrier         :   0.01368352 (image:  4) 
distance        :   0.00000000    7.78771290   10.61771549   12.29705922   13.90857411   15.52261957   24.26752821   41.69719527   59.00109997   76.19155210 
energy          : -2537.14379937  -2537.14222992  -2537.13649708  -2537.13024202  -2537.13011585  -2537.14272517  -2537.16055940  -2537.21292442  -2537.17624439  -2537.17943128 
max(|Fr_perp|)   :   0.00000000    0.00143471    0.00371117    0.01164169    0.00099979    0.00257657    0.00267102    0.00305289    0.00032580    0.00000000 
Fr_paral         :   0.00000000   -0.00055959   -0.00395565   -0.00296572    0.00418221    0.00948201   -0.00524702   -0.00359323    0.00043979    0.00000000 
max(|Fsp_paral|) :   0.00000000    0.00117368    0.00103929    0.00321016    0.00015107    0.00802637    0.00631929    0.00020951    0.00025317    0.00000000 
max(|Fsp_perp|)  :   0.00000000    0.00000000    0.00000000    0.00000000    0.00000000    0.00000000    0.00000000    0.00000000    0.00000000    0.00000000 
max(|FNEB|)      :   0.00000000    0.00187749    0.00371482    0.01159572    0.00099978    0.00781758    0.00558776    0.00307929    0.00036895    0.00000000 
max(|Force|)     :   0.00009233    0.00145588    0.00370494    0.01161639    0.00271583    0.00646225    0.00279765    0.00312830    0.00032034    0.00034335 
ksp              :   0.02032266    0.05802903    0.09917013    0.10000000    0.10000000    0.01706528    0.01000000    0.01000000    0.01000000 
max(|step|)      :   0.00000000    0.04778702    0.01655495    0.06880830    0.10000000    0.04350053    0.08216038    0.02406373    0.01604589    0.00527396 
angle (deg.)     :    66.3014  55.5568  28.5220  28.9107  88.1452  98.6401  81.0196  77.0351 
>
iteration       : 383
climbing        : no
zoom on         : no
nim             : 10
barrier         :   0.01429431 (image:  3) 
distance        :   0.00000000    7.69672947   10.73413019   12.55913800   14.17522352   15.74207655   24.82655759   42.30479777   59.65928262   76.89397934 
energy          : -2537.14379937  -2537.14205887  -2537.13610914  -2537.12950506  -2537.13077291  -2537.14315801  -2537.15929560  -2537.21300705  -2537.17626034  -2537.17943128 
max(|Fr_perp|)   :   0.00000000    0.01176426    0.01618065    0.02435094    0.00413964    0.01078442    0.00921863    0.01099802    0.00110018    0.00000000 
Fr_paral         :   0.00000000    0.00015482   -0.00334268   -0.00217360    0.00531429    0.00883294   -0.00507792   -0.00363833    0.00043881    0.00000000 
max(|Fsp_paral|) :   0.00000000    0.00317753    0.00226672    0.01244258    0.01078512    0.01039335    0.01167115    0.00020827    0.00026709    0.00000000 
max(|Fsp_perp|)  :   0.00000000    0.00000000    0.00000000    0.00000000    0.00000000    0.00000000    0.00000000    0.00000000    0.00000000    0.00000000 
max(|FNEB|)      :   0.00000000    0.01226817    0.01649775    0.02443299    0.01144358    0.01084119    0.01304914    0.01113024    0.00108837    0.00000000 
max(|Force|)     :   0.00009233    0.01192722    0.01633091    0.02469478    0.00418565    0.01095464    0.00899902    0.01118169    0.00112473    0.00034335 
ksp              :   0.02098465    0.05845123    0.10000000    0.10000000    0.09192076    0.01406876    0.01000000    0.01000000    0.01000000 
max(|step|)      :   0.00000000    0.01672359    0.02248922    0.03330629    0.01559954    0.01477838    0.01778818    0.01517240    0.00148364    0.00000000 
angle (deg.)     :    66.1820  55.3475  28.7833  28.6456  87.9493  98.8826  80.9056  77.0426 
>
iteration       : 384
climbing        : no
zoom on         : no
nim             : 10
barrier         :   0.01408480 (image:  3) 
distance        :   0.00000000    7.70491784   10.72369479   12.51549824   14.13686533   15.70297056   24.85406941   42.34186934   59.69826853   76.93460305 
energy          : -2537.14379937  -2537.14216936  -2537.13639394  -2537.12971457  -2537.13068384  -2537.14320166  -2537.15938948  -2537.21327897  -2537.17626222  -2537.17943128 
max(|Fr_perp|)   :   0.00000000    0.00936262    0.01326850    0.01983705    0.00344872    0.00774112    0.00425431    0.00328462    0.00056092    0.00000000 
Fr_paral         :   0.00000000   -0.00012924   -0.00357766   -0.00228091    0.00513981    0.00956931   -0.00632592   -0.00324161    0.00044904    0.00000000 
max(|Fsp_paral|) :   0.00000000    0.00311854    0.00280391    0.01021310    0.00931593    0.01317737    0.01202677    0.00022095    0.00026761    0.00000000 
max(|Fsp_perp|)  :   0.00000000    0.00000000    0.00000000    0.00000000    0.00000000    0.00000000    0.00000000    0.00000000    0.00000000    0.00000000 
max(|FNEB|)      :   0.00000000    0.00899236    0.01322490    0.01976812    0.00967980    0.01157177    0.01201412    0.00325585    0.00064340    0.00000000 
max(|Force|)     :   0.00009233    0.00936566    0.01329389    0.01982783    0.00343751    0.00791797    0.00451850    0.00321364    0.00057270    0.00034335 
ksp              :   0.02041553    0.05731970    0.10000000    0.10000000    0.09380645    0.01381926    0.01000000    0.01000000    0.01000000 
max(|step|)      :   0.00000000    0.00480008    0.00440254    0.01576936    0.01531943    0.01476188    0.01714526    0.00449967    0.00072465    0.00046039 
angle (deg.)     :    66.0654  55.1286  29.0777  28.3492  87.7230  99.1523  80.7759  77.0494 
>
iteration       : 385
climbing        : no
zoom on         : no
nim             : 10
barrier         :   0.01393271 (image:  3) 
distance        :   0.00000000    7.71394548   10.71382457   12.47193874   14.09767209   15.65771068   24.88200691   42.38076290   59.73901300   76.97711446 
energy          : -2537.14379937  -2537.14218481  -2537.13634904  -2537.12986666  -2537.13058994  -2537.14296788  -2537.15894612  -2537.21326864  -2537.17626246  -2537.17943128 
max(|Fr_perp|)   :   0.00000000    0.00861507    0.01185219    0.01823034    0.00299887    0.00702251    0.00585284    0.00688479    0.00073729    0.00000000 
Fr_paral         :   0.00000000   -0.00021678   -0.00357961   -0.00238877    0.00498861    0.00987442   -0.00733324   -0.00313981    0.00044720    0.00000000 
max(|Fsp_paral|) :   0.00000000    0.00332043    0.00065329    0.00795524    0.00846017    0.00448370    0.00824899    0.00023596    0.00026779    0.00000000 
max(|Fsp_perp|)  :   0.00000000    0.00000000    0.00000000    0.00000000    0.00000000    0.00000000    0.00000000    0.00000000    0.00000000    0.00000000 
max(|FNEB|)      :   0.00000000    0.00822275    0.01184121    0.01817975    0.00862901    0.00711243    0.00840585    0.00685377    0.00076391    0.00000000 
max(|Force|)     :   0.00009233    0.00862014    0.01187949    0.01822121    0.00298862    0.00744217    0.00632203    0.00681546    0.00073138    0.00034335 
ksp              :   0.02042947    0.05812630    0.10000000    0.10000000    0.09532788    0.01537113    0.01000000    0.01000000    0.01000000 
max(|step|)      :   0.00000000    0.02485093    0.01944275    0.05831737    0.06599912    0.01769510    0.05646652    0.01283280    0.00435383    0.00321387 
angle (deg.)     :    65.2792  54.7115  30.4358  26.8601  87.2780  99.9402  80.3592  77.0774 
>
iteration       : 386
climbing        : no
zoom on         : no
nim             : 10
barrier         :   0.01365179 (image:  4) 
distance        :   0.00000000    7.76206048   10.64306399   12.30109746   13.92930309   15.55126366   25.01404995   42.55294064   59.92012467   77.16680784 
energy          : -2537.14379937  -2537.14220843  -2537.13643222  -2537.13043086  -2537.13014758  -2537.14284800  -2537.15804486  -2537.21345870  -2537.17626616  -2537.17943128 
max(|Fr_perp|)   :   0.00000000    0.00588899    0.00970403    0.01113664    0.00416518    0.00603762    0.00575813    0.00716063    0.00036164    0.00000000 
Fr_paral         :   0.00000000   -0.00052456   -0.00368646   -0.00276826    0.00420904    0.00992311   -0.00775419   -0.00354316    0.00045701    0.00000000 
max(|Fsp_paral|) :   0.00000000    0.00191272    0.00267468    0.00006873    0.00037929    0.00539116    0.00532278    0.00028937    0.00026848    0.00000000 
max(|Fsp_perp|)  :   0.00000000    0.00000000    0.00000000    0.00000000    0.00000000    0.00000000    0.00000000    0.00000000    0.00000000    0.00000000 
max(|FNEB|)      :   0.00000000    0.00570623    0.00967432    0.01113706    0.00416722    0.00591312    0.00708833    0.00719871    0.00051182    0.00000000 
max(|Force|)     :   0.00009233    0.00589887    0.00968586    0.01112646    0.00415139    0.00650700    0.00582159    0.00723921    0.00037016    0.00034335 
ksp              :   0.02048836    0.05856823    0.09813247    0.10000000    0.10000000    0.01627193    0.01000000    0.01000000    0.01000000 
max(|step|)      :   0.00000000    0.03768064    0.02551255    0.06114444    0.07501648    0.02650767    0.08001577    0.02752477    0.00730433    0.00513517 
angle (deg.)     :    63.8992  55.0024  32.2152  25.3945  86.8250  101.0709  79.7759  77.1317 
>
iteration       : 387
climbing        : no
zoom on         : no
nim             : 10
barrier         :   0.01424677 (image:  4) 
distance        :   0.00000000    7.83927739   10.51563957   12.10358616   13.73013081   15.41855555   25.22832624   42.83296986   60.21836961   77.48044679 
energy          : -2537.14379937  -2537.14185666  -2537.13598790  -2537.13055686  -2537.12955260  -2537.14228427  -2537.15630550  -2537.21333860  -2537.17626893  -2537.17943128 
max(|Fr_perp|)   :   0.00000000    0.01154043    0.01997165    0.02091965    0.01100810    0.01197972    0.00921086    0.01359741    0.00094932    0.00000000 
Fr_paral         :   0.00000000   -0.00077801   -0.00309639   -0.00242569    0.00288337    0.00938569   -0.00655274   -0.00310986    0.00043063    0.00000000 
max(|Fsp_paral|) :   0.00000000    0.00310488    0.00438174    0.00831776    0.00375025    0.01534675    0.00396435    0.00037332    0.00027473    0.00000000 
max(|Fsp_perp|)  :   0.00000000    0.00000000    0.00000000    0.00000000    0.00000000    0.00000000    0.00000000    0.00000000    0.00000000    0.00000000 
max(|FNEB|)      :   0.00000000    0.01150331    0.01973536    0.02117968    0.01089534    0.01542542    0.01014007    0.01354690    0.00103208    0.00000000 
max(|Force|)     :   0.00009233    0.01152444    0.01989930    0.02087438    0.01095556    0.01187437    0.00953001    0.01352576    0.00093975    0.00034335 
ksp              :   0.02227250    0.05934675    0.09365584    0.10000000    0.10000000    0.01957123    0.01000000    0.01000000    0.01000000 
max(|step|)      :   0.00000000    0.01894367    0.01826988    0.03672329    0.03986621    0.01500690    0.03689840    0.01770390    0.00312078    0.00250613 
angle (deg.)     :    64.5105  55.1381  31.0498  25.9828  87.1200  100.5580  80.0414  77.1128 
>
iteration       : 388
climbing        : no
zoom on         : no
nim             : 10
barrier         :   0.01384092 (image:  4) 
distance        :   0.00000000    7.80013089   10.56946084   12.21421230   13.83534030   15.49431733   25.15169273   42.72590077   60.10579385   77.36291232 
energy          : -2537.14379937  -2537.14222558  -2537.13677756  -2537.13073290  -2537.12995845  -2537.14283424  -2537.15744207  -2537.21364694  -2537.17626953  -2537.17943128 
max(|Fr_perp|)   :   0.00000000    0.00043317    0.00177825    0.00104096    0.00265572    0.00064637    0.00318495    0.00119011    0.00039909    0.00000000 
Fr_paral         :   0.00000000   -0.00071274   -0.00385547   -0.00313919    0.00389049    0.00960600   -0.00696164   -0.00339502    0.00045359    0.00000000 
max(|Fsp_paral|) :   0.00000000    0.00072766    0.00090477    0.00355733    0.00229992    0.00575145    0.00461009    0.00032966    0.00027344    0.00000000 
max(|Fsp_perp|)  :   0.00000000    0.00000000    0.00000000    0.00000000    0.00000000    0.00000000    0.00000000    0.00000000    0.00000000    0.00000000 
max(|FNEB|)      :   0.00000000    0.00081033    0.00178207    0.00388946    0.00267010    0.00567189    0.00434762    0.00142003    0.00039165    0.00000000 
max(|Force|)     :   0.00009233    0.00046522    0.00177108    0.00155414    0.00269687    0.00641761    0.00383948    0.00159181    0.00041512    0.00034335 
ksp              :   0.02023352    0.05565907    0.09496422    0.10000000    0.10000000    0.01627572    0.01000000    0.01000000    0.01000000 
max(|step|)      :   0.00000000    0.00378579    0.00278752    0.00353608    0.00786562    0.00586380    0.01609951    0.00244183    0.00147783    0.00086269 
angle (deg.)     :    64.3880  55.1840  31.1417  25.7976  87.0531  100.7911  79.9263  77.1255 
>
iteration       : 389
climbing        : no
zoom on         : no
nim             : 10
barrier         :   0.01387863 (image:  4) 
distance        :   0.00000000    7.80765520   10.55687299   12.19625272   13.81310957   15.47227583   25.20180732   42.78859657   60.17344450   77.43455552 
energy          : -2537.14379937  -2537.14220479  -2537.13676953  -2537.13075917  -2537.12992074  -2537.14272504  -2537.15714976  -2537.21367384  -2537.17627109  -2537.17943128 
max(|Fr_perp|)   :   0.00000000    0.00212365    0.00367670    0.00334115    0.00109784    0.00253920    0.00278398    0.00253531    0.00034368    0.00000000 
Fr_paral         :   0.00000000   -0.00075054   -0.00384576   -0.00316731    0.00379832    0.00953938   -0.00699758   -0.00343891    0.00045257    0.00000000 
max(|Fsp_paral|) :   0.00000000    0.00118265    0.00096995    0.00399506    0.00256898    0.00055354    0.00267804    0.00034334    0.00027556    0.00000000 
max(|Fsp_perp|)  :   0.00000000    0.00000000    0.00000000    0.00000000    0.00000000    0.00000000    0.00000000    0.00000000    0.00000000    0.00000000 
max(|FNEB|)      :   0.00000000    0.00226411    0.00368107    0.00417805    0.00291521    0.00252930    0.00305494    0.00258129    0.00039171    0.00000000 
max(|Force|)     :   0.00009233    0.00214125    0.00366907    0.00334717    0.00265253    0.00634353    0.00399507    0.00261361    0.00033904    0.00034335 
ksp              :   0.02034051    0.05558702    0.09456292    0.10000000    0.10000000    0.01696681    0.01000000    0.01000000    0.01000000 
max(|step|)      :   0.00000000    0.00265749    0.00517392    0.00741050    0.00524251    0.00592278    0.02903181    0.00515036    0.00320180    0.00153018 
angle (deg.)     :    64.4161  55.2569  30.8898  25.6409  87.1506  101.1211  79.7562  77.1561 
>
iteration       : 390
climbing        : no
zoom on         : no
nim             : 10
barrier         :   0.01389883 (image:  4) 
distance        :   0.00000000    7.80893215   10.55444617   12.19788092   13.79944963   15.46939016   25.31583459   42.92175565   60.31928555   77.58997368 
energy          : -2537.14379937  -2537.14221461  -2537.13680273  -2537.13076394  -2537.12990054  -2537.14280349  -2537.15683318  -2537.21380004  -2537.17627418  -2537.17943128 
max(|Fr_perp|)   :   0.00000000    0.00128569    0.00142739    0.00075310    0.00390207    0.00133267    0.00258609    0.00116721    0.00034789    0.00000000 
Fr_paral         :   0.00000000   -0.00072695   -0.00388844   -0.00325393    0.00377721    0.00939658   -0.00660288   -0.00330073    0.00045342    0.00000000 
max(|Fsp_paral|) :   0.00000000    0.00125946    0.00146646    0.00299385    0.00414602    0.00333396    0.00348913    0.00035564    0.00028239    0.00000000 
max(|Fsp_perp|)  :   0.00000000    0.00000000    0.00000000    0.00000000    0.00000000    0.00000000    0.00000000    0.00000000    0.00000000    0.00000000 
max(|FNEB|)      :   0.00000000    0.00138020    0.00158455    0.00300440    0.00445006    0.00326078    0.00347436    0.00122290    0.00039724    0.00000000 
max(|Force|)     :   0.00009233    0.00126868    0.00160339    0.00193719    0.00391409    0.00629739    0.00402185    0.00125903    0.00034533    0.00034335 
ksp              :   0.02026189    0.05530580    0.09440915    0.10000000    0.10000000    0.01644866    0.01000000    0.01000000    0.01000000 
max(|step|)      :   0.00000000    0.00895860    0.01420082    0.02390572    0.01841329    0.01787658    0.10000000    0.01768916    0.01174931    0.00642554 
angle (deg.)     :    64.5070  55.5127  30.1524  25.2152  87.4524  102.2888  79.1684  77.2609 
>
iteration       : 391
climbing        : no
zoom on         : no
nim             : 10
barrier         :   0.01409096 (image:  4) 
distance        :   0.00000000    7.81420022   10.54552174   12.20081777   13.75148996   15.45662871   25.71445438   43.39385002   60.83525576   78.13895559 
energy          : -2537.14379937  -2537.14204164  -2537.13642183  -2537.13064560  -2537.12970841  -2537.14274183  -2537.15521651  -2537.21393733  -2537.17628454  -2537.17943128 
max(|Fr_perp|)   :   0.00000000    0.01004115    0.01526325    0.00818997    0.01306032    0.01001945    0.00924733    0.01109248    0.00038441    0.00000000 
Fr_paral         :   0.00000000   -0.00061781   -0.00352871   -0.00346791    0.00366333    0.00843811   -0.00565349   -0.00290294    0.00045817    0.00000000 
max(|Fsp_paral|) :   0.00000000    0.00195651    0.00029028    0.00028797    0.00929230    0.00127484    0.00107548    0.00041095    0.00030638    0.00000000 
max(|Fsp_perp|)  :   0.00000000    0.00000000    0.00000000    0.00000000    0.00000000    0.00000000    0.00000000    0.00000000    0.00000000    0.00000000 
max(|FNEB|)      :   0.00000000    0.01000791    0.01552934    0.00836741    0.01340920    0.01019200    0.00911320    0.01122971    0.00057806    0.00000000 
max(|Force|)     :   0.00009233    0.01022790    0.01550919    0.00835920    0.01336157    0.01006374    0.00977369    0.01121725    0.00041467    0.00034335 
ksp              :   0.02126145    0.05719288    0.09398687    0.10000000    0.10000000    0.01680701    0.01000000    0.01000000    0.01000000 
max(|step|)      :   0.00000000    0.00935212    0.01451175    0.00781911    0.01253053    0.00952415    0.00851604    0.01049386    0.00054018    0.00000000 
angle (deg.)     :    64.5680  55.5202  30.1707  25.3665  87.5182  102.2886  79.1626  77.2626 
>
iteration       : 392
climbing        : no
zoom on         : no
nim             : 10
barrier         :   0.01388268 (image:  4) 
distance        :   0.00000000    7.81007489   10.55018338   12.20604286   13.77159738   15.46506817   25.72704662   43.40500451   60.84797559   78.15296559 
energy          : -2537.14379937  -2537.14220540  -2537.13682528  -2537.13072398  -2537.12991669  -2537.14299853  -2537.15547730  -2537.21419758  -2537.17628509  -2537.17943128 
max(|Fr_perp|)   :   0.00000000    0.00230945    0.00303178    0.00212194    0.00341787    0.00263002    0.00291954    0.00051749    0.00033117    0.00000000 
Fr_paral         :   0.00000000   -0.00064776   -0.00395196   -0.00341865    0.00374849    0.00892956   -0.00581105   -0.00318559    0.00044753    0.00000000 
max(|Fsp_paral|) :   0.00000000    0.00148337    0.00253682    0.00021668    0.00770829    0.00897699    0.00511545    0.00040608    0.00030689    0.00000000 
max(|Fsp_perp|)  :   0.00000000    0.00000000    0.00000000    0.00000000    0.00000000    0.00000000    0.00000000    0.00000000    0.00000000    0.00000000 
max(|FNEB|)      :   0.00000000    0.00245066    0.00309593    0.00212403    0.00801766    0.00912979    0.00623561    0.00078434    0.00038531    0.00000000 
max(|Force|)     :   0.00009233    0.00232162    0.00298676    0.00259670    0.00339595    0.00580727    0.00415213    0.00089255    0.00033550    0.00034335 
ksp              :   0.02033356    0.05521231    0.09476640    0.10000000    0.10000000    0.01519176    0.01000000    0.01000000    0.01000000 
max(|step|)      :   0.00000000    0.00171061    0.00308675    0.00121699    0.00787429    0.00646291    0.00529951    0.00222105    0.00037102    0.00000552 
angle (deg.)     :    64.6481  55.4578  30.1973  25.5228  87.5199  102.3436  79.1342  77.2654 
>
iteration       : 393
climbing        : no
zoom on         : no
nim             : 10
barrier         :   0.01383107 (image:  4) 
distance        :   0.00000000    7.80677065   10.55686624   12.20855849   13.78708238   15.45914448   25.73821299   43.41755772   60.86227455   78.16857076 
energy          : -2537.14379937  -2537.14221034  -2537.13679862  -2537.13073089  -2537.12996830  -2537.14292272  -2537.15543525  -2537.21420290  -2537.17628539  -2537.17943128 
max(|Fr_perp|)   :   0.00000000    0.00261169    0.00347825    0.00217079    0.00348648    0.00321728    0.00277940    0.00239365    0.00033171    0.00000000 
Fr_paral         :   0.00000000   -0.00063569   -0.00393977   -0.00340165    0.00381203    0.00910657   -0.00606567   -0.00324451    0.00044701    0.00000000 
max(|Fsp_paral|) :   0.00000000    0.00118509    0.00188720    0.00052337    0.00563772    0.00385727    0.00376400    0.00040560    0.00030786    0.00000000 
max(|Fsp_perp|)  :   0.00000000    0.00000000    0.00000000    0.00000000    0.00000000    0.00000000    0.00000000    0.00000000    0.00000000    0.00000000 
max(|FNEB|)      :   0.00000000    0.00272450    0.00352674    0.00216573    0.00607955    0.00419140    0.00454903    0.00244969    0.00038604    0.00000000 
max(|Force|)     :   0.00009233    0.00262362    0.00346968    0.00250080    0.00346419    0.00574381    0.00406448    0.00247114    0.00033446    0.00034335 
ksp              :   0.02033999    0.05555452    0.09503775    0.10000000    0.10000000    0.01570443    0.01000000    0.01000000    0.01000000 
max(|step|)      :   0.00000000    0.00598716    0.00519692    0.00526069    0.02500293    0.00722024    0.01546820    0.00308955    0.00163382    0.00052293 
angle (deg.)     :    64.9109  55.3235  30.2092  25.9461  87.6509  102.4662  79.0566  77.2789 
>
iteration       : 394
climbing        : no
zoom on         : no
nim             : 10
barrier         :   0.01365342 (image:  4) 
distance        :   0.00000000    7.79566732   10.57815999   12.22236599   13.83581791   15.46200725   25.78985436   43.47139414   60.92371699   78.23554210 
energy          : -2537.14379937  -2537.14224383  -2537.13677892  -2537.13074059  -2537.13014595  -2537.14288379  -2537.15535779  -2537.21427210  -2537.17628670  -2537.17943128 
max(|Fr_perp|)   :   0.00000000    0.00104549    0.00196130    0.00109286    0.00199682    0.00181679    0.00227942    0.00148712    0.00033805    0.00000000 
Fr_paral         :   0.00000000   -0.00061448   -0.00392739   -0.00331915    0.00404942    0.00945391   -0.00656476   -0.00318739    0.00044956    0.00000000 
max(|Fsp_paral|) :   0.00000000    0.00025620    0.00062309    0.00201387    0.00076857    0.00199324    0.00274088    0.00039668    0.00031244    0.00000000 
max(|Fsp_perp|)  :   0.00000000    0.00000000    0.00000000    0.00000000    0.00000000    0.00000000    0.00000000    0.00000000    0.00000000    0.00000000 
max(|FNEB|)      :   0.00000000    0.00106953    0.00196364    0.00183291    0.00198955    0.00184360    0.00277392    0.00154212    0.00039326    0.00000000 
max(|Force|)     :   0.00009233    0.00105685    0.00195468    0.00216477    0.00318037    0.00578167    0.00366182    0.00156360    0.00033872    0.00034335 
ksp              :   0.02025372    0.05627711    0.09608028    0.10000000    0.10000000    0.01603527    0.01000000    0.01000000    0.01000000 
max(|step|)      :   0.00000000    0.00893626    0.00803491    0.01287606    0.03450061    0.00899671    0.03042822    0.00759846    0.00412424    0.00108704 
angle (deg.)     :    65.3025  55.2720  29.9808  26.1989  87.9857  102.7233  78.8828  77.3141 
>
iteration       : 395
climbing        : no
zoom on         : no
nim             : 10
barrier         :   0.01342353 (image:  4) 
distance        :   0.00000000    7.78095020   10.60749289   12.25750476   13.89318967   15.48590354   25.92945092   43.61859731   61.09003888   78.41615642 
energy          : -2537.14379937  -2537.14226902  -2537.13672915  -2537.13067734  -2537.13037584  -2537.14305268  -2537.15504401  -2537.21442756  -2537.17628989  -2537.17943128 
max(|Fr_perp|)   :   0.00000000    0.00096564    0.00156108    0.00197937    0.00384235    0.00299799    0.00405162    0.00109211    0.00033175    0.00000000 
Fr_paral         :   0.00000000   -0.00061697   -0.00388498   -0.00320082    0.00449219    0.00960927   -0.00727520   -0.00312914    0.00045273    0.00000000 
max(|Fsp_paral|) :   0.00000000    0.00090636    0.00026519    0.00114830    0.00260494    0.00168951    0.00491345    0.00037780    0.00032306    0.00000000 
max(|Fsp_perp|)  :   0.00000000    0.00000000    0.00000000    0.00000000    0.00000000    0.00000000    0.00000000    0.00000000    0.00000000    0.00000000 
max(|FNEB|)      :   0.00000000    0.00092298    0.00155767    0.00198702    0.00382398    0.00302374    0.00481355    0.00114497    0.00038904    0.00000000 
max(|Force|)     :   0.00009233    0.00098060    0.00166051    0.00196650    0.00386155    0.00622213    0.00377683    0.00121925    0.00034007    0.00034335 
ksp              :   0.02026046    0.05740332    0.09797856    0.10000000    0.10000000    0.01500628    0.01000000    0.01000000    0.01000000 
max(|step|)      :   0.00000000    0.00000000    0.00000000    0.00000000    0.00000000    0.00000000    0.00000000    0.00000000    0.00000000    0.00000000 
angle (deg.)     :    65.3025  55.2720  29.9808  26.1989  87.9853  102.7220  78.8823  77.3140 
>
iteration       : 396
climbing        : no
zoom on         : no
nim             : 10
barrier         :   0.01342272 (image:  4) 
distance        :   0.00000000    7.78095020   10.60749289   12.25750476   13.89318967   15.48590354   25.92945092   43.61859731   61.09003888   78.41615642 
energy          : -2537.14379937  -2537.14226915  -2537.13672980  -2537.13067774  -2537.13037666  -2537.14305294  -2537.15504165  -2537.21442844  -2537.17628993  -2537.17943128 
max(|Fr_perp|)   :   0.00000000    0.00091773    0.00148075    0.00187720    0.00364656    0.00287905    0.00404861    0.00105164    0.00033130    0.00000000 
Fr_paral         :   0.00000000   -0.00061745   -0.00388364   -0.00320050    0.00449267    0.00961003   -0.00727647   -0.00312657    0.00045301    0.00000000 
max(|Fsp_paral|) :   0.00000000    0.00090344    0.00025626    0.00112937    0.00258844    0.00168467    0.00491115    0.00037793    0.00032309    0.00000000 
max(|Fsp_perp|)  :   0.00000000    0.00000000    0.00000000    0.00000000    0.00000000    0.00000000    0.00000000    0.00000000    0.00000000    0.00000000 
max(|FNEB|)      :   0.00000000    0.00092247    0.00155731    0.00198130    0.00382039    0.00302425    0.00481393    0.00114703    0.00038849    0.00000000 
max(|Force|)     :   0.00009233    0.00098070    0.00166014    0.00196077    0.00385797    0.00622331    0.00377715    0.00122237    0.00033938    0.00034335 
ksp              :   0.02026061    0.05740280    0.09797823    0.10000000    0.10000000    0.01500616    0.01000000    0.01000000    0.01000000 
max(|step|)      :   0.00000000    0.00386606    0.00652666    0.00830360    0.01601119    0.01267458    0.02017510    0.00480720    0.00162816    0.00000000 
angle (deg.)     :    65.1925  55.3766  29.8851  25.8217  87.8696  102.9894  78.7484  77.3306 
>
iteration       : 397
climbing        : no
zoom on         : no
nim             : 10
barrier         :   0.01377374 (image:  4) 
distance        :   0.00000000    7.78895669   10.59506891   12.25426444   13.86401299   15.46091978   25.99160446   43.69642431   61.17538997   78.50760814 
energy          : -2537.14379937  -2537.14223058  -2537.13666002  -2537.13055907  -2537.13002564  -2537.14282300  -2537.15463603  -2537.21444341  -2537.17629054  -2537.17943128 
max(|Fr_perp|)   :   0.00000000    0.00425838    0.00766911    0.00868900    0.01653264    0.00950433    0.00879823    0.00357168    0.00073515    0.00000000 
Fr_paral         :   0.00000000   -0.00064249   -0.00379182   -0.00322813    0.00430450    0.00934055   -0.00736004   -0.00298718    0.00046305    0.00000000 
max(|Fsp_paral|) :   0.00000000    0.00024271    0.00053001    0.00050696    0.00078221    0.00845852    0.00110935    0.00039286    0.00032620    0.00000000 
max(|Fsp_perp|)  :   0.00000000    0.00000000    0.00000000    0.00000000    0.00000000    0.00000000    0.00000000    0.00000000    0.00000000    0.00000000 
max(|FNEB|)      :   0.00000000    0.00428723    0.00768766    0.00868156    0.01654388    0.00952275    0.00896065    0.00351630    0.00063325    0.00000000 
max(|Force|)     :   0.00009233    0.00424335    0.00760901    0.00871761    0.01649494    0.00951777    0.00853596    0.00354763    0.00076731    0.00034335 
ksp              :   0.02025075    0.05664974    0.09651442    0.10000000    0.10000000    0.01637979    0.01000000    0.01000000    0.01000000 
max(|step|)      :   0.00000000    0.00282090    0.00503961    0.00553290    0.01051115    0.00571514    0.00662536    0.00217903    0.00061228    0.00011055 
angle (deg.)     :    65.1790  55.3824  29.8565  25.7100  87.9075  103.0268  78.7216  77.3357 
>
iteration       : 398
climbing        : no
zoom on         : no
nim             : 10
barrier         :   0.01349954 (image:  4) 
distance        :   0.00000000    7.79069014   10.59287147   12.25321760   13.85690353   15.46527793   26.01431741   43.72183029   61.20346409   78.53789059 
energy          : -2537.14379937  -2537.14225826  -2537.13674389  -2537.13065947  -2537.13029983  -2537.14303579  -2537.15468777  -2537.21450943  -2537.17629149  -2537.17943128 
max(|Fr_perp|)   :   0.00000000    0.00097316    0.00197923    0.00136553    0.00297388    0.00413570    0.00327550    0.00143989    0.00033924    0.00000000 
Fr_paral         :   0.00000000   -0.00064885   -0.00388418   -0.00321475    0.00445294    0.00947011   -0.00715391   -0.00305499    0.00045729    0.00000000 
max(|Fsp_paral|) :   0.00000000    0.00036981    0.00100641    0.00101922    0.00028508    0.00108689    0.00435067    0.00039322    0.00032719    0.00000000 
max(|Fsp_perp|)  :   0.00000000    0.00000000    0.00000000    0.00000000    0.00000000    0.00000000    0.00000000    0.00000000    0.00000000    0.00000000 
max(|FNEB|)      :   0.00000000    0.00105373    0.00198100    0.00138431    0.00297108    0.00412721    0.00403926    0.00151438    0.00039735    0.00000000 
max(|Force|)     :   0.00009233    0.00094534    0.00197614    0.00196232    0.00294729    0.00639368    0.00352823    0.00155690    0.00033881    0.00034335 
ksp              :   0.02027445    0.05703811    0.09760226    0.10000000    0.10000000    0.01509074    0.01000000    0.01000000    0.01000000 
max(|step|)      :   0.00000000    0.00859897    0.01527392    0.01547704    0.02975382    0.01458375    0.04942283    0.00887168    0.00541021    0.00287752 
angle (deg.)     :    65.0275  55.4905  29.7491  25.1322  87.9553  103.5039  78.4590  77.3767 
>
