NEB log file generated by ORCA
All quantities are given in atomic units. Unless stated otherwise. 
iteration       : 0
climbing        : no
zoom on         : no
nim             : 9
barrier         :   0.04005849 (image:  6) 
distance        :   0.00000000   12.52543910   19.26388089   24.48827449   29.68615606   36.03646307   39.54212725   43.04715200   62.19194410 
energy          : -2464.51768787  -2464.50987524  -2464.49924379  -2464.49245447  -2464.49740638  -2464.51184082  -2464.47762938  -2464.51405472  -2464.54813127 
max(|Fr_perp|)   :   0.00000000    0.00083897    0.00131450    0.00138899    0.00776527    0.00300650    0.00697289    0.00090693    0.00000000 
Fr_paral         :   0.00000000   -0.00134321   -0.00191528   -0.00107075    0.02730861   -0.00244462    0.00208430    0.01410920    0.00000000 
max(|Fsp_paral|) :   0.00000000    0.00030363    0.00037054    0.00137920    0.00579183    0.00175375    0.00003759    0.00115557    0.00000000 
max(|Fsp_perp|)  :   0.00000000    0.00000000    0.00000000    0.00000000    0.00000000    0.00000000    0.00000000    0.00000000    0.00000000 
max(|FNEB|)      :   0.00000000    0.00070245    0.00097494    0.00167672    0.00851908    0.00344177    0.00711518    0.00090645    0.00000000 
max(|Force|)     :   0.00011174    0.00096192    0.00170390    0.00145243    0.02468257    0.00345077    0.00718567    0.00620280    0.00045404 
ksp              :   0.02754663    0.05142459    0.06667337    0.06667337    0.05557850    0.10000000    0.10000000    0.01815748 
max(|step|)      :   0.00000000    0.00146703    0.00203611    0.00350174    0.01779166    0.00718796    0.01485969    0.00189307    0.00000000 
angle (deg.)     :    17.3453  13.9006  80.4337  77.1737  114.4933  99.1300  66.7472 
>
iteration       : 1
climbing        : no
zoom on         : no
nim             : 9
barrier         :   0.03968338 (image:  6) 
distance        :   0.00000000   12.52902264   19.26871086   24.48668241   29.70094196   36.04896424   39.54988834   43.04196917   62.19283064 
energy          : -2464.51768787  -2464.50987875  -2464.49926070  -2464.49247596  -2464.49780379  -2464.51195631  -2464.47800449  -2464.51399257  -2464.54813127 
max(|Fr_perp|)   :   0.00000000    0.00083927    0.00126384    0.00106134    0.00576337    0.00219937    0.00549705    0.00100013    0.00000000 
Fr_paral         :   0.00000000   -0.00134113   -0.00189715   -0.00154226    0.01857614   -0.00330101    0.00427240    0.01416659    0.00000000 
max(|Fsp_paral|) :   0.00000000    0.00038257    0.00030486    0.00019435    0.00049121    0.00025149    0.00042296    0.00113255    0.00000000 
max(|Fsp_perp|)  :   0.00000000    0.00000000    0.00000000    0.00000000    0.00000000    0.00000000    0.00000000    0.00000000    0.00000000 
max(|FNEB|)      :   0.00000000    0.00066776    0.00111849    0.00106458    0.00576507    0.00215543    0.00551003    0.00162523    0.00000000 
max(|Force|)     :   0.00011174    0.00096205    0.00158022    0.00166042    0.01676830    0.00262485    0.00543433    0.00622401    0.00045404 
ksp              :   0.02771070    0.05179193    0.06717939    0.06717939    0.05509614    0.10000000    0.10000000    0.01838077 
max(|step|)      :   0.00000003    0.00125101    0.00182287    0.00185665    0.00499259    0.00396029    0.00725615    0.00179139    0.00002408 
angle (deg.)     :    17.3442  13.9221  80.4637  77.2449  114.4901  99.0236  66.7793 
>
iteration       : 2
climbing        : no
zoom on         : no
nim             : 9
barrier         :   0.03948611 (image:  6) 
distance        :   0.00000000   12.53262798   19.27254199   24.48696611   29.70622223   36.05683761   39.55391932   43.04349781   62.19704792 
energy          : -2464.51768787  -2464.50988129  -2464.49927700  -2464.49248820  -2464.49791967  -2464.51201181  -2464.47820176  -2464.51403300  -2464.54813127 
max(|Fr_perp|)   :   0.00000000    0.00083611    0.00127651    0.00053657    0.00300146    0.00228278    0.00337046    0.00093794    0.00000000 
Fr_paral         :   0.00000000   -0.00133953   -0.00189171   -0.00176518    0.01621868   -0.00317789    0.00485733    0.01412844    0.00000000 
max(|Fsp_paral|) :   0.00000000    0.00038923    0.00029196    0.00025293    0.00211689    0.00004450    0.00035844    0.00086529    0.00000000 
max(|Fsp_perp|)  :   0.00000000    0.00000000    0.00000000    0.00000000    0.00000000    0.00000000    0.00000000    0.00000000    0.00000000 
max(|FNEB|)      :   0.00000000    0.00066184    0.00103978    0.00047715    0.00323387    0.00227505    0.00336588    0.00127350    0.00000000 
max(|Force|)     :   0.00011174    0.00095862    0.00159279    0.00190672    0.01463488    0.00268965    0.00465345    0.00613232    0.00045404 
ksp              :   0.02779341    0.05196357    0.06743716    0.06743716    0.05505731    0.10000000    0.10000000    0.01833047 
max(|step|)      :   0.00000000    0.00301330    0.00450888    0.00339150    0.00419130    0.00994807    0.01620994    0.00434610    0.00022406 
angle (deg.)     :    17.3413  13.9794  80.5311  77.3098  114.5160  98.7912  66.8598 
>
iteration       : 3
climbing        : no
zoom on         : no
nim             : 9
barrier         :   0.03925440 (image:  6) 
distance        :   0.00000000   12.54160386   19.28160957   24.48935779   29.71371164   36.07019695   39.55987383   43.04508420   62.20488308 
energy          : -2464.51768787  -2464.50988705  -2464.49931535  -2464.49250825  -2464.49796526  -2464.51212285  -2464.47843347  -2464.51413838  -2464.54813127 
max(|Fr_perp|)   :   0.00000000    0.00083277    0.00128624    0.00076340    0.00408068    0.00251304    0.00307782    0.00085422    0.00000000 
Fr_paral         :   0.00000000   -0.00133617   -0.00188813   -0.00206366    0.01496237   -0.00204346    0.00574037    0.01403850    0.00000000 
max(|Fsp_paral|) :   0.00000000    0.00032423    0.00029088    0.00087365    0.00259559    0.00148961    0.00021289    0.00040597    0.00000000 
max(|Fsp_perp|)  :   0.00000000    0.00000000    0.00000000    0.00000000    0.00000000    0.00000000    0.00000000    0.00000000    0.00000000 
max(|FNEB|)      :   0.00000000    0.00068803    0.00104904    0.00066482    0.00436659    0.00276304    0.00302111    0.00084686    0.00000000 
max(|Force|)     :   0.00011174    0.00095469    0.00160380    0.00223920    0.01352040    0.00276476    0.00388816    0.00595828    0.00045404 
ksp              :   0.02788522    0.05212334    0.06773023    0.06773023    0.05521875    0.10000000    0.10000000    0.01813804 
max(|step|)      :   0.00000001    0.00660621    0.00982913    0.00503950    0.00839727    0.02333067    0.02796624    0.00918288    0.00058064 
angle (deg.)     :    17.3371  14.1170  80.6803  77.3805  114.5401  98.3125  67.0153 
>
iteration       : 4
climbing        : no
zoom on         : no
nim             : 9
barrier         :   0.03913756 (image:  6) 
distance        :   0.00000000   12.56009390   19.30114652   24.49812301   29.72680632   36.09481138   39.57779986   43.04747415   62.22388104 
energy          : -2464.51768787  -2464.50990069  -2464.49939863  -2464.49254677  -2464.49800810  -2464.51233618  -2464.47855031  -2464.51424629  -2464.54813127 
max(|Fr_perp|)   :   0.00000000    0.00082282    0.00126565    0.00100398    0.00720488    0.00296957    0.00343587    0.00085145    0.00000000 
Fr_paral         :   0.00000000   -0.00133089   -0.00190060   -0.00220257    0.01647433    0.00118048    0.00699845    0.01394200    0.00000000 
max(|Fsp_paral|) :   0.00000000    0.00008293    0.00031052    0.00167653    0.00247058    0.00259590    0.00063210    0.00139714    0.00000000 
max(|Fsp_perp|)  :   0.00000000    0.00000000    0.00000000    0.00000000    0.00000000    0.00000000    0.00000000    0.00000000    0.00000000 
max(|FNEB|)      :   0.00000000    0.00078604    0.00100943    0.00100424    0.00721516    0.00338863    0.00337781    0.00127618    0.00000000 
max(|Force|)     :   0.00011174    0.00094363    0.00158926    0.00238968    0.01489315    0.00290198    0.00444959    0.00578707    0.00045404 
ksp              :   0.02790726    0.05205760    0.06781401    0.06781401    0.05525522    0.10000000    0.10000000    0.01791418 
max(|step|)      :   0.00000000    0.01464181    0.02078530    0.01005809    0.01661974    0.05350407    0.04324130    0.01972753    0.00153376 
angle (deg.)     :    17.3426  14.4613  81.0078  77.5519  114.6028  97.3892  67.3427 
>
iteration       : 5
climbing        : no
zoom on         : no
nim             : 9
barrier         :   0.03992393 (image:  6) 
distance        :   0.00000000   12.59313158   19.34368923   24.52365712   29.75193310   36.14476715   39.62476648   43.06304940   62.27827366 
energy          : -2464.51768787  -2464.50993747  -2464.49956963  -2464.49261587  -2464.49817842  -2464.51272200  -2464.47776394  -2464.51433134  -2464.54813127 
max(|Fr_perp|)   :   0.00000000    0.00079874    0.00183715    0.00264951    0.00371552    0.00305969    0.01383787    0.00134108    0.00000000 
Fr_paral         :   0.00000000   -0.00131621   -0.00192414   -0.00206464    0.01970257    0.00304032    0.00948143    0.01376295    0.00000000 
max(|Fsp_paral|) :   0.00000000    0.00056053    0.00027787    0.00251501    0.00245637    0.00210023    0.00196197    0.00255284    0.00000000 
max(|Fsp_perp|)  :   0.00000000    0.00000000    0.00000000    0.00000000    0.00000000    0.00000000    0.00000000    0.00000000    0.00000000 
max(|FNEB|)      :   0.00000000    0.00104384    0.00182071    0.00269620    0.00373656    0.00347841    0.01377692    0.00262436    0.00000000 
max(|Force|)     :   0.00011174    0.00091689    0.00186067    0.00261950    0.01770670    0.00349999    0.01397640    0.00567774    0.00045404 
ksp              :   0.02747163    0.05084371    0.06651947    0.06651947    0.05397990    0.10000000    0.10000000    0.01756659 
max(|step|)      :   0.00000000    0.00850249    0.01138468    0.00541973    0.00988309    0.02936821    0.02032727    0.01040508    0.00088290 
angle (deg.)     :    17.3557  14.6780  81.1869  77.6308  114.6704  96.9705  67.5098 
>
iteration       : 6
climbing        : no
zoom on         : no
nim             : 9
barrier         :   0.03970306 (image:  6) 
distance        :   0.00000000   12.60506736   19.36700817   24.54195767   29.76106520   36.17655517   39.65163336   43.07395261   62.31233335 
energy          : -2464.51768787  -2464.50996539  -2464.49966651  -2464.49265662  -2464.49813797  -2464.51295583  -2464.47798481  -2464.51429740  -2464.54813127 
max(|Fr_perp|)   :   0.00000000    0.00078820    0.00119586    0.00060828    0.00355114    0.00244712    0.00610914    0.00087958    0.00000000 
Fr_paral         :   0.00000000   -0.00130704   -0.00193972   -0.00182696    0.02270151    0.00247200    0.01086703    0.01378901    0.00000000 
max(|Fsp_paral|) :   0.00000000    0.00058710    0.00031623    0.00232466    0.00012208    0.00068174    0.00246474    0.00080507    0.00000000 
max(|Fsp_perp|)  :   0.00000000    0.00000000    0.00000000    0.00000000    0.00000000    0.00000000    0.00000000    0.00000000    0.00000000 
max(|FNEB|)      :   0.00000000    0.00104292    0.00100706    0.00180893    0.00356438    0.00255605    0.00648760    0.00081596    0.00000000 
max(|Force|)     :   0.00011174    0.00090480    0.00153847    0.00195679    0.02033816    0.00241938    0.00791381    0.00558587    0.00045404 
ksp              :   0.02750553    0.05085133    0.06674155    0.06674155    0.05431626    0.10000000    0.10000000    0.01768560 
max(|step|)      :   0.00000000    0.02008116    0.02596880    0.01293995    0.02336532    0.06850337    0.04748574    0.02421612    0.00248152 
angle (deg.)     :    17.4013  15.2330  81.6040  77.8309  114.8458  96.1083  67.9200 
>
iteration       : 7
climbing        : no
zoom on         : no
nim             : 9
barrier         :   0.03990261 (image:  6) 
distance        :   0.00000000   12.62630298   19.42170337   24.58863463   29.78511185   36.25324803   39.72364697   43.12237623   62.41346344 
energy          : -2464.51768787  -2464.51003621  -2464.49987528  -2464.49271755  -2464.49795477  -2464.51328814  -2464.47778526  -2464.51422408  -2464.54813127 
max(|Fr_perp|)   :   0.00000000    0.00076032    0.00152126    0.00174338    0.00644679    0.00358522    0.00966484    0.00100499    0.00000000 
Fr_paral         :   0.00000000   -0.00128461   -0.00196677   -0.00126623    0.02628067    0.00195844    0.01353510    0.01380142    0.00000000 
max(|Fsp_paral|) :   0.00000000    0.00066103    0.00035823    0.00157732    0.00721463    0.00385073    0.00330755    0.00150036    0.00000000 
max(|Fsp_perp|)  :   0.00000000    0.00000000    0.00000000    0.00000000    0.00000000    0.00000000    0.00000000    0.00000000    0.00000000 
max(|FNEB|)      :   0.00000000    0.00104199    0.00150765    0.00171228    0.00723664    0.00337290    0.01057169    0.00179361    0.00000000 
max(|Force|)     :   0.00011174    0.00087325    0.00153695    0.00176348    0.02341550    0.00366050    0.01159559    0.00569921    0.00045404 
ksp              :   0.02725826    0.05017614    0.06632033    0.06632033    0.05450784    0.10000000    0.10000000    0.01781256 
max(|step|)      :   0.00000001    0.02962001    0.03772858    0.01873985    0.03102280    0.09672325    0.07353021    0.03540407    0.00343897 
angle (deg.)     :    17.4887  16.1370  82.1933  78.2975  115.0055  95.0632  68.6049 
>
iteration       : 8
climbing        : no
zoom on         : no
nim             : 9
barrier         :   0.04088603 (image:  6) 
distance        :   0.00000000   12.65190474   19.50283317   24.65849338   29.84276990   36.37995994   39.85279505   43.24442918   62.60911466 
energy          : -2464.51768787  -2464.51014166  -2464.50016488  -2464.49279367  -2464.49819296  -2464.51341126  -2464.47680184  -2464.51420934  -2464.54813127 
max(|Fr_perp|)   :   0.00000000    0.00071638    0.00243644    0.00293381    0.00476339    0.00592760    0.01752621    0.00143763    0.00000000 
Fr_paral         :   0.00000000   -0.00125246   -0.00197624   -0.00097109    0.02381421    0.00506260    0.01600599    0.01373141    0.00000000 
max(|Fsp_paral|) :   0.00000000    0.00081131    0.00028450    0.00150362    0.00905454    0.00095095    0.00370519    0.00108459    0.00000000 
max(|Fsp_perp|)  :   0.00000000    0.00000000    0.00000000    0.00000000    0.00000000    0.00000000    0.00000000    0.00000000    0.00000000 
max(|FNEB|)      :   0.00000000    0.00105307    0.00242286    0.00290209    0.00859558    0.00591658    0.01765914    0.00149824    0.00000000 
max(|Force|)     :   0.00011174    0.00082410    0.00245689    0.00295042    0.02116680    0.00685867    0.01726418    0.00572992    0.00045404 
ksp              :   0.02661102    0.04857233    0.06479814    0.06479814    0.05291300    0.10000000    0.10000000    0.01765708 
max(|step|)      :   0.00000001    0.03323082    0.04183764    0.02087946    0.03093947    0.10000000    0.08478068    0.03900806    0.00377300 
angle (deg.)     :    17.6113  17.2451  82.7945  78.9523  115.1930  94.2966  69.4129 
>
iteration       : 9
climbing        : no
zoom on         : no
nim             : 9
barrier         :   0.04175052 (image:  6) 
distance        :   0.00000000   12.67168966   19.59263896   24.74136062   29.91956732   36.53440135   39.99877647   43.39639565   62.84537347 
energy          : -2464.51768787  -2464.51026241  -2464.50046885  -2464.49287410  -2464.49867895  -2464.51344102  -2464.47593735  -2464.51404822  -2464.54813127 
max(|Fr_perp|)   :   0.00000000    0.00066704    0.00270899    0.00334691    0.00542350    0.00831395    0.01882052    0.00140357    0.00000000 
Fr_paral         :   0.00000000   -0.00121769   -0.00196495   -0.00108535    0.02107112    0.00217663    0.01750564    0.01376743    0.00000000 
max(|Fsp_paral|) :   0.00000000    0.00072480    0.00017323    0.00152172    0.00771250    0.00636657    0.00296610    0.00291045    0.00000000 
max(|Fsp_perp|)  :   0.00000000    0.00000000    0.00000000    0.00000000    0.00000000    0.00000000    0.00000000    0.00000000    0.00000000 
max(|FNEB|)      :   0.00000000    0.00095961    0.00276570    0.00338805    0.00730745    0.00896052    0.02001096    0.00333873    0.00000000 
max(|Force|)     :   0.00011174    0.00076923    0.00280115    0.00344263    0.01871600    0.00852275    0.01707625    0.00582546    0.00045404 
ksp              :   0.02599434    0.04708967    0.06344867    0.06344867    0.05095689    0.10000000    0.10000000    0.01784450 
max(|step|)      :   0.00000000    0.00160853    0.00463593    0.00567914    0.01224892    0.01501984    0.03354285    0.00559646    0.00000000 
angle (deg.)     :    17.6192  17.2779  82.7810  79.0290  115.2638  94.5691  69.5048 
>
iteration       : 10
climbing        : no
zoom on         : no
nim             : 9
barrier         :   0.04073453 (image:  6) 
distance        :   0.00000000   12.66647203   19.59526249   24.74447395   29.93418505   36.54800589   39.99669279   43.42203050   62.86850851 
energy          : -2464.51768787  -2464.51027409  -2464.50048067  -2464.49288155  -2464.49907876  -2464.51388325  -2464.47695334  -2464.51423255  -2464.54813127 
max(|Fr_perp|)   :   0.00000000    0.00066840    0.00217390    0.00317495    0.00261734    0.00443565    0.01445351    0.00136741    0.00000000 
Fr_paral         :   0.00000000   -0.00121866   -0.00196584   -0.00167718    0.01716604    0.00470295    0.01652731    0.01350444    0.00000000 
max(|Fsp_paral|) :   0.00000000    0.00029920    0.00022579    0.00209569    0.00157187    0.00463962    0.00103689    0.00015694    0.00000000 
max(|Fsp_perp|)  :   0.00000000    0.00000000    0.00000000    0.00000000    0.00000000    0.00000000    0.00000000    0.00000000    0.00000000 
max(|FNEB|)      :   0.00000000    0.00078878    0.00218666    0.00322438    0.00257434    0.00757240    0.01462397    0.00135701    0.00000000 
max(|Force|)     :   0.00011174    0.00077048    0.00214886    0.00314337    0.01518785    0.00614154    0.01557677    0.00562524    0.00045404 
ksp              :   0.02638022    0.04801807    0.06480777    0.06480777    0.05111547    0.10000000    0.10000000    0.01763427 
max(|step|)      :   0.00000000    0.00131420    0.00165031    0.00241023    0.00539936    0.01170803    0.01121263    0.00273099    0.00005930 
angle (deg.)     :    17.6243  17.3121  82.7729  79.0651  115.2139  94.7985  69.5638 
>
iteration       : 11
climbing        : no
zoom on         : no
nim             : 9
barrier         :   0.03999448 (image:  6) 
distance        :   0.00000000   12.66365047   19.59784028   24.74840686   29.94162409   36.55400888   39.99294820   43.43306406   62.87961400 
energy          : -2464.51768787  -2464.51028252  -2464.50049519  -2464.49288788  -2464.49924491  -2464.51410092  -2464.47769339  -2464.51430789  -2464.54813127 
max(|Fr_perp|)   :   0.00000000    0.00066819    0.00115882    0.00133355    0.00240847    0.00309845    0.00980991    0.00103559    0.00000000 
Fr_paral         :   0.00000000   -0.00121927   -0.00196608   -0.00195643    0.01643420    0.00497744    0.01537577    0.01349187    0.00000000 
max(|Fsp_paral|) :   0.00000000    0.00001043    0.00030024    0.00222859    0.00108706    0.00227615    0.00005194    0.00065746    0.00000000 
max(|Fsp_perp|)  :   0.00000000    0.00000000    0.00000000    0.00000000    0.00000000    0.00000000    0.00000000    0.00000000    0.00000000 
max(|FNEB|)      :   0.00000000    0.00067239    0.00103183    0.00165713    0.00253416    0.00493810    0.00980125    0.00123659    0.00000000 
max(|Force|)     :   0.00011174    0.00077019    0.00137765    0.00212489    0.01458431    0.00605365    0.01399846    0.00558624    0.00045404 
ksp              :   0.02666434    0.04868886    0.06580768    0.06580768    0.05150239    0.10000000    0.10000000    0.01760600 
max(|step|)      :   0.00000000    0.00437488    0.00616897    0.00958339    0.01048084    0.03214634    0.04263709    0.00630882    0.00042597 
angle (deg.)     :    17.6368  17.4491  82.7701  79.0759  114.9417  95.5875  69.7291 
>
iteration       : 12
climbing        : no
zoom on         : no
nim             : 9
barrier         :   0.03890750 (image:  6) 
distance        :   0.00000000   12.66073829   19.60922751   24.76599320   29.95386670   36.56169801   39.99086440   43.46255915   62.91442459 
energy          : -2464.51768787  -2464.51030419  -2464.50053244  -2464.49287904  -2464.49934737  -2464.51441080  -2464.47878037  -2464.51438820  -2464.54813127 
max(|Fr_perp|)   :   0.00000000    0.00066899    0.00115605    0.00102722    0.00273557    0.00298511    0.00680894    0.00113465    0.00000000 
Fr_paral         :   0.00000000   -0.00122364   -0.00197452   -0.00228984    0.02023678    0.00560501    0.00971076    0.01353054    0.00000000 
max(|Fsp_paral|) :   0.00000000    0.00049454    0.00051827    0.00166067    0.00288120    0.00237989    0.00185278    0.00167981    0.00000000 
max(|Fsp_perp|)  :   0.00000000    0.00000000    0.00000000    0.00000000    0.00000000    0.00000000    0.00000000    0.00000000    0.00000000 
max(|FNEB|)      :   0.00000000    0.00062263    0.00090098    0.00100725    0.00312279    0.00289907    0.00638339    0.00160003    0.00000000 
max(|Force|)     :   0.00011174    0.00077083    0.00137749    0.00254239    0.01808250    0.00465625    0.00693247    0.00554932    0.00045404 
ksp              :   0.02707978    0.04968358    0.06738726    0.06738726    0.05242486    0.10000000    0.10000000    0.01763272 
max(|step|)      :   0.00000000    0.00309589    0.00488942    0.00638434    0.00706723    0.01105522    0.02941326    0.00536893    0.00031124 
angle (deg.)     :    17.6436  17.5579  82.8070  79.0219  114.7559  95.9444  69.8015 
>
iteration       : 13
climbing        : no
zoom on         : no
nim             : 9
barrier         :   0.03857156 (image:  6) 
distance        :   0.00000000   12.66512163   19.62090683   24.78043946   29.95743315   36.56308591   40.00464833   43.47747636   62.93723094 
energy          : -2464.51768787  -2464.51031339  -2464.50055546  -2464.49287147  -2464.49925471  -2464.51451151  -2464.47911631  -2464.51431513  -2464.54813127 
max(|Fr_perp|)   :   0.00000000    0.00066006    0.00182419    0.00239304    0.00563300    0.00336756    0.01442602    0.00101996    0.00000000 
Fr_paral         :   0.00000000   -0.00122286   -0.00198402   -0.00207114    0.02172116    0.00652813    0.00600212    0.01354861    0.00000000 
max(|Fsp_paral|) :   0.00000000    0.00063243    0.00062748    0.00094359    0.00124282    0.00408808    0.00135481    0.00018321    0.00000000 
max(|Fsp_perp|)  :   0.00000000    0.00000000    0.00000000    0.00000000    0.00000000    0.00000000    0.00000000    0.00000000    0.00000000 
max(|FNEB|)      :   0.00000000    0.00073850    0.00178706    0.00237047    0.00564527    0.00324711    0.01437606    0.00105359    0.00000000 
max(|Force|)     :   0.00011174    0.00076141    0.00185110    0.00243246    0.01944471    0.00527916    0.01433012    0.00558022    0.00045404 
ksp              :   0.02720707    0.04997550    0.06790475    0.06790475    0.05301057    0.10000000    0.10000000    0.01786971 
max(|step|)      :   0.00000000    0.00148738    0.00260138    0.00253083    0.00425724    0.00432355    0.01176701    0.00300631    0.00015689 
angle (deg.)     :    17.6460  17.6132  82.8382  79.0119  114.6283  95.9514  69.8276 
>
iteration       : 14
climbing        : no
zoom on         : no
nim             : 9
barrier         :   0.03823186 (image:  6) 
distance        :   0.00000000   12.67051664   19.62857698   24.78771306   29.95820632   36.56355268   40.01702571   43.48423235   62.94807136 
energy          : -2464.51768787  -2464.51031487  -2464.50056804  -2464.49287643  -2464.49925758  -2464.51456937  -2464.47945601  -2464.51428652  -2464.54813127 
max(|Fr_perp|)   :   0.00000000    0.00065568    0.00146267    0.00178598    0.00270892    0.00227604    0.00968816    0.00099399    0.00000000 
Fr_paral         :   0.00000000   -0.00122420   -0.00198907   -0.00187984    0.02146350    0.00667553    0.00559272    0.01356411    0.00000000 
max(|Fsp_paral|) :   0.00000000    0.00070312    0.00067229    0.00061862    0.00096650    0.00494205    0.00059426    0.00150335    0.00000000 
max(|Fsp_perp|)  :   0.00000000    0.00000000    0.00000000    0.00000000    0.00000000    0.00000000    0.00000000    0.00000000    0.00000000 
max(|FNEB|)      :   0.00000000    0.00079894    0.00142270    0.00177116    0.00268808    0.00398101    0.00966647    0.00199782    0.00000000 
max(|Force|)     :   0.00011174    0.00075692    0.00148984    0.00203104    0.01916608    0.00548927    0.00959985    0.00560717    0.00045404 
ksp              :   0.02735647    0.05030107    0.06840757    0.06840757    0.05338598    0.10000000    0.10000000    0.01800696 
max(|step|)      :   0.00000000    0.00836151    0.01303564    0.01052993    0.02124734    0.02376652    0.05289510    0.01525654    0.00097702 
angle (deg.)     :    17.6577  17.8836  82.9782  78.9686  114.0279  95.8138  70.0348 
>
iteration       : 15
climbing        : no
zoom on         : no
nim             : 9
barrier         :   0.03773576 (image:  6) 
distance        :   0.00000000   12.70316107   19.67027496   24.82138735   29.96162872   36.56011263   40.07836534   43.54215565   63.01899657 
energy          : -2464.51768787  -2464.51031601  -2464.50062259  -2464.49287511  -2464.49891957  -2464.51451959  -2464.47995211  -2464.51444418  -2464.54813127 
max(|Fr_perp|)   :   0.00000000    0.00065189    0.00110991    0.00133160    0.00351638    0.00252164    0.00891819    0.00109306    0.00000000 
Fr_paral         :   0.00000000   -0.00122529   -0.00201453   -0.00140046    0.01997386    0.00875107    0.00566825    0.01343717    0.00000000 
max(|Fsp_paral|) :   0.00000000    0.00059590    0.00072244    0.00060823    0.00520292    0.00641876    0.00236283    0.00036779    0.00000000 
max(|Fsp_perp|)  :   0.00000000    0.00000000    0.00000000    0.00000000    0.00000000    0.00000000    0.00000000    0.00000000    0.00000000 
max(|FNEB|)      :   0.00000000    0.00071270    0.00094770    0.00131707    0.00484048    0.00475407    0.00883783    0.00122009    0.00000000 
max(|Force|)     :   0.00011174    0.00075206    0.00134294    0.00143481    0.01769575    0.00756244    0.00900183    0.00556427    0.00045404 
ksp              :   0.02758193    0.05070079    0.06917857    0.06917857    0.05476249    0.10000000    0.10000000    0.01773621 
max(|step|)      :   0.00000000    0.00551604    0.00823143    0.00461078    0.01037510    0.01660169    0.02327269    0.00989850    0.00053956 
angle (deg.)     :    17.6690  18.0443  83.0393  79.1354  113.6988  95.6067  70.1525 
>
iteration       : 16
climbing        : no
zoom on         : no
nim             : 9
barrier         :   0.03765819 (image:  6) 
distance        :   0.00000000   12.72480979   19.69863656   24.83915539   29.97964903   36.56857518   40.12501576   43.58480129   63.07333266 
energy          : -2464.51768787  -2464.51031609  -2464.50065487  -2464.49287959  -2464.49891478  -2464.51434116  -2464.48002968  -2464.51440553  -2464.54813127 
max(|Fr_perp|)   :   0.00000000    0.00064451    0.00107822    0.00276891    0.00980686    0.00330031    0.00514062    0.00104150    0.00000000 
Fr_paral         :   0.00000000   -0.00122391   -0.00202341   -0.00158367    0.01591770    0.01008536    0.00661207    0.01351963    0.00000000 
max(|Fsp_paral|) :   0.00000000    0.00045682    0.00059850    0.00000142    0.00481203    0.00396075    0.00421210    0.00069894    0.00000000 
max(|Fsp_perp|)  :   0.00000000    0.00000000    0.00000000    0.00000000    0.00000000    0.00000000    0.00000000    0.00000000    0.00000000 
max(|FNEB|)      :   0.00000000    0.00059598    0.00077777    0.00276891    0.00978031    0.00339287    0.00407078    0.00109577    0.00000000 
max(|Force|)     :   0.00011174    0.00074383    0.00131568    0.00276980    0.01421995    0.00801688    0.00719004    0.00558207    0.00045404 
ksp              :   0.02761796    0.05070748    0.06928976    0.06928976    0.05486615    0.10000000    0.10000000    0.01784452 
max(|step|)      :   0.00000000    0.00914219    0.01374206    0.00747476    0.01420498    0.02856038    0.04010247    0.01665668    0.00101532 
angle (deg.)     :    17.6926  18.3171  83.1038  79.5125  113.3287  95.1857  70.3653 
>
iteration       : 17
climbing        : no
zoom on         : no
nim             : 9
barrier         :   0.03769516 (image:  6) 
distance        :   0.00000000   12.76049260   19.74666659   24.86740561   30.02254496   36.59323254   40.20344067   43.66843873   63.17683760 
energy          : -2464.51768787  -2464.51031717  -2464.50070768  -2464.49290718  -2464.49935807  -2464.51403335  -2464.47999271  -2464.51432352  -2464.54813127 
max(|Fr_perp|)   :   0.00000000    0.00063442    0.00107059    0.00245425    0.00895986    0.00365663    0.00885008    0.00113948    0.00000000 
Fr_paral         :   0.00000000   -0.00121952   -0.00203549   -0.00221649    0.00908816    0.01132552    0.00899356    0.01359735    0.00000000 
max(|Fsp_paral|) :   0.00000000    0.00019320    0.00025672    0.00190705    0.00297426    0.00530073    0.00636988    0.00205757    0.00000000 
max(|Fsp_perp|)  :   0.00000000    0.00000000    0.00000000    0.00000000    0.00000000    0.00000000    0.00000000    0.00000000    0.00000000 
max(|FNEB|)      :   0.00000000    0.00056016    0.00093972    0.00245294    0.00932582    0.00533129    0.00699366    0.00240249    0.00000000 
max(|Force|)     :   0.00011174    0.00073219    0.00131537    0.00245546    0.00826917    0.00760912    0.01164196    0.00562984    0.00045404 
ksp              :   0.02759810    0.05054148    0.06916576    0.06916576    0.05376376    0.10000000    0.10000000    0.01803263 
max(|step|)      :   0.00000000    0.01069905    0.01736927    0.00925241    0.02162260    0.03232172    0.05914249    0.02019518    0.00121395 
angle (deg.)     :    17.7257  18.6961  83.1206  79.8474  113.4454  94.7024  70.6911 
>
iteration       : 18
climbing        : no
zoom on         : no
nim             : 9
barrier         :   0.03794516 (image:  6) 
distance        :   0.00000000   12.80136083   19.80306721   24.90620676   30.06491711   36.63804354   40.26469749   43.78179414   63.30950844 
energy          : -2464.51768787  -2464.51032260  -2464.50077846  -2464.49290473  -2464.49964346  -2464.51419202  -2464.47974271  -2464.51442414  -2464.54813127 
max(|Fr_perp|)   :   0.00000000    0.00062646    0.00104138    0.00332855    0.01310639    0.00555178    0.01008751    0.00105735    0.00000000 
Fr_paral         :   0.00000000   -0.00121086   -0.00203735   -0.00298088    0.01678627    0.00693940    0.01198182    0.01346147    0.00000000 
max(|Fsp_paral|) :   0.00000000    0.00016974    0.00004107    0.00304643    0.00701176    0.01070938    0.00476503    0.00205325    0.00000000 
max(|Fsp_perp|)  :   0.00000000    0.00000000    0.00000000    0.00000000    0.00000000    0.00000000    0.00000000    0.00000000    0.00000000 
max(|FNEB|)      :   0.00000000    0.00069065    0.00103751    0.00332860    0.01314970    0.00860029    0.01023608    0.00187647    0.00000000 
max(|Force|)     :   0.00011174    0.00072205    0.00129363    0.00340954    0.01514954    0.00611336    0.01274762    0.00561044    0.00045404 
ksp              :   0.02746926    0.05010649    0.06878173    0.06878173    0.05279852    0.10000000    0.10000000    0.01774106 
max(|step|)      :   0.00000000    0.01223043    0.02057419    0.01292914    0.02006045    0.03199938    0.07247603    0.02512018    0.00202000 
angle (deg.)     :    17.7703  19.1917  83.1980  79.9344  113.6463  94.5984  71.0123 
>
iteration       : 19
climbing        : no
zoom on         : no
nim             : 9
barrier         :   0.03827565 (image:  6) 
distance        :   0.00000000   12.84095883   19.86454276   24.95860084   30.10033290   36.69524212   40.31369626   43.88840488   63.44453368 
energy          : -2464.51768787  -2464.51033823  -2464.50086837  -2464.49292662  -2464.49973150  -2464.51466623  -2464.47941222  -2464.51426181  -2464.54813127 
max(|Fr_perp|)   :   0.00000000    0.00060749    0.00162818    0.00203318    0.00661523    0.00317574    0.00761803    0.00265217    0.00000000 
Fr_paral         :   0.00000000   -0.00119747   -0.00204454   -0.00313703    0.02414643    0.00413392    0.01168585    0.01363085    0.00000000 
max(|Fsp_paral|) :   0.00000000    0.00048338    0.00011640    0.00259685    0.00575003    0.01195129    0.00186094    0.00171105    0.00000000 
max(|Fsp_perp|)  :   0.00000000    0.00000000    0.00000000    0.00000000    0.00000000    0.00000000    0.00000000    0.00000000    0.00000000 
max(|FNEB|)      :   0.00000000    0.00078678    0.00163658    0.00188380    0.00594335    0.01148129    0.00767492    0.00271680    0.00000000 
max(|Force|)     :   0.00011174    0.00070031    0.00166402    0.00359521    0.02183956    0.00351592    0.00914002    0.00566464    0.00045404 
ksp              :   0.02728167    0.04954877    0.06822274    0.06822274    0.05222197    0.10000000    0.10000000    0.01805592 
max(|step|)      :   0.00000000    0.01039768    0.01664300    0.01286387    0.01861504    0.04346085    0.05922303    0.01951578    0.00155883 
angle (deg.)     :    17.8128  19.6302  83.3153  79.8344  113.7964  94.9547  71.2490 
>
iteration       : 20
climbing        : no
zoom on         : no
nim             : 9
barrier         :   0.03842359 (image:  6) 
distance        :   0.00000000   12.86100686   19.90691995   25.00640599   30.11928159   36.74857250   40.32582630   43.95899733   63.53644493 
energy          : -2464.51768787  -2464.51036380  -2464.50095171  -2464.49291290  -2464.49952288  -2464.51494739  -2464.47926428  -2464.51415223  -2464.54813127 
max(|Fr_perp|)   :   0.00000000    0.00060591    0.00107341    0.00489657    0.00856614    0.00466841    0.00599458    0.00344594    0.00000000 
Fr_paral         :   0.00000000   -0.00118683   -0.00205904   -0.00255392    0.02698446   -0.00137818    0.00826587    0.01325961    0.00000000 
max(|Fsp_paral|) :   0.00000000    0.00053870    0.00006239    0.00073497    0.00047129    0.00638434    0.00231984    0.00213651    0.00000000 
max(|Fsp_perp|)  :   0.00000000    0.00000000    0.00000000    0.00000000    0.00000000    0.00000000    0.00000000    0.00000000    0.00000000 
max(|FNEB|)      :   0.00000000    0.00080267    0.00107764    0.00490471    0.00862216    0.00644452    0.00637088    0.00345163    0.00000000 
max(|Force|)     :   0.00011174    0.00069656    0.00123450    0.00487377    0.02403119    0.00491792    0.00655084    0.00579888    0.00045404 
ksp              :   0.02715526    0.04920130    0.06803070    0.06803070    0.05254806    0.10000000    0.10000000    0.01828156 
max(|step|)      :   0.00000000    0.00639473    0.00892937    0.00997880    0.01842804    0.04657823    0.02471870    0.01248011    0.00063908 
angle (deg.)     :    17.8449  19.8755  83.4193  79.6779  113.6989  95.4509  71.3069 
>
iteration       : 21
climbing        : no
zoom on         : no
nim             : 9
barrier         :   0.03819986 (image:  6) 
distance        :   0.00000000   12.85784541   19.92357833   25.03387036   30.13067082   36.78318941   40.32012679   43.97002535   63.55689917 
energy          : -2464.51768787  -2464.51039375  -2464.50100164  -2464.49289474  -2464.49953684  -2464.51507570  -2464.47948801  -2464.51409395  -2464.54813127 
max(|Fr_perp|)   :   0.00000000    0.00058261    0.00213220    0.00542219    0.00844528    0.00735917    0.00471929    0.00664915    0.00000000 
Fr_paral         :   0.00000000   -0.00117863   -0.00206529   -0.00200378    0.02224555   -0.00217094    0.00398469    0.01363933    0.00000000 
max(|Fsp_paral|) :   0.00000000    0.00023184    0.00029177    0.00074547    0.00209164    0.00181963    0.00459934    0.00129893    0.00000000 
max(|Fsp_perp|)  :   0.00000000    0.00000000    0.00000000    0.00000000    0.00000000    0.00000000    0.00000000    0.00000000    0.00000000 
max(|FNEB|)      :   0.00000000    0.00066664    0.00210998    0.00542410    0.00844586    0.00748163    0.00702565    0.00666043    0.00000000 
max(|Force|)     :   0.00011174    0.00067196    0.00217116    0.00542634    0.02006907    0.00725988    0.00511990    0.00660212    0.00045404 
ksp              :   0.02718517    0.04931325    0.06841335    0.06841335    0.05276437    0.10000000    0.10000000    0.01846738 
max(|step|)      :   0.00000000    0.00253907    0.00217969    0.00624747    0.01482785    0.01993948    0.02199046    0.00604100    0.00016106 
angle (deg.)     :    17.8557  19.9077  83.4593  79.5613  113.4058  95.6487  71.2477 
>
iteration       : 22
climbing        : no
zoom on         : no
nim             : 9
barrier         :   0.03785687 (image:  6) 
distance        :   0.00000000   12.84791435   19.92207454   25.03756399   30.13153520   36.78616065   40.31731083   43.93882023   63.52657737 
energy          : -2464.51768787  -2464.51040905  -2464.50101962  -2464.49292834  -2464.49956829  -2464.51532796  -2464.47983100  -2464.51412182  -2464.54813127 
max(|Fr_perp|)   :   0.00000000    0.00058690    0.00094965    0.00314385    0.00301696    0.00289233    0.00506549    0.00143850    0.00000000 
Fr_paral         :   0.00000000   -0.00118071   -0.00207265   -0.00180114    0.01723715   -0.00160770    0.00181806    0.01348864    0.00000000 
max(|Fsp_paral|) :   0.00000000    0.00005469    0.00029697    0.00119621    0.00217835    0.00006284    0.00364803    0.00008380    0.00000000 
max(|Fsp_perp|)  :   0.00000000    0.00000000    0.00000000    0.00000000    0.00000000    0.00000000    0.00000000    0.00000000    0.00000000 
max(|FNEB|)      :   0.00000000    0.00056709    0.00080132    0.00313181    0.00295072    0.00291013    0.00583620    0.00144048    0.00000000 
max(|Force|)     :   0.00011174    0.00067635    0.00122374    0.00312921    0.01535492    0.00320018    0.00508578    0.00588069    0.00045404 
ksp              :   0.02730449    0.04962670    0.06886271    0.06886271    0.05307706    0.10000000    0.10000000    0.01847784 
max(|step|)      :   0.00000000    0.00148672    0.00085637    0.00445865    0.00578803    0.01566373    0.02743229    0.00333102    0.00030179 
angle (deg.)     :    17.8622  19.9079  83.4623  79.5432  113.0500  95.5253  71.1701 
>
iteration       : 23
climbing        : no
zoom on         : no
nim             : 9
barrier         :   0.03745372 (image:  6) 
distance        :   0.00000000   12.84252487   19.92171701   25.03559623   30.13740411   36.78246872   40.32419605   43.89806125   63.48591820 
energy          : -2464.51768787  -2464.51041793  -2464.50102744  -2464.49295576  -2464.49958760  -2464.51551662  -2464.48023415  -2464.51412505  -2464.54813127 
max(|Fr_perp|)   :   0.00000000    0.00059076    0.00096346    0.00169770    0.00497583    0.00172644    0.00407569    0.00203431    0.00000000 
Fr_paral         :   0.00000000   -0.00118102   -0.00206517   -0.00201516    0.01418104   -0.00015510    0.00265707    0.01326206    0.00000000 
max(|Fsp_paral|) :   0.00000000    0.00029830    0.00021128    0.00067646    0.00112625    0.00087262    0.00129253    0.00243933    0.00000000 
max(|Fsp_perp|)  :   0.00000000    0.00000000    0.00000000    0.00000000    0.00000000    0.00000000    0.00000000    0.00000000    0.00000000 
max(|FNEB|)      :   0.00000000    0.00048271    0.00088804    0.00169842    0.00483181    0.00161761    0.00409638    0.00313774    0.00000000 
max(|Force|)     :   0.00011174    0.00068020    0.00123711    0.00213706    0.01249268    0.00170902    0.00402481    0.00592437    0.00045404 
ksp              :   0.02746943    0.05003443    0.06943040    0.06943040    0.05349433    0.10000000    0.10000000    0.01856134 
max(|step|)      :   0.00000000    0.00551769    0.00894453    0.00548237    0.00977918    0.01210666    0.01967244    0.01008744    0.00058099 
angle (deg.)     :    17.8834  20.1113  83.4839  79.5858  112.7825  95.1651  71.2477 
>
iteration       : 24
climbing        : no
zoom on         : no
nim             : 9
barrier         :   0.03715510 (image:  6) 
distance        :   0.00000000   12.85671770   19.94559299   25.05263521   30.16290451   36.80209084   40.35813986   43.91534091   63.50980650 
energy          : -2464.51768787  -2464.51042817  -2464.50107157  -2464.49297026  -2464.49980463  -2464.51561633  -2464.48053277  -2464.51426528  -2464.54813127 
max(|Fr_perp|)   :   0.00000000    0.00057969    0.00105131    0.00379806    0.00698013    0.00232899    0.00315089    0.00117772    0.00000000 
Fr_paral         :   0.00000000   -0.00117636   -0.00206149   -0.00226340    0.01560972    0.00117620    0.00449657    0.01325287    0.00000000 
max(|Fsp_paral|) :   0.00000000    0.00032590    0.00015668    0.00018104    0.00276815    0.00107818    0.00004617    0.00104823    0.00000000 
max(|Fsp_perp|)  :   0.00000000    0.00000000    0.00000000    0.00000000    0.00000000    0.00000000    0.00000000    0.00000000    0.00000000 
max(|FNEB|)      :   0.00000000    0.00046260    0.00106194    0.00379974    0.00699215    0.00226697    0.00318521    0.00172228    0.00000000 
max(|Force|)     :   0.00011174    0.00066810    0.00123245    0.00378121    0.01394449    0.00228384    0.00449025    0.00587315    0.00045404 
ksp              :   0.02758503    0.05024930    0.06987295    0.06987295    0.05331818    0.10000000    0.10000000    0.01829048 
max(|step|)      :   0.00000000    0.02177686    0.03556513    0.01830009    0.02885046    0.04852743    0.07516960    0.04129320    0.00298679 
angle (deg.)     :    17.9708  20.9977  83.6208  79.6466  112.2276  94.4767  71.6294 
>
iteration       : 25
climbing        : no
zoom on         : no
nim             : 9
barrier         :   0.03691584 (image:  6) 
distance        :   0.00000000   12.91357215   20.04203030   25.13382431   30.24157784   36.89043002   40.47350992   44.02770868   63.65740866 
energy          : -2464.51768787  -2464.51046634  -2464.50124119  -2464.49304894  -2464.50004951  -2464.51585190  -2464.48077203  -2464.51444300  -2464.54813127 
max(|Fr_perp|)   :   0.00000000    0.00055020    0.00092110    0.00103316    0.00396258    0.00346050    0.00570395    0.00230737    0.00000000 
Fr_paral         :   0.00000000   -0.00115760   -0.00204521   -0.00261535    0.02236306    0.00142841    0.00648108    0.01299067    0.00000000 
max(|Fsp_paral|) :   0.00000000    0.00012995    0.00008389    0.00089761    0.00492722    0.00388089    0.00113133    0.00149298    0.00000000 
max(|Fsp_perp|)  :   0.00000000    0.00000000    0.00000000    0.00000000    0.00000000    0.00000000    0.00000000    0.00000000    0.00000000 
max(|FNEB|)      :   0.00000000    0.00050502    0.00096848    0.00104191    0.00505101    0.00322059    0.00485017    0.00231938    0.00000000 
max(|Force|)     :   0.00011174    0.00063447    0.00121119    0.00292661    0.01993186    0.00340248    0.00761986    0.00577677    0.00045404 
ksp              :   0.02760593    0.05009664    0.07006917    0.07006917    0.05300192    0.10000000    0.10000000    0.01791091 
max(|step|)      :   0.00000000    0.02855699    0.04636217    0.02463329    0.03228705    0.06130857    0.10000000    0.05593471    0.00399683 
angle (deg.)     :    18.0947  22.2229  83.8350  79.6475  111.6591  93.9039  72.0978 
>
iteration       : 26
climbing        : no
zoom on         : no
nim             : 9
barrier         :   0.03684659 (image:  6) 
distance        :   0.00000000   12.98136932   20.16380205   25.24581632   30.34118345   37.02079660   40.62106042   44.18028589   63.85914343 
energy          : -2464.51768787  -2464.51051966  -2464.50145380  -2464.49308226  -2464.50002203  -2464.51608283  -2464.48084128  -2464.51447044  -2464.54813127 
max(|Fr_perp|)   :   0.00000000    0.00051018    0.00218252    0.00494996    0.00847892    0.00225928    0.00620928    0.00484912    0.00000000 
Fr_paral         :   0.00000000   -0.00113250   -0.00202514   -0.00267031    0.02657829   -0.00007268    0.00693594    0.01276398    0.00000000 
max(|Fsp_paral|) :   0.00000000    0.00010056    0.00008754    0.00075108    0.00186585    0.00317506    0.00156586    0.00174861    0.00000000 
max(|Fsp_perp|)  :   0.00000000    0.00000000    0.00000000    0.00000000    0.00000000    0.00000000    0.00000000    0.00000000    0.00000000 
max(|FNEB|)      :   0.00000000    0.00054313    0.00227686    0.00517609    0.00833931    0.00294882    0.00608559    0.00503394    0.00000000 
max(|Force|)     :   0.00011174    0.00058858    0.00231615    0.00514716    0.02402688    0.00227921    0.00791236    0.00578411    0.00045404 
ksp              :   0.02750432    0.04964373    0.07009370    0.07009370    0.05315502    0.10000000    0.10000000    0.01785668 
max(|step|)      :   0.00000000    0.00101708    0.00426370    0.00969288    0.01561642    0.00552205    0.01139604    0.00942668    0.00000000 
angle (deg.)     :    18.0979  22.2664  83.8784  79.6253  111.7185  93.8824  72.0822 
>
iteration       : 27
climbing        : no
zoom on         : no
nim             : 9
barrier         :   0.03651037 (image:  6) 
distance        :   0.00000000   12.98090686   20.16478450   25.25072870   30.34259939   37.02960621   40.61935312   44.17484914   63.85661029 
energy          : -2464.51768787  -2464.51052439  -2464.50146262  -2464.49304082  -2464.50021613  -2464.51615316  -2464.48117750  -2464.51436987  -2464.54813127 
max(|Fr_perp|)   :   0.00000000    0.00053693    0.00234977    0.00732124    0.00320946    0.00305383    0.00456622    0.00618385    0.00000000 
Fr_paral         :   0.00000000   -0.00113481   -0.00205644   -0.00228200    0.02196818   -0.00030406    0.00508816    0.01274959    0.00000000 
max(|Fsp_paral|) :   0.00000000    0.00002839    0.00017828    0.00033776    0.00483783    0.00263770    0.00131101    0.00087172    0.00000000 
max(|Fsp_perp|)  :   0.00000000    0.00000000    0.00000000    0.00000000    0.00000000    0.00000000    0.00000000    0.00000000    0.00000000 
max(|FNEB|)      :   0.00000000    0.00052749    0.00236603    0.00732090    0.00522597    0.00290972    0.00454630    0.00617887    0.00000000 
max(|Force|)     :   0.00011174    0.00061599    0.00230179    0.00732311    0.01925405    0.00306721    0.00466135    0.00615561    0.00045404 
ksp              :   0.02765835    0.04999610    0.07075629    0.07075629    0.05306876    0.10000000    0.10000000    0.01817905 
max(|step|)      :   0.00000000    0.00095206    0.00138803    0.00418845    0.00874678    0.00357632    0.00865486    0.00275807    0.00004648 
angle (deg.)     :    18.1025  22.3038  83.9048  79.5560  111.7731  93.8563  72.0846 
>
iteration       : 28
climbing        : no
zoom on         : no
nim             : 9
barrier         :   0.03636452 (image:  6) 
distance        :   0.00000000   12.98108465   20.16674854   25.25456726   30.33971777   37.03260263   40.61196418   44.16990157   63.85228080 
energy          : -2464.51768787  -2464.51052841  -2464.50147927  -2464.49312373  -2464.50012823  -2464.51621028  -2464.48132335  -2464.51439530  -2464.54813127 
max(|Fr_perp|)   :   0.00000000    0.00053054    0.00115245    0.00220400    0.00195979    0.00200817    0.00284104    0.00275721    0.00000000 
Fr_paral         :   0.00000000   -0.00113410   -0.00206274   -0.00206022    0.02009643   -0.00043027    0.00422382    0.01275709    0.00000000 
max(|Fsp_paral|) :   0.00000000    0.00005995    0.00002029    0.00015267    0.00197294    0.00009020    0.00081993    0.00055207    0.00000000 
max(|Fsp_perp|)  :   0.00000000    0.00000000    0.00000000    0.00000000    0.00000000    0.00000000    0.00000000    0.00000000    0.00000000 
max(|FNEB|)      :   0.00000000    0.00051064    0.00115431    0.00220421    0.00233135    0.00200235    0.00364677    0.00275497    0.00000000 
max(|Force|)     :   0.00011174    0.00060946    0.00119305    0.00220634    0.01760863    0.00202598    0.00277600    0.00579491    0.00045404 
ksp              :   0.02771924    0.05011530    0.07079478    0.07079478    0.05345906    0.10000000    0.10000000    0.01814891 
max(|step|)      :   0.00000000    0.00182931    0.00286072    0.00207023    0.00876521    0.00708900    0.01207562    0.00408252    0.00014036 
angle (deg.)     :    18.1085  22.3734  83.9237  79.4886  111.8256  93.7195  72.0875 
>
iteration       : 29
climbing        : no
zoom on         : no
nim             : 9
barrier         :   0.03623948 (image:  6) 
distance        :   0.00000000   12.98218952   20.16972937   25.26017015   30.33936794   37.03652046   40.60232275   44.16236970   63.84540725 
energy          : -2464.51768787  -2464.51053521  -2464.50150160  -2464.49314147  -2464.49998383  -2464.51629254  -2464.48144839  -2464.51442737  -2464.54813127 
max(|Fr_perp|)   :   0.00000000    0.00051377    0.00082882    0.00077757    0.00162774    0.00188568    0.00343877    0.00120723    0.00000000 
Fr_paral         :   0.00000000   -0.00113221   -0.00205270   -0.00196174    0.01835616    0.00021905    0.00383641    0.01282650    0.00000000 
max(|Fsp_paral|) :   0.00000000    0.00007783    0.00010694    0.00064799    0.00090021    0.00308676    0.00022010    0.00008072    0.00000000 
max(|Fsp_perp|)  :   0.00000000    0.00000000    0.00000000    0.00000000    0.00000000    0.00000000    0.00000000    0.00000000    0.00000000 
max(|FNEB|)      :   0.00000000    0.00048800    0.00080434    0.00110270    0.00164954    0.00320270    0.00365500    0.00120743    0.00000000 
max(|Force|)     :   0.00011174    0.00059238    0.00114162    0.00204805    0.01628480    0.00187599    0.00242340    0.00577430    0.00045404 
ksp              :   0.02776348    0.05019826    0.07096048    0.07096048    0.05396762    0.10000000    0.10000000    0.01809740 
max(|step|)      :   0.00000000    0.00274521    0.00424622    0.00407206    0.00721307    0.01105918    0.01870718    0.00612514    0.00023903 
angle (deg.)     :    18.1189  22.4697  83.9307  79.4459  111.8354  93.4318  72.0886 
>
iteration       : 30
climbing        : no
zoom on         : no
nim             : 9
barrier         :   0.03611970 (image:  6) 
distance        :   0.00000000   12.98435473   20.17548288   25.26713952   30.34430612   37.04041817   40.59439722   44.15370992   63.83779204 
energy          : -2464.51768787  -2464.51054503  -2464.50152975  -2464.49313493  -2464.49987872  -2464.51638895  -2464.48156817  -2464.51446700  -2464.54813127 
max(|Fr_perp|)   :   0.00000000    0.00050492    0.00111658    0.00448580    0.00237596    0.00247493    0.00356241    0.00217225    0.00000000 
Fr_paral         :   0.00000000   -0.00113068   -0.00205845   -0.00195110    0.01721205    0.00194275    0.00376692    0.01280041    0.00000000 
max(|Fsp_paral|) :   0.00000000    0.00010448    0.00025084    0.00084076    0.00242767    0.00549752    0.00020363    0.00043678    0.00000000 
max(|Fsp_perp|)  :   0.00000000    0.00000000    0.00000000    0.00000000    0.00000000    0.00000000    0.00000000    0.00000000    0.00000000 
max(|FNEB|)      :   0.00000000    0.00047044    0.00113264    0.00447787    0.00229514    0.00530143    0.00336187    0.00217138    0.00000000 
max(|Force|)     :   0.00011174    0.00058315    0.00113949    0.00447080    0.01525193    0.00256284    0.00266157    0.00571963    0.00045404 
ksp              :   0.02779792    0.05026143    0.07117894    0.07117894    0.05437534    0.10000000    0.10000000    0.01802549 
max(|step|)      :   0.00000000    0.00860367    0.01295201    0.01351212    0.01475816    0.03487816    0.05883687    0.01957274    0.00096517 
angle (deg.)     :    18.1557  22.7648  83.9374  79.4067  111.7749  92.4667  72.0898 
>
iteration       : 31
climbing        : no
zoom on         : no
nim             : 9
barrier         :   0.03605754 (image:  6) 
distance        :   0.00000000   12.99205812   20.19647890   25.28802502   30.36542226   37.05085992   40.58407568   44.13718048   63.82507432 
energy          : -2464.51768787  -2464.51057497  -2464.50160934  -2464.49314560  -2464.49967593  -2464.51643546  -2464.48163033  -2464.51454506  -2464.54813127 
max(|Fr_perp|)   :   0.00000000    0.00048910    0.00261447    0.00730526    0.00430179    0.00468442    0.00475970    0.00647518    0.00000000 
Fr_paral         :   0.00000000   -0.00112606   -0.00204936   -0.00196404    0.01544451    0.00742155    0.00448780    0.01278618    0.00000000 
max(|Fsp_paral|) :   0.00000000    0.00012431    0.00041630    0.00082794    0.00501649    0.00872726    0.00075461    0.00157788    0.00000000 
max(|Fsp_perp|)  :   0.00000000    0.00000000    0.00000000    0.00000000    0.00000000    0.00000000    0.00000000    0.00000000    0.00000000 
max(|FNEB|)      :   0.00000000    0.00044849    0.00257456    0.00729775    0.00504806    0.00814793    0.00479102    0.00647343    0.00000000 
max(|Force|)     :   0.00011174    0.00056619    0.00266438    0.00729063    0.01383174    0.00517405    0.00483037    0.00648081    0.00045404 
ksp              :   0.02775388    0.05013217    0.07125775    0.07125775    0.05495798    0.10000000    0.10000000    0.01784449 
max(|step|)      :   0.00000000    0.01401624    0.02070150    0.02197164    0.01697598    0.05629306    0.09245309    0.03299616    0.00162077 
angle (deg.)     :    18.2213  23.2513  83.9266  79.4834  111.6117  90.8961  72.0908 
>
iteration       : 32
climbing        : no
zoom on         : no
nim             : 9
barrier         :   0.03655126 (image:  6) 
distance        :   0.00000000   13.00551894   20.23363740   25.32266383   30.40822866   37.07306064   40.60299444   44.14220023   63.83847003 
energy          : -2464.51768787  -2464.51062252  -2464.50173761  -2464.49301594  -2464.49954251  -2464.51582182  -2464.48113661  -2464.51464424  -2464.54813127 
max(|Fr_perp|)   :   0.00000000    0.00046258    0.00319063    0.01504825    0.00474994    0.00565118    0.00503615    0.00320220    0.00000000 
Fr_paral         :   0.00000000   -0.00111501   -0.00204047   -0.00185563    0.01497644    0.01354411    0.00670106    0.01281898    0.00000000 
max(|Fsp_paral|) :   0.00000000    0.00003177    0.00097862    0.00020203    0.00413172    0.00694758    0.00036163    0.00375014    0.00000000 
max(|Fsp_perp|)  :   0.00000000    0.00000000    0.00000000    0.00000000    0.00000000    0.00000000    0.00000000    0.00000000    0.00000000 
max(|FNEB|)      :   0.00000000    0.00047279    0.00324887    0.01504635    0.00456161    0.00663004    0.00502571    0.00362620    0.00000000 
max(|Force|)     :   0.00011174    0.00053763    0.00316006    0.01503382    0.01352769    0.00883810    0.00614792    0.00526654    0.00045404 
ksp              :   0.02739697    0.04927425    0.07074957    0.07074957    0.05467923    0.10000000    0.10000000    0.01749431 
max(|step|)      :   0.00000000    0.01546615    0.02102478    0.02214466    0.01923539    0.05886666    0.09351788    0.03953081    0.00187688 
angle (deg.)     :    18.3150  23.7645  83.8775  79.6294  111.5537  89.2929  72.0648 
>
iteration       : 33
climbing        : no
zoom on         : no
nim             : 9
barrier         :   0.03758257 (image:  6) 
distance        :   0.00000000   13.01811213   20.28451241   25.36166268   30.45284184   37.11093565   40.65713662   44.17136558   63.88334902 
energy          : -2464.51768787  -2464.51067580  -2464.50185323  -2464.49336947  -2464.49945101  -2464.51467064  -2464.48010530  -2464.51430173  -2464.54813127 
max(|Fr_perp|)   :   0.00000000    0.00074856    0.00455534    0.00677046    0.00444653    0.00734545    0.01124496    0.01446897    0.00000000 
Fr_paral         :   0.00000000   -0.00110612   -0.00204793   -0.00186611    0.01968796    0.01651211    0.00914703    0.01269978    0.00000000 
max(|Fsp_paral|) :   0.00000000    0.00012093    0.00043922    0.00079500    0.00888542    0.00164297    0.00127957    0.00225361    0.00000000 
max(|Fsp_perp|)  :   0.00000000    0.00000000    0.00000000    0.00000000    0.00000000    0.00000000    0.00000000    0.00000000    0.00000000 
max(|FNEB|)      :   0.00000000    0.00074095    0.00460144    0.00674824    0.00845558    0.00751943    0.01127311    0.01447845    0.00000000 
max(|Force|)     :   0.00011174    0.00073399    0.00460901    0.00681376    0.01714491    0.01041727    0.01116442    0.01449071    0.00045404 
ksp              :   0.02679199    0.04791965    0.06823594    0.06823594    0.05367230    0.10000000    0.10000000    0.01810887 
max(|step|)      :   0.00000000    0.00183521    0.00316377    0.00481017    0.01299721    0.01496608    0.02294608    0.01011790    0.00033847 
angle (deg.)     :    18.3081  23.6963  83.8493  79.7670  111.6545  89.3900  72.0504 
>
iteration       : 34
climbing        : no
zoom on         : no
nim             : 9
barrier         :   0.03678641 (image:  6) 
distance        :   0.00000000   13.01506431   20.28080145   25.35747647   30.45774534   37.12351667   40.68051605   44.20110622   63.91104233 
energy          : -2464.51768787  -2464.51067176  -2464.50185163  -2464.49339685  -2464.49974699  -2464.51527436  -2464.48090146  -2464.51451540  -2464.54813127 
max(|Fr_perp|)   :   0.00000000    0.00046406    0.00130398    0.00121476    0.00151612    0.00360155    0.00327953    0.00254819    0.00000000 
Fr_paral         :   0.00000000   -0.00110025   -0.00202010   -0.00188044    0.01969938    0.01201929    0.01013457    0.01278375    0.00000000 
max(|Fsp_paral|) :   0.00000000    0.00012656    0.00042365    0.00134906    0.00458172    0.00212130    0.00144029    0.00080382    0.00000000 
max(|Fsp_perp|)  :   0.00000000    0.00000000    0.00000000    0.00000000    0.00000000    0.00000000    0.00000000    0.00000000    0.00000000 
max(|FNEB|)      :   0.00000000    0.00042393    0.00134752    0.00117621    0.00448643    0.00400509    0.00344538    0.00254274    0.00000000 
max(|Force|)     :   0.00011174    0.00053710    0.00135594    0.00197373    0.01748990    0.00877082    0.00728860    0.00514045    0.00045404 
ksp              :   0.02716531    0.04874423    0.06942933    0.06942933    0.05389336    0.10000000    0.10000000    0.01776162 
max(|step|)      :   0.00000000    0.00107626    0.00218292    0.00659439    0.01826990    0.02293911    0.02945235    0.00758888    0.00019485 
angle (deg.)     :    18.3005  23.6726  83.7951  79.9793  111.7228  89.4922  72.0152 
>
iteration       : 35
climbing        : no
zoom on         : no
nim             : 9
barrier         :   0.03634490 (image:  6) 
distance        :   0.00000000   13.01368477   20.27821624   25.35759869   30.47084985   37.14399515   40.72080399   44.24507899   63.95691426 
energy          : -2464.51768787  -2464.51066899  -2464.50184088  -2464.49336619  -2464.50011468  -2464.51571036  -2464.48134297  -2464.51442686  -2464.54813127 
max(|Fr_perp|)   :   0.00000000    0.00047454    0.00135605    0.00319112    0.00148619    0.00245207    0.00417926    0.00435104    0.00000000 
Fr_paral         :   0.00000000   -0.00109752   -0.00200512   -0.00190006    0.01961231    0.00859274    0.01097622    0.01283795    0.00000000 
max(|Fsp_paral|) :   0.00000000    0.00029164    0.00025272    0.00193674    0.00175750    0.00033680    0.00204801    0.00156941    0.00000000 
max(|Fsp_perp|)  :   0.00000000    0.00000000    0.00000000    0.00000000    0.00000000    0.00000000    0.00000000    0.00000000    0.00000000 
max(|FNEB|)      :   0.00000000    0.00041718    0.00133031    0.00318807    0.00191530    0.00278888    0.00342507    0.00433476    0.00000000 
max(|Force|)     :   0.00011174    0.00054749    0.00133197    0.00319355    0.01734999    0.00761688    0.00845829    0.00516907    0.00045404 
ksp              :   0.02738068    0.04924151    0.07022720    0.07022720    0.05351607    0.10000000    0.10000000    0.01807515 
max(|step|)      :   0.00000000    0.00161722    0.00317449    0.00583900    0.00599167    0.01824875    0.01495424    0.00516401    0.00017914 
angle (deg.)     :    18.2970  23.7724  83.7476  80.0923  111.7187  89.5538  72.0545 
>
iteration       : 36
climbing        : no
zoom on         : no
nim             : 9
barrier         :   0.03630674 (image:  6) 
distance        :   0.00000000   13.01805828   20.28065411   25.36842149   30.48257609   37.15761298   40.74676688   44.30133975   64.01230319 
energy          : -2464.51768787  -2464.51067241  -2464.50185982  -2464.49334736  -2464.50026613  -2464.51587075  -2464.48138113  -2464.51455799  -2464.54813127 
max(|Fr_perp|)   :   0.00000000    0.00047719    0.00191054    0.00433189    0.00173027    0.00850343    0.00420320    0.00184260    0.00000000 
Fr_paral         :   0.00000000   -0.00109542   -0.00200724   -0.00188389    0.02044444    0.00594594    0.01072469    0.01248780    0.00000000 
max(|Fsp_paral|) :   0.00000000    0.00021125    0.00007048    0.00150450    0.00418972    0.00234518    0.00133619    0.00220205    0.00000000 
max(|Fsp_perp|)  :   0.00000000    0.00000000    0.00000000    0.00000000    0.00000000    0.00000000    0.00000000    0.00000000    0.00000000 
max(|FNEB|)      :   0.00000000    0.00041031    0.00191288    0.00432952    0.00439802    0.00833291    0.00342686    0.00212271    0.00000000 
max(|Force|)     :   0.00011174    0.00054979    0.00189371    0.00433428    0.01803911    0.00824308    0.00834717    0.00515434    0.00045404 
ksp              :   0.02739048    0.04923583    0.07033718    0.07033718    0.05318638    0.10000000    0.10000000    0.01775858 
max(|step|)      :   0.00000000    0.00362671    0.00648971    0.00844642    0.00678717    0.02352800    0.02501230    0.00910930    0.00069950 
angle (deg.)     :    18.2979  23.9719  83.6896  80.1467  111.6994  89.7545  72.0845 
>
iteration       : 37
climbing        : no
zoom on         : no
nim             : 9
barrier         :   0.03639414 (image:  6) 
distance        :   0.00000000   13.02657019   20.28783308   25.38933736   30.49520908   37.17591393   40.77847257   44.37010208   64.08451648 
energy          : -2464.51768787  -2464.51068083  -2464.50190910  -2464.49335688  -2464.50030881  -2464.51613897  -2464.48129373  -2464.51455476  -2464.54813127 
max(|Fr_perp|)   :   0.00000000    0.00046163    0.00075782    0.00275935    0.00280640    0.00241256    0.00336927    0.00371856    0.00000000 
Fr_paral         :   0.00000000   -0.00109317   -0.00200991   -0.00185781    0.02167068    0.00455010    0.00970493    0.01259553    0.00000000 
max(|Fsp_paral|) :   0.00000000    0.00000915    0.00051309    0.00024827    0.00387932    0.00381225    0.00041543    0.00377687    0.00000000 
max(|Fsp_perp|)  :   0.00000000    0.00000000    0.00000000    0.00000000    0.00000000    0.00000000    0.00000000    0.00000000    0.00000000 
max(|FNEB|)      :   0.00000000    0.00046451    0.00072026    0.00275897    0.00399090    0.00464013    0.00295384    0.00375623    0.00000000 
max(|Force|)     :   0.00011174    0.00053367    0.00109374    0.00276879    0.01922270    0.00356757    0.00705823    0.00519406    0.00045404 
ksp              :   0.02732790    0.04901972    0.07016873    0.07016873    0.05297711    0.10000000    0.10000000    0.01774795 
max(|step|)      :   0.00000000    0.01089118    0.01669753    0.00992323    0.01208988    0.02565005    0.04567472    0.03100301    0.00166077 
angle (deg.)     :    18.3396  24.4396  83.6124  80.1309  111.7293  89.7066  72.0760 
>
iteration       : 38
climbing        : no
zoom on         : no
nim             : 9
barrier         :   0.03666279 (image:  6) 
distance        :   0.00000000   13.04136938   20.31776859   25.43263290   30.52547367   37.22150547   40.83688868   44.45723384   64.18783860 
energy          : -2464.51768787  -2464.51071426  -2464.50201343  -2464.49337902  -2464.50021947  -2464.51610947  -2464.48102508  -2464.51427283  -2464.54813127 
max(|Fr_perp|)   :   0.00000000    0.00044437    0.00086521    0.00376996    0.00414943    0.00868972    0.00312860    0.00106186    0.00000000 
Fr_paral         :   0.00000000   -0.00108471   -0.00198900   -0.00177465    0.02094697    0.00186685    0.00807964    0.01270839    0.00000000 
max(|Fsp_paral|) :   0.00000000    0.00019334    0.00092553    0.00124835    0.00065948    0.00446655    0.00018785    0.00027789    0.00000000 
max(|Fsp_perp|)  :   0.00000000    0.00000000    0.00000000    0.00000000    0.00000000    0.00000000    0.00000000    0.00000000    0.00000000 
max(|FNEB|)      :   0.00000000    0.00050440    0.00091648    0.00375814    0.00415688    0.00916787    0.00313045    0.00092584    0.00000000 
max(|Force|)     :   0.00011174    0.00051484    0.00109751    0.00375628    0.01848590    0.00880967    0.00486322    0.00539126    0.00045404 
ksp              :   0.02711885    0.04847769    0.06967349    0.06967349    0.05288151    0.10000000    0.10000000    0.01838326 
max(|step|)      :   0.00000000    0.00801799    0.01095254    0.00590825    0.01279336    0.01557253    0.02467505    0.01931385    0.00099154 
angle (deg.)     :    18.3876  24.7299  83.5814  80.0897  111.7322  89.6518  72.1142 
>
iteration       : 39
climbing        : no
zoom on         : no
nim             : 9
barrier         :   0.03672023 (image:  6) 
distance        :   0.00000000   13.04832785   20.34489107   25.45783163   30.54793551   37.25510606   40.86137359   44.50658790   64.24364014 
energy          : -2464.51768787  -2464.51074208  -2464.50207527  -2464.49343177  -2464.50019234  -2464.51625359  -2464.48096764  -2464.51426022  -2464.54813127 
max(|Fr_perp|)   :   0.00000000    0.00044341    0.00128736    0.00123039    0.00138123    0.00270303    0.00423503    0.00290266    0.00000000 
Fr_paral         :   0.00000000   -0.00108168   -0.00200960   -0.00173411    0.01836955    0.00110947    0.00721298    0.01231943    0.00000000 
max(|Fsp_paral|) :   0.00000000    0.00009231    0.00074536    0.00129290    0.00104209    0.00354758    0.00147529    0.00055010    0.00000000 
max(|Fsp_perp|)  :   0.00000000    0.00000000    0.00000000    0.00000000    0.00000000    0.00000000    0.00000000    0.00000000    0.00000000 
max(|FNEB|)      :   0.00000000    0.00047182    0.00120841    0.00164261    0.00144682    0.00387197    0.00353108    0.00297139    0.00000000 
max(|Force|)     :   0.00011174    0.00051306    0.00134164    0.00176333    0.01624934    0.00282911    0.00408441    0.00543305    0.00045404 
ksp              :   0.02702390    0.04826593    0.06945086    0.06945086    0.05288093    0.10000000    0.10000000    0.01840104 
max(|step|)      :   0.00000000    0.00686683    0.00836843    0.00825089    0.01006377    0.01976738    0.01875971    0.01698590    0.00084745 
angle (deg.)     :    18.4394  24.9480  83.5553  79.9675  111.6986  89.6533  72.1250 
>
iteration       : 40
climbing        : no
zoom on         : no
nim             : 9
barrier         :   0.03663455 (image:  6) 
distance        :   0.00000000   13.05255638   20.37227282   25.47527917   30.56837255   37.28406027   40.87488818   44.52737050   64.27048595 
energy          : -2464.51768787  -2464.51076734  -2464.50211848  -2464.49347150  -2464.50014888  -2464.51640837  -2464.48105332  -2464.51422517  -2464.54813127 
max(|Fr_perp|)   :   0.00000000    0.00044218    0.00098849    0.00148743    0.00330311    0.00542536    0.00456518    0.00190357    0.00000000 
Fr_paral         :   0.00000000   -0.00107808   -0.00201140   -0.00174104    0.01616800    0.00097123    0.00675837    0.01254381    0.00000000 
max(|Fsp_paral|) :   0.00000000    0.00015280    0.00036840    0.00056285    0.00230906    0.00151875    0.00233238    0.00005488    0.00000000 
max(|Fsp_perp|)  :   0.00000000    0.00000000    0.00000000    0.00000000    0.00000000    0.00000000    0.00000000    0.00000000    0.00000000 
max(|FNEB|)      :   0.00000000    0.00039544    0.00094862    0.00150394    0.00297758    0.00553941    0.00349286    0.00190389    0.00000000 
max(|Force|)     :   0.00011174    0.00051115    0.00104386    0.00177266    0.01429089    0.00546863    0.00371716    0.00542515    0.00045404 
ksp              :   0.02700165    0.04824928    0.06949228    0.06949228    0.05308799    0.10000000    0.10000000    0.01850680 
max(|step|)      :   0.00000000    0.01434877    0.01798399    0.01634273    0.01504597    0.04080122    0.03798638    0.03641722    0.00177645 
angle (deg.)     :    18.5408  25.4303  83.4643  79.7014  111.4344  89.6542  72.1358 
>
iteration       : 41
climbing        : no
zoom on         : no
nim             : 9
barrier         :   0.03640153 (image:  6) 
distance        :   0.00000000   13.06634224   20.42998301   25.51365695   30.61912240   37.34183168   40.91407347   44.56535418   64.32158169 
energy          : -2464.51768787  -2464.51081432  -2464.50219798  -2464.49355186  -2464.50020258  -2464.51679529  -2464.48128634  -2464.51409835  -2464.54813127 
max(|Fr_perp|)   :   0.00000000    0.00081237    0.00313899    0.00056886    0.00408931    0.00595887    0.00400155    0.00662800    0.00000000 
Fr_paral         :   0.00000000   -0.00107288   -0.00200969   -0.00174014    0.01566620    0.00153028    0.00590717    0.01199409    0.00000000 
max(|Fsp_paral|) :   0.00000000    0.00061230    0.00036535    0.00124058    0.00190245    0.00037038    0.00297740    0.00317961    0.00000000 
max(|Fsp_perp|)  :   0.00000000    0.00000000    0.00000000    0.00000000    0.00000000    0.00000000    0.00000000    0.00000000    0.00000000 
max(|FNEB|)      :   0.00000000    0.00090508    0.00317894    0.00087105    0.00408108    0.00599779    0.00402565    0.00623226    0.00000000 
max(|Force|)     :   0.00011174    0.00077842    0.00319459    0.00179135    0.01409106    0.00596004    0.00401956    0.00601688    0.00045404 
ksp              :   0.02699432    0.04829758    0.06967444    0.06967444    0.05323106    0.10000000    0.10000000    0.01887481 
max(|step|)      :   0.00000000    0.02291134    0.03089597    0.01989206    0.02601351    0.06884518    0.05750537    0.05301901    0.00331100 
angle (deg.)     :    18.6795  26.3026  83.2724  79.2653  110.8475  89.6390  72.1867 
>
iteration       : 42
climbing        : no
zoom on         : no
nim             : 9
barrier         :   0.03622956 (image:  6) 
distance        :   0.00000000   13.09926708   20.51827460   25.58442214   30.70602282   37.43754996   41.00064017   44.65858077   64.42768976 
energy          : -2464.51768787  -2464.51087676  -2464.50233497  -2464.49362816  -2464.50039949  -2464.51723458  -2464.48145831  -2464.51425440  -2464.54813127 
max(|Fr_perp|)   :   0.00000000    0.00145201    0.00544544    0.00437671    0.00480994    0.00766308    0.00947477    0.00808185    0.00000000 
Fr_paral         :   0.00000000   -0.00105698   -0.00195760   -0.00180461    0.01831436    0.00203255    0.00481657    0.01299295    0.00000000 
max(|Fsp_paral|) :   0.00000000    0.00094240    0.00092905    0.00314907    0.00080945    0.00006092    0.00353377    0.00020857    0.00000000 
max(|Fsp_perp|)  :   0.00000000    0.00000000    0.00000000    0.00000000    0.00000000    0.00000000    0.00000000    0.00000000    0.00000000 
max(|FNEB|)      :   0.00000000    0.00156151    0.00533196    0.00437220    0.00483468    0.00766932    0.00947524    0.00810608    0.00000000 
max(|Force|)     :   0.00011174    0.00142637    0.00538521    0.00437881    0.01581231    0.00754325    0.00947500    0.00869498    0.00045404 
ksp              :   0.02691990    0.04813904    0.06976815    0.06976815    0.05294710    0.10000000    0.10000000    0.01852929 
max(|step|)      :   0.00000000    0.02597114    0.03705776    0.02178458    0.03079917    0.06347344    0.07173763    0.06372662    0.00398568 
angle (deg.)     :    18.8192  27.3853  83.0528  78.8887  110.2236  89.5021  72.2244 
>
iteration       : 43
climbing        : no
zoom on         : no
nim             : 9
barrier         :   0.03605038 (image:  6) 
distance        :   0.00000000   13.14250051   20.61172708   25.67571293   30.80667008   37.55507338   41.13472103   44.79781287   64.58658455 
energy          : -2464.51768787  -2464.51094923  -2464.50256527  -2464.49374928  -2464.50059646  -2464.51750895  -2464.48163749  -2464.51434280  -2464.54813127 
max(|Fr_perp|)   :   0.00000000    0.00073649    0.00296417    0.00312659    0.00407530    0.00231328    0.00588347    0.00670217    0.00000000 
Fr_paral         :   0.00000000   -0.00104460   -0.00192177   -0.00175170    0.02192389    0.00103075    0.00391487    0.01269239    0.00000000 
max(|Fsp_paral|) :   0.00000000    0.00086774    0.00085685    0.00379439    0.00223881    0.00142950    0.00306960    0.00127763    0.00000000 
max(|Fsp_perp|)  :   0.00000000    0.00000000    0.00000000    0.00000000    0.00000000    0.00000000    0.00000000    0.00000000    0.00000000 
max(|FNEB|)      :   0.00000000    0.00083413    0.00285705    0.00341402    0.00414696    0.00215841    0.00557098    0.00655115    0.00000000 
max(|Force|)     :   0.00011174    0.00075318    0.00290371    0.00312874    0.01905310    0.00177497    0.00573686    0.00730764    0.00045404 
ksp              :   0.02682305    0.04775366    0.06976284    0.06976284    0.05266881    0.10000000    0.10000000    0.01835098 
max(|step|)      :   0.00000000    0.03612896    0.05230195    0.03039822    0.03991231    0.07842653    0.10000000    0.09041645    0.00569603 
angle (deg.)     :    19.0156  28.9545  82.7736  78.4610  109.4695  89.2478  72.2640 
>
iteration       : 44
climbing        : no
zoom on         : no
nim             : 9
barrier         :   0.03608883 (image:  6) 
distance        :   0.00000000   13.20370117   20.73960138   25.81152024   30.94966109   37.73293001   41.35014651   45.02206511   64.84209230 
energy          : -2464.51768787  -2464.51103858  -2464.50284306  -2464.49388597  -2464.50076791  -2464.51757241  -2464.48159904  -2464.51432948  -2464.54813127 
max(|Fr_perp|)   :   0.00000000    0.00049281    0.00172975    0.00189557    0.00587808    0.00432496    0.00636782    0.00240193    0.00000000 
Fr_paral         :   0.00000000   -0.00102008   -0.00184649   -0.00160263    0.02454158   -0.00066665    0.00294404    0.01198480    0.00000000 
max(|Fsp_paral|) :   0.00000000    0.00069592    0.00064486    0.00369910    0.00201243    0.00424173    0.00196614    0.00121976    0.00000000 
max(|Fsp_perp|)  :   0.00000000    0.00000000    0.00000000    0.00000000    0.00000000    0.00000000    0.00000000    0.00000000    0.00000000 
max(|FNEB|)      :   0.00000000    0.00068439    0.00178025    0.00339277    0.00565270    0.00418434    0.00616330    0.00250731    0.00000000 
max(|Force|)     :   0.00011174    0.00048976    0.00178709    0.00197966    0.02161712    0.00451849    0.00627242    0.00483625    0.00045404 
ksp              :   0.02657587    0.04700892    0.06933645    0.06933645    0.05218204    0.10000000    0.10000000    0.01837094 
max(|step|)      :   0.00000000    0.00212590    0.00552994    0.01053886    0.01755882    0.01299770    0.01914491    0.00778841    0.00000000 
angle (deg.)     :    18.9947  29.0557  82.7924  78.4526  109.5185  88.9491  72.1927 
>
iteration       : 45
climbing        : no
zoom on         : no
nim             : 9
barrier         :   0.03522372 (image:  6) 
distance        :   0.00000000   13.21417540   20.73437162   25.82500624   30.94522509   37.74826007   41.35383464   44.99382073   64.81668848 
energy          : -2464.51768787  -2464.51102877  -2464.50281595  -2464.49383519  -2464.50067329  -2464.51769440  -2464.48246415  -2464.51421004  -2464.54813127 
max(|Fr_perp|)   :   0.00000000    0.00158611    0.00549637    0.00568692    0.00630609    0.01205935    0.00726031    0.00642952    0.00000000 
Fr_paral         :   0.00000000   -0.00103479   -0.00195207   -0.00142547    0.01978542   -0.00005964    0.00351488    0.01183973    0.00000000 
max(|Fsp_paral|) :   0.00000000    0.00083001    0.00004971    0.00170377    0.00046638    0.00175266    0.00124318    0.00417050    0.00000000 
max(|Fsp_perp|)  :   0.00000000    0.00000000    0.00000000    0.00000000    0.00000000    0.00000000    0.00000000    0.00000000    0.00000000 
max(|FNEB|)      :   0.00000000    0.00172114    0.00549923    0.00569982    0.00630459    0.01224536    0.00727117    0.00642515    0.00000000 
max(|Force|)     :   0.00011174    0.00155107    0.00546798    0.00567815    0.01755176    0.01206279    0.00727140    0.00642454    0.00045404 
ksp              :   0.02701463    0.04799919    0.07094591    0.07094591    0.05347391    0.10000000    0.10000000    0.01888620 
max(|step|)      :   0.00000000    0.00186162    0.00376406    0.00658844    0.00912443    0.00752283    0.01332987    0.00317249    0.00014083 
angle (deg.)     :    18.9815  29.1247  82.7925  78.4692  109.4704  88.7375  72.1750 
>
iteration       : 46
climbing        : no
zoom on         : no
nim             : 9
barrier         :   0.03472380 (image:  6) 
distance        :   0.00000000   13.22346300   20.73281993   25.83393748   30.94454902   37.75420279   41.35769456   44.98987490   64.81056941 
energy          : -2464.51768787  -2464.51102727  -2464.50288796  -2464.49387149  -2464.50066460  -2464.51795113  -2464.48296407  -2464.51433323  -2464.54813127 
max(|Fr_perp|)   :   0.00000000    0.00041778    0.00192470    0.00115755    0.00234836    0.00460817    0.00458220    0.00250923    0.00000000 
Fr_paral         :   0.00000000   -0.00102445   -0.00194240   -0.00138081    0.01717828   -0.00071505    0.00422638    0.01179449    0.00000000 
max(|Fsp_paral|) :   0.00000000    0.00054791    0.00069883    0.00055384    0.00174896    0.00442019    0.00103682    0.00294716    0.00000000 
max(|Fsp_perp|)  :   0.00000000    0.00000000    0.00000000    0.00000000    0.00000000    0.00000000    0.00000000    0.00000000    0.00000000 
max(|FNEB|)      :   0.00000000    0.00054811    0.00183450    0.00116176    0.00209222    0.00508695    0.00458812    0.00309897    0.00000000 
max(|Force|)     :   0.00011174    0.00045519    0.00198842    0.00131898    0.01515404    0.00464990    0.00459092    0.00489613    0.00045404 
ksp              :   0.02726348    0.04835961    0.07172925    0.07172925    0.05412232    0.10000000    0.10000000    0.01869484 
max(|step|)      :   0.00000000    0.00312111    0.00294345    0.00873855    0.00729420    0.01289175    0.02116351    0.00678279    0.00026065 
angle (deg.)     :    18.9759  29.2173  82.7684  78.5499  109.2192  88.4099  72.1578 
>
iteration       : 47
climbing        : no
zoom on         : no
nim             : 9
barrier         :   0.03422488 (image:  6) 
distance        :   0.00000000   13.23885370   20.73721031   25.84662600   30.94828072   37.75586880   41.36699207   44.99189476   64.80747008 
energy          : -2464.51768787  -2464.51101939  -2464.50290617  -2464.49386305  -2464.50063834  -2464.51817039  -2464.48346299  -2464.51454851  -2464.54813127 
max(|Fr_perp|)   :   0.00000000    0.00031617    0.00117548    0.00039509    0.00511019    0.00254101    0.00235653    0.00172005    0.00000000 
Fr_paral         :   0.00000000   -0.00101636   -0.00191400   -0.00134948    0.01457957    0.00053765    0.00501182    0.01179187    0.00000000 
max(|Fsp_paral|) :   0.00000000    0.00039732    0.00121497    0.00045903    0.00234661    0.00648845    0.00049699    0.00030125    0.00000000 
max(|Fsp_perp|)  :   0.00000000    0.00000000    0.00000000    0.00000000    0.00000000    0.00000000    0.00000000    0.00000000    0.00000000 
max(|FNEB|)      :   0.00000000    0.00041615    0.00133341    0.00060333    0.00476218    0.00624203    0.00234274    0.00172275    0.00000000 
max(|Force|)     :   0.00011174    0.00037360    0.00111189    0.00124292    0.01274362    0.00258195    0.00247391    0.00468836    0.00045404 
ksp              :   0.02753588    0.04887094    0.07265131    0.07265131    0.05483456    0.10000000    0.10000000    0.01825546 
max(|step|)      :   0.00000000    0.00357617    0.00440661    0.00598409    0.00465527    0.02452073    0.01907131    0.00330766    0.00032529 
angle (deg.)     :    18.9875  29.2828  82.7083  78.7007  108.8475  88.0411  72.1233 
>
iteration       : 48
climbing        : no
zoom on         : no
nim             : 9
barrier         :   0.03403585 (image:  6) 
distance        :   0.00000000   13.25642931   20.75108623   25.85686322   30.95740309   37.74725363   41.38197411   44.99305136   64.80592976 
energy          : -2464.51768787  -2464.51100965  -2464.50288534  -2464.49383517  -2464.50075549  -2464.51827481  -2464.48365202  -2464.51466417  -2464.54813127 
max(|Fr_perp|)   :   0.00000000    0.00100761    0.00393567    0.00415773    0.00434322    0.00432410    0.00173042    0.00071950    0.00000000 
Fr_paral         :   0.00000000   -0.00101845   -0.00192343   -0.00140194    0.01514862    0.00354780    0.00515661    0.01167787    0.00000000 
max(|Fsp_paral|) :   0.00000000    0.00034192    0.00123042    0.00031036    0.00071368    0.00446397    0.00084842    0.00184088    0.00000000 
max(|Fsp_perp|)  :   0.00000000    0.00000000    0.00000000    0.00000000    0.00000000    0.00000000    0.00000000    0.00000000    0.00000000 
max(|FNEB|)      :   0.00000000    0.00104834    0.00398016    0.00415835    0.00435067    0.00492473    0.00224308    0.00192988    0.00000000 
max(|Force|)     :   0.00011174    0.00098235    0.00391782    0.00415998    0.01336827    0.00453801    0.00213917    0.00461959    0.00045404 
ksp              :   0.02765902    0.04914190    0.07307300    0.07307300    0.05477379    0.10000000    0.10000000    0.01799547 
max(|step|)      :   0.00000000    0.00486508    0.00602166    0.00597857    0.01510006    0.03618895    0.01835366    0.00678658    0.00049033 
angle (deg.)     :    19.0217  29.3438  82.6012  78.8765  108.4821  87.5720  72.0628 
>
iteration       : 49
climbing        : no
zoom on         : no
nim             : 9
barrier         :   0.03410894 (image:  6) 
distance        :   0.00000000   13.28028051   20.77781657   25.86781015   30.96286192   37.73053186   41.40146584   44.99769117   64.81000485 
energy          : -2464.51768787  -2464.51099936  -2464.50287300  -2464.49385178  -2464.50082514  -2464.51820600  -2464.48357893  -2464.51465634  -2464.54813127 
max(|Fr_perp|)   :   0.00000000    0.00102783    0.00400063    0.00273558    0.00262236    0.00816688    0.00576554    0.00636685    0.00000000 
Fr_paral         :   0.00000000   -0.00101705   -0.00190164   -0.00159398    0.02141496    0.00533695    0.00627563    0.01177714    0.00000000 
max(|Fsp_paral|) :   0.00000000    0.00018346    0.00076647    0.00029846    0.00230281    0.00089682    0.00265609    0.00121845    0.00000000 
max(|Fsp_perp|)  :   0.00000000    0.00000000    0.00000000    0.00000000    0.00000000    0.00000000    0.00000000    0.00000000    0.00000000 
max(|FNEB|)      :   0.00000000    0.00101285    0.00410061    0.00273795    0.00269939    0.00806200    0.00574536    0.00638674    0.00000000 
max(|Force|)     :   0.00011174    0.00104514    0.00393664    0.00272531    0.01868730    0.00849527    0.00578248    0.00628932    0.00045404 
ksp              :   0.02764834    0.04909059    0.07289401    0.07289401    0.05449408    0.10000000    0.10000000    0.01799901 
max(|step|)      :   0.00000000    0.00102083    0.00354616    0.00296209    0.00469716    0.01010534    0.00874672    0.00519794    0.00014495 
angle (deg.)     :    19.0426  29.3384  82.5772  78.8988  108.5328  87.4950  72.0579 
>
iteration       : 50
climbing        : no
zoom on         : no
nim             : 9
barrier         :   0.03404360 (image:  6) 
distance        :   0.00000000   13.28432060   20.78948549   25.86840620   30.96087163   37.72491849   41.40160968   45.00504722   64.81827152 
energy          : -2464.51768787  -2464.51100074  -2464.50288353  -2464.49386787  -2464.50073934  -2464.51825244  -2464.48364427  -2464.51465860  -2464.54813127 
max(|Fr_perp|)   :   0.00000000    0.00030657    0.00060571    0.00064110    0.00437502    0.00288592    0.00358974    0.00082810    0.00000000 
Fr_paral         :   0.00000000   -0.00101747   -0.00192125   -0.00164637    0.02377326    0.00591229    0.00650047    0.01177262    0.00000000 
max(|Fsp_paral|) :   0.00000000    0.00022837    0.00047269    0.00080245    0.00079322    0.00159461    0.00259886    0.00142810    0.00000000 
max(|Fsp_perp|)  :   0.00000000    0.00000000    0.00000000    0.00000000    0.00000000    0.00000000    0.00000000    0.00000000    0.00000000 
max(|FNEB|)      :   0.00000000    0.00036684    0.00062274    0.00063953    0.00426170    0.00255474    0.00357063    0.00156383    0.00000000 
max(|Force|)     :   0.00011174    0.00036461    0.00088528    0.00164603    0.02091317    0.00403140    0.00360670    0.00467457    0.00045404 
ksp              :   0.02767856    0.04913777    0.07297218    0.07297218    0.05480631    0.10000000    0.10000000    0.01800839 
max(|step|)      :   0.00000000    0.00243255    0.00543518    0.00213460    0.00642035    0.02312187    0.01931551    0.00704870    0.00050591 
angle (deg.)     :    19.0895  29.3382  82.5316  78.9749  108.6331  87.3216  72.0408 
>
iteration       : 51
climbing        : no
zoom on         : no
nim             : 9
barrier         :   0.03410584 (image:  6) 
distance        :   0.00000000   13.29390728   20.81537504   25.87097798   30.95871455   37.71448162   41.40571989   45.02534227   64.84166727 
energy          : -2464.51768787  -2464.51100027  -2464.50284842  -2464.49387623  -2464.50053612  -2464.51806023  -2464.48358203  -2464.51452429  -2464.54813127 
max(|Fr_perp|)   :   0.00000000    0.00077049    0.00318442    0.00119369    0.00758165    0.00732507    0.00238831    0.00508225    0.00000000 
Fr_paral         :   0.00000000   -0.00102333   -0.00195527   -0.00175068    0.02686789    0.00602980    0.00707091    0.01178812    0.00000000 
max(|Fsp_paral|) :   0.00000000    0.00045917    0.00039250    0.00191073    0.00244614    0.00219480    0.00252407    0.00065851    0.00000000 
max(|Fsp_perp|)  :   0.00000000    0.00000000    0.00000000    0.00000000    0.00000000    0.00000000    0.00000000    0.00000000    0.00000000 
max(|FNEB|)      :   0.00000000    0.00080625    0.00323445    0.00153635    0.00792802    0.00757264    0.00302586    0.00508657    0.00000000 
max(|Force|)     :   0.00011174    0.00075389    0.00324870    0.00180361    0.02380499    0.00697008    0.00444025    0.00511344    0.00045404 
ksp              :   0.02764753    0.04915899    0.07283520    0.07283520    0.05526081    0.10000000    0.10000000    0.01834819 
max(|step|)      :   0.00000000    0.00411813    0.00622964    0.00311814    0.00912625    0.03249980    0.01992478    0.00848540    0.00060842 
angle (deg.)     :    19.1315  29.4161  82.4941  79.1843  108.6668  87.1010  72.0397 
>
iteration       : 52
climbing        : no
zoom on         : no
nim             : 9
barrier         :   0.03440694 (image:  6) 
distance        :   0.00000000   13.31283044   20.84306728   25.88244946   30.96731771   37.71039452   41.42190793   45.07537663   64.89273536 
energy          : -2464.51768787  -2464.51099629  -2464.50283616  -2464.49388252  -2464.50065287  -2464.51771692  -2464.48328093  -2464.51448254  -2464.54813127 
max(|Fr_perp|)   :   0.00000000    0.00077929    0.00331239    0.00119731    0.00443141    0.01099454    0.00412305    0.00587224    0.00000000 
Fr_paral         :   0.00000000   -0.00102857   -0.00198236   -0.00177254    0.02355378    0.00732103    0.00781073    0.01170747    0.00000000 
max(|Fsp_paral|) :   0.00000000    0.00035214    0.00094392    0.00267575    0.00037170    0.00170882    0.00202525    0.00041114    0.00000000 
max(|Fsp_perp|)  :   0.00000000    0.00000000    0.00000000    0.00000000    0.00000000    0.00000000    0.00000000    0.00000000    0.00000000 
max(|FNEB|)      :   0.00000000    0.00080655    0.00343252    0.00228330    0.00448479    0.01080940    0.00478276    0.00587034    0.00000000 
max(|Force|)     :   0.00011174    0.00076270    0.00337765    0.00183527    0.02092364    0.01057796    0.00640882    0.00589406    0.00045404 
ksp              :   0.02750350    0.04884837    0.07226888    0.07226888    0.05455931    0.10000000    0.10000000    0.01838435 
max(|step|)      :   0.00000000    0.00491736    0.00576585    0.00971186    0.01419029    0.02049854    0.02887997    0.01392305    0.00044895 
angle (deg.)     :    19.1571  29.6173  82.4570  79.3625  108.8646  87.1617  71.9925 
>
iteration       : 53
climbing        : no
zoom on         : no
nim             : 9
barrier         :   0.03482966 (image:  6) 
distance        :   0.00000000   13.33211044   20.86146169   25.90667208   30.97651854   37.72577987   41.43687478   45.12987917   64.95423693 
energy          : -2464.51768787  -2464.51099446  -2464.50282740  -2464.49387632  -2464.50063428  -2464.51782825  -2464.48285821  -2464.51420922  -2464.54813127 
max(|Fr_perp|)   :   0.00000000    0.00172652    0.00724248    0.00238576    0.00226005    0.00728659    0.00423236    0.00722007    0.00000000 
Fr_paral         :   0.00000000   -0.00102493   -0.00198812   -0.00171555    0.01974733    0.00316817    0.00755568    0.01227522    0.00000000 
max(|Fsp_paral|) :   0.00000000    0.00010546    0.00092127    0.00143463    0.00200648    0.00325614    0.00062996    0.00289124    0.00000000 
max(|Fsp_perp|)  :   0.00000000    0.00000000    0.00000000    0.00000000    0.00000000    0.00000000    0.00000000    0.00000000    0.00000000 
max(|FNEB|)      :   0.00000000    0.00173454    0.00735785    0.00234271    0.00224209    0.00702747    0.00446530    0.00722693    0.00000000 
max(|Force|)     :   0.00011174    0.00171029    0.00730732    0.00242767    0.01748558    0.00715419    0.00524836    0.00723186    0.00045404 
ksp              :   0.02729581    0.04839953    0.07152915    0.07152915    0.05406655    0.10000000    0.10000000    0.01898886 
max(|step|)      :   0.00000000    0.00210672    0.00951529    0.00613189    0.01124666    0.01601912    0.00985229    0.00962577    0.00002679 
angle (deg.)     :    19.1394  29.7456  82.4725  79.3346  108.9845  87.3973  71.9982 
>
iteration       : 54
climbing        : no
zoom on         : no
nim             : 9
barrier         :   0.03481304 (image:  6) 
distance        :   0.00000000   13.33362519   20.85226059   25.91928179   30.98536765   37.75052933   41.44347322   45.15788496   64.98254185 
energy          : -2464.51768787  -2464.51100118  -2464.50290466  -2464.49387248  -2464.50065810  -2464.51811392  -2464.48287483  -2464.51425914  -2464.54813127 
max(|Fr_perp|)   :   0.00000000    0.00075261    0.00305890    0.00121399    0.00435075    0.00173625    0.00191082    0.00406295    0.00000000 
Fr_paral         :   0.00000000   -0.00101746   -0.00196523   -0.00162602    0.01508448    0.00324361    0.00716418    0.01189729    0.00000000 
max(|Fsp_paral|) :   0.00000000    0.00026988    0.00002726    0.00005453    0.00258596    0.00199357    0.00075126    0.00102653    0.00000000 
max(|Fsp_perp|)  :   0.00000000    0.00000000    0.00000000    0.00000000    0.00000000    0.00000000    0.00000000    0.00000000    0.00000000 
max(|FNEB|)      :   0.00000000    0.00077444    0.00306243    0.00121231    0.00396311    0.00323858    0.00179607    0.00405312    0.00000000 
max(|Force|)     :   0.00011174    0.00076975    0.00299239    0.00158797    0.01326590    0.00294686    0.00313031    0.00505447    0.00045404 
ksp              :   0.02728670    0.04821813    0.07156846    0.07156846    0.05402602    0.10000000    0.10000000    0.01886408 
max(|step|)      :   0.00000000    0.00072583    0.00216488    0.00185463    0.00513166    0.01216281    0.01331823    0.00355819    0.00016863 
angle (deg.)     :    19.1290  29.7836  82.4610  79.3013  108.9157  87.4465  71.9872 
>
iteration       : 55
climbing        : no
zoom on         : no
nim             : 9
barrier         :   0.03459197 (image:  6) 
distance        :   0.00000000   13.33073380   20.84500529   25.92244353   30.99206900   37.76236500   41.44974937   45.15472577   64.97734657 
energy          : -2464.51768787  -2464.51100489  -2464.50292877  -2464.49386946  -2464.50078499  -2464.51820972  -2464.48309590  -2464.51436140  -2464.54813127 
max(|Fr_perp|)   :   0.00000000    0.00032846    0.00118675    0.00057791    0.00326333    0.00211550    0.00189714    0.00153454    0.00000000 
Fr_paral         :   0.00000000   -0.00101079   -0.00194421   -0.00159418    0.01602287    0.00310361    0.00680254    0.01191537    0.00000000 
max(|Fsp_paral|) :   0.00000000    0.00029310    0.00045344    0.00045645    0.00051487    0.00172737    0.00061719    0.00028924    0.00000000 
max(|Fsp_perp|)  :   0.00000000    0.00000000    0.00000000    0.00000000    0.00000000    0.00000000    0.00000000    0.00000000    0.00000000 
max(|FNEB|)      :   0.00000000    0.00038857    0.00124518    0.00071205    0.00318678    0.00294770    0.00187447    0.00153735    0.00000000 
max(|Force|)     :   0.00011174    0.00036591    0.00112125    0.00154972    0.01406509    0.00284656    0.00262596    0.00493462    0.00045404 
ksp              :   0.02738750    0.04839962    0.07196978    0.07196978    0.05397723    0.10000000    0.10000000    0.01865467 
max(|step|)      :   0.00000000    0.00153207    0.00174185    0.00122800    0.01127536    0.01669436    0.00964150    0.00239429    0.00015552 
angle (deg.)     :    19.1453  29.8405  82.4209  79.2645  108.8650  87.5456  71.9542 
>
iteration       : 56
climbing        : no
zoom on         : no
nim             : 9
barrier         :   0.03443725 (image:  6) 
distance        :   0.00000000   13.32672930   20.84838601   25.92776607   31.00258244   37.77826619   41.46226035   45.15762410   64.97966270 
energy          : -2464.51768787  -2464.51101529  -2464.50294077  -2464.49387402  -2464.50091696  -2464.51831780  -2464.48325062  -2464.51439392  -2464.54813127 
max(|Fr_perp|)   :   0.00000000    0.00036343    0.00168549    0.00084254    0.00094765    0.00271337    0.00163770    0.00359902    0.00000000 
Fr_paral         :   0.00000000   -0.00101360   -0.00196262   -0.00162444    0.01944624    0.00221814    0.00610543    0.01198835    0.00000000 
max(|Fsp_paral|) :   0.00000000    0.00011608    0.00047286    0.00026663    0.00163797    0.00191484    0.00039973    0.00027456    0.00000000 
max(|Fsp_perp|)  :   0.00000000    0.00000000    0.00000000    0.00000000    0.00000000    0.00000000    0.00000000    0.00000000    0.00000000 
max(|FNEB|)      :   0.00000000    0.00037884    0.00174653    0.00083419    0.00171139    0.00319019    0.00152386    0.00360235    0.00000000 
max(|Force|)     :   0.00011174    0.00040484    0.00161925    0.00159347    0.01713041    0.00300196    0.00239514    0.00479281    0.00045404 
ksp              :   0.02743845    0.04854080    0.07223630    0.07223630    0.05382992    0.10000000    0.10000000    0.01860858 
max(|step|)      :   0.00000000    0.00427860    0.00472473    0.00373225    0.01445666    0.03585489    0.01478986    0.00806869    0.00062966 
angle (deg.)     :    19.1942  29.9945  82.3494  79.0831  108.8440  87.8444  71.8899 
>
iteration       : 57
climbing        : no
zoom on         : no
nim             : 9
barrier         :   0.03428118 (image:  6) 
distance        :   0.00000000   13.31906539   20.86160126   25.94221729   31.02256645   37.81722992   41.49052627   45.17750503   64.99930470 
energy          : -2464.51768787  -2464.51104109  -2464.50297322  -2464.49388939  -2464.50096509  -2464.51851256  -2464.48340669  -2464.51446955  -2464.54813127 
max(|Fr_perp|)   :   0.00000000    0.00063269    0.00075183    0.00109343    0.00517855    0.00198076    0.00228409    0.00261198    0.00000000 
Fr_paral         :   0.00000000   -0.00099719   -0.00193655   -0.00166159    0.02420587    0.00109578    0.00523128    0.01159218    0.00000000 
max(|Fsp_paral|) :   0.00000000    0.00024811    0.00037588    0.00001563    0.00173987    0.00055829    0.00048228    0.00121915    0.00000000 
max(|Fsp_perp|)  :   0.00000000    0.00000000    0.00000000    0.00000000    0.00000000    0.00000000    0.00000000    0.00000000    0.00000000 
max(|FNEB|)      :   0.00000000    0.00066290    0.00077166    0.00109330    0.00493053    0.00204170    0.00190606    0.00259926    0.00000000 
max(|Force|)     :   0.00011174    0.00060741    0.00086872    0.00165181    0.02134583    0.00204280    0.00238305    0.00475812    0.00045404 
ksp              :   0.02745010    0.04863107    0.07247927    0.07247927    0.05390309    0.10000000    0.10000000    0.01844920 
max(|step|)      :   0.00000000    0.00441117    0.00599030    0.00412396    0.00472824    0.01959480    0.01244516    0.01060556    0.00072817 
angle (deg.)     :    19.2439  30.1675  82.3002  79.0270  108.7911  87.9843  71.8117 
>
iteration       : 58
climbing        : no
zoom on         : no
nim             : 9
barrier         :   0.03416627 (image:  6) 
distance        :   0.00000000   13.32413496   20.88334795   25.96000701   31.04045203   37.84534255   41.51646459   45.20174016   65.02552986 
energy          : -2464.51768787  -2464.51105560  -2464.50298907  -2464.49390498  -2464.50103267  -2464.51861031  -2464.48352160  -2464.51442905  -2464.54813127 
max(|Fr_perp|)   :   0.00000000    0.00129077    0.00322215    0.00079266    0.00431353    0.00276772    0.00252522    0.00367805    0.00000000 
Fr_paral         :   0.00000000   -0.00100043   -0.00193862   -0.00163451    0.02324566    0.00039272    0.00506996    0.01206547    0.00000000 
max(|Fsp_paral|) :   0.00000000    0.00046976    0.00013915    0.00022189    0.00220064    0.00026503    0.00049788    0.00004716    0.00000000 
max(|Fsp_perp|)  :   0.00000000    0.00000000    0.00000000    0.00000000    0.00000000    0.00000000    0.00000000    0.00000000    0.00000000 
max(|FNEB|)      :   0.00000000    0.00137039    0.00320438    0.00079228    0.00399881    0.00279031    0.00252729    0.00367053    0.00000000 
max(|Force|)     :   0.00011174    0.00125548    0.00328696    0.00164322    0.02055452    0.00278498    0.00254669    0.00472438    0.00045404 
ksp              :   0.02747058    0.04871925    0.07264833    0.07264833    0.05387274    0.10000000    0.10000000    0.01858431 
max(|step|)      :   0.00000000    0.01690994    0.02239770    0.01542867    0.01752649    0.05164770    0.04407327    0.04081219    0.00296938 
angle (deg.)     :    19.4184  30.8171  82.1134  78.8494  108.5554  88.3446  71.5677 
>
iteration       : 59
climbing        : no
zoom on         : no
nim             : 9
barrier         :   0.03383007 (image:  6) 
distance        :   0.00000000   13.35356998   20.96515736   26.02812973   31.10167245   37.93801125   41.61225711   45.30196178   65.13239296 
energy          : -2464.51768787  -2464.51110428  -2464.50306181  -2464.49395125  -2464.50115943  -2464.51877364  -2464.48385780  -2464.51432365  -2464.54813127 
max(|Fr_perp|)   :   0.00000000    0.00151727    0.00475580    0.00186612    0.00143239    0.00725730    0.00319328    0.00638298    0.00000000 
Fr_paral         :   0.00000000   -0.00099343   -0.00194449   -0.00162660    0.02030551   -0.00119847    0.00453869    0.01225760    0.00000000 
max(|Fsp_paral|) :   0.00000000    0.00101176    0.00051109    0.00062250    0.00190194    0.00077765    0.00053695    0.00276758    0.00000000 
max(|Fsp_perp|)  :   0.00000000    0.00000000    0.00000000    0.00000000    0.00000000    0.00000000    0.00000000    0.00000000    0.00000000 
max(|FNEB|)      :   0.00000000    0.00169219    0.00482113    0.00186518    0.00182519    0.00719195    0.00300026    0.00683891    0.00000000 
max(|Force|)     :   0.00011174    0.00148531    0.00482124    0.00186809    0.01803151    0.00720655    0.00291890    0.00720286    0.00045404 
ksp              :   0.02751469    0.04891051    0.07314783    0.07314783    0.05397154    0.10000000    0.10000000    0.01895001 
max(|step|)      :   0.00000000    0.03946476    0.05065144    0.03465177    0.03897251    0.08261090    0.09643927    0.08897815    0.00678021 
angle (deg.)     :    19.7713  32.3444  81.6811  78.4889  107.8965  88.9250  71.1256 
>
iteration       : 60
climbing        : no
zoom on         : no
nim             : 9
barrier         :   0.03311340 (image:  6) 
distance        :   0.00000000   13.44559135   21.14612732   26.18947562   31.23410067   38.13091346   41.83948370   45.56528521   65.40533092 
energy          : -2464.51768787  -2464.51113095  -2464.50321786  -2464.49402189  -2464.50118925  -2464.51906973  -2464.48457447  -2464.51437014  -2464.54813127 
max(|Fr_perp|)   :   0.00000000    0.00628601    0.00786123    0.00464050    0.00265995    0.00963381    0.00493293    0.00401820    0.00000000 
Fr_paral         :   0.00000000   -0.00098458   -0.00194080   -0.00162460    0.01856910   -0.00244102    0.00321477    0.01175387    0.00000000 
max(|Fsp_paral|) :   0.00000000    0.00119922    0.00134205    0.00007651    0.00292066    0.00350423    0.00057582    0.00191020    0.00000000 
max(|Fsp_perp|)  :   0.00000000    0.00000000    0.00000000    0.00000000    0.00000000    0.00000000    0.00000000    0.00000000    0.00000000 
max(|FNEB|)      :   0.00000000    0.00650414    0.00803334    0.00464042    0.00299612    0.00999165    0.00453385    0.00436572    0.00000000 
max(|Force|)     :   0.00011174    0.00624887    0.00792775    0.00464186    0.01647711    0.00975219    0.00440457    0.00491194    0.00045404 
ksp              :   0.02782127    0.04932852    0.07432254    0.07432254    0.05484214    0.10000000    0.10000000    0.01901736 
max(|step|)      :   0.00000000    0.04190179    0.05315960    0.03687308    0.04031369    0.07539182    0.10000000    0.09368662    0.00724448 
angle (deg.)     :    20.1276  33.9963  81.2404  78.3008  107.1625  89.4050  70.6879 
>
iteration       : 61
climbing        : no
zoom on         : no
nim             : 9
barrier         :   0.03217066 (image:  6) 
distance        :   0.00000000   13.55644769   21.33557448   26.36516713   31.38455906   38.33223086   42.10980855   45.88125730   65.73657924 
energy          : -2464.51768787  -2464.51123455  -2464.50346575  -2464.49414069  -2464.50127256  -2464.51936233  -2464.48551721  -2464.51419288  -2464.54813127 
max(|Fr_perp|)   :   0.00000000    0.00406300    0.00212868    0.00108469    0.00443163    0.01463637    0.00572167    0.00609901    0.00000000 
Fr_paral         :   0.00000000   -0.00093203   -0.00195457   -0.00160421    0.01479662   -0.00144611    0.00188834    0.01173151    0.00000000 
max(|Fsp_paral|) :   0.00000000    0.00143367    0.00154115    0.00062074    0.00684755    0.00480484    0.00018654    0.00635509    0.00000000 
max(|Fsp_perp|)  :   0.00000000    0.00000000    0.00000000    0.00000000    0.00000000    0.00000000    0.00000000    0.00000000    0.00000000 
max(|FNEB|)      :   0.00000000    0.00436967    0.00237199    0.00111358    0.00706443    0.01549986    0.00587446    0.00747663    0.00000000 
max(|Force|)     :   0.00011174    0.00416246    0.00223656    0.00161947    0.01324626    0.01509402    0.00531229    0.00716075    0.00045404 
ksp              :   0.02805594    0.04978517    0.07586730    0.07586730    0.05593218    0.10000000    0.10000000    0.01979379 
max(|step|)      :   0.00000000    0.00679560    0.00368885    0.00173182    0.01098642    0.02410497    0.00913580    0.01162746    0.00000000 
angle (deg.)     :    20.0982  34.0491  81.2286  78.3696  107.0120  89.2961  70.7714 
>
iteration       : 62
climbing        : no
zoom on         : no
nim             : 9
barrier         :   0.03194459 (image:  6) 
distance        :   0.00000000   13.56677915   21.32878394   26.36679622   31.39960409   38.33044218   42.11315376   45.90937612   65.75725713 
energy          : -2464.51768787  -2464.51122228  -2464.50349000  -2464.49414695  -2464.50153349  -2464.51974277  -2464.48574328  -2464.51449230  -2464.54813127 
max(|Fr_perp|)   :   0.00000000    0.00468081    0.00235486    0.00101033    0.00445926    0.01455173    0.00471899    0.00453645    0.00000000 
Fr_paral         :   0.00000000   -0.00097145   -0.00190744   -0.00161769    0.01450945   -0.00195235    0.00186566    0.01059505    0.00000000 
max(|Fsp_paral|) :   0.00000000    0.00109764    0.00097154    0.00031875    0.00055507    0.00286789    0.00043119    0.00098248    0.00000000 
max(|Fsp_perp|)  :   0.00000000    0.00000000    0.00000000    0.00000000    0.00000000    0.00000000    0.00000000    0.00000000    0.00000000 
max(|FNEB|)      :   0.00000000    0.00488475    0.00231244    0.00100834    0.00437491    0.01466336    0.00441066    0.00473085    0.00000000 
max(|Force|)     :   0.00011174    0.00464346    0.00233230    0.00156765    0.01259632    0.01449797    0.00429323    0.00502094    0.00045404 
ksp              :   0.02821602    0.05000077    0.07632368    0.07632368    0.05551299    0.10000000    0.10000000    0.01900313 
max(|step|)      :   0.00000000    0.00281701    0.00146787    0.00066120    0.00407681    0.00805951    0.00467551    0.00186580    0.00000774 
angle (deg.)     :    20.0858  34.0750  81.2218  78.3736  106.9638  89.2616  70.7749 
>
iteration       : 63
climbing        : no
zoom on         : no
nim             : 9
barrier         :   0.03182867 (image:  6) 
distance        :   0.00000000   13.57222457   21.32593557   26.36786863   31.40352567   38.32728282   42.11336302   45.91033888   65.75755449 
energy          : -2464.51768787  -2464.51124793  -2464.50350972  -2464.49415151  -2464.50162291  -2464.52005260  -2464.48585920  -2464.51453729  -2464.54813127 
max(|Fr_perp|)   :   0.00000000    0.00137559    0.00077712    0.00042141    0.00314858    0.00501493    0.00426828    0.00252333    0.00000000 
Fr_paral         :   0.00000000   -0.00096061   -0.00192230   -0.00159477    0.01569373    0.00003204    0.00181267    0.01078854    0.00000000 
max(|Fsp_paral|) :   0.00000000    0.00114170    0.00065437    0.00038468    0.00153141    0.00226794    0.00034829    0.00176823    0.00000000 
max(|Fsp_perp|)  :   0.00000000    0.00000000    0.00000000    0.00000000    0.00000000    0.00000000    0.00000000    0.00000000    0.00000000 
max(|FNEB|)      :   0.00000000    0.00158689    0.00103454    0.00065785    0.00337970    0.00478000    0.00397767    0.00287078    0.00000000 
max(|Force|)     :   0.00011174    0.00133881    0.00091687    0.00155007    0.01370314    0.00501639    0.00378480    0.00498445    0.00045404 
ksp              :   0.02820982    0.05009070    0.07655233    0.07655233    0.05542592    0.10000000    0.10000000    0.01890872 
max(|step|)      :   0.00000000    0.00397868    0.00433868    0.00236553    0.01202417    0.01737782    0.01431412    0.00355788    0.00012246 
angle (deg.)     :    20.0467  34.1546  81.2018  78.3662  106.8274  89.1145  70.7778 
>
iteration       : 64
climbing        : no
zoom on         : no
nim             : 9
barrier         :   0.03152712 (image:  6) 
distance        :   0.00000000   13.59106391   21.31815500   26.37095862   31.41150900   38.31659192   42.11406902   45.90925689   65.75595576 
energy          : -2464.51768787  -2464.51123120  -2464.50354171  -2464.49416127  -2464.50170387  -2464.52022007  -2464.48616075  -2464.51458470  -2464.54813127 
max(|Fr_perp|)   :   0.00000000    0.00185577    0.00102516    0.00054413    0.00159601    0.00540322    0.00447614    0.00113207    0.00000000 
Fr_paral         :   0.00000000   -0.00094808   -0.00195414   -0.00155073    0.02006088    0.00374637    0.00171262    0.01117865    0.00000000 
max(|Fsp_paral|) :   0.00000000    0.00059884    0.00015317    0.00075536    0.00424342    0.00190787    0.00007291    0.00209649    0.00000000 
max(|Fsp_perp|)  :   0.00000000    0.00000000    0.00000000    0.00000000    0.00000000    0.00000000    0.00000000    0.00000000    0.00000000 
max(|FNEB|)      :   0.00000000    0.00193182    0.00103036    0.00102428    0.00428015    0.00522943    0.00453730    0.00188084    0.00000000 
max(|Force|)     :   0.00011174    0.00183086    0.00100721    0.00150784    0.01766385    0.00555196    0.00401864    0.00491096    0.00045404 
ksp              :   0.02843177    0.05038284    0.07716105    0.07716105    0.05562929    0.10000000    0.10000000    0.01885859 
max(|step|)      :   0.00000000    0.00376923    0.00359382    0.00372779    0.00688028    0.01408057    0.01818087    0.00421965    0.00015189 
angle (deg.)     :    20.0194  34.2283  81.1925  78.3349  106.7196  88.8955  70.7652 
>
iteration       : 65
climbing        : no
zoom on         : no
nim             : 9
barrier         :   0.03126610 (image:  6) 
distance        :   0.00000000   13.60906198   21.31440579   26.37351991   31.41271461   38.30394623   42.11783186   45.90530086   65.75391833 
energy          : -2464.51768787  -2464.51121735  -2464.50356690  -2464.49417385  -2464.50156765  -2464.52021127  -2464.48642177  -2464.51454907  -2464.54813127 
max(|Fr_perp|)   :   0.00000000    0.00212470    0.00106613    0.00051658    0.00499880    0.00747533    0.00473507    0.00187607    0.00000000 
Fr_paral         :   0.00000000   -0.00094621   -0.00197064   -0.00152280    0.02390888    0.00579610    0.00168870    0.01136573    0.00000000 
max(|Fsp_paral|) :   0.00000000    0.00014266    0.00074510    0.00124079    0.00246275    0.00313303    0.00083578    0.00037055    0.00000000 
max(|Fsp_perp|)  :   0.00000000    0.00000000    0.00000000    0.00000000    0.00000000    0.00000000    0.00000000    0.00000000    0.00000000 
max(|FNEB|)      :   0.00000000    0.00214286    0.00109163    0.00149488    0.00463834    0.00717682    0.00544491    0.00181333    0.00000000 
max(|Force|)     :   0.00011174    0.00209978    0.00104794    0.00147511    0.02112624    0.00771258    0.00428130    0.00488030    0.00045404 
ksp              :   0.02862551    0.05064744    0.07768552    0.07768552    0.05640233    0.10000000    0.10000000    0.01903510 
max(|step|)      :   0.00000000    0.01258634    0.01023152    0.01775556    0.01186394    0.06338820    0.07899446    0.01324936    0.00079862 
angle (deg.)     :    19.9581  34.4634  81.2004  78.3762  106.3077  88.0459  70.7769 
>
iteration       : 66
climbing        : no
zoom on         : no
nim             : 9
barrier         :   0.03065420 (image:  6) 
distance        :   0.00000000   13.66893623   21.31259757   26.37990074   31.42348675   38.26095401   42.15221027   45.93753185   65.78900458 
energy          : -2464.51768787  -2464.51116946  -2464.50363159  -2464.49422270  -2464.50119335  -2464.51899689  -2464.48703367  -2464.51454538  -2464.54813127 
max(|Fr_perp|)   :   0.00000000    0.00318685    0.00182970    0.00083702    0.00930165    0.00948687    0.00813293    0.00287035    0.00000000 
Fr_paral         :   0.00000000   -0.00093738   -0.00199652   -0.00137957    0.02857316    0.01258429    0.00081789    0.01163128    0.00000000 
max(|Fsp_paral|) :   0.00000000    0.00132463    0.00210575    0.00151585    0.00140511    0.00427396    0.00321725    0.00125497    0.00000000 
max(|Fsp_perp|)  :   0.00000000    0.00000000    0.00000000    0.00000000    0.00000000    0.00000000    0.00000000    0.00000000    0.00000000 
max(|FNEB|)      :   0.00000000    0.00343197    0.00193457    0.00169241    0.00950522    0.00913798    0.01014992    0.00306234    0.00000000 
max(|Force|)     :   0.00011174    0.00322274    0.00181088    0.00129419    0.02533206    0.01210345    0.00832039    0.00469525    0.00045404 
ksp              :   0.02913790    0.05126891    0.07889319    0.07889319    0.05842751    0.10000000    0.10000000    0.01922628 
max(|step|)      :   0.00000000    0.00942051    0.00659612    0.01842646    0.00891938    0.06254161    0.10000000    0.01421308    0.00066659 
angle (deg.)     :    19.9509  34.6581  81.2113  78.5747  106.0582  87.2215  70.7925 
>
iteration       : 67
climbing        : no
zoom on         : no
nim             : 9
barrier         :   0.02954192 (image:  6) 
distance        :   0.00000000   13.71370222   21.32464521   26.38571432   31.43788371   38.23021109   42.20419921   45.99944233   65.85663100 
energy          : -2464.51768787  -2464.51116153  -2464.50368058  -2464.49427037  -2464.50100203  -2464.51682688  -2464.48814595  -2464.51439701  -2464.54813127 
max(|Fr_perp|)   :   0.00000000    0.00059251    0.00144174    0.00098344    0.01015704    0.01192392    0.01332182    0.00534604    0.00000000 
Fr_paral         :   0.00000000   -0.00094602   -0.00203433   -0.00135643    0.02959551    0.01617710   -0.00206109    0.01205166    0.00000000 
max(|Fsp_paral|) :   0.00000000    0.00184635    0.00283549    0.00057294    0.00208007    0.00620016    0.00527970    0.00735469    0.00000000 
max(|Fsp_perp|)  :   0.00000000    0.00000000    0.00000000    0.00000000    0.00000000    0.00000000    0.00000000    0.00000000    0.00000000 
max(|FNEB|)      :   0.00000000    0.00202897    0.00279214    0.00099366    0.01053041    0.01293897    0.01750029    0.00703689    0.00000000 
max(|Force|)     :   0.00011174    0.00063350    0.00172512    0.00127490    0.02641396    0.01490984    0.01289578    0.00616188    0.00045404 
ksp              :   0.02987476    0.05265450    0.08131101    0.08131101    0.06082718    0.10000000    0.10000000    0.02003826 
max(|step|)      :   0.00000000    0.00703939    0.00968717    0.00344743    0.03653466    0.04489100    0.06071623    0.02441407    0.00000000 
angle (deg.)     :    20.0754  34.5511  81.2574  78.8725  106.0960  86.7547  71.0191 
>
iteration       : 68
climbing        : no
zoom on         : no
nim             : 9
barrier         :   0.02720269 (image:  6) 
distance        :   0.00000000   13.68503766   21.36060594   26.38303026   31.44602255   38.23433445   42.21642167   46.11732548   65.95532765 
energy          : -2464.51768787  -2464.51118976  -2464.50360609  -2464.49427726  -2464.50133608  -2464.51640154  -2464.49048518  -2464.51488724  -2464.54813127 
max(|Fr_perp|)   :   0.00000000    0.00204638    0.00343509    0.00190564    0.00687045    0.03972231    0.01752955    0.01673594    0.00000000 
Fr_paral         :   0.00000000   -0.00096455   -0.00182586   -0.00149326    0.01467110    0.00953262   -0.00488705    0.00918580    0.00000000 
max(|Fsp_paral|) :   0.00000000    0.00068141    0.00128759    0.00286716    0.00675702    0.01396558    0.00243111    0.00320019    0.00000000 
max(|Fsp_perp|)  :   0.00000000    0.00000000    0.00000000    0.00000000    0.00000000    0.00000000    0.00000000    0.00000000    0.00000000 
max(|FNEB|)      :   0.00000000    0.00217522    0.00352672    0.00268476    0.00746205    0.04129783    0.01996066    0.01735551    0.00000000 
max(|Force|)     :   0.00011174    0.00200863    0.00341776    0.00190806    0.01225554    0.03931553    0.01899302    0.01601499    0.00045404 
ksp              :   0.03149898    0.05658951    0.08745390    0.08745390    0.06409983    0.10000000    0.10000000    0.01926587 
max(|step|)      :   0.00000000    0.00407474    0.00710854    0.00136373    0.01765337    0.02767828    0.05782682    0.01320557    0.00041207 
angle (deg.)     :    20.1625  34.4803  81.2719  79.1011  106.0085  86.5183  71.1398 
>
iteration       : 69
climbing        : no
zoom on         : no
nim             : 9
barrier         :   0.02497954 (image:  6) 
distance        :   0.00000000   13.66980854   21.38802616   26.38356097   31.44379493   38.21444122   42.22426007   46.19258590   66.01978170 
energy          : -2464.51768787  -2464.51121511  -2464.50356900  -2464.49428391  -2464.50106956  -2464.51759958  -2464.49270833  -2464.51530768  -2464.54813127 
max(|Fr_perp|)   :   0.00000000    0.00117746    0.00280213    0.00129996    0.01211887    0.01710381    0.02144523    0.01507515    0.00000000 
Fr_paral         :   0.00000000   -0.00097154   -0.00183905   -0.00161071    0.00699091    0.01338336   -0.00813459    0.00880128    0.00000000 
max(|Fsp_paral|) :   0.00000000    0.00296301    0.00036807    0.00497090    0.00370948    0.02518540    0.00122408    0.01165474    0.00000000 
max(|Fsp_perp|)  :   0.00000000    0.00000000    0.00000000    0.00000000    0.00000000    0.00000000    0.00000000    0.00000000    0.00000000 
max(|FNEB|)      :   0.00000000    0.00291527    0.00298186    0.00472780    0.01270042    0.02120606    0.02266930    0.01726856    0.00000000 
max(|Force|)     :   0.00011174    0.00114796    0.00257960    0.00155510    0.01115075    0.01653967    0.02384499    0.01439847    0.00045404 
ksp              :   0.03332102    0.06086958    0.09432327    0.09432327    0.06987492    0.10000000    0.10000000    0.01857570 
max(|step|)      :   0.00000000    0.00699852    0.01230984    0.00227443    0.03094737    0.04813152    0.10000000    0.02262757    0.00080916 
angle (deg.)     :    20.3134  34.3633  81.2967  79.5146  105.8953  86.2411  71.3656 
>
iteration       : 70
climbing        : no
zoom on         : no
nim             : 9
barrier         :   0.02340553 (image:  3) 
distance        :   0.00000000   13.64373881   21.43556604   26.38457662   31.44136304   38.18326218   42.25018478   46.33887087   66.14770499 
energy          : -2464.51768787  -2464.51124906  -2464.50347368  -2464.49428234  -2464.50001369  -2464.51648024  -2464.49658482  -2464.51589624  -2464.54813127 
max(|Fr_perp|)   :   0.00000000    0.00129777    0.00291791    0.00113425    0.02588894    0.01170684    0.02512479    0.01359295    0.00000000 
Fr_paral         :   0.00000000   -0.00098219   -0.00181667   -0.00185100   -0.00865565    0.01973927   -0.01257140    0.00787866    0.00000000 
max(|Fsp_paral|) :   0.00000000    0.00612097    0.00235988    0.00902535    0.01769203    0.05637065    0.00058109    0.01575581    0.00000000 
max(|Fsp_perp|)  :   0.00000000    0.00000000    0.00000000    0.00000000    0.00000000    0.00000000    0.00000000    0.00000000    0.00000000 
max(|FNEB|)      :   0.00000000    0.00608279    0.00323083    0.00873834    0.02301692    0.05057130    0.02453175    0.01651795    0.00000000 
max(|Force|)     :   0.00011174    0.00124719    0.00274950    0.00184077    0.02717769    0.01455052    0.02891943    0.01308692    0.00045404 
ksp              :   0.03475852    0.06465848    0.10000000    0.10000000    0.07798570    0.09117244    0.09117244    0.01689290 
max(|step|)      :   0.00000000    0.01202815    0.00638866    0.01727925    0.04551380    0.10000000    0.04850923    0.03266269    0.00000000 
angle (deg.)     :    20.2005  34.5008  81.1231  80.2382  104.0557  85.7184  71.1468 
>
iteration       : 71
climbing        : no
zoom on         : no
nim             : 9
barrier         :   0.02343497 (image:  3) 
distance        :   0.00000000   13.69907454   21.41891844   26.39942642   31.47828716   37.98250975   42.20075532   46.21116267   66.04134312 
energy          : -2464.51768787  -2464.51119667  -2464.50352769  -2464.49425290  -2464.50165295  -2464.50816828  -2464.49873535  -2464.51509919  -2464.54813127 
max(|Fr_perp|)   :   0.00000000    0.00108665    0.00253366    0.00118674    0.01401716    0.03454680    0.02228231    0.01780099    0.00000000 
Fr_paral         :   0.00000000   -0.00099607   -0.00208049   -0.00199753    0.00107785    0.04747930   -0.01244264    0.01234965    0.00000000 
max(|Fsp_paral|) :   0.00000000    0.00383446    0.00027889    0.00789287    0.03734822    0.03767932    0.00593648    0.02618591    0.00000000 
max(|Fsp_perp|)  :   0.00000000    0.00000000    0.00000000    0.00000000    0.00000000    0.00000000    0.00000000    0.00000000    0.00000000 
max(|FNEB|)      :   0.00000000    0.00377620    0.00240026    0.00728838    0.03644722    0.04487219    0.02821878    0.02506933    0.00000000 
max(|Force|)     :   0.00011174    0.00114184    0.00280057    0.00220752    0.01387188    0.04504385    0.02657531    0.01863096    0.00045404 
ksp              :   0.03492888    0.06438097    0.10000000    0.10000000    0.07158072    0.08278552    0.08278552    0.01994160 
max(|step|)      :   0.00000000    0.01205226    0.00446697    0.01881222    0.05005468    0.10000000    0.05965304    0.00463538    0.00037480 
angle (deg.)     :    20.1056  34.6295  80.9583  80.6681  102.9971  85.1093  71.1979 
>
iteration       : 72
climbing        : no
zoom on         : no
nim             : 9
barrier         :   0.02347224 (image:  3) 
distance        :   0.00000000   13.75421044   21.40785840   26.41660471   31.46713860   37.76920526   42.18212267   46.20509677   66.03294438 
energy          : -2464.51768787  -2464.51113696  -2464.50355037  -2464.49421563  -2464.50177009  -2464.49423907  -2464.50104618  -2464.51496847  -2464.54813127 
max(|Fr_perp|)   :   0.00000000    0.00189541    0.00413398    0.00130564    0.01189775    0.05079869    0.01840720    0.02234293    0.00000000 
Fr_paral         :   0.00000000   -0.00100683   -0.00218306   -0.00215697    0.01649943    0.07876494   -0.01037083    0.01272828    0.00000000 
max(|Fsp_paral|) :   0.00000000    0.00173957    0.00256000    0.00336401    0.08095248    0.07145015    0.04943353    0.04470702    0.00000000 
max(|Fsp_perp|)  :   0.00000000    0.00000000    0.00000000    0.00000000    0.00000000    0.00000000    0.00000000    0.00000000    0.00000000 
max(|FNEB|)      :   0.00000000    0.00180554    0.00436500    0.00260357    0.09298854    0.06656177    0.06784941    0.04340188    0.00000000 
max(|Force|)     :   0.00011174    0.00195469    0.00442578    0.00245856    0.02273551    0.06961458    0.02197878    0.02328378    0.00045404 
ksp              :   0.03511832    0.06420793    0.10000000    0.10000000    0.09984251    0.09984251    0.07383960    0.02045797 
max(|step|)      :   0.00000000    0.00194168    0.00469413    0.00279988    0.10000000    0.07158062    0.07296535    0.04667445    0.00000000 
angle (deg.)     :    20.1230  34.6185  80.8576  81.0266  102.6363  82.5620  71.7366 
>
iteration       : 73
climbing        : no
zoom on         : no
nim             : 9
barrier         :   0.03025141 (image:  5) 
distance        :   0.00000000   13.76300133   21.41697372   26.41967439   31.57540348   37.66099498   42.05806821   46.22076515   66.01255261 
energy          : -2464.51768787  -2464.51113751  -2464.50354995  -2464.49421645  -2464.50235317  -2464.48743646  -2464.50344207  -2464.51654938  -2464.54813127 
max(|Fr_perp|)   :   0.00000000    0.00031738    0.00044744    0.00085529    0.02300848    0.05244568    0.01937358    0.00752804    0.00000000 
Fr_paral         :   0.00000000   -0.00100834   -0.00202888   -0.00200920   -0.01261863    0.09273932   -0.00803433    0.00771136    0.00000000 
max(|Fsp_paral|) :   0.00000000    0.00152589    0.00024023    0.00964984    0.09829371    0.06966368    0.07648883    0.01926035    0.00000000 
max(|Fsp_perp|)  :   0.00000000    0.00000000    0.00000000    0.00000000    0.00000000    0.00000000    0.00000000    0.00000000    0.00000000 
max(|FNEB|)      :   0.00000000    0.00171744    0.00042639    0.00903711    0.09571440    0.06513733    0.09586241    0.01955221    0.00000000 
max(|Force|)     :   0.00011174    0.00040046    0.00099795    0.00219985    0.02239899    0.07976782    0.02214605    0.00698291    0.00045404 
ksp              :   0.02948778    0.05206129    0.07982909    0.07982909    0.10000000    0.10000000    0.05238224    0.01338708 
max(|step|)      :   0.00000000    0.00000000    0.00000000    0.00000000    0.00000000    0.00000000    0.00000000    0.00000000    0.00000000 
angle (deg.)     :    20.1230  34.6185  80.8576  81.0265  102.6363  82.5622  71.7364 
>
iteration       : 74
climbing        : no
zoom on         : no
nim             : 9
barrier         :   0.03026644 (image:  5) 
distance        :   0.00000000   13.76300133   21.41697372   26.41967439   31.57540348   37.66099498   42.05806821   46.22076515   66.01255261 
energy          : -2464.51768787  -2464.51113753  -2464.50354997  -2464.49421640  -2464.50234961  -2464.48742143  -2464.50344959  -2464.51655085  -2464.54813127 
max(|Fr_perp|)   :   0.00000000    0.00032010    0.00044802    0.00085558    0.02305216    0.05242946    0.01937201    0.00751362    0.00000000 
Fr_paral         :   0.00000000   -0.00100840   -0.00203025   -0.00200948   -0.01268965    0.09275730   -0.00802743    0.00771107    0.00000000 
max(|Fsp_paral|) :   0.00000000    0.00152569    0.00024039    0.00966528    0.09818545    0.06966253    0.07647228    0.01925510    0.00000000 
max(|Fsp_perp|)  :   0.00000000    0.00000000    0.00000000    0.00000000    0.00000000    0.00000000    0.00000000    0.00000000    0.00000000 
max(|FNEB|)      :   0.00000000    0.00171791    0.00042688    0.00903685    0.09571690    0.06513698    0.09585959    0.01954999    0.00000000 
max(|Force|)     :   0.00011174    0.00040077    0.00099894    0.00219997    0.02239695    0.07976855    0.02214310    0.00698414    0.00045404 
ksp              :   0.02948782    0.05206124    0.07982900    0.07982900    0.10000000    0.10000000    0.05238231    0.01338712 
max(|step|)      :   0.00000000    0.00179211    0.00044532    0.00942718    0.09985114    0.06795040    0.10000000    0.02039440    0.00000000 
angle (deg.)     :    20.1426  34.6555  80.5526  80.2979  102.1028  79.0964  72.1657 
>
iteration       : 75
climbing        : no
zoom on         : no
nim             : 9
barrier         :   0.03652673 (image:  5) 
distance        :   0.00000000   13.75609101   21.41929526   26.43094931   31.68513672   37.46455695   41.73928229   45.99487159   65.76996530 
energy          : -2464.51768787  -2464.51114710  -2464.50355109  -2464.49419548  -2464.49860866  -2464.48116114  -2464.50608922  -2464.51705661  -2464.54813127 
max(|Fr_perp|)   :   0.00000000    0.00028099    0.00036155    0.00088893    0.04259133    0.04663689    0.01866278    0.00442616    0.00000000 
Fr_paral         :   0.00000000   -0.00099802   -0.00202939   -0.00236038   -0.03976507    0.09899452   -0.00564738    0.00734156    0.00000000 
max(|Fsp_paral|) :   0.00000000    0.00325249    0.00091321    0.01426307    0.10826264    0.06824440    0.09041483    0.02626606    0.00000000 
max(|Fsp_perp|)  :   0.00000000    0.00000000    0.00000000    0.00000000    0.00000000    0.00000000    0.00000000    0.00000000    0.00000000 
max(|FNEB|)      :   0.00000000    0.00339672    0.00127476    0.01396250    0.10256100    0.07692678    0.10907761    0.02627504    0.00000000 
max(|Force|)     :   0.00011174    0.00035102    0.00091512    0.00234539    0.03949224    0.07815011    0.02060205    0.00332935    0.00045404 
ksp              :   0.02611613    0.04483231    0.06788404    0.06788404    0.10000000    0.10000000    0.03857847    0.01155539 
max(|step|)      :   0.00000000    0.00000000    0.00000000    0.00000000    0.00000000    0.00000000    0.00000000    0.00000000    0.00000000 
angle (deg.)     :    20.1425  34.6555  80.5527  80.2978  102.1028  79.0969  72.1657 
>
iteration       : 76
climbing        : no
zoom on         : no
nim             : 9
barrier         :   0.03654278 (image:  5) 
distance        :   0.00000000   13.75609101   21.41929526   26.43094931   31.68513672   37.46455695   41.73928229   45.99487159   65.76996530 
energy          : -2464.51768787  -2464.51114713  -2464.50355110  -2464.49419540  -2464.49859993  -2464.48114509  -2464.50609560  -2464.51705793  -2464.54813127 
max(|Fr_perp|)   :   0.00000000    0.00028122    0.00036120    0.00088991    0.04256398    0.04665171    0.01865950    0.00442920    0.00000000 
Fr_paral         :   0.00000000   -0.00099783   -0.00202926   -0.00236177   -0.03981001    0.09902336   -0.00564170    0.00733601    0.00000000 
max(|Fsp_paral|) :   0.00000000    0.00325200    0.00091330    0.01427105    0.10823155    0.06823760    0.09039232    0.02626160    0.00000000 
max(|Fsp_perp|)  :   0.00000000    0.00000000    0.00000000    0.00000000    0.00000000    0.00000000    0.00000000    0.00000000    0.00000000 
max(|FNEB|)      :   0.00000000    0.00339874    0.00127533    0.01396242    0.10256161    0.07692665    0.10907814    0.02627648    0.00000000 
max(|Force|)     :   0.00011174    0.00035304    0.00091545    0.00234516    0.03949799    0.07815003    0.02060259    0.00332803    0.00045404 
ksp              :   0.02611618    0.04483239    0.06788400    0.06788400    0.10000000    0.10000000    0.03857846    0.01155553 
max(|step|)      :   0.00000000    0.00311588    0.00116919    0.01280038    0.09402581    0.07052435    0.10000000    0.02408960    0.00000000 
angle (deg.)     :    20.1618  34.7204  80.1301  78.8260  101.1114  75.7119  72.6672 
>
iteration       : 77
climbing        : no
zoom on         : no
nim             : 9
barrier         :   0.04273814 (image:  5) 
distance        :   0.00000000   13.74282786   21.41859041   26.44184982   31.74703178   37.21523181   41.30941788   45.68359982   65.43945840 
energy          : -2464.51768787  -2464.51116271  -2464.50355969  -2464.49416249  -2464.49346793  -2464.47494973  -2464.50825292  -2464.51752330  -2464.54813127 
max(|Fr_perp|)   :   0.00000000    0.00026903    0.00034894    0.00129459    0.03627627    0.05237827    0.01642300    0.00562604    0.00000000 
Fr_paral         :   0.00000000   -0.00098600   -0.00200454   -0.00292834   -0.05960815    0.10963595   -0.00347230    0.00581586    0.00000000 
max(|Fsp_paral|) :   0.00000000    0.00438078    0.00165949    0.02168881    0.11354026    0.06554085    0.09512401    0.02984056    0.00000000 
max(|Fsp_perp|)  :   0.00000000    0.00000000    0.00000000    0.00000000    0.00000000    0.00000000    0.00000000    0.00000000    0.00000000 
max(|FNEB|)      :   0.00000000    0.00448073    0.00191565    0.02155133    0.10257880    0.08101010    0.11154700    0.02997131    0.00000000 
max(|Force|)     :   0.00011174    0.00032387    0.00081165    0.00272502    0.05026699    0.08700321    0.01760785    0.00464161    0.00045404 
ksp              :   0.02374100    0.03975178    0.05954087    0.06100350    0.10000000    0.10000000    0.02986856    0.01034657 
max(|step|)      :   0.00000000    0.00000000    0.00000000    0.00000000    0.00000000    0.00000000    0.00000000    0.00000000    0.00000000 
angle (deg.)     :    20.1617  34.7203  80.1302  78.8260  101.1116  75.7125  72.6672 
>
iteration       : 78
climbing        : no
zoom on         : no
nim             : 9
barrier         :   0.04275162 (image:  5) 
distance        :   0.00000000   13.74282786   21.41859041   26.44184982   31.74703178   37.21523181   41.30941788   45.68359982   65.43945840 
energy          : -2464.51768787  -2464.51116276  -2464.50355975  -2464.49416235  -2464.49345292  -2464.47493625  -2464.50825812  -2464.51752458  -2464.54813127 
max(|Fr_perp|)   :   0.00000000    0.00026908    0.00034888    0.00128553    0.03630953    0.05238288    0.01641604    0.00563026    0.00000000 
Fr_paral         :   0.00000000   -0.00098612   -0.00200474   -0.00294761   -0.05966509    0.10964644   -0.00346738    0.00581119    0.00000000 
max(|Fsp_paral|) :   0.00000000    0.00438034    0.00165960    0.02168901    0.11349612    0.06553597    0.09509907    0.02983564    0.00000000 
max(|Fsp_perp|)  :   0.00000000    0.00000000    0.00000000    0.00000000    0.00000000    0.00000000    0.00000000    0.00000000    0.00000000 
max(|FNEB|)      :   0.00000000    0.00448214    0.00191543    0.02154886    0.10257819    0.08100955    0.11154639    0.02997240    0.00000000 
max(|Force|)     :   0.00011174    0.00032344    0.00081288    0.00274265    0.05026888    0.08700815    0.01760724    0.00464225    0.00045404 
ksp              :   0.02374104    0.03975179    0.05954087    0.06100358    0.10000000    0.10000000    0.02986856    0.01034664 
max(|step|)      :   0.00000000    0.00401818    0.00171716    0.01931830    0.09196012    0.07262409    0.10000000    0.02686990    0.00000000 
angle (deg.)     :    20.1817  34.8220  79.5551  76.9071  99.7028  72.3752  73.2153 
>
iteration       : 79
climbing        : no
zoom on         : no
nim             : 9
barrier         :   0.04793099 (image:  5) 
distance        :   0.00000000   13.72525300   21.41618048   26.44860778   31.76612417   36.92672748   40.80983762   45.32559470   65.06015827 
energy          : -2464.51768787  -2464.51118252  -2464.50357278  -2464.49409780  -2464.48619159  -2464.46975688  -2464.50999722  -2464.51797478  -2464.54813127 
max(|Fr_perp|)   :   0.00000000    0.00026497    0.00034841    0.00240244    0.04857614    0.05275361    0.01857215    0.00698902    0.00000000 
Fr_paral         :   0.00000000   -0.00097324   -0.00197899   -0.00399418   -0.08006191    0.11278105   -0.00139169    0.00392119    0.00000000 
max(|Fsp_paral|) :   0.00000000    0.00500483    0.00209317    0.08330940    0.07526020    0.06336443    0.09418220    0.03478398    0.00000000 
max(|Fsp_perp|)  :   0.00000000    0.00000000    0.00000000    0.00000000    0.00000000    0.00000000    0.00000000    0.00000000    0.00000000 
max(|FNEB|)      :   0.00000000    0.00506525    0.00223766    0.08326036    0.06167883    0.08525532    0.10752859    0.03509774    0.00000000 
max(|Force|)     :   0.00011174    0.00032160    0.00079780    0.00357322    0.06455427    0.08782709    0.01837079    0.00625407    0.00045404 
ksp              :   0.02221510    0.03650390    0.05429506    0.06914056    0.10000000    0.10000000    0.02444073    0.01000000 
max(|step|)      :   0.00000000    0.00449071    0.00192972    0.05486656    0.07085899    0.07667341    0.10000000    0.03030625    0.00061699 
angle (deg.)     :    20.2023  35.0455  78.6014  75.5834  97.9521  69.1899  73.8057 
>
iteration       : 80
climbing        : no
zoom on         : no
nim             : 9
barrier         :   0.05318803 (image:  5) 
distance        :   0.00000000   13.70566451   21.41311061   26.46368935   31.76353747   36.65331757   40.31028629   44.99125785   64.70202702 
energy          : -2464.51768787  -2464.51120415  -2464.50358777  -2464.49377956  -2464.48079611  -2464.46449984  -2464.51133788  -2464.51837971  -2464.54813127 
max(|Fr_perp|)   :   0.00000000    0.00026582    0.00034871    0.00648052    0.05317795    0.05447892    0.01984952    0.00855246    0.00000000 
Fr_paral         :   0.00000000   -0.00096177   -0.00195171   -0.00745297   -0.08896329    0.11701215    0.00069719    0.00149290    0.00000000 
max(|Fsp_paral|) :   0.00000000    0.00547774    0.00177580    0.11361553    0.05337174    0.06238760    0.09022425    0.03942588    0.00000000 
max(|Fsp_perp|)  :   0.00000000    0.00000000    0.00000000    0.00000000    0.00000000    0.00000000    0.00000000    0.00000000    0.00000000 
max(|FNEB|)      :   0.00000000    0.00553685    0.00180234    0.11393378    0.05468469    0.08760796    0.10007293    0.04000647    0.00000000 
max(|Force|)     :   0.00011174    0.00034810    0.00078841    0.00682806    0.06764937    0.09099379    0.01994865    0.00823880    0.00045404 
ksp              :   0.02097408    0.03386507    0.05046238    0.07244415    0.10000000    0.10000000    0.02075238    0.01000000 
max(|step|)      :   0.00000000    0.00485971    0.00158192    0.10000000    0.04799690    0.07689376    0.08783430    0.03511380    0.00000000 
angle (deg.)     :    20.2272  35.4383  77.2095  75.1684  95.9123  66.4379  74.3885 
>
iteration       : 81
climbing        : no
zoom on         : no
nim             : 9
barrier         :   0.05781053 (image:  5) 
distance        :   0.00000000   13.68404665   21.41088695   26.49199297   31.72328224   36.41650205   39.84826612   44.71206500   64.39571784 
energy          : -2464.51768787  -2464.51122746  -2464.50360060  -2464.49291499  -2464.48114951  -2464.45987734  -2464.51214801  -2464.51868951  -2464.54813127 
max(|Fr_perp|)   :   0.00000000    0.00027916    0.00034811    0.01279907    0.04862054    0.05581611    0.01998313    0.01044056    0.00000000 
Fr_paral         :   0.00000000   -0.00094963   -0.00193291   -0.01233505   -0.08445272    0.12207789    0.00258754   -0.00154861    0.00000000 
max(|Fsp_paral|) :   0.00000000    0.00574483    0.00001384    0.09061085    0.06142811    0.06410263    0.08436857    0.04133734    0.00000000 
max(|Fsp_perp|)  :   0.00000000    0.00000000    0.00000000    0.00000000    0.00000000    0.00000000    0.00000000    0.00000000    0.00000000 
max(|FNEB|)      :   0.00000000    0.00580181    0.00034721    0.09140970    0.04911464    0.09031951    0.09237339    0.04223451    0.00000000 
max(|Force|)     :   0.00011174    0.00036317    0.00078659    0.01338420    0.05927803    0.09516009    0.02035991    0.01077547    0.00045404 
ksp              :   0.02005764    0.03193120    0.04856666    0.06688328    0.10000000    0.10000000    0.01862451    0.01000000 
max(|step|)      :   0.00000000    0.00653959    0.00100084    0.08870022    0.05831750    0.10000000    0.09716380    0.04699690    0.00098470 
angle (deg.)     :    20.2801  35.8095  76.0020  74.3216  93.4246  63.5711  75.0756 
>
iteration       : 82
climbing        : no
zoom on         : no
nim             : 9
barrier         :   0.06464354 (image:  5) 
distance        :   0.00000000   13.65522455   21.41620080   26.52290747   31.71018944   36.13454141   39.33280081   44.43721767   64.08460245 
energy          : -2464.51768787  -2464.51125821  -2464.50359736  -2464.49262607  -2464.47663300  -2464.45304433  -2464.51262712  -2464.51890217  -2464.54813127 
max(|Fr_perp|)   :   0.00000000    0.00029121    0.00034182    0.01123077    0.05324637    0.05425132    0.01996593    0.01236913    0.00000000 
Fr_paral         :   0.00000000   -0.00093754   -0.00198186   -0.01165452   -0.09342161    0.12533938    0.00488863   -0.00554253    0.00000000 
max(|Fsp_paral|) :   0.00000000    0.00598849    0.00019928    0.10431947    0.04879766    0.06304918    0.07722265    0.04188519    0.00000000 
max(|Fsp_perp|)  :   0.00000000    0.00000000    0.00000000    0.00000000    0.00000000    0.00000000    0.00000000    0.00000000    0.00000000 
max(|FNEB|)      :   0.00000000    0.00604382    0.00047537    0.10491735    0.05217657    0.09286179    0.08380620    0.04307050    0.00000000 
max(|Force|)     :   0.00011174    0.00038195    0.00078059    0.01280354    0.06589166    0.09564975    0.02067548    0.01362547    0.00045404 
ksp              :   0.01895415    0.02962268    0.04489817    0.06717305    0.10000000    0.10000000    0.01704837    0.01000000 
max(|step|)      :   0.00000000    0.00576055    0.00045309    0.10000000    0.04973112    0.08850947    0.07987831    0.04105184    0.00000000 
angle (deg.)     :    20.3204  36.2454  74.6865  74.0128  90.9486  61.4814  75.6429 
>
iteration       : 83
climbing        : no
zoom on         : no
nim             : 9
barrier         :   0.07055888 (image:  5) 
distance        :   0.00000000   13.62950304   21.41823024   26.55798220   31.67818559   35.90242807   38.90740503   44.22608507   63.84200384 
energy          : -2464.51768787  -2464.51128514  -2464.50360091  -2464.49176732  -2464.47601454  -2464.44712899  -2464.51268832  -2464.51887700  -2464.54813127 
max(|Fr_perp|)   :   0.00000000    0.00030315    0.00035410    0.01385617    0.04750094    0.05761244    0.01910628    0.01369666    0.00000000 
Fr_paral         :   0.00000000   -0.00092638   -0.00197918   -0.01396942   -0.08803512    0.13224121    0.00693292   -0.00904449    0.00000000 
max(|Fsp_paral|) :   0.00000000    0.00616376    0.00118809    0.08906872    0.05198715    0.06298380    0.07017058    0.04115200    0.00000000 
max(|Fsp_perp|)  :   0.00000000    0.00000000    0.00000000    0.00000000    0.00000000    0.00000000    0.00000000    0.00000000    0.00000000 
max(|FNEB|)      :   0.00000000    0.00621662    0.00112413    0.09040884    0.04495916    0.09507636    0.07551266    0.04250430    0.00000000 
max(|Force|)     :   0.00011174    0.00041154    0.00078408    0.01577333    0.05529221    0.10247560    0.02012111    0.01582959    0.00045404 
ksp              :   0.01816688    0.02796834    0.04306244    0.06315559    0.10000000    0.10000000    0.01637708    0.01000000 
max(|step|)      :   0.00000000    0.00662376    0.00170214    0.08894175    0.04961050    0.10000000    0.07581111    0.04397846    0.00069994 
angle (deg.)     :    20.3768  36.6440  73.5763  73.5448  88.4392  59.7163  76.1909 
>
iteration       : 84
climbing        : no
zoom on         : no
nim             : 9
barrier         :   0.07719003 (image:  5) 
distance        :   0.00000000   13.60023072   21.42516231   26.59347090   31.66280514   35.66395736   38.50024901   44.04739998   63.62914902 
energy          : -2464.51768787  -2464.51131577  -2464.50359317  -2464.49138020  -2464.47220772  -2464.44049784  -2464.51240501  -2464.51872808  -2464.54813127 
max(|Fr_perp|)   :   0.00000000    0.00031272    0.00034935    0.01274309    0.05333258    0.05174412    0.01932344    0.01459280    0.00000000 
Fr_paral         :   0.00000000   -0.00091470   -0.00202372   -0.01310086   -0.09781305    0.13078790    0.00921357   -0.01239530    0.00000000 
max(|Fsp_paral|) :   0.00000000    0.00625237    0.00119540    0.09503418    0.04252333    0.06061844    0.06307626    0.03951384    0.00000000 
max(|Fsp_perp|)  :   0.00000000    0.00000000    0.00000000    0.00000000    0.00000000    0.00000000    0.00000000    0.00000000    0.00000000 
max(|FNEB|)      :   0.00000000    0.00630428    0.00100660    0.09626015    0.05026452    0.09594448    0.06781871    0.04083980    0.00000000 
max(|Force|)     :   0.00011174    0.00043931    0.00090163    0.01456966    0.06467325    0.09730606    0.02065796    0.01758734    0.00045404 
ksp              :   0.01743138    0.02643755    0.04067786    0.06304198    0.10000000    0.10000000    0.01615949    0.01000000 
max(|step|)      :   0.00000000    0.00654921    0.00104571    0.10000000    0.05221737    0.09967206    0.07045357    0.04242649    0.00000000 
angle (deg.)     :    20.4299  37.1083  72.3469  73.4056  85.6469  58.4029  76.6954 
>
iteration       : 85
climbing        : no
zoom on         : no
nim             : 9
barrier         :   0.08396922 (image:  5) 
distance        :   0.00000000   13.57092490   21.43076672   26.63439440   31.63790274   35.44377566   38.12594856   43.89720849   63.44598208 
energy          : -2464.51768787  -2464.51134587  -2464.50358865  -2464.49060915  -2464.47135993  -2464.43371865  -2464.51189812  -2464.51841585  -2464.54813127 
max(|Fr_perp|)   :   0.00000000    0.00032217    0.00036196    0.01311806    0.04414700    0.05968131    0.01776482    0.01524616    0.00000000 
Fr_paral         :   0.00000000   -0.00090406   -0.00203961   -0.01400406   -0.08885593    0.14115956    0.01142080   -0.01551131    0.00000000 
max(|Fsp_paral|) :   0.00000000    0.00633252    0.00211508    0.08260069    0.04379895    0.05872225    0.05598739    0.03745273    0.00000000 
max(|Fsp_perp|)  :   0.00000000    0.00000000    0.00000000    0.00000000    0.00000000    0.00000000    0.00000000    0.00000000    0.00000000 
max(|FNEB|)      :   0.00000000    0.00638211    0.00189458    0.08442186    0.04319804    0.09798994    0.06012713    0.03863280    0.00000000 
max(|Force|)     :   0.00011174    0.00046271    0.00097881    0.01510156    0.05167025    0.10999627    0.01942260    0.01907287    0.00045404 
ksp              :   0.01679749    0.02511185    0.03902354    0.05965527    0.10000000    0.10000000    0.01620558    0.01000000 
max(|step|)      :   0.00000000    0.00661761    0.00157153    0.09206359    0.04552417    0.10000000    0.06538015    0.04064463    0.00064188 
angle (deg.)     :    20.4849  37.5493  71.2556  73.2939  82.9927  57.4991  77.1592 
>
iteration       : 86
climbing        : no
zoom on         : no
nim             : 9
barrier         :   0.08984795 (image:  5) 
distance        :   0.00000000   13.54167462   21.43742905   26.67471681   31.62096137   35.23881322   37.79226921   43.78122163   63.29830565 
energy          : -2464.51768787  -2464.51137596  -2464.50358131  -2464.48997055  -2464.46945853  -2464.42783992  -2464.51122358  -2464.51797112  -2464.54813127 
max(|Fr_perp|)   :   0.00000000    0.00033023    0.00036789    0.01239025    0.04343701    0.05647188    0.01807924    0.01695775    0.00000000 
Fr_paral         :   0.00000000   -0.00089265   -0.00207267   -0.01403373   -0.09051899    0.14122691    0.01376745   -0.01836021    0.00000000 
max(|Fsp_paral|) :   0.00000000    0.00631543    0.00280475    0.07808465    0.03935108    0.05587569    0.04922464    0.03501403    0.00000000 
max(|Fsp_perp|)  :   0.00000000    0.00000000    0.00000000    0.00000000    0.00000000    0.00000000    0.00000000    0.00000000    0.00000000 
max(|FNEB|)      :   0.00000000    0.00636454    0.00252016    0.08016499    0.04123329    0.09857014    0.05299382    0.03595942    0.00000000 
max(|Force|)     :   0.00011174    0.00048625    0.00108550    0.01441074    0.05208541    0.10803843    0.01966728    0.02027560    0.00045404 
ksp              :   0.01632392    0.02413306    0.03776777    0.05831447    0.10000000    0.10000000    0.01647391    0.01000000 
max(|step|)      :   0.00000000    0.00645687    0.00255672    0.08132787    0.04183142    0.10000000    0.05376255    0.03648105    0.00000000 
angle (deg.)     :    20.5439  37.9366  70.3353  73.2062  80.7152  57.0583  77.5370 
>
iteration       : 87
climbing        : no
zoom on         : no
nim             : 9
barrier         :   0.09500340 (image:  5) 
distance        :   0.00000000   13.51274286   21.44602264   26.71247139   31.60809634   35.05610021   37.51441368   43.69908384   63.18664012 
energy          : -2464.51768787  -2464.51140531  -2464.50356867  -2464.48945511  -2464.46720339  -2464.42268447  -2464.51044230  -2464.51764017  -2464.54813127 
max(|Fr_perp|)   :   0.00000000    0.00033050    0.00041104    0.01125147    0.04762465    0.05160919    0.01877932    0.01803696    0.00000000 
Fr_paral         :   0.00000000   -0.00088186   -0.00212784   -0.01352775   -0.09759045    0.13709856    0.01595270   -0.02020321    0.00000000 
max(|Fsp_paral|) :   0.00000000    0.00623423    0.00322599    0.07683515    0.03324917    0.05215207    0.04354589    0.03284488    0.00000000 
max(|Fsp_perp|)  :   0.00000000    0.00000000    0.00000000    0.00000000    0.00000000    0.00000000    0.00000000    0.00000000    0.00000000 
max(|FNEB|)      :   0.00000000    0.00628602    0.00281495    0.07878808    0.04268550    0.09715320    0.04715068    0.03331712    0.00000000 
max(|Force|)     :   0.00011174    0.00050273    0.00126112    0.01322336    0.05762543    0.10058687    0.02097357    0.02111707    0.00045404 
ksp              :   0.01595169    0.02337560    0.03674587    0.05782569    0.10000000    0.10000000    0.01686398    0.01004519 
max(|step|)      :   0.00000000    0.00654383    0.00283953    0.08114557    0.04305321    0.10000000    0.04967207    0.03465806    0.00072144 
angle (deg.)     :    20.6036  38.3265  69.4373  73.2648  78.4039  56.9462  77.8826 
>
iteration       : 88
climbing        : no
zoom on         : no
nim             : 9
barrier         :   0.09983973 (image:  5) 
distance        :   0.00000000   13.48378089   21.45524044   26.75134601   31.59532089   34.88783876   37.26397968   43.63752350   63.09647310 
energy          : -2464.51768787  -2464.51143477  -2464.50355406  -2464.48884238  -2464.46592168  -2464.41784814  -2464.50958577  -2464.51728494  -2464.54813127 
max(|Fr_perp|)   :   0.00000000    0.00034169    0.00052758    0.01029130    0.04390913    0.05530974    0.01908196    0.01874144    0.00000000 
Fr_paral         :   0.00000000   -0.00087400   -0.00218383   -0.01336285   -0.09520845    0.13923822    0.01797417   -0.02174403    0.00000000 
max(|Fsp_paral|) :   0.00000000    0.00612147    0.00386982    0.07154742    0.02963742    0.04842343    0.03955122    0.03248010    0.00000000 
max(|Fsp_perp|)  :   0.00000000    0.00000000    0.00000000    0.00000000    0.00000000    0.00000000    0.00000000    0.00000000    0.00000000 
max(|FNEB|)      :   0.00000000    0.00619351    0.00334222    0.07357907    0.03882621    0.09703726    0.04173477    0.03240930    0.00000000 
max(|Force|)     :   0.00011174    0.00051467    0.00142689    0.01226840    0.05506744    0.10365743    0.02192374    0.02198195    0.00045404 
ksp              :   0.01563776    0.02274270    0.03600435    0.05666750    0.10000000    0.10000000    0.01730176    0.01036207 
max(|step|)      :   0.00000000    0.00638261    0.00344426    0.07582559    0.04001165    0.10000000    0.04300902    0.03339882    0.00000000 
angle (deg.)     :    20.6654  38.6876  68.6202  73.3844  76.4076  57.1346  78.1949 
>
iteration       : 89
climbing        : no
zoom on         : no
nim             : 9
barrier         :   0.10349616 (image:  5) 
distance        :   0.00000000   13.45528771   21.46563783   26.78883150   31.58282198   34.73779020   37.05086355   43.60401721   63.03476085 
energy          : -2464.51768787  -2464.51146338  -2464.50353607  -2464.48823113  -2464.46482143  -2464.41419171  -2464.50872876  -2464.51687952  -2464.54813127 
max(|Fr_perp|)   :   0.00000000    0.00035247    0.00066095    0.00948501    0.04275254    0.05731013    0.01931210    0.01909252    0.00000000 
Fr_paral         :   0.00000000   -0.00086556   -0.00225020   -0.01328097   -0.09492141    0.13626024    0.01981836   -0.02317652    0.00000000 
max(|Fsp_paral|) :   0.00000000    0.00594496    0.00461942    0.06693792    0.02564395    0.04460216    0.03679447    0.03219733    0.00000000 
max(|Fsp_perp|)  :   0.00000000    0.00000000    0.00000000    0.00000000    0.00000000    0.00000000    0.00000000    0.00000000    0.00000000 
max(|FNEB|)      :   0.00000000    0.00603512    0.00395847    0.06902151    0.03788630    0.09521385    0.03691116    0.03156810    0.00000000 
max(|Force|)     :   0.00011174    0.00052384    0.00161403    0.01147077    0.05471647    0.09990624    0.02280843    0.02247681    0.00045404 
ksp              :   0.01541280    0.02230637    0.03561551    0.05597252    0.10000000    0.10000000    0.01779082    0.01070294 
max(|step|)      :   0.00000000    0.00628915    0.00608461    0.06352019    0.03924069    0.10000000    0.03518420    0.03250120    0.00086874 
angle (deg.)     :    20.7357  38.9509  67.9624  73.4623  74.7895  57.5498  78.4432 
>
iteration       : 90
climbing        : no
zoom on         : no
nim             : 9
barrier         :   0.10532159 (image:  5) 
distance        :   0.00000000   13.42787071   21.48113078   26.82038464   31.56455494   34.61985815   36.89178674   43.60654341   63.00686288 
energy          : -2464.51768787  -2464.51149145  -2464.50350314  -2464.48769038  -2464.46527240  -2464.41236628  -2464.50805177  -2464.51651238  -2464.54813127 
max(|Fr_perp|)   :   0.00000000    0.00034932    0.00090380    0.00959604    0.04001616    0.06060341    0.01892034    0.01885975    0.00000000 
Fr_paral         :   0.00000000   -0.00086041   -0.00236635   -0.01324060   -0.09089211    0.13709922    0.02077006   -0.02435305    0.00000000 
max(|Fsp_paral|) :   0.00000000    0.00564117    0.00523984    0.05904051    0.02493332    0.04149901    0.03415465    0.03180346    0.00000000 
max(|Fsp_perp|)  :   0.00000000    0.00000000    0.00000000    0.00000000    0.00000000    0.00000000    0.00000000    0.00000000    0.00000000 
max(|FNEB|)      :   0.00000000    0.00574313    0.00433577    0.06106390    0.03509065    0.09544588    0.03332548    0.03058828    0.00000000 
max(|Force|)     :   0.00011174    0.00051974    0.00192822    0.01160435    0.05190737    0.10688399    0.02278327    0.02326854    0.00045404 
ksp              :   0.01529500    0.02212092    0.03563142    0.05478716    0.10000000    0.10000000    0.01823144    0.01100273 
max(|step|)      :   0.00000000    0.00601716    0.00454265    0.06397751    0.03676497    0.10000000    0.03491558    0.03204777    0.00000000 
angle (deg.)     :    20.7998  39.2538  67.3127  73.6099  73.4343  58.1360  78.7248 
>
iteration       : 91
climbing        : no
zoom on         : no
nim             : 9
barrier         :   0.10653708 (image:  5) 
distance        :   0.00000000   13.40118710   21.49382034   26.85404260   31.55717927   34.49947317   36.73584256   43.61955463   62.99184970 
energy          : -2464.51768787  -2464.51151815  -2464.50347761  -2464.48719315  -2464.46447069  -2464.41115079  -2464.50725132  -2464.51596057  -2464.54813127 
max(|Fr_perp|)   :   0.00000000    0.00035513    0.00104690    0.00799227    0.04106369    0.05723858    0.01921101    0.01905663    0.00000000 
Fr_paral         :   0.00000000   -0.00085320   -0.00244759   -0.01295963   -0.09205483    0.12406241    0.02242835   -0.02557587    0.00000000 
max(|Fsp_paral|) :   0.00000000    0.00534315    0.00602318    0.05636128    0.01958695    0.03747534    0.03157074    0.03202963    0.00000000 
max(|Fsp_perp|)  :   0.00000000    0.00000000    0.00000000    0.00000000    0.00000000    0.00000000    0.00000000    0.00000000    0.00000000 
max(|FNEB|)      :   0.00000000    0.00546342    0.00497628    0.05832243    0.03701854    0.08819775    0.02934484    0.03018075    0.00000000 
max(|Force|)     :   0.00011174    0.00052416    0.00212979    0.00997553    0.05341049    0.08615228    0.02370565    0.02379262    0.00045404 
ksp              :   0.01521203    0.02200449    0.03576121    0.05495661    0.10000000    0.10000000    0.01881655    0.01145918 
max(|step|)      :   0.00000000    0.00618013    0.00509087    0.06506266    0.03938405    0.10000000    0.03434827    0.03316952    0.00116177 
angle (deg.)     :    20.8665  39.5607  66.6639  73.8436  72.0299  58.8836  79.0144 
>
iteration       : 92
climbing        : no
zoom on         : no
nim             : 9
barrier         :   0.10796001 (image:  5) 
distance        :   0.00000000   13.37417779   21.50764651   26.88880662   31.54961003   34.38472229   36.58873107   43.64644571   62.98986170 
energy          : -2464.51768787  -2464.51154538  -2464.50344813  -2464.48664486  -2464.46408558  -2464.40972786  -2464.50643339  -2464.51524989  -2464.54813127 
max(|Fr_perp|)   :   0.00000000    0.00035907    0.00121179    0.00647002    0.03909844    0.05653515    0.01906156    0.01925513    0.00000000 
Fr_paral         :   0.00000000   -0.00084641   -0.00254420   -0.01273671   -0.08996709    0.11851908    0.02378614   -0.02692571    0.00000000 
max(|Fsp_paral|) :   0.00000000    0.00504454    0.00685529    0.05193935    0.01570082    0.03352487    0.03018894    0.03292378    0.00000000 
max(|Fsp_perp|)  :   0.00000000    0.00000000    0.00000000    0.00000000    0.00000000    0.00000000    0.00000000    0.00000000    0.00000000 
max(|FNEB|)      :   0.00000000    0.00518332    0.00564449    0.05378227    0.03567613    0.08382157    0.02866476    0.03043146    0.00000000 
max(|Force|)     :   0.00011174    0.00052671    0.00236030    0.00887282    0.05219831    0.08416138    0.02414575    0.02444685    0.00045404 
ksp              :   0.01512051    0.02187011    0.03587545    0.05468541    0.10000000    0.10000000    0.01937939    0.01202925 
max(|step|)      :   0.00000000    0.00618375    0.00673393    0.06416280    0.04256199    0.10000000    0.03419735    0.03630505    0.00000000 
angle (deg.)     :    20.9405  39.8453  66.0279  74.1309  70.4847  59.7470  79.3217 
>
iteration       : 93
climbing        : no
zoom on         : no
nim             : 9
barrier         :   0.10834868 (image:  5) 
distance        :   0.00000000   13.34701377   21.52474280   26.92293909   31.53849536   34.27979469   36.45423491   43.69555461   63.00670027 
energy          : -2464.51768787  -2464.51157260  -2464.50340863  -2464.48606555  -2464.46461344  -2464.40933919  -2464.50571993  -2464.51428285  -2464.54813127 
max(|Fr_perp|)   :   0.00000000    0.00035594    0.00144356    0.00575322    0.03406928    0.06030651    0.01831189    0.01950568    0.00000000 
Fr_paral         :   0.00000000   -0.00084099   -0.00267677   -0.01270023   -0.08425390    0.11987353    0.02452900   -0.02863823    0.00000000 
max(|Fsp_paral|) :   0.00000000    0.00466350    0.00783965    0.04507597    0.01350618    0.03013210    0.02893479    0.03514822    0.00000000 
max(|Fsp_perp|)  :   0.00000000    0.00000000    0.00000000    0.00000000    0.00000000    0.00000000    0.00000000    0.00000000    0.00000000 
max(|FNEB|)      :   0.00000000    0.00481517    0.00639610    0.04674247    0.03092725    0.08452530    0.02875035    0.03202470    0.00000000 
max(|Force|)     :   0.00011174    0.00052265    0.00267774    0.00896215    0.04762399    0.08836354    0.02380739    0.02563657    0.00045404 
ksp              :   0.01507966    0.02186107    0.03626713    0.05408636    0.10000000    0.10000000    0.01994119    0.01282838 
max(|step|)      :   0.00000000    0.00608552    0.00703692    0.06101024    0.04045892    0.10000000    0.03414498    0.03693745    0.00140301 
angle (deg.)     :    21.0142  40.1168  65.4366  74.4433  69.3357  60.7623  79.6350 
>
iteration       : 94
climbing        : no
zoom on         : no
nim             : 9
barrier         :   0.10873812 (image:  5) 
distance        :   0.00000000   13.32066518   21.54237186   26.95610739   31.52925806   34.18548283   36.34125222   43.76675705   63.04576048 
energy          : -2464.51768787  -2464.51159916  -2464.50336560  -2464.48549875  -2464.46507444  -2464.40894975  -2464.50502478  -2464.51307334  -2464.54813127 
max(|Fr_perp|)   :   0.00000000    0.00035236    0.00168302    0.00515891    0.03093759    0.06014991    0.01778891    0.01990191    0.00000000 
Fr_paral         :   0.00000000   -0.00083596   -0.00281803   -0.01266119   -0.08015166    0.11502857    0.02522221   -0.03050998    0.00000000 
max(|Fsp_paral|) :   0.00000000    0.00428441    0.00877169    0.03876887    0.01146593    0.02657039    0.02732087    0.03850822    0.00000000 
max(|Fsp_perp|)  :   0.00000000    0.00000000    0.00000000    0.00000000    0.00000000    0.00000000    0.00000000    0.00000000    0.00000000 
max(|FNEB|)      :   0.00000000    0.00445053    0.00709153    0.04022293    0.02814812    0.08128795    0.02830784    0.03474994    0.00000000 
max(|Force|)     :   0.00011174    0.00051819    0.00300453    0.00910876    0.04474586    0.08615381    0.02367522    0.02686853    0.00045404 
ksp              :   0.01503853    0.02185158    0.03663528    0.05354218    0.10000000    0.10000000    0.02047760    0.01381273 
max(|step|)      :   0.00000000    0.00547502    0.00872396    0.04948203    0.03462767    0.10000000    0.03482415    0.04274920    0.00000000 
angle (deg.)     :    21.0913  40.3139  64.9661  74.6414  68.9222  61.8626  79.9919 
>
iteration       : 95
climbing        : no
zoom on         : no
nim             : 9
barrier         :   0.10690459 (image:  5) 
distance        :   0.00000000   13.29688737   21.56312975   26.98292129   31.52108856   34.11235802   36.26636991   43.88793122   63.13040218 
energy          : -2464.51768787  -2464.51162327  -2464.50331116  -2464.48505320  -2464.46586892  -2464.41078328  -2464.50456816  -2464.51122167  -2464.54813127 
max(|Fr_perp|)   :   0.00000000    0.00034196    0.00197183    0.00462704    0.03330600    0.05015020    0.01765295    0.02109652    0.00000000 
Fr_paral         :   0.00000000   -0.00083254   -0.00298450   -0.01264845   -0.08040337    0.10086244    0.02619911   -0.03326919    0.00000000 
max(|Fsp_paral|) :   0.00000000    0.00376420    0.00972057    0.03344640    0.00869914    0.02319243    0.02534105    0.04574005    0.00000000 
max(|Fsp_perp|)  :   0.00000000    0.00000000    0.00000000    0.00000000    0.00000000    0.00000000    0.00000000    0.00000000    0.00000000 
max(|FNEB|)      :   0.00000000    0.00394172    0.00774873    0.03469268    0.03124329    0.06828006    0.02722632    0.04139175    0.00000000 
max(|Force|)     :   0.00011174    0.00050712    0.00339459    0.00926247    0.04605126    0.07444636    0.02393312    0.02876642    0.00045404 
ksp              :   0.01510562    0.02210335    0.03747422    0.05362493    0.10000000    0.10000000    0.02104512    0.01544371 
max(|step|)      :   0.00000000    0.00561178    0.00930512    0.04979857    0.03710754    0.10000000    0.03593913    0.04679616    0.00177138 
angle (deg.)     :    21.1713  40.5131  64.5027  74.9071  68.6147  63.0513  80.3877 
>
iteration       : 96
climbing        : no
zoom on         : no
nim             : 9
barrier         :   0.10834101 (image:  5) 
distance        :   0.00000000   13.27287001   21.58518301   27.01031768   31.51427731   34.04398580   36.19992953   44.03238533   63.23655228 
energy          : -2464.51768787  -2464.51164771  -2464.50325033  -2464.48458594  -2464.46648132  -2464.40934686  -2464.50404836  -2464.50876206  -2464.54813127 
max(|Fr_perp|)   :   0.00000000    0.00033080    0.00227072    0.00444159    0.03329439    0.08277899    0.01731287    0.02279672    0.00000000 
Fr_paral         :   0.00000000   -0.00082947   -0.00316348   -0.01260633   -0.07748658    0.09079434    0.02637811   -0.03655964    0.00000000 
max(|Fsp_paral|) :   0.00000000    0.00342908    0.00995822    0.02749507    0.00902118    0.01974599    0.02378793    0.05541146    0.00000000 
max(|Fsp_perp|)  :   0.00000000    0.00000000    0.00000000    0.00000000    0.00000000    0.00000000    0.00000000    0.00000000    0.00000000 
max(|FNEB|)      :   0.00000000    0.00361109    0.00769059    0.02848853    0.03120235    0.08379905    0.02637509    0.05040447    0.00000000 
max(|Force|)     :   0.00011174    0.00049548    0.00379900    0.00944791    0.04534549    0.08191612    0.02379078    0.03087328    0.00045404 
ksp              :   0.01501528    0.02198747    0.03748420    0.05252484    0.10000000    0.10000000    0.02132559    0.01739965 
max(|step|)      :   0.00000000    0.00430922    0.00917741    0.03399625    0.03723473    0.10000000    0.03147422    0.06014921    0.00000000 
angle (deg.)     :    21.2428  40.6277  64.2019  75.1197  67.3972  63.8522  80.9050 
>
iteration       : 97
climbing        : no
zoom on         : no
nim             : 9
barrier         :   0.10492777 (image:  5) 
distance        :   0.00000000   13.25442359   21.60693096   27.02873973   31.51195600   33.99244609   36.13787681   44.21261964   63.37190933 
energy          : -2464.51768787  -2464.51166680  -2464.50318867  -2464.48428907  -2464.46760803  -2464.41276010  -2464.50388673  -2464.50441192  -2464.54813127 
max(|Fr_perp|)   :   0.00000000    0.00031562    0.00248500    0.00429358    0.02807374    0.05301232    0.01547495    0.02699574    0.00000000 
Fr_paral         :   0.00000000   -0.00082875   -0.00330745   -0.01253208   -0.06851837    0.09649066    0.02539360   -0.04224630    0.00000000 
max(|Fsp_paral|) :   0.00000000    0.00282216    0.01081601    0.02300930    0.00589311    0.01770629    0.01948790    0.07680459    0.00000000 
max(|Fsp_perp|)  :   0.00000000    0.00000000    0.00000000    0.00000000    0.00000000    0.00000000    0.00000000    0.00000000    0.00000000 
max(|FNEB|)      :   0.00000000    0.00301467    0.00833101    0.02378249    0.02839695    0.06661588    0.02245527    0.07119920    0.00000000 
max(|Force|)     :   0.00011174    0.00048014    0.00410096    0.00957275    0.03624848    0.07042633    0.02178097    0.03456564    0.00045404 
ksp              :   0.01516447    0.02243644    0.03864725    0.05295513    0.10000000    0.10000000    0.02183769    0.02138722 
max(|step|)      :   0.00000000    0.00539349    0.01177350    0.04202168    0.04505703    0.10000000    0.03899828    0.08100260    0.00242058 
angle (deg.)     :    21.3330  40.7717  63.8377  75.5437  67.0204  65.1066  81.6128 
>
iteration       : 98
climbing        : no
zoom on         : no
nim             : 9
barrier         :   0.11789881 (image:  5) 
distance        :   0.00000000   13.23167281   21.63476934   27.05181373   31.51034593   33.94508085   36.09553352   44.49203550   63.59510209 
energy          : -2464.51768787  -2464.51169045  -2464.50310626  -2464.48389301  -2464.46648275  -2464.39978906  -2464.50310435  -2464.49714907  -2464.54813127 
max(|Fr_perp|)   :   0.00000000    0.00029588    0.00275652    0.00411525    0.06854556    0.12162988    0.03294351    0.03518790    0.00000000 
Fr_paral         :   0.00000000   -0.00082817   -0.00349293   -0.01233884   -0.05202862    0.09408958    0.01834686   -0.04570990    0.00000000 
max(|Fsp_paral|) :   0.00000000    0.00318915    0.00806473    0.02055434    0.01368270    0.01488133    0.00016522    0.08350864    0.00000000 
max(|Fsp_perp|)  :   0.00000000    0.00000000    0.00000000    0.00000000    0.00000000    0.00000000    0.00000000    0.00000000    0.00000000 
max(|FNEB|)      :   0.00000000    0.00334775    0.00530918    0.02097779    0.07073570    0.12249225    0.03300748    0.07452196    0.00000000 
max(|Force|)     :   0.00011174    0.00046175    0.00448405    0.00972527    0.06477155    0.12053594    0.03089350    0.03993601    0.00045404 
ksp              :   0.01457394    0.02112054    0.03577325    0.04906976    0.10000000    0.10000000    0.02565023    0.02565023 
max(|step|)      :   0.00000000    0.00273303    0.00433430    0.01712581    0.05774708    0.10000000    0.02694659    0.06083810    0.00000000 
angle (deg.)     :    21.3743  40.8386  63.6685  75.2346  67.5754  65.9808  81.7173 
>
iteration       : 99
climbing        : no
zoom on         : no
nim             : 9
barrier         :   0.09888395 (image:  5) 
distance        :   0.00000000   13.21995835   21.64708447   27.06211679   31.50899305   33.92428938   36.12089817   44.73922670   63.73847591 
energy          : -2464.51768787  -2464.51170259  -2464.50307491  -2464.48375268  -2464.46915122  -2464.41880392  -2464.50456311  -2464.49129753  -2464.54813127 
max(|Fr_perp|)   :   0.00000000    0.00029330    0.00268488    0.00398327    0.02611662    0.03840873    0.01734496    0.04105408    0.00000000 
Fr_paral         :   0.00000000   -0.00082542   -0.00349898   -0.01244762   -0.06849087    0.08185621    0.01781457   -0.04424021    0.00000000 
max(|Fsp_paral|) :   0.00000000    0.00163316    0.01245253    0.01603120    0.00033991    0.01152424    0.03243606    0.09620747    0.00000000 
max(|Fsp_perp|)  :   0.00000000    0.00000000    0.00000000    0.00000000    0.00000000    0.00000000    0.00000000    0.00000000    0.00000000 
max(|FNEB|)      :   0.00000000    0.00185531    0.00976765    0.01645391    0.02603656    0.04701942    0.03513348    0.08288102    0.00000000 
max(|Force|)     :   0.00011174    0.00045727    0.00442437    0.00980383    0.03688517    0.05856995    0.01954965    0.04488932    0.00045404 
ksp              :   0.01544755    0.02330010    0.04088637    0.05417601    0.10000000    0.10000000    0.03401937    0.03401937 
max(|step|)      :   0.00000000    0.00335736    0.00727556    0.02218704    0.05564521    0.10000000    0.02623867    0.08603933    0.00220496 
angle (deg.)     :    21.4323  40.9135  63.4665  75.3390  69.6281  67.2198  81.7547 
>
iteration       : 100
climbing        : no
zoom on         : no
nim             : 9
barrier         :   0.11182000 (image:  5) 
distance        :   0.00000000   13.20593826   21.66581929   27.07488854   31.50871749   33.92544957   36.21958396   45.14220362   63.97286715 
energy          : -2464.51768787  -2464.51171743  -2464.50302127  -2464.48353076  -2464.46490063  -2464.40586787  -2464.50519779  -2464.48183272  -2464.54813127 
max(|Fr_perp|)   :   0.00000000    0.00027827    0.00271991    0.00633047    0.06978453    0.14856519    0.03120238    0.04935395    0.00000000 
Fr_paral         :   0.00000000   -0.00082647   -0.00356171   -0.01225871   -0.06405847    0.06207434    0.01216939   -0.04370879    0.00000000 
max(|Fsp_paral|) :   0.00000000    0.00230289    0.00915288    0.02460023    0.00489986    0.00639378    0.04718725    0.09247803    0.00000000 
max(|Fsp_perp|)  :   0.00000000    0.00000000    0.00000000    0.00000000    0.00000000    0.00000000    0.00000000    0.00000000    0.00000000 
max(|FNEB|)      :   0.00000000    0.00248199    0.00643384    0.02477350    0.07044280    0.14940552    0.05280714    0.08747774    0.00000000 
max(|Force|)     :   0.00011174    0.00044386    0.00450205    0.00988073    0.06670036    0.14705320    0.03040298    0.05243335    0.00045404 
ksp              :   0.01480141    0.02179470    0.03746874    0.05247608    0.10000000    0.10000000    0.03882452    0.03882452 
max(|step|)      :   0.00000000    0.00166124    0.00430630    0.01658139    0.04714873    0.10000000    0.03534484    0.05855054    0.00000000 
angle (deg.)     :    21.4642  40.9758  63.3038  75.3877  68.4788  66.8722  81.1976 
>
iteration       : 101
climbing        : no
zoom on         : no
nim             : 9
barrier         :   0.09547814 (image:  5) 
distance        :   0.00000000   13.19900361   21.67673310   27.08426847   31.50458852   33.91008877   36.27633453   45.34135488   63.97683097 
energy          : -2464.51768787  -2464.51172498  -2464.50298912  -2464.48337779  -2464.47111290  -2464.42220973  -2464.50758239  -2464.47753805  -2464.54813127 
max(|Fr_perp|)   :   0.00000000    0.00026925    0.00278131    0.00376493    0.02059476    0.02856251    0.01332472    0.04970095    0.00000000 
Fr_paral         :   0.00000000   -0.00082654   -0.00361878   -0.01250172   -0.06229742    0.07269396    0.00893827   -0.04106564    0.00000000 
max(|Fsp_paral|) :   0.00000000    0.00081848    0.01343826    0.00762382    0.00125623    0.00204967    0.06821088    0.10173518    0.00000000 
max(|Fsp_perp|)  :   0.00000000    0.00000000    0.00000000    0.00000000    0.00000000    0.00000000    0.00000000    0.00000000    0.00000000 
max(|FNEB|)      :   0.00000000    0.00105211    0.01065695    0.00793766    0.02030720    0.03010466    0.07498812    0.10420250    0.00000000 
max(|Force|)     :   0.00011174    0.00043352    0.00460106    0.00993029    0.03099833    0.05171019    0.01358205    0.05221179    0.00045404 
ksp              :   0.01562076    0.02385539    0.04234151    0.05390269    0.10000000    0.10000000    0.04784619    0.04784619 
max(|step|)      :   0.00000000    0.00175882    0.00539497    0.01702269    0.04611318    0.10000000    0.04286795    0.06786147    0.00114257 
angle (deg.)     :    21.5012  41.0338  63.1542  75.7832  68.5300  66.5344  80.5746 
>
iteration       : 102
climbing        : no
zoom on         : no
nim             : 9
barrier         :   0.10112209 (image:  5) 
distance        :   0.00000000   13.19184219   21.68987259   27.09373627   31.50260917   33.91693415   36.38571361   45.61293234   64.01905183 
energy          : -2464.51768787  -2464.51173290  -2464.50294816  -2464.48317966  -2464.46904442  -2464.41656578  -2464.50891427  -2464.47196882  -2464.54813127 
max(|Fr_perp|)   :   0.00000000    0.00026071    0.00289460    0.00472152    0.07183915    0.07453143    0.02208097    0.04998268    0.00000000 
Fr_paral         :   0.00000000   -0.00082934   -0.00370098   -0.01241232   -0.04340706    0.07272482    0.00514287   -0.03964250    0.00000000 
max(|Fsp_paral|) :   0.00000000    0.00111954    0.01188869    0.01229660    0.00356062    0.00284089    0.07236855    0.10012682    0.00000000 
max(|Fsp_perp|)  :   0.00000000    0.00000000    0.00000000    0.00000000    0.00000000    0.00000000    0.00000000    0.00000000    0.00000000 
max(|FNEB|)      :   0.00000000    0.00132623    0.00899555    0.01247834    0.07247229    0.07447279    0.07979480    0.10620527    0.00000000 
max(|Force|)     :   0.00011174    0.00042012    0.00476426    0.00997578    0.06897596    0.07263355    0.02139786    0.05212489    0.00045404 
ksp              :   0.01529831    0.02311417    0.04070278    0.05329676    0.10000000    0.10000000    0.05066696    0.05066696 
max(|step|)      :   0.00000000    0.00124874    0.00846997    0.01174927    0.06823794    0.07012155    0.07513262    0.10000000    0.00000000 
angle (deg.)     :    21.5471  41.0425  63.0193  75.6373  70.3953  64.7303  79.3772 
>
iteration       : 103
climbing        : no
zoom on         : no
nim             : 9
barrier         :   0.09058848 (image:  5) 
distance        :   0.00000000   13.18709031   21.70865567   27.09916538   31.49802238   33.92838693   36.58165134   45.93909922   63.98187748 
energy          : -2464.51768787  -2464.51173899  -2464.50288345  -2464.48311734  -2464.47278406  -2464.42709939  -2464.51087890  -2464.46548886  -2464.54813127 
max(|Fr_perp|)   :   0.00000000    0.00026051    0.00318611    0.00355975    0.02515072    0.02575602    0.01170017    0.04895667    0.00000000 
Fr_paral         :   0.00000000   -0.00083323   -0.00386142   -0.01232119   -0.05942805    0.06925897    0.00199895   -0.03780598    0.00000000 
max(|Fsp_paral|) :   0.00000000    0.00015451    0.01445274    0.00096868    0.00154221    0.01143230    0.08949836    0.11713349    0.00000000 
max(|Fsp_perp|)  :   0.00000000    0.00000000    0.00000000    0.00000000    0.00000000    0.00000000    0.00000000    0.00000000    0.00000000 
max(|FNEB|)      :   0.00000000    0.00035842    0.01126662    0.00342534    0.02513219    0.02509965    0.09805394    0.12191260    0.00000000 
max(|Force|)     :   0.00011174    0.00039730    0.00514469    0.01001483    0.02898994    0.04723663    0.01187062    0.05132760    0.00045404 
ksp              :   0.01591024    0.02470825    0.04434595    0.05461211    0.10000000    0.10000000    0.06185991    0.06185991 
max(|step|)      :   0.00000000    0.00000000    0.00000000    0.00000000    0.00000000    0.00000000    0.00000000    0.00000000    0.00000000 
angle (deg.)     :    21.5471  41.0425  63.0193  75.6372  70.3937  64.7312  79.3759 
>
iteration       : 104
climbing        : no
zoom on         : no
nim             : 9
barrier         :   0.09058246 (image:  5) 
distance        :   0.00000000   13.18709031   21.70865567   27.09916538   31.49802238   33.92838693   36.58165134   45.93909922   63.98187748 
energy          : -2464.51768787  -2464.51173898  -2464.50288331  -2464.48311749  -2464.47278713  -2464.42710541  -2464.51088125  -2464.46547669  -2464.54813127 
max(|Fr_perp|)   :   0.00000000    0.00026029    0.00318628    0.00355931    0.02511560    0.02575276    0.01171044    0.04895942    0.00000000 
Fr_paral         :   0.00000000   -0.00083353   -0.00386126   -0.01232216   -0.05942183    0.06925539    0.00199222   -0.03780459    0.00000000 
max(|Fsp_paral|) :   0.00000000    0.00015468    0.01445135    0.00097058    0.00154401    0.01144889    0.08947281    0.11712406    0.00000000 
max(|Fsp_perp|)  :   0.00000000    0.00000000    0.00000000    0.00000000    0.00000000    0.00000000    0.00000000    0.00000000    0.00000000 
max(|FNEB|)      :   0.00000000    0.00035868    0.01126684    0.00342525    0.02513335    0.02509969    0.09805411    0.12191163    0.00000000 
max(|Force|)     :   0.00011174    0.00039726    0.00514419    0.01001657    0.02898970    0.04723663    0.01187021    0.05133070    0.00045404 
ksp              :   0.01591025    0.02470827    0.04434595    0.05461210    0.10000000    0.10000000    0.06185999    0.06185999 
max(|step|)      :   0.00000000    0.00029421    0.00924181    0.00280962    0.02061604    0.02058843    0.08043048    0.10000000    0.00000000 
angle (deg.)     :    21.5870  40.9836  63.0338  75.6993  72.1056  62.0789  78.1181 
>
iteration       : 105
climbing        : no
zoom on         : no
nim             : 9
barrier         :   0.08754884 (image:  5) 
distance        :   0.00000000   13.18763691   21.72784510   27.09738943   31.50190188   33.95252346   36.80402249   46.23323899   63.90119287 
energy          : -2464.51768787  -2464.51174001  -2464.50281086  -2464.48317783  -2464.47385967  -2464.43013903  -2464.51186248  -2464.45882580  -2464.54813127 
max(|Fr_perp|)   :   0.00000000    0.00026094    0.00355585    0.00334615    0.01349323    0.02397023    0.01700179    0.04932528    0.00000000 
Fr_paral         :   0.00000000   -0.00084047   -0.00404498   -0.01208801   -0.05577852    0.06747476   -0.00118912   -0.03697770    0.00000000 
max(|Fsp_paral|) :   0.00000000    0.00072812    0.01430237    0.00138633    0.00141292    0.02023076    0.09819585    0.12744009    0.00000000 
max(|Fsp_perp|)  :   0.00000000    0.00000000    0.00000000    0.00000000    0.00000000    0.00000000    0.00000000    0.00000000    0.00000000 
max(|FNEB|)      :   0.00000000    0.00083756    0.01074652    0.00354042    0.01302160    0.03146224    0.10749460    0.13125304    0.00000000 
max(|Force|)     :   0.00011174    0.00036805    0.00560921    0.00999683    0.03016202    0.04528342    0.01697531    0.05253675    0.00045404 
ksp              :   0.01611438    0.02529353    0.04547623    0.05505528    0.10000000    0.10000000    0.07051007    0.07051007 
max(|step|)      :   0.00000000    0.00000000    0.00000000    0.00000000    0.00000000    0.00000000    0.00000000    0.00000000    0.00000000 
angle (deg.)     :    21.5871  40.9836  63.0338  75.6992  72.1045  62.0797  78.1170 
>
iteration       : 106
climbing        : no
zoom on         : no
nim             : 9
barrier         :   0.08754226 (image:  5) 
distance        :   0.00000000   13.18763691   21.72784510   27.09738943   31.50190188   33.95252346   36.80402249   46.23323899   63.90119287 
energy          : -2464.51768787  -2464.51173997  -2464.50281075  -2464.48317795  -2464.47386064  -2464.43014561  -2464.51186363  -2464.45881458  -2464.54813127 
max(|Fr_perp|)   :   0.00000000    0.00026093    0.00355611    0.00334572    0.01349213    0.02396651    0.01700870    0.04932386    0.00000000 
Fr_paral         :   0.00000000   -0.00084061   -0.00404521   -0.01208813   -0.05577733    0.06747091   -0.00119401   -0.03697624    0.00000000 
max(|Fsp_paral|) :   0.00000000    0.00072824    0.01430130    0.00138452    0.00141574    0.02024655    0.09816960    0.12742924    0.00000000 
max(|Fsp_perp|)  :   0.00000000    0.00000000    0.00000000    0.00000000    0.00000000    0.00000000    0.00000000    0.00000000    0.00000000 
max(|FNEB|)      :   0.00000000    0.00083771    0.01074660    0.00354048    0.01302149    0.03146239    0.10749445    0.13125241    0.00000000 
max(|Force|)     :   0.00011174    0.00036828    0.00560932    0.00999691    0.03016206    0.04528371    0.01697409    0.05253848    0.00045404 
ksp              :   0.01611437    0.02529351    0.04547627    0.05505528    0.10000000    0.10000000    0.07051008    0.07051008 
max(|step|)      :   0.00000000    0.00063825    0.00818774    0.00269746    0.00992095    0.02397091    0.08189903    0.10000000    0.00000000 
angle (deg.)     :    21.6209  40.9222  63.0556  75.7186  74.0519  59.1653  76.8256 
>
iteration       : 107
climbing        : no
zoom on         : no
nim             : 9
barrier         :   0.08409855 (image:  5) 
distance        :   0.00000000   13.19010946   21.74546803   27.09460222   31.50592853   33.98801307   37.05316265   46.51810013   63.80321979 
energy          : -2464.51768787  -2464.51173905  -2464.50274493  -2464.48324991  -2464.47435300  -2464.43358932  -2464.51226861  -2464.45253528  -2464.54813127 
max(|Fr_perp|)   :   0.00000000    0.00026310    0.00378958    0.00314518    0.01304832    0.02181545    0.02141838    0.04914975    0.00000000 
Fr_paral         :   0.00000000   -0.00084741   -0.00416849   -0.01190189   -0.05530412    0.06525658   -0.00386486   -0.03627996    0.00000000 
max(|Fsp_paral|) :   0.00000000    0.00135092    0.01435346    0.00158551    0.00026560    0.02893641    0.11193927    0.13722526    0.00000000 
max(|Fsp_perp|)  :   0.00000000    0.00000000    0.00000000    0.00000000    0.00000000    0.00000000    0.00000000    0.00000000    0.00000000 
max(|FNEB|)      :   0.00000000    0.00136132    0.01056388    0.00336820    0.01313670    0.03962099    0.11530210    0.14028658    0.00000000 
max(|Force|)     :   0.00011174    0.00034029    0.00590645    0.00997764    0.02948323    0.04307018    0.02135748    0.05307740    0.00045404 
ksp              :   0.01636627    0.02599153    0.04685457    0.05637581    0.10000000    0.10000000    0.07972454    0.07972454 
max(|step|)      :   0.00000000    0.00000000    0.00000000    0.00000000    0.00000000    0.00000000    0.00000000    0.00000000    0.00000000 
angle (deg.)     :    21.6210  40.9222  63.0556  75.7185  74.0508  59.1663  76.8247 
>
iteration       : 108
climbing        : no
zoom on         : no
nim             : 9
barrier         :   0.08409150 (image:  5) 
distance        :   0.00000000   13.19010946   21.74546803   27.09460222   31.50592853   33.98801307   37.05316265   46.51810013   63.80321979 
energy          : -2464.51768787  -2464.51173907  -2464.50274484  -2464.48325003  -2464.47435399  -2464.43359637  -2464.51226870  -2464.45252466  -2464.54813127 
max(|Fr_perp|)   :   0.00000000    0.00026308    0.00378947    0.00314411    0.01304089    0.02181207    0.02142507    0.04915075    0.00000000 
Fr_paral         :   0.00000000   -0.00084740   -0.00416853   -0.01190021   -0.05531054    0.06525437   -0.00386907   -0.03627892    0.00000000 
max(|Fsp_paral|) :   0.00000000    0.00135105    0.01435226    0.00158376    0.00026159    0.02895154    0.11192484    0.13721368    0.00000000 
max(|Fsp_perp|)  :   0.00000000    0.00000000    0.00000000    0.00000000    0.00000000    0.00000000    0.00000000    0.00000000    0.00000000 
max(|FNEB|)      :   0.00000000    0.00136287    0.01056401    0.00336753    0.01313046    0.03962156    0.11530204    0.14028645    0.00000000 
max(|Force|)     :   0.00011174    0.00034190    0.00590620    0.00997553    0.02948549    0.04307205    0.02135594    0.05307814    0.00045404 
ksp              :   0.01636626    0.02599153    0.04685455    0.05637576    0.10000000    0.10000000    0.07972460    0.07972460 
max(|step|)      :   0.00000000    0.00097149    0.00753031    0.00240047    0.00935975    0.02824333    0.08219043    0.10000000    0.00000000 
angle (deg.)     :    21.6498  40.8648  63.0699  75.7483  76.0300  56.1518  75.5270 
>
iteration       : 109
climbing        : no
zoom on         : no
nim             : 9
barrier         :   0.08026380 (image:  5) 
distance        :   0.00000000   13.19441538   21.76194250   27.09171441   31.50906909   34.03431759   37.33102233   46.80208684   63.69912704 
energy          : -2464.51768787  -2464.51173631  -2464.50268310  -2464.48331401  -2464.47487733  -2464.43742407  -2464.51210470  -2464.44642094  -2464.54813127 
max(|Fr_perp|)   :   0.00000000    0.00026486    0.00396086    0.00297106    0.01221377    0.02058375    0.02555061    0.04894091    0.00000000 
Fr_paral         :   0.00000000   -0.00085198   -0.00426446   -0.01176423   -0.05457672    0.06253355   -0.00629956   -0.03570917    0.00000000 
max(|Fsp_paral|) :   0.00000000    0.00204475    0.01468300    0.00204622    0.00202874    0.03759067    0.12732596    0.14721455    0.00000000 
max(|Fsp_perp|)  :   0.00000000    0.00000000    0.00000000    0.00000000    0.00000000    0.00000000    0.00000000    0.00000000    0.00000000 
max(|FNEB|)      :   0.00000000    0.00202921    0.01072214    0.00325931    0.01289353    0.04776451    0.12793791    0.14970400    0.00000000 
max(|Force|)     :   0.00011174    0.00031596    0.00612726    0.00995555    0.02898776    0.04064449    0.02550970    0.05348830    0.00045404 
ksp              :   0.01667350    0.02682488    0.04854349    0.05800357    0.10000000    0.10000000    0.08991179    0.08991179 
max(|step|)      :   0.00000000    0.00000000    0.00000000    0.00000000    0.00000000    0.00000000    0.00000000    0.00000000    0.00000000 
angle (deg.)     :    21.6499  40.8648  63.0699  75.7482  76.0290  56.1529  75.5261 
>
iteration       : 110
climbing        : no
zoom on         : no
nim             : 9
barrier         :   0.08025645 (image:  5) 
distance        :   0.00000000   13.19441538   21.76194250   27.09171441   31.50906909   34.03431759   37.33102233   46.80208684   63.69912704 
energy          : -2464.51768787  -2464.51173629  -2464.50268302  -2464.48331413  -2464.47487830  -2464.43743141  -2464.51210377  -2464.44641075  -2464.54813127 
max(|Fr_perp|)   :   0.00000000    0.00026502    0.00396146    0.00296978    0.01221158    0.02058301    0.02555880    0.04894286    0.00000000 
Fr_paral         :   0.00000000   -0.00085458   -0.00426498   -0.01176296   -0.05457600    0.06252802   -0.00630370   -0.03570868    0.00000000 
max(|Fsp_paral|) :   0.00000000    0.00204462    0.01468212    0.00204454    0.00202396    0.03760543    0.12730929    0.14720229    0.00000000 
max(|Fsp_perp|)  :   0.00000000    0.00000000    0.00000000    0.00000000    0.00000000    0.00000000    0.00000000    0.00000000    0.00000000 
max(|FNEB|)      :   0.00000000    0.00202817    0.01072222    0.00325836    0.01289327    0.04776456    0.12793819    0.14970389    0.00000000 
max(|Force|)     :   0.00011174    0.00031518    0.00612738    0.00995402    0.02898829    0.04064453    0.02551049    0.05348898    0.00045404 
ksp              :   0.01667355    0.02682486    0.04854350    0.05800357    0.10000000    0.10000000    0.08991181    0.08991181 
max(|step|)      :   0.00000000    0.00135479    0.00716229    0.00217654    0.00861251    0.03190603    0.08546083    0.10000000    0.00000000 
angle (deg.)     :    21.6746  40.8083  63.0802  75.7870  77.9560  53.1465  74.2385 
>
iteration       : 111
climbing        : no
zoom on         : no
nim             : 9
barrier         :   0.07730275 (image:  7) 
distance        :   0.00000000   13.20052747   21.77761504   27.08856643   31.51137505   34.09003797   37.63852227   47.08949723   63.59501484 
energy          : -2464.51768787  -2464.51173167  -2464.50262325  -2464.48337478  -2464.47543546  -2464.44156418  -2464.51133786  -2464.44038512  -2464.54813127 
max(|Fr_perp|)   :   0.00000000    0.00026712    0.00411092    0.00281654    0.01125531    0.02027020    0.02958662    0.04996970    0.00000000 
Fr_paral         :   0.00000000   -0.00086422   -0.00434982   -0.01164224   -0.05378281    0.05932547   -0.00862191   -0.03524804    0.00000000 
max(|Fsp_paral|) :   0.00000000    0.00263546    0.01477369    0.00284449    0.00409487    0.04569227    0.14151660    0.15566891    0.00000000 
max(|Fsp_perp|)  :   0.00000000    0.00000000    0.00000000    0.00000000    0.00000000    0.00000000    0.00000000    0.00000000    0.00000000 
max(|FNEB|)      :   0.00000000    0.00259980    0.01066277    0.00325491    0.01264881    0.05536318    0.14150330    0.15773287    0.00000000 
max(|Force|)     :   0.00011174    0.00029063    0.00632134    0.00992597    0.02854086    0.03801061    0.03117588    0.05397210    0.00045404 
ksp              :   0.01693453    0.02753904    0.04994913    0.05919252    0.09862727    0.09862727    0.10000000    0.10000000 
max(|step|)      :   0.00000000    0.00000000    0.00000000    0.00000000    0.00000000    0.00000000    0.00000000    0.00000000    0.00000000 
angle (deg.)     :    21.6747  40.8083  63.0801  75.7869  77.9550  53.1476  74.2377 
>
iteration       : 112
climbing        : no
zoom on         : no
nim             : 9
barrier         :   0.07731241 (image:  7) 
distance        :   0.00000000   13.20052747   21.77761504   27.08856643   31.51137505   34.09003797   37.63852227   47.08949723   63.59501484 
energy          : -2464.51768787  -2464.51173170  -2464.50262315  -2464.48337487  -2464.47543649  -2464.44157177  -2464.51133593  -2464.44037546  -2464.54813127 
max(|Fr_perp|)   :   0.00000000    0.00026703    0.00411089    0.00281821    0.01125368    0.02026940    0.02959459    0.04997190    0.00000000 
Fr_paral         :   0.00000000   -0.00086239   -0.00434992   -0.01164826   -0.05378109    0.05931882   -0.00862575   -0.03524762    0.00000000 
max(|Fsp_paral|) :   0.00000000    0.00263555    0.01477279    0.00284284    0.00408963    0.04570658    0.14149792    0.15565627    0.00000000 
max(|Fsp_perp|)  :   0.00000000    0.00000000    0.00000000    0.00000000    0.00000000    0.00000000    0.00000000    0.00000000    0.00000000 
max(|FNEB|)      :   0.00000000    0.00260004    0.01066279    0.00325685    0.01264852    0.05536312    0.14150363    0.15773278    0.00000000 
max(|Force|)     :   0.00011174    0.00029069    0.00632143    0.00993301    0.02854106    0.03801011    0.03117682    0.05397270    0.00045404 
ksp              :   0.01693450    0.02753903    0.04994913    0.05919252    0.09862715    0.09862715    0.10000000    0.10000000 
max(|step|)      :   0.00000000    0.00164838    0.00676003    0.00206479    0.00801895    0.03509931    0.08971098    0.10000000    0.00000000 
angle (deg.)     :    21.6959  40.7522  63.0891  75.8403  79.7708  50.2283  72.9674 
>
iteration       : 113
climbing        : no
zoom on         : no
nim             : 9
barrier         :   0.08317910 (image:  7) 
distance        :   0.00000000   13.20800727   21.79250392   27.08514792   31.51311157   34.15462463   37.97704686   47.38337134   63.49495828 
energy          : -2464.51768787  -2464.51172565  -2464.50256591  -2464.48343686  -2464.47604780  -2464.44593354  -2464.50993646  -2464.43450877  -2464.54813127 
max(|Fr_perp|)   :   0.00000000    0.00026835    0.00423470    0.00268201    0.01018709    0.01987970    0.03437017    0.05097901    0.00000000 
Fr_paral         :   0.00000000   -0.00086290   -0.00442275   -0.01153544   -0.05290444    0.05562404   -0.01085521   -0.03481176    0.00000000 
max(|Fsp_paral|) :   0.00000000    0.00187788    0.01157074    0.00432428    0.00672435    0.04838670    0.14813130    0.14799297    0.00000000 
max(|Fsp_perp|)  :   0.00000000    0.00000000    0.00000000    0.00000000    0.00000000    0.00000000    0.00000000    0.00000000    0.00000000 
max(|FNEB|)      :   0.00000000    0.00182073    0.00733604    0.00479891    0.01252796    0.05752830    0.14724179    0.14975830    0.00000000 
max(|Force|)     :   0.00011174    0.00028677    0.00648258    0.00990398    0.02812071    0.03514785    0.03669142    0.05436729    0.00045404 
ksp              :   0.01645113    0.02636200    0.04705969    0.05505466    0.08763837    0.08763837    0.10000000    0.10000000 
max(|step|)      :   0.00000000    0.00020294    0.00167082    0.00484263    0.00778162    0.03688529    0.10000000    0.07709721    0.00059536 
angle (deg.)     :    21.7055  40.7379  63.1076  75.9894  81.3638  47.0753  71.8950 
>
iteration       : 114
climbing        : no
zoom on         : no
nim             : 9
barrier         :   0.08387806 (image:  7) 
distance        :   0.00000000   13.20863534   21.79801338   27.08375173   31.51745231   34.23676430   38.30731695   47.57949842   63.36539936 
energy          : -2464.51768787  -2464.51172591  -2464.50256513  -2464.48352977  -2464.47700719  -2464.45053604  -2464.50852012  -2464.43380981  -2464.54813127 
max(|Fr_perp|)   :   0.00000000    0.00026722    0.00377729    0.00257122    0.00873900    0.01924085    0.03682611    0.05098171    0.00000000 
Fr_paral         :   0.00000000   -0.00086937   -0.00424278   -0.01141518   -0.05155924    0.05190993   -0.01209802   -0.03304445    0.00000000 
max(|Fsp_paral|) :   0.00000000    0.00180991    0.01083118    0.00712618    0.00804173    0.05081934    0.14769676    0.14372164    0.00000000 
max(|Fsp_perp|)  :   0.00000000    0.00000000    0.00000000    0.00000000    0.00000000    0.00000000    0.00000000    0.00000000    0.00000000 
max(|FNEB|)      :   0.00000000    0.00176191    0.00705620    0.00766744    0.01164525    0.05944719    0.14746418    0.14543585    0.00000000 
max(|Force|)     :   0.00011174    0.00028393    0.00592976    0.00987734    0.02770810    0.03242643    0.03935255    0.05416819    0.00045404 
ksp              :   0.01639766    0.02622785    0.04665459    0.05365515    0.08206793    0.08206793    0.10000000    0.10000000 
max(|step|)      :   0.00000000    0.00119481    0.00478503    0.00519953    0.00789701    0.04031297    0.10000000    0.09862452    0.00000000 
angle (deg.)     :    21.7229  40.6831  63.1423  76.1021  82.7936  44.7202  70.6564 
>
iteration       : 115
climbing        : no
zoom on         : no
nim             : 9
barrier         :   0.08848630 (image:  7) 
distance        :   0.00000000   13.21414241   21.81010627   27.07980988   31.52117541   34.32029134   38.69300426   47.89784014   63.29146815 
energy          : -2464.51768787  -2464.51172169  -2464.50252372  -2464.48363147  -2464.47781604  -2464.45514338  -2464.50655577  -2464.42920157  -2464.54813127 
max(|Fr_perp|)   :   0.00000000    0.00026838    0.00380818    0.00242492    0.00750884    0.01859498    0.04012538    0.05150994    0.00000000 
Fr_paral         :   0.00000000   -0.00087609   -0.00426804   -0.01126699   -0.05042240    0.04737074   -0.01380058   -0.03244074    0.00000000 
max(|Fsp_paral|) :   0.00000000    0.00129410    0.00847474    0.00876229    0.01007885    0.05198427    0.15304232    0.13651562    0.00000000 
max(|Fsp_perp|)  :   0.00000000    0.00000000    0.00000000    0.00000000    0.00000000    0.00000000    0.00000000    0.00000000    0.00000000 
max(|FNEB|)      :   0.00000000    0.00123689    0.00466657    0.00937914    0.01125935    0.05974199    0.15399606    0.13821369    0.00000000 
max(|Force|)     :   0.00011174    0.00028131    0.00597482    0.00983841    0.02721371    0.02901588    0.04292438    0.05456151    0.00045404 
ksp              :   0.01606824    0.02542356    0.04463899    0.05055391    0.07361442    0.07361442    0.10000000    0.10000000 
max(|step|)      :   0.00000000    0.00018976    0.00140739    0.00834443    0.00993205    0.03614184    0.10000000    0.06615306    0.00050616 
angle (deg.)     :    21.7278  40.6620  63.1935  76.3013  83.8228  42.1793  69.7833 
>
iteration       : 116
climbing        : no
zoom on         : no
nim             : 9
barrier         :   0.08784405 (image:  7) 
distance        :   0.00000000   13.21357728   21.81282699   27.07721027   31.52714982   34.40790210   39.01890509   48.07315659   63.18414413 
energy          : -2464.51768787  -2464.51172302  -2464.50253300  -2464.48376469  -2464.47884235  -2464.45932640  -2464.50454413  -2464.42984382  -2464.54813127 
max(|Fr_perp|)   :   0.00000000    0.00026681    0.00338071    0.00231565    0.00662754    0.01780489    0.04170106    0.05130061    0.00000000 
Fr_paral         :   0.00000000   -0.00087365   -0.00409030   -0.01112563   -0.04897146    0.04373454   -0.01486038   -0.03092162    0.00000000 
max(|Fsp_paral|) :   0.00000000    0.00138072    0.00816204    0.01147221    0.01116842    0.05316689    0.15064558    0.13355119    0.00000000 
max(|Fsp_perp|)  :   0.00000000    0.00000000    0.00000000    0.00000000    0.00000000    0.00000000    0.00000000    0.00000000    0.00000000 
max(|FNEB|)      :   0.00000000    0.00132895    0.00478123    0.01214451    0.01257612    0.06036595    0.15188402    0.13529820    0.00000000 
max(|Force|)     :   0.00011174    0.00027782    0.00545472    0.00978645    0.02678242    0.02646040    0.04465523    0.05422637    0.00045404 
ksp              :   0.01611166    0.02552780    0.04475834    0.04980327    0.06980576    0.06980576    0.10000000    0.10000000 
max(|step|)      :   0.00000000    0.00087498    0.00314795    0.00799591    0.00828008    0.03974477    0.10000000    0.08907995    0.00000000 
angle (deg.)     :    21.7405  40.6058  63.2543  76.4590  84.8083  40.4675  68.7048 
>
iteration       : 117
climbing        : no
zoom on         : no
nim             : 9
barrier         :   0.09124298 (image:  7) 
distance        :   0.00000000   13.21766686   21.82199334   27.07257066   31.53230733   34.49858626   39.40431344   48.38354791   63.13941773 
energy          : -2464.51768787  -2464.51172005  -2464.50250501  -2464.48389666  -2464.47972581  -2464.46346048  -2464.50232868  -2464.42644489  -2464.54813127 
max(|Fr_perp|)   :   0.00000000    0.00026736    0.00338935    0.00217272    0.00621912    0.01706272    0.04333697    0.05150309    0.00000000 
Fr_paral         :   0.00000000   -0.00087553   -0.00409167   -0.01094907   -0.04771123    0.03886782   -0.01606966   -0.03042120    0.00000000 
max(|Fsp_paral|) :   0.00000000    0.00102506    0.00638140    0.01305458    0.01263401    0.05321812    0.15387039    0.12731535    0.00000000 
max(|Fsp_perp|)  :   0.00000000    0.00000000    0.00000000    0.00000000    0.00000000    0.00000000    0.00000000    0.00000000    0.00000000 
max(|FNEB|)      :   0.00000000    0.00099877    0.00299205    0.01380697    0.01409695    0.05928546    0.15593980    0.12926467    0.00000000 
max(|Force|)     :   0.00011174    0.00027537    0.00545994    0.00973057    0.02625711    0.02384541    0.04644841    0.05433831    0.00045404 
ksp              :   0.01588652    0.02497603    0.04333088    0.04744491    0.06348866    0.06348866    0.10000000    0.10000000 
max(|step|)      :   0.00000000    0.00024714    0.00199897    0.01159088    0.01145245    0.03781568    0.10000000    0.06209190    0.00047484 
angle (deg.)     :    21.7426  40.5722  63.3373  76.6976  85.4612  38.3236  67.9584 
>
iteration       : 118
climbing        : no
zoom on         : no
nim             : 9
barrier         :   0.09011375 (image:  7) 
distance        :   0.00000000   13.21707875   21.82341316   27.06846529   31.53978252   34.58927342   39.73360505   48.55676947   63.04902216 
energy          : -2464.51768787  -2464.51172135  -2464.50251781  -2464.48406638  -2464.48078241  -2464.46718244  -2464.49959952  -2464.42757412  -2464.54813127 
max(|Fr_perp|)   :   0.00000000    0.00026603    0.00300062    0.00206164    0.00589760    0.01675301    0.04435251    0.05126245    0.00000000 
Fr_paral         :   0.00000000   -0.00087558   -0.00393074   -0.01079979   -0.04610616    0.03540850   -0.01707120   -0.02911549    0.00000000 
max(|Fsp_paral|) :   0.00000000    0.00115203    0.00611782    0.01563806    0.01363242    0.05335162    0.15087923    0.12491506    0.00000000 
max(|Fsp_perp|)  :   0.00000000    0.00000000    0.00000000    0.00000000    0.00000000    0.00000000    0.00000000    0.00000000    0.00000000 
max(|FNEB|)      :   0.00000000    0.00112915    0.00311773    0.01642903    0.01545447    0.05980325    0.15316587    0.12690695    0.00000000 
max(|Force|)     :   0.00011174    0.00030742    0.00498492    0.00965747    0.02581226    0.02193305    0.04760155    0.05402114    0.00045404 
ksp              :   0.01595932    0.02515168    0.04358116    0.04686259    0.06045143    0.06045143    0.10000000    0.10000000 
max(|step|)      :   0.00000000    0.00073721    0.00203552    0.01072630    0.01009002    0.03904476    0.10000000    0.08285589    0.00000000 
angle (deg.)     :    21.7515  40.5106  63.4249  76.8943  86.1302  37.0341  67.0204 
>
iteration       : 119
climbing        : no
zoom on         : no
nim             : 9
barrier         :   0.09276996 (image:  7) 
distance        :   0.00000000   13.22047042   21.83050858   27.06290451   31.54630756   34.68539563   40.11844944   48.86244451   63.02572206 
energy          : -2464.51768787  -2464.51171906  -2464.50249909  -2464.48422666  -2464.48172104  -2464.47078282  -2464.49720451  -2464.42491791  -2464.54813127 
max(|Fr_perp|)   :   0.00000000    0.00026667    0.00300957    0.00192158    0.00543409    0.01907519    0.04461755    0.05124948    0.00000000 
Fr_paral         :   0.00000000   -0.00088170   -0.00393266   -0.01058879   -0.04474059    0.03019691   -0.01779730   -0.02881020    0.00000000 
max(|Fsp_paral|) :   0.00000000    0.00087799    0.00463602    0.01718231    0.01459455    0.05281809    0.15266767    0.11935125    0.00000000 
max(|Fsp_perp|)  :   0.00000000    0.00000000    0.00000000    0.00000000    0.00000000    0.00000000    0.00000000    0.00000000    0.00000000 
max(|FNEB|)      :   0.00000000    0.00087058    0.00216864    0.01805897    0.01650139    0.06053329    0.15562600    0.12172149    0.00000000 
max(|Force|)     :   0.00011174    0.00027046    0.00498980    0.00957962    0.02523292    0.02148421    0.04791908    0.05395583    0.00045404 
ksp              :   0.01579059    0.02473527    0.04246211    0.04489292    0.05550454    0.05550454    0.10000000    0.10000000 
max(|step|)      :   0.00000000    0.00029901    0.00228557    0.01456078    0.01231816    0.04175383    0.10000000    0.06156336    0.00047032 
angle (deg.)     :    21.7514  40.4639  63.5394  77.1526  86.4821  35.1779  66.3696 
>
iteration       : 120
climbing        : no
zoom on         : no
nim             : 9
barrier         :   0.09163905 (image:  7) 
distance        :   0.00000000   13.22023293   21.83122150   27.05734142   31.55541379   34.77749361   40.45099040   49.04137557   62.94798761 
energy          : -2464.51768787  -2464.51171987  -2464.50251315  -2464.48442787  -2464.48275986  -2464.47401415  -2464.49379634  -2464.42604882  -2464.54813127 
max(|Fr_perp|)   :   0.00000000    0.00033313    0.00265433    0.00180651    0.00575221    0.01884334    0.04455449    0.05107697    0.00000000 
Fr_paral         :   0.00000000   -0.00087632   -0.00377587   -0.01043622   -0.04294850    0.02698872   -0.01857622   -0.02761617    0.00000000 
max(|Fsp_paral|) :   0.00000000    0.00099103    0.00428217    0.01949462    0.01550689    0.05359017    0.14969818    0.11708488    0.00000000 
max(|Fsp_perp|)  :   0.00000000    0.00000000    0.00000000    0.00000000    0.00000000    0.00000000    0.00000000    0.00000000    0.00000000 
max(|FNEB|)      :   0.00000000    0.00098870    0.00203230    0.02038886    0.01788479    0.06045424    0.15286496    0.11945765    0.00000000 
max(|Force|)     :   0.00011174    0.00041380    0.00454923    0.00948321    0.02480598    0.02059712    0.04793931    0.05373225    0.00045404 
ksp              :   0.01586147    0.02490389    0.04266684    0.04430675    0.05290060    0.05290060    0.10000000    0.10000000 
max(|step|)      :   0.00000000    0.00064678    0.00132947    0.01333782    0.01169973    0.03954748    0.10000000    0.07814587    0.00000000 
angle (deg.)     :    21.7567  40.3966  63.6538  77.3804  86.8783  34.1449  65.5766 
>
iteration       : 121
climbing        : no
zoom on         : no
nim             : 9
barrier         :   0.09371875 (image:  7) 
distance        :   0.00000000   13.22316279   21.83651288   27.05087380   31.56334286   34.87660626   40.83072794   49.33792054   62.93715709 
energy          : -2464.51768787  -2464.51171813  -2464.50250255  -2464.48461300  -2464.48373575  -2464.47705781  -2464.49130145  -2464.42396912  -2464.54813127 
max(|Fr_perp|)   :   0.00000000    0.00026608    0.00265777    0.00167153    0.00543533    0.02105592    0.04343377    0.05087283    0.00000000 
Fr_paral         :   0.00000000   -0.00088397   -0.00377524   -0.01018424   -0.04154743    0.02147638   -0.01873008   -0.02755470    0.00000000 
max(|Fsp_paral|) :   0.00000000    0.00077165    0.00301325    0.02102298    0.01599080    0.05310924    0.15008148    0.11210237    0.00000000 
max(|Fsp_perp|)  :   0.00000000    0.00000000    0.00000000    0.00000000    0.00000000    0.00000000    0.00000000    0.00000000    0.00000000 
max(|FNEB|)      :   0.00000000    0.00077718    0.00155770    0.02201273    0.01841675    0.06174999    0.15369723    0.11501469    0.00000000 
max(|Force|)     :   0.00011174    0.00026540    0.00454599    0.00938223    0.02413996    0.02213429    0.04676451    0.05351104    0.00045404 
ksp              :   0.01573286    0.02458277    0.04176247    0.04260490    0.04901787    0.04901787    0.10000000    0.10000000 
max(|step|)      :   0.00000000    0.00047959    0.00219340    0.01719366    0.01279291    0.04575050    0.10000000    0.06417559    0.00048154 
angle (deg.)     :    21.7552  40.3359  63.7990  77.6377  86.8382  32.5411  65.0063 
>
iteration       : 122
climbing        : no
zoom on         : no
nim             : 9
barrier         :   0.09310257 (image:  7) 
distance        :   0.00000000   13.22357761   21.83707654   27.04391746   31.57404480   34.96624416   41.15851449   49.52364760   62.86250729 
energy          : -2464.51768787  -2464.51171783  -2464.50251527  -2464.48483965  -2464.48472969  -2464.47970782  -2464.48750277  -2464.42458530  -2464.54813127 
max(|Fr_perp|)   :   0.00000000    0.00062764    0.00236868    0.00154945    0.00700359    0.02036826    0.04134959    0.05080223    0.00000000 
Fr_paral         :   0.00000000   -0.00087607   -0.00363820   -0.01002604   -0.03947386    0.01804383   -0.01896960   -0.02643216    0.00000000 
max(|Fsp_paral|) :   0.00000000    0.00081720    0.00245869    0.02291414    0.01661265    0.05186676    0.14728026    0.10953215    0.00000000 
max(|Fsp_perp|)  :   0.00000000    0.00000000    0.00000000    0.00000000    0.00000000    0.00000000    0.00000000    0.00000000    0.00000000 
max(|FNEB|)      :   0.00000000    0.00083184    0.00134527    0.02389961    0.01969318    0.06349216    0.15099728    0.11244935    0.00000000 
max(|Force|)     :   0.00011174    0.00060454    0.00418121    0.00925815    0.02373675    0.02048110    0.04465758    0.05339285    0.00045404 
ksp              :   0.01577125    0.02466739    0.04175481    0.04186269    0.04672068    0.04672068    0.10000000    0.10000000 
max(|step|)      :   0.00000000    0.00055090    0.00089093    0.01582784    0.01304207    0.04204854    0.10000000    0.07447111    0.00000000 
angle (deg.)     :    21.7570  40.2641  63.9398  77.8799  86.8171  31.6192  64.3695 
>
iteration       : 123
climbing        : no
zoom on         : no
nim             : 9
barrier         :   0.09456370 (image:  7) 
distance        :   0.00000000   13.22603144   21.84059526   27.03666357   31.58353595   35.06033887   41.51627625   49.79183999   62.84179923 
energy          : -2464.51768787  -2464.51171705  -2464.50251297  -2464.48504582  -2464.48572302  -2464.48223400  -2464.48499804  -2464.42312417  -2464.54813127 
max(|Fr_perp|)   :   0.00000000    0.00026566    0.00234316    0.00178527    0.01174483    0.02246588    0.03849524    0.05041914    0.00000000 
Fr_paral         :   0.00000000   -0.00088593   -0.00362197   -0.00969226   -0.03622206    0.01136392   -0.01838995   -0.02656818    0.00000000 
max(|Fsp_paral|) :   0.00000000    0.00065517    0.00140041    0.02216875    0.01855123    0.04853289    0.14598521    0.10512543    0.00000000 
max(|Fsp_perp|)  :   0.00000000    0.00000000    0.00000000    0.00000000    0.00000000    0.00000000    0.00000000    0.00000000    0.00000000 
max(|FNEB|)      :   0.00000000    0.00067216    0.00095771    0.02323988    0.02223225    0.06391174    0.14985776    0.10870341    0.00000000 
max(|Force|)     :   0.00011174    0.00028774    0.00413956    0.00913049    0.02297607    0.02166613    0.04161405    0.05301839    0.00045404 
ksp              :   0.01568266    0.02444255    0.04106673    0.04106673    0.04374285    0.04374285    0.10000000    0.10000000 
max(|step|)      :   0.00000000    0.00036728    0.00123994    0.01524196    0.01641295    0.04323554    0.10000000    0.06980536    0.00046428 
angle (deg.)     :    21.7560  40.2093  64.0467  78.2014  85.9528  30.5349  63.8407 
>
iteration       : 124
climbing        : no
zoom on         : no
nim             : 9
barrier         :   0.09503159 (image:  7) 
distance        :   0.00000000   13.22763292   21.84222180   27.02970784   31.59109223   35.12335397   41.80745474   49.97125659   62.74709565 
energy          : -2464.51768787  -2464.51171608  -2464.50251930  -2464.48523976  -2464.48692095  -2464.48411811  -2464.48194357  -2464.42265628  -2464.54813127 
max(|Fr_perp|)   :   0.00000000    0.00045276    0.00220429    0.00164762    0.01734419    0.02058447    0.03413422    0.05022913    0.00000000 
Fr_paral         :   0.00000000   -0.00088459   -0.00355334   -0.00947370   -0.02764868    0.00519509   -0.01713165   -0.02594804    0.00000000 
max(|Fsp_paral|) :   0.00000000    0.00058640    0.00068682    0.02136838    0.01857033    0.04147671    0.13787382    0.10157264    0.00000000 
max(|Fsp_perp|)  :   0.00000000    0.00000000    0.00000000    0.00000000    0.00000000    0.00000000    0.00000000    0.00000000    0.00000000 
max(|FNEB|)      :   0.00000000    0.00060876    0.00151718    0.02244619    0.02657335    0.05877152    0.14153868    0.10548904    0.00000000 
max(|Force|)     :   0.00011174    0.00044110    0.00396019    0.00901519    0.02238174    0.01973353    0.03698705    0.05278744    0.00045404 
ksp              :   0.01565570    0.02436569    0.04073095    0.04073095    0.04179604    0.04384769    0.10000000    0.10000000 
max(|step|)      :   0.00000000    0.00043010    0.00107192    0.01585870    0.01877462    0.04152329    0.10000000    0.07453018    0.00000000 
angle (deg.)     :    21.7548  40.1513  64.1583  78.4657  84.8024  29.7368  63.3155 
>
iteration       : 125
climbing        : no
zoom on         : no
nim             : 9
barrier         :   0.09585316 (image:  7) 
distance        :   0.00000000   13.22953427   21.84409017   27.02226639   31.59382870   35.17715974   42.08896074   50.15704565   62.64803136 
energy          : -2464.51768787  -2464.51171546  -2464.50252485  -2464.48543609  -2464.48819180  -2464.48572017  -2464.47977389  -2464.42183471  -2464.54813127 
max(|Fr_perp|)   :   0.00000000    0.00026536    0.00210430    0.00187509    0.01740083    0.01927576    0.02900399    0.04987535    0.00000000 
Fr_paral         :   0.00000000   -0.00089098   -0.00350520   -0.00915827   -0.01919609    0.00416238   -0.01483861   -0.02551649    0.00000000 
max(|Fsp_paral|) :   0.00000000    0.00048148    0.00009979    0.02056865    0.02577006    0.04655581    0.12588269    0.09742433    0.00000000 
max(|Fsp_perp|)  :   0.00000000    0.00000000    0.00000000    0.00000000    0.00000000    0.00000000    0.00000000    0.00000000    0.00000000 
max(|FNEB|)      :   0.00000000    0.00051225    0.00220408    0.02174993    0.02836011    0.06360282    0.12903119    0.10186048    0.00000000 
max(|Force|)     :   0.00011174    0.00026192    0.00382930    0.00889018    0.02147530    0.01855564    0.03141920    0.05237913    0.00045404 
ksp              :   0.01560771    0.02423711    0.04028236    0.04028236    0.04001563    0.04559881    0.10000000    0.10000000 
max(|step|)      :   0.00000000    0.00144526    0.00494503    0.02192679    0.03825634    0.08884132    0.09977126    0.10000000    0.00047197 
angle (deg.)     :    21.7436  40.1164  64.2372  78.2271  80.8761  28.7810  62.7060 
>
iteration       : 126
climbing        : no
zoom on         : no
nim             : 9
barrier         :   0.09416593 (image:  7) 
distance        :   0.00000000   13.23039961   21.84137904   27.01079437   31.54663511   35.25376918   42.25951403   50.23989778   62.34385585 
energy          : -2464.51768787  -2464.51171051  -2464.50255436  -2464.48569334  -2464.49017518  -2464.48735556  -2464.47807947  -2464.42352194  -2464.54813127 
max(|Fr_perp|)   :   0.00000000    0.00177347    0.00176938    0.00165423    0.01858724    0.02287250    0.02572796    0.04945398    0.00000000 
Fr_paral         :   0.00000000   -0.00087432   -0.00334048   -0.00893521   -0.00604324    0.00300971   -0.01111761   -0.02291309    0.00000000 
max(|Fsp_paral|) :   0.00000000    0.00057741    0.00043470    0.02166278    0.02776855    0.04869063    0.11423941    0.09096198    0.00000000 
max(|Fsp_perp|)  :   0.00000000    0.00000000    0.00000000    0.00000000    0.00000000    0.00000000    0.00000000    0.00000000    0.00000000 
max(|FNEB|)      :   0.00000000    0.00184454    0.00220412    0.02288953    0.02921911    0.06527853    0.11679788    0.09509580    0.00000000 
max(|Force|)     :   0.00011174    0.00175424    0.00340532    0.00875545    0.02021696    0.02268031    0.02453102    0.05167496    0.00045404 
ksp              :   0.01571282    0.02446370    0.04057894    0.04057894    0.03899369    0.04785432    0.10000000    0.10000000 
max(|step|)      :   0.00000000    0.00157926    0.00188712    0.01959756    0.02501681    0.05589017    0.10000000    0.08141911    0.00000000 
angle (deg.)     :    21.7380  40.0563  64.3765  78.4240  78.9847  28.1673  62.2327 
>
iteration       : 127
climbing        : no
zoom on         : no
nim             : 9
barrier         :   0.09379090 (image:  7) 
distance        :   0.00000000   13.23265668   21.84199651   27.00033908   31.53794488   35.33037571   42.53284202   50.42077921   62.21845774 
energy          : -2464.51768787  -2464.51171484  -2464.50256901  -2464.48591923  -2464.49163960  -2464.48925062  -2464.47798919  -2464.42389697  -2464.54813127 
max(|Fr_perp|)   :   0.00000000    0.00032062    0.00168561    0.00185906    0.01820424    0.01690659    0.02827002    0.04856027    0.00000000 
Fr_paral         :   0.00000000   -0.00089513   -0.00330578   -0.00842493   -0.00232533    0.00198161   -0.00781693   -0.02247491    0.00000000 
max(|Fsp_paral|) :   0.00000000    0.00058898    0.00105367    0.02109987    0.03207665    0.04951294    0.10546628    0.08624636    0.00000000 
max(|Fsp_perp|)  :   0.00000000    0.00000000    0.00000000    0.00000000    0.00000000    0.00000000    0.00000000    0.00000000    0.00000000 
max(|FNEB|)      :   0.00000000    0.00060133    0.00273928    0.02260052    0.02729601    0.06641953    0.10744351    0.09114975    0.00000000 
max(|Force|)     :   0.00011174    0.00032719    0.00329649    0.00857438    0.01870414    0.01738523    0.02733816    0.05067395    0.00045404 
ksp              :   0.01573161    0.02450777    0.04048460    0.04048460    0.03728786    0.04809411    0.10000000    0.10000000 
max(|step|)      :   0.00000000    0.00307643    0.00356097    0.02326155    0.02833553    0.07097206    0.10000000    0.08911466    0.00058503 
angle (deg.)     :    21.7273  40.0047  64.4982  78.2817  76.1954  27.5486  61.6389 
>
iteration       : 128
climbing        : no
zoom on         : no
nim             : 9
barrier         :   0.09251459 (image:  7) 
distance        :   0.00000000   13.23561637   21.84049816   26.98684859   31.50548723   35.40952771   42.77139677   50.54439651   62.00174698 
energy          : -2464.51768787  -2464.51169256  -2464.50258038  -2464.48617553  -2464.49245609  -2464.48988056  -2464.47923117  -2464.42517328  -2464.54813127 
max(|Fr_perp|)   :   0.00000000    0.00347437    0.00276628    0.00165673    0.01890925    0.02871323    0.03420545    0.04818437    0.00000000 
Fr_paral         :   0.00000000   -0.00086704   -0.00319073   -0.00833159    0.00407831    0.00106643   -0.00380229   -0.01899941    0.00000000 
max(|Fsp_paral|) :   0.00000000    0.00061687    0.00159215    0.02138131    0.02980145    0.04644454    0.09818166    0.08128222    0.00000000 
max(|Fsp_perp|)  :   0.00000000    0.00000000    0.00000000    0.00000000    0.00000000    0.00000000    0.00000000    0.00000000    0.00000000 
max(|FNEB|)      :   0.00000000    0.00355487    0.00309335    0.02284255    0.02714292    0.06221307    0.09948790    0.08577945    0.00000000 
max(|Force|)     :   0.00011174    0.00349661    0.00304766    0.00844127    0.01805350    0.02867580    0.03378153    0.04987658    0.00045404 
ksp              :   0.01583204    0.02469593    0.04065418    0.04065418    0.03705457    0.04741302    0.10000000    0.10000000 
max(|step|)      :   0.00000000    0.00357317    0.00310927    0.02296013    0.02728264    0.06253331    0.10000000    0.08622099    0.00000000 
angle (deg.)     :    21.7158  39.9471  64.6624  78.4151  73.9974  27.1341  61.1159 
>
iteration       : 129
climbing        : no
zoom on         : no
nim             : 9
barrier         :   0.09016539 (image:  7) 
distance        :   0.00000000   13.23843121   21.83923246   26.97388345   31.48890624   35.51069935   43.06220891   50.72520185   61.85821395 
energy          : -2464.51768787  -2464.51170974  -2464.50261038  -2464.48642436  -2464.49396594  -2464.49194015  -2464.48276115  -2464.42752248  -2464.54813127 
max(|Fr_perp|)   :   0.00000000    0.00125007    0.00136817    0.00197799    0.01707679    0.01687062    0.03616260    0.04675492    0.00000000 
Fr_paral         :   0.00000000   -0.00090586   -0.00314905   -0.00778922    0.00580297    0.00004329   -0.00034156   -0.01774604    0.00000000 
max(|Fsp_paral|) :   0.00000000    0.00084828    0.00186439    0.02122515    0.03391115    0.04225544    0.09395111    0.07642305    0.00000000 
max(|Fsp_perp|)  :   0.00000000    0.00000000    0.00000000    0.00000000    0.00000000    0.00000000    0.00000000    0.00000000    0.00000000 
max(|FNEB|)      :   0.00000000    0.00140637    0.00323256    0.02301734    0.02425820    0.05858896    0.09470914    0.08149276    0.00000000 
max(|Force|)     :   0.00011174    0.00121527    0.00288549    0.00826737    0.01653193    0.01687987    0.03612810    0.04821376    0.00045404 
ksp              :   0.01596717    0.02504983    0.04120616    0.04120616    0.03570049    0.04486265    0.10000000    0.10000000 
max(|step|)      :   0.00000000    0.00132656    0.00340461    0.02429844    0.02559764    0.06200017    0.10000000    0.08531501    0.00066022 
angle (deg.)     :    21.7022  39.8911  64.8158  78.4390  71.9127  26.8263  60.5113 
>
iteration       : 130
climbing        : no
zoom on         : no
nim             : 9
barrier         :   0.08749513 (image:  7) 
distance        :   0.00000000   13.24251135   21.83742492   26.95941734   31.46340661   35.60790898   43.36847457   50.89604215   61.70312406 
energy          : -2464.51768787  -2464.51170911  -2464.50263318  -2464.48667925  -2464.49494543  -2464.49308871  -2464.48859770  -2464.43019274  -2464.54813127 
max(|Fr_perp|)   :   0.00000000    0.00030897    0.00123847    0.00193326    0.01640212    0.01656695    0.03890702    0.04562151    0.00000000 
Fr_paral         :   0.00000000   -0.00090150   -0.00307658   -0.00750054    0.00907226   -0.00086810    0.00244664   -0.01440049    0.00000000 
max(|Fsp_paral|) :   0.00000000    0.00107970    0.00213374    0.02140358    0.03434057    0.03507651    0.09539866    0.07190791    0.00000000 
max(|Fsp_perp|)  :   0.00000000    0.00000000    0.00000000    0.00000000    0.00000000    0.00000000    0.00000000    0.00000000    0.00000000 
max(|FNEB|)      :   0.00000000    0.00101422    0.00337214    0.02329804    0.02374480    0.04933891    0.09417309    0.07684009    0.00000000 
max(|Force|)     :   0.00011174    0.00030034    0.00271295    0.00809508    0.01795078    0.01639373    0.03912588    0.04667711    0.00045404 
ksp              :   0.01614949    0.02548468    0.04189464    0.04189464    0.03530334    0.03993272    0.10000000    0.10000000 
max(|step|)      :   0.00000000    0.00107698    0.00358079    0.02473960    0.02521399    0.05239173    0.10000000    0.08159453    0.00000000 
angle (deg.)     :    21.6853  39.8374  64.9686  78.4003  70.3784  26.6144  59.8203 
>
iteration       : 131
climbing        : no
zoom on         : no
nim             : 9
barrier         :   0.08386186 (image:  7) 
distance        :   0.00000000   13.24773876   21.83495811   26.94404007   31.43544692   35.69595860   43.71667443   51.07029363   61.56271373 
energy          : -2464.51768787  -2464.51170540  -2464.50265611  -2464.48692967  -2464.49573248  -2464.49404746  -2464.49673952  -2464.43382601  -2464.54813127 
max(|Fr_perp|)   :   0.00000000    0.00026492    0.00111018    0.00196847    0.01550299    0.01330445    0.03940515    0.04418770    0.00000000 
Fr_paral         :   0.00000000   -0.00090714   -0.00300762   -0.00724821    0.01194545    0.00940174    0.00435338   -0.01066839    0.00000000 
max(|Fsp_paral|) :   0.00000000    0.00143211    0.00221923    0.02185560    0.03480798    0.04491821    0.09817474    0.06825737    0.00000000 
max(|Fsp_perp|)  :   0.00000000    0.00000000    0.00000000    0.00000000    0.00000000    0.00000000    0.00000000    0.00000000    0.00000000 
max(|FNEB|)      :   0.00000000    0.00136645    0.00332941    0.02382407    0.02506447    0.05498025    0.09670175    0.07279306    0.00000000 
max(|Force|)     :   0.00011174    0.00028106    0.00254185    0.00793153    0.01953256    0.01625048    0.03977951    0.04485274    0.00045404 
ksp              :   0.01642035    0.02613199    0.04300950    0.04300950    0.03537074    0.03537074    0.10000000    0.10000000 
max(|step|)      :   0.00000000    0.00127490    0.00351029    0.02474438    0.02566840    0.05502112    0.10000000    0.07756055    0.00055396 
angle (deg.)     :    21.6670  39.7841  65.1222  78.3342  69.8001  26.6503  59.0547 
>
iteration       : 132
climbing        : no
zoom on         : no
nim             : 9
barrier         :   0.07989895 (image:  7) 
distance        :   0.00000000   13.25381184   21.83233890   26.92832437   31.40720197   35.80820922   44.13081081   51.30238283   61.48968516 
energy          : -2464.51768787  -2464.51170067  -2464.50267841  -2464.48717423  -2464.49638550  -2464.49557530  -2464.50616400  -2464.43778892  -2464.54813127 
max(|Fr_perp|)   :   0.00000000    0.00028814    0.00099631    0.00202276    0.01425765    0.01298393    0.03589098    0.04249482    0.00000000 
Fr_paral         :   0.00000000   -0.00091102   -0.00294773   -0.00701978    0.01587934    0.01155195    0.00538154   -0.00697944    0.00000000 
max(|Fsp_paral|) :   0.00000000    0.00185422    0.00222799    0.02243050    0.03775894    0.05919169    0.09298343    0.06475087    0.00000000 
max(|Fsp_perp|)  :   0.00000000    0.00000000    0.00000000    0.00000000    0.00000000    0.00000000    0.00000000    0.00000000    0.00000000 
max(|FNEB|)      :   0.00000000    0.00178787    0.00323140    0.02445318    0.03000584    0.06024325    0.09153015    0.06889862    0.00000000 
max(|Force|)     :   0.00011174    0.00029381    0.00241479    0.00777385    0.02105298    0.01696996    0.03569471    0.04285676    0.00045404 
ksp              :   0.01674335    0.02690524    0.04436791    0.04436791    0.03491017    0.03491017    0.10000000    0.10000000 
max(|step|)      :   0.00000000    0.00195332    0.00353042    0.02671599    0.03278247    0.06581792    0.10000000    0.07527423    0.00000000 
angle (deg.)     :    21.6432  39.7270  65.2759  78.0401  70.9418  27.1911  57.9613 
>
iteration       : 133
climbing        : no
zoom on         : no
nim             : 9
barrier         :   0.07464710 (image:  7) 
distance        :   0.00000000   13.26298490   21.82923641   26.91025576   31.37082191   35.95447919   44.66042460   51.64106555   61.51992105 
energy          : -2464.51768787  -2464.51169306  -2464.50270126  -2464.48742841  -2464.49674802  -2464.49717644  -2464.51569831  -2464.44304077  -2464.54813127 
max(|Fr_perp|)   :   0.00000000    0.00026623    0.00092219    0.00203296    0.01463741    0.01958622    0.03475547    0.04029391    0.00000000 
Fr_paral         :   0.00000000   -0.00091586   -0.00292779   -0.00682680    0.02048227   -0.00337979    0.00446879   -0.00364863    0.00000000 
max(|Fsp_paral|) :   0.00000000    0.00249229    0.00200394    0.02358299    0.03883735    0.06429594    0.08650187    0.06125393    0.00000000 
max(|Fsp_perp|)  :   0.00000000    0.00000000    0.00000000    0.00000000    0.00000000    0.00000000    0.00000000    0.00000000    0.00000000 
max(|FNEB|)      :   0.00000000    0.00242558    0.00292613    0.02561595    0.03262112    0.06765570    0.08556030    0.06490860    0.00000000 
max(|Force|)     :   0.00011174    0.00030035    0.00229796    0.00761525    0.02359150    0.01843235    0.03453052    0.04044187    0.00045404 
ksp              :   0.01722779    0.02806895    0.04648302    0.04648302    0.03524662    0.03473008    0.10000000    0.10000000 
max(|step|)      :   0.00000000    0.00495098    0.00204997    0.03189034    0.04473171    0.10000000    0.07064513    0.05525904    0.00045922 
angle (deg.)     :    21.6021  39.6400  65.4105  77.3007  72.6713  28.2566  56.2097 
>
iteration       : 134
climbing        : no
zoom on         : no
nim             : 9
barrier         :   0.06678931 (image:  7) 
distance        :   0.00000000   13.28550372   21.82660100   26.88436770   31.32029219   36.08094888   45.06983388   51.92262937   61.52259355 
energy          : -2464.51768787  -2464.51166926  -2464.50271492  -2464.48771559  -2464.49643528  -2464.49876583  -2464.51989494  -2464.45089856  -2464.54813127 
max(|Fr_perp|)   :   0.00000000    0.00145238    0.00125622    0.00192206    0.01646125    0.02246080    0.03250302    0.03777579    0.00000000 
Fr_paral         :   0.00000000   -0.00093444   -0.00288925   -0.00671980    0.02373803   -0.01420936    0.00323847   -0.00204068    0.00000000 
max(|Fsp_paral|) :   0.00000000    0.00357076    0.00134727    0.02573603    0.03362565    0.06214687    0.08043440    0.05754446    0.00000000 
max(|Fsp_perp|)  :   0.00000000    0.00000000    0.00000000    0.00000000    0.00000000    0.00000000    0.00000000    0.00000000    0.00000000 
max(|FNEB|)      :   0.00000000    0.00350357    0.00228785    0.02765882    0.02754078    0.06956347    0.07995928    0.06061346    0.00000000 
max(|Force|)     :   0.00011174    0.00141359    0.00228791    0.00744250    0.02627725    0.02122376    0.03234968    0.03785441    0.00045404 
ksp              :   0.01810889    0.03017332    0.05038269    0.05038269    0.03863468    0.03549424    0.10000000    0.10000000 
max(|step|)      :   0.00000000    0.00438169    0.00286127    0.03459113    0.03444351    0.08699863    0.10000000    0.07580542    0.00000000 
angle (deg.)     :    21.5645  39.5498  65.6088  76.9895  73.8788  29.5297  54.7698 
>
iteration       : 135
climbing        : no
zoom on         : no
nim             : 9
barrier         :   0.06055711 (image:  7) 
distance        :   0.00000000   13.30564314   21.82406858   26.85875927   31.28298079   36.24837724   45.62579794   52.31208990   61.58391312 
energy          : -2464.51768787  -2464.51165247  -2464.50273380  -2464.48802450  -2464.49674655  -2464.49735392  -2464.52508914  -2464.45713076  -2464.54813127 
max(|Fr_perp|)   :   0.00000000    0.00086671    0.00090601    0.00191090    0.01647775    0.02796145    0.02058988    0.03485129    0.00000000 
Fr_paral         :   0.00000000   -0.00093342   -0.00284688   -0.00649868    0.02516827   -0.03092717   -0.00042549   -0.00002441    0.00000000 
max(|Fsp_paral|) :   0.00000000    0.00460776    0.00101601    0.02709389    0.02991535    0.07954414    0.06410364    0.05340459    0.00000000 
max(|Fsp_perp|)  :   0.00000000    0.00000000    0.00000000    0.00000000    0.00000000    0.00000000    0.00000000    0.00000000    0.00000000 
max(|FNEB|)      :   0.00000000    0.00453733    0.00192202    0.02900479    0.02428936    0.08891072    0.06479334    0.05643540    0.00000000 
max(|Force|)     :   0.00011174    0.00084346    0.00222125    0.00724364    0.02707957    0.03532519    0.02061276    0.03485199    0.00045404 
ksp              :   0.01896981    0.03222474    0.05408571    0.05408571    0.04112300    0.04022032    0.10000000    0.10000000 
max(|step|)      :   0.00000000    0.00516361    0.00174575    0.02976874    0.02241229    0.10000000    0.05605615    0.05378845    0.00042198 
angle (deg.)     :    21.5247  39.4651  65.7689  76.8869  74.9655  30.4813  53.6439 
>
iteration       : 136
climbing        : no
zoom on         : no
nim             : 9
barrier         :   0.05547381 (image:  7) 
distance        :   0.00000000   13.32902038   21.82227342   26.83505288   31.25889100   36.44294342   45.98996849   52.63275106   61.66266148 
energy          : -2464.51768787  -2464.51162503  -2464.50274210  -2464.48828294  -2464.49702933  -2464.49303958  -2464.52583057  -2464.46221406  -2464.54813127 
max(|Fr_perp|)   :   0.00000000    0.00211880    0.00176549    0.00189402    0.01687875    0.03051427    0.01729219    0.03313300    0.00000000 
Fr_paral         :   0.00000000   -0.00096053   -0.00283431   -0.00634120    0.01518209   -0.04227949   -0.00222964    0.00067139    0.00000000 
max(|Fsp_paral|) :   0.00000000    0.00551643    0.00073810    0.02783950    0.00283062    0.08833343    0.04112219    0.04907578    0.00000000 
max(|Fsp_perp|)  :   0.00000000    0.00000000    0.00000000    0.00000000    0.00000000    0.00000000    0.00000000    0.00000000    0.00000000 
max(|FNEB|)      :   0.00000000    0.00544706    0.00175035    0.02974232    0.01817664    0.10801435    0.04254639    0.05202358    0.00000000 
max(|Force|)     :   0.00011174    0.00207401    0.00219633    0.00709119    0.02680859    0.04564970    0.01742834    0.03311094    0.00045404 
ksp              :   0.01983436    0.03424256    0.05769683    0.05769683    0.04995894    0.04995894    0.10000000    0.10000000 
max(|step|)      :   0.00000000    0.00504291    0.00162048    0.02753553    0.01682799    0.10000000    0.03938957    0.04816358    0.00000000 
angle (deg.)     :    21.4870  39.3871  65.9270  77.3205  75.3974  31.4653  52.7550 
>
iteration       : 137
climbing        : no
zoom on         : no
nim             : 9
barrier         :   0.05116232 (image:  7) 
distance        :   0.00000000   13.35201971   21.82073154   26.81309126   31.28056544   36.67633675   46.28182844   52.93864569   61.75519792 
energy          : -2464.51768787  -2464.51160900  -2464.50275447  -2464.48851560  -2464.49821225  -2464.48715711  -2464.52618176  -2464.46652555  -2464.54813127 
max(|Fr_perp|)   :   0.00000000    0.00041780    0.00089701    0.00202174    0.01699948    0.03878898    0.01145422    0.03168155    0.00000000 
Fr_paral         :   0.00000000   -0.00095786   -0.00281233   -0.00607705    0.00106547   -0.04675649   -0.00430973    0.00104442    0.00000000 
max(|Fsp_paral|) :   0.00000000    0.00643499    0.00047249    0.02608317    0.03897484    0.09910130    0.01174783    0.04430274    0.00000000 
max(|Fsp_perp|)  :   0.00000000    0.00000000    0.00000000    0.00000000    0.00000000    0.00000000    0.00000000    0.00000000    0.00000000 
max(|FNEB|)      :   0.00000000    0.00636209    0.00136950    0.02810492    0.05597432    0.12043678    0.01415475    0.04734572    0.00000000 
max(|Force|)     :   0.00011174    0.00040420    0.00217684    0.00694675    0.01759429    0.05514974    0.01168052    0.03164317    0.00045404 
ksp              :   0.02069337    0.03626945    0.06131714    0.06131714    0.06370688    0.06370688    0.10000000    0.10000000 
max(|step|)      :   0.00000000    0.00519623    0.00136450    0.02584492    0.02880208    0.10000000    0.02824569    0.04441884    0.00036467 
angle (deg.)     :    21.4494  39.3145  66.0280  77.6138  75.5643  32.3931  52.0192 
>
iteration       : 138
climbing        : no
zoom on         : no
nim             : 9
barrier         :   0.04720309 (image:  7) 
distance        :   0.00000000   13.37543901   21.81929658   26.79218901   31.31728785   36.90110483   46.49484373   53.20480146   61.82448332 
energy          : -2464.51768787  -2464.51158212  -2464.50276058  -2464.48873080  -2464.49874508  -2464.47987679  -2464.52613494  -2464.47048478  -2464.54813127 
max(|Fr_perp|)   :   0.00000000    0.00160946    0.00142297    0.00203910    0.00907063    0.04706836    0.00833186    0.03032854    0.00000000 
Fr_paral         :   0.00000000   -0.00096405   -0.00279365   -0.00591612   -0.00854129   -0.04871857   -0.00622402    0.00122289    0.00000000 
max(|Fsp_paral|) :   0.00000000    0.00735712    0.00021483    0.02354824    0.07108550    0.11505180    0.02519468    0.03913193    0.00000000 
max(|Fsp_perp|)  :   0.00000000    0.00000000    0.00000000    0.00000000    0.00000000    0.00000000    0.00000000    0.00000000    0.00000000 
max(|FNEB|)      :   0.00000000    0.00728230    0.00142759    0.02560429    0.07921638    0.13261698    0.02652218    0.04233800    0.00000000 
max(|Force|)     :   0.00011174    0.00157334    0.00216042    0.00681428    0.01013666    0.06212408    0.00874937    0.03028734    0.00045404 
ksp              :   0.02163916    0.03845563    0.06520119    0.06520119    0.08204446    0.08204446    0.10000000    0.10000000 
max(|step|)      :   0.00000000    0.00549123    0.00107647    0.01930695    0.05973321    0.10000000    0.01999908    0.03192502    0.00000000 
angle (deg.)     :    21.4106  39.2605  65.8575  76.9642  74.8821  32.8739  51.7927 
>
iteration       : 139
climbing        : no
zoom on         : no
nim             : 9
barrier         :   0.04440634 (image:  5) 
distance        :   0.00000000   13.40037703   21.81822399   26.77575739   31.39621781   37.06428773   46.36914718   53.27977453   61.75919433 
energy          : -2464.51768787  -2464.51156170  -2464.50276794  -2464.48888983  -2464.49685694  -2464.47328153  -2464.52707269  -2464.47355257  -2464.54813127 
max(|Fr_perp|)   :   0.00000000    0.00028146    0.00090243    0.00170114    0.02049809    0.05030171    0.00992009    0.02928744    0.00000000 
Fr_paral         :   0.00000000   -0.00099150   -0.00279174   -0.00609762   -0.02833130   -0.05245216   -0.00486242    0.00112321    0.00000000 
max(|Fsp_paral|) :   0.00000000    0.00799671    0.00009137    0.01903025    0.11060737    0.12530195    0.05253506    0.03204015    0.00000000 
max(|Fsp_perp|)  :   0.00000000    0.00000000    0.00000000    0.00000000    0.00000000    0.00000000    0.00000000    0.00000000    0.00000000 
max(|FNEB|)      :   0.00000000    0.00792209    0.00081106    0.02073139    0.10355901    0.14122188    0.05216209    0.03530189    0.00000000 
max(|Force|)     :   0.00011174    0.00045413    0.00215763    0.00673661    0.01953679    0.06591066    0.01015760    0.02924614    0.00045404 
ksp              :   0.02241614    0.04023877    0.06836607    0.06836607    0.10000000    0.10000000    0.09945067    0.09945067 
max(|step|)      :   0.00000000    0.00000000    0.00000000    0.00000000    0.00000000    0.00000000    0.00000000    0.00000000    0.00000000 
angle (deg.)     :    21.4107  39.2604  65.8575  76.9645  74.8820  32.8742  51.7927 
>
iteration       : 140
climbing        : no
zoom on         : no
nim             : 9
barrier         :   0.04442430 (image:  5) 
distance        :   0.00000000   13.40037703   21.81822399   26.77575739   31.39621781   37.06428773   46.36914718   53.27977453   61.75919433 
energy          : -2464.51768787  -2464.51156160  -2464.50276792  -2464.48889014  -2464.49684640  -2464.47326357  -2464.52707581  -2464.47355963  -2464.54813127 
max(|Fr_perp|)   :   0.00000000    0.00028009    0.00090240    0.00169951    0.02051519    0.05030682    0.00993240    0.02928489    0.00000000 
Fr_paral         :   0.00000000   -0.00098449   -0.00279153   -0.00609872   -0.02838923   -0.05246635   -0.00485531    0.00112300    0.00000000 
max(|Fsp_paral|) :   0.00000000    0.00799580    0.00009164    0.01901641    0.11060402    0.12526724    0.05249899    0.03202118    0.00000000 
max(|Fsp_perp|)  :   0.00000000    0.00000000    0.00000000    0.00000000    0.00000000    0.00000000    0.00000000    0.00000000    0.00000000 
max(|FNEB|)      :   0.00000000    0.00792144    0.00081125    0.02073157    0.10355883    0.14122180    0.05216261    0.03530140    0.00000000 
max(|Force|)     :   0.00011174    0.00045342    0.00215758    0.00673681    0.01953655    0.06591089    0.01015634    0.02924527    0.00045404 
ksp              :   0.02241620    0.04023884    0.06836614    0.06836614    0.10000000    0.10000000    0.09945051    0.09945051 
max(|step|)      :   0.00000000    0.00560922    0.00057445    0.01468015    0.07333063    0.10000000    0.03693666    0.02499713    0.00000000 
angle (deg.)     :    21.3727  39.2177  65.5321  75.5688  74.2697  33.2103  51.8107 
>
iteration       : 141
climbing        : no
zoom on         : no
nim             : 9
barrier         :   0.05178694 (image:  5) 
distance        :   0.00000000   13.42584694   21.81747922   26.76425409   31.48607592   37.18523077   46.10921891   53.27209722   61.64240776 
energy          : -2464.51768787  -2464.51153618  -2464.50277111  -2464.48901348  -2464.49104081  -2464.46590093  -2464.52808016  -2464.47622646  -2464.54813127 
max(|Fr_perp|)   :   0.00000000    0.00028690    0.00091811    0.00169801    0.02809703    0.05138982    0.01311661    0.02835618    0.00000000 
Fr_paral         :   0.00000000   -0.00099567   -0.00278899   -0.00670411   -0.05153799   -0.05856641   -0.00254029    0.00086555    0.00000000 
max(|Fsp_paral|) :   0.00000000    0.00493647    0.00245281    0.01157657    0.12547672    0.11286707    0.06540056    0.02041151    0.00000000 
max(|Fsp_perp|)  :   0.00000000    0.00000000    0.00000000    0.00000000    0.00000000    0.00000000    0.00000000    0.00000000    0.00000000 
max(|FNEB|)      :   0.00000000    0.00494067    0.00337092    0.01248335    0.12400414    0.13066500    0.06554892    0.02452065    0.00000000 
max(|Force|)     :   0.00011174    0.00047790    0.00216685    0.00667296    0.03392943    0.06914422    0.01323429    0.02832267    0.00045404 
ksp              :   0.02069096    0.03592368    0.05983294    0.05983294    0.10000000    0.10000000    0.08205536    0.08205536 
max(|step|)      :   0.00000000    0.00560894    0.00064458    0.01449807    0.07368550    0.10000000    0.03731338    0.02488645    0.00044535 
angle (deg.)     :    21.3354  39.1763  65.2473  74.2278  73.7811  33.6141  51.8536 
>
iteration       : 142
climbing        : no
zoom on         : no
nim             : 9
barrier         :   0.06000585 (image:  5) 
distance        :   0.00000000   13.45101889   21.81665401   26.75305896   31.58050652   37.31412504   45.85938204   53.27537929   61.53794342 
energy          : -2464.51768787  -2464.51151077  -2464.50277479  -2464.48913390  -2464.48161357  -2464.45768202  -2464.52870492  -2464.47883213  -2464.54813127 
max(|Fr_perp|)   :   0.00000000    0.00029361    0.00092497    0.00170725    0.04433920    0.05066984    0.01591819    0.02743388    0.00000000 
Fr_paral         :   0.00000000   -0.00100618   -0.00278338   -0.00674556   -0.07506763   -0.06628431   -0.00009018    0.00056944    0.00000000 
max(|Fsp_paral|) :   0.00000000    0.00243213    0.00445658    0.04131455    0.11222892    0.10134126    0.07418528    0.01194729    0.00000000 
max(|Fsp_perp|)  :   0.00000000    0.00000000    0.00000000    0.00000000    0.00000000    0.00000000    0.00000000    0.00000000    0.00000000 
max(|FNEB|)      :   0.00000000    0.00257629    0.00538615    0.04044316    0.12151610    0.12211051    0.07595573    0.02506508    0.00000000 
max(|Force|)     :   0.00011174    0.00050087    0.00217055    0.00660744    0.05364098    0.07169885    0.01591652    0.02741300    0.00045404 
ksp              :   0.01926688    0.03237276    0.05283595    0.06408984    0.10000000    0.10000000    0.06830052    0.06830052 
max(|step|)      :   0.00000000    0.00210980    0.00441088    0.03312013    0.09951322    0.10000000    0.06220245    0.02052656    0.00000000 
angle (deg.)     :    21.3100  39.3874  64.2019  71.7281  73.9168  33.8567  52.1094 
>
iteration       : 143
climbing        : no
zoom on         : no
nim             : 9
barrier         :   0.06663649 (image:  5) 
distance        :   0.00000000   13.46016955   21.81086139   26.77267276   31.62039907   37.33137391   45.41494336   53.13152900   61.33977239 
energy          : -2464.51768787  -2464.51150299  -2464.50280106  -2464.48884895  -2464.47090804  -2464.45105138  -2464.52902707  -2464.48145839  -2464.54813127 
max(|Fr_perp|)   :   0.00000000    0.00027980    0.00061376    0.00222787    0.05785095    0.04854842    0.01823343    0.02642814    0.00000000 
Fr_paral         :   0.00000000   -0.00100231   -0.00268245   -0.00814472   -0.09129732   -0.07336753    0.00332880    0.00003460    0.00000000 
max(|Fsp_paral|) :   0.00000000    0.00091144    0.00384696    0.09444935    0.09057093    0.08910050    0.07554757    0.00603364    0.00000000 
max(|Fsp_perp|)  :   0.00000000    0.00000000    0.00000000    0.00000000    0.00000000    0.00000000    0.00000000    0.00000000    0.00000000 
max(|FNEB|)      :   0.00000000    0.00107676    0.00445540    0.09411390    0.10473563    0.11349735    0.07852679    0.02511551    0.00000000 
max(|Force|)     :   0.00011174    0.00046764    0.00181865    0.00721114    0.06527081    0.07303653    0.01810221    0.02642658    0.00045404 
ksp              :   0.01835337    0.03010629    0.04895017    0.07318137    0.10000000    0.10000000    0.05893194    0.05893194 
max(|step|)      :   0.00000000    0.00094679    0.00390952    0.08352863    0.09213736    0.10000000    0.06903835    0.02208744    0.00045852 
angle (deg.)     :    21.2950  39.8382  62.6511  69.8529  74.4799  34.1946  52.3904 
>
iteration       : 144
climbing        : no
zoom on         : no
nim             : 9
barrier         :   0.07307914 (image:  5) 
distance        :   0.00000000   13.46393905   21.80602239   26.82091109   31.65173909   37.35712619   44.98068223   53.00329464   61.17586514 
energy          : -2464.51768787  -2464.51150090  -2464.50282527  -2464.48794951  -2464.46179945  -2464.44460873  -2464.52869344  -2464.48408045  -2464.54813127 
max(|Fr_perp|)   :   0.00000000    0.00027435    0.00076571    0.00509366    0.06220046    0.04707959    0.01968309    0.02538613    0.00000000 
Fr_paral         :   0.00000000   -0.00099345   -0.00261061   -0.01056032   -0.09736686   -0.07832218    0.00680161   -0.00061979    0.00000000 
max(|Fsp_paral|) :   0.00000000    0.00023101    0.00106940    0.12302274    0.07844580    0.07407443    0.07664619    0.00161151    0.00000000 
max(|Fsp_perp|)  :   0.00000000    0.00000000    0.00000000    0.00000000    0.00000000    0.00000000    0.00000000    0.00000000    0.00000000 
max(|FNEB|)      :   0.00000000    0.00045372    0.00145784    0.12372861    0.09301141    0.10110048    0.07930777    0.02499748    0.00000000 
max(|Force|)     :   0.00011174    0.00042974    0.00159749    0.00814807    0.07066530    0.07369528    0.01944278    0.02541964    0.00045404 
ksp              :   0.01762059    0.02830649    0.04662570    0.07881786    0.10000000    0.10000000    0.05140179    0.05140179 
max(|step|)      :   0.00000000    0.00036671    0.00117825    0.10000000    0.07517373    0.08171148    0.06409817    0.02020348    0.00000000 
angle (deg.)     :    21.2975  40.3484  61.0617  68.4227  75.1615  34.5695  52.6308 
>
iteration       : 145
climbing        : no
zoom on         : no
nim             : 9
barrier         :   0.07734064 (image:  5) 
distance        :   0.00000000   13.46333624   21.80569100   26.88126928   31.67011683   37.36241773   44.59621262   52.88271073   61.03721019 
energy          : -2464.51768787  -2464.51150308  -2464.50283405  -2464.48674520  -2464.45501721  -2464.44034723  -2464.52784747  -2464.48631379  -2464.54813127 
max(|Fr_perp|)   :   0.00000000    0.00026957    0.00061805    0.00790458    0.06330506    0.04572033    0.02039446    0.02446503    0.00000000 
Fr_paral         :   0.00000000   -0.00098652   -0.00263102   -0.01251233   -0.09959053   -0.08159874    0.00974482   -0.00126889    0.00000000 
max(|Fsp_paral|) :   0.00000000    0.00081541    0.00281771    0.13593158    0.07039878    0.06080598    0.07563718    0.00130108    0.00000000 
max(|Fsp_perp|)  :   0.00000000    0.00000000    0.00000000    0.00000000    0.00000000    0.00000000    0.00000000    0.00000000    0.00000000 
max(|FNEB|)      :   0.00000000    0.00100475    0.00241555    0.13753300    0.08429453    0.08966185    0.07796615    0.02481045    0.00000000 
max(|Force|)     :   0.00011174    0.00039515    0.00166036    0.00905213    0.07263275    0.07361811    0.02139008    0.02453642    0.00045404 
ksp              :   0.01719713    0.02728514    0.04600746    0.08292879    0.10000000    0.10000000    0.04650949    0.04650949 
max(|step|)      :   0.00000000    0.00117931    0.00532105    0.10000000    0.04436979    0.04512125    0.04761533    0.01542310    0.00025362 
angle (deg.)     :    21.3315  40.7928  59.6941  67.6471  75.6458  34.7854  52.7802 
>
iteration       : 146
climbing        : no
zoom on         : no
nim             : 9
barrier         :   0.07691894 (image:  5) 
distance        :   0.00000000   13.45864213   21.81580687   26.94451201   31.66644189   37.32256795   44.31104834   52.76570149   60.92484424 
energy          : -2464.51768787  -2464.51150908  -2464.50280454  -2464.48552642  -2464.45184544  -2464.44076893  -2464.52704994  -2464.48789892  -2464.54813127 
max(|Fr_perp|)   :   0.00000000    0.00026701    0.00086982    0.00824549    0.06282721    0.04391613    0.02189826    0.02378670    0.00000000 
Fr_paral         :   0.00000000   -0.00098169   -0.00284245   -0.01368554   -0.10001583   -0.08375061    0.01151157   -0.00175569    0.00000000 
max(|Fsp_paral|) :   0.00000000    0.00057939    0.00745739    0.13770852    0.06342905    0.05338939    0.07218765    0.00283525    0.00000000 
max(|Fsp_perp|)  :   0.00000000    0.00000000    0.00000000    0.00000000    0.00000000    0.00000000    0.00000000    0.00000000    0.00000000 
max(|FNEB|)      :   0.00000000    0.00075053    0.00658263    0.13985239    0.07659856    0.08406880    0.07410241    0.02459366    0.00000000 
max(|Force|)     :   0.00011174    0.00037575    0.00227004    0.00944361    0.07286812    0.07285420    0.02353756    0.02389614    0.00045404 
ksp              :   0.01723006    0.02741549    0.04762861    0.08702927    0.10000000    0.10000000    0.04486401    0.04486401 
max(|step|)      :   0.00000000    0.00053666    0.00470684    0.10000000    0.05477101    0.06011252    0.05298616    0.01758544    0.00000000 
angle (deg.)     :    21.3595  41.2550  58.3020  66.6489  76.3692  35.2238  52.9273 
>
iteration       : 147
climbing        : no
zoom on         : no
nim             : 9
barrier         :   0.07862800 (image:  5) 
distance        :   0.00000000   13.45697842   21.82516647   27.00870986   31.67549049   37.31049030   44.00853103   52.66453808   60.82033766 
energy          : -2464.51768787  -2464.51151200  -2464.50277620  -2464.48414957  -2464.44760945  -2464.43905987  -2464.52584310  -2464.48969390  -2464.54813127 
max(|Fr_perp|)   :   0.00000000    0.00026423    0.00121767    0.00908306    0.06107592    0.04276669    0.02401453    0.02302533    0.00000000 
Fr_paral         :   0.00000000   -0.00097767   -0.00302963   -0.01502417   -0.09915377   -0.08572293    0.01366701   -0.00233437    0.00000000 
max(|Fsp_paral|) :   0.00000000    0.00066488    0.01227605    0.13960392    0.05951179    0.04320094    0.07032548    0.00452485    0.00000000 
max(|Fsp_perp|)  :   0.00000000    0.00000000    0.00000000    0.00000000    0.00000000    0.00000000    0.00000000    0.00000000    0.00000000 
max(|FNEB|)      :   0.00000000    0.00081089    0.01105838    0.14233451    0.06944700    0.07497137    0.07195212    0.02441147    0.00000000 
max(|Force|)     :   0.00011174    0.00035009    0.00274736    0.01009099    0.07171486    0.07232625    0.02602565    0.02317919    0.00045404 
ksp              :   0.01706909    0.02706835    0.04838896    0.09021388    0.10000000    0.10000000    0.04204275    0.04204275 
max(|step|)      :   0.00000000    0.00066216    0.01547890    0.10000000    0.03365667    0.03390629    0.04435359    0.01607018    0.00030689 
angle (deg.)     :    21.4302  41.6019  57.0465  66.0387  76.7783  35.4783  52.9991 
>
iteration       : 148
climbing        : no
zoom on         : no
nim             : 9
barrier         :   0.07566993 (image:  5) 
distance        :   0.00000000   13.45445195   21.85113275   27.07375010   31.66776837   37.24974452   43.74356035   52.54046133   60.70821710 
energy          : -2464.51768787  -2464.51151556  -2464.50267476  -2464.48275034  -2464.44497983  -2464.44201794  -2464.52474507  -2464.49124995  -2464.54813127 
max(|Fr_perp|)   :   0.00000000    0.00026344    0.00222900    0.00896209    0.06294385    0.04033889    0.02527416    0.02232814    0.00000000 
Fr_paral         :   0.00000000   -0.00097678   -0.00354924   -0.01581939   -0.10175396   -0.08799660    0.01505563   -0.00282041    0.00000000 
max(|Fsp_paral|) :   0.00000000    0.00012186    0.01827464    0.14196900    0.04884689    0.03835475    0.06586857    0.00565711    0.00000000 
max(|Fsp_perp|)  :   0.00000000    0.00000000    0.00000000    0.00000000    0.00000000    0.00000000    0.00000000    0.00000000    0.00000000 
max(|FNEB|)      :   0.00000000    0.00029242    0.01604817    0.14507797    0.06116188    0.07149324    0.06696174    0.02417162    0.00000000 
max(|Force|)     :   0.00011174    0.00034380    0.00405040    0.00989459    0.07457509    0.07114854    0.02751940    0.02252989    0.00045404 
ksp              :   0.01734128    0.02785612    0.05154783    0.09647147    0.10000000    0.10000000    0.04145210    0.04145210 
max(|step|)      :   0.00000000    0.00020156    0.01106175    0.10000000    0.04215793    0.04927918    0.04615569    0.01666112    0.00000000 
angle (deg.)     :    21.4805  42.0121  55.7748  65.3699  77.5636  35.9854  53.0759 
>
iteration       : 149
climbing        : no
zoom on         : no
nim             : 9
barrier         :   0.07598640 (image:  5) 
distance        :   0.00000000   13.45499449   21.87063751   27.14024737   31.66827568   37.23327903   43.49511059   52.45712129   60.62873308 
energy          : -2464.51768787  -2464.51151603  -2464.50259523  -2464.48121650  -2464.44324711  -2464.44170147  -2464.52341205  -2464.49284907  -2464.54813127 
max(|Fr_perp|)   :   0.00000000    0.00026188    0.00282593    0.00890030    0.05660419    0.03980226    0.02653514    0.02164341    0.00000000 
Fr_paral         :   0.00000000   -0.00097543   -0.00392213   -0.01667863   -0.09660136   -0.08869465    0.01678779   -0.00335254    0.00000000 
max(|Fsp_paral|) :   0.00000000    0.00035274    0.02422096    0.13311172    0.04839178    0.02997894    0.06417371    0.00680561    0.00000000 
max(|Fsp_perp|)  :   0.00000000    0.00000000    0.00000000    0.00000000    0.00000000    0.00000000    0.00000000    0.00000000    0.00000000 
max(|FNEB|)      :   0.00000000    0.00041078    0.02139503    0.13668772    0.05445291    0.06298173    0.06501815    0.02400307    0.00000000 
max(|Force|)     :   0.00011174    0.00033216    0.00490306    0.01133560    0.06835103    0.07043729    0.02912039    0.02189731    0.00045404 
ksp              :   0.01731007    0.02787607    0.05319751    0.09816930    0.10000000    0.10000000    0.03941963    0.03941963 
max(|step|)      :   0.00000000    0.00061486    0.02534500    0.10000000    0.03522465    0.03924839    0.05048173    0.01948468    0.00048538 
angle (deg.)     :    21.5822  42.2854  54.5478  64.5653  78.0665  36.4466  53.1109 
>
iteration       : 150
climbing        : no
zoom on         : no
nim             : 9
barrier         :   0.07928409 (image:  4) 
distance        :   0.00000000   13.45797495   21.91153613   27.20466747   31.66950414   37.17129105   43.19990167   52.32316864   60.50774674 
energy          : -2464.51768787  -2464.51151406  -2464.50239611  -2464.47974067  -2464.43840378  -2464.44524699  -2464.52174763  -2464.49465820  -2464.54813127 
max(|Fr_perp|)   :   0.00000000    0.00026164    0.00426278    0.00892075    0.06958406    0.03884499    0.02773707    0.02080502    0.00000000 
Fr_paral         :   0.00000000   -0.00097806   -0.00476514   -0.01697733   -0.10072971   -0.08818392    0.01841088   -0.00397166    0.00000000 
max(|Fsp_paral|) :   0.00000000    0.00049626    0.02686662    0.13333633    0.04461867    0.00258903    0.05377859    0.00748387    0.00000000 
max(|Fsp_perp|)  :   0.00000000    0.00000000    0.00000000    0.00000000    0.00000000    0.00000000    0.00000000    0.00000000    0.00000000 
max(|FNEB|)      :   0.00000000    0.00052349    0.02260119    0.13703968    0.05966547    0.03682179    0.05412374    0.02358738    0.00000000 
max(|Force|)     :   0.00011174    0.00032991    0.00684005    0.01127227    0.07933607    0.06894315    0.03064176    0.02113363    0.00045404 
ksp              :   0.01700754    0.02735618    0.05306442    0.10000000    0.10000000    0.09224484    0.03614682    0.03614682 
max(|step|)      :   0.00000000    0.00038200    0.01649244    0.10000000    0.04353883    0.02686944    0.03949494    0.01721208    0.00000000 
angle (deg.)     :    21.6544  42.6547  53.3438  64.3134  78.4553  36.9310  53.1036 
>
iteration       : 151
climbing        : no
zoom on         : no
nim             : 9
barrier         :   0.07875020 (image:  4) 
distance        :   0.00000000   13.45976034   21.94026948   27.27385960   31.68861608   37.12455881   42.96948555   52.22405781   60.41683867 
energy          : -2464.51768787  -2464.51151323  -2464.50225783  -2464.47809267  -2464.43893767  -2464.44988458  -2464.52058557  -2464.49621997  -2464.54813127 
max(|Fr_perp|)   :   0.00000000    0.00026041    0.00486598    0.01028058    0.05655770    0.03855315    0.02820142    0.02013429    0.00000000 
Fr_paral         :   0.00000000   -0.00097818   -0.00524444   -0.01781094   -0.08675041   -0.08609709    0.01940993   -0.00441770    0.00000000 
max(|Fsp_paral|) :   0.00000000    0.00099885    0.03336003    0.11739570    0.04380529    0.01443695    0.04581440    0.00814083    0.00000000 
max(|Fsp_perp|)  :   0.00000000    0.00000000    0.00000000    0.00000000    0.00000000    0.00000000    0.00000000    0.00000000    0.00000000 
max(|FNEB|)      :   0.00000000    0.00099292    0.02849405    0.12141782    0.05157813    0.04927493    0.04575220    0.02331240    0.00000000 
max(|Force|)     :   0.00011174    0.00032198    0.00776564    0.01284224    0.06376020    0.06719828    0.03132975    0.02051718    0.00045404 
ksp              :   0.01705672    0.02763428    0.05525154    0.10000000    0.10000000    0.08748928    0.03453467    0.03453467 
max(|step|)      :   0.00000000    0.00086793    0.02429785    0.10000000    0.04335905    0.04237438    0.03738933    0.01944980    0.00062241 
angle (deg.)     :    21.7532  42.9606  52.1546  64.0959  78.4927  37.4240  53.0326 
>
iteration       : 152
climbing        : no
zoom on         : no
nim             : 9
barrier         :   0.08017881 (image:  4) 
distance        :   0.00000000   13.46386158   21.98037994   27.34219155   31.71624966   37.04590556   42.72023959   52.09401619   60.29789142 
energy          : -2464.51768787  -2464.51151008  -2464.50203536  -2464.47645886  -2464.43750906  -2464.45797040  -2464.51965647  -2464.49794826  -2464.54813127 
max(|Fr_perp|)   :   0.00000000    0.00026021    0.00591737    0.01056148    0.05931956    0.03744455    0.02830211    0.01937296    0.00000000 
Fr_paral         :   0.00000000   -0.00098093   -0.00601248   -0.01840221   -0.08096128   -0.08217627    0.01986577   -0.00479884    0.00000000 
max(|Fsp_paral|) :   0.00000000    0.00142159    0.03775877    0.10775719    0.03947713    0.04359118    0.03231887    0.00841287    0.00000000 
max(|Fsp_perp|)  :   0.00000000    0.00000000    0.00000000    0.00000000    0.00000000    0.00000000    0.00000000    0.00000000    0.00000000 
max(|FNEB|)      :   0.00000000    0.00139223    0.03184221    0.11170646    0.06154383    0.06847817    0.03162771    0.02280584    0.00000000 
max(|Force|)     :   0.00011174    0.00031914    0.00930305    0.01299511    0.06324171    0.06414503    0.03153578    0.01981401    0.00045404 
ksp              :   0.01693443    0.02756847    0.05627145    0.10000000    0.10000000    0.07708741    0.03216523    0.03216523 
max(|step|)      :   0.00000000    0.00124633    0.02850525    0.10000000    0.05509425    0.06130189    0.02831323    0.02041587    0.00000000 
angle (deg.)     :    21.8670  43.2376  50.9781  64.3203  78.0051  37.8412  52.8735 
>
iteration       : 153
climbing        : no
zoom on         : no
nim             : 9
barrier         :   0.08025091 (image:  4) 
distance        :   0.00000000   13.46971942   22.02715628   27.41113245   31.75654129   36.93470035   42.48536481   51.94440248   60.16051922 
energy          : -2464.51768787  -2464.51150517  -2464.50175832  -2464.47477625  -2464.43743696  -2464.47004730  -2464.51944186  -2464.49970172  -2464.54813127 
max(|Fr_perp|)   :   0.00000000    0.00026010    0.00698630    0.01106899    0.05447092    0.03483286    0.02775789    0.01862072    0.00000000 
Fr_paral         :   0.00000000   -0.00098578   -0.00685549   -0.01907401   -0.07048986   -0.07477263    0.01914180   -0.00496832    0.00000000 
max(|Fsp_paral|) :   0.00000000    0.00217069    0.04283800    0.09596178    0.03896446    0.07715476    0.01546480    0.00842190    0.00000000 
max(|Fsp_perp|)  :   0.00000000    0.00000000    0.00000000    0.00000000    0.00000000    0.00000000    0.00000000    0.00000000    0.00000000 
max(|FNEB|)      :   0.00000000    0.00210547    0.03585171    0.09971157    0.06341255    0.09082487    0.01747309    0.02214321    0.00000000 
max(|Force|)     :   0.00011174    0.00031957    0.01092872    0.01345748    0.05510901    0.05843303    0.03079602    0.01908741    0.00045404 
ksp              :   0.01693379    0.02786472    0.05812464    0.10000000    0.10000000    0.06342807    0.03017116    0.03017116 
max(|step|)      :   0.00000000    0.00150064    0.03060611    0.10000000    0.05752205    0.06888656    0.02462432    0.02094615    0.00073014 
angle (deg.)     :    21.9890  43.5105  49.8180  64.7216  77.2974  38.2605  52.6783 
>
iteration       : 154
climbing        : no
zoom on         : no
nim             : 9
barrier         :   0.08028169 (image:  4) 
distance        :   0.00000000   13.47672429   22.07726604   27.48125350   31.80027291   36.81041726   42.26048900   51.78981027   60.01880125 
energy          : -2464.51768787  -2464.51149902  -2464.50143474  -2464.47302080  -2464.43740618  -2464.48262242  -2464.51950630  -2464.50145638  -2464.54813127 
max(|Fr_perp|)   :   0.00000000    0.00026034    0.00805957    0.01136725    0.04906966    0.02983508    0.02688438    0.01787372    0.00000000 
Fr_paral         :   0.00000000   -0.00099025   -0.00776686   -0.01973550   -0.06275308   -0.06406231    0.01767784   -0.00504988    0.00000000 
max(|Fsp_paral|) :   0.00000000    0.00302623    0.04797419    0.08415155    0.03748442    0.11013523    0.00008289    0.00826825    0.00000000 
max(|Fsp_perp|)  :   0.00000000    0.00000000    0.00000000    0.00000000    0.00000000    0.00000000    0.00000000    0.00000000    0.00000000 
max(|FNEB|)      :   0.00000000    0.00295557    0.03992010    0.08752848    0.05842424    0.11244779    0.02684043    0.02139934    0.00000000 
max(|Force|)     :   0.00011174    0.00032297    0.01260285    0.01364023    0.04884050    0.05002817    0.02954732    0.01836220    0.00045404 
ksp              :   0.01693716    0.02821691    0.06006289    0.10000000    0.10000000    0.04937508    0.02820069    0.02820069 
max(|step|)      :   0.00000000    0.00262839    0.03550101    0.07783922    0.05195677    0.10000000    0.02386924    0.01903047    0.00000000 
angle (deg.)     :    22.1202  43.6334  48.8707  65.5096  75.5624  38.3491  52.3353 
>
iteration       : 155
climbing        : no
zoom on         : no
nim             : 9
barrier         :   0.07797819 (image:  4) 
distance        :   0.00000000   13.48884246   22.13362839   27.53281043   31.83203477   36.61065953   42.09585642   51.59947427   59.84024759 
energy          : -2464.51768787  -2464.51148740  -2464.50103847  -2464.47171026  -2464.43970968  -2464.49717312  -2464.52123299  -2464.50300805  -2464.54813127 
max(|Fr_perp|)   :   0.00000000    0.00026175    0.00921127    0.01088654    0.04634081    0.02204791    0.02404031    0.01726790    0.00000000 
Fr_paral         :   0.00000000   -0.00100010   -0.00873091   -0.01993646   -0.05434275   -0.04459046    0.01383238   -0.00463160    0.00000000 
max(|Fsp_paral|) :   0.00000000    0.00443976    0.05224799    0.06990177    0.02923105    0.14154549    0.01570369    0.00766096    0.00000000 
max(|Fsp_perp|)  :   0.00000000    0.00000000    0.00000000    0.00000000    0.00000000    0.00000000    0.00000000    0.00000000    0.00000000 
max(|FNEB|)      :   0.00000000    0.00436606    0.04303672    0.07292154    0.04997360    0.13249493    0.03298686    0.02044935    0.00000000 
max(|Force|)     :   0.00011174    0.00033792    0.01439880    0.01303610    0.04471150    0.03753979    0.02577527    0.01770098    0.00045404 
ksp              :   0.01715639    0.02921623    0.06306593    0.10000000    0.10000000    0.03367748    0.02694300    0.02694300 
max(|step|)      :   0.00000000    0.00000000    0.00000000    0.00000000    0.00000000    0.00000000    0.00000000    0.00000000    0.00000000 
angle (deg.)     :    22.1205  43.6335  48.8710  65.5094  75.5625  38.3491  52.3353 
>
iteration       : 156
climbing        : no
zoom on         : no
nim             : 9
barrier         :   0.07796676 (image:  4) 
distance        :   0.00000000   13.48884246   22.13362839   27.53281043   31.83203477   36.61065953   42.09585642   51.59947427   59.84024759 
energy          : -2464.51768787  -2464.51148731  -2464.50103704  -2464.47170705  -2464.43972111  -2464.49721705  -2464.52124052  -2464.50301277  -2464.54813127 
max(|Fr_perp|)   :   0.00000000    0.00026184    0.00921523    0.01088552    0.04631825    0.02202867    0.02402522    0.01726619    0.00000000 
Fr_paral         :   0.00000000   -0.00100018   -0.00873458   -0.01993642   -0.05431525   -0.04451188    0.01381664   -0.00462962    0.00000000 
max(|Fsp_paral|) :   0.00000000    0.00444039    0.05224480    0.06989937    0.02919323    0.14150498    0.01570113    0.00765897    0.00000000 
max(|Fsp_perp|)  :   0.00000000    0.00000000    0.00000000    0.00000000    0.00000000    0.00000000    0.00000000    0.00000000    0.00000000 
max(|FNEB|)      :   0.00000000    0.00436610    0.04303640    0.07292169    0.04997197    0.13249483    0.03298687    0.02044864    0.00000000 
max(|Force|)     :   0.00011174    0.00033934    0.01439896    0.01303564    0.04471016    0.03754011    0.02577523    0.01770026    0.00045404 
ksp              :   0.01715644    0.02921630    0.06306592    0.10000000    0.10000000    0.03367748    0.02694303    0.02694303 
max(|step|)      :   0.00000000    0.00329530    0.03248157    0.05503738    0.03771617    0.10000000    0.02489672    0.01543354    0.00000000 
angle (deg.)     :    22.2347  43.6729  48.1824  66.3454  73.7021  38.2142  51.9941 
>
iteration       : 157
climbing        : no
zoom on         : no
nim             : 9
barrier         :   0.07512722 (image:  4) 
distance        :   0.00000000   13.50383111   22.18480609   27.56707134   31.84825912   36.40532623   41.99565634   51.42529211   59.67524589 
energy          : -2464.51768787  -2464.51147236  -2464.50065555  -2464.47083104  -2464.44256065  -2464.50605534  -2464.52310982  -2464.50424536  -2464.54813127 
max(|Fr_perp|)   :   0.00000000    0.00026411    0.01014611    0.01045782    0.04019342    0.01594514    0.02010623    0.01680941    0.00000000 
Fr_paral         :   0.00000000   -0.00101214   -0.00953230   -0.01990231   -0.04735335   -0.02150261    0.01055617   -0.00414282    0.00000000 
max(|Fsp_paral|) :   0.00000000    0.00595601    0.05522462    0.05636049    0.01789276    0.15726907    0.02532075    0.00691063    0.00000000 
max(|Fsp_perp|)  :   0.00000000    0.00000000    0.00000000    0.00000000    0.00000000    0.00000000    0.00000000    0.00000000    0.00000000 
max(|FNEB|)      :   0.00000000    0.00587706    0.04507851    0.05906783    0.04304775    0.14539681    0.03172007    0.01957803    0.00000000 
max(|Force|)     :   0.00011174    0.00035911    0.01586758    0.01283442    0.03883971    0.02203048    0.02119753    0.01718188    0.00045404 
ksp              :   0.01744598    0.03040417    0.06613298    0.10000000    0.10000000    0.02393540    0.02610369    0.02610369 
max(|step|)      :   0.00000000    0.00000000    0.00000000    0.00000000    0.00000000    0.00000000    0.00000000    0.00000000    0.00000000 
angle (deg.)     :    22.2350  43.6730  48.1827  66.3453  73.7022  38.2142  51.9941 
>
iteration       : 158
climbing        : no
zoom on         : no
nim             : 9
barrier         :   0.07511517 (image:  4) 
distance        :   0.00000000   13.50383111   22.18480609   27.56707134   31.84825912   36.40532623   41.99565634   51.42529211   59.67524589 
energy          : -2464.51768787  -2464.51147221  -2464.50065418  -2464.47082885  -2464.44257270  -2464.50607700  -2464.52311631  -2464.50424952  -2464.54813127 
max(|Fr_perp|)   :   0.00000000    0.00026439    0.01014845    0.01045468    0.04017465    0.01592096    0.02008957    0.01680786    0.00000000 
Fr_paral         :   0.00000000   -0.00101257   -0.00953495   -0.01990283   -0.04732971   -0.02141713    0.01054603   -0.00414103    0.00000000 
max(|Fsp_paral|) :   0.00000000    0.00595618    0.05522019    0.05635978    0.01784861    0.15722831    0.02531728    0.00690823    0.00000000 
max(|Fsp_perp|)  :   0.00000000    0.00000000    0.00000000    0.00000000    0.00000000    0.00000000    0.00000000    0.00000000    0.00000000 
max(|FNEB|)      :   0.00000000    0.00587669    0.04507902    0.05906712    0.04304821    0.14539701    0.03172001    0.01957707    0.00000000 
max(|Force|)     :   0.00011174    0.00036052    0.01586718    0.01283577    0.03884016    0.02203045    0.02119744    0.01718092    0.00045404 
ksp              :   0.01744608    0.03040416    0.06613297    0.10000000    0.10000000    0.02393541    0.02610372    0.02610372 
max(|step|)      :   0.00000000    0.00404182    0.03100409    0.04062471    0.02960736    0.10000000    0.02181614    0.01346456    0.00000000 
angle (deg.)     :    22.3385  43.6583  47.6491  67.0680  71.9363  37.9466  51.6793 
>
iteration       : 159
climbing        : no
zoom on         : no
nim             : 9
barrier         :   0.07215027 (image:  4) 
distance        :   0.00000000   13.52207613   22.23346019   27.58986125   31.85141102   36.19970333   41.92870398   51.26302292   59.52029279 
energy          : -2464.51768787  -2464.51145343  -2464.50027688  -2464.47024445  -2464.44553760  -2464.50909410  -2464.52470103  -2464.50530698  -2464.54813127 
max(|Fr_perp|)   :   0.00000000    0.00027272    0.01092816    0.00979368    0.03504348    0.01738748    0.01598238    0.01641656    0.00000000 
Fr_paral         :   0.00000000   -0.00103334   -0.01021178   -0.01970681   -0.04197062    0.00191027    0.00876921   -0.00371530    0.00000000 
max(|Fsp_paral|) :   0.00000000    0.00755356    0.05701269    0.04341538    0.00582130    0.15564979    0.02697375    0.00612938    0.00000000 
max(|Fsp_perp|)  :   0.00000000    0.00000000    0.00000000    0.00000000    0.00000000    0.00000000    0.00000000    0.00000000    0.00000000 
max(|FNEB|)      :   0.00000000    0.00746867    0.04608453    0.04581652    0.03609689    0.14699629    0.02742831    0.01878935    0.00000000 
max(|Force|)     :   0.00011174    0.00038736    0.01710544    0.01298832    0.03411845    0.01747370    0.01682727    0.01673824    0.00045404 
ksp              :   0.01777682    0.03171841    0.06918076    0.10000000    0.10000000    0.02071984    0.02544388    0.02544388 
max(|step|)      :   0.00000000    0.00501825    0.03136187    0.03236146    0.02516774    0.10000000    0.01891257    0.01288451    0.00055694 
angle (deg.)     :    22.4390  43.6067  47.1975  67.7015  70.3781  37.6944  51.3771 
>
iteration       : 160
climbing        : no
zoom on         : no
nim             : 9
barrier         :   0.06907372 (image:  4) 
distance        :   0.00000000   13.54440685   22.28271854   27.60551379   31.84542149   35.99853308   41.87791410   51.11477667   59.37822638 
energy          : -2464.51768787  -2464.51142969  -2464.49988260  -2464.46983652  -2464.44861415  -2464.50776683  -2464.52601831  -2464.50631221  -2464.54813127 
max(|Fr_perp|)   :   0.00000000    0.00031505    0.01160425    0.00901060    0.03014568    0.03187595    0.01203791    0.01603723    0.00000000 
Fr_paral         :   0.00000000   -0.00104572   -0.01080860   -0.01940325   -0.03742015    0.02302399    0.00784853   -0.00335394    0.00000000 
max(|Fsp_paral|) :   0.00000000    0.00929412    0.05782341    0.03045606    0.00598913    0.13877761    0.02138395    0.00538697    0.00000000 
max(|Fsp_perp|)  :   0.00000000    0.00000000    0.00000000    0.00000000    0.00000000    0.00000000    0.00000000    0.00000000    0.00000000 
max(|FNEB|)      :   0.00000000    0.00920074    0.04622911    0.03255316    0.02900290    0.13807844    0.02227846    0.01806237    0.00000000 
max(|Force|)     :   0.00011174    0.00042460    0.01818521    0.01306476    0.02978976    0.03865905    0.01286461    0.01632047    0.00045404 
ksp              :   0.01815231    0.03319241    0.07233420    0.10000000    0.10000000    0.02291371    0.02482430    0.02482430 
max(|step|)      :   0.00000000    0.00666341    0.03348033    0.02357585    0.02100466    0.10000000    0.01613464    0.01308124    0.00000000 
angle (deg.)     :    22.5380  43.5035  46.8228  68.2044  69.1391  37.5328  51.0781 
>
iteration       : 161
climbing        : no
zoom on         : no
nim             : 9
barrier         :   0.06574602 (image:  4) 
distance        :   0.00000000   13.57423097   22.33537589   27.61261367   31.82792644   35.80931434   41.83429333   50.98664679   59.25512928 
energy          : -2464.51768787  -2464.51139750  -2464.49946169  -2464.46963853  -2464.45194185  -2464.50470553  -2464.52706713  -2464.50731093  -2464.54813127 
max(|Fr_perp|)   :   0.00000000    0.00041024    0.01216686    0.00806903    0.02559725    0.04163520    0.00900219    0.01565272    0.00000000 
Fr_paral         :   0.00000000   -0.00106963   -0.01131032   -0.01898502   -0.03304277    0.03767127    0.00714369   -0.00306360    0.00000000 
max(|Fsp_paral|) :   0.00000000    0.01127592    0.05736168    0.01694179    0.01630172    0.11425832    0.01216025    0.00476113    0.00000000 
max(|Fsp_perp|)  :   0.00000000    0.00000000    0.00000000    0.00000000    0.00000000    0.00000000    0.00000000    0.00000000    0.00000000 
max(|FNEB|)      :   0.00000000    0.01117212    0.04519481    0.01873840    0.02713047    0.12042045    0.01524357    0.01739290    0.00000000 
max(|Force|)     :   0.00011174    0.00052591    0.01909224    0.01306050    0.02846933    0.05308984    0.00982467    0.01590191    0.00045404 
ksp              :   0.01861092    0.03494989    0.07577494    0.10000000    0.10000000    0.02777158    0.02420503    0.02420503 
max(|step|)      :   0.00000000    0.01248498    0.04232640    0.00823298    0.02807763    0.10000000    0.00971679    0.01605956    0.00062922 
angle (deg.)     :    22.6410  43.2614  46.5793  68.4782  68.4282  37.5424  50.7647 
>
iteration       : 162
climbing        : no
zoom on         : no
nim             : 9
barrier         :   0.06115331 (image:  4) 
distance        :   0.00000000   13.62948570   22.40258943   27.59989361   31.78530580   35.64494600   41.77172796   50.88861741   59.16066678 
energy          : -2464.51768787  -2464.51133518  -2464.49894035  -2464.46990501  -2464.45653456  -2464.50331967  -2464.52776328  -2464.50853641  -2464.54813127 
max(|Fr_perp|)   :   0.00000000    0.00059261    0.01252136    0.00724871    0.02373203    0.03670178    0.00871236    0.01515724    0.00000000 
Fr_paral         :   0.00000000   -0.00111394   -0.01161562   -0.01818202   -0.02745471    0.04204995    0.00703972   -0.00288536    0.00000000 
max(|Fsp_paral|) :   0.00000000    0.01390496    0.05387741    0.00093647    0.02334600    0.09581748    0.00520983    0.00441201    0.00000000 
max(|Fsp_perp|)  :   0.00000000    0.00000000    0.00000000    0.00000000    0.00000000    0.00000000    0.00000000    0.00000000    0.00000000 
max(|FNEB|)      :   0.00000000    0.01378659    0.04137262    0.00703767    0.02809296    0.10519008    0.01154939    0.01674630    0.00000000 
max(|Force|)     :   0.00011174    0.00071652    0.01966038    0.01284699    0.02740978    0.05008517    0.00956855    0.01539115    0.00045404 
ksp              :   0.01934625    0.03758008    0.08030426    0.10000000    0.10000000    0.03111609    0.02347177    0.02347177 
max(|step|)      :   0.00000000    0.01310636    0.03933129    0.00669043    0.02670686    0.10000000    0.01097955    0.01592004    0.00000000 
angle (deg.)     :    22.7317  43.0301  46.3728  68.8613  67.6915  37.6068  50.4559 
>
iteration       : 163
climbing        : no
zoom on         : no
nim             : 9
barrier         :   0.05717278 (image:  4) 
distance        :   0.00000000   13.68784646   22.46608527   27.58551159   31.74919290   35.47698500   41.71453802   50.79018826   59.06659044 
energy          : -2464.51768787  -2464.51126815  -2464.49846710  -2464.47019030  -2464.46051509  -2464.49900423  -2464.52841647  -2464.50970785  -2464.54813127 
max(|Fr_perp|)   :   0.00000000    0.00077473    0.01261664    0.00685986    0.02344762    0.03958753    0.00728365    0.01468567    0.00000000 
Fr_paral         :   0.00000000   -0.00115868   -0.01172185   -0.01745407   -0.02296797    0.05053763    0.00665131   -0.00271509    0.00000000 
max(|Fsp_paral|) :   0.00000000    0.01648042    0.04970793    0.01386574    0.03180962    0.06182835    0.00906557    0.00401290    0.00000000 
max(|Fsp_perp|)  :   0.00000000    0.00000000    0.00000000    0.00000000    0.00000000    0.00000000    0.00000000    0.00000000    0.00000000 
max(|FNEB|)      :   0.00000000    0.01634425    0.03709129    0.01278370    0.03141476    0.07635317    0.01057766    0.01610334    0.00000000 
max(|Force|)     :   0.00011174    0.00090891    0.01984696    0.01266628    0.02670308    0.05630567    0.00817459    0.01489912    0.00045404 
ksp              :   0.02010577    0.04025687    0.08476951    0.10000000    0.10000000    0.03941132    0.02256196    0.02256196 
max(|step|)      :   0.00000000    0.01999945    0.04672168    0.01318448    0.03854391    0.10000000    0.01164972    0.02011943    0.00086491 
angle (deg.)     :    22.8207  42.6836  46.2702  69.1740  67.4151  37.7771  50.1527 
>
iteration       : 164
climbing        : no
zoom on         : no
nim             : 9
barrier         :   0.05231634 (image:  4) 
distance        :   0.00000000   13.77594496   22.54291771   27.55422782   31.69630017   35.33009325   41.62391161   50.71222137   58.99331801 
energy          : -2464.51768787  -2464.51116223  -2464.49792732  -2464.47082765  -2464.46537153  -2464.49586921  -2464.52870838  -2464.51116116  -2464.54813127 
max(|Fr_perp|)   :   0.00000000    0.00105336    0.01235248    0.00622892    0.02280906    0.03227221    0.00850447    0.01407399    0.00000000 
Fr_paral         :   0.00000000   -0.00122562   -0.01151984   -0.01646076   -0.01659056    0.05238621    0.00726703   -0.00266939    0.00000000 
max(|Fsp_paral|) :   0.00000000    0.01966670    0.04227555    0.03145101    0.03827710    0.03083099    0.02318456    0.00382666    0.00000000 
max(|Fsp_perp|)  :   0.00000000    0.00000000    0.00000000    0.00000000    0.00000000    0.00000000    0.00000000    0.00000000    0.00000000 
max(|FNEB|)      :   0.00000000    0.01951031    0.02994097    0.03080927    0.03353859    0.04712394    0.02342197    0.01541988    0.00000000 
max(|Force|)     :   0.00011174    0.00119916    0.01947803    0.01235722    0.02627274    0.05053883    0.00952885    0.01428570    0.00045404 
ksp              :   0.02122128    0.04397992    0.09059341    0.10000000    0.10000000    0.04752219    0.02123331    0.02123331 
max(|step|)      :   0.00000000    0.04140212    0.06353665    0.06537923    0.07117102    0.10000000    0.04970290    0.03272197    0.00000000 
angle (deg.)     :    22.8716  41.9753  46.5756  69.3592  68.0497  38.1447  49.8890 
>
iteration       : 165
climbing        : no
zoom on         : no
nim             : 9
barrier         :   0.04515608 (image:  3) 
distance        :   0.00000000   13.95979272   22.65185877   27.46890383   31.60184077   35.23245509   41.41149516   50.67155293   58.95973817 
energy          : -2464.51768787  -2464.51092966  -2464.49728513  -2464.47253179  -2464.47254447  -2464.49510787  -2464.52763637  -2464.51342885  -2464.54813127 
max(|Fr_perp|)   :   0.00000000    0.00161293    0.01103085    0.00487615    0.02384369    0.01697394    0.01503751    0.01305080    0.00000000 
Fr_paral         :   0.00000000   -0.00135557   -0.01041898   -0.01472039   -0.00520015    0.04732109    0.01080597   -0.00305475    0.00000000 
max(|Fsp_paral|) :   0.00000000    0.02382243    0.02547093    0.05459717    0.04016048    0.01070322    0.03638502    0.00406219    0.00000000 
max(|Fsp_perp|)  :   0.00000000    0.00000000    0.00000000    0.00000000    0.00000000    0.00000000    0.00000000    0.00000000    0.00000000 
max(|FNEB|)      :   0.00000000    0.02362537    0.01444009    0.05456144    0.03197184    0.02399271    0.03725665    0.01452696    0.00000000 
max(|Force|)     :   0.00011174    0.00178375    0.01745251    0.01171228    0.02468360    0.03465489    0.01671649    0.01330175    0.00045404 
ksp              :   0.02346969    0.05066443    0.10000000    0.10000000    0.09997472    0.05500391    0.01848860    0.01848860 
max(|step|)      :   0.00000000    0.00000000    0.00000000    0.00000000    0.00000000    0.00000000    0.00000000    0.00000000    0.00000000 
angle (deg.)     :    22.8732  41.9754  46.5753  69.3585  68.0497  38.1448  49.8896 
>
iteration       : 166
climbing        : no
zoom on         : no
nim             : 9
barrier         :   0.04515122 (image:  3) 
distance        :   0.00000000   13.95979272   22.65185877   27.46890383   31.60184077   35.23245509   41.41149516   50.67155293   58.95973817 
energy          : -2464.51768787  -2464.51092913  -2464.49728474  -2464.47253665  -2464.47255598  -2464.49510930  -2464.52763161  -2464.51343300  -2464.54813127 
max(|Fr_perp|)   :   0.00000000    0.00161406    0.01102616    0.00487373    0.02384071    0.01696085    0.01505030    0.01304833    0.00000000 
Fr_paral         :   0.00000000   -0.00135575   -0.01041388   -0.01471631   -0.00519222    0.04731286    0.01081412   -0.00305622    0.00000000 
max(|Fsp_paral|) :   0.00000000    0.02381734    0.02545754    0.05456520    0.04015707    0.01072247    0.03637487    0.00406475    0.00000000 
max(|Fsp_perp|)  :   0.00000000    0.00000000    0.00000000    0.00000000    0.00000000    0.00000000    0.00000000    0.00000000    0.00000000 
max(|FNEB|)      :   0.00000000    0.02362579    0.01443958    0.05456141    0.03197161    0.02399241    0.03725665    0.01452688    0.00000000 
max(|Force|)     :   0.00011174    0.00178375    0.01745136    0.01171227    0.02468340    0.03465436    0.01671538    0.01330167    0.00045404 
ksp              :   0.02346965    0.05066458    0.10000000    0.10000000    0.09997474    0.05500397    0.01848866    0.01848866 
max(|step|)      :   0.00000000    0.04330128    0.02646483    0.10000000    0.05859747    0.04397322    0.06828389    0.02662483    0.00000000 
angle (deg.)     :    22.7671  41.3015  47.3811  69.2521  68.8809  38.6056  49.8642 
>
iteration       : 167
climbing        : no
zoom on         : no
nim             : 9
barrier         :   0.04313805 (image:  3) 
distance        :   0.00000000   14.15189075   22.70594208   27.36839970   31.53528867   35.22370535   41.15921580   50.67578708   58.97128748 
energy          : -2464.51768787  -2464.51067075  -2464.49712896  -2464.47454982  -2464.47733476  -2464.49556424  -2464.52525399  -2464.51520526  -2464.54813127 
max(|Fr_perp|)   :   0.00000000    0.00210604    0.00915326    0.00376579    0.02259551    0.01163655    0.01986863    0.01217273    0.00000000 
Fr_paral         :   0.00000000   -0.00146859   -0.00890969   -0.01281338   -0.00145751    0.04379870    0.01463467   -0.00382395    0.00000000 
max(|Fsp_paral|) :   0.00000000    0.02194606    0.00841314    0.04006994    0.05568512    0.00634032    0.03994081    0.00426857    0.00000000 
max(|Fsp_perp|)  :   0.00000000    0.00000000    0.00000000    0.00000000    0.00000000    0.00000000    0.00000000    0.00000000    0.00000000 
max(|FNEB|)      :   0.00000000    0.02175467    0.00698250    0.04086212    0.04281517    0.01698832    0.04149160    0.01382865    0.00000000 
max(|Force|)     :   0.00011174    0.00229468    0.01458505    0.01115263    0.02281868    0.02862285    0.02237340    0.01251436    0.00045404 
ksp              :   0.02464000    0.05289258    0.10000000    0.10000000    0.09418972    0.05615710    0.01517952    0.01517952 
max(|step|)      :   0.00000000    0.00000000    0.00000000    0.00000000    0.00000000    0.00000000    0.00000000    0.00000000    0.00000000 
angle (deg.)     :    22.7686  41.3015  47.3808  69.2519  68.8808  38.6057  49.8650 
>
iteration       : 168
climbing        : no
zoom on         : no
nim             : 9
barrier         :   0.04313482 (image:  3) 
distance        :   0.00000000   14.15189075   22.70594208   27.36839970   31.53528867   35.22370535   41.15921580   50.67578708   58.97128748 
energy          : -2464.51768787  -2464.51067026  -2464.49712937  -2464.47455305  -2464.47734431  -2464.49556535  -2464.52524710  -2464.51520901  -2464.54813127 
max(|Fr_perp|)   :   0.00000000    0.00210663    0.00914817    0.00376574    0.02259410    0.01163142    0.01987759    0.01217126    0.00000000 
Fr_paral         :   0.00000000   -0.00146891   -0.00890548   -0.01281027   -0.00144089    0.04379651    0.01464452   -0.00382598    0.00000000 
max(|Fsp_paral|) :   0.00000000    0.02193994    0.00841291    0.04006159    0.05566598    0.00636400    0.03992836    0.00427099    0.00000000 
max(|Fsp_perp|)  :   0.00000000    0.00000000    0.00000000    0.00000000    0.00000000    0.00000000    0.00000000    0.00000000    0.00000000 
max(|FNEB|)      :   0.00000000    0.02175465    0.00698311    0.04086235    0.04281431    0.01698875    0.04149152    0.01382982    0.00000000 
max(|Force|)     :   0.00011174    0.00229479    0.01458446    0.01115236    0.02281867    0.02862479    0.02237379    0.01251549    0.00045404 
ksp              :   0.02464003    0.05289257    0.10000000    0.10000000    0.09418972    0.05615710    0.01517955    0.01517955 
max(|step|)      :   0.00000000    0.05081163    0.01631023    0.09544086    0.10000000    0.03968008    0.09691039    0.03230186    0.00000000 
angle (deg.)     :    22.5386  40.8917  47.9584  68.6265  69.8715  39.3028  49.9483 
>
iteration       : 169
climbing        : no
zoom on         : no
nim             : 9
barrier         :   0.04138333 (image:  3) 
distance        :   0.00000000   14.37790324   22.72686524   27.28016457   31.40301793   35.19861096   40.76483353   50.65277790   58.95723862 
energy          : -2464.51768787  -2464.51036278  -2464.49730946  -2464.47630454  -2464.48214556  -2464.49604590  -2464.52082306  -2464.51728406  -2464.54813127 
max(|Fr_perp|)   :   0.00000000    0.00231321    0.00627224    0.00394308    0.02184147    0.00873106    0.02394825    0.01105111    0.00000000 
Fr_paral         :   0.00000000   -0.00154393   -0.00702641   -0.01163781    0.00881989    0.04195604    0.02134435   -0.00529507    0.00000000 
max(|Fsp_paral|) :   0.00000000    0.01709205    0.00110161    0.03496314    0.06566592    0.00594482    0.04774154    0.00407644    0.00000000 
max(|Fsp_perp|)  :   0.00000000    0.00000000    0.00000000    0.00000000    0.00000000    0.00000000    0.00000000    0.00000000    0.00000000 
max(|FNEB|)      :   0.00000000    0.01708957    0.00517063    0.03627174    0.05178936    0.01467588    0.04377640    0.01282197    0.00000000 
max(|Force|)     :   0.00011174    0.00251123    0.01051394    0.01076146    0.02103194    0.02521866    0.02857542    0.01159547    0.00045404 
ksp              :   0.02593051    0.05431874    0.10000000    0.10000000    0.08729701    0.05706670    0.01087821    0.01087821 
max(|step|)      :   0.00000000    0.00000000    0.00000000    0.00000000    0.00000000    0.00000000    0.00000000    0.00000000    0.00000000 
angle (deg.)     :    22.5401  40.8915  47.9581  68.6265  69.8714  39.3031  49.9494 
>
iteration       : 170
climbing        : no
zoom on         : no
nim             : 9
barrier         :   0.04138096 (image:  3) 
distance        :   0.00000000   14.37790324   22.72686524   27.28016457   31.40301793   35.19861096   40.76483353   50.65277790   58.95723862 
energy          : -2464.51768787  -2464.51036243  -2464.49730996  -2464.47630691  -2464.48215281  -2464.49604621  -2464.52081142  -2464.51728728  -2464.54813127 
max(|Fr_perp|)   :   0.00000000    0.00231298    0.00627055    0.00394327    0.02183873    0.00872517    0.02395498    0.01104888    0.00000000 
Fr_paral         :   0.00000000   -0.00154419   -0.00702497   -0.01163572    0.00883156    0.04195384    0.02136491   -0.00529902    0.00000000 
max(|Fsp_paral|) :   0.00000000    0.01708663    0.00110474    0.03496481    0.06564184    0.00596998    0.04775418    0.00407841    0.00000000 
max(|Fsp_perp|)  :   0.00000000    0.00000000    0.00000000    0.00000000    0.00000000    0.00000000    0.00000000    0.00000000    0.00000000 
max(|FNEB|)      :   0.00000000    0.01708938    0.00516908    0.03627171    0.05178890    0.01467409    0.04377616    0.01282194    0.00000000 
max(|Force|)     :   0.00011174    0.00251116    0.01051332    0.01076205    0.02103281    0.02521893    0.02857620    0.01159543    0.00045404 
ksp              :   0.02593053    0.05431852    0.10000000    0.10000000    0.08729696    0.05706656    0.01087824    0.01087824 
max(|step|)      :   0.00000000    0.03299815    0.00998106    0.07003761    0.10000000    0.02833443    0.08452808    0.02475809    0.00000000 
angle (deg.)     :    22.3712  40.6569  48.3985  67.9330  70.4505  39.4497  50.2359 
>
iteration       : 171
climbing        : no
zoom on         : no
nim             : 9
barrier         :   0.04023476 (image:  3) 
distance        :   0.00000000   14.52402306   22.72775283   27.21881568   31.27042406   35.16277046   40.36997062   50.59428567   58.90132304 
energy          : -2464.51768787  -2464.51017191  -2464.49751589  -2464.47745311  -2464.48535981  -2464.49603011  -2464.51457654  -2464.51884454  -2464.54813127 
max(|Fr_perp|)   :   0.00000000    0.00219705    0.00553547    0.00366862    0.02081755    0.01136360    0.02685805    0.01020737    0.00000000 
Fr_paral         :   0.00000000   -0.00156027   -0.00650427   -0.01061410    0.01502925    0.03974164    0.02969267   -0.00621100    0.00000000 
max(|Fsp_paral|) :   0.00000000    0.01331772    0.00185635    0.03565392    0.06935214    0.00676403    0.03548408    0.02162583    0.00000000 
max(|Fsp_perp|)  :   0.00000000    0.00000000    0.00000000    0.00000000    0.00000000    0.00000000    0.00000000    0.00000000    0.00000000 
max(|FNEB|)      :   0.00000000    0.01348400    0.00739182    0.03751179    0.05595622    0.01359069    0.03171433    0.02026522    0.00000000 
max(|Force|)     :   0.00011174    0.00239587    0.00942939    0.01046932    0.02569207    0.02246275    0.03490478    0.01089893    0.00045404 
ksp              :   0.02681223    0.05512213    0.10000000    0.10000000    0.08231373    0.05844562    0.01695965    0.01000000 
max(|step|)      :   0.00000000    0.02638421    0.01251777    0.06770672    0.10000000    0.02534065    0.06261628    0.03393449    0.00097410 
angle (deg.)     :    22.2391  40.4616  48.8158  67.3028  70.8486  39.4582  49.8711 
>
iteration       : 172
climbing        : no
zoom on         : no
nim             : 9
barrier         :   0.03919564 (image:  3) 
distance        :   0.00000000   14.63872036   22.72490530   27.16117547   31.14186540   35.12498835   40.09634417   50.43434814   58.80858173 
energy          : -2464.51768787  -2464.51002693  -2464.49772000  -2464.47849223  -2464.48747177  -2464.49578387  -2464.51031773  -2464.52081458  -2464.54813127 
max(|Fr_perp|)   :   0.00000000    0.00208125    0.00484389    0.00353940    0.02466794    0.00740573    0.02802261    0.00928545    0.00000000 
Fr_paral         :   0.00000000   -0.00155637   -0.00604251   -0.01007407    0.02154267    0.04146427    0.03160533   -0.00572832    0.00000000 
max(|Fsp_paral|) :   0.00000000    0.01013130    0.00473222    0.03692639    0.06748101    0.00684271    0.00596490    0.04665863    0.00000000 
max(|Fsp_perp|)  :   0.00000000    0.00000000    0.00000000    0.00000000    0.00000000    0.00000000    0.00000000    0.00000000    0.00000000 
max(|FNEB|)      :   0.00000000    0.01040728    0.00957819    0.03894794    0.05462477    0.01404624    0.02207284    0.04335347    0.00000000 
max(|Force|)     :   0.00011174    0.00227834    0.00843308    0.01019051    0.03063447    0.02461013    0.03689170    0.00992389    0.00045404 
ksp              :   0.02758919    0.05584827    0.10000000    0.10000000    0.07938645    0.06029055    0.02693566    0.01000000 
max(|step|)      :   0.00000000    0.01905231    0.01753452    0.07130088    0.10000000    0.02571406    0.04040811    0.07936596    0.00000000 
angle (deg.)     :    22.1303  40.2996  49.2743  66.7631  71.1334  40.1273  47.9583 
>
iteration       : 173
climbing        : no
zoom on         : no
nim             : 9
barrier         :   0.03819014 (image:  3) 
distance        :   0.00000000   14.72164905   22.71552035   27.10278382   31.01821696   35.08739320   40.05384706   50.09893113   58.68988770 
energy          : -2464.51768787  -2464.50993241  -2464.49795572  -2464.47949773  -2464.48892223  -2464.49534044  -2464.51250975  -2464.52373417  -2464.54813127 
max(|Fr_perp|)   :   0.00000000    0.00194794    0.00416457    0.00339053    0.02648809    0.00851453    0.02321383    0.00783515    0.00000000 
Fr_paral         :   0.00000000   -0.00153789   -0.00561385   -0.00959334    0.02680008    0.04037503    0.02819081   -0.00461961    0.00000000 
max(|Fsp_paral|) :   0.00000000    0.00752041    0.00760762    0.03824943    0.06232858    0.00223280    0.02552109    0.03292751    0.00000000 
max(|Fsp_perp|)  :   0.00000000    0.00000000    0.00000000    0.00000000    0.00000000    0.00000000    0.00000000    0.00000000    0.00000000 
max(|FNEB|)      :   0.00000000    0.00784776    0.01177220    0.04041895    0.05046980    0.00881003    0.01962336    0.03067176    0.00000000 
max(|Force|)     :   0.00011174    0.00213968    0.00746550    0.00994646    0.03413025    0.02252721    0.03137183    0.00833678    0.00045404 
ksp              :   0.02827673    0.05650135    0.10000000    0.10000000    0.07778996    0.06266460    0.02220291    0.01000000 
max(|step|)      :   0.00000000    0.01667832    0.02178967    0.07775176    0.10000000    0.01884002    0.03238058    0.06569929    0.00142497 
angle (deg.)     :    22.0238  40.1485  49.8149  66.4029  71.5635  40.3407  46.6596 
>
iteration       : 174
climbing        : no
zoom on         : no
nim             : 9
barrier         :   0.03714275 (image:  3) 
distance        :   0.00000000   14.79292802   22.70091081   27.04100789   30.90000785   35.07343639   39.93092470   49.81946433   58.59415640 
energy          : -2464.51768787  -2464.50985622  -2464.49821908  -2464.48054512  -2464.48994835  -2464.49550489  -2464.51119335  -2464.52611761  -2464.54813127 
max(|Fr_perp|)   :   0.00000000    0.00178718    0.00343971    0.00320294    0.02722300    0.00571734    0.02250389    0.00674218    0.00000000 
Fr_paral         :   0.00000000   -0.00151026   -0.00518283   -0.00923999    0.03128902    0.04006979    0.02832676   -0.00410543    0.00000000 
max(|Fsp_paral|) :   0.00000000    0.00499520    0.01053292    0.03907102    0.05327422    0.00535923    0.01645761    0.04005968    0.00000000 
max(|Fsp_perp|)  :   0.00000000    0.00000000    0.00000000    0.00000000    0.00000000    0.00000000    0.00000000    0.00000000    0.00000000 
max(|FNEB|)      :   0.00000000    0.00536820    0.01397492    0.04133141    0.04272006    0.01035929    0.01400433    0.03813416    0.00000000 
max(|Force|)     :   0.00011174    0.00197262    0.00645633    0.00976412    0.03677106    0.02222113    0.03095283    0.00718513    0.00045404 
ksp              :   0.02897515    0.05717311    0.10000000    0.10000000    0.07721716    0.06374611    0.02573105    0.01000000 
max(|step|)      :   0.00000000    0.01256599    0.03271279    0.09674941    0.10000000    0.02424924    0.03278162    0.08926523    0.00000000 
angle (deg.)     :    21.9042  40.0120  50.5524  66.3276  71.8567  40.6539  44.9587 
>
iteration       : 175
climbing        : no
zoom on         : no
nim             : 9
barrier         :   0.03591581 (image:  3) 
distance        :   0.00000000   14.84628497   22.67326888   26.96813688   30.79166540   35.06317452   39.82928350   49.46212318   58.49307378 
energy          : -2464.51768787  -2464.50981230  -2464.49857340  -2464.48177206  -2464.49098824  -2464.49515481  -2464.51023153  -2464.52870203  -2464.54813127 
max(|Fr_perp|)   :   0.00000000    0.00157590    0.00315763    0.00295104    0.02503510    0.00671958    0.02137901    0.00602051    0.00000000 
Fr_paral         :   0.00000000   -0.00146802   -0.00470607   -0.00889926    0.03372797    0.03958102    0.02811732   -0.00332117    0.00000000 
max(|Fsp_paral|) :   0.00000000    0.00249304    0.01356238    0.03837154    0.04546702    0.00503975    0.01245342    0.04473604    0.00000000 
max(|Fsp_perp|)  :   0.00000000    0.00000000    0.00000000    0.00000000    0.00000000    0.00000000    0.00000000    0.00000000    0.00000000 
max(|FNEB|)      :   0.00000000    0.00288758    0.01614396    0.04070304    0.03675022    0.00910113    0.01152693    0.04324527    0.00000000 
max(|Force|)     :   0.00011174    0.00175110    0.00527674    0.00957634    0.03719421    0.02159974    0.03003247    0.00606561    0.00045404 
ksp              :   0.02973507    0.05789820    0.10000000    0.10000000    0.07690556    0.06646471    0.02868455    0.01000000 
max(|step|)      :   0.00000000    0.00000000    0.00000000    0.00000000    0.00000000    0.00000000    0.00000000    0.00000000    0.00000000 
angle (deg.)     :    21.9042  40.0118  50.5523  66.3277  71.8567  40.6541  44.9612 
>
iteration       : 176
climbing        : no
zoom on         : no
nim             : 9
barrier         :   0.03591350 (image:  3) 
distance        :   0.00000000   14.84628497   22.67326888   26.96813688   30.79166540   35.06317452   39.82928350   49.46212318   58.49307378 
energy          : -2464.51768787  -2464.50981227  -2464.49857421  -2464.48177437  -2464.49098978  -2464.49515442  -2464.51023103  -2464.52870703  -2464.54813127 
max(|Fr_perp|)   :   0.00000000    0.00157544    0.00316004    0.00295091    0.02503220    0.00669069    0.02137458    0.00602084    0.00000000 
Fr_paral         :   0.00000000   -0.00146800   -0.00470664   -0.00889881    0.03373157    0.03958506    0.02811465   -0.00331979    0.00000000 
max(|Fsp_paral|) :   0.00000000    0.00249086    0.01356086    0.03836954    0.04545434    0.00504860    0.01245748    0.04473022    0.00000000 
max(|Fsp_perp|)  :   0.00000000    0.00000000    0.00000000    0.00000000    0.00000000    0.00000000    0.00000000    0.00000000    0.00000000 
max(|FNEB|)      :   0.00000000    0.00288612    0.01614386    0.04070336    0.03675061    0.00910107    0.01152696    0.04324534    0.00000000 
max(|Force|)     :   0.00011174    0.00175117    0.00527771    0.00957692    0.03719329    0.02159996    0.03003364    0.00606768    0.00045404 
ksp              :   0.02973511    0.05789812    0.10000000    0.10000000    0.07690546    0.06646469    0.02868456    0.01000000 
max(|step|)      :   0.00000000    0.00667383    0.03733087    0.09412194    0.08498165    0.02104520    0.02665479    0.10000000    0.00000000 
angle (deg.)     :    21.7886  39.9316  51.3272  66.4446  72.1094  41.0439  43.1523 
>
iteration       : 177
climbing        : no
zoom on         : no
nim             : 9
barrier         :   0.03477795 (image:  3) 
distance        :   0.00000000   14.87356059   22.63704006   26.90181764   30.71003497   35.06616931   39.77433933   49.08263503   58.41003472 
energy          : -2464.51768787  -2464.50980358  -2464.49894741  -2464.48290992  -2464.49156688  -2464.49479357  -2464.50995181  -2464.53102451  -2464.54813127 
max(|Fr_perp|)   :   0.00000000    0.00137201    0.00328253    0.00271075    0.02307446    0.00993745    0.01941834    0.00640139    0.00000000 
Fr_paral         :   0.00000000   -0.00142057   -0.00428435   -0.00859359    0.03564793    0.04157401    0.02707779   -0.00269675    0.00000000 
max(|Fsp_paral|) :   0.00000000    0.00041257    0.01558743    0.03732871    0.03638370    0.00521501    0.01477074    0.04479852    0.00000000 
max(|Fsp_perp|)  :   0.00000000    0.00000000    0.00000000    0.00000000    0.00000000    0.00000000    0.00000000    0.00000000    0.00000000 
max(|FNEB|)      :   0.00000000    0.00114807    0.01735119    0.03962366    0.02916837    0.01040049    0.01198788    0.04375147    0.00000000 
max(|Force|)     :   0.00011174    0.00153618    0.00417764    0.00932113    0.03752034    0.02391368    0.02800229    0.00643278    0.00045404 
ksp              :   0.03040334    0.05849743    0.10000000    0.10000000    0.07759710    0.06924694    0.03001973    0.01000000 
max(|step|)      :   0.00000000    0.00417347    0.03860273    0.09241168    0.07549384    0.02178622    0.02700666    0.10000000    0.00171538 
angle (deg.)     :    21.6763  39.8786  52.1451  66.7271  72.3433  41.3659  41.5157 
>
iteration       : 178
climbing        : no
zoom on         : no
nim             : 9
barrier         :   0.03371491 (image:  3) 
distance        :   0.00000000   14.88970187   22.59773151   26.83951108   30.64523442   35.07816913   39.72241535   48.71183747   58.34536949 
energy          : -2464.51768787  -2464.50980791  -2464.49930861  -2464.48397296  -2464.49198123  -2464.49457336  -2464.50927779  -2464.53296723  -2464.54813127 
max(|Fr_perp|)   :   0.00000000    0.00117546    0.00333419    0.00244784    0.02060504    0.00639952    0.01824109    0.00652271    0.00000000 
Fr_paral         :   0.00000000   -0.00137483   -0.00389491   -0.00816397    0.03662816    0.04044233    0.02664908   -0.00202117    0.00000000 
max(|Fsp_paral|) :   0.00000000    0.00145714    0.01720429    0.03582762    0.02739736    0.00683561    0.01346327    0.04700965    0.00000000 
max(|Fsp_perp|)  :   0.00000000    0.00000000    0.00000000    0.00000000    0.00000000    0.00000000    0.00000000    0.00000000    0.00000000 
max(|FNEB|)      :   0.00000000    0.00194125    0.01816188    0.03801824    0.02149202    0.00989381    0.01085092    0.04631001    0.00000000 
max(|Force|)     :   0.00011174    0.00133131    0.00377522    0.00889469    0.03718987    0.02210170    0.02691787    0.00654353    0.00045404 
ksp              :   0.03103406    0.05906161    0.10000000    0.10000000    0.07862326    0.07169578    0.03244449    0.01000000 
max(|step|)      :   0.00000000    0.00419186    0.03921804    0.08209508    0.04640902    0.02136431    0.02343104    0.10000000    0.00000000 
angle (deg.)     :    21.5770  39.8784  52.9322  67.1879  72.4074  41.5736  40.0235 
>
iteration       : 179
climbing        : no
zoom on         : no
nim             : 9
barrier         :   0.03282908 (image:  3) 
distance        :   0.00000000   14.87762150   22.55275624   26.78938327   30.61943988   35.09330145   39.68386764   48.34757377   58.29346727 
energy          : -2464.51768787  -2464.50984690  -2464.49966477  -2464.48485879  -2464.49265765  -2464.49393453  -2464.50849781  -2464.53446451  -2464.54813127 
max(|Fr_perp|)   :   0.00000000    0.00102515    0.00316678    0.00251114    0.01697828    0.00643805    0.01789316    0.00666465    0.00000000 
Fr_paral         :   0.00000000   -0.00133071   -0.00361830   -0.00767023    0.03543661    0.04140947    0.02681695   -0.00134836    0.00000000 
max(|Fsp_paral|) :   0.00000000    0.00268357    0.01759049    0.03346485    0.02686314    0.00304922    0.01329179    0.04944582    0.00000000 
max(|Fsp_perp|)  :   0.00000000    0.00000000    0.00000000    0.00000000    0.00000000    0.00000000    0.00000000    0.00000000    0.00000000 
max(|FNEB|)      :   0.00000000    0.00261911    0.01797992    0.03553219    0.02201587    0.00798943    0.01036773    0.04905667    0.00000000 
max(|Force|)     :   0.00011174    0.00116821    0.00358487    0.00838072    0.03528757    0.02310931    0.02682072    0.00667423    0.00045404 
ksp              :   0.03149581    0.05940981    0.10000000    0.10000000    0.07861963    0.07511912    0.03519428    0.01000000 
max(|step|)      :   0.00000000    0.00000000    0.00000000    0.00000000    0.00000000    0.00000000    0.00000000    0.00000000    0.00000000 
angle (deg.)     :    21.5765  39.8783  52.9323  67.1879  72.4074  41.5736  40.0261 
>
iteration       : 180
climbing        : no
zoom on         : no
nim             : 9
barrier         :   0.03282745 (image:  3) 
distance        :   0.00000000   14.87762150   22.55275624   26.78938327   30.61943988   35.09330145   39.68386764   48.34757377   58.29346727 
energy          : -2464.51768787  -2464.50984701  -2464.49966549  -2464.48486042  -2464.49265804  -2464.49393478  -2464.50849618  -2464.53446746  -2464.54813127 
max(|Fr_perp|)   :   0.00000000    0.00102385    0.00316401    0.00251247    0.01697406    0.00643588    0.01789196    0.00666474    0.00000000 
Fr_paral         :   0.00000000   -0.00133024   -0.00361764   -0.00766889    0.03544141    0.04140690    0.02681663   -0.00134741    0.00000000 
max(|Fsp_paral|) :   0.00000000    0.00268369    0.01758820    0.03346243    0.02685972    0.00305680    0.01329794    0.04943796    0.00000000 
max(|Fsp_perp|)  :   0.00000000    0.00000000    0.00000000    0.00000000    0.00000000    0.00000000    0.00000000    0.00000000    0.00000000 
max(|FNEB|)      :   0.00000000    0.00261942    0.01798019    0.03553251    0.02201754    0.00799058    0.01036741    0.04905691    0.00000000 
max(|Force|)     :   0.00011174    0.00116721    0.00358440    0.00838101    0.03528792    0.02310929    0.02682107    0.00667545    0.00045404 
ksp              :   0.03149578    0.05940984    0.10000000    0.10000000    0.07861949    0.07511907    0.03519425    0.01000000 
max(|step|)      :   0.00000000    0.00533955    0.03665170    0.07243120    0.04488163    0.01628839    0.02113343    0.10000000    0.00000000 
angle (deg.)     :    21.4899  39.9092  53.6494  67.5357  72.6828  41.7607  38.6621 
>
iteration       : 181
climbing        : no
zoom on         : no
nim             : 9
barrier         :   0.03209050 (image:  3) 
distance        :   0.00000000   14.85512148   22.50857586   26.74795120   30.59631498   35.12148418   39.65909866   47.99223710   58.25733982 
energy          : -2464.51768787  -2464.50989552  -2464.49998598  -2464.48559737  -2464.49280071  -2464.49405405  -2464.50775809  -2464.53567565  -2464.54813127 
max(|Fr_perp|)   :   0.00000000    0.00089159    0.00295287    0.00260571    0.01613799    0.00640551    0.01741601    0.00686670    0.00000000 
Fr_paral         :   0.00000000   -0.00128859   -0.00337472   -0.00725198    0.03626927    0.04046451    0.02682035   -0.00090136    0.00000000 
max(|Fsp_paral|) :   0.00000000    0.00355383    0.01743792    0.03234343    0.02046416    0.00665852    0.01044392    0.05117952    0.00000000 
max(|Fsp_perp|)  :   0.00000000    0.00000000    0.00000000    0.00000000    0.00000000    0.00000000    0.00000000    0.00000000    0.00000000 
max(|FNEB|)      :   0.00000000    0.00346677    0.01733297    0.03422469    0.01681390    0.00982761    0.00883693    0.05104178    0.00000000 
max(|Force|)     :   0.00011174    0.00102517    0.00334757    0.00787990    0.03547167    0.02155851    0.02652749    0.00687100    0.00045404 
ksp              :   0.03185417    0.05964616    0.10000000    0.10000000    0.07979774    0.07628265    0.03784874    0.01000000 
max(|step|)      :   0.00000000    0.00000000    0.00000000    0.00000000    0.00000000    0.00000000    0.00000000    0.00000000    0.00000000 
angle (deg.)     :    21.4894  39.9090  53.6495  67.5358  72.6829  41.7607  38.6646 
>
iteration       : 182
climbing        : no
zoom on         : no
nim             : 9
barrier         :   0.03208902 (image:  3) 
distance        :   0.00000000   14.85512148   22.50857586   26.74795120   30.59631498   35.12148418   39.65909866   47.99223710   58.25733982 
energy          : -2464.51768787  -2464.50989568  -2464.49998662  -2464.48559885  -2464.49280166  -2464.49405281  -2464.50775739  -2464.53567790  -2464.54813127 
max(|Fr_perp|)   :   0.00000000    0.00089263    0.00295236    0.00260511    0.01613305    0.00640819    0.01741479    0.00686818    0.00000000 
Fr_paral         :   0.00000000   -0.00129013   -0.00337400   -0.00725092    0.03626977    0.04046534    0.02681939   -0.00089962    0.00000000 
max(|Fsp_paral|) :   0.00000000    0.00355348    0.01743566    0.03233935    0.02046558    0.00666285    0.01045265    0.05117077    0.00000000 
max(|Fsp_perp|)  :   0.00000000    0.00000000    0.00000000    0.00000000    0.00000000    0.00000000    0.00000000    0.00000000    0.00000000 
max(|FNEB|)      :   0.00000000    0.00346625    0.01733291    0.03422453    0.01681378    0.00982885    0.00883658    0.05104250    0.00000000 
max(|Force|)     :   0.00011174    0.00102720    0.00334894    0.00787988    0.03547330    0.02155848    0.02652823    0.00686746    0.00045404 
ksp              :   0.03185408    0.05964616    0.10000000    0.10000000    0.07979786    0.07628274    0.03784876    0.01000000 
max(|step|)      :   0.00000000    0.00679091    0.03395780    0.06705105    0.03294074    0.01925621    0.01731220    0.10000000    0.00000000 
angle (deg.)     :    21.4138  39.9469  54.3563  67.9738  72.7209  41.9872  37.3711 
>
iteration       : 183
climbing        : no
zoom on         : no
nim             : 9
barrier         :   0.03144347 (image:  3) 
distance        :   0.00000000   14.82588528   22.46580721   26.71136134   30.58895656   35.13895845   39.64756228   47.63481400   58.22509771 
energy          : -2464.51768787  -2464.50994949  -2464.50027547  -2464.48624440  -2464.49318800  -2464.49348591  -2464.50744251  -2464.53656121  -2464.54813127 
max(|Fr_perp|)   :   0.00000000    0.00078560    0.00269490    0.00264588    0.01383747    0.00630108    0.01624651    0.00711243    0.00000000 
Fr_paral         :   0.00000000   -0.00125529   -0.00316330   -0.00683834    0.03537128    0.04140618    0.02609096   -0.00024047    0.00000000 
max(|Fsp_paral|) :   0.00000000    0.00414306    0.01718456    0.03050293    0.02005016    0.00320645    0.01498075    0.05006059    0.00000000 
max(|Fsp_perp|)  :   0.00000000    0.00000000    0.00000000    0.00000000    0.00000000    0.00000000    0.00000000    0.00000000    0.00000000 
max(|FNEB|)      :   0.00000000    0.00405233    0.01667152    0.03225694    0.01642986    0.00795049    0.01039832    0.05020562    0.00000000 
max(|Force|)     :   0.00011174    0.00091122    0.00306858    0.00742283    0.03420444    0.02276964    0.02527123    0.00711306    0.00045404 
ksp              :   0.03214940    0.05983914    0.10000000    0.10000000    0.08012547    0.07927276    0.03932508    0.01000000 
max(|step|)      :   0.00000000    0.00848238    0.03315101    0.06394504    0.03298437    0.01526086    0.02106524    0.10000000    0.00139946 
angle (deg.)     :    21.3415  40.0009  55.0490  68.3493  72.9881  42.0006  36.2817 
>
iteration       : 184
climbing        : no
zoom on         : no
nim             : 9
barrier         :   0.03085304 (image:  3) 
distance        :   0.00000000   14.78969124   22.42187304   26.67835742   30.58141506   35.17148988   39.61547788   47.27991635   58.20169826 
energy          : -2464.51768787  -2464.51000999  -2464.50055260  -2464.48683483  -2464.49327744  -2464.49364429  -2464.50619321  -2464.53727421  -2464.54813127 
max(|Fr_perp|)   :   0.00000000    0.00070626    0.00245029    0.00258290    0.01325982    0.00684888    0.01711438    0.00708497    0.00000000 
Fr_paral         :   0.00000000   -0.00122102   -0.00295981   -0.00654026    0.03587346    0.04092286    0.02727004    0.00008019    0.00000000 
max(|Fsp_paral|) :   0.00000000    0.00453211    0.01666954    0.02942897    0.01522934    0.00749505    0.00791655    0.05388722    0.00000000 
max(|Fsp_perp|)  :   0.00000000    0.00000000    0.00000000    0.00000000    0.00000000    0.00000000    0.00000000    0.00000000    0.00000000 
max(|FNEB|)      :   0.00000000    0.00444299    0.01579009    0.03103308    0.01513313    0.01031262    0.00921423    0.05417501    0.00000000 
max(|Force|)     :   0.00011174    0.00082422    0.00275923    0.00704723    0.03427936    0.02167859    0.02671454    0.00708288    0.00045404 
ksp              :   0.03239639    0.05998420    0.10000000    0.10000000    0.08120666    0.08013022    0.04352982    0.01000000 
max(|step|)      :   0.00000000    0.00820118    0.02914644    0.05728301    0.02793378    0.01903576    0.01700826    0.10000000    0.00000000 
angle (deg.)     :    21.2805  40.0525  55.7014  68.7618  72.9634  42.2582  35.1551 
>
iteration       : 185
climbing        : no
zoom on         : no
nim             : 9
barrier         :   0.03034908 (image:  3) 
distance        :   0.00000000   14.75394519   22.38196929   26.64985832   30.58484986   35.18526041   39.61789132   46.92349847   58.18094158 
energy          : -2464.51768787  -2464.51006628  -2464.50078777  -2464.48733879  -2464.49358078  -2464.49294797  -2464.50621937  -2464.53763237  -2464.54813127 
max(|Fr_perp|)   :   0.00000000    0.00063068    0.00253949    0.00252237    0.01210414    0.00841115    0.01515216    0.00745448    0.00000000 
Fr_paral         :   0.00000000   -0.00119436   -0.00277691   -0.00625584    0.03277927    0.04080879    0.02565149    0.00084472    0.00000000 
max(|Fsp_paral|) :   0.00000000    0.00476468    0.01622315    0.02777339    0.00853075    0.00619576    0.01716330    0.05014648    0.00000000 
max(|Fsp_perp|)  :   0.00000000    0.00000000    0.00000000    0.00000000    0.00000000    0.00000000    0.00000000    0.00000000    0.00000000 
max(|FNEB|)      :   0.00000000    0.00467710    0.01501848    0.02929617    0.01348944    0.00910652    0.01096593    0.05072738    0.00000000 
max(|Force|)     :   0.00011174    0.00074230    0.00271453    0.00674199    0.03301869    0.02241250    0.02432190    0.00745651    0.00045404 
ksp              :   0.03260177    0.06011713    0.10000000    0.10000000    0.08336602    0.08336602    0.04400977    0.01000000 
max(|step|)      :   0.00000000    0.00939836    0.02967997    0.05795450    0.02664953    0.01772889    0.02138118    0.10000000    0.00133351 
angle (deg.)     :    21.2181  40.1162  56.3885  69.5537  73.0911  42.1526  34.2888 
>
iteration       : 186
climbing        : no
zoom on         : no
nim             : 9
barrier         :   0.02985252 (image:  3) 
distance        :   0.00000000   14.71356710   22.33963951   26.62233432   30.60657759   35.22544221   39.59867740   46.58426610   58.18284340 
energy          : -2464.51768787  -2464.51012717  -2464.50102260  -2464.48783535  -2464.49440948  -2464.49245425  -2464.50477610  -2464.53792743  -2464.54813127 
max(|Fr_perp|)   :   0.00000000    0.00057683    0.00259901    0.00238814    0.01011037    0.01074682    0.01660333    0.00732313    0.00000000 
Fr_paral         :   0.00000000   -0.00116463   -0.00258358   -0.00598176    0.02643439    0.04230431    0.02732700    0.00110547    0.00000000 
max(|Fsp_paral|) :   0.00000000    0.00490246    0.01563306    0.02479922    0.00072133    0.00898815    0.01259413    0.05407543    0.00000000 
max(|Fsp_perp|)  :   0.00000000    0.00000000    0.00000000    0.00000000    0.00000000    0.00000000    0.00000000    0.00000000    0.00000000 
max(|FNEB|)      :   0.00000000    0.00482099    0.01410898    0.02632458    0.01025751    0.01188834    0.00896396    0.05470261    0.00000000 
max(|Force|)     :   0.00011174    0.00068262    0.00277081    0.00648881    0.02921046    0.02536125    0.02651899    0.00733228    0.00045404 
ksp              :   0.03279389    0.06024263    0.10000000    0.10000000    0.08607174    0.08607174    0.04892135    0.01000000 
max(|step|)      :   0.00000000    0.00881309    0.02579216    0.04812308    0.01875141    0.02173266    0.01638671    0.10000000    0.00000000 
angle (deg.)     :    21.1645  40.1911  56.9450  70.4808  73.3215  42.2263  33.4141 
>
iteration       : 187
climbing        : no
zoom on         : no
nim             : 9
barrier         :   0.02945129 (image:  3) 
distance        :   0.00000000   14.67493129   22.30113547   26.60092993   30.64693323   35.26155255   39.61833825   46.26222696   58.20511185 
energy          : -2464.51768787  -2464.51018291  -2464.50122284  -2464.48823658  -2464.49552938  -2464.49173748  -2464.50414779  -2464.53784458  -2464.54813127 
max(|Fr_perp|)   :   0.00000000    0.00053018    0.00261622    0.00219508    0.01260455    0.01700124    0.01590384    0.00768236    0.00000000 
Fr_paral         :   0.00000000   -0.00114501   -0.00242191   -0.00575362    0.01730302    0.03793404    0.02677249    0.00190423    0.00000000 
max(|Fsp_paral|) :   0.00000000    0.00494813    0.01484373    0.02092045    0.00569194    0.00942114    0.01756574    0.05308767    0.00000000 
max(|Fsp_perp|)  :   0.00000000    0.00000000    0.00000000    0.00000000    0.00000000    0.00000000    0.00000000    0.00000000    0.00000000 
max(|FNEB|)      :   0.00000000    0.00487070    0.01306233    0.02250710    0.01545435    0.01866239    0.01195396    0.05399160    0.00000000 
max(|Force|)     :   0.00011174    0.00062596    0.00278398    0.00632945    0.02290692    0.02210541    0.02575783    0.00769913    0.00045404 
ksp              :   0.03293435    0.06031538    0.10000000    0.10000000    0.08930163    0.08930163    0.05137705    0.01000000 
max(|step|)      :   0.00000000    0.00906195    0.02537998    0.04641903    0.01747748    0.02023347    0.01733345    0.10000000    0.00138659 
angle (deg.)     :    21.1132  40.2778  57.4694  71.4206  73.6126  42.2208  32.6619 
>
iteration       : 188
climbing        : no
zoom on         : no
nim             : 9
barrier         :   0.02907190 (image:  3) 
distance        :   0.00000000   14.63592399   22.26292863   26.58132976   30.69295331   35.30054119   39.63615563   45.94320208   58.23540830 
energy          : -2464.51768787  -2464.51023801  -2464.50141098  -2464.48861597  -2464.49630478  -2464.49087554  -2464.50329612  -2464.53753739  -2464.54813127 
max(|Fr_perp|)   :   0.00000000    0.00062441    0.00264360    0.00200166    0.01793932    0.02489017    0.01567873    0.01255566    0.00000000 
Fr_paral         :   0.00000000   -0.00112351   -0.00224323   -0.00557208    0.00968444    0.03615056    0.02667201    0.00251649    0.00000000 
max(|Fsp_paral|) :   0.00000000    0.00493965    0.01402271    0.01694917    0.01244377    0.00995689    0.02214061    0.05277422    0.00000000 
max(|Fsp_perp|)  :   0.00000000    0.00000000    0.00000000    0.00000000    0.00000000    0.00000000    0.00000000    0.00000000    0.00000000 
max(|FNEB|)      :   0.00000000    0.00486868    0.01195777    0.01856767    0.02090266    0.02707300    0.01528413    0.05381318    0.00000000 
max(|Force|)     :   0.00011174    0.00058489    0.00280570    0.00617859    0.01763359    0.02224790    0.02562388    0.01248791    0.00045404 
ksp              :   0.03306298    0.06038958    0.10000000    0.10000000    0.09301732    0.09301732    0.05453947    0.01000000 
max(|step|)      :   0.00000000    0.00904738    0.02222089    0.03450394    0.03884301    0.05030923    0.02840221    0.10000000    0.00000000 
angle (deg.)     :    21.0683  40.3874  57.7623  72.1853  74.2565  41.8556  32.1417 
>
iteration       : 189
climbing        : no
zoom on         : no
nim             : 9
barrier         :   0.02878909 (image:  3) 
distance        :   0.00000000   14.59612675   22.22671462   26.57080003   30.76055591   35.33068614   39.61797911   45.61922552   58.26279195 
energy          : -2464.51768787  -2464.51029157  -2464.50158255  -2464.48889878  -2464.49718831  -2464.48989614  -2464.50128499  -2464.53717267  -2464.54813127 
max(|Fr_perp|)   :   0.00000000    0.00097057    0.00257236    0.00196802    0.02293023    0.03021747    0.01775265    0.00924358    0.00000000 
Fr_paral         :   0.00000000   -0.00109477   -0.00211641   -0.00548641    0.00678103    0.04013890    0.02884912    0.00270149    0.00000000 
max(|Fsp_paral|) :   0.00000000    0.00486127    0.01257506    0.01255798    0.01609017    0.01006686    0.01798480    0.05744684    0.00000000 
max(|Fsp_perp|)  :   0.00000000    0.00000000    0.00000000    0.00000000    0.00000000    0.00000000    0.00000000    0.00000000    0.00000000 
max(|FNEB|)      :   0.00000000    0.00479923    0.01038190    0.01423073    0.02229326    0.03221861    0.01331705    0.05852114    0.00000000 
max(|Force|)     :   0.00011174    0.00094506    0.00272958    0.00613711    0.02274865    0.03153437    0.02864937    0.00935725    0.00045404 
ksp              :   0.03312219    0.06034819    0.10000000    0.10000000    0.09688207    0.09688207    0.06127844    0.01000000 
max(|step|)      :   0.00000000    0.00918144    0.02196128    0.03391451    0.03878414    0.04417916    0.02802672    0.10000000    0.00127962 
angle (deg.)     :    21.0258  40.5026  58.0536  72.9939  75.0024  41.4700  31.7401 
>
iteration       : 190
climbing        : no
zoom on         : no
nim             : 9
barrier         :   0.03279949 (image:  5) 
distance        :   0.00000000   14.55646695   22.19096612   26.56110437   30.82910662   35.36536987   39.60802353   45.30220592   58.30189918 
energy          : -2464.51768787  -2464.51033971  -2464.50174127  -2464.48916981  -2464.49495218  -2464.48488838  -2464.49919407  -2464.53591068  -2464.54813127 
max(|Fr_perp|)   :   0.00000000    0.00207414    0.00252443    0.00180745    0.06105915    0.06626223    0.01942518    0.02642999    0.00000000 
Fr_paral         :   0.00000000   -0.00107071   -0.00197159   -0.00575678    0.00628169    0.04438475    0.03065237    0.00274994    0.00000000 
max(|Fsp_paral|) :   0.00000000    0.00607336    0.01178885    0.00754665    0.04069366    0.01063537    0.03014447    0.05109584    0.00000000 
max(|Fsp_perp|)  :   0.00000000    0.00000000    0.00000000    0.00000000    0.00000000    0.00000000    0.00000000    0.00000000    0.00000000 
max(|FNEB|)      :   0.00000000    0.00601297    0.00943473    0.00880661    0.06445462    0.06597275    0.02276037    0.05206871    0.00000000 
max(|Force|)     :   0.00011174    0.00205537    0.00267560    0.00608546    0.06129545    0.06999534    0.03113371    0.02661434    0.00045404 
ksp              :   0.03013563    0.05369674    0.08814428    0.08814428    0.10000000    0.10000000    0.06066296    0.01000000 
max(|step|)      :   0.00000000    0.00911433    0.01430095    0.01334886    0.09769885    0.10000000    0.03449966    0.07892457    0.00000000 
angle (deg.)     :    21.0126  40.6117  58.0435  72.7686  76.3522  41.0718  31.5500 
>
iteration       : 191
climbing        : no
zoom on         : no
nim             : 9
barrier         :   0.03055019 (image:  5) 
distance        :   0.00000000   14.51620342   22.16623137   26.56642794   30.92295587   35.34832675   39.54454754   45.02538052   58.30646048 
energy          : -2464.51768787  -2464.51039150  -2464.50185577  -2464.48928701  -2464.49265462  -2464.48713768  -2464.49689361  -2464.53562066  -2464.54813127 
max(|Fr_perp|)   :   0.00000000    0.00202271    0.00243516    0.00150498    0.07088450    0.07277419    0.02061472    0.01824674    0.00000000 
Fr_paral         :   0.00000000   -0.00107368   -0.00191416   -0.00603472   -0.02119372    0.02578509    0.03147825    0.00435801    0.00000000 
max(|Fsp_paral|) :   0.00000000    0.00504721    0.01001187    0.00352060    0.01858188    0.00891435    0.01122020    0.06092296    0.00000000 
max(|Fsp_perp|)  :   0.00000000    0.00000000    0.00000000    0.00000000    0.00000000    0.00000000    0.00000000    0.00000000    0.00000000 
max(|FNEB|)      :   0.00000000    0.00501582    0.00763549    0.00440096    0.07237697    0.07492424    0.01027152    0.06231789    0.00000000 
max(|Force|)     :   0.00011174    0.00198213    0.00258415    0.00607449    0.06996684    0.07035484    0.03276790    0.01804992    0.00045404 
ksp              :   0.03149490    0.05664091    0.09366813    0.09366813    0.10000000    0.10000000    0.07125931    0.01000000 
max(|step|)      :   0.00000000    0.01045061    0.01601273    0.01335675    0.06547511    0.04683847    0.03382901    0.10000000    0.00097579 
angle (deg.)     :    20.9984  40.7437  58.0505  72.9912  77.8755  40.7810  31.3044 
>
iteration       : 192
climbing        : no
zoom on         : no
nim             : 9
barrier         :   0.04331680 (image:  5) 
distance        :   0.00000000   14.47074915   22.13817874   26.57452809   31.02787535   35.35397993   39.51297520   44.69362834   58.33559297 
energy          : -2464.51768787  -2464.51043428  -2464.50197596  -2464.48940102  -2464.48127355  -2464.47437107  -2464.49490602  -2464.53279916  -2464.54813127 
max(|Fr_perp|)   :   0.00000000    0.00366204    0.00286157    0.00221807    0.11381111    0.15173189    0.02090735    0.05025232    0.00000000 
Fr_paral         :   0.00000000   -0.00106149   -0.00183818   -0.00653786   -0.03660493    0.00973429    0.03142401    0.00487797    0.00000000 
max(|Fsp_paral|) :   0.00000000    0.00758825    0.01030850    0.06723553    0.02460818    0.00718897    0.04683417    0.03756479    0.00000000 
max(|Fsp_perp|)  :   0.00000000    0.00000000    0.00000000    0.00000000    0.00000000    0.00000000    0.00000000    0.00000000    0.00000000 
max(|FNEB|)      :   0.00000000    0.00752604    0.00793871    0.06688505    0.11786274    0.15406577    0.03554716    0.05839443    0.00000000 
max(|Force|)     :   0.00011174    0.00365256    0.00284497    0.00608225    0.11134968    0.15157103    0.03318340    0.05018001    0.00045404 
ksp              :   0.02501737    0.04252784    0.06855808    0.08557282    0.10000000    0.10000000    0.05715069    0.01000000 
max(|step|)      :   0.00000000    0.00488495    0.00515281    0.04341331    0.07650158    0.10000000    0.02307272    0.03790227    0.00000000 
angle (deg.)     :    21.0033  41.0019  57.4110  72.5813  77.8449  40.3063  31.4783 
>
iteration       : 193
climbing        : no
zoom on         : no
nim             : 9
barrier         :   0.02863773 (image:  3) 
distance        :   0.00000000   14.44912362   22.12926941   26.60719724   31.01929905   35.30850867   39.39077629   44.53691010   58.27004061 
energy          : -2464.51768787  -2464.51048064  -2464.50202713  -2464.48905014  -2464.49719495  -2464.49167222  -2464.49318220  -2464.53440532  -2464.54813127 
max(|Fr_perp|)   :   0.00000000    0.00050572    0.00239581    0.00330082    0.03824022    0.01884925    0.02199340    0.01051577    0.00000000 
Fr_paral         :   0.00000000   -0.00103747   -0.00177375   -0.00629215   -0.01450009    0.01283383    0.03287619    0.00532569    0.00000000 
max(|Fsp_paral|) :   0.00000000    0.00358230    0.00333838    0.00535933    0.03460148    0.00709051    0.02881845    0.07285308    0.00000000 
max(|Fsp_perp|)  :   0.00000000    0.00000000    0.00000000    0.00000000    0.00000000    0.00000000    0.00000000    0.00000000    0.00000000 
max(|FNEB|)      :   0.00000000    0.00369004    0.00330443    0.00715810    0.03713965    0.01741941    0.05081185    0.07440323    0.00000000 
max(|Force|)     :   0.00011174    0.00053515    0.00244297    0.00692162    0.03790520    0.01981562    0.03493669    0.01029296    0.00045404 
ksp              :   0.03265021    0.05921713    0.10000000    0.10000000    0.09175958    0.09175958    0.08701416    0.01000000 
max(|step|)      :   0.00000000    0.00704123    0.00612136    0.03906026    0.09759257    0.10000000    0.01291837    0.06846349    0.00056892 
angle (deg.)     :    21.0151  41.2573  56.8979  72.8609  78.8141  40.4566  31.2215 
>
iteration       : 194
climbing        : no
zoom on         : no
nim             : 9
barrier         :   0.03917684 (image:  5) 
distance        :   0.00000000   14.41851470   22.11823660   26.64081875   31.00452690   35.32336323   39.39484703   44.30421643   58.28528536 
energy          : -2464.51768787  -2464.51050436  -2464.50208254  -2464.48869277  -2464.49001102  -2464.47851103  -2464.49326693  -2464.53273523  -2464.54813127 
max(|Fr_perp|)   :   0.00000000    0.00307957    0.00235914    0.00452371    0.10687366    0.09419861    0.02092595    0.02633018    0.00000000 
Fr_paral         :   0.00000000   -0.00100882   -0.00177863   -0.00870423    0.00687461    0.03975067    0.03155086    0.00497367    0.00000000 
max(|Fsp_paral|) :   0.00000000    0.00615532    0.00318299    0.01057053    0.04685090    0.00889685    0.03314455    0.04308137    0.00000000 
max(|Fsp_perp|)  :   0.00000000    0.00000000    0.00000000    0.00000000    0.00000000    0.00000000    0.00000000    0.00000000    0.00000000 
max(|FNEB|)      :   0.00000000    0.00611459    0.00316364    0.01042148    0.10837287    0.09346897    0.02363012    0.04456115    0.00000000 
max(|Force|)     :   0.00011174    0.00306753    0.00237640    0.00744975    0.10755998    0.09722749    0.03348308    0.02656151    0.00045404 
ksp              :   0.02646927    0.04577678    0.07647516    0.07647516    0.10000000    0.10000000    0.06597703    0.01000000 
max(|step|)      :   0.00000000    0.00564218    0.00291922    0.00961632    0.10000000    0.08624757    0.02180446    0.04111836    0.00000000 
angle (deg.)     :    21.0418  41.2467  57.0604  72.3532  79.5103  40.0749  31.2910 
>
iteration       : 195
climbing        : no
zoom on         : no
nim             : 9
barrier         :   0.02884274 (image:  3) 
distance        :   0.00000000   14.39350704   22.11575437   26.64150843   31.06337591   35.29902605   39.33085220   44.14329505   58.27276802 
energy          : -2464.51768787  -2464.51054845  -2464.50211850  -2464.48884513  -2464.49542196  -2464.49291672  -2464.49175896  -2464.53285230  -2464.54813127 
max(|Fr_perp|)   :   0.00000000    0.00068894    0.00188069    0.00286663    0.04883219    0.01813263    0.02212475    0.00890110    0.00000000 
Fr_paral         :   0.00000000   -0.00102202   -0.00189253   -0.00650485   -0.00687432    0.00304301    0.03214365    0.00608993    0.00000000 
max(|Fsp_paral|) :   0.00000000    0.00257395    0.00009075    0.00861481    0.05786097    0.00129521    0.02779213    0.06909426    0.00000000 
max(|Fsp_perp|)  :   0.00000000    0.00000000    0.00000000    0.00000000    0.00000000    0.00000000    0.00000000    0.00000000    0.00000000 
max(|FNEB|)      :   0.00000000    0.00275072    0.00194028    0.01014100    0.04760832    0.01832395    0.04991688    0.07076864    0.00000000 
max(|Force|)     :   0.00011174    0.00065010    0.00208417    0.00692035    0.04871604    0.01795224    0.03471336    0.00941545    0.00045404 
ksp              :   0.03227764    0.05858219    0.10000000    0.10000000    0.08729515    0.09090779    0.09090779    0.01000000 
max(|step|)      :   0.00000000    0.00753520    0.00395394    0.01620118    0.07096270    0.09268431    0.02110966    0.08684461    0.00098028 
angle (deg.)     :    21.0811  41.2091  57.3711  72.4855  81.0557  40.3738  30.9275 
>
iteration       : 196
climbing        : no
zoom on         : no
nim             : 9
barrier         :   0.04050397 (image:  5) 
distance        :   0.00000000   14.36119719   22.11420778   26.64004554   31.09579906   35.33856745   39.38606212   43.88504438   58.33138372 
energy          : -2464.51768787  -2464.51056706  -2464.50214680  -2464.48898363  -2464.47758027  -2464.47718390  -2464.49216305  -2464.53042039  -2464.54813127 
max(|Fr_perp|)   :   0.00000000    0.00383596    0.00298417    0.00266403    0.12039853    0.14624811    0.02005310    0.03174988    0.00000000 
Fr_paral         :   0.00000000   -0.00103155   -0.00209494   -0.00627986   -0.04311614   -0.00281806    0.03035187    0.00681110    0.00000000 
max(|Fsp_paral|) :   0.00000000    0.00539452    0.00539675    0.09379348    0.00846161    0.00943953    0.04248119    0.03619449    0.00000000 
max(|Fsp_perp|)  :   0.00000000    0.00000000    0.00000000    0.00000000    0.00000000    0.00000000    0.00000000    0.00000000    0.00000000 
max(|FNEB|)      :   0.00000000    0.00538280    0.00416225    0.09307448    0.11921794    0.14761641    0.03133871    0.03863983    0.00000000 
max(|Force|)     :   0.00011174    0.00379662    0.00295857    0.00618644    0.11746874    0.14644557    0.03238059    0.03144846    0.00045404 
ksp              :   0.02582248    0.04453233    0.07378093    0.09911925    0.10000000    0.10000000    0.06671626    0.01000000 
max(|step|)      :   0.00000000    0.00818626    0.00500353    0.05143811    0.02829986    0.03153050    0.03381243    0.06672738    0.00070513 
angle (deg.)     :    21.1146  41.4933  56.7951  72.8068  81.7832  39.8048  31.1806 
>
iteration       : 197
climbing        : no
zoom on         : no
nim             : 9
barrier         :   0.03710187 (image:  4) 
distance        :   0.00000000   14.32543921   22.10865529   26.68187329   31.11423479   35.33664746   39.29931979   43.63211453   58.32320163 
energy          : -2464.51768787  -2464.51061715  -2464.50219621  -2464.48857776  -2464.48058600  -2464.48622043  -2464.49001413  -2464.52922352  -2464.54813127 
max(|Fr_perp|)   :   0.00000000    0.00313408    0.00247948    0.00219321    0.10892682    0.10006851    0.02096657    0.03175230    0.00000000 
Fr_paral         :   0.00000000   -0.00101685   -0.00211516   -0.00774970   -0.03164427    0.00644295    0.03175847    0.00741702    0.00000000 
max(|Fsp_paral|) :   0.00000000    0.00392999    0.00079783    0.06487711    0.01178963    0.03931439    0.00325825    0.04325616    0.00000000 
max(|Fsp_perp|)  :   0.00000000    0.00000000    0.00000000    0.00000000    0.00000000    0.00000000    0.00000000    0.00000000    0.00000000 
max(|FNEB|)      :   0.00000000    0.00401521    0.00245942    0.06482039    0.10810901    0.10473720    0.01770832    0.04503473    0.00000000 
max(|Force|)     :   0.00011174    0.00309527    0.00245380    0.00679899    0.10769418    0.09969314    0.03403286    0.03143204    0.00045404 
ksp              :   0.02715182    0.04757894    0.08061394    0.10000000    0.10000000    0.08633226    0.07712967    0.01000000 
max(|step|)      :   0.00000000    0.01171609    0.00666853    0.06568056    0.04151201    0.02993070    0.04193200    0.10000000    0.00143309 
angle (deg.)     :    21.1674  41.8531  56.1002  73.3671  82.6818  39.1623  31.5740 
>
iteration       : 198
climbing        : no
zoom on         : no
nim             : 9
barrier         :   0.03514715 (image:  4) 
distance        :   0.00000000   14.27484406   22.10259134   26.73720737   31.14719331   35.32567612   39.19799288   43.25919165   58.31870905 
energy          : -2464.51768787  -2464.51068250  -2464.50225763  -2464.48797911  -2464.48254072  -2464.49109534  -2464.48774765  -2464.52719849  -2464.54813127 
max(|Fr_perp|)   :   0.00000000    0.00252562    0.00203565    0.00401343    0.09938412    0.06647654    0.02264866    0.03229308    0.00000000 
Fr_paral         :   0.00000000   -0.00099931   -0.00219524   -0.00911016   -0.02562891    0.01492768    0.03118326    0.00826090    0.00000000 
max(|Fsp_paral|) :   0.00000000    0.00240401    0.00551242    0.03746363    0.01684742    0.03561412    0.00640016    0.04583244    0.00000000 
max(|Fsp_perp|)  :   0.00000000    0.00000000    0.00000000    0.00000000    0.00000000    0.00000000    0.00000000    0.00000000    0.00000000 
max(|FNEB|)      :   0.00000000    0.00259659    0.00621849    0.03805407    0.09920186    0.07337224    0.02907726    0.04747451    0.00000000 
max(|Force|)     :   0.00011174    0.00249917    0.00201916    0.00734409    0.09914554    0.06563090    0.03493352    0.03207152    0.00045404 
ksp              :   0.02788562    0.04939446    0.08584613    0.10000000    0.10000000    0.08645339    0.08645339    0.01000000 
max(|step|)      :   0.00000000    0.00261748    0.00626852    0.03836024    0.10000000    0.07396257    0.02931120    0.04785647    0.00000000 
angle (deg.)     :    21.2082  41.9766  55.6560  74.0947  82.1857  39.6144  31.3013 
>
iteration       : 199
climbing        : no
zoom on         : no
nim             : 9
barrier         :   0.03003682 (image:  3) 
distance        :   0.00000000   14.26425311   22.11250528   26.76366696   31.12590278   35.27283446   39.20342258   43.06523982   58.30312612 
energy          : -2464.51768787  -2464.51070513  -2464.50224676  -2464.48765105  -2464.49901880  -2464.49174050  -2464.48929386  -2464.52673915  -2464.54813127 
max(|Fr_perp|)   :   0.00000000    0.00098871    0.00127883    0.00480788    0.01517791    0.02975442    0.02003805    0.00898304    0.00000000 
Fr_paral         :   0.00000000   -0.00098564   -0.00236403   -0.00644422   -0.00389334    0.00383942    0.02937483    0.00858105    0.00000000 
max(|Fsp_paral|) :   0.00000000    0.00010682    0.01167970    0.02286079    0.05275848    0.00416073    0.00264208    0.04905763    0.00000000 
max(|Fsp_perp|)  :   0.00000000    0.00000000    0.00000000    0.00000000    0.00000000    0.00000000    0.00000000    0.00000000    0.00000000 
max(|FNEB|)      :   0.00000000    0.00100084    0.01196363    0.02536279    0.04371835    0.03096433    0.01739597    0.05090791    0.00000000 
max(|Force|)     :   0.00011174    0.00096513    0.00177081    0.00760088    0.01525063    0.03022692    0.03190774    0.01037670    0.00045404 
ksp              :   0.03092254    0.05626654    0.10000000    0.10000000    0.08774670    0.09507764    0.09507764    0.01000000 
max(|step|)      :   0.00000000    0.00274646    0.01880539    0.00951929    0.08694960    0.03763100    0.04669963    0.10000000    0.00068664 
angle (deg.)     :    21.2991  41.8941  55.4748  75.2528  82.5962  40.3965  30.9210 
>
