NEB log file generated by ORCA
All quantities are given in atomic units. Unless stated otherwise. 
iteration       : 0
climbing        : no
zoom on         : no
nim             : 10
barrier         :   0.04839298 (image:  5) 
distance        :   0.00000000    8.76085708   12.78878720   16.80271638   20.70370032   23.06687669   25.39701736   32.62043416   40.53751168   58.41600801 
energy          : -2537.14379937  -2537.13367810  -2537.11547772  -2537.12444607  -2537.11538822  -2537.09540639  -2537.13444569  -2537.13503502  -2537.15564004  -2537.17943192 
max(|Fr_perp|)   :   0.00000000    0.00226462    0.00098792    0.00860548    0.00266947    0.03158127    0.00525093    0.02229175    0.01730105    0.00000000 
Fr_paral         :   0.00000000   -0.00420911    0.00107751    0.01076530    0.00685121   -0.01194801    0.01586557    0.00439472    0.00411465    0.00000000 
max(|Fsp_paral|) :   0.00000000    0.00004202    0.00038341    0.00266088    0.00356544    0.00120886    0.02406533    0.00396709    0.00572533    0.00000000 
max(|Fsp_perp|)  :   0.00000000    0.00000000    0.00000000    0.00000000    0.00000000    0.00000000    0.00000000    0.00000000    0.00000000    0.00000000 
max(|FNEB|)      :   0.00000000    0.00230317    0.00105661    0.00975239    0.00401380    0.03278239    0.02393572    0.02268265    0.01860511    0.00000000 
max(|Force|)     :   0.00009233    0.00253960    0.00090363    0.00938058    0.00382171    0.03558660    0.01098409    0.02263680    0.01739315    0.00034693 
ksp              :   0.02880883    0.06263081    0.06263081    0.06279726    0.10000000    0.10000000    0.02737675    0.02633658    0.01000000 
max(|step|)      :   0.00000000    0.00356161    0.00163395    0.01508107    0.00620693    0.05069461    0.03701413    0.03507639    0.02877089    0.00000000 
angle (deg.)     :    50.4234  76.3833  116.7122  57.9474  70.9785  61.1361  35.8246  29.8368 
>
iteration       : 1
climbing        : no
zoom on         : no
nim             : 10
barrier         :   0.04402886 (image:  5) 
distance        :   0.00000000    8.76190106   12.78736061   16.79983537   20.70176637   23.07244358   25.34703456   32.62293408   40.48464680   58.40777298 
energy          : -2537.14379937  -2537.13369325  -2537.11550314  -2537.12464262  -2537.11540629  -2537.09977051  -2537.13377550  -2537.13502223  -2537.15548981  -2537.17943192 
max(|Fr_perp|)   :   0.00000000    0.00232179    0.00101215    0.00292029    0.00275249    0.02298261    0.00616063    0.02197328    0.01756008    0.00000000 
Fr_paral         :   0.00000000   -0.00421314    0.00107531    0.01093126    0.00701922   -0.01089780    0.02012338    0.00402867    0.00394233    0.00000000 
max(|Fsp_paral|) :   0.00000000    0.00158148    0.00038361    0.00278376    0.01175976    0.00354783    0.00381519    0.00081079    0.00778465    0.00000000 
max(|Fsp_perp|)  :   0.00000000    0.00000000    0.00000000    0.00000000    0.00000000    0.00000000    0.00000000    0.00000000    0.00000000    0.00000000 
max(|FNEB|)      :   0.00000000    0.00258341    0.00108106    0.00473982    0.01164822    0.02624340    0.00625113    0.02199991    0.02052781    0.00000000 
max(|Force|)     :   0.00009233    0.00209845    0.00092804    0.00469221    0.00342755    0.02668089    0.01347035    0.02192394    0.01770543    0.00034693 
ksp              :   0.03065807    0.06784071    0.06784071    0.06803870    0.10000000    0.10000000    0.03048993    0.02794147    0.01000000 
max(|step|)      :   0.00000005    0.00167407    0.00184815    0.00977077    0.01324208    0.04670981    0.02283498    0.00907978    0.01231934    0.00042501 
angle (deg.)     :    50.4576  76.4789  116.6874  58.2917  70.3017  61.5612  36.0687  29.8015 
>
iteration       : 2
climbing        : no
zoom on         : no
nim             : 10
barrier         :   0.04172561 (image:  5) 
distance        :   0.00000000    8.76566695   12.78424681   16.79526434   20.68933127   23.08334393   25.33072738   32.64150162   40.44105836   58.42103087 
energy          : -2537.14379937  -2537.13369457  -2537.11553060  -2537.12468557  -2537.11527771  -2537.10207376  -2537.13346121  -2537.13553522  -2537.15545974  -2537.17943192 
max(|Fr_perp|)   :   0.00000000    0.00184333    0.00102584    0.00439465    0.00281630    0.01860151    0.00515384    0.01905771    0.01425371    0.00000000 
Fr_paral         :   0.00000000   -0.00428985    0.00108437    0.01098638    0.00739348   -0.01054120    0.02196786    0.00380338    0.00399758    0.00000000 
max(|Fsp_paral|) :   0.00000000    0.00230374    0.00023334    0.00252861    0.01622277    0.00550206    0.00768076    0.00716516    0.00716566    0.00000000 
max(|Fsp_perp|)  :   0.00000000    0.00000000    0.00000000    0.00000000    0.00000000    0.00000000    0.00000000    0.00000000    0.00000000    0.00000000 
max(|FNEB|)      :   0.00000000    0.00226097    0.00106760    0.00476471    0.01620855    0.02335844    0.00712892    0.01929158    0.01730657    0.00000000 
max(|Force|)     :   0.00009233    0.00173663    0.00094149    0.00551199    0.00339417    0.02202128    0.01426017    0.01901116    0.01440124    0.00034693 
ksp              :   0.03179554    0.07097428    0.07097428    0.07151976    0.10000000    0.10000000    0.03229887    0.02782535    0.01000000 
max(|step|)      :   0.00000001    0.00488087    0.00418034    0.01757295    0.03832011    0.10000000    0.03055184    0.01006632    0.02682236    0.00177731 
angle (deg.)     :    50.5199  76.6858  116.6604  59.4598  69.0578  63.0249  36.4512  29.7829 
>
iteration       : 3
climbing        : no
zoom on         : no
nim             : 10
barrier         :   0.03889483 (image:  5) 
distance        :   0.00000000    8.77671359   12.77630271   16.78483314   20.65240197   23.11666002   25.34828176   32.69382379   40.38192752   58.48615593 
energy          : -2537.14379937  -2537.13367611  -2537.11559234  -2537.12472330  -2537.11479439  -2537.10490455  -2537.13342029  -2537.13610988  -2537.15525043  -2537.17943192 
max(|Fr_perp|)   :   0.00000000    0.00129176    0.00104247    0.00886698    0.00469832    0.02114168    0.00623214    0.01411817    0.00992133    0.00000000 
Fr_paral         :   0.00000000   -0.00448997    0.00109230    0.01091577    0.00822599   -0.01036708    0.02333314    0.00356847    0.00410691    0.00000000 
max(|Fsp_paral|) :   0.00000000    0.00271117    0.00029461    0.00138494    0.02144600    0.00896877    0.01769365    0.01365585    0.00628595    0.00000000 
max(|Fsp_perp|)  :   0.00000000    0.00000000    0.00000000    0.00000000    0.00000000    0.00000000    0.00000000    0.00000000    0.00000000    0.00000000 
max(|FNEB|)      :   0.00000000    0.00229161    0.00099054    0.00830137    0.02157811    0.02239207    0.01671026    0.01602314    0.01326250    0.00000000 
max(|Force|)     :   0.00009233    0.00201258    0.00095658    0.01085431    0.00455632    0.02171955    0.01445422    0.01424470    0.01018111    0.00034693 
ksp              :   0.03341109    0.07523323    0.07523323    0.07707174    0.10000000    0.10000000    0.03402456    0.02780419    0.01000000 
max(|step|)      :   0.00000000    0.00833734    0.00360378    0.03020201    0.07850535    0.08146669    0.06079516    0.05829530    0.04825155    0.00000000 
angle (deg.)     :    50.5277  76.8021  116.7536  61.9341  66.7377  65.8276  36.1444  29.9924 
>
iteration       : 4
climbing        : no
zoom on         : no
nim             : 10
barrier         :   0.03476483 (image:  5) 
distance        :   0.00000000    8.79778054   12.76661090   16.77765020   20.57132234   23.14588431   25.52711798   32.72839141   40.40862375   58.62562366 
energy          : -2537.14379937  -2537.13356125  -2537.11565496  -2537.12493489  -2537.11356034  -2537.10903454  -2537.13573614  -2537.13028690  -2537.15340074  -2537.17943192 
max(|Fr_perp|)   :   0.00000000    0.00545161    0.00098992    0.01101149    0.00494468    0.01731162    0.01253480    0.05862622    0.04425474    0.00000000 
Fr_paral         :   0.00000000   -0.00475669    0.00109463    0.00995811    0.00871195   -0.00900783    0.00791073    0.00269486    0.00477740    0.00000000 
max(|Fsp_paral|) :   0.00000000    0.00273284    0.00151225    0.00092823    0.03212896    0.00779838    0.05564804    0.00716247    0.03121116    0.00000000 
max(|Fsp_perp|)  :   0.00000000    0.00000000    0.00000000    0.00000000    0.00000000    0.00000000    0.00000000    0.00000000    0.00000000    0.00000000 
max(|FNEB|)      :   0.00000000    0.00501656    0.00159986    0.01053336    0.03200590    0.01817481    0.05773076    0.05857096    0.04978898    0.00000000 
max(|Force|)     :   0.00009233    0.00572034    0.00097482    0.01099511    0.00566350    0.01714773    0.01217418    0.05861931    0.04409283    0.00034693 
ksp              :   0.03650469    0.08286091    0.08286091    0.08828350    0.10000000    0.10000000    0.04498141    0.04498141    0.01000000 
max(|step|)      :   0.00000000    0.01033362    0.00453735    0.03324530    0.10000000    0.09914584    0.08526671    0.05743959    0.05160586    0.00228129 
angle (deg.)     :    50.5448  76.9411  116.8090  65.4108  65.2615  69.0448  35.8950  30.2066 
>
iteration       : 5
climbing        : no
zoom on         : no
nim             : 10
barrier         :   0.04078532 (image:  5) 
distance        :   0.00000000    8.82409148   12.75515506   16.77050874   20.48320337   23.21550904   25.81336436   32.83981417   40.47084251   58.85499142 
energy          : -2537.14379937  -2537.13334721  -2537.11572669  -2537.12368768  -2537.11154826  -2537.10301405  -2537.13486126  -2537.10571016  -2537.14618652  -2537.17943192 
max(|Fr_perp|)   :   0.00000000    0.01186707    0.00210362    0.03013138    0.00937091    0.04880591    0.02796890    0.14640869    0.10369967    0.00000000 
Fr_paral         :   0.00000000   -0.00503319    0.00116945    0.00883631    0.00922363   -0.01090603   -0.00727868   -0.00047338    0.00641206    0.00000000 
max(|Fsp_paral|) :   0.00000000    0.00318812    0.00267650    0.00398016    0.01152930    0.00528998    0.20989668    0.01557461    0.10174244    0.00000000 
max(|Fsp_perp|)  :   0.00000000    0.00000000    0.00000000    0.00000000    0.00000000    0.00000000    0.00000000    0.00000000    0.00000000    0.00000000 
max(|FNEB|)      :   0.00000000    0.01238501    0.00272088    0.02767114    0.01126116    0.04778967    0.20365609    0.14597299    0.12059528    0.00000000 
max(|Force|)     :   0.00009233    0.01216846    0.00214512    0.02839149    0.00876036    0.04770451    0.02754010    0.14683705    0.10373801    0.00034693 
ksp              :   0.03305505    0.07191915    0.07191915    0.08113539    0.10000000    0.10000000    0.09432979    0.09432979    0.01000000 
max(|step|)      :   0.00000000    0.00608133    0.00133601    0.01358719    0.00552950    0.02346587    0.10000000    0.07167622    0.05921516    0.00000000 
angle (deg.)     :    50.6004  76.9115  116.7616  65.6568  66.6287  66.2498  35.9116  29.7453 
>
iteration       : 6
climbing        : no
zoom on         : no
nim             : 10
barrier         :   0.03480507 (image:  5) 
distance        :   0.00000000    8.82195700   12.75851695   16.77484454   20.47897797   23.21773881   25.93770116   32.80147859   40.14224043   58.75806846 
energy          : -2537.14379937  -2537.13347738  -2537.11574290  -2537.12461904  -2537.11159668  -2537.10899430  -2537.13461343  -2537.13506834  -2537.15287935  -2537.17943192 
max(|Fr_perp|)   :   0.00000000    0.00388593    0.00122043    0.02276765    0.00724871    0.03025006    0.02632964    0.02073564    0.02347010    0.00000000 
Fr_paral         :   0.00000000   -0.00498340    0.00112320    0.00881540    0.00943105   -0.00925030   -0.02739670    0.00520752    0.00571608    0.00000000 
max(|Fsp_paral|) :   0.00000000    0.00045371    0.00286568    0.00438637    0.02951922    0.00076496    0.02665778    0.00267336    0.01006120    0.00000000 
max(|Fsp_perp|)  :   0.00000000    0.00000000    0.00000000    0.00000000    0.00000000    0.00000000    0.00000000    0.00000000    0.00000000    0.00000000 
max(|FNEB|)      :   0.00000000    0.00381377    0.00291614    0.02003859    0.02927759    0.03031481    0.03139328    0.02134964    0.02527119    0.00000000 
max(|Force|)     :   0.00009233    0.00416811    0.00125936    0.02102962    0.00767614    0.03056869    0.02977018    0.02116397    0.02327578    0.00034693 
ksp              :   0.03669092    0.08254926    0.08254926    0.09327068    0.10000000    0.10000000    0.03375327    0.03257696    0.01000000 
max(|step|)      :   0.00000000    0.00240324    0.00172294    0.01198625    0.01703162    0.01824459    0.01829411    0.01405972    0.01657496    0.00029710 
angle (deg.)     :    50.6371  76.8724  116.7102  66.3126  66.6839  65.8991  35.9229  29.7364 
>
iteration       : 7
climbing        : no
zoom on         : no
nim             : 10
barrier         :   0.03245080 (image:  4) 
distance        :   0.00000000    8.82307054   12.76063857   16.77849863   20.46193794   23.24112694   25.93964524   32.80730247   40.10640986   58.76006381 
energy          : -2537.14379937  -2537.13349325  -2537.11575905  -2537.12531620  -2537.11134858  -2537.11213896  -2537.13657151  -2537.13594613  -2537.15335484  -2537.17943192 
max(|Fr_perp|)   :   0.00000000    0.00085636    0.00098121    0.01571273    0.00722269    0.01903156    0.01895707    0.00542705    0.00849310    0.00000000 
Fr_paral         :   0.00000000   -0.00496578    0.00107942    0.00863226    0.00974597   -0.00797164   -0.01568118    0.00475852    0.00528557    0.00000000 
max(|Fsp_paral|) :   0.00000000    0.00184159    0.00303172    0.00491791    0.03616998    0.00576679    0.03033005    0.00485233    0.00864444    0.00000000 
max(|Fsp_perp|)  :   0.00000000    0.00000000    0.00000000    0.00000000    0.00000000    0.00000000    0.00000000    0.00000000    0.00000000    0.00000000 
max(|FNEB|)      :   0.00000000    0.00131171    0.00307894    0.01611033    0.03583595    0.02031489    0.03213618    0.00966834    0.00922509    0.00000000 
max(|Force|)     :   0.00009233    0.00262566    0.00089974    0.01427360    0.00758752    0.01916220    0.02075706    0.00689896    0.00884025    0.00034693 
ksp              :   0.03858331    0.08776787    0.08776787    0.10000000    0.10000000    0.09780794    0.03178040    0.03178040    0.01000000 
max(|step|)      :   0.00000000    0.00476364    0.00904960    0.05184933    0.10000000    0.06891786    0.07723068    0.03267772    0.04314894    0.00265788 
angle (deg.)     :    50.7818  76.6615  116.4256  70.0076  66.7678  64.6527  36.1111  29.6753 
>
iteration       : 8
climbing        : no
zoom on         : no
nim             : 10
barrier         :   0.03453628 (image:  4) 
distance        :   0.00000000    8.83386749   12.76922916   16.79712386   20.35546877   23.35905127   25.96511204   32.87998735   39.96595089   58.79983469 
energy          : -2537.14379937  -2537.13343686  -2537.11582978  -2537.12615624  -2537.10926309  -2537.11300785  -2537.13768395  -2537.13363854  -2537.15157777  -2537.17943192 
max(|Fr_perp|)   :   0.00000000    0.00630634    0.00106314    0.01582871    0.00876474    0.02499031    0.01736095    0.03496271    0.03522691    0.00000000 
Fr_paral         :   0.00000000   -0.00496169    0.00098778    0.00751758    0.01075842   -0.00785360    0.01501649    0.00250760    0.00387176    0.00000000 
max(|Fsp_paral|) :   0.00000000    0.00025316    0.00325781    0.00682971    0.02013221    0.02672706    0.01134408    0.00208822    0.01362122    0.00000000 
max(|Fsp_perp|)  :   0.00000000    0.00000000    0.00000000    0.00000000    0.00000000    0.00000000    0.00000000    0.00000000    0.00000000    0.00000000 
max(|FNEB|)      :   0.00000000    0.00631165    0.00322747    0.02041156    0.01920670    0.02843894    0.01663035    0.03466186    0.03897375    0.00000000 
max(|Force|)     :   0.00009233    0.00606510    0.00098738    0.01743670    0.00756969    0.02553126    0.01675653    0.03498391    0.03560100    0.00034693 
ksp              :   0.03700590    0.08288829    0.08288829    0.10000000    0.10000000    0.09030847    0.03658151    0.03658151    0.01000000 
max(|step|)      :   0.00000000    0.01099172    0.00562063    0.03554667    0.03344840    0.04952632    0.02896171    0.06036352    0.06787267    0.00000000 
angle (deg.)     :    50.9046  76.4762  116.1842  70.9839  64.0477  66.2950  36.2264  29.5838 
>
iteration       : 9
climbing        : no
zoom on         : no
nim             : 10
barrier         :   0.03486747 (image:  4) 
distance        :   0.00000000    8.83506961   12.77822536   16.81458966   20.29702725   23.28278001   25.96960719   32.89113839   39.84477895   58.78933942 
energy          : -2537.14379937  -2537.13343700  -2537.11587305  -2537.12707892  -2537.10893190  -2537.11643750  -2537.13850043  -2537.13254298  -2537.15049085  -2537.17943192 
max(|Fr_perp|)   :   0.00000000    0.00851979    0.00132193    0.00392627    0.00798224    0.01258745    0.02206450    0.04686190    0.04918982    0.00000000 
Fr_paral         :   0.00000000   -0.00490008    0.00092702    0.00651427    0.00954136   -0.00500861    0.00867250    0.00228409    0.00490801    0.00000000 
max(|Fsp_paral|) :   0.00000000    0.00035766    0.00320711    0.00517498    0.01584572    0.03356629    0.03339218    0.00040100    0.01580578    0.00000000 
max(|Fsp_perp|)  :   0.00000000    0.00000000    0.00000000    0.00000000    0.00000000    0.00000000    0.00000000    0.00000000    0.00000000    0.00000000 
max(|FNEB|)      :   0.00000000    0.00857445    0.00319752    0.00779363    0.01421667    0.03405896    0.03565625    0.04696774    0.05199646    0.00000000 
max(|Force|)     :   0.00009233    0.00878824    0.00130620    0.00461046    0.00789692    0.01239505    0.02209198    0.04705468    0.04902209    0.00034693 
ksp              :   0.03674739    0.08208349    0.08208349    0.10000000    0.10000000    0.08062652    0.03905503    0.03905503    0.01000000 
max(|step|)      :   0.00000000    0.00179636    0.00574663    0.02264918    0.03065986    0.05293466    0.03915528    0.00942497    0.02571331    0.00087170 
angle (deg.)     :    51.0333  76.3112  115.9486  71.8566  61.5429  67.9094  36.3536  29.4874 
>
iteration       : 10
climbing        : no
zoom on         : no
nim             : 10
barrier         :   0.03543570 (image:  4) 
distance        :   0.00000000    8.83623088   12.78778194   16.83214706   20.23954760   23.18955688   25.99877611   32.90011415   39.71320074   58.78167537 
energy          : -2537.14379937  -2537.13345763  -2537.11591561  -2537.12735346  -2537.10836367  -2537.11604671  -2537.13904038  -2537.13229637  -2537.14991873  -2537.17943192 
max(|Fr_perp|)   :   0.00000000    0.00891344    0.00138018    0.01013906    0.00805544    0.02540307    0.02297831    0.04836488    0.05039254    0.00000000 
Fr_paral         :   0.00000000   -0.00481166    0.00090155    0.00581461    0.00908355   -0.00462826    0.00213838    0.00235218    0.00527737    0.00000000 
max(|Fsp_paral|) :   0.00000000    0.00039267    0.00313797    0.00421071    0.01455888    0.02804256    0.02738222    0.00107959    0.01473199    0.00000000 
max(|Fsp_perp|)  :   0.00000000    0.00000000    0.00000000    0.00000000    0.00000000    0.00000000    0.00000000    0.00000000    0.00000000    0.00000000 
max(|FNEB|)      :   0.00000000    0.00897314    0.00310972    0.01209685    0.01333927    0.02830484    0.02866390    0.04807141    0.05296811    0.00000000 
max(|Force|)     :   0.00009233    0.00917626    0.00136438    0.01009762    0.00789619    0.02524551    0.02308027    0.04856434    0.05021485    0.00034693 
ksp              :   0.03626607    0.08081949    0.08081949    0.10000000    0.10000000    0.08048653    0.03921545    0.03921545    0.01000000 
max(|step|)      :   0.00000000    0.00374551    0.01293043    0.03135058    0.06647950    0.10000000    0.06268903    0.01546785    0.05533057    0.00251246 
angle (deg.)     :    51.3242  75.9924  115.3765  74.1271  57.5883  70.4587  36.5725  29.3768 
>
iteration       : 11
climbing        : no
zoom on         : no
nim             : 10
barrier         :   0.03637976 (image:  4) 
distance        :   0.00000000    8.83846860   12.80969425   16.86881224   20.12956668   23.03911874   26.07994451   32.93148460   39.45869529   58.79684078 
energy          : -2537.14379937  -2537.13352009  -2537.11601472  -2537.12824907  -2537.10741961  -2537.11829312  -2537.13971594  -2537.13259499  -2537.14873913  -2537.17943192 
max(|Fr_perp|)   :   0.00000000    0.00878132    0.00151259    0.01109249    0.00764312    0.02409816    0.02294370    0.04998932    0.05451534    0.00000000 
Fr_paral         :   0.00000000   -0.00467041    0.00086441    0.00460510    0.00872041   -0.00271679   -0.00565995    0.00234205    0.00493522    0.00000000 
max(|Fsp_paral|) :   0.00000000    0.00017466    0.00286065    0.00199664    0.01144525    0.02749495    0.02242633    0.00373782    0.01038679    0.00000000 
max(|Fsp_perp|)  :   0.00000000    0.00000000    0.00000000    0.00000000    0.00000000    0.00000000    0.00000000    0.00000000    0.00000000    0.00000000 
max(|FNEB|)      :   0.00000000    0.00887552    0.00283796    0.01134495    0.00994464    0.02784878    0.02492675    0.04935481    0.05678749    0.00000000 
max(|Force|)     :   0.00009233    0.00910246    0.00150380    0.01090040    0.00728440    0.02407911    0.02283940    0.05060163    0.05479114    0.00034693 
ksp              :   0.03543235    0.07873696    0.07873696    0.10000000    0.10000000    0.07312783    0.03788808    0.03788808    0.01000000 
max(|step|)      :   0.00000000    0.00859201    0.00274731    0.01098256    0.00962699    0.02695923    0.02413054    0.04777832    0.05497358    0.00000000 
angle (deg.)     :    51.3871  75.9670  115.2411  74.3097  56.7301  70.7710  36.5844  29.3820 
>
iteration       : 12
climbing        : no
zoom on         : no
nim             : 10
barrier         :   0.03639870 (image:  4) 
distance        :   0.00000000    8.83918880   12.81449044   16.87368787   20.10854392   22.98132629   26.09001981   32.90115043   39.38811124   58.77741140 
energy          : -2537.14379937  -2537.13358837  -2537.11603918  -2537.12862398  -2537.10740067  -2537.11976219  -2537.14049346  -2537.13634163  -2537.15083980  -2537.17943192 
max(|Fr_perp|)   :   0.00000000    0.00265940    0.00098848    0.00543658    0.00722708    0.00824374    0.01000490    0.01800073    0.01846731    0.00000000 
Fr_paral         :   0.00000000   -0.00466083    0.00087244    0.00456127    0.00870156   -0.00158461   -0.00589370    0.00306112    0.00437553    0.00000000 
max(|Fsp_paral|) :   0.00000000    0.00038157    0.00271041    0.00132163    0.01191214    0.02854839    0.01362618    0.00295606    0.00181132    0.00000000 
max(|Fsp_perp|)  :   0.00000000    0.00000000    0.00000000    0.00000000    0.00000000    0.00000000    0.00000000    0.00000000    0.00000000    0.00000000 
max(|FNEB|)      :   0.00000000    0.00271913    0.00268293    0.00643432    0.00911585    0.02908344    0.01492424    0.01879083    0.01856390    0.00000000 
max(|Force|)     :   0.00009233    0.00239583    0.00091706    0.00650260    0.00682917    0.00817136    0.01049578    0.01773840    0.01840166    0.00034693 
ksp              :   0.03524788    0.07864030    0.07864030    0.10000000    0.10000000    0.06943472    0.02844012    0.02844012    0.01000000 
max(|step|)      :   0.00000000    0.00063468    0.00251544    0.00700846    0.00861244    0.02665752    0.01042307    0.00348080    0.00432138    0.00011208 
angle (deg.)     :    51.4387  75.9466  115.1131  74.4466  55.7260  71.1602  36.5579  29.4601 
>
iteration       : 13
climbing        : no
zoom on         : no
nim             : 10
barrier         :   0.03644716 (image:  4) 
distance        :   0.00000000    8.84049040   12.81846644   16.87758430   20.08762590   22.92323275   26.06174438   32.86627046   39.35772606   58.75478415 
energy          : -2537.14379937  -2537.13359472  -2537.11606030  -2537.12881734  -2537.10735221  -2537.12014820  -2537.14096594  -2537.13654287  -2537.15106783  -2537.17943192 
max(|Fr_perp|)   :   0.00000000    0.00262373    0.00099241    0.00383430    0.00694458    0.00377131    0.00710199    0.01585705    0.01568987    0.00000000 
Fr_paral         :   0.00000000   -0.00467086    0.00086900    0.00452866    0.00865462   -0.00107940   -0.00158833    0.00303526    0.00408345    0.00000000 
max(|Fsp_paral|) :   0.00000000    0.00039241    0.00260666    0.00073669    0.01232947    0.02742056    0.01511199    0.00279301    0.00245389    0.00000000 
max(|Fsp_perp|)  :   0.00000000    0.00000000    0.00000000    0.00000000    0.00000000    0.00000000    0.00000000    0.00000000    0.00000000    0.00000000 
max(|FNEB|)      :   0.00000000    0.00268498    0.00257514    0.00380570    0.00887573    0.02798790    0.01603074    0.01660534    0.01610272    0.00000000 
max(|Force|)     :   0.00009233    0.00236016    0.00092112    0.00388239    0.00677300    0.00399468    0.00716565    0.01559720    0.01582222    0.00034693 
ksp              :   0.03519864    0.07849686    0.07849686    0.10000000    0.10000000    0.06840249    0.02791868    0.02791868    0.01000000 
max(|step|)      :   0.00000000    0.00248589    0.00938305    0.01609125    0.03254815    0.10000000    0.03497989    0.00998088    0.01279999    0.00175625 
angle (deg.)     :    51.6363  75.8892  114.5931  74.9620  51.9249  72.7771  36.5030  29.7395 
>
iteration       : 14
climbing        : no
zoom on         : no
nim             : 10
barrier         :   0.03669653 (image:  4) 
distance        :   0.00000000    8.84569545   12.83348578   16.89116984   20.00771849   22.71226993   25.96174471   32.75917704   39.28174228   58.69412992 
energy          : -2537.14379937  -2537.13362046  -2537.11614163  -2537.12928517  -2537.10710284  -2537.12050813  -2537.14139069  -2537.13686761  -2537.15141314  -2537.17943192 
max(|Fr_perp|)   :   0.00000000    0.00180028    0.00099134    0.00597404    0.00600413    0.00935248    0.00570093    0.01251497    0.01334908    0.00000000 
Fr_paral         :   0.00000000   -0.00469117    0.00086904    0.00448748    0.00840979    0.00014947    0.01022324    0.00300093    0.00340236    0.00000000 
max(|Fsp_paral|) :   0.00000000    0.00039782    0.00220339    0.00133438    0.01352033    0.02044302    0.02064200    0.00239656    0.00344749    0.00000000 
max(|Fsp_perp|)  :   0.00000000    0.00000000    0.00000000    0.00000000    0.00000000    0.00000000    0.00000000    0.00000000    0.00000000    0.00000000 
max(|FNEB|)      :   0.00000000    0.00188875    0.00216578    0.00525876    0.00935342    0.02102827    0.02079189    0.01331682    0.01410379    0.00000000 
max(|Force|)     :   0.00009233    0.00203426    0.00092006    0.00680571    0.00703790    0.00942675    0.00595851    0.01242526    0.01364107    0.00034693 
ksp              :   0.03496512    0.07783432    0.07783432    0.10000000    0.10000000    0.06713394    0.02702250    0.02702250    0.01000000 
max(|step|)      :   0.00000000    0.00763658    0.00875667    0.02126214    0.03781762    0.08502124    0.08406549    0.05384240    0.05702426    0.00000000 
angle (deg.)     :    51.8380  75.9052  113.9244  75.5735  47.9297  74.6613  36.5027  30.0437 
>
iteration       : 15
climbing        : no
zoom on         : no
nim             : 10
barrier         :   0.03708959 (image:  4) 
distance        :   0.00000000    8.85237807   12.84727054   16.89728097   19.91879792   22.55399861   25.82541720   32.70739073   39.33429939   58.69075246 
energy          : -2537.14379937  -2537.13358428  -2537.11622734  -2537.12964574  -2537.10670978  -2537.12016559  -2537.13971084  -2537.13139003  -2537.14811592  -2537.17943192 
max(|Fr_perp|)   :   0.00000000    0.00840645    0.00117858    0.00658597    0.00556567    0.01871237    0.02365536    0.05868349    0.06724902    0.00000000 
Fr_paral         :   0.00000000   -0.00468277    0.00089594    0.00467733    0.00804794    0.00079856    0.01510566    0.00193939    0.00388879    0.00000000 
max(|Fsp_paral|) :   0.00000000    0.00026359    0.00170073    0.00306401    0.01264912    0.01649059    0.03214165    0.00315322    0.01403647    0.00000000 
max(|Fsp_perp|)  :   0.00000000    0.00000000    0.00000000    0.00000000    0.00000000    0.00000000    0.00000000    0.00000000    0.00000000    0.00000000 
max(|FNEB|)      :   0.00000000    0.00844527    0.00168782    0.00792057    0.01000269    0.01690185    0.03513908    0.05781154    0.06965459    0.00000000 
max(|Force|)     :   0.00009233    0.00865734    0.00116088    0.00759686    0.00766631    0.01874767    0.02333776    0.05884878    0.06711955    0.00034693 
ksp              :   0.03478749    0.07690510    0.07690510    0.10000000    0.10000000    0.06734871    0.04011198    0.04011198    0.01000000 
max(|step|)      :   0.00000000    0.00398244    0.00136922    0.00295084    0.00722362    0.01354922    0.01365046    0.02733516    0.03317359    0.00003046 
angle (deg.)     :    51.8794  75.9190  113.7930  75.7123  47.4713  74.9320  36.5589  30.0190 
>
iteration       : 16
climbing        : no
zoom on         : no
nim             : 10
barrier         :   0.03713825 (image:  4) 
distance        :   0.00000000    8.85305877   12.84978742   16.89785296   19.90507727   22.53122064   25.84910110   32.71425380   39.31450998   58.70274748 
energy          : -2537.14379937  -2537.13364232  -2537.11624365  -2537.12974369  -2537.10666112  -2537.12051104  -2537.14066931  -2537.13683412  -2537.15173199  -2537.17943192 
max(|Fr_perp|)   :   0.00000000    0.00303021    0.00095572    0.00558423    0.00538661    0.01339105    0.00843774    0.01640744    0.01819964    0.00000000 
Fr_paral         :   0.00000000   -0.00468223    0.00090190    0.00476578    0.00804449    0.00119060    0.01689930    0.00305488    0.00387632    0.00000000 
max(|Fsp_paral|) :   0.00000000    0.00015200    0.00157848    0.00334132    0.01249609    0.01603893    0.02091992    0.00238672    0.00320290    0.00000000 
max(|Fsp_perp|)  :   0.00000000    0.00000000    0.00000000    0.00000000    0.00000000    0.00000000    0.00000000    0.00000000    0.00000000    0.00000000 
max(|FNEB|)      :   0.00000000    0.00300742    0.00155967    0.00662234    0.00949212    0.01647412    0.02046845    0.01658967    0.01767250    0.00000000 
max(|Force|)     :   0.00009233    0.00328590    0.00088197    0.00660375    0.00759804    0.01344709    0.01030007    0.01666531    0.01807558    0.00034693 
ksp              :   0.03461437    0.07677792    0.07677792    0.10000000    0.10000000    0.06643641    0.02687943    0.02687943    0.01000000 
max(|step|)      :   0.00000000    0.00450065    0.00928475    0.01778683    0.04310115    0.09194837    0.04267853    0.03481917    0.03699022    0.00080207 
angle (deg.)     :    52.1215  75.9747  112.8966  76.6518  43.9543  76.8565  36.6925  30.2290 
>
iteration       : 17
climbing        : no
zoom on         : no
nim             : 10
barrier         :   0.03757022 (image:  4) 
distance        :   0.00000000    8.85954732   12.86539858   16.90338070   19.81925269   22.38304077   25.81514753   32.72022292   39.35518082   58.75940735 
energy          : -2537.14379937  -2537.13367399  -2537.11634239  -2537.13007663  -2537.10622915  -2537.12017230  -2537.14030643  -2537.13623239  -2537.15127807  -2537.17943192 
max(|Fr_perp|)   :   0.00000000    0.00294505    0.00094164    0.00791515    0.00541426    0.01423535    0.00976643    0.02463107    0.02737353    0.00000000 
Fr_paral         :   0.00000000   -0.00463293    0.00094779    0.00519482    0.00772966    0.00198062    0.01870951    0.00304884    0.00389311    0.00000000 
max(|Fsp_paral|) :   0.00000000    0.00001808    0.00096511    0.00494066    0.01147132    0.01024421    0.01952234    0.00256405    0.00145245    0.00000000 
max(|Fsp_perp|)  :   0.00000000    0.00000000    0.00000000    0.00000000    0.00000000    0.00000000    0.00000000    0.00000000    0.00000000    0.00000000 
max(|FNEB|)      :   0.00000000    0.00294780    0.00119002    0.01015134    0.00887546    0.01304617    0.01854514    0.02528033    0.02759657    0.00000000 
max(|Force|)     :   0.00009233    0.00268769    0.00086485    0.00867580    0.00793268    0.01432967    0.01160832    0.02437052    0.02749052    0.00034693 
ksp              :   0.03425550    0.07577358    0.07577358    0.10000000    0.10000000    0.06659898    0.02812681    0.02812681    0.01000000 
max(|step|)      :   0.00000000    0.00374733    0.01010367    0.02048461    0.04962564    0.10000000    0.03921837    0.01390863    0.01053297    0.00095560 
angle (deg.)     :    52.3986  76.0552  111.7025  77.9991  40.8503  78.8073  36.8642  30.4542 
>
iteration       : 18
climbing        : no
zoom on         : no
nim             : 10
barrier         :   0.03803885 (image:  4) 
distance        :   0.00000000    8.86662577   12.88264733   16.90886127   19.73709268   22.24950071   25.83050993   32.77215842   39.42553128   58.86734564 
energy          : -2537.14379937  -2537.13370798  -2537.11645535  -2537.13047574  -2537.10576052  -2537.11972690  -2537.13998977  -2537.13554269  -2537.15078454  -2537.17943192 
max(|Fr_perp|)   :   0.00000000    0.00394637    0.00099740    0.00860386    0.00604971    0.01218298    0.01216247    0.03160970    0.03551674    0.00000000 
Fr_paral         :   0.00000000   -0.00459367    0.00099572    0.00573034    0.00730323    0.00283383    0.01949578    0.00293530    0.00397250    0.00000000 
max(|Fsp_paral|) :   0.00000000    0.00014492    0.00029707    0.00639616    0.01016580    0.00404765    0.01882533    0.00289520    0.00055286    0.00000000 
max(|Fsp_perp|)  :   0.00000000    0.00000000    0.00000000    0.00000000    0.00000000    0.00000000    0.00000000    0.00000000    0.00000000    0.00000000 
max(|FNEB|)      :   0.00000000    0.00396865    0.00099287    0.01121226    0.00777577    0.01166380    0.01729578    0.03265361    0.03578121    0.00000000 
max(|Force|)     :   0.00009233    0.00373607    0.00099080    0.00927184    0.00838647    0.01237805    0.01230959    0.03167192    0.03597929    0.00034693 
ksp              :   0.03387700    0.07469582    0.07469582    0.10000000    0.10000000    0.06696819    0.02964262    0.02964262    0.01000000 
max(|step|)      :   0.00000000    0.00472468    0.00118201    0.01334820    0.00925706    0.01388576    0.02059063    0.03887413    0.04259755    0.00000000 
angle (deg.)     :    52.4488  76.1034  111.4212  78.3227  40.6363  78.9567  36.8412  30.5332 
>
iteration       : 19
climbing        : no
zoom on         : no
nim             : 10
barrier         :   0.03801374 (image:  4) 
distance        :   0.00000000    8.86736721   12.88331767   16.90511021   19.72802944   22.25953721   25.81874745   32.78439084   39.44479052   58.89155454 
energy          : -2537.14379937  -2537.13373044  -2537.11647554  -2537.13064222  -2537.10578563  -2537.12022478  -2537.13957190  -2537.13723163  -2537.15213546  -2537.17943192 
max(|Fr_perp|)   :   0.00000000    0.00241842    0.00093546    0.00393365    0.00593594    0.00292711    0.00715443    0.01684530    0.01944899    0.00000000 
Fr_paral         :   0.00000000   -0.00461824    0.00099921    0.00591543    0.00729199    0.00335393    0.02375583    0.00322626    0.00373662    0.00000000 
max(|Fsp_paral|) :   0.00000000    0.00003903    0.00016993    0.00653744    0.00938527    0.00665294    0.02987013    0.00279902    0.00478584    0.00000000 
max(|Fsp_perp|)  :   0.00000000    0.00000000    0.00000000    0.00000000    0.00000000    0.00000000    0.00000000    0.00000000    0.00000000    0.00000000 
max(|FNEB|)      :   0.00000000    0.00242415    0.00090068    0.00740865    0.00640310    0.00645662    0.02931871    0.01670240    0.01869324    0.00000000 
max(|Force|)     :   0.00009233    0.00266746    0.00085581    0.00502621    0.00828441    0.00311440    0.01316005    0.01711283    0.01933277    0.00034693 
ksp              :   0.03383884    0.07469093    0.07469093    0.10000000    0.10000000    0.06581436    0.02554955    0.02554955    0.01000000 
max(|step|)      :   0.00000000    0.00072536    0.00096166    0.00791216    0.00716193    0.00653907    0.02672634    0.00292954    0.00616579    0.00020288 
angle (deg.)     :    52.4934  76.1467  111.1718  78.6090  40.4088  78.9644  36.8018  30.6173 
>
iteration       : 20
climbing        : no
zoom on         : no
nim             : 10
barrier         :   0.03798454 (image:  4) 
distance        :   0.00000000    8.86820297   12.88373093   16.90176254   19.72140320   22.26347031   25.78963373   32.77924290   39.46431545   58.90018311 
energy          : -2537.14379937  -2537.13374201  -2537.11649303  -2537.13067711  -2537.10581483  -2537.12024816  -2537.13853777  -2537.13721313  -2537.15220175  -2537.17943192 
max(|Fr_perp|)   :   0.00000000    0.00231232    0.00093822    0.00328042    0.00591130    0.00217907    0.00655034    0.01741953    0.02047997    0.00000000 
Fr_paral         :   0.00000000   -0.00461076    0.00101307    0.00613469    0.00723212    0.00345695    0.02806227    0.00332764    0.00343898    0.00000000 
max(|Fsp_paral|) :   0.00000000    0.00001921    0.00007265    0.00661728    0.00892565    0.00777498    0.02714991    0.00289917    0.00456775    0.00000000 
max(|Fsp_perp|)  :   0.00000000    0.00000000    0.00000000    0.00000000    0.00000000    0.00000000    0.00000000    0.00000000    0.00000000    0.00000000 
max(|FNEB|)      :   0.00000000    0.00231514    0.00092339    0.00746884    0.00620765    0.00759322    0.02714823    0.01741766    0.01981516    0.00000000 
max(|Force|)     :   0.00009233    0.00256062    0.00085789    0.00339543    0.00823686    0.00229763    0.01495249    0.01769203    0.02037310    0.00034693 
ksp              :   0.03382976    0.07469925    0.07469925    0.10000000    0.10000000    0.06580188    0.02560534    0.02560534    0.01000000 
max(|step|)      :   0.00000000    0.00294960    0.00408419    0.03267276    0.02774539    0.02857412    0.10000000    0.01164282    0.01949808    0.00084082 
angle (deg.)     :    52.6711  76.3212  110.1556  79.8364  39.5251  78.7133  36.6824  30.9114 
>
iteration       : 21
climbing        : no
zoom on         : no
nim             : 10
barrier         :   0.03780613 (image:  4) 
distance        :   0.00000000    8.87173059   12.88458939   16.88867418   19.70351423   22.27229983   25.68046274   32.74382164   39.52417602   58.91856620 
energy          : -2537.14379937  -2537.13378507  -2537.11656277  -2537.13065027  -2537.10599324  -2537.11998060  -2537.13340949  -2537.13736941  -2537.15256095  -2537.17943192 
max(|Fr_perp|)   :   0.00000000    0.00264029    0.00094169    0.00636521    0.00608053    0.00770142    0.00883142    0.01774423    0.01988843    0.00000000 
Fr_paral         :   0.00000000   -0.00458253    0.00107407    0.00711844    0.00681088    0.00355146    0.03906960    0.00361643    0.00282353    0.00000000 
max(|Fsp_paral|) :   0.00000000    0.00003444    0.00025367    0.00678727    0.00786774    0.01018284    0.00844410    0.02924611    0.00436929    0.00000000 
max(|Fsp_perp|)  :   0.00000000    0.00000000    0.00000000    0.00000000    0.00000000    0.00000000    0.00000000    0.00000000    0.00000000    0.00000000 
max(|FNEB|)      :   0.00000000    0.00268846    0.00099247    0.00775972    0.00606900    0.00994429    0.01550430    0.02593464    0.02013287    0.00000000 
max(|Force|)     :   0.00009233    0.00293820    0.00085856    0.00737054    0.00825057    0.00753204    0.02314207    0.01827112    0.02006248    0.00034693 
ksp              :   0.03383988    0.07483772    0.07483772    0.10000000    0.10000000    0.06670566    0.03476203    0.02533810    0.01000000 
max(|step|)      :   0.00000000    0.00630231    0.00232657    0.01819043    0.01422704    0.02331152    0.03634537    0.06079632    0.04719574    0.00000000 
angle (deg.)     :    52.7571  76.4075  109.6131  80.4933  38.9577  79.2932  36.0789  31.2820 
>
iteration       : 22
climbing        : no
zoom on         : no
nim             : 10
barrier         :   0.03761466 (image:  4) 
distance        :   0.00000000    8.87399798   12.88309628   16.88097549   19.70094305   22.25175410   25.75569028   32.64921796   39.62551642   58.97894343 
energy          : -2537.14379937  -2537.13378448  -2537.11659683  -2537.13070292  -2537.10618471  -2537.11998396  -2537.13556747  -2537.13449876  -2537.15130107  -2537.17943192 
max(|Fr_perp|)   :   0.00000000    0.00557216    0.00097613    0.00363123    0.00613924    0.00546393    0.01705426    0.03772696    0.04013751    0.00000000 
Fr_paral         :   0.00000000   -0.00451865    0.00110769    0.00749787    0.00640127    0.00366459    0.03144638    0.00395330    0.00306517    0.00000000 
max(|Fsp_paral|) :   0.00000000    0.00012942    0.00032367    0.00689076    0.00862362    0.00699095    0.00612283    0.00102513    0.00616170    0.00000000 
max(|Fsp_perp|)  :   0.00000000    0.00000000    0.00000000    0.00000000    0.00000000    0.00000000    0.00000000    0.00000000    0.00000000    0.00000000 
max(|FNEB|)      :   0.00000000    0.00555277    0.00099975    0.00792994    0.00694876    0.00665867    0.01721076    0.03750277    0.03941287    0.00000000 
max(|Force|)     :   0.00009233    0.00532279    0.00096614    0.00488919    0.00819017    0.00566681    0.01790458    0.03739497    0.04022238    0.00034693 
ksp              :   0.03396246    0.07508708    0.07508708    0.10000000    0.10000000    0.06698274    0.03225342    0.03225342    0.01000000 
max(|step|)      :   0.00000000    0.00360629    0.00097600    0.00772862    0.00661138    0.00725235    0.01133132    0.02570923    0.02540845    0.00003183 
angle (deg.)     :    52.7922  76.4438  109.3712  80.7832  38.8218  79.3841  36.0912  31.2957 
>
iteration       : 23
climbing        : no
zoom on         : no
nim             : 10
barrier         :   0.03754057 (image:  4) 
distance        :   0.00000000    8.87465758   12.88240370   16.87758593   19.69878666   22.25054185   25.76746257   32.65558716   39.62682015   58.99698504 
energy          : -2537.14379937  -2537.13382102  -2537.11661123  -2537.13069973  -2537.10625880  -2537.11998167  -2537.13587484  -2537.13730731  -2537.15319856  -2537.17943192 
max(|Fr_perp|)   :   0.00000000    0.00073539    0.00093696    0.00338291    0.00609982    0.00398348    0.00542149    0.00807533    0.00879171    0.00000000 
Fr_paral         :   0.00000000   -0.00454436    0.00111456    0.00769704    0.00627151    0.00373900    0.03189730    0.00435848    0.00338242    0.00000000 
max(|Fsp_paral|) :   0.00000000    0.00009538    0.00036260    0.00694748    0.00862921    0.00656696    0.01656771    0.00851080    0.00303790    0.00000000 
max(|Fsp_perp|)  :   0.00000000    0.00000000    0.00000000    0.00000000    0.00000000    0.00000000    0.00000000    0.00000000    0.00000000    0.00000000 
max(|FNEB|)      :   0.00000000    0.00074940    0.00100866    0.00798129    0.00710580    0.00622012    0.01419678    0.00982970    0.00922546    0.00000000 
max(|Force|)     :   0.00009233    0.00183906    0.00085984    0.00479400    0.00810832    0.00419386    0.01746145    0.00772019    0.00887840    0.00034693 
ksp              :   0.03392216    0.07518102    0.07518102    0.10000000    0.10000000    0.06710072    0.02899833    0.02556410    0.01000000 
max(|step|)      :   0.00000000    0.00386568    0.00340291    0.02632151    0.02225238    0.02577401    0.01947573    0.03800763    0.03047950    0.00051415 
angle (deg.)     :    52.9103  76.5685  108.5618  81.7796  38.4007  79.4798  35.8543  31.5463 
>
iteration       : 24
climbing        : no
zoom on         : no
nim             : 10
barrier         :   0.03723957 (image:  4) 
distance        :   0.00000000    8.87749508   12.87987670   16.86663445   19.69576699   22.24787209   25.80024221   32.60712693   39.67876919   59.04770912 
energy          : -2537.14379937  -2537.13383493  -2537.11665853  -2537.13064425  -2537.10655980  -2537.11983233  -2537.13548778  -2537.13558022  -2537.15228560  -2537.17943192 
max(|Fr_perp|)   :   0.00000000    0.00465447    0.00093968    0.00429325    0.00633849    0.00399461    0.01376686    0.03084052    0.03424867    0.00000000 
Fr_paral         :   0.00000000   -0.00453695    0.00114490    0.00839519    0.00555050    0.00384138    0.03073935    0.00358983    0.00382145    0.00000000 
max(|Fsp_paral|) :   0.00000000    0.00000282    0.00045163    0.00715510    0.00885113    0.00472475    0.01649196    0.00252945    0.00343307    0.00000000 
max(|Fsp_perp|)  :   0.00000000    0.00000000    0.00000000    0.00000000    0.00000000    0.00000000    0.00000000    0.00000000    0.00000000    0.00000000 
max(|FNEB|)      :   0.00000000    0.00465487    0.00102752    0.00822305    0.00786453    0.00427932    0.01395224    0.03134366    0.03476073    0.00000000 
max(|Force|)     :   0.00009233    0.00489438    0.00086442    0.00562182    0.00811190    0.00421175    0.01673254    0.03112336    0.03413684    0.00034693 
ksp              :   0.03408190    0.07559354    0.07559354    0.10000000    0.10000000    0.06792317    0.03008731    0.02986390    0.01000000 
max(|step|)      :   0.00000000    0.00170924    0.00258523    0.02019058    0.01768953    0.01724929    0.01252971    0.01388910    0.00701244    0.00030525 
angle (deg.)     :    53.0009  76.6641  107.9236  82.5715  38.1978  79.4519  35.8218  31.6388 
>
iteration       : 25
climbing        : no
zoom on         : no
nim             : 10
barrier         :   0.03694751 (image:  4) 
distance        :   0.00000000    8.87954507   12.87788602   16.85841154   19.69548876   22.25575083   25.82100300   32.60199241   39.69225860   59.08729695 
energy          : -2537.14379937  -2537.13386426  -2537.11669402  -2537.13059505  -2537.10685187  -2537.11977638  -2537.13500978  -2537.13619432  -2537.15271842  -2537.17943192 
max(|Fr_perp|)   :   0.00000000    0.00393220    0.00094339    0.00393476    0.00631034    0.00263997    0.01100125    0.02441360    0.02683182    0.00000000 
Fr_paral         :   0.00000000   -0.00452218    0.00117366    0.00895050    0.00483312    0.00392634    0.03116539    0.00342594    0.00399719    0.00000000 
max(|Fsp_paral|) :   0.00000000    0.00010656    0.00051656    0.00743417    0.00882017    0.00396174    0.01404565    0.00426634    0.00163232    0.00000000 
max(|Fsp_perp|)  :   0.00000000    0.00000000    0.00000000    0.00000000    0.00000000    0.00000000    0.00000000    0.00000000    0.00000000    0.00000000 
max(|FNEB|)      :   0.00000000    0.00391693    0.00104250    0.00847555    0.00836538    0.00348971    0.01172972    0.02413258    0.02707004    0.00000000 
max(|Force|)     :   0.00009233    0.00417140    0.00086757    0.00573807    0.00785032    0.00338801    0.01630670    0.02468378    0.02671709    0.00034693 
ksp              :   0.03420081    0.07602561    0.07602561    0.10000000    0.10000000    0.06851733    0.03141045    0.02852506    0.01000000 
max(|step|)      :   0.00000000    0.00843694    0.01289742    0.10000000    0.08755170    0.08561411    0.06210608    0.06915961    0.03413307    0.00275561 
angle (deg.)     :    53.4536  77.1530  104.9363  86.6744  37.6720  79.3462  35.7798  32.1122 
>
iteration       : 26
climbing        : no
zoom on         : no
nim             : 10
barrier         :   0.03507734 (image:  4) 
distance        :   0.00000000    8.88978225   12.86837738   16.82683448   19.74240822   22.35344592   25.98950998   32.64748233   39.83416247   59.35732006 
energy          : -2537.14379937  -2537.13399549  -2537.11686757  -2537.13002817  -2537.10872203  -2537.11926575  -2537.13202128  -2537.13706785  -2537.15324354  -2537.17943192 
max(|Fr_perp|)   :   0.00000000    0.00067737    0.00096150    0.00434960    0.00682534    0.00506545    0.00432996    0.00567002    0.00830993    0.00000000 
Fr_paral         :   0.00000000   -0.00444564    0.00131354    0.01211160    0.00219130    0.00406609    0.03278872    0.00212377    0.00481285    0.00000000 
max(|Fsp_paral|) :   0.00000000    0.00080941    0.00060262    0.00896808    0.00945005    0.00133484    0.00110583    0.02882912    0.00015818    0.00000000 
max(|Fsp_perp|)  :   0.00000000    0.00000000    0.00000000    0.00000000    0.00000000    0.00000000    0.00000000    0.00000000    0.00000000    0.00000000 
max(|FNEB|)      :   0.00000000    0.00074319    0.00106777    0.01005180    0.01055556    0.00530436    0.00527269    0.02438985    0.00830683    0.00000000 
max(|Force|)     :   0.00009233    0.00172674    0.00088408    0.00790489    0.00683431    0.00530129    0.01612515    0.00546035    0.00873274    0.00034693 
ksp              :   0.03515145    0.07909268    0.07909268    0.10000000    0.10000000    0.07294514    0.04022474    0.02727413    0.01000000 
max(|step|)      :   0.00000000    0.00304712    0.00437794    0.04121304    0.04327850    0.02174821    0.02161839    0.10000000    0.03405856    0.00000000 
angle (deg.)     :    53.5318  77.2881  103.5699  88.3014  38.1432  79.1522  34.3516  32.8850 
>
iteration       : 27
climbing        : no
zoom on         : no
nim             : 10
barrier         :   0.03366928 (image:  4) 
distance        :   0.00000000    8.89842145   12.85875950   16.79104205   19.72614847   22.46825043   26.09989829   32.47214303   39.89695052   59.43742903 
energy          : -2537.14379937  -2537.13398747  -2537.11691669  -2537.12959780  -2537.11013009  -2537.11939988  -2537.13248936  -2537.13525899  -2537.15257621  -2537.17943192 
max(|Fr_perp|)   :   0.00000000    0.00202332    0.00096149    0.00488553    0.00681909    0.01065188    0.01062851    0.02058232    0.03039692    0.00000000 
Fr_paral         :   0.00000000   -0.00454942    0.00134941    0.01192615    0.00084013    0.00377418    0.03002659    0.00510046    0.00223371    0.00000000 
max(|Fsp_paral|) :   0.00000000    0.00067445    0.00086950    0.01212554    0.00597539    0.00033793    0.00731486    0.00509223    0.00922605    0.00000000 
max(|Fsp_perp|)  :   0.00000000    0.00000000    0.00000000    0.00000000    0.00000000    0.00000000    0.00000000    0.00000000    0.00000000    0.00000000 
max(|FNEB|)      :   0.00000000    0.00212021    0.00110867    0.01155280    0.01003097    0.01059334    0.01221330    0.02154690    0.03168766    0.00000000 
max(|Force|)     :   0.00009233    0.00195757    0.00087501    0.00874714    0.00688748    0.01086576    0.01729860    0.02019253    0.03033728    0.00034693 
ksp              :   0.03622779    0.08185902    0.08185902    0.10000000    0.10000000    0.07522130    0.04023234    0.03282895    0.01000000 
max(|step|)      :   0.00000000    0.00368252    0.00550782    0.05336821    0.04870905    0.01013973    0.01568810    0.09284497    0.04197694    0.00100836 
angle (deg.)     :    53.6294  77.4628  102.0747  90.3951  38.7094  78.7706  33.5036  33.3744 
>
iteration       : 28
climbing        : no
zoom on         : no
nim             : 10
barrier         :   0.03197593 (image:  4) 
distance        :   0.00000000    8.90867021   12.84646461   16.74197594   19.73214793   22.60859754   26.20621284   32.34831837   39.89529291   59.52879280 
energy          : -2537.14379937  -2537.13398632  -2537.11697509  -2537.12881021  -2537.11182344  -2537.11975605  -2537.13235602  -2537.13495997  -2537.15274762  -2537.17943192 
max(|Fr_perp|)   :   0.00000000    0.00124251    0.00097637    0.00503355    0.00612446    0.00898075    0.00591417    0.01494042    0.02021011    0.00000000 
Fr_paral         :   0.00000000   -0.00466586    0.00140145    0.01382839    0.00047619    0.00365592    0.03243723    0.00518527    0.00161609    0.00000000 
max(|Fsp_paral|) :   0.00000000    0.00057054    0.00137648    0.01487239    0.00354657    0.00269391    0.00885741    0.00160926    0.01254270    0.00000000 
max(|Fsp_perp|)  :   0.00000000    0.00000000    0.00000000    0.00000000    0.00000000    0.00000000    0.00000000    0.00000000    0.00000000    0.00000000 
max(|FNEB|)      :   0.00000000    0.00116219    0.00143249    0.01269242    0.00669629    0.00850347    0.01183626    0.01462304    0.02277201    0.00000000 
max(|Force|)     :   0.00009233    0.00213888    0.00089186    0.00949735    0.00616147    0.00919333    0.01863482    0.01452742    0.02024669    0.00034693 
ksp              :   0.03761997    0.08550007    0.08550007    0.10000000    0.10000000    0.07767273    0.04220866    0.03487952    0.01000000 
max(|step|)      :   0.00000000    0.00419969    0.00642843    0.06245188    0.05386217    0.01074109    0.01928134    0.10000000    0.02647254    0.00163054 
angle (deg.)     :    53.7431  77.6780  100.5820  92.8119  39.3381  78.2944  32.7751  33.8166 
>
iteration       : 29
climbing        : no
zoom on         : no
nim             : 10
barrier         :   0.03064578 (image:  4) 
distance        :   0.00000000    8.92032509   12.83185873   16.68482260   19.76072514   22.77841414   26.33567745   32.24456468   39.88598291   59.64597787 
energy          : -2537.14379937  -2537.13398045  -2537.11703905  -2537.12763286  -2537.11315359  -2537.12016723  -2537.13157596  -2537.13426945  -2537.15182608  -2537.17943192 
max(|Fr_perp|)   :   0.00000000    0.00215815    0.00098962    0.00598900    0.00679961    0.00558208    0.00885480    0.02313590    0.03148869    0.00000000 
Fr_paral         :   0.00000000   -0.00477045    0.00149313    0.01561328    0.00079540    0.00355127    0.03532631    0.00422239    0.00149021    0.00000000 
max(|Fsp_paral|) :   0.00000000    0.00002886    0.00199707    0.01486477    0.00185566    0.00635009    0.00497466    0.00788958    0.01723944    0.00000000 
max(|Fsp_perp|)  :   0.00000000    0.00000000    0.00000000    0.00000000    0.00000000    0.00000000    0.00000000    0.00000000    0.00000000    0.00000000 
max(|FNEB|)      :   0.00000000    0.00217577    0.00195333    0.01214385    0.00734847    0.00664686    0.00892444    0.02178165    0.03435966    0.00000000 
max(|Force|)     :   0.00009233    0.00242667    0.00090717    0.01023577    0.00675807    0.00582104    0.01973324    0.02300825    0.03179728    0.00034693 
ksp              :   0.03883331    0.08858082    0.08858082    0.10000000    0.10000000    0.07939766    0.04589493    0.03805173    0.01000000 
max(|step|)      :   0.00000000    0.00504473    0.00452898    0.02815661    0.01703809    0.01541134    0.02069211    0.05050271    0.07966594    0.00000000 
angle (deg.)     :    53.7924  77.7768  100.0983  93.3901  39.1235  78.2227  33.4131  33.3554 
>
iteration       : 30
climbing        : no
zoom on         : no
nim             : 10
barrier         :   0.02998671 (image:  4) 
distance        :   0.00000000    8.92279791   12.82346954   16.64261457   19.76809559   22.75218011   26.31752641   32.28369924   39.68481158   59.62223236 
energy          : -2537.14379937  -2537.13398673  -2537.11705081  -2537.12688817  -2537.11381266  -2537.12022179  -2537.13070988  -2537.13326510  -2537.14750854  -2537.17943192 
max(|Fr_perp|)   :   0.00000000    0.00448104    0.00143100    0.00468184    0.00524753    0.00295027    0.01878151    0.04942684    0.07431029    0.00000000 
Fr_paral         :   0.00000000   -0.00467123    0.00156695    0.01512848    0.00092747    0.00376361    0.03615049    0.00112304    0.00416086    0.00000000 
max(|Fsp_paral|) :   0.00000000    0.00005372    0.00285037    0.01426633    0.00453287    0.00342989    0.00268535    0.00558094    0.02072814    0.00000000 
max(|Fsp_perp|)  :   0.00000000    0.00000000    0.00000000    0.00000000    0.00000000    0.00000000    0.00000000    0.00000000    0.00000000    0.00000000 
max(|FNEB|)      :   0.00000000    0.00448874    0.00273207    0.01258243    0.00757085    0.00312270    0.01873619    0.05046166    0.07720479    0.00000000 
max(|Force|)     :   0.00009233    0.00423220    0.00143320    0.01059607    0.00522866    0.00314812    0.01851275    0.04951007    0.07419943    0.00034693 
ksp              :   0.03945095    0.09028123    0.09028123    0.10000000    0.10000000    0.08076407    0.04928588    0.04161681    0.01000000 
max(|step|)      :   0.00000000    0.00159822    0.00522662    0.02959999    0.01462449    0.01260195    0.00890115    0.03439312    0.04090235    0.00158399 
angle (deg.)     :    53.8354  77.8908  99.6263  94.0514  38.9973  78.2137  34.0176  32.9465 
>
iteration       : 31
climbing        : no
zoom on         : no
nim             : 10
barrier         :   0.02971492 (image:  4) 
distance        :   0.00000000    8.92530458   12.81375156   16.60105778   19.77817581   22.74016778   26.32180048   32.34186319   39.48368553   59.62029370 
energy          : -2537.14379937  -2537.13400274  -2537.11706077  -2537.12603403  -2537.11408445  -2537.12001710  -2537.13022403  -2537.13254826  -2537.14619090  -2537.17943192 
max(|Fr_perp|)   :   0.00000000    0.00491261    0.00163134    0.00583317    0.00871569    0.00731299    0.02001006    0.05129081    0.07229375    0.00000000 
Fr_paral         :   0.00000000   -0.00460983    0.00164247    0.01520403    0.00110128    0.00377746    0.03613583   -0.00104717    0.00608305    0.00000000 
max(|Fsp_paral|) :   0.00000000    0.00010836    0.00359571    0.01182380    0.00695353    0.00078332    0.00610760    0.00279873    0.02216215    0.00000000 
max(|Fsp_perp|)  :   0.00000000    0.00000000    0.00000000    0.00000000    0.00000000    0.00000000    0.00000000    0.00000000    0.00000000    0.00000000 
max(|FNEB|)      :   0.00000000    0.00489705    0.00346892    0.01145468    0.00939248    0.00733074    0.01990174    0.05181153    0.07529408    0.00000000 
max(|Force|)     :   0.00009233    0.00466663    0.00163683    0.01077616    0.00869302    0.00750422    0.01972886    0.05121364    0.07213284    0.00034693 
ksp              :   0.03967185    0.09098537    0.09098537    0.10000000    0.10000000    0.08203130    0.05111674    0.04407715    0.01000000 
max(|step|)      :   0.00000000    0.00387354    0.01380573    0.07049876    0.03847790    0.02599541    0.01754474    0.06996209    0.10000000    0.00427166 
angle (deg.)     :    53.9325  78.1970  98.6841  95.6608  38.8963  78.2233  35.3902  32.0971 
>
iteration       : 32
climbing        : no
zoom on         : no
nim             : 10
barrier         :   0.02935823 (image:  4) 
distance        :   0.00000000    8.93094120   12.78884620   16.51193540   19.81495917   22.74949203   26.37420260   32.51408598   39.02081964   59.65836744 
energy          : -2537.14379937  -2537.13405315  -2537.11708006  -2537.12400701  -2537.11444114  -2537.11944879  -2537.12956366  -2537.12929388  -2537.14123667  -2537.17943192 
max(|Fr_perp|)   :   0.00000000    0.00483623    0.00178473    0.00842877    0.01496850    0.01325977    0.01959783    0.05113504    0.07073750    0.00000000 
Fr_paral         :   0.00000000   -0.00448053    0.00181807    0.01549156    0.00157706    0.00367085    0.03494130   -0.00520319    0.00786526    0.00000000 
max(|Fsp_paral|) :   0.00000000    0.00059091    0.00493101    0.00508965    0.01211818    0.00434397    0.01288304    0.00772870    0.00387722    0.00000000 
max(|Fsp_perp|)  :   0.00000000    0.00000000    0.00000000    0.00000000    0.00000000    0.00000000    0.00000000    0.00000000    0.00000000    0.00000000 
max(|FNEB|)      :   0.00000000    0.00478634    0.00477633    0.00979087    0.01619153    0.01369797    0.01960691    0.05298519    0.07081054    0.00000000 
max(|Force|)     :   0.00009233    0.00463214    0.00180891    0.01073955    0.01515638    0.01322774    0.02095269    0.05112232    0.07110730    0.00034693 
ksp              :   0.03987231    0.09189192    0.09189192    0.10000000    0.10000000    0.08464791    0.05465287    0.05465287    0.01814913 
max(|step|)      :   0.00000000    0.00407840    0.00406987    0.00834272    0.01379667    0.01167192    0.01670688    0.04514823    0.06033706    0.00000000 
angle (deg.)     :    53.9247  78.2749  98.4121  95.9443  39.0659  78.3043  35.1472  32.2558 
>
iteration       : 33
climbing        : no
zoom on         : no
nim             : 10
barrier         :   0.02853760 (image:  4) 
distance        :   0.00000000    8.93079051   12.78332330   16.51175676   19.81082108   22.78425628   26.42380780   32.57827223   39.07971048   59.71319816 
energy          : -2537.14379937  -2537.13408793  -2537.11707474  -2537.12411033  -2537.11526177  -2537.12011036  -2537.13136490  -2537.13492820  -2537.14850155  -2537.17943192 
max(|Fr_perp|)   :   0.00000000    0.00073713    0.00094724    0.00454497    0.00809629    0.00499411    0.00417675    0.01985868    0.01826659    0.00000000 
Fr_paral         :   0.00000000   -0.00451590    0.00180287    0.01611676    0.00123074    0.00401356    0.03313596   -0.00282062    0.00613440    0.00000000 
max(|Fsp_paral|) :   0.00000000    0.00014563    0.00465467    0.00954513    0.01074397    0.00355863    0.00236094    0.02181524    0.00814713    0.00000000 
max(|Fsp_perp|)  :   0.00000000    0.00000000    0.00000000    0.00000000    0.00000000    0.00000000    0.00000000    0.00000000    0.00000000    0.00000000 
max(|FNEB|)      :   0.00000000    0.00071676    0.00447053    0.00817810    0.01167457    0.00557063    0.00422415    0.02976041    0.02175285    0.00000000 
max(|Force|)     :   0.00009233    0.00162576    0.00090227    0.01058816    0.00802532    0.00520526    0.01640350    0.02027572    0.01773948    0.00034693 
ksp              :   0.04062729    0.09428238    0.09428238    0.10000000    0.10000000    0.08470886    0.04921500    0.03797731    0.01000000 
max(|step|)      :   0.00000000    0.00056875    0.00403037    0.00709805    0.01063603    0.00659485    0.00559985    0.02376338    0.01805925    0.00008858 
angle (deg.)     :    53.9130  78.3587  98.1138  96.2501  39.2722  78.1829  34.7105  32.4136 
>
iteration       : 34
climbing        : no
zoom on         : no
nim             : 10
barrier         :   0.02824455 (image:  4) 
distance        :   0.00000000    8.93148399   12.77729610   16.50552117   19.80506348   22.81452098   26.44787767   32.57000610   39.07007269   59.72993414 
energy          : -2537.14379937  -2537.13409449  -2537.11706790  -2537.12400638  -2537.11555482  -2537.12034089  -2537.13158556  -2537.13610224  -2537.14916014  -2537.17943192 
max(|Fr_perp|)   :   0.00000000    0.00148852    0.00095457    0.00466511    0.00490909    0.00256137    0.00559979    0.01509404    0.01991281    0.00000000 
Fr_paral         :   0.00000000   -0.00453347    0.00180859    0.01624506    0.00115497    0.00404557    0.03285810   -0.00122959    0.00502095    0.00000000 
max(|Fsp_paral|) :   0.00000000    0.00019502    0.00445757    0.01107668    0.00959455    0.00226066    0.00369233    0.02937558    0.00351099    0.00000000 
max(|Fsp_perp|)  :   0.00000000    0.00000000    0.00000000    0.00000000    0.00000000    0.00000000    0.00000000    0.00000000    0.00000000    0.00000000 
max(|FNEB|)      :   0.00000000    0.00146131    0.00425463    0.00808704    0.01071208    0.00312417    0.00557979    0.03217518    0.02144860    0.00000000 
max(|Force|)     :   0.00009233    0.00172321    0.00092328    0.01048999    0.00467805    0.00241070    0.01537472    0.01500614    0.01948024    0.00034693 
ksp              :   0.04092418    0.09517866    0.09517866    0.10000000    0.10000000    0.08474941    0.04891875    0.03452656    0.01000000 
max(|step|)      :   0.00000000    0.00243746    0.01686070    0.03013471    0.04360680    0.01873412    0.01627267    0.10000000    0.05439834    0.00210298 
angle (deg.)     :    53.8683  78.7209  96.8513  97.6183  40.1777  77.6707  33.0058  33.2595 
>
iteration       : 35
climbing        : no
zoom on         : no
nim             : 10
barrier         :   0.02824207 (image:  4) 
distance        :   0.00000000    8.93473228   12.75221057   16.47291306   19.78584443   22.93589322   26.54313375   32.48580907   39.07557878   59.80488290 
energy          : -2537.14379937  -2537.13412252  -2537.11704033  -2537.12329773  -2537.11555730  -2537.12027870  -2537.13158464  -2537.13497972  -2537.14848158  -2537.17943192 
max(|Fr_perp|)   :   0.00000000    0.00221683    0.00098024    0.00801448    0.01195156    0.01075420    0.01446932    0.02133295    0.02275348    0.00000000 
Fr_paral         :   0.00000000   -0.00459291    0.00182137    0.01619147    0.00136926    0.00348954    0.03194043    0.00359505    0.00085525    0.00000000 
max(|Fsp_paral|) :   0.00000000    0.00043960    0.00370013    0.01022961    0.00541325    0.00274549    0.00694179    0.01552529    0.00832234    0.00000000 
max(|Fsp_perp|)  :   0.00000000    0.00000000    0.00000000    0.00000000    0.00000000    0.00000000    0.00000000    0.00000000    0.00000000    0.00000000 
max(|FNEB|)      :   0.00000000    0.00230685    0.00345352    0.00817167    0.01311379    0.01026097    0.01331083    0.02465016    0.02205218    0.00000000 
max(|Force|)     :   0.00009233    0.00248270    0.00097753    0.01005522    0.01193267    0.01103128    0.01830791    0.02126778    0.02300848    0.00034693 
ksp              :   0.04083014    0.09525175    0.09525175    0.10000000    0.10000000    0.08495023    0.04892527    0.03819063    0.01000000 
max(|step|)      :   0.00000000    0.00414611    0.00620700    0.01468693    0.02356940    0.01844203    0.02392354    0.04430371    0.03963436    0.00000000 
angle (deg.)     :    53.8751  78.8552  96.3676  98.0240  40.2683  77.5325  32.9765  33.2106 
>
iteration       : 36
climbing        : no
zoom on         : no
nim             : 10
barrier         :   0.02756741 (image:  4) 
distance        :   0.00000000    8.93513969   12.74409401   16.45326161   19.78117124   22.93974472   26.53016709   32.41313208   38.99145598   59.78439265 
energy          : -2537.14379937  -2537.13414221  -2537.11703370  -2537.12301063  -2537.11623196  -2537.12072364  -2537.13091003  -2537.13580815  -2537.14880581  -2537.17943192 
max(|Fr_perp|)   :   0.00000000    0.00313056    0.00113727    0.00507877    0.00493320    0.00195268    0.01325329    0.02820217    0.03290092    0.00000000 
Fr_paral         :   0.00000000   -0.00451850    0.00184361    0.01480727    0.00167805    0.00374876    0.03433406    0.00177433    0.00343408    0.00000000 
max(|Fsp_paral|) :   0.00000000    0.00004889    0.00390836    0.01281251    0.00566160    0.00300391    0.00000275    0.02726120    0.00563073    0.00000000 
max(|Fsp_perp|)  :   0.00000000    0.00000000    0.00000000    0.00000000    0.00000000    0.00000000    0.00000000    0.00000000    0.00000000    0.00000000 
max(|FNEB|)      :   0.00000000    0.00312355    0.00365893    0.00960930    0.00819932    0.00285812    0.01325389    0.03338294    0.03357666    0.00000000 
max(|Force|)     :   0.00009233    0.00289128    0.00116151    0.00987938    0.00492515    0.00231558    0.01743007    0.02809861    0.03282220    0.00034693 
ksp              :   0.04152795    0.09738254    0.09738254    0.10000000    0.10000000    0.08533590    0.05208015    0.03608914    0.01000000 
max(|step|)      :   0.00000000    0.00104491    0.00619108    0.01468693    0.01358944    0.00808938    0.00838110    0.04609454    0.02224299    0.00038332 
angle (deg.)     :    53.8732  78.9953  95.9042  98.4771  40.3645  77.4721  32.7899  33.3023 
>
iteration       : 37
climbing        : no
zoom on         : no
nim             : 10
barrier         :   0.02757636 (image:  4) 
distance        :   0.00000000    8.93597178   12.73571289   16.43125646   19.77791012   22.94516854   26.53280625   32.33068262   38.92946424   59.77796441 
energy          : -2537.14379937  -2537.13416469  -2537.11702671  -2537.12255791  -2537.11622301  -2537.12057997  -2537.13042367  -2537.13624032  -2537.14901903  -2537.17943192 
max(|Fr_perp|)   :   0.00000000    0.00238280    0.00107118    0.00702141    0.00919503    0.00730599    0.01621613    0.02043517    0.02371427    0.00000000 
Fr_paral         :   0.00000000   -0.00449595    0.00186914    0.01457262    0.00188009    0.00368864    0.03545350    0.00081140    0.00489653    0.00000000 
max(|Fsp_paral|) :   0.00000000    0.00012482    0.00409674    0.01132637    0.00600242    0.00283053    0.00147399    0.03235655    0.00396777    0.00000000 
max(|Fsp_perp|)  :   0.00000000    0.00000000    0.00000000    0.00000000    0.00000000    0.00000000    0.00000000    0.00000000    0.00000000    0.00000000 
max(|FNEB|)      :   0.00000000    0.00236493    0.00384804    0.00971354    0.00898780    0.00766057    0.01588866    0.03272141    0.02415711    0.00000000 
max(|Force|)     :   0.00009233    0.00216944    0.00109763    0.00960119    0.00933736    0.00751184    0.01716294    0.02049619    0.02360743    0.00034693 
ksp              :   0.04144438    0.09737701    0.09737701    0.10000000    0.10000000    0.08578037    0.05365382    0.03467020    0.01000000 
max(|step|)      :   0.00000000    0.00218326    0.01322491    0.02969514    0.02892225    0.01058208    0.01220573    0.10000000    0.03422512    0.00084443 
angle (deg.)     :    53.8691  79.2982  94.9937  99.4159  40.5824  77.3396  32.3078  33.6120 
>
iteration       : 38
climbing        : no
zoom on         : no
nim             : 10
barrier         :   0.02768784 (image:  4) 
distance        :   0.00000000    8.93763424   12.71830285   16.38890987   19.77652302   22.96422228   26.55027435   32.15337606   38.81892513   59.77762062 
energy          : -2537.14379937  -2537.13420851  -2537.11701071  -2537.12166396  -2537.11611153  -2537.12007888  -2537.12956444  -2537.13563962  -2537.14761243  -2537.17943192 
max(|Fr_perp|)   :   0.00000000    0.00127249    0.00097794    0.00880755    0.01478811    0.01499774    0.01752162    0.01723121    0.02927383    0.00000000 
Fr_paral         :   0.00000000   -0.00445166    0.00193110    0.01425526    0.00222509    0.00343665    0.03715348   -0.00102175    0.00706906    0.00000000 
max(|Fsp_paral|) :   0.00000000    0.00037602    0.00433872    0.00775632    0.00667473    0.00200107    0.00132035    0.02784027    0.00702835    0.00000000 
max(|Fsp_perp|)  :   0.00000000    0.00000000    0.00000000    0.00000000    0.00000000    0.00000000    0.00000000    0.00000000    0.00000000    0.00000000 
max(|FNEB|)      :   0.00000000    0.00124910    0.00408031    0.01071942    0.01370363    0.01559853    0.01734916    0.02673500    0.02655302    0.00000000 
max(|Force|)     :   0.00009233    0.00164029    0.00104455    0.00896037    0.01500089    0.01485485    0.02053651    0.01736289    0.03002102    0.00034693 
ksp              :   0.04116326    0.09704202    0.09704202    0.10000000    0.10000000    0.08709978    0.05628398    0.03657358    0.01000000 
max(|step|)      :   0.00000000    0.00281582    0.00919813    0.02416450    0.03089173    0.03516335    0.03910977    0.06026801    0.05985778    0.00000000 
angle (deg.)     :    53.8484  79.5179  94.4399  99.9568  40.6510  77.1990  31.2904  34.1518 
>
iteration       : 39
climbing        : no
zoom on         : no
nim             : 10
barrier         :   0.02704141 (image:  4) 
distance        :   0.00000000    8.93810869   12.70781847   16.37676195   19.77437681   22.98582989   26.58762670   32.03425235   38.75689130   59.79649300 
energy          : -2537.14379937  -2537.13423071  -2537.11699303  -2537.12137808  -2537.11675796  -2537.12065994  -2537.12999744  -2537.13601694  -2537.14855498  -2537.17943192 
max(|Fr_perp|)   :   0.00000000    0.00289404    0.00098454    0.01016756    0.01129360    0.00906540    0.02304351    0.02046421    0.02313841    0.00000000 
Fr_paral         :   0.00000000   -0.00447292    0.00194542    0.01530169    0.00152907    0.00386214    0.03557091    0.00041366    0.00323198    0.00000000 
max(|Fsp_paral|) :   0.00000000    0.00000322    0.00406942    0.01104085    0.00623133    0.00240443    0.00385213    0.02470860    0.00661744    0.00000000 
max(|Fsp_perp|)  :   0.00000000    0.00000000    0.00000000    0.00000000    0.00000000    0.00000000    0.00000000    0.00000000    0.00000000    0.00000000 
max(|FNEB|)      :   0.00000000    0.00289449    0.00377180    0.01069021    0.01271249    0.00852750    0.02226527    0.02631676    0.02300902    0.00000000 
max(|Force|)     :   0.00009233    0.00312481    0.00108947    0.01175087    0.01117705    0.00933376    0.02621016    0.02043186    0.02319821    0.00034693 
ksp              :   0.04184671    0.09921762    0.09921762    0.10000000    0.10000000    0.08701333    0.05593598    0.03590171    0.01000000 
max(|step|)      :   0.00000000    0.00213474    0.00960507    0.01788173    0.01936239    0.00826242    0.01056142    0.06149578    0.02341135    0.00090992 
angle (deg.)     :    53.8252  79.7522  93.7341  100.4836  40.8617  76.9807  30.4747  34.6013 
>
iteration       : 40
climbing        : no
zoom on         : no
nim             : 10
barrier         :   0.02700140 (image:  4) 
distance        :   0.00000000    8.93944623   12.69661165   16.35319393   19.76178656   22.99327988   26.60089931   31.89172938   38.67747096   59.79365950 
energy          : -2537.14379937  -2537.13426151  -2537.11697624  -2537.12100800  -2537.11679797  -2537.12035161  -2537.13021873  -2537.13649985  -2537.14845133  -2537.17943192 
max(|Fr_perp|)   :   0.00000000    0.00056881    0.00098683    0.00835637    0.01317378    0.01379557    0.01284338    0.01209151    0.01847035    0.00000000 
Fr_paral         :   0.00000000   -0.00447374    0.00196961    0.01447453    0.00165811    0.00366836    0.03462827    0.00130679    0.00184489    0.00000000 
max(|Fsp_paral|) :   0.00000000    0.00003892    0.00407554    0.01029663    0.00600290    0.00157757    0.01127258    0.02320869    0.00480470    0.00000000 
max(|Fsp_perp|)  :   0.00000000    0.00000000    0.00000000    0.00000000    0.00000000    0.00000000    0.00000000    0.00000000    0.00000000    0.00000000 
max(|FNEB|)      :   0.00000000    0.00056814    0.00374854    0.00857984    0.01384498    0.01344671    0.01511967    0.02885088    0.02065615    0.00000000 
max(|Force|)     :   0.00009233    0.00164770    0.00112984    0.00983865    0.01311093    0.01404557    0.01949557    0.01215629    0.01828534    0.00034693 
ksp              :   0.04179122    0.09940581    0.09940581    0.10000000    0.10000000    0.08815515    0.05526645    0.03433046    0.01000000 
max(|step|)      :   0.00000000    0.00219148    0.01497579    0.02776151    0.02980135    0.00892263    0.01131169    0.10000000    0.02771164    0.00160156 
angle (deg.)     :    53.7906  80.1204  92.6641  101.2922  41.2484  76.4489  29.4088  35.2472 
>
iteration       : 41
climbing        : no
zoom on         : no
nim             : 10
barrier         :   0.02685032 (image:  2) 
distance        :   0.00000000    8.94157825   12.67957805   16.31784104   19.74661343   23.01179205   26.60236452   31.66077230   38.55847501   59.78185537 
energy          : -2537.14379937  -2537.13429814  -2537.11694905  -2537.12044309  -2537.11726498  -2537.12030266  -2537.12941076  -2537.13626666  -2537.14757197  -2537.17943192 
max(|Fr_perp|)   :   0.00000000    0.00055153    0.00098647    0.00500683    0.01310358    0.01502363    0.00787396    0.01685235    0.02317979    0.00000000 
Fr_paral         :   0.00000000   -0.00446986    0.00201410    0.01308108    0.00188251    0.00356472    0.03597531    0.00133722    0.00064761    0.00000000 
max(|Fsp_paral|) :   0.00000000    0.00014193    0.00407329    0.01131391    0.00572383    0.00133153    0.01070223    0.01988185    0.00720380    0.00000000 
max(|Fsp_perp|)  :   0.00000000    0.00000000    0.00000000    0.00000000    0.00000000    0.00000000    0.00000000    0.00000000    0.00000000    0.00000000 
max(|FNEB|)      :   0.00000000    0.00055089    0.00370044    0.00973245    0.01359599    0.01480601    0.01499506    0.02936959    0.02654592    0.00000000 
max(|Force|)     :   0.00009233    0.00166052    0.00119263    0.00763705    0.01314684    0.01535346    0.02085068    0.01701134    0.02322429    0.00034693 
ksp              :   0.04184771    0.10000000    0.10000000    0.09897310    0.09897310    0.08878959    0.05821589    0.03530559    0.01000000 
max(|step|)      :   0.00000000    0.00181063    0.01216239    0.03198802    0.04468648    0.04866350    0.04928488    0.09653023    0.08724955    0.00000000 
angle (deg.)     :    53.7555  80.4277  91.5279  101.8498  41.8132  75.8712  29.3822  35.3208 
>
iteration       : 42
climbing        : no
zoom on         : no
nim             : 10
barrier         :   0.02687421 (image:  2) 
distance        :   0.00000000    8.94368398   12.66660896   16.27069371   19.71255624   22.99949415   26.52110368   31.44063566   38.39957235   59.70271654 
energy          : -2537.14379937  -2537.13432656  -2537.11692516  -2537.11974631  -2537.11701108  -2537.12023065  -2537.12624876  -2537.13722265  -2537.14792354  -2537.17943192 
max(|Fr_perp|)   :   0.00000000    0.00110163    0.00096730    0.01031793    0.01890221    0.01780334    0.01183015    0.01505993    0.02043218    0.00000000 
Fr_paral         :   0.00000000   -0.00442325    0.00208334    0.01174286    0.00310351    0.00340330    0.04233850   -0.00100151    0.00572334    0.00000000 
max(|Fsp_paral|) :   0.00000000    0.00031687    0.00485768    0.00788466    0.00566259    0.00433439    0.01115949    0.04453169    0.00231955    0.00000000 
max(|Fsp_perp|)  :   0.00000000    0.00000000    0.00000000    0.00000000    0.00000000    0.00000000    0.00000000    0.00000000    0.00000000    0.00000000 
max(|FNEB|)      :   0.00000000    0.00114725    0.00448331    0.01200519    0.01778354    0.01904035    0.01863488    0.04475326    0.01953330    0.00000000 
max(|Force|)     :   0.00009233    0.00161324    0.00122594    0.00916684    0.01913537    0.01751442    0.02349440    0.01511325    0.02095562    0.00034693 
ksp              :   0.04172382    0.10000000    0.10000000    0.09971226    0.09971226    0.08893012    0.06877586    0.03202501    0.01000000 
max(|step|)      :   0.00000000    0.00161191    0.01162667    0.02629965    0.02038995    0.01528394    0.01598023    0.10000000    0.03956258    0.00039982 
angle (deg.)     :    53.7200  80.7282  90.6051  102.3355  42.2501  75.6894  29.1215  35.6576 
>
iteration       : 43
climbing        : no
zoom on         : no
nim             : 10
barrier         :   0.02775836 (image:  4) 
distance        :   0.00000000    8.94532566   12.65506695   16.23628559   19.69114545   22.99033021   26.49812031   31.23028572   38.30814283   59.67385968 
energy          : -2537.14379937  -2537.13435422  -2537.11689922  -2537.11918169  -2537.11604101  -2537.11870413  -2537.12473998  -2537.13561699  -2537.14493002  -2537.17943192 
max(|Fr_perp|)   :   0.00000000    0.00088085    0.00095447    0.01165140    0.02541344    0.03069250    0.01721889    0.02777674    0.04461072    0.00000000 
Fr_paral         :   0.00000000   -0.00439175    0.00213605    0.01124684    0.00314012    0.00246479    0.04349391   -0.00262053    0.00823060    0.00000000 
max(|Fsp_paral|) :   0.00000000    0.00100966    0.00509969    0.00103886    0.00552133    0.00275698    0.00852272    0.03074142    0.01101757    0.00000000 
max(|Fsp_perp|)  :   0.00000000    0.00000000    0.00000000    0.00000000    0.00000000    0.00000000    0.00000000    0.00000000    0.00000000    0.00000000 
max(|FNEB|)      :   0.00000000    0.00103559    0.00471281    0.01195771    0.02496864    0.03171442    0.02259609    0.03254506    0.04088121    0.00000000 
max(|Force|)     :   0.00009233    0.00157544    0.00126327    0.01058864    0.02564129    0.03063437    0.02929144    0.02800661    0.04550058    0.00034693 
ksp              :   0.04059803    0.09714286    0.09714286    0.10000000    0.10000000    0.09136724    0.07179366    0.03658152    0.01000000 
max(|step|)      :   0.00000000    0.00207177    0.00942835    0.02392235    0.04995177    0.06344725    0.04520529    0.06510901    0.08178614    0.00000000 
angle (deg.)     :    53.6962  80.9774  90.1916  102.5999  42.1324  75.8990  28.2109  36.1627 
>
iteration       : 44
climbing        : no
zoom on         : no
nim             : 10
barrier         :   0.02692651 (image:  2) 
distance        :   0.00000000    8.94368064   12.64897825   16.25258630   19.69950254   23.00771687   26.56350818   31.13221822   38.25738911   59.71329607 
energy          : -2537.14379937  -2537.13439256  -2537.11687286  -2537.11943717  -2537.11787944  -2537.12077152  -2537.12747479  -2537.13853648  -2537.14826258  -2537.17943192 
max(|Fr_perp|)   :   0.00000000    0.00113533    0.00096219    0.00924273    0.01595945    0.01492342    0.01216421    0.01317401    0.01127563    0.00000000 
Fr_paral         :   0.00000000   -0.00436095    0.00209824    0.01060718    0.00171582    0.00379694    0.03862927   -0.00081717    0.00344551    0.00000000 
max(|Fsp_paral|) :   0.00000000    0.00003996    0.00414740    0.01283037    0.00492527    0.00306958    0.00628469    0.03746421    0.00451524    0.00000000 
max(|Fsp_perp|)  :   0.00000000    0.00000000    0.00000000    0.00000000    0.00000000    0.00000000    0.00000000    0.00000000    0.00000000    0.00000000 
max(|FNEB|)      :   0.00000000    0.00112948    0.00369877    0.01228671    0.01694618    0.01415315    0.01149916    0.03786058    0.01104365    0.00000000 
max(|Force|)     :   0.00009233    0.00148848    0.00130439    0.01013967    0.01583313    0.01520336    0.02098057    0.01324254    0.01121522    0.00034693 
ksp              :   0.04144160    0.10000000    0.10000000    0.09663560    0.09663560    0.08696902    0.06456378    0.02759084    0.01000000 
max(|step|)      :   0.00000000    0.00118183    0.00873468    0.01645897    0.01312885    0.00918394    0.00885930    0.07096024    0.02579468    0.00093244 
angle (deg.)     :    53.6659  81.2027  89.3871  102.8369  42.2921  75.6891  27.4586  36.7130 
>
iteration       : 45
climbing        : no
zoom on         : no
nim             : 10
barrier         :   0.02694870 (image:  2) 
distance        :   0.00000000    8.94399430   12.64172835   16.23268848   19.67374833   22.97794478   26.54603322   30.92703756   38.21383200   59.69056978 
energy          : -2537.14379937  -2537.13441868  -2537.11685067  -2537.11932271  -2537.11808810  -2537.12030891  -2537.12753561  -2537.13870473  -2537.14763459  -2537.17943192 
max(|Fr_perp|)   :   0.00000000    0.00050583    0.00096100    0.00524010    0.01462048    0.01816016    0.00965687    0.01293050    0.02068503    0.00000000 
Fr_paral         :   0.00000000   -0.00436344    0.00209802    0.00939140    0.00185455    0.00359572    0.03719037   -0.00003767    0.00166033    0.00000000 
max(|Fsp_paral|) :   0.00000000    0.00004734    0.00434921    0.01368929    0.00484033    0.00034003    0.01486003    0.03232887    0.00460707    0.00000000 
max(|Fsp_perp|)  :   0.00000000    0.00000000    0.00000000    0.00000000    0.00000000    0.00000000    0.00000000    0.00000000    0.00000000    0.00000000 
max(|FNEB|)      :   0.00000000    0.00050469    0.00387260    0.01299625    0.01522069    0.01807561    0.01947492    0.03642571    0.01878708    0.00000000 
max(|Force|)     :   0.00009233    0.00147902    0.00133119    0.00598341    0.01467321    0.01842108    0.02193332    0.01292877    0.02050917    0.00034693 
ksp              :   0.04132850    0.10000000    0.10000000    0.09586738    0.09586738    0.08845058    0.06431573    0.02701446    0.01000000 
max(|step|)      :   0.00000000    0.00164689    0.01261042    0.02547080    0.01852597    0.00690161    0.00968881    0.10000000    0.01414698    0.00051494 
angle (deg.)     :    53.6202  81.5278  88.1467  103.2070  42.6801  75.0477  26.6592  37.3842 
>
iteration       : 46
climbing        : no
zoom on         : no
nim             : 10
barrier         :   0.02698140 (image:  2) 
distance        :   0.00000000    8.94481580   12.63128251   16.19968157   19.63361854   22.94525984   26.48980684   30.62913442   38.14095511   59.63893914 
energy          : -2537.14379937  -2537.13445147  -2537.11681797  -2537.11908749  -2537.11851355  -2537.12029393  -2537.12648746  -2537.13877283  -2537.14699316  -2537.17943192 
max(|Fr_perp|)   :   0.00000000    0.00049125    0.00095607    0.00521493    0.01389782    0.01859926    0.00902609    0.01805071    0.02644111    0.00000000 
Fr_paral         :   0.00000000   -0.00435232    0.00211755    0.00740310    0.00187269    0.00350994    0.03870603   -0.00005413    0.00044007    0.00000000 
max(|Fsp_paral|) :   0.00000000    0.00010100    0.00480765    0.01477523    0.00442765    0.00026630    0.01458339    0.03005046    0.00357652    0.00000000 
max(|Fsp_perp|)  :   0.00000000    0.00000000    0.00000000    0.00000000    0.00000000    0.00000000    0.00000000    0.00000000    0.00000000    0.00000000 
max(|FNEB|)      :   0.00000000    0.00048811    0.00428237    0.01392666    0.01332323    0.01875166    0.01870895    0.03635627    0.02506477    0.00000000 
max(|Force|)     :   0.00009233    0.00147138    0.00138127    0.00525474    0.01408514    0.01893935    0.02252477    0.01814653    0.02649749    0.00034693 
ksp              :   0.04118144    0.10000000    0.10000000    0.09437584    0.09437584    0.08844214    0.06772655    0.02681338    0.01000000 
max(|step|)      :   0.00000000    0.00134257    0.01177890    0.03830609    0.03664631    0.05157751    0.05146005    0.10000000    0.06894208    0.00000000 
angle (deg.)     :    53.5524  81.8162  86.2650  103.4789  43.3299  73.9536  26.4852  37.7451 
>
iteration       : 47
climbing        : no
zoom on         : no
nim             : 10
barrier         :   0.02701349 (image:  2) 
distance        :   0.00000000    8.94757311   12.62011842   16.12904508   19.54464540   22.86191653   26.31354184   30.26838863   38.02480606   59.48843247 
energy          : -2537.14379937  -2537.13446582  -2537.11678588  -2537.11875464  -2537.11869961  -2537.12089302  -2537.12280277  -2537.14003439  -2537.14863826  -2537.17943192 
max(|Fr_perp|)   :   0.00000000    0.00094021    0.00094052    0.00853991    0.01573567    0.01454500    0.01056608    0.01285741    0.00971788    0.00000000 
Fr_paral         :   0.00000000   -0.00435265    0.00215692    0.00554426    0.00360162    0.00363845    0.04561002   -0.00058122    0.00418488    0.00000000 
max(|Fsp_paral|) :   0.00000000    0.00016329    0.00665407    0.01290146    0.00375281    0.00358122    0.00813067    0.05368268    0.01063891    0.00000000 
max(|Fsp_perp|)  :   0.00000000    0.00000000    0.00000000    0.00000000    0.00000000    0.00000000    0.00000000    0.00000000    0.00000000    0.00000000 
max(|FNEB|)      :   0.00000000    0.00096433    0.00610277    0.01251833    0.01605453    0.01567023    0.01568438    0.05368595    0.01819322    0.00000000 
max(|Force|)     :   0.00009233    0.00152306    0.00142848    0.00828073    0.01588211    0.01422121    0.02471752    0.01288589    0.01013346    0.00034693 
ksp              :   0.04109631    0.10000000    0.10000000    0.09362408    0.09362408    0.08631637    0.07995372    0.02254368    0.01000000 
max(|step|)      :   0.00000000    0.00122586    0.01167507    0.03464975    0.02039382    0.03196523    0.03189972    0.10000000    0.04594483    0.00096973 
angle (deg.)     :    53.4859  82.1053  84.5109  103.7565  44.0158  73.1547  26.3851  38.1888 
>
iteration       : 48
climbing        : no
zoom on         : no
nim             : 10
barrier         :   0.02773224 (image:  4) 
distance        :   0.00000000    8.94992159   12.60978754   16.06712381   19.46869808   22.78662405   26.18264762   29.93627834   37.95620890   59.38112479 
energy          : -2537.14379937  -2537.13447944  -2537.11675077  -2537.11835334  -2537.11606713  -2537.11779565  -2537.11899760  -2537.13763059  -2537.14597385  -2537.17943192 
max(|Fr_perp|)   :   0.00000000    0.00140483    0.00092751    0.01477617    0.03256637    0.04099165    0.02191431    0.03103541    0.03736607    0.00000000 
Fr_paral         :   0.00000000   -0.00435280    0.00219796    0.00601657    0.00314674    0.00170191    0.04812207   -0.00143465    0.00704159    0.00000000 
max(|Fsp_paral|) :   0.00000000    0.00085281    0.00804165    0.00105335    0.00300160    0.00319980    0.00847545    0.03712531    0.00731542    0.00000000 
max(|Fsp_perp|)  :   0.00000000    0.00000000    0.00000000    0.00000000    0.00000000    0.00000000    0.00000000    0.00000000    0.00000000    0.00000000 
max(|FNEB|)      :   0.00000000    0.00154555    0.00745874    0.01461826    0.03211628    0.04231092    0.02718329    0.03822803    0.03498011    0.00000000 
max(|Force|)     :   0.00009233    0.00164862    0.00148276    0.01427809    0.03299019    0.04103241    0.03514901    0.03119951    0.03813926    0.00034693 
ksp              :   0.04021057    0.09767626    0.09767626    0.10000000    0.10000000    0.09439119    0.09045611    0.03007571    0.01000000 
max(|step|)      :   0.00000000    0.00273161    0.01318257    0.02583627    0.05676223    0.07478023    0.04804369    0.06756413    0.06182377    0.00000000 
angle (deg.)     :    53.4106  82.4928  84.2163  103.9649  43.7296  73.4337  25.7994  38.5730 
>
iteration       : 49
climbing        : no
zoom on         : no
nim             : 10
barrier         :   0.02709865 (image:  2) 
distance        :   0.00000000    8.94889820   12.60223641   16.09871848   19.49722720   22.81385583   26.25202270   29.83072820   37.95763544   59.43035105 
energy          : -2537.14379937  -2537.13450867  -2537.11670072  -2537.11872953  -2537.11910915  -2537.12122176  -2537.12246356  -2537.14082199  -2537.14889278  -2537.17943192 
max(|Fr_perp|)   :   0.00000000    0.00159930    0.00094118    0.00982349    0.01671667    0.01541128    0.00991006    0.01651445    0.01731739    0.00000000 
Fr_paral         :   0.00000000   -0.00432611    0.00214779    0.00376334    0.00177009    0.00378289    0.04429287    0.00003985    0.00369631    0.00000000 
max(|Fsp_paral|) :   0.00000000    0.00010065    0.00635115    0.01331612    0.00476501    0.00363506    0.00124669    0.04847510    0.01470247    0.00000000 
max(|Fsp_perp|)  :   0.00000000    0.00000000    0.00000000    0.00000000    0.00000000    0.00000000    0.00000000    0.00000000    0.00000000    0.00000000 
max(|FNEB|)      :   0.00000000    0.00158407    0.00565410    0.01382816    0.01730290    0.01439591    0.00979093    0.04592030    0.01852944    0.00000000 
max(|Force|)     :   0.00009233    0.00150857    0.00156670    0.00996298    0.01662887    0.01570807    0.02295340    0.01651732    0.01725897    0.00034693 
ksp              :   0.04085626    0.10000000    0.10000000    0.09326191    0.09200112    0.08498474    0.08086047    0.01988848    0.01000000 
max(|step|)      :   0.00000000    0.00127820    0.01494078    0.01682526    0.02130394    0.02917057    0.02360215    0.09325673    0.04556115    0.00089464 
angle (deg.)     :    53.3231  82.9113  83.1002  104.1504  43.8531  73.4670  25.2312  39.2007 
>
iteration       : 50
climbing        : no
zoom on         : no
nim             : 10
barrier         :   0.02715336 (image:  2) 
distance        :   0.00000000    8.94904701   12.59232517   16.09273850   19.47543955   22.77515141   26.25089516   29.57507122   37.97378458   59.42998217 
energy          : -2537.14379937  -2537.13453740  -2537.11664601  -2537.11875514  -2537.11730397  -2537.11898253  -2537.12266820  -2537.14001877  -2537.14810725  -2537.17943192 
max(|Fr_perp|)   :   0.00000000    0.00087443    0.00101150    0.01116744    0.02592152    0.02983260    0.01762700    0.02009983    0.02323982    0.00000000 
Fr_paral         :   0.00000000   -0.00432335    0.00212413    0.00515725    0.00172732    0.00272902    0.03989751    0.00075827    0.00116874    0.00000000 
max(|Fsp_paral|) :   0.00000000    0.00003933    0.00576666    0.00885413    0.00306215    0.00059346    0.02396199    0.02920297    0.00715804    0.00000000 
max(|Fsp_perp|)  :   0.00000000    0.00000000    0.00000000    0.00000000    0.00000000    0.00000000    0.00000000    0.00000000    0.00000000    0.00000000 
max(|FNEB|)      :   0.00000000    0.00088041    0.00498549    0.01088704    0.02652494    0.02968208    0.03364691    0.02885062    0.02050850    0.00000000 
max(|Force|)     :   0.00009233    0.00143783    0.00163856    0.01158496    0.02584560    0.03002650    0.02591090    0.02012986    0.02311381    0.00034693 
ksp              :   0.04069885    0.10000000    0.10000000    0.09781919    0.09781919    0.09225559    0.08003942    0.02253084    0.01000000 
max(|step|)      :   0.00000000    0.00176984    0.02060927    0.02165723    0.01778725    0.00769741    0.03428712    0.10000000    0.01290200    0.00034515 
angle (deg.)     :    53.2078  83.5074  82.3274  104.5409  44.2359  71.5027  24.9957  39.7618 
>
iteration       : 51
climbing        : no
zoom on         : no
nim             : 10
barrier         :   0.02722484 (image:  2) 
distance        :   0.00000000    8.95010250   12.57810713   16.10697040   19.50351576   22.81559034   26.21074914   29.29205707   37.96438392   59.42259471 
energy          : -2537.14379937  -2537.13457155  -2537.11657453  -2537.11903723  -2537.11908272  -2537.11957411  -2537.11982553  -2537.14078807  -2537.14795879  -2537.17943192 
max(|Fr_perp|)   :   0.00000000    0.00127872    0.00111183    0.00794889    0.01930733    0.03061699    0.00901838    0.01765783    0.02510912    0.00000000 
Fr_paral         :   0.00000000   -0.00430112    0.00208647    0.00249238    0.00080952    0.00290344    0.04472722    0.00115302    0.00070093    0.00000000 
max(|Fsp_paral|) :   0.00000000    0.00009345    0.00396351    0.01645103    0.00325170    0.00059754    0.01369314    0.03934811    0.01178653    0.00000000 
max(|Fsp_perp|)  :   0.00000000    0.00000000    0.00000000    0.00000000    0.00000000    0.00000000    0.00000000    0.00000000    0.00000000    0.00000000 
max(|FNEB|)      :   0.00000000    0.00130246    0.00335914    0.01834280    0.01949892    0.03086703    0.01809554    0.03896810    0.02068748    0.00000000 
max(|Force|)     :   0.00009233    0.00139928    0.00172563    0.00809497    0.01947489    0.03092245    0.02535237    0.01777800    0.02511271    0.00034693 
ksp              :   0.04050558    0.10000000    0.10000000    0.09186307    0.09175568    0.09013748    0.08923869    0.02000012    0.01000000 
max(|step|)      :   0.00000000    0.00334237    0.00862024    0.04707132    0.05003816    0.07921104    0.04643682    0.10000000    0.05308824    0.00000000 
angle (deg.)     :    53.1698  83.6679  80.0613  104.8470  44.8473  69.9310  25.1051  40.2541 
>
iteration       : 52
climbing        : no
zoom on         : no
nim             : 10
barrier         :   0.02756756 (image:  6) 
distance        :   0.00000000    8.95267869   12.56875876   16.01757487   19.40413452   22.71719657   26.02765412   28.88555708   37.90978854   59.28430719 
energy          : -2537.14379937  -2537.13457811  -2537.11656306  -2537.11896941  -2537.11937404  -2537.12115250  -2537.11623181  -2537.13993371  -2537.14844669  -2537.17943192 
max(|Fr_perp|)   :   0.00000000    0.00302878    0.00115639    0.01732292    0.02313765    0.02138153    0.01345502    0.03243470    0.03267143    0.00000000 
Fr_paral         :   0.00000000   -0.00431164    0.00204136    0.00224959    0.00386502    0.00423279    0.04774126    0.00161200    0.00297181    0.00000000 
max(|Fsp_paral|) :   0.00000000    0.00046767    0.00656926    0.01312744    0.00437101    0.01163482    0.02171974    0.03187534    0.00276795    0.00000000 
max(|Fsp_perp|)  :   0.00000000    0.00000000    0.00000000    0.00000000    0.00000000    0.00000000    0.00000000    0.00000000    0.00000000    0.00000000 
max(|FNEB|)      :   0.00000000    0.00309974    0.00571875    0.01867105    0.02278191    0.02083444    0.02413942    0.03877924    0.03279194    0.00000000 
max(|Force|)     :   0.00009233    0.00325588    0.00166102    0.01723035    0.02326186    0.02131287    0.02595686    0.03230945    0.03270868    0.00034693 
ksp              :   0.04010471    0.09891855    0.09891855    0.09106253    0.08974153    0.10000000    0.10000000    0.02262024    0.01000000 
max(|step|)      :   0.00000000    0.00198436    0.01261017    0.05226536    0.01443892    0.02277956    0.04521155    0.10000000    0.02808715    0.00112997 
angle (deg.)     :    53.1085  83.9697  77.7654  105.1536  45.4492  67.9225  25.5128  40.7522 
>
iteration       : 53
climbing        : no
zoom on         : no
nim             : 10
barrier         :   0.03249919 (image:  6) 
distance        :   0.00000000    8.95441921   12.55695598   15.93316098   19.31394729   22.66355255   25.82237763   28.47842248   37.84136853   59.15322830 
energy          : -2537.14379937  -2537.13460870  -2537.11653210  -2537.11947197  -2537.11913173  -2537.11970975  -2537.11130018  -2537.14056915  -2537.14928656  -2537.17943192 
max(|Fr_perp|)   :   0.00000000    0.00049877    0.00123768    0.01092306    0.02440288    0.03867507    0.01509884    0.02146488    0.01969670    0.00000000 
Fr_paral         :   0.00000000   -0.00429515    0.00195215    0.00067169    0.00399730    0.00384665    0.04982976    0.00362007    0.00464988    0.00000000 
max(|Fsp_paral|) :   0.00000000    0.00323898    0.00758715    0.00997201    0.00088250    0.02269186    0.02460981    0.03510549    0.01027937    0.00000000 
max(|Fsp_perp|)  :   0.00000000    0.00000000    0.00000000    0.00000000    0.00000000    0.00000000    0.00000000    0.00000000    0.00000000    0.00000000 
max(|FNEB|)      :   0.00000000    0.00322299    0.00668632    0.01522171    0.02438826    0.03963147    0.03167193    0.03168552    0.02324182    0.00000000 
max(|Force|)     :   0.00009233    0.00146544    0.00166524    0.01095403    0.02478256    0.03897029    0.03053164    0.02136984    0.02022700    0.00034693 
ksp              :   0.03545787    0.08552738    0.08552738    0.07838131    0.07838131    0.10000000    0.10000000    0.01897650    0.01000000 
max(|step|)      :   0.00000000    0.00806899    0.01673969    0.03810868    0.06105780    0.09922030    0.07929299    0.07932703    0.05818761    0.00000000 
angle (deg.)     :    53.1177  84.4002  76.7211  105.8512  44.7701  66.4108  25.8454  41.2920 
>
iteration       : 54
climbing        : no
zoom on         : no
nim             : 10
barrier         :   0.03737979 (image:  6) 
distance        :   0.00000000    8.94247281   12.55053848   15.91576755   19.32350296   22.78318240   25.69992420   28.24268656   37.89763388   59.14898150 
energy          : -2537.14379937  -2537.13472085  -2537.11648072  -2537.11997623  -2537.11916975  -2537.12020231  -2537.10641958  -2537.14062743  -2537.15011965  -2537.17943192 
max(|Fr_perp|)   :   0.00000000    0.00084680    0.00133331    0.01395368    0.02458939    0.03637936    0.01305703    0.01598723    0.02143185    0.00000000 
Fr_paral         :   0.00000000   -0.00403382    0.00186316   -0.00087942    0.00197532   -0.00274584    0.04714619    0.00523263    0.00143472    0.00000000 
max(|Fsp_paral|) :   0.00000000    0.00393481    0.00707625    0.00813599    0.00132997    0.02159121    0.01863371    0.03541527    0.01241685    0.00000000 
max(|Fsp_perp|)  :   0.00000000    0.00000000    0.00000000    0.00000000    0.00000000    0.00000000    0.00000000    0.00000000    0.00000000    0.00000000 
max(|FNEB|)      :   0.00000000    0.00351626    0.00613583    0.01388140    0.02434156    0.03731925    0.02005002    0.02907593    0.02269357    0.00000000 
max(|Force|)     :   0.00009233    0.00107706    0.00177775    0.01390964    0.02445340    0.03632965    0.02263624    0.01632624    0.02141024    0.00034693 
ksp              :   0.03185852    0.07577560    0.07577560    0.06930119    0.06930119    0.10000000    0.10000000    0.01763715    0.01000000 
max(|step|)      :   0.00000000    0.01142991    0.02184799    0.05001806    0.01460599    0.06415905    0.09062178    0.10000000    0.05817411    0.00052041 
angle (deg.)     :    53.1579  84.9388  75.4784  106.6892  44.6895  65.0633  26.9301  41.9532 
>
iteration       : 55
climbing        : no
zoom on         : no
nim             : 10
barrier         :   0.04348605 (image:  6) 
distance        :   0.00000000    8.92405818   12.54307766   15.89998748   19.34992710   22.96233136   25.57845153   27.97338146   38.03628766   59.19398127 
energy          : -2537.14379937  -2537.13487849  -2537.11641769  -2537.12088960  -2537.11826551  -2537.11695919  -2537.10031332  -2537.13905280  -2537.14970777  -2537.17943192 
max(|Fr_perp|)   :   0.00000000    0.00094411    0.00146600    0.01098462    0.02948375    0.04752065    0.01396199    0.02586286    0.02715447    0.00000000 
Fr_paral         :   0.00000000   -0.00366838    0.00170123   -0.00150416    0.00199628   -0.00736154    0.04422551    0.00707315   -0.00035143    0.00000000 
max(|Fsp_paral|) :   0.00000000    0.00431249    0.00650726    0.00303446    0.00578555    0.01070667    0.01109274    0.01765123    0.00348232    0.00000000 
max(|Fsp_perp|)  :   0.00000000    0.00000000    0.00000000    0.00000000    0.00000000    0.00000000    0.00000000    0.00000000    0.00000000    0.00000000 
max(|FNEB|)      :   0.00000000    0.00342261    0.00611788    0.01057768    0.02790068    0.04812225    0.01773447    0.02504782    0.02602094    0.00000000 
max(|Force|)     :   0.00009233    0.00124196    0.00189201    0.01095220    0.02941124    0.04751574    0.02312507    0.02616296    0.02728382    0.00034693 
ksp              :   0.02846209    0.06666497    0.06666497    0.06291259    0.06562528    0.10000000    0.10000000    0.01986114    0.01000000 
max(|step|)      :   0.00000000    0.00687556    0.01228997    0.02124908    0.05604858    0.09667089    0.03562607    0.05031758    0.05227244    0.00000000 
angle (deg.)     :    53.2063  85.1643  75.3777  106.3533  45.2764  65.0399  27.5703  42.0205 
>
iteration       : 56
climbing        : no
zoom on         : no
nim             : 10
barrier         :   0.04421753 (image:  6) 
distance        :   0.00000000    8.90974000   12.53816859   15.91693897   19.37009826   22.99293937   25.53348971   27.90361524   38.07139977   59.20621024 
energy          : -2537.14379937  -2537.13498576  -2537.11639899  -2537.12127699  -2537.12087702  -2537.12218275  -2537.09958184  -2537.14060042  -2537.15154798  -2537.17943192 
max(|Fr_perp|)   :   0.00000000    0.00110603    0.00153377    0.01256761    0.01820257    0.00989927    0.00971568    0.00981357    0.00485211    0.00000000 
Fr_paral         :   0.00000000   -0.00346486    0.00162180   -0.00041399    0.00351264   -0.00761195    0.04445644    0.00806034    0.00213054    0.00000000 
max(|Fsp_paral|) :   0.00000000    0.00345963    0.00601190    0.01059033    0.00342887    0.02051927    0.00882191    0.03100683    0.01285215    0.00000000 
max(|Fsp_perp|)  :   0.00000000    0.00000000    0.00000000    0.00000000    0.00000000    0.00000000    0.00000000    0.00000000    0.00000000    0.00000000 
max(|FNEB|)      :   0.00000000    0.00280046    0.00591478    0.01589467    0.01866199    0.01911310    0.01212681    0.02466953    0.01547687    0.00000000 
max(|Force|)     :   0.00009233    0.00126332    0.00185948    0.01258529    0.01837044    0.01223144    0.02099529    0.01060896    0.00498717    0.00034693 
ksp              :   0.02793915    0.06577051    0.06577051    0.05665595    0.05665595    0.10000000    0.10000000    0.01651111    0.01000000 
max(|step|)      :   0.00000000    0.00630024    0.01230883    0.02621867    0.00970609    0.03348370    0.02320025    0.03989915    0.01784368    0.00036414 
angle (deg.)     :    53.2453  85.3806  74.8415  106.6629  45.8531  65.3276  28.1078  42.2481 
>
iteration       : 57
climbing        : no
zoom on         : no
nim             : 10
barrier         :   0.04522331 (image:  6) 
distance        :   0.00000000    8.89675405   12.53207667   15.90720948   19.38858810   23.07145932   25.51588134   27.82478267   38.16811929   59.25486275 
energy          : -2537.14379937  -2537.13508147  -2537.11638397  -2537.12160488  -2537.12064329  -2537.12095308  -2537.09857606  -2537.13982219  -2537.15149900  -2537.17943192 
max(|Fr_perp|)   :   0.00000000    0.00121373    0.00159694    0.00842380    0.02194205    0.02899894    0.01196872    0.01689644    0.00898214    0.00000000 
Fr_paral         :   0.00000000   -0.00329678    0.00154022   -0.00032173    0.00034455   -0.00729480    0.04411918    0.00879321    0.00306197    0.00000000 
max(|Fsp_paral|) :   0.00000000    0.00288013    0.00604524    0.00934326    0.00381372    0.01672529    0.00708392    0.02066006    0.00756389    0.00000000 
max(|Fsp_perp|)  :   0.00000000    0.00000000    0.00000000    0.00000000    0.00000000    0.00000000    0.00000000    0.00000000    0.00000000    0.00000000 
max(|FNEB|)      :   0.00000000    0.00236059    0.00613384    0.01395779    0.02262265    0.03029478    0.01176897    0.01860293    0.01409832    0.00000000 
max(|Force|)     :   0.00009233    0.00125939    0.00183627    0.00843962    0.02196280    0.02874948    0.02331662    0.01656729    0.00928001    0.00034693 
ksp              :   0.02734971    0.06456004    0.06456004    0.05608346    0.05608346    0.10000000    0.10000000    0.01791508    0.01000000 
max(|step|)      :   0.00000000    0.02049696    0.04628569    0.08635278    0.03988315    0.09465517    0.08196463    0.10000000    0.04665386    0.00152224 
angle (deg.)     :    53.3525  86.1515  73.5457  106.4790  48.1992  66.5353  30.4647  42.8102 
>
iteration       : 58
climbing        : no
zoom on         : no
nim             : 10
barrier         :   0.04743255 (image:  6) 
distance        :   0.00000000    8.85479969   12.50510250   15.88963648   19.44462478   23.23638659   25.41355159   27.61382835   38.38685545   59.37561468 
energy          : -2537.14379937  -2537.13537612  -2537.11634448  -2537.12188072  -2537.12231047  -2537.12255103  -2537.09636682  -2537.13948375  -2537.15180120  -2537.17943192 
max(|Fr_perp|)   :   0.00000000    0.00144245    0.00179944    0.01293102    0.01097970    0.01470169    0.00966196    0.01400436    0.01619739    0.00000000 
Fr_paral         :   0.00000000   -0.00280876    0.00136049    0.00092652    0.00375027   -0.00917097    0.04132110    0.00960193    0.00441178    0.00000000 
max(|Fsp_paral|) :   0.00000000    0.00111117    0.00565288    0.00963549    0.00336288    0.01129825    0.00126196    0.01132727    0.00404683    0.00000000 
max(|Fsp_perp|)  :   0.00000000    0.00000000    0.00000000    0.00000000    0.00000000    0.00000000    0.00000000    0.00000000    0.00000000    0.00000000 
max(|FNEB|)      :   0.00000000    0.00127640    0.00614552    0.01393829    0.01030137    0.01484278    0.01030510    0.01498241    0.01761774    0.00000000 
max(|Force|)     :   0.00009233    0.00119279    0.00181871    0.01304680    0.01069050    0.01489920    0.02023120    0.01372634    0.01673192    0.00034693 
ksp              :   0.02597982    0.06208343    0.06208343    0.05159029    0.05078432    0.10000000    0.10000000    0.01821256    0.01000000 
max(|step|)      :   0.00000000    0.00265458    0.01278108    0.02898804    0.02142418    0.03086913    0.02143194    0.03115953    0.03664033    0.00000000 
angle (deg.)     :    53.2998  86.3426  72.3667  107.1747  48.2390  67.3706  30.7188  42.9734 
>
iteration       : 59
climbing        : no
zoom on         : no
nim             : 10
barrier         :   0.04632752 (image:  6) 
distance        :   0.00000000    8.85064780   12.49053479   15.85097320   19.43683042   23.28337617   25.42912563   27.60127421   38.45383724   59.42773344 
energy          : -2537.14379937  -2537.13541675  -2537.11634731  -2537.12206067  -2537.12286562  -2537.12260201  -2537.09747185  -2537.13988709  -2537.15250640  -2537.17943192 
max(|Fr_perp|)   :   0.00000000    0.00124638    0.00184766    0.01251858    0.00681562    0.01869215    0.00942581    0.01298755    0.00963107    0.00000000 
Fr_paral         :   0.00000000   -0.00285796    0.00128733    0.00038036    0.00181473   -0.01244698    0.04096771    0.00987876    0.00197182    0.00000000 
max(|Fsp_paral|) :   0.00000000    0.00068199    0.00601005    0.00917053    0.00320753    0.00813018    0.00144102    0.01264093    0.00556110    0.00000000 
max(|Fsp_perp|)  :   0.00000000    0.00000000    0.00000000    0.00000000    0.00000000    0.00000000    0.00000000    0.00000000    0.00000000    0.00000000 
max(|FNEB|)      :   0.00000000    0.00093113    0.00659937    0.01267744    0.00621302    0.01894645    0.00960652    0.01464888    0.00989581    0.00000000 
max(|Force|)     :   0.00009233    0.00103178    0.00185430    0.01252777    0.00670136    0.01851341    0.01977439    0.01236129    0.00965894    0.00034693 
ksp              :   0.02628483    0.06333084    0.06333084    0.05223154    0.05117990    0.10000000    0.10000000    0.01760034    0.01000000 
max(|step|)      :   0.00000000    0.00248413    0.01455991    0.02556562    0.01046869    0.02130050    0.01507312    0.02358240    0.02053097    0.00042129 
angle (deg.)     :    53.2346  86.5484  71.1029  107.8214  48.5570  68.2106  31.0498  43.1353 
>
iteration       : 60
climbing        : no
zoom on         : no
nim             : 10
barrier         :   0.04532906 (image:  6) 
distance        :   0.00000000    8.84708208   12.47346484   15.81032881   19.43108311   23.33098858   25.45119698   27.58890245   38.53858463   59.48805170 
energy          : -2537.14379937  -2537.13545557  -2537.11635173  -2537.12218564  -2537.12299553  -2537.12281814  -2537.09847031  -2537.13988858  -2537.15245787  -2537.17943192 
max(|Fr_perp|)   :   0.00000000    0.00104376    0.00190044    0.00964422    0.00824624    0.01756406    0.00733572    0.01076270    0.01322616    0.00000000 
Fr_paral         :   0.00000000   -0.00292036    0.00120572    0.00067930    0.00188985   -0.01322272    0.04057501    0.01006163    0.00089166    0.00000000 
max(|Fsp_paral|) :   0.00000000    0.00036489    0.00629477    0.00844088    0.00342045    0.00491543    0.00095933    0.00937977    0.00445106    0.00000000 
max(|Fsp_perp|)  :   0.00000000    0.00000000    0.00000000    0.00000000    0.00000000    0.00000000    0.00000000    0.00000000    0.00000000    0.00000000 
max(|FNEB|)      :   0.00000000    0.00067887    0.00697314    0.01123560    0.00885853    0.01768037    0.00745275    0.01018726    0.01173912    0.00000000 
max(|Force|)     :   0.00009233    0.00091678    0.00190126    0.00966073    0.00836343    0.01741841    0.02082292    0.01170600    0.01313762    0.00034693 
ksp              :   0.02656647    0.06449678    0.06449678    0.05291365    0.05165783    0.10000000    0.10000000    0.01776481    0.01000000 
max(|step|)      :   0.00000000    0.00830946    0.05910705    0.10000000    0.04105473    0.07245323    0.05854368    0.08016110    0.05608983    0.00155301 
angle (deg.)     :    52.9885  87.3938  66.6567  110.0201  50.5608  71.4726  32.7653  43.6369 
>
iteration       : 61
climbing        : no
zoom on         : no
nim             : 10
barrier         :   0.04151323 (image:  6) 
distance        :   0.00000000    8.83617256   12.40568971   15.66471925   19.44186353   23.53622666   25.58906163   27.62368580   38.91855688   59.77777812 
energy          : -2537.14379937  -2537.13558126  -2537.11638373  -2537.12209543  -2537.12409517  -2537.12383364  -2537.10228614  -2537.13996324  -2537.15218014  -2537.17943192 
max(|Fr_perp|)   :   0.00000000    0.00062345    0.00209734    0.00704197    0.00840316    0.00634785    0.00657618    0.01367116    0.02264511    0.00000000 
Fr_paral         :   0.00000000   -0.00314254    0.00099283    0.00136791    0.00230507   -0.01320020    0.03977053    0.00982198   -0.00057473    0.00000000 
max(|Fsp_paral|) :   0.00000000    0.00062402    0.00734828    0.00374677    0.00100833    0.00628501    0.00101858    0.00191391    0.00038545    0.00000000 
max(|Fsp_perp|)  :   0.00000000    0.00000000    0.00000000    0.00000000    0.00000000    0.00000000    0.00000000    0.00000000    0.00000000    0.00000000 
max(|FNEB|)      :   0.00000000    0.00092192    0.00798657    0.00708682    0.00867529    0.01205586    0.00674972    0.01389774    0.02267739    0.00000000 
max(|Force|)     :   0.00009233    0.00098749    0.00208567    0.00709869    0.00864212    0.01218356    0.02252346    0.01405044    0.02286451    0.00034693 
ksp              :   0.02781384    0.06942737    0.06942737    0.05705151    0.05329818    0.10000000    0.10000000    0.01835258    0.01000000 
max(|step|)      :   0.00000000    0.00195754    0.01695813    0.01504766    0.01842051    0.02559857    0.01433189    0.02950950    0.04815159    0.00000000 
angle (deg.)     :    52.8791  87.6664  66.2322  110.1429  51.6480  71.7502  33.3970  43.5607 
>
iteration       : 62
climbing        : no
zoom on         : no
nim             : 10
barrier         :   0.04091596 (image:  6) 
distance        :   0.00000000    8.83947942   12.38277590   15.66072374   19.45720865   23.55299643   25.64102522   27.70568223   39.00854519   59.85972417 
energy          : -2537.14379937  -2537.13557940  -2537.11639808  -2537.12229603  -2537.12458121  -2537.12473077  -2537.10288341  -2537.14067614  -2537.15313597  -2537.17943192 
max(|Fr_perp|)   :   0.00000000    0.00095704    0.00215249    0.00338818    0.00365436    0.00488251    0.00791701    0.02081652    0.01423189    0.00000000 
Fr_paral         :   0.00000000   -0.00320272    0.00090277    0.00173639    0.00378445   -0.00795314    0.04048648    0.00917694    0.00203184    0.00000000 
max(|Fsp_paral|) :   0.00000000    0.00023498    0.00641816    0.00441692    0.00128697    0.00255996    0.00131330    0.00790139    0.00523886    0.00000000 
max(|Fsp_perp|)  :   0.00000000    0.00000000    0.00000000    0.00000000    0.00000000    0.00000000    0.00000000    0.00000000    0.00000000    0.00000000 
max(|FNEB|)      :   0.00000000    0.00091601    0.00709110    0.00674947    0.00352706    0.00744247    0.00795987    0.02174128    0.01396320    0.00000000 
max(|Force|)     :   0.00009233    0.00112626    0.00213886    0.00338217    0.00399506    0.00872715    0.01978844    0.02027897    0.01420128    0.00034693 
ksp              :   0.02808090    0.07027272    0.07027272    0.05729942    0.05227285    0.10000000    0.10000000    0.01686994    0.01000000 
max(|step|)      :   0.00000000    0.00142749    0.01441829    0.01329462    0.00606291    0.01778783    0.00964085    0.01741997    0.01521508    0.00019907 
angle (deg.)     :    52.7989  87.8891  65.7993  110.1722  52.3406  72.1514  33.8865  43.5888 
>
iteration       : 63
climbing        : no
zoom on         : no
nim             : 10
barrier         :   0.04048704 (image:  6) 
distance        :   0.00000000    8.84168965   12.36377151   15.65360598   19.46065536   23.55773526   25.66945314   27.74110367   39.08644716   59.92115780 
energy          : -2537.14379937  -2537.13558254  -2537.11641716  -2537.12234248  -2537.12466796  -2537.12510726  -2537.10331233  -2537.14120345  -2537.15327092  -2537.17943192 
max(|Fr_perp|)   :   0.00000000    0.00045782    0.00219215    0.00179148    0.00536263    0.00456427    0.00566312    0.00864895    0.00917224    0.00000000 
Fr_paral         :   0.00000000   -0.00323775    0.00085033    0.00189194    0.00430252   -0.00467427    0.04067281    0.00920478    0.00303849    0.00000000 
max(|Fsp_paral|) :   0.00000000    0.00009257    0.00568728    0.00461767    0.00166931    0.00193760    0.00225290    0.01414565    0.00861824    0.00000000 
max(|Fsp_perp|)  :   0.00000000    0.00000000    0.00000000    0.00000000    0.00000000    0.00000000    0.00000000    0.00000000    0.00000000    0.00000000 
max(|FNEB|)      :   0.00000000    0.00042124    0.00637441    0.00620732    0.00576447    0.00650187    0.00672353    0.01016576    0.01392629    0.00000000 
max(|Force|)     :   0.00009233    0.00089098    0.00217725    0.00174522    0.00497370    0.00680663    0.01839884    0.00885354    0.00945881    0.00034693 
ksp              :   0.02826546    0.07086884    0.07086884    0.05769724    0.05252784    0.10000000    0.10000000    0.01577056    0.01000000 
max(|step|)      :   0.00000000    0.00581252    0.06226253    0.05780236    0.02442462    0.07561097    0.03961475    0.05006809    0.04163726    0.00116046 
angle (deg.)     :    52.5132  88.9320  63.8522  110.2417  55.0641  73.9209  36.0391  43.8506 
>
iteration       : 64
climbing        : no
zoom on         : no
nim             : 10
barrier         :   0.03922785 (image:  6) 
distance        :   0.00000000    8.85003249   12.28627688   15.62404489   19.47528128   23.57756987   25.78903943   27.86683689   39.45440283   60.19841954 
energy          : -2537.14379937  -2537.13559398  -2537.11652692  -2537.12175176  -2537.12479298  -2537.12512851  -2537.10457152  -2537.13952427  -2537.15068199  -2537.17943192 
max(|Fr_perp|)   :   0.00000000    0.00169697    0.00234380    0.01316765    0.01041514    0.00837204    0.01638959    0.04163099    0.03083721    0.00000000 
Fr_paral         :   0.00000000   -0.00336013    0.00072605    0.00217593    0.00609666    0.00965528    0.04008197    0.00726132    0.00592144    0.00000000 
max(|Fsp_paral|) :   0.00000000    0.00165097    0.00245617    0.00295680    0.00510212    0.00059569    0.00752261    0.01097139    0.00641746    0.00000000 
max(|Fsp_perp|)  :   0.00000000    0.00000000    0.00000000    0.00000000    0.00000000    0.00000000    0.00000000    0.00000000    0.00000000    0.00000000 
max(|FNEB|)      :   0.00000000    0.00185546    0.00319752    0.01346735    0.01162161    0.00869775    0.01690485    0.04246675    0.02894015    0.00000000 
max(|Force|)     :   0.00009233    0.00172436    0.00232905    0.01309441    0.00986679    0.01230366    0.02151506    0.04191001    0.03137031    0.00034693 
ksp              :   0.02882553    0.07257086    0.07257086    0.06058357    0.05360614    0.10000000    0.10000000    0.01980832    0.01000000 
max(|step|)      :   0.00000000    0.00150346    0.00197056    0.01273802    0.01167089    0.01190471    0.01188842    0.02175016    0.02735358    0.00024504 
angle (deg.)     :    52.5487  88.8609  63.6743  110.0809  54.5633  74.0364  36.1440  43.7708 
>
iteration       : 65
climbing        : no
zoom on         : no
nim             : 10
barrier         :   0.03907145 (image:  6) 
distance        :   0.00000000    8.84700100   12.28897679   15.62186470   19.45537429   23.54926514   25.74659506   27.86808921   39.38843771   60.16276075 
energy          : -2537.14379937  -2537.13561584  -2537.11654053  -2537.12214951  -2537.12520892  -2537.12565928  -2537.10472792  -2537.14185548  -2537.15310616  -2537.17943192 
max(|Fr_perp|)   :   0.00000000    0.00064657    0.00232837    0.00754429    0.00452769    0.00638937    0.00751741    0.02256754    0.01477065    0.00000000 
Fr_paral         :   0.00000000   -0.00332118    0.00065061    0.00226302    0.00588146    0.00621876    0.03988741    0.00791146    0.00409209    0.00000000 
max(|Fsp_paral|) :   0.00000000    0.00135439    0.00275870    0.00435765    0.00504524    0.00167440    0.00423340    0.02312908    0.01189915    0.00000000 
max(|Fsp_perp|)  :   0.00000000    0.00000000    0.00000000    0.00000000    0.00000000    0.00000000    0.00000000    0.00000000    0.00000000    0.00000000 
max(|FNEB|)      :   0.00000000    0.00108881    0.00349879    0.00793491    0.00610027    0.00724997    0.01175082    0.02390842    0.01907838    0.00000000 
max(|Force|)     :   0.00009233    0.00083064    0.00231250    0.00747675    0.00479968    0.00839417    0.01912394    0.02291293    0.01515104    0.00034693 
ksp              :   0.02885053    0.07278997    0.07278997    0.05986986    0.05282258    0.10000000    0.10000000    0.01447769    0.01000000 
max(|step|)      :   0.00000000    0.00322643    0.03681954    0.03157813    0.02281839    0.03822646    0.04459905    0.02644851    0.02725950    0.00176186 
angle (deg.)     :    52.4889  89.4387  62.0358  109.7230  55.2310  75.5002  37.6692  43.8747 
>
iteration       : 66
climbing        : no
zoom on         : no
nim             : 10
barrier         :   0.03834118 (image:  6) 
distance        :   0.00000000    8.84515452   12.24871111   15.60006810   19.42503214   23.50592135   25.73867949   27.92757088   39.51840020   60.27723186 
energy          : -2537.14379937  -2537.13566936  -2537.11666207  -2537.12222780  -2537.12552507  -2537.12584047  -2537.10545819  -2537.14331589  -2537.15405038  -2537.17943192 
max(|Fr_perp|)   :   0.00000000    0.00041585    0.00237370    0.00424512    0.00572062    0.00727029    0.00663315    0.00617646    0.00264051    0.00000000 
Fr_paral         :   0.00000000   -0.00330095    0.00045268    0.00242412    0.00506161    0.00876391    0.03847373    0.00734205    0.00231176    0.00000000 
max(|Fsp_paral|) :   0.00000000    0.00179877    0.00134761    0.00494703    0.00616294    0.00358626    0.00240417    0.04690114    0.02274409    0.00000000 
max(|Fsp_perp|)  :   0.00000000    0.00000000    0.00000000    0.00000000    0.00000000    0.00000000    0.00000000    0.00000000    0.00000000    0.00000000 
max(|FNEB|)      :   0.00000000    0.00145405    0.00249317    0.00486397    0.00791896    0.00915281    0.00903732    0.04453158    0.02204010    0.00000000 
max(|Force|)     :   0.00009233    0.00080669    0.00235964    0.00418080    0.00541847    0.00969188    0.01712555    0.00642488    0.00275702    0.00034693 
ksp              :   0.02908395    0.07370063    0.07370063    0.06063594    0.05289610    0.10000000    0.10000000    0.01113490    0.01000000 
max(|step|)      :   0.00000000    0.00745624    0.08959447    0.07860136    0.05313573    0.09417134    0.10000000    0.05350493    0.06108189    0.00442154 
angle (deg.)     :    52.4644  91.0808  58.3095  108.9402  57.4100  78.9867  41.1209  44.2009 
>
iteration       : 67
climbing        : no
zoom on         : no
nim             : 10
barrier         :   0.03681749 (image:  6) 
distance        :   0.00000000    8.84217782   12.16087169   15.56392233   19.39117582   23.45188785   25.79225396   28.11794460   39.93463596   60.63288222 
energy          : -2537.14379937  -2537.13578172  -2537.11701423  -2537.12202390  -2537.13208436  -2537.12457813  -2537.10698189  -2537.14272086  -2537.15167584  -2537.17943192 
max(|Fr_perp|)   :   0.00000000    0.00183611    0.00244453    0.01269413    0.02349583    0.01365399    0.01706967    0.03019431    0.03142248    0.00000000 
Fr_paral         :   0.00000000   -0.00326276    0.00002397    0.00254869    0.00433559    0.01730189    0.03470657    0.00405063   -0.00035895    0.00000000 
max(|Fsp_paral|) :   0.00000000    0.00299312    0.00224224    0.00484005    0.00337530    0.00126993    0.00078935    0.04477578    0.01633230    0.00000000 
max(|Fsp_perp|)  :   0.00000000    0.00000000    0.00000000    0.00000000    0.00000000    0.00000000    0.00000000    0.00000000    0.00000000    0.00000000 
max(|FNEB|)      :   0.00000000    0.00274055    0.00343543    0.01284477    0.02377138    0.01370247    0.01722994    0.04456784    0.02671994    0.00000000 
max(|Force|)     :   0.00009233    0.00202337    0.00244305    0.01277062    0.02351905    0.01584807    0.01684742    0.03043642    0.03156794    0.00034693 
ksp              :   0.02959438    0.07545822    0.07545822    0.06321974    0.05699275    0.10000000    0.10000000    0.01270694    0.01000000 
max(|step|)      :   0.00000000    0.00470284    0.00589526    0.02204188    0.04079217    0.02351373    0.02956692    0.07647932    0.04585196    0.00000000 
angle (deg.)     :    52.5709  90.8016  57.6942  108.8426  56.6869  79.9100  40.9322  44.5486 
>
iteration       : 68
climbing        : no
zoom on         : no
nim             : 10
barrier         :   0.03603300 (image:  6) 
distance        :   0.00000000    8.83119570   12.16524809   15.53072487   19.35837083   23.41527051   25.75661314   27.95433780   39.98119787   60.60762708 
energy          : -2537.14379937  -2537.13585113  -2537.11708195  -2537.12203215  -2537.13403487  -2537.12586086  -2537.10776637  -2537.14258533  -2537.15338686  -2537.17943192 
max(|Fr_perp|)   :   0.00000000    0.00257775    0.00241858    0.01248411    0.01415499    0.00821422    0.02291289    0.04067938    0.03090119    0.00000000 
Fr_paral         :   0.00000000   -0.00313170   -0.00005437    0.00252230    0.00404078    0.01263683    0.03517304    0.00885006    0.00061219    0.00000000 
max(|Fsp_paral|) :   0.00000000    0.00207683    0.00085206    0.00387729    0.00759397    0.00567421    0.00738592    0.03438047    0.01431826    0.00000000 
max(|Fsp_perp|)  :   0.00000000    0.00000000    0.00000000    0.00000000    0.00000000    0.00000000    0.00000000    0.00000000    0.00000000    0.00000000 
max(|FNEB|)      :   0.00000000    0.00252134    0.00231141    0.01250721    0.01291508    0.01121408    0.02310484    0.04420847    0.03149023    0.00000000 
max(|Force|)     :   0.00009233    0.00241364    0.00242100    0.01247920    0.01436340    0.01161904    0.02244279    0.04018390    0.03090847    0.00034693 
ksp              :   0.02985240    0.07673240    0.07673240    0.06436822    0.05480521    0.10000000    0.10000000    0.01303232    0.01000000 
max(|step|)      :   0.00000000    0.00427429    0.00515255    0.00794991    0.01761023    0.01969342    0.01940463    0.07048218    0.02981784    0.00087435 
angle (deg.)     :    52.6632  90.5483  57.0366  108.7036  55.9712  80.3448  41.0051  44.9029 
>
iteration       : 69
climbing        : no
zoom on         : no
nim             : 10
barrier         :   0.03581753 (image:  6) 
distance        :   0.00000000    8.82125244   12.16767729   15.49907239   19.31466815   23.38248431   25.70346351   27.78949137   40.02554721   60.57781789 
energy          : -2537.14379937  -2537.13592093  -2537.11715195  -2537.12210764  -2537.13410713  -2537.12637639  -2537.10798184  -2537.14220450  -2537.15422031  -2537.17943192 
max(|Fr_perp|)   :   0.00000000    0.00097560    0.00238783    0.00634672    0.01628311    0.00701190    0.00956406    0.02017960    0.01608590    0.00000000 
Fr_paral         :   0.00000000   -0.00303961   -0.00013026    0.00250451    0.00413551    0.00807744    0.03535228    0.01166467    0.00087889    0.00000000 
max(|Fsp_paral|) :   0.00000000    0.00141331    0.00040989    0.00335233    0.00881059    0.00630764    0.01186030    0.02046863    0.00993824    0.00000000 
max(|Fsp_perp|)  :   0.00000000    0.00000000    0.00000000    0.00000000    0.00000000    0.00000000    0.00000000    0.00000000    0.00000000    0.00000000 
max(|FNEB|)      :   0.00000000    0.00126526    0.00244172    0.00635997    0.01490664    0.01187553    0.01846133    0.02211779    0.01649917    0.00000000 
max(|Force|)     :   0.00009233    0.00113774    0.00239390    0.00634348    0.01649114    0.00938908    0.01744050    0.01957194    0.01609654    0.00034693 
ksp              :   0.02979644    0.07695793    0.07695793    0.06450560    0.05377934    0.10000000    0.10000000    0.01400750    0.01000000 
max(|step|)      :   0.00000000    0.00697136    0.00950533    0.01554107    0.03772803    0.03968855    0.05918490    0.10000000    0.04174905    0.00166184 
angle (deg.)     :    52.8043  90.1542  55.7213  108.3708  54.8443  79.9035  41.9053  45.4694 
>
iteration       : 70
climbing        : no
zoom on         : no
nim             : 10
barrier         :   0.03674104 (image:  6) 
distance        :   0.00000000    8.80515316   12.16678264   15.44276977   19.21854107   23.32883889   25.57016804   27.51875839   40.09373410   60.52368446 
energy          : -2537.14379937  -2537.13602821  -2537.11729706  -2537.12202922  -2537.13510307  -2537.12695010  -2537.10705833  -2537.14133509  -2537.15458301  -2537.17943192 
max(|Fr_perp|)   :   0.00000000    0.00076071    0.00231724    0.00681168    0.00593999    0.00462777    0.00861680    0.01151586    0.01022277    0.00000000 
Fr_paral         :   0.00000000   -0.00289271   -0.00023761    0.00244192    0.00531507    0.00152454    0.03396806    0.01446287    0.00042163    0.00000000 
max(|Fsp_paral|) :   0.00000000    0.00101405    0.00227499    0.00207250    0.00932805    0.00602471    0.01436015    0.00411883    0.00063209    0.00000000 
max(|Fsp_perp|)  :   0.00000000    0.00000000    0.00000000    0.00000000    0.00000000    0.00000000    0.00000000    0.00000000    0.00000000    0.00000000 
max(|FNEB|)      :   0.00000000    0.00098784    0.00360537    0.00692624    0.00981533    0.00965652    0.02301641    0.01249292    0.01045801    0.00000000 
max(|Force|)     :   0.00009233    0.00093654    0.00232880    0.00690998    0.00594098    0.00455552    0.01588985    0.01363397    0.01031924    0.00034693 
ksp              :   0.02903983    0.07493167    0.07493167    0.06333941    0.05128894    0.10000000    0.10000000    0.01607585    0.01000000 
max(|step|)      :   0.00000000    0.00274825    0.01003040    0.01926930    0.02730696    0.02686515    0.06403332    0.03475622    0.02909493    0.00000000 
angle (deg.)     :    52.8263  90.1474  55.0295  108.1332  54.6459  78.2647  43.4384  45.4322 
>
iteration       : 71
climbing        : no
zoom on         : no
nim             : 10
barrier         :   0.03870267 (image:  6) 
distance        :   0.00000000    8.79941354   12.15724872   15.43050614   19.15679118   23.32309687   25.46560045   27.50552977   40.08599984   60.50785313 
energy          : -2537.14379937  -2537.13606839  -2537.11739831  -2537.12187044  -2537.13522570  -2537.12724331  -2537.10509670  -2537.14219416  -2537.15493975  -2537.17943192 
max(|Fr_perp|)   :   0.00000000    0.00239144    0.00229439    0.01458901    0.00586802    0.00866079    0.02069217    0.02356238    0.01578037    0.00000000 
Fr_paral         :   0.00000000   -0.00286431   -0.00026773    0.00242354    0.00637018    0.00101204    0.03057653    0.01115731    0.00025435    0.00000000 
max(|Fsp_paral|) :   0.00000000    0.00171837    0.00213589    0.00209362    0.00846551    0.00541509    0.00510718    0.01833031    0.00923930    0.00000000 
max(|Fsp_perp|)  :   0.00000000    0.00000000    0.00000000    0.00000000    0.00000000    0.00000000    0.00000000    0.00000000    0.00000000    0.00000000 
max(|FNEB|)      :   0.00000000    0.00271795    0.00331976    0.01461000    0.00918802    0.00907220    0.02078558    0.02486255    0.01648563    0.00000000 
max(|Force|)     :   0.00009233    0.00253620    0.00230759    0.01458107    0.00532306    0.00869496    0.02041373    0.02343816    0.01577714    0.00034693 
ksp              :   0.02797779    0.07139358    0.07139358    0.06099400    0.04849980    0.10000000    0.10000000    0.01373280    0.01000000 
max(|step|)      :   0.00000000    0.00279819    0.00888143    0.00640811    0.02421318    0.02138326    0.05070522    0.01206152    0.01601860    0.00018845 
angle (deg.)     :    52.8614  90.1411  54.4219  107.9498  54.4349  77.5875  44.5489  45.5106 
>
iteration       : 72
climbing        : no
zoom on         : no
nim             : 10
barrier         :   0.03916347 (image:  6) 
distance        :   0.00000000    8.79260715   12.14973435   15.42019679   19.10505768   23.32169076   25.39408394   27.47190022   40.11427320   60.50918886 
energy          : -2537.14379937  -2537.13612002  -2537.11749226  -2537.12198129  -2537.13508127  -2537.12742583  -2537.10463590  -2537.14266613  -2537.15496029  -2537.17943192 
max(|Fr_perp|)   :   0.00000000    0.00100661    0.00227413    0.00830415    0.00806972    0.00477097    0.01036742    0.01387387    0.01433792    0.00000000 
Fr_paral         :   0.00000000   -0.00280857   -0.00034378    0.00254398    0.00698848    0.00041359    0.02847986    0.00936977    0.00013537    0.00000000 
max(|Fsp_paral|) :   0.00000000    0.00174510    0.00216945    0.00287704    0.00704983    0.00279563    0.00026988    0.02907991    0.01309581    0.00000000 
max(|Fsp_perp|)  :   0.00000000    0.00000000    0.00000000    0.00000000    0.00000000    0.00000000    0.00000000    0.00000000    0.00000000    0.00000000 
max(|FNEB|)      :   0.00000000    0.00151060    0.00325155    0.00832003    0.00807971    0.00467730    0.01009754    0.02806867    0.01290693    0.00000000 
max(|Force|)     :   0.00009233    0.00114913    0.00229198    0.00829957    0.00806636    0.00476493    0.01232310    0.01477238    0.01432631    0.00034693 
ksp              :   0.02764761    0.07045531    0.07045531    0.06013924    0.04762738    0.10000000    0.10000000    0.01260426    0.01000000 
max(|step|)      :   0.00000000    0.00608523    0.01868284    0.01436901    0.04978038    0.03970442    0.10000000    0.02791026    0.03380184    0.00070694 
angle (deg.)     :    52.9425  90.1304  53.1134  107.6924  54.0917  77.0187  46.6800  45.7622 
>
iteration       : 73
climbing        : no
zoom on         : no
nim             : 10
barrier         :   0.03970416 (image:  6) 
distance        :   0.00000000    8.77772266   12.13430340   15.39636576   19.00279364   23.32381661   25.27402694   27.39994997   40.21579782   60.53796052 
energy          : -2537.14379937  -2537.13622189  -2537.11769506  -2537.12194341  -2537.13476222  -2537.12754934  -2537.10409521  -2537.14263663  -2537.15409662  -2537.17943192 
max(|Fr_perp|)   :   0.00000000    0.00083949    0.00226551    0.00490975    0.01029806    0.00646694    0.00986395    0.01865194    0.02609463    0.00000000 
Fr_paral         :   0.00000000   -0.00268490   -0.00046898    0.00261357    0.00800915   -0.00028434    0.02422813    0.00682240   -0.00006786    0.00000000 
max(|Fsp_paral|) :   0.00000000    0.00169203    0.00232888    0.00354765    0.00426335    0.00308670    0.00865735    0.03136551    0.01204061    0.00000000 
max(|Fsp_perp|)  :   0.00000000    0.00000000    0.00000000    0.00000000    0.00000000    0.00000000    0.00000000    0.00000000    0.00000000    0.00000000 
max(|FNEB|)      :   0.00000000    0.00145145    0.00325990    0.00490679    0.01039389    0.00681257    0.01023881    0.03234654    0.02271291    0.00000000 
max(|Force|)     :   0.00009233    0.00079453    0.00230935    0.00495927    0.01034786    0.00651090    0.01125208    0.01895724    0.02624936    0.00034693 
ksp              :   0.02717100    0.06915270    0.06915270    0.05952666    0.04682867    0.10000000    0.10000000    0.01265997    0.01000000 
max(|step|)      :   0.00000000    0.00389949    0.00875812    0.01318269    0.02792443    0.01830277    0.02750778    0.08690286    0.06102097    0.00000000 
angle (deg.)     :    52.9892  90.1421  52.3390  107.6062  53.9606  78.6088  46.2440  46.1447 
>
iteration       : 74
climbing        : no
zoom on         : no
nim             : 10
barrier         :   0.03728136 (image:  6) 
distance        :   0.00000000    8.76778838   12.12727091   15.37485850   18.97545433   23.30254537   25.32990874   27.31238029   40.34273799   60.58320889 
energy          : -2537.14379937  -2537.13627877  -2537.11780310  -2537.12185843  -2537.13517850  -2537.12773368  -2537.10651802  -2537.14131202  -2537.15525856  -2537.17943192 
max(|Fr_perp|)   :   0.00000000    0.00213139    0.00223253    0.00864848    0.00761666    0.00731077    0.02073018    0.02169388    0.01338410    0.00000000 
Fr_paral         :   0.00000000   -0.00262192   -0.00056731    0.00247607    0.00785661    0.00106793    0.02487776    0.01495749    0.00099951    0.00000000 
max(|Fsp_paral|) :   0.00000000    0.00064477    0.00289438    0.00310989    0.00544679    0.00352980    0.00214420    0.00645377    0.00181583    0.00000000 
max(|Fsp_perp|)  :   0.00000000    0.00000000    0.00000000    0.00000000    0.00000000    0.00000000    0.00000000    0.00000000    0.00000000    0.00000000 
max(|FNEB|)      :   0.00000000    0.00225287    0.00405520    0.00865164    0.00763993    0.00701749    0.02077655    0.02177007    0.01345549    0.00000000 
max(|Force|)     :   0.00009233    0.00226225    0.00226419    0.00864766    0.00760495    0.00734826    0.02047321    0.02194251    0.01337248    0.00034693 
ksp              :   0.02815530    0.07275694    0.07275694    0.06296708    0.04878379    0.10000000    0.10000000    0.01600465    0.01000000 
max(|step|)      :   0.00000000    0.00260114    0.00562810    0.01001148    0.00884199    0.00785417    0.02318742    0.02469461    0.01500649    0.00006303 
angle (deg.)     :    52.9871  90.1746  51.9594  107.5498  54.0067  78.6762  46.6327  46.1453 
>
iteration       : 75
climbing        : no
zoom on         : no
nim             : 10
barrier         :   0.03632986 (image:  6) 
distance        :   0.00000000    8.76534929   12.12126279   15.36470003   18.95825905   23.28903044   25.33479323   27.33116825   40.36986431   60.60873124 
energy          : -2537.14379937  -2537.13630050  -2537.11786250  -2537.12191608  -2537.13537789  -2537.12789182  -2537.10746951  -2537.14251642  -2537.15567384  -2537.17943192 
max(|Fr_perp|)   :   0.00000000    0.00089574    0.00221192    0.00544519    0.00360416    0.00334505    0.01145414    0.01226501    0.00730060    0.00000000 
Fr_paral         :   0.00000000   -0.00261243   -0.00062441    0.00253962    0.00803948    0.00122957    0.02514711    0.01435036    0.00091610    0.00000000 
max(|Fsp_paral|) :   0.00000000    0.00034384    0.00297505    0.00327677    0.00587243    0.00397331    0.00230086    0.01751602    0.00902864    0.00000000 
max(|Fsp_perp|)  :   0.00000000    0.00000000    0.00000000    0.00000000    0.00000000    0.00000000    0.00000000    0.00000000    0.00000000    0.00000000 
max(|FNEB|)      :   0.00000000    0.00093600    0.00416555    0.00547342    0.00667532    0.00515072    0.01145979    0.01559386    0.01165409    0.00000000 
max(|Force|)     :   0.00009233    0.00100880    0.00224760    0.00543808    0.00536482    0.00338000    0.01147763    0.01173382    0.00731038    0.00034693 
ksp              :   0.02857696    0.07425345    0.07425345    0.06421150    0.04940780    0.10000000    0.10000000    0.01317824    0.01000000 
max(|step|)      :   0.00000000    0.00264817    0.01245356    0.01082809    0.01989902    0.01837702    0.02538926    0.02839127    0.01415625    0.00048600 
angle (deg.)     :    52.9909  90.2391  51.0940  107.4414  54.1658  79.2333  47.2408  46.3175 
>
iteration       : 76
climbing        : no
zoom on         : no
nim             : 10
barrier         :   0.03554001 (image:  6) 
distance        :   0.00000000    8.75911007   12.10835021   15.34090953   18.92084491   23.26085764   25.36003318   27.32773066   40.47034083   60.67139436 
energy          : -2537.14379937  -2537.13633805  -2537.11799749  -2537.12163843  -2537.13547022  -2537.12787169  -2537.10825936  -2537.14151057  -2537.15504150  -2537.17943192 
max(|Fr_perp|)   :   0.00000000    0.00322347    0.00218348    0.01766312    0.00355461    0.01150594    0.03378274    0.03555690    0.02227246    0.00000000 
Fr_paral         :   0.00000000   -0.00258564   -0.00069179    0.00239854    0.00819811    0.00261884    0.02397835    0.01480033    0.00070314    0.00000000 
max(|Fsp_paral|) :   0.00000000    0.00020134    0.00311110    0.00221569    0.00645463    0.00360858    0.00595530    0.00688933    0.00165544    0.00000000 
max(|Fsp_perp|)  :   0.00000000    0.00000000    0.00000000    0.00000000    0.00000000    0.00000000    0.00000000    0.00000000    0.00000000    0.00000000 
max(|FNEB|)      :   0.00000000    0.00318449    0.00444271    0.01770239    0.00708186    0.01157427    0.03391109    0.03516485    0.02221824    0.00000000 
max(|Force|)     :   0.00009233    0.00309117    0.00223464    0.01764934    0.00523423    0.01156530    0.03354867    0.03502122    0.02227928    0.00034693 
ksp              :   0.02889473    0.07533957    0.07533957    0.06611942    0.05033457    0.10000000    0.10000000    0.01579606    0.01000000 
max(|step|)      :   0.00000000    0.00175485    0.01058233    0.00768204    0.01680988    0.01284166    0.02358293    0.01603670    0.00878774    0.00028191 
angle (deg.)     :    52.9787  90.3096  50.4474  107.3510  54.3429  79.3422  48.0375  46.3382 
>
iteration       : 77
climbing        : no
zoom on         : no
nim             : 10
barrier         :   0.03392654 (image:  6) 
distance        :   0.00000000    8.75561759   12.09691444   15.32522741   18.88992934   23.23828503   25.36615760   27.35971454   40.52684754   60.71970651 
energy          : -2537.14379937  -2537.13637451  -2537.11811041  -2537.12178485  -2537.13546500  -2537.12797456  -2537.10987283  -2537.14278734  -2537.15574579  -2537.17943192 
max(|Fr_perp|)   :   0.00000000    0.00179373    0.00217798    0.00899809    0.00382850    0.00629243    0.02051312    0.02245936    0.01343641    0.00000000 
Fr_paral         :   0.00000000   -0.00259960   -0.00078761    0.00249143    0.00839699    0.00295639    0.02457440    0.01302424    0.00057224    0.00000000 
max(|Fsp_paral|) :   0.00000000    0.00029078    0.00313933    0.00273642    0.00632804    0.00560030    0.00584188    0.02073566    0.01032155    0.00000000 
max(|Fsp_perp|)  :   0.00000000    0.00000000    0.00000000    0.00000000    0.00000000    0.00000000    0.00000000    0.00000000    0.00000000    0.00000000 
max(|FNEB|)      :   0.00000000    0.00184940    0.00448130    0.00903251    0.00697777    0.00635905    0.02054618    0.02359045    0.01378467    0.00000000 
max(|Force|)     :   0.00009233    0.00166237    0.00225528    0.00898796    0.00529999    0.00638786    0.02045263    0.02200376    0.01344212    0.00034693 
ksp              :   0.02969658    0.07814741    0.07814741    0.06839990    0.05197990    0.10000000    0.10000000    0.01268470    0.01000000 
max(|step|)      :   0.00000000    0.00805750    0.04643841    0.03481740    0.07387749    0.05847942    0.10000000    0.05981681    0.02894945    0.00210392 
angle (deg.)     :    52.9621  90.6316  47.6836  107.1407  55.5882  80.6438  51.3965  46.5488 
>
iteration       : 78
climbing        : no
zoom on         : no
nim             : 10
barrier         :   0.03050401 (image:  6) 
distance        :   0.00000000    8.73911849   12.04912880   15.25705985   18.76919093   23.16504729   25.44957332   27.52639248   40.85895912   60.99479554 
energy          : -2537.14379937  -2537.13650628  -2537.11863078  -2537.12145695  -2537.13462169  -2537.12746123  -2537.11329536  -2537.14191700  -2537.15552942  -2537.17943192 
max(|Fr_perp|)   :   0.00000000    0.00258360    0.00223968    0.01618533    0.01770450    0.00933255    0.02374957    0.03945906    0.01555994    0.00000000 
Fr_paral         :   0.00000000   -0.00261294   -0.00103972    0.00231790    0.00887198    0.00609759    0.02498617    0.00367516   -0.00004049    0.00000000 
max(|Fsp_paral|) :   0.00000000    0.00089847    0.00303327    0.00115778    0.00390241    0.01150550    0.00880053    0.00111807    0.00236681    0.00000000 
max(|Fsp_perp|)  :   0.00000000    0.00000000    0.00000000    0.00000000    0.00000000    0.00000000    0.00000000    0.00000000    0.00000000    0.00000000 
max(|FNEB|)      :   0.00000000    0.00245122    0.00455404    0.01635919    0.01788607    0.01286531    0.02443873    0.03980011    0.01583166    0.00000000 
max(|Force|)     :   0.00009233    0.00274320    0.00234451    0.01635471    0.01774081    0.00964351    0.02380329    0.03984059    0.01574774    0.00034693 
ksp              :   0.03150948    0.08422940    0.08422940    0.07590745    0.05819992    0.10000000    0.10000000    0.01570530    0.01000000 
max(|step|)      :   0.00000000    0.00283883    0.00527418    0.01894607    0.02071440    0.01489971    0.02830324    0.04609372    0.01833512    0.00000000 
angle (deg.)     :    52.9187  90.6804  47.5666  107.0855  55.9442  80.4337  51.7266  46.5189 
>
iteration       : 79
climbing        : no
zoom on         : no
nim             : 10
barrier         :   0.03030185 (image:  6) 
distance        :   0.00000000    8.74173042   12.04137913   15.25427805   18.76165190   23.14487693   25.44109377   27.53599536   40.86057075   61.00193131 
energy          : -2537.14379937  -2537.13650563  -2537.11868989  -2537.12163935  -2537.13541178  -2537.12776439  -2537.11349752  -2537.14535024  -2537.15621849  -2537.17943192 
max(|Fr_perp|)   :   0.00000000    0.00147805    0.00228259    0.00759811    0.00366782    0.00473542    0.01465694    0.01285876    0.00830313    0.00000000 
Fr_paral         :   0.00000000   -0.00263787   -0.00110754    0.00245264    0.00903548    0.00625575    0.02575138    0.00709947    0.00083675    0.00000000 
max(|Fsp_paral|) :   0.00000000    0.00059866    0.00260460    0.00186427    0.00479928    0.00964106    0.00840697    0.05035067    0.02001918    0.00000000 
max(|Fsp_perp|)  :   0.00000000    0.00000000    0.00000000    0.00000000    0.00000000    0.00000000    0.00000000    0.00000000    0.00000000    0.00000000 
max(|FNEB|)      :   0.00000000    0.00159133    0.00407842    0.00762646    0.00583774    0.01074321    0.01454334    0.05032283    0.01701426    0.00000000 
max(|Force|)     :   0.00009233    0.00134733    0.00239656    0.00758616    0.00563639    0.00702333    0.01480226    0.01266008    0.00831088    0.00034693 
ksp              :   0.03166325    0.08457806    0.08457806    0.07581780    0.05762573    0.10000000    0.10000000    0.01000000    0.01000000 
max(|step|)      :   0.00000000    0.00130547    0.00503006    0.00523761    0.01265856    0.01374450    0.01452242    0.02684145    0.01046494    0.00019594 
angle (deg.)     :    52.8785  90.7179  47.4275  107.0397  56.2926  80.1257  51.9485  46.6493 
>
iteration       : 80
climbing        : no
zoom on         : no
nim             : 10
barrier         :   0.03093758 (image:  6) 
distance        :   0.00000000    8.74395006   12.03394798   15.24985058   18.75226941   23.12567683   25.43135303   27.49911401   40.88806144   61.00479086 
energy          : -2537.14379937  -2537.13649890  -2537.11874729  -2537.12152768  -2537.13541911  -2537.12764636  -2537.11286179  -2537.14468326  -2537.15615708  -2537.17943192 
max(|Fr_perp|)   :   0.00000000    0.00238927    0.00232455    0.01440241    0.00428226    0.00820761    0.02225464    0.02022835    0.01372810    0.00000000 
Fr_paral         :   0.00000000   -0.00265984   -0.00111324    0.00240076    0.00903413    0.00678098    0.02545461    0.01065761    0.00083284    0.00000000 
max(|Fsp_paral|) :   0.00000000    0.00012307    0.00217321    0.00147102    0.00455975    0.00782626    0.00983929    0.04818166    0.01981729    0.00000000 
max(|Fsp_perp|)  :   0.00000000    0.00000000    0.00000000    0.00000000    0.00000000    0.00000000    0.00000000    0.00000000    0.00000000    0.00000000 
max(|FNEB|)      :   0.00000000    0.00236584    0.00363149    0.01443247    0.00568088    0.00891142    0.02219677    0.04839422    0.01911213    0.00000000 
max(|Force|)     :   0.00009233    0.00225681    0.00243919    0.01438667    0.00574229    0.00815963    0.02231655    0.01993651    0.01373541    0.00034693 
ksp              :   0.03123769    0.08287858    0.08287858    0.07479020    0.05699043    0.10000000    0.10000000    0.01000000    0.01000000 
max(|step|)      :   0.00000000    0.00274208    0.01951310    0.00729858    0.02587076    0.05106557    0.06365584    0.10000000    0.03443928    0.00192536 
angle (deg.)     :    52.7669  90.8265  46.8671  106.8817  57.6990  77.9809  53.3596  47.1509 
>
iteration       : 81
climbing        : no
zoom on         : no
nim             : 10
barrier         :   0.03324345 (image:  6) 
distance        :   0.00000000    8.74702034   12.00786321   15.23750505   18.71789903   23.06105116   25.38085899   27.36863513   41.00665059   61.02712869 
energy          : -2537.14379937  -2537.13651194  -2537.11898857  -2537.12156432  -2537.13449370  -2537.12695766  -2537.11055592  -2537.13987101  -2537.15581173  -2537.17943192 
max(|Fr_perp|)   :   0.00000000    0.00199697    0.00242418    0.01229080    0.01781739    0.01186019    0.02154806    0.03770374    0.01438398    0.00000000 
Fr_paral         :   0.00000000   -0.00269743   -0.00122367    0.00242946    0.00881666    0.00805667    0.02455697    0.01749113    0.00047606    0.00000000 
max(|Fsp_paral|) :   0.00000000    0.00219342    0.00085415    0.00158858    0.00099734    0.00395317    0.01322718    0.05568328    0.02467802    0.00000000 
max(|Fsp_perp|)  :   0.00000000    0.00000000    0.00000000    0.00000000    0.00000000    0.00000000    0.00000000    0.00000000    0.00000000    0.00000000 
max(|FNEB|)      :   0.00000000    0.00223707    0.00267683    0.01241695    0.01789160    0.01182893    0.02177010    0.05489029    0.02375173    0.00000000 
max(|Force|)     :   0.00009233    0.00192753    0.00255237    0.01236726    0.01786526    0.01197203    0.02179280    0.03680406    0.01449682    0.00034693 
ksp              :   0.02972687    0.07716024    0.07716024    0.07019209    0.05559978    0.10000000    0.10000000    0.02075164    0.01000000 
max(|step|)      :   0.00000000    0.00407554    0.00487669    0.02262140    0.03259520    0.02155014    0.03966111    0.10000000    0.04327129    0.00000000 
angle (deg.)     :    52.8121  90.7400  46.5382  106.8525  57.9908  76.3613  54.7514  46.6229 
>
iteration       : 82
climbing        : no
zoom on         : no
nim             : 10
barrier         :   0.03452565 (image:  6) 
distance        :   0.00000000    8.73812282   12.00578660   15.22980366   18.71423238   23.05202493   25.33578294   27.51573683   40.92029541   61.04094004 
energy          : -2537.14379937  -2537.13655628  -2537.11907111  -2537.12149097  -2537.13559809  -2537.12735284  -2537.10927372  -2537.14603257  -2537.15595383  -2537.17943192 
max(|Fr_perp|)   :   0.00000000    0.00318728    0.00235958    0.01421007    0.00310195    0.00884645    0.03324240    0.02849222    0.01975466    0.00000000 
Fr_paral         :   0.00000000   -0.00261363   -0.00124515    0.00235761    0.00917790    0.00728290    0.02391627    0.00653225    0.00232738    0.00000000 
max(|Fsp_paral|) :   0.00000000    0.00235962    0.00114943    0.00084179    0.00287951    0.00040298    0.00409767    0.05537961    0.01968046    0.00000000 
max(|Fsp_perp|)  :   0.00000000    0.00000000    0.00000000    0.00000000    0.00000000    0.00000000    0.00000000    0.00000000    0.00000000    0.00000000 
max(|FNEB|)      :   0.00000000    0.00361810    0.00270327    0.01420845    0.00446620    0.00880909    0.03347132    0.05538469    0.02121034    0.00000000 
max(|Force|)     :   0.00009233    0.00331166    0.00249126    0.01421155    0.00542576    0.00912619    0.03271496    0.02865822    0.01973236    0.00034693 
ksp              :   0.02888097    0.07446057    0.07446057    0.06815260    0.05287212    0.10000000    0.10000000    0.01000000    0.01000000 
max(|step|)      :   0.00000000    0.00251847    0.00112678    0.01110065    0.00535954    0.00666163    0.02464831    0.04460958    0.01685105    0.00062200 
angle (deg.)     :    52.8238  90.7311  46.5061  106.8356  57.9571  76.3331  54.5112  46.8429 
>
iteration       : 83
climbing        : no
zoom on         : no
nim             : 10
barrier         :   0.03354970 (image:  6) 
distance        :   0.00000000    8.73590834   12.00539009   15.23005619   18.71244693   23.05346795   25.33573327   27.44583992   40.94777155   61.03047932 
energy          : -2537.14379937  -2537.13657636  -2537.11909142  -2537.12168239  -2537.13563221  -2537.12748794  -2537.11024967  -2537.14610910  -2537.15656620  -2537.17943192 
max(|Fr_perp|)   :   0.00000000    0.00048068    0.00235091    0.00080160    0.00278956    0.00414922    0.00516355    0.00707622    0.00261262    0.00000000 
Fr_paral         :   0.00000000   -0.00259294   -0.00129491    0.00247860    0.00917487    0.00692807    0.02445673    0.01275726    0.00125639    0.00000000 
max(|Fsp_paral|) :   0.00000000    0.00188366    0.00121567    0.00147858    0.00286546    0.00212417    0.00675341    0.05017328    0.01944433    0.00000000 
max(|Fsp_perp|)  :   0.00000000    0.00000000    0.00000000    0.00000000    0.00000000    0.00000000    0.00000000    0.00000000    0.00000000    0.00000000 
max(|FNEB|)      :   0.00000000    0.00159413    0.00271504    0.00154868    0.00445808    0.00322175    0.01024067    0.05042352    0.01966344    0.00000000 
max(|Force|)     :   0.00009233    0.00062227    0.00248883    0.00088243    0.00550666    0.00644561    0.01095176    0.00909128    0.00270464    0.00034693 
ksp              :   0.02937635    0.07628124    0.07628124    0.06933074    0.05375684    0.10000000    0.10000000    0.01000000    0.01000000 
max(|step|)      :   0.00000000    0.00233827    0.00334080    0.00949772    0.00655152    0.00562724    0.01751114    0.10000000    0.03847529    0.00139060 
angle (deg.)     :    52.8456  90.7000  46.3614  106.7981  58.0092  75.7612  54.2688  47.3404 
>
iteration       : 84
climbing        : no
zoom on         : no
nim             : 10
barrier         :   0.03418596 (image:  6) 
distance        :   0.00000000    8.73063692   12.00322677   15.22683595   18.70599952   23.05264356   25.32526791   27.28796843   41.01604745   61.00931291 
energy          : -2537.14379937  -2537.13660016  -2537.11914806  -2537.12155563  -2537.13557916  -2537.12747724  -2537.10961341  -2537.14310872  -2537.15629238  -2537.17943192 
max(|Fr_perp|)   :   0.00000000    0.00239287    0.00234104    0.01262072    0.00453684    0.00718377    0.02398240    0.02201241    0.01475951    0.00000000 
Fr_paral         :   0.00000000   -0.00253926   -0.00129776    0.00241719    0.00917033    0.00698736    0.02339187    0.02172092   -0.00083517    0.00000000 
max(|Fsp_paral|) :   0.00000000    0.00200024    0.00130051    0.00093974    0.00295663    0.00123169    0.01209117    0.02217562    0.01119414    0.00000000 
max(|Fsp_perp|)  :   0.00000000    0.00000000    0.00000000    0.00000000    0.00000000    0.00000000    0.00000000    0.00000000    0.00000000    0.00000000 
max(|FNEB|)      :   0.00000000    0.00241553    0.00276617    0.01282054    0.00470223    0.00732850    0.02423328    0.02344371    0.01522964    0.00000000 
max(|Force|)     :   0.00009233    0.00230398    0.00248085    0.01278503    0.00562472    0.00725969    0.02442535    0.02180332    0.01495048    0.00034693 
ksp              :   0.02894917    0.07488246    0.07488246    0.06855434    0.05296531    0.10000000    0.10000000    0.01185124    0.01000000 
max(|step|)      :   0.00000000    0.00393824    0.00450992    0.02090242    0.00766644    0.01194828    0.03950959    0.03822227    0.02483018    0.00000000 
angle (deg.)     :    52.8746  90.6586  46.1525  106.7626  58.1753  74.0047  55.0623  47.5415 
>
iteration       : 85
climbing        : no
zoom on         : no
nim             : 10
barrier         :   0.03526029 (image:  6) 
distance        :   0.00000000    8.72325770   12.00047972   15.22445413   18.69884788   23.05154464   25.28270064   27.22014485   41.05334287   61.00096986 
energy          : -2537.14379937  -2537.13663697  -2537.11922382  -2537.12150089  -2537.13569331  -2537.12757224  -2537.10853908  -2537.14288561  -2537.15631333  -2537.17943192 
max(|Fr_perp|)   :   0.00000000    0.00299526    0.00232248    0.01372172    0.00281096    0.00839955    0.03007364    0.02504730    0.01684099    0.00000000 
Fr_paral         :   0.00000000   -0.00248985   -0.00131477    0.00234608    0.00927708    0.00662229    0.02268041    0.02218493   -0.00089103    0.00000000 
max(|Fsp_paral|) :   0.00000000    0.00217595    0.00137034    0.00064776    0.00311595    0.00028530    0.01139622    0.01524887    0.00872932    0.00000000 
max(|Fsp_perp|)  :   0.00000000    0.00000000    0.00000000    0.00000000    0.00000000    0.00000000    0.00000000    0.00000000    0.00000000    0.00000000 
max(|FNEB|)      :   0.00000000    0.00339211    0.00285648    0.01371975    0.00460894    0.00837312    0.03071008    0.02551048    0.01673878    0.00000000 
max(|Force|)     :   0.00009233    0.00311342    0.00246348    0.01372406    0.00553006    0.00865126    0.02958217    0.02512725    0.01684836    0.00034693 
ksp              :   0.02828163    0.07272778    0.07272778    0.06691567    0.05141889    0.10000000    0.10000000    0.01233232    0.01000000 
max(|step|)      :   0.00000000    0.00255268    0.00395396    0.00264442    0.00642385    0.00424601    0.02035532    0.02694762    0.01086189    0.00021164 
angle (deg.)     :    52.9030  90.6278  46.0011  106.7271  58.3032  72.5050  55.8114  47.6926 
>
iteration       : 86
climbing        : no
zoom on         : no
nim             : 10
barrier         :   0.03554243 (image:  6) 
distance        :   0.00000000    8.71659146   11.99831517   15.22348015   18.69353170   23.05270544   25.24733642   27.17152641   41.08445671   60.99807765 
energy          : -2537.14379937  -2537.13667531  -2537.11929097  -2537.12158871  -2537.13571061  -2537.12766167  -2537.10825694  -2537.14296017  -2537.15657350  -2537.17943192 
max(|Fr_perp|)   :   0.00000000    0.00208415    0.00230312    0.01010262    0.00283014    0.00616055    0.01887425    0.01702031    0.01163155    0.00000000 
Fr_paral         :   0.00000000   -0.00243417   -0.00135873    0.00239171    0.00932709    0.00622649    0.02241767    0.02254712   -0.00084786    0.00000000 
max(|Fsp_paral|) :   0.00000000    0.00206125    0.00144595    0.00083367    0.00293075    0.00092384    0.01042788    0.01557394    0.00923113    0.00000000 
max(|Fsp_perp|)  :   0.00000000    0.00000000    0.00000000    0.00000000    0.00000000    0.00000000    0.00000000    0.00000000    0.00000000    0.00000000 
max(|FNEB|)      :   0.00000000    0.00246197    0.00293719    0.01009789    0.00445201    0.00608337    0.01938646    0.01749073    0.01221577    0.00000000 
max(|Force|)     :   0.00009233    0.00220016    0.00245006    0.01010706    0.00550158    0.00637315    0.01845040    0.01677375    0.01163809    0.00034693 
ksp              :   0.02803944    0.07205981    0.07205981    0.06624150    0.05086365    0.10000000    0.10000000    0.01212501    0.01000000 
max(|step|)      :   0.00000000    0.00928371    0.01473468    0.00577239    0.02353288    0.01412187    0.07455292    0.10000000    0.04080238    0.00232764 
angle (deg.)     :    53.0059  90.5216  45.4550  106.6193  58.8516  67.0753  59.0016  48.2588 
>
iteration       : 87
climbing        : no
zoom on         : no
nim             : 10
barrier         :   0.03753758 (image:  6) 
distance        :   0.00000000    8.69236842   11.99014166   15.21931846   18.67544879   23.05836480   25.12538563   27.01646363   41.22763093   61.01419007 
energy          : -2537.14379937  -2537.13680112  -2537.11954033  -2537.12168092  -2537.13569871  -2537.12782348  -2537.10626179  -2537.14212728  -2537.15690960  -2537.17943192 
max(|Fr_perp|)   :   0.00000000    0.00098570    0.00223625    0.00312111    0.00748773    0.00429712    0.00585678    0.01402633    0.00371799    0.00000000 
Fr_paral         :   0.00000000   -0.00223466   -0.00146655    0.00242802    0.00942568    0.00532226    0.02036484    0.02386301   -0.00084113    0.00000000 
max(|Fsp_paral|) :   0.00000000    0.00206907    0.00166430    0.00075240    0.00222587    0.00203147    0.00661249    0.00693483    0.00064496    0.00000000 
max(|Fsp_perp|)  :   0.00000000    0.00000000    0.00000000    0.00000000    0.00000000    0.00000000    0.00000000    0.00000000    0.00000000    0.00000000 
max(|FNEB|)      :   0.00000000    0.00174745    0.00318326    0.00319352    0.00762021    0.00437759    0.01092497    0.01446538    0.00370581    0.00000000 
max(|Force|)     :   0.00009233    0.00062943    0.00239788    0.00321051    0.00752393    0.00432042    0.01123251    0.01474001    0.00376037    0.00034693 
ksp              :   0.02678026    0.06816614    0.06816614    0.06303286    0.04830959    0.10000000    0.10000000    0.01407117    0.01000000 
max(|step|)      :   0.00000000    0.00427552    0.00778856    0.00781368    0.01864457    0.01071077    0.02673040    0.03539281    0.00906711    0.00000000 
angle (deg.)     :    53.0424  90.5142  45.2506  106.5752  59.1622  64.9864  60.3497  48.2333 
>
iteration       : 88
climbing        : no
zoom on         : no
nim             : 10
barrier         :   0.03779094 (image:  6) 
distance        :   0.00000000    8.68055190   11.98563210   15.21927724   18.67273839   23.06212653   25.09865226   27.04306853   41.25551412   61.04067320 
energy          : -2537.14379937  -2537.13685699  -2537.11966020  -2537.12165711  -2537.13587675  -2537.12787384  -2537.10600843  -2537.14372316  -2537.15699265  -2537.17943192 
max(|Fr_perp|)   :   0.00000000    0.00107533    0.00223875    0.00707509    0.00426042    0.00403482    0.00705393    0.01039891    0.00765124    0.00000000 
Fr_paral         :   0.00000000   -0.00216694   -0.00149999    0.00242385    0.00930961    0.00564866    0.01871982    0.02218180   -0.00000773    0.00000000 
max(|Fsp_paral|) :   0.00000000    0.00188180    0.00171419    0.00052778    0.00228681    0.00266479    0.00344404    0.03155331    0.01621308    0.00000000 
max(|Fsp_perp|)  :   0.00000000    0.00000000    0.00000000    0.00000000    0.00000000    0.00000000    0.00000000    0.00000000    0.00000000    0.00000000 
max(|FNEB|)      :   0.00000000    0.00158605    0.00324075    0.00708498    0.00423897    0.00418902    0.00725985    0.03482726    0.01485136    0.00000000 
max(|Force|)     :   0.00009233    0.00110773    0.00240626    0.00706000    0.00543699    0.00416031    0.00937531    0.01336532    0.00765120    0.00034693 
ksp              :   0.02653344    0.06748799    0.06748799    0.06273230    0.04792703    0.10000000    0.10000000    0.01018149    0.01000000 
max(|step|)      :   0.00000000    0.00244799    0.00463725    0.00142380    0.00560604    0.00369254    0.01375380    0.01430111    0.00543921    0.00009605 
angle (deg.)     :    53.0612  90.5119  45.1315  106.5545  59.3372  63.9104  60.9638  48.3263 
>
iteration       : 89
climbing        : no
zoom on         : no
nim             : 10
barrier         :   0.03784318 (image:  6) 
distance        :   0.00000000    8.67378383   11.98280104   15.21960851   18.67109273   23.06400983   25.08834543   27.02789445   41.28935809   61.05286200 
energy          : -2537.14379937  -2537.13689007  -2537.11973205  -2537.12167532  -2537.13584922  -2537.12784363  -2537.10595619  -2537.14351993  -2537.15704256  -2537.17943192 
max(|Fr_perp|)   :   0.00000000    0.00101794    0.00223415    0.00563094    0.00660704    0.00413291    0.00537157    0.01458423    0.00619608    0.00000000 
Fr_paral         :   0.00000000   -0.00213915   -0.00152270    0.00242917    0.00923770    0.00578587    0.01790849    0.02282003   -0.00010284    0.00000000 
max(|Fsp_paral|) :   0.00000000    0.00175118    0.00172723    0.00050522    0.00200142    0.00322675    0.00315537    0.02636429    0.01390831    0.00000000 
max(|Fsp_perp|)  :   0.00000000    0.00000000    0.00000000    0.00000000    0.00000000    0.00000000    0.00000000    0.00000000    0.00000000    0.00000000 
max(|FNEB|)      :   0.00000000    0.00145657    0.00324705    0.00564014    0.00659173    0.00402766    0.00670198    0.03048779    0.01252143    0.00000000 
max(|Force|)     :   0.00009233    0.00089795    0.00240519    0.00561621    0.00663278    0.00427197    0.00899499    0.01706754    0.00619548    0.00034693 
ksp              :   0.02643196    0.06723778    0.06723778    0.06261621    0.04794651    0.10000000    0.10000000    0.01066458    0.01000000 
max(|step|)      :   0.00000000    0.01750598    0.03594132    0.01054716    0.04099912    0.03246483    0.09768362    0.10000000    0.03555380    0.00260782 
angle (deg.)     :    53.1874  90.5210  44.2822  106.4710  60.8411  57.0440  65.9408  48.9287 
>
iteration       : 90
climbing        : no
zoom on         : no
nim             : 10
barrier         :   0.03792316 (image:  6) 
distance        :   0.00000000    8.62497102   11.95944165   15.22332067   18.66661956   23.07888012   25.04695196   27.00297629   41.59159283   61.21009095 
energy          : -2537.14379937  -2537.13711996  -2537.12029541  -2537.12170700  -2537.13640266  -2537.12784190  -2537.10587621  -2537.14463839  -2537.15741912  -2537.17943192 
max(|Fr_perp|)   :   0.00000000    0.00105565    0.00215158    0.00519195    0.00291120    0.00240765    0.00479913    0.00872017    0.00376166    0.00000000 
Fr_paral         :   0.00000000   -0.00188404   -0.00162580    0.00241051    0.00905817    0.00619076    0.01279450    0.02574333   -0.00010577    0.00000000 
max(|Fsp_paral|) :   0.00000000    0.00093074    0.00165048    0.00008951    0.00135834    0.00534827    0.00046284    0.02885219    0.01547275    0.00000000 
max(|Fsp_perp|)  :   0.00000000    0.00000000    0.00000000    0.00000000    0.00000000    0.00000000    0.00000000    0.00000000    0.00000000    0.00000000 
max(|FNEB|)      :   0.00000000    0.00092172    0.00309649    0.00526837    0.00317056    0.00552040    0.00482948    0.03402230    0.01362861    0.00000000 
max(|Force|)     :   0.00009233    0.00073155    0.00234143    0.00525402    0.00486676    0.00328361    0.00798969    0.01427531    0.00381992    0.00034693 
ksp              :   0.02585092    0.06577743    0.06577743    0.06242789    0.04786708    0.10000000    0.10000000    0.01000000    0.01000000 
max(|step|)      :   0.00000000    0.00270915    0.00910137    0.01548504    0.00931905    0.01622582    0.01419504    0.10000000    0.04005786    0.00000000 
angle (deg.)     :    53.1464  90.5359  44.1388  106.4700  61.3136  55.9775  66.3882  49.4031 
>
iteration       : 91
climbing        : no
zoom on         : no
nim             : 10
barrier         :   0.03765621 (image:  6) 
distance        :   0.00000000    8.61799712   11.94850353   15.22571475   18.66575503   23.07133397   25.08013317   26.89597154   41.71335496   61.23087774 
energy          : -2537.14379937  -2537.13715620  -2537.12044308  -2537.12158966  -2537.13655181  -2537.12765633  -2537.10614316  -2537.14086484  -2537.15722890  -2537.17943192 
max(|Fr_perp|)   :   0.00000000    0.00208782    0.00209357    0.01322572    0.00332406    0.00698020    0.01359929    0.01629052    0.01100725    0.00000000 
Fr_paral         :   0.00000000   -0.00190151   -0.00162285    0.00229901    0.00901387    0.00660256    0.01205457    0.03269749   -0.00205189    0.00000000 
max(|Fsp_paral|) :   0.00000000    0.00096907    0.00124297    0.00044020    0.00106514    0.00485148    0.00696615    0.04011359    0.01778186    0.00000000 
max(|Fsp_perp|)  :   0.00000000    0.00000000    0.00000000    0.00000000    0.00000000    0.00000000    0.00000000    0.00000000    0.00000000    0.00000000 
max(|FNEB|)      :   0.00000000    0.00226313    0.00276445    0.01322918    0.00333814    0.00688745    0.01403639    0.03472190    0.02234559    0.00000000 
max(|Force|)     :   0.00009233    0.00217579    0.00228517    0.01323189    0.00472484    0.00721583    0.01332623    0.01602804    0.01101924    0.00034693 
ksp              :   0.02587748    0.06582258    0.06582258    0.06308220    0.04858259    0.10000000    0.10000000    0.01701365    0.01000000 
max(|step|)      :   0.00000000    0.00162424    0.00079157    0.01116218    0.00381374    0.00557877    0.01131283    0.04159591    0.02176146    0.00058302 
angle (deg.)     :    53.1473  90.5263  44.1587  106.4660  61.3270  55.8723  66.7774  49.1965 
>
iteration       : 92
climbing        : no
zoom on         : no
nim             : 10
barrier         :   0.03761630 (image:  6) 
distance        :   0.00000000    8.61798232   11.94862931   15.22576921   18.66602655   23.07173189   25.06938705   26.96632056   41.69060841   61.24971880 
energy          : -2537.14379937  -2537.13715994  -2537.12044220  -2537.12175034  -2537.13658415  -2537.12770997  -2537.10618307  -2537.14354189  -2537.15750748  -2537.17943192 
max(|Fr_perp|)   :   0.00000000    0.00098594    0.00209201    0.00090261    0.00245420    0.00210199    0.00468915    0.00529565    0.00284724    0.00000000 
Fr_paral         :   0.00000000   -0.00189338   -0.00166328    0.00240545    0.00897670    0.00651366    0.01230644    0.02929487   -0.00074747    0.00000000 
max(|Fsp_paral|) :   0.00000000    0.00093182    0.00125518    0.00000703    0.00079911    0.00512252    0.00364771    0.01896941    0.01217826    0.00000000 
max(|Fsp_perp|)  :   0.00000000    0.00000000    0.00000000    0.00000000    0.00000000    0.00000000    0.00000000    0.00000000    0.00000000    0.00000000 
max(|FNEB|)      :   0.00000000    0.00093471    0.00274980    0.00090273    0.00270002    0.00534306    0.00584750    0.02332443    0.00933102    0.00000000 
max(|Force|)     :   0.00009233    0.00061296    0.00228894    0.00089415    0.00473978    0.00359965    0.00625627    0.01237121    0.00307900    0.00034693 
ksp              :   0.02588537    0.06588389    0.06588389    0.06275406    0.04849516    0.10000000    0.10000000    0.01061604    0.01000000 
max(|step|)      :   0.00000000    0.00104376    0.00320955    0.00085405    0.00322314    0.00598090    0.00609106    0.01862030    0.00574013    0.00025166 
angle (deg.)     :    53.1324  90.5211  44.1163  106.4653  61.5240  55.3936  67.1734  49.2868 
>
iteration       : 93
climbing        : no
zoom on         : no
nim             : 10
barrier         :   0.03756713 (image:  6) 
distance        :   0.00000000    8.61533442   11.94458271   15.22610308   18.66606853   23.06932914   25.07439586   26.95736081   41.72838341   61.26662951 
energy          : -2537.14379937  -2537.13717484  -2537.12049742  -2537.12175795  -2537.13664407  -2537.12765210  -2537.10623224  -2537.14314991  -2537.15752926  -2537.17943192 
max(|Fr_perp|)   :   0.00000000    0.00095699    0.00207172    0.00134536    0.00247307    0.00216566    0.00461286    0.00548304    0.00300242    0.00000000 
Fr_paral         :   0.00000000   -0.00190529   -0.00167474    0.00240160    0.00892283    0.00666896    0.01209871    0.03012450   -0.00088495    0.00000000 
max(|Fsp_paral|) :   0.00000000    0.00095455    0.00111864    0.00001413    0.00059730    0.00509500    0.00442775    0.00991215    0.00767172    0.00000000 
max(|Fsp_perp|)  :   0.00000000    0.00000000    0.00000000    0.00000000    0.00000000    0.00000000    0.00000000    0.00000000    0.00000000    0.00000000 
max(|FNEB|)      :   0.00000000    0.00095810    0.00262764    0.00134511    0.00254115    0.00534188    0.00665201    0.01416018    0.00466930    0.00000000 
max(|Force|)     :   0.00009233    0.00062095    0.00227077    0.00133093    0.00468789    0.00375386    0.00615033    0.01291282    0.00327740    0.00034693 
ksp              :   0.02587047    0.06582475    0.06582475    0.06280488    0.04868421    0.10000000    0.10000000    0.01155591    0.01000000 
max(|step|)      :   0.00000000    0.00581006    0.01647558    0.00520435    0.01622668    0.03256245    0.03738139    0.06013809    0.01849617    0.00132442 
angle (deg.)     :    53.0563  90.4509  43.9032  106.4763  62.6649  52.7904  69.7600  49.5859 
>
iteration       : 94
climbing        : no
zoom on         : no
nim             : 10
barrier         :   0.03745113 (image:  6) 
distance        :   0.00000000    8.60065923   11.92318446   15.22534247   18.66836495   23.05842188   25.08945154   26.98098942   41.91868413   61.38201897 
energy          : -2537.14379937  -2537.13725563  -2537.12079321  -2537.12179048  -2537.13701725  -2537.12731332  -2537.10634824  -2537.14302086  -2537.15769097  -2537.17943192 
max(|Fr_perp|)   :   0.00000000    0.00085284    0.00197105    0.00371390    0.00251290    0.00258193    0.00440741    0.00523720    0.00349490    0.00000000 
Fr_paral         :   0.00000000   -0.00190254   -0.00173012    0.00237284    0.00850709    0.00749456    0.01066824    0.03128124   -0.00068228    0.00000000 
max(|Fsp_paral|) :   0.00000000    0.00110339    0.00047353    0.00032588    0.00044965    0.00530724    0.00509535    0.00629731    0.00540188    0.00000000 
max(|Fsp_perp|)  :   0.00000000    0.00000000    0.00000000    0.00000000    0.00000000    0.00000000    0.00000000    0.00000000    0.00000000    0.00000000 
max(|FNEB|)      :   0.00000000    0.00106859    0.00213228    0.00371894    0.00272208    0.00568067    0.00726042    0.01032052    0.00416826    0.00000000 
max(|Force|)     :   0.00009233    0.00071591    0.00218778    0.00372656    0.00430577    0.00452834    0.00585405    0.01300848    0.00346836    0.00034693 
ksp              :   0.02572548    0.06528683    0.06528683    0.06289027    0.04961815    0.10000000    0.10000000    0.01187087    0.01000000 
max(|step|)      :   0.00000000    0.01038048    0.02677915    0.00813471    0.02536436    0.05747535    0.06663411    0.10000000    0.03073711    0.00223009 
angle (deg.)     :    52.9448  90.2725  43.6455  106.5401  64.8115  49.1707  74.3293  50.0846 
>
iteration       : 95
climbing        : no
zoom on         : no
nim             : 10
barrier         :   0.03702656 (image:  6) 
distance        :   0.00000000    8.57434737   11.88803262   15.22392712   18.67969686   23.04989613   25.12823520   27.06404632   42.27752995   61.61868986 
energy          : -2537.14379937  -2537.13739567  -2537.12129827  -2537.12186720  -2537.13771089  -2537.12661258  -2537.10677282  -2537.14298767  -2537.15795789  -2537.17943192 
max(|Fr_perp|)   :   0.00000000    0.00071142    0.00180853    0.00488824    0.00263295    0.00343287    0.00645123    0.00741883    0.00488435    0.00000000 
Fr_paral         :   0.00000000   -0.00186738   -0.00181169    0.00235861    0.00760666    0.00885335    0.00755511    0.03278415   -0.00052352    0.00000000 
max(|Fsp_paral|) :   0.00000000    0.00122042    0.00051290    0.00104636    0.00245898    0.00639281    0.00524565    0.00542145    0.00355018    0.00000000 
max(|Fsp_perp|)  :   0.00000000    0.00000000    0.00000000    0.00000000    0.00000000    0.00000000    0.00000000    0.00000000    0.00000000    0.00000000 
max(|FNEB|)      :   0.00000000    0.00116653    0.00178094    0.00501840    0.00370984    0.00699227    0.00687750    0.00912657    0.00505618    0.00000000 
max(|Force|)     :   0.00009233    0.00076767    0.00229053    0.00502327    0.00373276    0.00570521    0.00677711    0.01307994    0.00501802    0.00034693 
ksp              :   0.02556500    0.06469000    0.06469000    0.06330885    0.05176754    0.10000000    0.10000000    0.01197002    0.01000000 
max(|step|)      :   0.00000000    0.00430507    0.00657256    0.01852038    0.01369115    0.02580496    0.02538139    0.03368159    0.01865982    0.00000000 
angle (deg.)     :    52.9136  89.9437  43.6812  106.5234  65.7433  47.7114  75.7018  50.2226 
>
iteration       : 96
climbing        : no
zoom on         : no
nim             : 10
barrier         :   0.03732445 (image:  6) 
distance        :   0.00000000    8.56304175   11.87716958   15.21831888   18.69565653   23.03626911   25.13394598   27.07479096   42.36303283   61.67076971 
energy          : -2537.14379937  -2537.13744193  -2537.12144305  -2537.12162535  -2537.13818459  -2537.12622635  -2537.10647492  -2537.14158247  -2537.15766759  -2537.17943192 
max(|Fr_perp|)   :   0.00000000    0.00305650    0.00179635    0.01796335    0.00265284    0.00837671    0.02660355    0.02970806    0.01894942    0.00000000 
Fr_paral         :   0.00000000   -0.00182737   -0.00178684    0.00217487    0.00684027    0.00935975    0.00518444    0.03463013   -0.00106157    0.00000000 
max(|Fsp_paral|) :   0.00000000    0.00128403    0.00061167    0.00252660    0.00215524    0.00605711    0.00576632    0.01825062    0.01308398    0.00000000 
max(|Fsp_perp|)  :   0.00000000    0.00000000    0.00000000    0.00000000    0.00000000    0.00000000    0.00000000    0.00000000    0.00000000    0.00000000 
max(|FNEB|)      :   0.00000000    0.00328513    0.00183864    0.01798603    0.00357084    0.00844459    0.02707778    0.02967727    0.01912813    0.00000000 
max(|Force|)     :   0.00009233    0.00313840    0.00230019    0.01797022    0.00359937    0.00877040    0.02644678    0.02968175    0.01895399    0.00034693 
ksp              :   0.02532961    0.06390751    0.06390751    0.06346795    0.05237362    0.10000000    0.10000000    0.01534558    0.01000000 
max(|step|)      :   0.00000000    0.00135661    0.00153942    0.00651333    0.00308512    0.00582740    0.01024806    0.01115061    0.00756092    0.00002212 
angle (deg.)     :    52.9073  89.8677  43.7162  106.5144  65.9485  47.4271  76.1012  50.1875 
>
iteration       : 97
climbing        : no
zoom on         : no
nim             : 10
barrier         :   0.03680742 (image:  6) 
distance        :   0.00000000    8.56037055   11.87469814   15.21895058   18.69959622   23.03381294   25.13517780   27.10256530   42.37721560   61.69330753 
energy          : -2537.14379937  -2537.13746013  -2537.12147857  -2537.12186284  -2537.13828854  -2537.12619994  -2537.10699195  -2537.14281628  -2537.15803560  -2537.17943192 
max(|Fr_perp|)   :   0.00000000    0.00155366    0.00177937    0.00959870    0.00269340    0.00452213    0.01207182    0.01361526    0.00881087    0.00000000 
Fr_paral         :   0.00000000   -0.00181694   -0.00185459    0.00230318    0.00665691    0.00925115    0.00516690    0.03424274   -0.00063253    0.00000000 
max(|Fsp_paral|) :   0.00000000    0.00107212    0.00068966    0.00195254    0.00268390    0.00678952    0.00492392    0.00323786    0.00116344    0.00000000 
max(|Fsp_perp|)  :   0.00000000    0.00000000    0.00000000    0.00000000    0.00000000    0.00000000    0.00000000    0.00000000    0.00000000    0.00000000 
max(|FNEB|)      :   0.00000000    0.00174669    0.00192563    0.00962658    0.00381375    0.00744356    0.01239202    0.01362074    0.00879728    0.00000000 
max(|Force|)     :   0.00009233    0.00163597    0.00230579    0.00961030    0.00358596    0.00593527    0.01215583    0.01450141    0.00881319    0.00034693 
ksp              :   0.02550045    0.06457792    0.06457792    0.06363831    0.05303340    0.10000000    0.10000000    0.01240380    0.01000000 
max(|step|)      :   0.00000000    0.00697728    0.01086959    0.00994694    0.02216825    0.04216210    0.04032288    0.02816949    0.01939418    0.00145486 
angle (deg.)     :    52.8596  89.3335  43.8928  106.4814  67.5451  45.7724  78.4589  50.2231 
>
iteration       : 98
climbing        : no
zoom on         : no
nim             : 10
barrier         :   0.03612271 (image:  6) 
distance        :   0.00000000    8.54208420   11.85714035   15.21685151   18.72782337   23.01805022   25.15427746   27.20690527   42.51600978   61.82387225 
energy          : -2537.14379937  -2537.13754716  -2537.12171721  -2537.12204043  -2537.13899765  -2537.12564707  -2537.10767666  -2537.14390002  -2537.15826867  -2537.17943192 
max(|Fr_perp|)   :   0.00000000    0.00084829    0.00172340    0.00379252    0.00278276    0.00460019    0.00984550    0.01073374    0.00629367    0.00000000 
Fr_paral         :   0.00000000   -0.00173843   -0.00195741    0.00236274    0.00537840    0.00968635    0.00156459    0.03445655    0.00012287    0.00000000 
max(|Fsp_paral|) :   0.00000000    0.00073910    0.00104322    0.00249309    0.00373864    0.00791454    0.00306508    0.02132463    0.01257813    0.00000000 
max(|Fsp_perp|)  :   0.00000000    0.00000000    0.00000000    0.00000000    0.00000000    0.00000000    0.00000000    0.00000000    0.00000000    0.00000000 
max(|FNEB|)      :   0.00000000    0.00088507    0.00226866    0.00373520    0.00424360    0.00866167    0.00967837    0.02718155    0.00989826    0.00000000 
max(|Force|)     :   0.00009233    0.00082313    0.00233610    0.00377319    0.00342233    0.00630928    0.00987678    0.01466482    0.00629397    0.00034693 
ksp              :   0.02557743    0.06501787    0.06501787    0.06421256    0.05522660    0.10000000    0.10000000    0.01000000    0.01000000 
max(|step|)      :   0.00000000    0.01635996    0.02580662    0.02301954    0.05242849    0.10000000    0.09351808    0.07451861    0.04005907    0.00363608 
angle (deg.)     :    52.7592  88.1059  44.3831  106.4857  71.7202  44.2543  83.3516  50.3566 
>
iteration       : 99
climbing        : no
zoom on         : no
nim             : 10
barrier         :   0.02624557 (image:  6) 
distance        :   0.00000000    8.49957147   11.81680620   15.21464011   18.79932200   23.00600011   25.24436286   27.50544832   42.91774947   62.19548086 
energy          : -2537.14379937  -2537.13773015  -2537.12226828  -2537.12191908  -2537.14037779  -2537.12402172  -2537.11755380  -2537.14411347  -2537.15783721  -2537.17943192 
max(|Fr_perp|)   :   0.00000000    0.00372487    0.00242050    0.02112359    0.00385155    0.00887099    0.03595292    0.03895691    0.02421168    0.00000000 
Fr_paral         :   0.00000000   -0.00154740   -0.00216046    0.00220109    0.00219034    0.01111755   -0.00715398    0.03497871    0.00141450    0.00000000 
max(|Fsp_paral|) :   0.00000000    0.00401329    0.00395595    0.00572173    0.00774774    0.03370511    0.00076242    0.02658562    0.01216277    0.00000000 
max(|Fsp_perp|)  :   0.00000000    0.00000000    0.00000000    0.00000000    0.00000000    0.00000000    0.00000000    0.00000000    0.00000000    0.00000000 
max(|FNEB|)      :   0.00000000    0.00449996    0.00471492    0.02110832    0.00749420    0.03487853    0.03622141    0.03901198    0.02439437    0.00000000 
max(|Force|)     :   0.00009233    0.00368126    0.00245421    0.02126665    0.00357466    0.00874172    0.03608002    0.03931371    0.02438084    0.00034693 
ksp              :   0.03079187    0.08376063    0.08497708    0.08497708    0.07773767    0.10000000    0.10000000    0.01000000    0.01000000 
max(|step|)      :   0.00000000    0.00943628    0.00988705    0.04426347    0.01571510    0.07313916    0.07595514    0.08180688    0.05115421    0.00000000 
angle (deg.)     :    52.5040  87.5919  44.7377  106.2415  74.6193  43.9241  82.8015  50.5702 
>
iteration       : 100
climbing        : no
zoom on         : no
nim             : 10
barrier         :   0.02650952 (image:  6) 
distance        :   0.00000000    8.51945675   11.79381549   15.20265009   18.79401493   22.91365758   25.37797021   27.48194649   43.00006431   62.22511182 
energy          : -2537.14379937  -2537.13765698  -2537.12229920  -2537.12116695  -2537.14073289  -2537.12178041  -2537.11728985  -2537.13649327  -2537.15641930  -2537.17943192 
max(|Fr_perp|)   :   0.00000000    0.00703224    0.00304449    0.03507256    0.00381858    0.01053557    0.06825045    0.07625571    0.04834449    0.00000000 
Fr_paral         :   0.00000000   -0.00180729   -0.00226494    0.00167864    0.00167735    0.01338397   -0.00888855    0.03627460   -0.00106966    0.00000000 
max(|Fsp_paral|) :   0.00000000    0.00221561    0.00883755    0.00564241    0.01350719    0.03364508    0.01256698    0.12270246    0.11058346    0.00000000 
max(|Fsp_perp|)  :   0.00000000    0.00000000    0.00000000    0.00000000    0.00000000    0.00000000    0.00000000    0.00000000    0.00000000    0.00000000 
max(|FNEB|)      :   0.00000000    0.00665367    0.00854337    0.03506630    0.01336312    0.03542668    0.07002128    0.12584479    0.11530170    0.00000000 
max(|Force|)     :   0.00009233    0.00710916    0.00302943    0.03507190    0.00338667    0.01108305    0.06868727    0.07604396    0.04834947    0.00034693 
ksp              :   0.03085344    0.08299323    0.08683723    0.08683723    0.08475452    0.10000000    0.10000000    0.03480426    0.01000000 
max(|step|)      :   0.00000000    0.00329093    0.00159407    0.01608526    0.00182097    0.01126123    0.02922370    0.03225179    0.02352936    0.00033620 
angle (deg.)     :    52.5524  87.6364  44.6794  106.2657  74.1371  43.8196  83.1707  50.3870 
>
iteration       : 101
climbing        : no
zoom on         : no
nim             : 10
barrier         :   0.02358711 (image:  6) 
distance        :   0.00000000    8.51566491   11.79798329   15.20280350   18.79422579   22.92482895   25.34634111   27.54456323   42.97499740   62.24844226 
energy          : -2537.14379937  -2537.13770041  -2537.12229656  -2537.12211715  -2537.14068493  -2537.12226771  -2537.12021226  -2537.14338657  -2537.15844392  -2537.17943192 
max(|Fr_perp|)   :   0.00000000    0.00292123    0.00173282    0.01594352    0.00385704    0.00829542    0.02366872    0.02643584    0.01762829    0.00000000 
Fr_paral         :   0.00000000   -0.00177409   -0.00221276    0.00218634    0.00163820    0.01258144   -0.00620053    0.03587776    0.00060295    0.00000000 
max(|Fsp_paral|) :   0.00000000    0.00468318    0.00495366    0.00627571    0.01733047    0.04537661    0.00753501    0.01533331    0.00446594    0.00000000 
max(|Fsp_perp|)  :   0.00000000    0.00000000    0.00000000    0.00000000    0.00000000    0.00000000    0.00000000    0.00000000    0.00000000    0.00000000 
max(|FNEB|)      :   0.00000000    0.00505652    0.00544590    0.01602590    0.01720274    0.04692651    0.02452310    0.02662696    0.01758872    0.00000000 
max(|Force|)     :   0.00009233    0.00299919    0.00253839    0.01595393    0.00344264    0.00999092    0.02387973    0.02626946    0.01762660    0.00034693 
ksp              :   0.03327147    0.09204704    0.09273162    0.09273162    0.09215713    0.10000000    0.10000000    0.01157509    0.01000000 
max(|step|)      :   0.00000000    0.00329204    0.00401290    0.00470437    0.00836092    0.02878493    0.00872984    0.00846961    0.00570010    0.00016610 
angle (deg.)     :    52.4654  87.4209  44.8292  106.1297  75.3000  43.6061  83.2037  50.3705 
>
iteration       : 102
climbing        : no
zoom on         : no
nim             : 10
barrier         :   0.02333188 (image:  6) 
distance        :   0.00000000    8.52280955   11.79003704   15.19727869   18.79473038   22.88916403   25.39011637   27.58194762   43.00579739   62.28575398 
energy          : -2537.14379937  -2537.13768031  -2537.12230474  -2537.12206698  -2537.14081063  -2537.12131846  -2537.12046749  -2537.14285954  -2537.15834031  -2537.17943192 
max(|Fr_perp|)   :   0.00000000    0.00338867    0.00182487    0.01856735    0.00402741    0.00914678    0.02857887    0.03200529    0.02089191    0.00000000 
Fr_paral         :   0.00000000   -0.00185346   -0.00223790    0.00213427    0.00128401    0.01336342   -0.00638507    0.03568559    0.00059373    0.00000000 
max(|Fsp_paral|) :   0.00000000    0.00427970    0.00588068    0.00647257    0.02168502    0.04782088    0.01026536    0.00336958    0.00549222    0.00000000 
max(|Fsp_perp|)  :   0.00000000    0.00000000    0.00000000    0.00000000    0.00000000    0.00000000    0.00000000    0.00000000    0.00000000    0.00000000 
max(|FNEB|)      :   0.00000000    0.00462943    0.00618164    0.01864206    0.02166327    0.04959705    0.02990511    0.03204863    0.02094370    0.00000000 
max(|Force|)     :   0.00009233    0.00346975    0.00258557    0.01857628    0.00371814    0.01088091    0.02885281    0.03183399    0.02089014    0.00034693 
ksp              :   0.03360357    0.09291302    0.09383017    0.09383017    0.09671747    0.10000000    0.10000000    0.01362527    0.01000000 
max(|step|)      :   0.00000000    0.00000000    0.00000000    0.00000000    0.00000000    0.00000000    0.00000000    0.00000000    0.00000000    0.00000000 
angle (deg.)     :    52.4654  87.4209  44.8292  106.1299  75.2999  43.6061  83.2036  50.3705 
>
iteration       : 103
climbing        : no
zoom on         : no
nim             : 10
barrier         :   0.02331723 (image:  6) 
distance        :   0.00000000    8.52280955   11.79003704   15.19727869   18.79473038   22.88916403   25.39011637   27.58194762   43.00579739   62.28575398 
energy          : -2537.14379937  -2537.13768031  -2537.12230483  -2537.12207162  -2537.14081170  -2537.12131048  -2537.12048214  -2537.14287158  -2537.15834768  -2537.17943192 
max(|Fr_perp|)   :   0.00000000    0.00336207    0.00181738    0.01844407    0.00403116    0.00915150    0.02834614    0.03175029    0.02073283    0.00000000 
Fr_paral         :   0.00000000   -0.00185413   -0.00224281    0.00213665    0.00127784    0.01336729   -0.00636993    0.03568766    0.00059639    0.00000000 
max(|Fsp_paral|) :   0.00000000    0.00427658    0.00588499    0.00647651    0.02167153    0.04778825    0.01028021    0.00337355    0.00549090    0.00000000 
max(|Fsp_perp|)  :   0.00000000    0.00000000    0.00000000    0.00000000    0.00000000    0.00000000    0.00000000    0.00000000    0.00000000    0.00000000 
max(|FNEB|)      :   0.00000000    0.00462937    0.00617977    0.01864108    0.02166323    0.04959663    0.02990521    0.03204868    0.02094143    0.00000000 
max(|Force|)     :   0.00009233    0.00347261    0.00258872    0.01857530    0.00371834    0.01088109    0.02885292    0.03183402    0.02088789    0.00034693 
ksp              :   0.03360364    0.09291312    0.09383036    0.09383036    0.09671744    0.10000000    0.10000000    0.01362510    0.01000000 
max(|step|)      :   0.00000000    0.00933405    0.01246007    0.03758538    0.04367884    0.10000000    0.06029687    0.06461867    0.04222350    0.00000000 
angle (deg.)     :    52.2357  86.7247  45.4251  105.4190  79.4253  42.2593  83.6704  50.3120 
>
iteration       : 104
climbing        : no
zoom on         : no
nim             : 10
barrier         :   0.02598262 (image:  5) 
distance        :   0.00000000    8.54384206   11.76870008   15.17982644   18.81870107   22.77204081   25.50807368   27.72661782   43.12482334   62.42777707 
energy          : -2537.14379937  -2537.13760558  -2537.12231072  -2537.12164520  -2537.14113083  -2537.11781675  -2537.12045698  -2537.14073252  -2537.15742721  -2537.17943192 
max(|Fr_perp|)   :   0.00000000    0.00560834    0.00316340    0.03219197    0.00596943    0.01205829    0.04724782    0.05105904    0.03318724    0.00000000 
Fr_paral         :   0.00000000   -0.00199929   -0.00233778    0.00195505   -0.00058373    0.01526307   -0.00676657    0.03522828    0.00129919    0.00000000 
max(|Fsp_paral|) :   0.00000000    0.00088524    0.00862786    0.00712488    0.03113952    0.03964999    0.02365157    0.04374920    0.03945835    0.00000000 
max(|Fsp_perp|)  :   0.00000000    0.00000000    0.00000000    0.00000000    0.00000000    0.00000000    0.00000000    0.00000000    0.00000000    0.00000000 
max(|FNEB|)      :   0.00000000    0.00577424    0.00843605    0.03193118    0.03176678    0.04106428    0.04751091    0.05138115    0.04238778    0.00000000 
max(|Force|)     :   0.00009233    0.00551477    0.00319794    0.03216616    0.00608863    0.01350555    0.04712512    0.05115687    0.03318742    0.00034693 
ksp              :   0.03145440    0.08443355    0.08673883    0.08673883    0.10000000    0.10000000    0.09085465    0.02062311    0.01000000 
max(|step|)      :   0.00000000    0.00847820    0.01359679    0.02180645    0.04849218    0.10000000    0.03674147    0.03869344    0.02945271    0.00065313 
angle (deg.)     :    52.0311  85.9445  46.1181  104.6379  83.7095  40.8693  84.3708  50.1719 
>
iteration       : 105
climbing        : no
zoom on         : no
nim             : 10
barrier         :   0.03019209 (image:  5) 
distance        :   0.00000000    8.56284516   11.74916512   15.16287495   18.84902188   22.66933296   25.62897062   27.92962085   43.26093274   62.61035656 
energy          : -2537.14379937  -2537.13747680  -2537.12229414  -2537.11923902  -2537.14130918  -2537.11360728  -2537.11661085  -2537.13520868  -2537.15370143  -2537.17943192 
max(|Fr_perp|)   :   0.00000000    0.01072281    0.00584626    0.06599485    0.00840829    0.01648472    0.08288723    0.08973098    0.06010757    0.00000000 
Fr_paral         :   0.00000000   -0.00207821   -0.00251940    0.00112586   -0.00232121    0.01793034   -0.01053983    0.03361340    0.00213050    0.00000000 
max(|Fsp_paral|) :   0.00000000    0.00272855    0.01766120    0.00785490    0.03003085    0.02763937    0.02832516    0.12891692    0.11230109    0.00000000 
max(|Fsp_perp|)  :   0.00000000    0.00000000    0.00000000    0.00000000    0.00000000    0.00000000    0.00000000    0.00000000    0.00000000    0.00000000 
max(|FNEB|)      :   0.00000000    0.01021886    0.01579933    0.06587788    0.03131202    0.03062051    0.08283600    0.12913646    0.11426305    0.00000000 
max(|Force|)     :   0.00009233    0.01064806    0.00591502    0.06616597    0.00883920    0.01648749    0.08296984    0.08993459    0.06021370    0.00034693 
ksp              :   0.02884848    0.07410500    0.08326794    0.08326794    0.10000000    0.10000000    0.09113836    0.03576980    0.01000000 
max(|step|)      :   0.00000000    0.00791322    0.01223460    0.05101417    0.02424723    0.02371174    0.06414610    0.10000000    0.08848242    0.00000000 
angle (deg.)     :    52.0874  85.2388  46.3845  104.1976  84.3786  39.8929  85.7122  49.5694 
>
iteration       : 106
climbing        : no
zoom on         : no
nim             : 10
barrier         :   0.03036056 (image:  5) 
distance        :   0.00000000    8.55764205   11.75179893   15.14607329   18.84487031   22.60361774   25.56457453   28.17621241   43.21043319   62.73608263 
energy          : -2537.14379937  -2537.13759852  -2537.12226260  -2537.12256829  -2537.14138829  -2537.11343881  -2537.12481106  -2537.15245419  -2537.15792428  -2537.17943192 
max(|Fr_perp|)   :   0.00000000    0.00074411    0.00202355    0.00883836    0.00887668    0.01522761    0.01248485    0.01608248    0.01309177    0.00000000 
Fr_paral         :   0.00000000   -0.00214330   -0.00250340    0.00226086   -0.00267614    0.01417816   -0.00515606    0.02640139    0.00562989    0.00000000 
max(|Fsp_paral|) :   0.00000000    0.00176141    0.00547456    0.00703279    0.04362248    0.02813210    0.04052683    0.00868738    0.01398919    0.00000000 
max(|Fsp_perp|)  :   0.00000000    0.00000000    0.00000000    0.00000000    0.00000000    0.00000000    0.00000000    0.00000000    0.00000000    0.00000000 
max(|FNEB|)      :   0.00000000    0.00145150    0.00576258    0.00897143    0.04503909    0.02580886    0.03980763    0.01817746    0.01626550    0.00000000 
max(|Force|)     :   0.00009233    0.00057518    0.00295099    0.00885409    0.00928076    0.01564789    0.01297284    0.01618656    0.01338246    0.00034693 
ksp              :   0.02838164    0.07384302    0.07384302    0.07293683    0.10000000    0.10000000    0.06628841    0.01000000    0.01000000 
max(|step|)      :   0.00000000    0.00128755    0.00564749    0.00640095    0.03563000    0.02114396    0.03133251    0.02008800    0.01006213    0.00039058 
angle (deg.)     :    52.1136  84.9187  46.8612  103.5477  84.4954  38.5338  86.2644  49.6024 
>
iteration       : 107
climbing        : no
zoom on         : no
nim             : 10
barrier         :   0.03056544 (image:  5) 
distance        :   0.00000000    8.55396353   11.75214728   15.14728172   18.86979212   22.52467893   25.44654536   28.14921962   43.18257250   62.71128866 
energy          : -2537.14379937  -2537.13761368  -2537.12225916  -2537.12262797  -2537.14138441  -2537.11323393  -2537.12580072  -2537.15333566  -2537.15828447  -2537.17943192 
max(|Fr_perp|)   :   0.00000000    0.00137944    0.00197845    0.00824023    0.00961675    0.01511573    0.01253543    0.00993187    0.00838560    0.00000000 
Fr_paral         :   0.00000000   -0.00210451   -0.00252557    0.00228356   -0.00324437    0.01331881   -0.00482664    0.02697773    0.00413931    0.00000000 
max(|Fsp_paral|) :   0.00000000    0.00163698    0.00537464    0.00736122    0.03961076    0.02585549    0.04024716    0.00760246    0.01398803    0.00000000 
max(|Fsp_perp|)  :   0.00000000    0.00000000    0.00000000    0.00000000    0.00000000    0.00000000    0.00000000    0.00000000    0.00000000    0.00000000 
max(|FNEB|)      :   0.00000000    0.00166792    0.00564927    0.00838733    0.04120802    0.02291764    0.03924123    0.01602537    0.01535311    0.00000000 
max(|Force|)     :   0.00009233    0.00147266    0.00291710    0.00825703    0.01010947    0.01533721    0.01294975    0.01200440    0.00854121    0.00034693 
ksp              :   0.02821379    0.07342521    0.07342521    0.07233924    0.10000000    0.10000000    0.06299707    0.01000000    0.01000000 
max(|step|)      :   0.00000000    0.00361787    0.01673138    0.01984672    0.10000000    0.05829569    0.09290424    0.02473410    0.02120621    0.00093416 
angle (deg.)     :    52.1937  83.9764  48.3433  101.8947  84.8180  35.2727  87.7395  49.6840 
>
iteration       : 108
climbing        : no
zoom on         : no
nim             : 10
barrier         :   0.03108585 (image:  5) 
distance        :   0.00000000    8.54346975   11.75338669   15.15320898   18.94737533   22.31391822   25.11162268   28.09993249   43.13075611   62.66727529 
energy          : -2537.14379937  -2537.13765803  -2537.12224737  -2537.12278009  -2537.14132417  -2537.11271352  -2537.12804620  -2537.15468378  -2537.15846733  -2537.17943192 
max(|Fr_perp|)   :   0.00000000    0.00210524    0.00187414    0.00798720    0.01122501    0.01461505    0.02097792    0.02725601    0.01611426    0.00000000 
Fr_paral         :   0.00000000   -0.00198877   -0.00259326    0.00230670   -0.00454004    0.01112634   -0.00288796    0.02685441    0.00137453    0.00000000 
max(|Fsp_paral|) :   0.00000000    0.00124841    0.00515525    0.00840347    0.02795926    0.01982760    0.03759331    0.00607984    0.01396715    0.00000000 
max(|Fsp_perp|)  :   0.00000000    0.00000000    0.00000000    0.00000000    0.00000000    0.00000000    0.00000000    0.00000000    0.00000000    0.00000000 
max(|FNEB|)      :   0.00000000    0.00234101    0.00540722    0.00906199    0.02994817    0.01558236    0.03634984    0.02766217    0.01623814    0.00000000 
max(|Force|)     :   0.00009233    0.00221082    0.00284859    0.00806484    0.01193211    0.01442630    0.02128392    0.02721508    0.01624686    0.00034693 
ksp              :   0.02778013    0.07239526    0.07239526    0.07085650    0.10000000    0.10000000    0.05563729    0.01000000    0.01000000 
max(|step|)      :   0.00000000    0.00644022    0.01487550    0.02492992    0.08238872    0.04286774    0.10000000    0.07609984    0.04467182    0.00000000 
angle (deg.)     :    52.2443  83.1657  49.9824  100.3794  84.3429  32.4960  88.6866  50.0002 
>
iteration       : 109
climbing        : no
zoom on         : no
nim             : 10
barrier         :   0.03077275 (image:  5) 
distance        :   0.00000000    8.53517302   11.75250063   15.17678636   19.02110426   22.13396707   24.74743833   27.95759365   43.11971227   62.57843732 
energy          : -2537.14379937  -2537.13767466  -2537.12225182  -2537.12259534  -2537.14152555  -2537.11302662  -2537.12671435  -2537.14984696  -2537.15702720  -2537.17943192 
max(|Fr_perp|)   :   0.00000000    0.00544337    0.00358877    0.02240445    0.01010288    0.01332853    0.05536570    0.06598859    0.03827301    0.00000000 
Fr_paral         :   0.00000000   -0.00188228   -0.00259201    0.00218262   -0.00455663    0.01016289   -0.00242430    0.02964151    0.00019717    0.00000000 
max(|Fsp_paral|) :   0.00000000    0.00083585    0.00566890    0.00997197    0.01409926    0.01706952    0.02290586    0.01543145    0.01333678    0.00000000 
max(|Fsp_perp|)  :   0.00000000    0.00000000    0.00000000    0.00000000    0.00000000    0.00000000    0.00000000    0.00000000    0.00000000    0.00000000 
max(|FNEB|)      :   0.00000000    0.00528931    0.00587491    0.02204105    0.01577098    0.01493661    0.05532186    0.06565900    0.03815840    0.00000000 
max(|Force|)     :   0.00009233    0.00535583    0.00362633    0.02237486    0.01090250    0.01300128    0.05533444    0.06622754    0.03827248    0.00034693 
ksp              :   0.02791273    0.07301938    0.07301938    0.07201468    0.10000000    0.10000000    0.05996797    0.01000000    0.01000000 
max(|step|)      :   0.00000000    0.00313351    0.01775670    0.03089447    0.08066016    0.04907666    0.10000000    0.03971909    0.04159497    0.00075875 
angle (deg.)     :    52.3009  82.2053  51.7780  98.9156  84.0144  30.8610  89.3305  50.3487 
>
iteration       : 110
climbing        : no
zoom on         : no
nim             : 10
barrier         :   0.03028774 (image:  5) 
distance        :   0.00000000    8.52650200   11.75141541   15.20717653   19.10019710   21.96162709   24.41454145   27.82364370   43.13549086   62.50264068 
energy          : -2537.14379937  -2537.13773010  -2537.12226461  -2537.12308545  -2537.14173493  -2537.11351163  -2537.12823038  -2537.14919028  -2537.15785108  -2537.17943192 
max(|Fr_perp|)   :   0.00000000    0.00359619    0.00259969    0.01354154    0.00839696    0.01174496    0.04164112    0.05378309    0.02952042    0.00000000 
Fr_paral         :   0.00000000   -0.00183945   -0.00270953    0.00231491   -0.00431158    0.00767318    0.00083607    0.03388131   -0.00140261    0.00000000 
max(|Fsp_paral|) :   0.00000000    0.00011042    0.00651346    0.00856608    0.00306759    0.01367628    0.01774480    0.01454514    0.01262557    0.00000000 
max(|Fsp_perp|)  :   0.00000000    0.00000000    0.00000000    0.00000000    0.00000000    0.00000000    0.00000000    0.00000000    0.00000000    0.00000000 
max(|FNEB|)      :   0.00000000    0.00361011    0.00631897    0.01337841    0.00696336    0.01417299    0.04155790    0.05377601    0.02967023    0.00000000 
max(|Force|)     :   0.00009233    0.00354606    0.00266470    0.01363072    0.00922662    0.01129236    0.04196328    0.05449301    0.02974459    0.00034693 
ksp              :   0.02803355    0.07398379    0.07398379    0.07155440    0.10000000    0.10000000    0.05633631    0.01000000    0.01000000 
max(|step|)      :   0.00000000    0.00521681    0.00913126    0.01933254    0.01006243    0.02048075    0.06005343    0.07770926    0.04287510    0.00000000 
angle (deg.)     :    52.3058  81.7130  52.2115  98.2292  83.9351  30.5477  89.2272  50.4663 
>
iteration       : 111
climbing        : no
zoom on         : no
nim             : 10
barrier         :   0.02980720 (image:  5) 
distance        :   0.00000000    8.52596795   11.75033453   15.21434132   19.09476349   21.90662597   24.33133737   27.74981054   43.12209850   62.44676539 
energy          : -2537.14379937  -2537.13773956  -2537.12225317  -2537.12320018  -2537.14200870  -2537.11399217  -2537.12859009  -2537.14853494  -2537.15831620  -2537.17943192 
max(|Fr_perp|)   :   0.00000000    0.00344225    0.00194198    0.01213737    0.00705883    0.01089154    0.03893828    0.04807351    0.02640991    0.00000000 
Fr_paral         :   0.00000000   -0.00187165   -0.00274874    0.00231172   -0.00385319    0.00690236    0.00166095    0.03600919   -0.00191480    0.00000000 
max(|Fsp_paral|) :   0.00000000    0.00018996    0.00689307    0.00756661    0.00041404    0.01298515    0.01714354    0.01399327    0.01234480    0.00000000 
max(|Fsp_perp|)  :   0.00000000    0.00000000    0.00000000    0.00000000    0.00000000    0.00000000    0.00000000    0.00000000    0.00000000    0.00000000 
max(|FNEB|)      :   0.00000000    0.00340997    0.00647865    0.01229135    0.00685361    0.01328654    0.04129499    0.04864243    0.02634837    0.00000000 
max(|Force|)     :   0.00009233    0.00352273    0.00270031    0.01215503    0.00782640    0.01046455    0.03886198    0.04752644    0.02641289    0.00034693 
ksp              :   0.02829702    0.07505669    0.07505669    0.07219731    0.10000000    0.10000000    0.05592297    0.01000000    0.01000000 
max(|step|)      :   0.00000000    0.00091926    0.00668477    0.00922807    0.00717722    0.01416421    0.01695736    0.01438757    0.00881456    0.00008601 
angle (deg.)     :    52.3102  81.3512  52.4871  97.7322  83.9147  30.3269  89.1547  50.5494 
>
iteration       : 112
climbing        : no
zoom on         : no
nim             : 10
barrier         :   0.02949359 (image:  5) 
distance        :   0.00000000    8.52611352   11.74966668   15.21716181   19.08798311   21.86922739   24.27378824   27.69920868   43.11462947   62.41023442 
energy          : -2537.14379937  -2537.13774934  -2537.12224351  -2537.12334499  -2537.14218883  -2537.11430579  -2537.12921707  -2537.14827054  -2537.15884609  -2537.17943192 
max(|Fr_perp|)   :   0.00000000    0.00223543    0.00165272    0.00822269    0.00616734    0.01023267    0.02327624    0.03045312    0.01698455    0.00000000 
Fr_paral         :   0.00000000   -0.00188333   -0.00279659    0.00237681   -0.00349433    0.00632983    0.00264359    0.03670382   -0.00175358    0.00000000 
max(|Fsp_paral|) :   0.00000000    0.00040676    0.00711787    0.00660139    0.00087480    0.01261070    0.01799808    0.01216233    0.01214400    0.00000000 
max(|Fsp_perp|)  :   0.00000000    0.00000000    0.00000000    0.00000000    0.00000000    0.00000000    0.00000000    0.00000000    0.00000000    0.00000000 
max(|FNEB|)      :   0.00000000    0.00216579    0.00658178    0.00837183    0.00661458    0.01265339    0.02547522    0.03094499    0.01693201    0.00000000 
max(|Force|)     :   0.00009233    0.00231708    0.00272955    0.00824289    0.00688164    0.00982589    0.02316814    0.02989804    0.01698693    0.00034693 
ksp              :   0.02846174    0.07577794    0.07577794    0.07241676    0.10000000    0.10000000    0.05449806    0.01000000    0.01000000 
max(|step|)      :   0.00000000    0.00428685    0.03853359    0.05079707    0.04062159    0.07980843    0.10000000    0.07839183    0.04984126    0.00354223 
angle (deg.)     :    52.3564  79.2676  53.9794  94.7466  84.0880  29.6030  88.7763  51.0389 
>
iteration       : 113
climbing        : no
zoom on         : no
nim             : 10
barrier         :   0.02798445 (image:  5) 
distance        :   0.00000000    8.52811067   11.74798512   15.22873468   19.04649181   21.67080282   23.96206502   27.44836964   43.11101118   62.24150681 
energy          : -2537.14379937  -2537.13777201  -2537.12217331  -2537.12379001  -2537.14296008  -2537.11581492  -2537.12857732  -2537.14151580  -2537.15951737  -2537.17943192 
max(|Fr_perp|)   :   0.00000000    0.00059252    0.00167638    0.00212961    0.00438722    0.00609114    0.00706843    0.00797853    0.00619284    0.00000000 
Fr_paral         :   0.00000000   -0.00194856   -0.00293990    0.00253840   -0.00144617    0.00440962    0.00413003    0.03790979   -0.00135488    0.00000000 
max(|Fsp_paral|) :   0.00000000    0.00140959    0.00813545    0.00264924    0.00826259    0.01102069    0.00790776    0.02521191    0.02576252    0.00000000 
max(|Fsp_perp|)  :   0.00000000    0.00000000    0.00000000    0.00000000    0.00000000    0.00000000    0.00000000    0.00000000    0.00000000    0.00000000 
max(|FNEB|)      :   0.00000000    0.00171800    0.00704340    0.00356020    0.00821285    0.01059097    0.00792291    0.02714102    0.03198491    0.00000000 
max(|Force|)     :   0.00009233    0.00066447    0.00282968    0.00212652    0.00429123    0.00671675    0.00700769    0.01613738    0.00664953    0.00034693 
ksp              :   0.02938275    0.07954457    0.07954457    0.07434744    0.10000000    0.10000000    0.05895744    0.01741676    0.01000000 
max(|step|)      :   0.00000000    0.00537128    0.02202100    0.01113086    0.02567725    0.03311241    0.02477079    0.08485572    0.10000000    0.00000000 
angle (deg.)     :    52.3578  78.0758  53.7573  93.3487  84.6912  29.5691  89.4981  50.4355 
>
iteration       : 114
climbing        : no
zoom on         : no
nim             : 10
barrier         :   0.02740360 (image:  5) 
distance        :   0.00000000    8.53870445   11.74870374   15.18562131   18.95688874   21.57129225   23.87649657   27.63722936   43.04335577   62.32693223 
energy          : -2537.14379937  -2537.13774669  -2537.12209630  -2537.12384958  -2537.14331236  -2537.11639577  -2537.12777447  -2537.14862465  -2537.15912312  -2537.17943192 
max(|Fr_perp|)   :   0.00000000    0.00218150    0.00162850    0.00640056    0.00403958    0.00859583    0.02264805    0.02185966    0.01396795    0.00000000 
Fr_paral         :   0.00000000   -0.00207597   -0.00295299    0.00264411   -0.00046445    0.00407967    0.00365512    0.03195879    0.00410656    0.00000000 
max(|Fsp_paral|) :   0.00000000    0.00147446    0.00728484    0.00208844    0.00890896    0.01017692    0.00168956    0.03068256    0.01210954    0.00000000 
max(|Fsp_perp|)  :   0.00000000    0.00000000    0.00000000    0.00000000    0.00000000    0.00000000    0.00000000    0.00000000    0.00000000    0.00000000 
max(|FNEB|)      :   0.00000000    0.00193300    0.00635965    0.00645271    0.00948732    0.01059433    0.02276543    0.03166018    0.01576855    0.00000000 
max(|Force|)     :   0.00009233    0.00227076    0.00279488    0.00642582    0.00400830    0.00855905    0.02273363    0.02286476    0.01415865    0.00034693 
ksp              :   0.02987844    0.08127810    0.08127810    0.07551992    0.10000000    0.10000000    0.06262962    0.01000000    0.01000000 
max(|step|)      :   0.00000000    0.00203277    0.00639727    0.00676141    0.00960277    0.01067392    0.02385816    0.03331819    0.01653387    0.00044618 
angle (deg.)     :    52.3590  77.7312  53.6582  92.9236  84.9020  29.8857  89.1043  50.5604 
>
iteration       : 115
climbing        : no
zoom on         : no
nim             : 10
barrier         :   0.02703937 (image:  5) 
distance        :   0.00000000    8.54237002   11.74879275   15.17238920   18.92814052   21.54237527   23.87994327   27.54812490   42.99689524   62.25613566 
energy          : -2537.14379937  -2537.13774223  -2537.12207755  -2537.12391231  -2537.14342336  -2537.11676000  -2537.12850754  -2537.14635884  -2537.15969042  -2537.17943192 
max(|Fr_perp|)   :   0.00000000    0.00084978    0.00158757    0.00262607    0.00393716    0.00577575    0.01002135    0.00296464    0.00427423    0.00000000 
Fr_paral         :   0.00000000   -0.00209910   -0.00296438    0.00268899   -0.00030573    0.00378923    0.00414780    0.03624034    0.00183554    0.00000000 
max(|Fsp_paral|) :   0.00000000    0.00159411    0.00707863    0.00168612    0.00935174    0.00917818    0.00350011    0.02595871    0.01194075    0.00000000 
max(|Fsp_perp|)  :   0.00000000    0.00000000    0.00000000    0.00000000    0.00000000    0.00000000    0.00000000    0.00000000    0.00000000    0.00000000 
max(|FNEB|)      :   0.00000000    0.00187771    0.00619226    0.00257554    0.00975720    0.00981096    0.00974351    0.02488402    0.00991215    0.00000000 
max(|Force|)     :   0.00009233    0.00081348    0.00276159    0.00259519    0.00391638    0.00630025    0.01013248    0.01472873    0.00435762    0.00034693 
ksp              :   0.03016108    0.08230066    0.08230066    0.07619369    0.10000000    0.10000000    0.06089856    0.01000000    0.01000000 
max(|step|)      :   0.00000000    0.00632270    0.02140230    0.00871737    0.03348368    0.03474929    0.01989561    0.10000000    0.04638884    0.00193178 
angle (deg.)     :    52.3655  76.5745  53.2600  91.5301  85.7091  30.6664  87.9001  50.9707 
>
iteration       : 116
climbing        : no
zoom on         : no
nim             : 10
barrier         :   0.02656508 (image:  5) 
distance        :   0.00000000    8.55552840   11.74934924   15.12643743   18.82865323   21.45342912   23.86311015   27.26774876   42.87108328   62.04044039 
energy          : -2537.14379937  -2537.13770721  -2537.12201544  -2537.12394496  -2537.14368548  -2537.11723429  -2537.12763427  -2537.13427796  -2537.15924894  -2537.17943192 
max(|Fr_perp|)   :   0.00000000    0.00220815    0.00152093    0.00750882    0.00372409    0.01130304    0.02199537    0.04087248    0.01302772    0.00000000 
Fr_paral         :   0.00000000   -0.00220368   -0.00293844    0.00273904    0.00037418    0.00341526    0.00348104    0.04132128   -0.00297822    0.00000000 
max(|Fsp_paral|) :   0.00000000    0.00140927    0.00612042    0.00117449    0.00872959    0.00718998    0.00690837    0.16628352    0.14857758    0.00000000 
max(|Fsp_perp|)  :   0.00000000    0.00000000    0.00000000    0.00000000    0.00000000    0.00000000    0.00000000    0.00000000    0.00000000    0.00000000 
max(|FNEB|)      :   0.00000000    0.00245801    0.00549208    0.00748846    0.00903216    0.01116816    0.02276473    0.16794425    0.15944248    0.00000000 
max(|Force|)     :   0.00009233    0.00211942    0.00264005    0.00749239    0.00374902    0.01134299    0.02196546    0.04551805    0.01318124    0.00034693 
ksp              :   0.03063881    0.08379881    0.08379881    0.07726277    0.10000000    0.10000000    0.06477454    0.04237330    0.01000000 
max(|step|)      :   0.00000000    0.00146359    0.00327018    0.00445890    0.00537807    0.00664992    0.01355493    0.10000000    0.09493774    0.00000000 
angle (deg.)     :    52.3669  76.3992  53.1751  91.3254  85.8592  30.4960  88.8815  50.3205 
>
iteration       : 117
climbing        : no
zoom on         : no
nim             : 10
barrier         :   0.02620269 (image:  5) 
distance        :   0.00000000    8.55761454   11.74933650   15.11893437   18.81269723   21.44238347   23.85116552   27.52814244   42.84581470   62.18995772 
energy          : -2537.14379937  -2537.13770664  -2537.12200888  -2537.12400647  -2537.14373827  -2537.11759668  -2537.12848158  -2537.14606551  -2537.15975061  -2537.17943192 
max(|Fr_perp|)   :   0.00000000    0.00065653    0.00150562    0.00155716    0.00369005    0.00591624    0.00776581    0.00530455    0.00431840    0.00000000 
Fr_paral         :   0.00000000   -0.00223092   -0.00296488    0.00277698    0.00063734    0.00327272    0.00403505    0.03713273    0.00166166    0.00000000 
max(|Fsp_paral|) :   0.00000000    0.00157196    0.00602525    0.00083325    0.00927177    0.00737756    0.00361342    0.02910320    0.01259507    0.00000000 
max(|Fsp_perp|)  :   0.00000000    0.00000000    0.00000000    0.00000000    0.00000000    0.00000000    0.00000000    0.00000000    0.00000000    0.00000000 
max(|FNEB|)      :   0.00000000    0.00183192    0.00539266    0.00153219    0.00978255    0.00864827    0.00829491    0.02832777    0.01228023    0.00000000 
max(|Force|)     :   0.00009233    0.00058482    0.00265101    0.00171492    0.00373445    0.00593400    0.00756537    0.01480120    0.00379862    0.00034693 
ksp              :   0.03092706    0.08484515    0.08484515    0.07798390    0.10000000    0.10000000    0.06261296    0.01000000    0.01000000 
max(|step|)      :   0.00000000    0.00086512    0.00254494    0.00070969    0.00461774    0.00408071    0.00388939    0.01383240    0.00610992    0.00029433 
angle (deg.)     :    52.3669  76.2630  53.1008  91.1640  85.9658  30.5049  88.7218  50.3712 
>
iteration       : 118
climbing        : no
zoom on         : no
nim             : 10
barrier         :   0.02606618 (image:  5) 
distance        :   0.00000000    8.55946469   11.74923827   15.11259701   18.79939245   21.43289046   23.84552849   27.48903134   42.82785917   62.15922702 
energy          : -2537.14379937  -2537.13770226  -2537.12200360  -2537.12401569  -2537.14376915  -2537.11773319  -2537.12858003  -2537.14473373  -2537.15982375  -2537.17943192 
max(|Fr_perp|)   :   0.00000000    0.00065841    0.00150447    0.00126604    0.00367573    0.00542809    0.00433516    0.00396322    0.00434095    0.00000000 
Fr_paral         :   0.00000000   -0.00224813   -0.00296336    0.00278744    0.00078698    0.00320726    0.00408420    0.03762616    0.00131500    0.00000000 
max(|Fsp_paral|) :   0.00000000    0.00157701    0.00591321    0.00075732    0.00935315    0.00737180    0.00453829    0.02815047    0.01250611    0.00000000 
max(|Fsp_perp|)  :   0.00000000    0.00000000    0.00000000    0.00000000    0.00000000    0.00000000    0.00000000    0.00000000    0.00000000    0.00000000 
max(|FNEB|)      :   0.00000000    0.00183492    0.00531115    0.00139552    0.00994709    0.00874479    0.00498120    0.02721501    0.01154490    0.00000000 
max(|Force|)     :   0.00009233    0.00060574    0.00264613    0.00171428    0.00373080    0.00586225    0.00413778    0.01515138    0.00392904    0.00034693 
ksp              :   0.03105180    0.08525533    0.08525533    0.07830812    0.10000000    0.10000000    0.06254857    0.01000000    0.01000000 
max(|step|)      :   0.00000000    0.00676427    0.01940141    0.00499824    0.03709637    0.03255538    0.01785223    0.10000000    0.04241742    0.00317241 
angle (deg.)     :    52.3719  75.2212  52.5031  89.9646  86.7911  30.5499  87.5673  50.7480 
>
iteration       : 119
climbing        : no
zoom on         : no
nim             : 10
barrier         :   0.02525733 (image:  5) 
distance        :   0.00000000    8.57407626   11.74862398   15.06378067   18.69615889   21.36271219   23.78978639   27.20552904   42.70630512   61.94084644 
energy          : -2537.14379937  -2537.13766455  -2537.12196702  -2537.12406837  -2537.14395469  -2537.11854204  -2537.12848570  -2537.13459279  -2537.16004146  -2537.17943192 
max(|Fr_perp|)   :   0.00000000    0.00065795    0.00148358    0.00111105    0.00350087    0.00506899    0.00459850    0.00637302    0.00451152    0.00000000 
Fr_paral         :   0.00000000   -0.00236972   -0.00292492    0.00285391    0.00173136    0.00279421    0.00411332    0.03832684   -0.00065431    0.00000000 
max(|Fsp_paral|) :   0.00000000    0.00142043    0.00496231    0.00025309    0.00907769    0.00799756    0.00754852    0.16839976    0.14955520    0.00000000 
max(|Fsp_perp|)  :   0.00000000    0.00000000    0.00000000    0.00000000    0.00000000    0.00000000    0.00000000    0.00000000    0.00000000    0.00000000 
max(|FNEB|)      :   0.00000000    0.00166344    0.00462969    0.00101814    0.00997273    0.00941004    0.00730564    0.16996379    0.15409711    0.00000000 
max(|Force|)     :   0.00009233    0.00075045    0.00252258    0.00168817    0.00362499    0.00544150    0.00479276    0.01703747    0.00473678    0.00034693 
ksp              :   0.03186007    0.08779466    0.08779466    0.08030690    0.10000000    0.10000000    0.06456679    0.04290008    0.01000000 
max(|step|)      :   0.00000000    0.00097870    0.00272393    0.00059903    0.00586756    0.00553650    0.00429835    0.10000000    0.09066467    0.00000000 
angle (deg.)     :    52.3731  75.0757  52.4004  89.7818  86.9358  30.5309  88.5364  50.1128 
>
iteration       : 120
climbing        : no
zoom on         : no
nim             : 10
barrier         :   0.02513284 (image:  5) 
distance        :   0.00000000    8.57621353   11.74838852   15.05648770   18.68064079   21.35190062   23.77806707   27.46647684   42.68118809   62.09177202 
energy          : -2537.14379937  -2537.13765924  -2537.12196450  -2537.12407468  -2537.14397975  -2537.11866653  -2537.12847907  -2537.14435937  -2537.15965138  -2537.17943192 
max(|Fr_perp|)   :   0.00000000    0.00065202    0.00148269    0.00108755    0.00344172    0.00503615    0.00229261    0.00753519    0.00870003    0.00000000 
Fr_paral         :   0.00000000   -0.00238400   -0.00292123    0.00286184    0.00182607    0.00273027    0.00416190    0.03550384    0.00363661    0.00000000 
max(|Fsp_paral|) :   0.00000000    0.00139111    0.00482309    0.00018921    0.00906611    0.00819675    0.00115452    0.03302694    0.01313209    0.00000000 
max(|Fsp_perp|)  :   0.00000000    0.00000000    0.00000000    0.00000000    0.00000000    0.00000000    0.00000000    0.00000000    0.00000000    0.00000000 
max(|FNEB|)      :   0.00000000    0.00163128    0.00453398    0.00102322    0.00994877    0.00951849    0.00213373    0.03213533    0.01353132    0.00000000 
max(|Force|)     :   0.00009233    0.00076250    0.00250404    0.00169237    0.00357377    0.00539870    0.00322070    0.01435582    0.00886860    0.00034693 
ksp              :   0.03198763    0.08819005    0.08819005    0.08063355    0.10000000    0.10000000    0.06486156    0.01000000    0.01000000 
max(|step|)      :   0.00000000    0.00073345    0.00203809    0.00045995    0.00447152    0.00427853    0.00095362    0.01541425    0.00695615    0.00035670 
angle (deg.)     :    52.3742  74.9669  52.3211  89.6422  87.0522  30.6159  88.3545  50.1718 
>
iteration       : 121
climbing        : no
zoom on         : no
nim             : 10
barrier         :   0.02504273 (image:  5) 
distance        :   0.00000000    8.57781822   11.74819278   15.05098587   18.66887919   21.34375355   23.77802675   27.42593671   42.66296922   62.06080492 
energy          : -2537.14379937  -2537.13765529  -2537.12196298  -2537.12407906  -2537.14399702  -2537.11875664  -2537.12849368  -2537.14292319  -2537.15981379  -2537.17943192 
max(|Fr_perp|)   :   0.00000000    0.00064814    0.00148060    0.00107253    0.00340268    0.00500407    0.00178150    0.00301387    0.00577724    0.00000000 
Fr_paral         :   0.00000000   -0.00239995   -0.00291848    0.00286764    0.00190481    0.00268657    0.00414574    0.03653433    0.00285341    0.00000000 
max(|Fsp_paral|) :   0.00000000    0.00136536    0.00471698    0.00014213    0.00904192    0.00805247    0.00214892    0.01395456    0.00199727    0.00000000 
max(|Fsp_perp|)  :   0.00000000    0.00000000    0.00000000    0.00000000    0.00000000    0.00000000    0.00000000    0.00000000    0.00000000    0.00000000 
max(|FNEB|)      :   0.00000000    0.00160336    0.00446012    0.00102424    0.00992822    0.00942403    0.00222999    0.01300069    0.00548561    0.00000000 
max(|Force|)     :   0.00009233    0.00077450    0.00249205    0.00169033    0.00354094    0.00536005    0.00299566    0.01481212    0.00590785    0.00034693 
ksp              :   0.03208095    0.08847687    0.08847687    0.08087201    0.10000000    0.10000000    0.06500646    0.01314885    0.01000000 
max(|step|)      :   0.00000000    0.00187854    0.00522902    0.00120100    0.01164492    0.01106020    0.00257943    0.01696061    0.00687478    0.00027188 
angle (deg.)     :    52.3776  74.6875  52.1131  89.2883  87.3576  30.7877  88.1200  50.1871 
>
iteration       : 122
climbing        : no
zoom on         : no
nim             : 10
barrier         :   0.02481011 (image:  5) 
distance        :   0.00000000    8.58194405   11.74768389   15.03680686   18.63851098   21.32347258   23.77510962   27.38145266   42.61680673   62.01828029 
energy          : -2537.14379937  -2537.13764498  -2537.12195980  -2537.12409003  -2537.14403757  -2537.11898926  -2537.12850757  -2537.14120520  -2537.15992169  -2537.17943192 
max(|Fr_perp|)   :   0.00000000    0.00063794    0.00147518    0.00105204    0.00330302    0.00491716    0.00145451    0.00260002    0.00293831    0.00000000 
Fr_paral         :   0.00000000   -0.00243394   -0.00291094    0.00288733    0.00212760    0.00256982    0.00411808    0.03751750    0.00213654    0.00000000 
max(|Fsp_paral|) :   0.00000000    0.00129551    0.00443950    0.00002244    0.00895893    0.00782139    0.00309552    0.02262837    0.03193632    0.00000000 
max(|Fsp_perp|)  :   0.00000000    0.00000000    0.00000000    0.00000000    0.00000000    0.00000000    0.00000000    0.00000000    0.00000000    0.00000000 
max(|FNEB|)      :   0.00000000    0.00152770    0.00426825    0.00104443    0.00986807    0.00928505    0.00286820    0.02358422    0.03443243    0.00000000 
max(|Force|)     :   0.00009233    0.00080051    0.00245913    0.00170244    0.00353349    0.00525593    0.00266285    0.01519736    0.00300607    0.00034693 
ksp              :   0.03232538    0.08922418    0.08922418    0.08149668    0.10000000    0.10000000    0.06547181    0.01941048    0.01000000 
max(|step|)      :   0.00000000    0.00261501    0.00728823    0.00168944    0.01632684    0.01548826    0.00381978    0.01090843    0.01377372    0.00036992 
angle (deg.)     :    52.3839  74.2967  51.8217  88.8115  87.7967  31.0167  87.9194  50.1327 
>
iteration       : 123
climbing        : no
zoom on         : no
nim             : 10
barrier         :   0.02448742 (image:  5) 
distance        :   0.00000000    8.58770253   11.74706016   15.01710837   18.59643266   21.29680872   23.77186372   27.35481272   42.55369064   61.98140812 
energy          : -2537.14379937  -2537.13763038  -2537.12195578  -2537.12410504  -2537.14408542  -2537.11931195  -2537.12851316  -2537.13997097  -2537.15993712  -2537.17943192 
max(|Fr_perp|)   :   0.00000000    0.00062185    0.00146622    0.00097140    0.00324710    0.00478904    0.00128823    0.00751105    0.00374745    0.00000000 
Fr_paral         :   0.00000000   -0.00246604   -0.00290100    0.00290549    0.00243590    0.00242998    0.00407779    0.03820091    0.00175268    0.00000000 
max(|Fsp_paral|) :   0.00000000    0.00119403    0.00403929    0.00013735    0.00880900    0.00756781    0.00355486    0.04891305    0.05391490    0.00000000 
max(|Fsp_perp|)  :   0.00000000    0.00000000    0.00000000    0.00000000    0.00000000    0.00000000    0.00000000    0.00000000    0.00000000    0.00000000 
max(|FNEB|)      :   0.00000000    0.00141905    0.00399334    0.00101787    0.00975282    0.00911853    0.00333953    0.04977942    0.05766235    0.00000000 
max(|Force|)     :   0.00009233    0.00081981    0.00241544    0.00167663    0.00390089    0.00510714    0.00224950    0.01538252    0.00319668    0.00034693 
ksp              :   0.03267325    0.09028300    0.09028300    0.08238370    0.10000000    0.10000000    0.06618228    0.02407072    0.01000000 
max(|step|)      :   0.00000000    0.00000000    0.00000000    0.00000000    0.00000000    0.00000000    0.00000000    0.00000000    0.00000000    0.00000000 
angle (deg.)     :    52.3839  74.2967  51.8217  88.8115  87.7967  31.0168  87.9194  50.1327 
>
iteration       : 124
climbing        : no
zoom on         : no
nim             : 10
barrier         :   0.02448647 (image:  5) 
distance        :   0.00000000    8.58770253   11.74706016   15.01710837   18.59643266   21.29680872   23.77186372   27.35481272   42.55369064   61.98140812 
energy          : -2537.14379937  -2537.13763035  -2537.12195582  -2537.12410508  -2537.14408566  -2537.11931290  -2537.12851316  -2537.13999416  -2537.15993605  -2537.17943192 
max(|Fr_perp|)   :   0.00000000    0.00062049    0.00146641    0.00097439    0.00324687    0.00478880    0.00128040    0.00745796    0.00372805    0.00000000 
Fr_paral         :   0.00000000   -0.00246074   -0.00290058    0.00290591    0.00242834    0.00242919    0.00407529    0.03819166    0.00176355    0.00000000 
max(|Fsp_paral|) :   0.00000000    0.00119328    0.00403816    0.00013748    0.00880554    0.00756789    0.00354200    0.04889018    0.05390600    0.00000000 
max(|Fsp_perp|)  :   0.00000000    0.00000000    0.00000000    0.00000000    0.00000000    0.00000000    0.00000000    0.00000000    0.00000000    0.00000000 
max(|FNEB|)      :   0.00000000    0.00141943    0.00399345    0.00102036    0.00975166    0.00911785    0.00333947    0.04977987    0.05765806    0.00000000 
max(|Force|)     :   0.00009233    0.00081430    0.00241486    0.00167879    0.00390322    0.00510719    0.00224840    0.01538278    0.00319208    0.00034693 
ksp              :   0.03267336    0.09028301    0.09028301    0.08238378    0.10000000    0.10000000    0.06618237    0.02407076    0.01000000 
max(|step|)      :   0.00000000    0.00246180    0.00692610    0.00176967    0.01691292    0.01581366    0.00579185    0.08633636    0.10000000    0.00000000 
angle (deg.)     :    52.3911  73.9271  51.5044  88.3464  88.2528  31.1188  88.7113  49.4941 
>
iteration       : 125
climbing        : no
zoom on         : no
nim             : 10
barrier         :   0.02414858 (image:  5) 
distance        :   0.00000000    8.59314859   11.74603561   14.99759673   18.55400610   21.27203658   23.76340092   27.58467553   42.48077115   62.10122198 
energy          : -2537.14379937  -2537.13761734  -2537.12195862  -2537.12411691  -2537.14412317  -2537.11965079  -2537.12850172  -2537.14798476  -2537.15884467  -2537.17943192 
max(|Fr_perp|)   :   0.00000000    0.00059796    0.00145448    0.00092243    0.00350204    0.00463853    0.00177140    0.01207835    0.01268014    0.00000000 
Fr_paral         :   0.00000000   -0.00249498   -0.00289131    0.00292586    0.00277756    0.00227417    0.00408099    0.03324876    0.00618742    0.00000000 
max(|Fsp_paral|) :   0.00000000    0.00109298    0.00365327    0.00029127    0.00865888    0.00762005    0.00238070    0.04074723    0.01469076    0.00000000 
max(|Fsp_perp|)  :   0.00000000    0.00000000    0.00000000    0.00000000    0.00000000    0.00000000    0.00000000    0.00000000    0.00000000    0.00000000 
max(|FNEB|)      :   0.00000000    0.00131397    0.00372820    0.00102078    0.00967788    0.00922519    0.00381588    0.04077432    0.01698773    0.00000000 
max(|Force|)     :   0.00009233    0.00083144    0.00237147    0.00167272    0.00425396    0.00493433    0.00297371    0.01387184    0.01291495    0.00034693 
ksp              :   0.03303999    0.09139887    0.09139887    0.08335508    0.10000000    0.10000000    0.06701324    0.01000000    0.01000000 
max(|step|)      :   0.00000000    0.00090756    0.00257467    0.00071078    0.00673027    0.00642946    0.00317952    0.03681666    0.01890815    0.00070395 
angle (deg.)     :    52.3939  73.7902  51.3747  88.1645  88.4385  31.3301  88.3001  49.6409 
>
iteration       : 126
climbing        : no
zoom on         : no
nim             : 10
barrier         :   0.02401571 (image:  5) 
distance        :   0.00000000    8.59515889   11.74551328   14.99010153   18.53747968   21.26245584   23.77413734   27.49325283   42.44450566   62.03376037 
energy          : -2537.14379937  -2537.13761276  -2537.12196168  -2537.12412072  -2537.14413585  -2537.11978366  -2537.12855296  -2537.14481109  -2537.15945627  -2537.17943192 
max(|Fr_perp|)   :   0.00000000    0.00058898    0.00145219    0.00090313    0.00358463    0.00459231    0.00150455    0.00174355    0.00580177    0.00000000 
Fr_paral         :   0.00000000   -0.00250792   -0.00288762    0.00293278    0.00287978    0.00222253    0.00401645    0.03646814    0.00395603    0.00000000 
max(|Fsp_paral|) :   0.00000000    0.00105251    0.00350851    0.00035046    0.00860374    0.00717764    0.00050774    0.03809901    0.01447868    0.00000000 
max(|Fsp_perp|)  :   0.00000000    0.00000000    0.00000000    0.00000000    0.00000000    0.00000000    0.00000000    0.00000000    0.00000000    0.00000000 
max(|FNEB|)      :   0.00000000    0.00127063    0.00363164    0.00102137    0.00962799    0.00892550    0.00122433    0.03778766    0.01445934    0.00000000 
max(|Force|)     :   0.00009233    0.00083485    0.00235393    0.00167150    0.00436682    0.00488057    0.00268955    0.01418090    0.00592186    0.00034693 
ksp              :   0.03318460    0.09183776    0.09183776    0.08374667    0.10000000    0.10000000    0.06713661    0.01000000    0.01000000 
max(|step|)      :   0.00000000    0.00256074    0.00736208    0.00211194    0.01985740    0.01829993    0.00279137    0.10000000    0.04504394    0.00228358 
angle (deg.)     :    52.4032  73.3974  50.9886  87.6680  88.9645  31.6471  87.1922  50.0347 
>
